number of filtered cloud points: 5167
align time:0.00568938[sec]
has converged: 1
fitness score: 0.0710227
final transformation:
 -0.964764 -0.0374747   0.260434    1.63263
 0.0459134  -0.998597  0.0263926   -0.67298
   0.25908  0.0374201   0.965131  -0.613693
         0          0          0          1
delta_angle:0.0047137[deg]
-----------------------------------------------------
number of filtered cloud points: 5184
align time:0.00606465[sec]
has converged: 1
fitness score: 0.0724038
final transformation:
 -0.964799 -0.0378348   0.260252    1.62881
 0.0460275  -0.998616  0.0254556  -0.671306
  0.258928  0.0365382   0.965205  -0.614868
         0          0          0          1
delta_angle:0.0149814[deg]
-----------------------------------------------------
number of filtered cloud points: 5143
align time:0.00536466[sec]
has converged: 1
fitness score: 0.0696908
final transformation:
 -0.964806 -0.0379335   0.260213    1.62765
 0.0461504  -0.998608  0.0255387   -0.66953
  0.258882  0.0366488   0.965213  -0.616819
         0          0          0          1
delta_angle:0.00739677[deg]
-----------------------------------------------------
number of filtered cloud points: 5148
align time:0.0056963[sec]
has converged: 1
fitness score: 0.0685665
final transformation:
 -0.964707 -0.0374415    0.26065    1.63233
 0.0456349  -0.998634  0.0254516  -0.669126
  0.259341   0.036448   0.965098  -0.611133
         0          0          0          1
delta_angle:0.0351897[deg]
-----------------------------------------------------
number of filtered cloud points: 5099
align time:0.00528669[sec]
has converged: 1
fitness score: 0.0717615
final transformation:
 -0.964603 -0.0374828   0.261031    1.62842
 0.0457813  -0.998619  0.0257811  -0.667976
  0.259704  0.0368188   0.964986  -0.607726
         0          0          0          1
delta_angle:0.0339842[deg]
-----------------------------------------------------
number of filtered cloud points: 5168
align time:0.005831[sec]
has converged: 1
fitness score: 0.0742094
final transformation:
-0.964681 -0.037461  0.260744   1.62943
0.0458169  -0.99861 0.0260399  -0.67287
 0.259407 0.0370667  0.965057 -0.609974
        0         0         0         1
delta_angle:0.00471053[deg]
-----------------------------------------------------
number of filtered cloud points: 5143
align time:0.00516129[sec]
has converged: 1
fitness score: 0.0695421
final transformation:
 -0.964783 -0.0373535   0.260383    1.63007
 0.0456365  -0.998624  0.0258357  -0.665837
  0.259059  0.0368088    0.96516  -0.613576
         0          0          0          1
delta_angle:0.00879477[deg]
-----------------------------------------------------
number of filtered cloud points: 5132
align time:0.00556517[sec]
has converged: 1
fitness score: 0.0675938
final transformation:
 -0.964766 -0.0372184   0.260464    1.63165
 0.0454796  -0.998633  0.0257603  -0.669764
  0.259149  0.0366985    0.96514  -0.608832
         0          0          0          1
delta_angle:0.000163739[deg]
-----------------------------------------------------
number of filtered cloud points: 5090
align time:0.00513959[sec]
has converged: 1
fitness score: 0.068231
final transformation:
  -0.96462 -0.0373488   0.260985     1.6255
 0.0457776  -0.998606  0.0262901   -0.66761
  0.259639  0.0373072   0.964985   -0.60967
         0          0          0          1
delta_angle:0.0208573[deg]
-----------------------------------------------------
number of filtered cloud points: 5077
align time:0.00522065[sec]
has converged: 1
fitness score: 0.0693141
final transformation:
 -0.964645 -0.0372208   0.260912    1.63089
 0.0458483  -0.998582  0.0270566  -0.673091
  0.259535  0.0380623   0.964983  -0.604293
         0          0          0          1
delta_angle:0.0142198[deg]
-----------------------------------------------------
number of filtered cloud points: 5076
align time:0.00533891[sec]
has converged: 1
fitness score: 0.0640459
final transformation:
 -0.964954 -0.0374327   0.259737    1.62398
 0.0459135   -0.99859  0.0266599  -0.669489
  0.258372   0.037651   0.965311  -0.598122
         0          0          0          1
delta_angle:0.00927866[deg]
-----------------------------------------------------
number of filtered cloud points: 5030
align time:0.00510192[sec]
has converged: 1
fitness score: 0.0629518
final transformation:
 -0.965265 -0.0373926   0.258584    1.62754
 0.0457957  -0.998598  0.0265478  -0.668145
  0.257229  0.0374677   0.965624  -0.602641
         0          0          0          1
delta_angle:0.0124213[deg]
-----------------------------------------------------
number of filtered cloud points: 5080
align time:0.00546885[sec]
has converged: 1
fitness score: 0.0695316
final transformation:
 -0.965543 -0.0371971   0.257572    1.63926
 0.0453676  -0.998636  0.0258492  -0.670077
  0.256259  0.0366439   0.965913  -0.602615
         0          0          0          1
delta_angle:0.0132502[deg]
-----------------------------------------------------
number of filtered cloud points: 5069
align time:0.00523138[sec]
has converged: 1
fitness score: 0.0695514
final transformation:
 -0.965731 -0.0376067   0.256806    1.63764
 0.0454005  -0.998669  0.0244857  -0.664925
  0.255543  0.0353057   0.966153  -0.602391
         0          0          0          1
delta_angle:0.0307919[deg]
-----------------------------------------------------
number of filtered cloud points: 5084
align time:0.00541544[sec]
has converged: 1
fitness score: 0.069018
final transformation:
 -0.965498 -0.0377945   0.257654    1.63331
 0.0453322  -0.998698  0.0233759  -0.664079
  0.256435  0.0342494   0.965955  -0.604669
         0          0          0          1
delta_angle:0.00910633[deg]
-----------------------------------------------------
number of filtered cloud points: 5056
align time:0.00531745[sec]
has converged: 1
fitness score: 0.0679957
final transformation:
-0.965016 -0.037921  0.259434   1.62911
0.0457098 -0.998665 0.0240534 -0.663617
 0.258175 0.0350705  0.965461 -0.608323
        0         0         0         1
delta_angle:0.0111988[deg]
-----------------------------------------------------
number of filtered cloud points: 5074
align time:0.00517988[sec]
has converged: 1
fitness score: 0.0692131
final transformation:
  -0.96484 -0.0375195   0.260144     1.6306
 0.0455597   -0.99865  0.0249438  -0.668338
  0.258857  0.0359189   0.965248  -0.600525
         0          0          0          1
delta_angle:0.0304467[deg]
-----------------------------------------------------
number of filtered cloud points: 4999
align time:0.00522423[sec]
has converged: 1
fitness score: 0.0721404
final transformation:
 -0.965696 -0.0367469   0.257064    1.62458
 0.0455677  -0.998556  0.0284395  -0.671296
  0.255647  0.0391777   0.965976  -0.596225
         0          0          0          1
delta_angle:0.0070645[deg]
-----------------------------------------------------
number of filtered cloud points: 4934
align time:0.00528979[sec]
has converged: 1
fitness score: 0.0706813
final transformation:
 -0.965637 -0.0371677   0.257223    1.63312
 0.0467986   -0.99841  0.0314197  -0.690764
  0.255646  0.0423777   0.965841  -0.607064
         0          0          0          1
delta_angle:0.0705428[deg]
-----------------------------------------------------
number of filtered cloud points: 4863
align time:0.00480056[sec]
has converged: 1
fitness score: 0.0649714
final transformation:
 -0.964774 -0.0361594   0.260585    1.63746
 0.0464582  -0.998359  0.0334692  -0.711093
  0.258947  0.0443965   0.964871  -0.610964
         0          0          0          1
delta_angle:0.0862874[deg]
-----------------------------------------------------
number of filtered cloud points: 4816
align time:0.00526834[sec]
has converged: 1
fitness score: 0.0659822
final transformation:
-0.964165 -0.035717  0.262886   1.62373
 0.046526 -0.998304 0.0350053 -0.704773
  0.26119 0.0459819  0.964192 -0.612391
        0         0         0         1
delta_angle:0.028149[deg]
-----------------------------------------------------
number of filtered cloud points: 4845
align time:0.0047996[sec]
has converged: 1
fitness score: 0.0675153
final transformation:
-0.964464 -0.035931  0.261758   1.61164
 0.046467 -0.998335 0.0341711 -0.707249
 0.260094 0.0451199  0.964528 -0.616765
        0         0         0         1
delta_angle:0.014668[deg]
-----------------------------------------------------
number of filtered cloud points: 4887
align time:0.00504327[sec]
has converged: 1
fitness score: 0.0717415
final transformation:
 -0.964555 -0.0362977   0.261375    1.62802
 0.0464665   -0.99838  0.0328286  -0.708772
   0.25976  0.0438101   0.964679  -0.614269
         0          0          0          1
delta_angle:0.00606041[deg]
-----------------------------------------------------
number of filtered cloud points: 4816
align time:0.00516772[sec]
has converged: 1
fitness score: 0.0712084
final transformation:
 -0.964613 -0.0361525    0.26118    1.62669
 0.0457393  -0.998481  0.0307188  -0.703981
  0.259673   0.041578   0.964801  -0.607855
         0          0          0          1
delta_angle:0.0357732[deg]
-----------------------------------------------------
number of filtered cloud points: 4752
align time:0.00534439[sec]
has converged: 1
fitness score: 0.0731637
final transformation:
 -0.964931 -0.0357419   0.260057    1.63726
 0.0440931   -0.99868  0.0263485  -0.684799
  0.258772  0.0368912   0.965234  -0.603103
         0          0          0          1
delta_angle:0.0344287[deg]
-----------------------------------------------------
number of filtered cloud points: 4746
align time:0.00529838[sec]
has converged: 1
fitness score: 0.0745227
final transformation:
 -0.965242 -0.0360378   0.258862    1.63908
 0.0434708  -0.998789  0.0230458  -0.681131
  0.257718  0.0334977   0.965639  -0.594458
         0          0          0          1
delta_angle:0.0499346[deg]
-----------------------------------------------------
number of filtered cloud points: 4705
align time:0.00518966[sec]
has converged: 1
fitness score: 0.0755654
final transformation:
 -0.965471 -0.0361291   0.257994    1.63585
  0.043195  -0.998829  0.0217707  -0.672104
  0.256905   0.032163   0.965901  -0.603406
         0          0          0          1
delta_angle:0.00418671[deg]
-----------------------------------------------------
number of filtered cloud points: 4719
align time:0.00503874[sec]
has converged: 1
fitness score: 0.0746862
final transformation:
 -0.965665 -0.0359613   0.257291    1.63652
  0.043099  -0.998825  0.0221541  -0.674892
  0.256192  0.0324824    0.96608  -0.608121
         0          0          0          1
delta_angle:0.00205481[deg]
-----------------------------------------------------
number of filtered cloud points: 4680
align time:0.00501442[sec]
has converged: 1
fitness score: 0.0738404
final transformation:
 -0.965405 -0.0355304   0.258324    1.62864
 0.0430755  -0.998793  0.0236051   -0.68206
  0.257173  0.0339159    0.96577  -0.613199
         0          0          0          1
delta_angle:0.00499071[deg]
-----------------------------------------------------
number of filtered cloud points: 4648
align time:0.00502253[sec]
has converged: 1
fitness score: 0.0757355
final transformation:
 -0.965338 -0.0356542   0.258556     1.6329
 0.0433673  -0.998766  0.0241875  -0.682675
  0.257374  0.0345619   0.965694  -0.612323
         0          0          0          1
delta_angle:0.0250727[deg]
-----------------------------------------------------
number of filtered cloud points: 4594
align time:0.00481772[sec]
has converged: 1
fitness score: 0.0746394
final transformation:
 -0.965186 -0.0353612   0.259161    1.63112
 0.0430926  -0.998778  0.0242103  -0.687092
  0.257988  0.0345354   0.965531  -0.600728
         0          0          0          1
delta_angle:0.0284756[deg]
-----------------------------------------------------
number of filtered cloud points: 4572
align time:0.00486398[sec]
has converged: 1
fitness score: 0.0702184
final transformation:
 -0.965069 -0.0352651   0.259613    1.63335
  0.042981  -0.998785  0.0241026  -0.685409
  0.258448   0.034419   0.965412   -0.60097
         0          0          0          1
delta_angle:0.0104082[deg]
-----------------------------------------------------
number of filtered cloud points: 4586
align time:0.00461054[sec]
has converged: 1
fitness score: 0.0730872
final transformation:
 -0.964996 -0.0353746   0.259868    1.63042
 0.0433976   -0.99874  0.0251994  -0.683221
  0.258649  0.0355949   0.965315  -0.611698
         0          0          0          1
delta_angle:0.0210698[deg]
-----------------------------------------------------
number of filtered cloud points: 4601
align time:0.0044024[sec]
has converged: 1
fitness score: 0.0724951
final transformation:
 -0.964879 -0.0352324    0.26032    1.62607
  0.043639  -0.998694  0.0265826  -0.694616
  0.259043  0.0370091   0.965156  -0.608006
         0          0          0          1
delta_angle:0.0121568[deg]
-----------------------------------------------------
number of filtered cloud points: 4575
align time:0.00468349[sec]
has converged: 1
fitness score: 0.069383
final transformation:
 -0.964663 -0.0347468   0.261184    1.62424
 0.0434387  -0.998675  0.0275781  -0.692277
   0.25988  0.0379491   0.964895   -0.60582
         0          0          0          1
delta_angle:0.0229164[deg]
-----------------------------------------------------
number of filtered cloud points: 4627
align time:0.00479031[sec]
has converged: 1
fitness score: 0.0807164
final transformation:
-0.964945 -0.035065    0.2601   1.62859
0.0433254  -0.99872 0.0260918 -0.694312
 0.258852 0.0364461  0.965229 -0.607475
        0         0         0         1
delta_angle:0.0254484[deg]
-----------------------------------------------------
number of filtered cloud points: 4650
align time:0.00450563[sec]
has converged: 1
fitness score: 0.0761353
final transformation:
 -0.965239 -0.0350636   0.259005    1.63495
 0.0427514  -0.998795  0.0241076  -0.686732
  0.257847  0.0343424   0.965575  -0.610691
         0          0          0          1
delta_angle:0.0225969[deg]
-----------------------------------------------------
number of filtered cloud points: 4584
align time:0.00496435[sec]
has converged: 1
fitness score: 0.0749224
final transformation:
 -0.965263 -0.0349574    0.25893    1.63403
 0.0425681  -0.998809  0.0238431  -0.678596
  0.257788   0.034037   0.965602  -0.606072
         0          0          0          1
delta_angle:0.00840046[deg]
-----------------------------------------------------
number of filtered cloud points: 4577
align time:0.00449634[sec]
has converged: 1
fitness score: 0.0746913
final transformation:
 -0.964911 -0.0350936   0.260223    1.62265
 0.0430415  -0.998763  0.0249058  -0.688266
  0.259027  0.0352322   0.965227  -0.617415
         0          0          0          1
delta_angle:0.0263231[deg]
-----------------------------------------------------
number of filtered cloud points: 4502
align time:0.00530481[sec]
has converged: 1
fitness score: 0.0740491
final transformation:
 -0.964692 -0.0350141   0.261044    1.62263
 0.0430969   -0.99875   0.025302  -0.695266
  0.259832  0.0356588   0.964995  -0.614816
         0          0          0          1
delta_angle:0.0184729[deg]
-----------------------------------------------------
number of filtered cloud points: 4580
align time:0.00475907[sec]
has converged: 1
fitness score: 0.0761669
final transformation:
 -0.965116 -0.0348254   0.259495    1.62626
 0.0422542   -0.99884  0.0231034  -0.688455
   0.25839  0.0332623   0.965468  -0.610509
         0          0          0          1
delta_angle:0.0294954[deg]
-----------------------------------------------------
number of filtered cloud points: 4548
align time:0.00486922[sec]
has converged: 1
fitness score: 0.0744431
final transformation:
 -0.965459 -0.0349093   0.258207    1.62668
 0.0419815  -0.998878  0.0219256  -0.686968
  0.257152  0.0320082   0.965841  -0.605721
         0          0          0          1
delta_angle:0.0245291[deg]
-----------------------------------------------------
number of filtered cloud points: 4526
align time:0.00508165[sec]
has converged: 1
fitness score: 0.0759301
final transformation:
 -0.965167 -0.0345977   0.259336    1.62862
 0.0421363  -0.998834  0.0235646  -0.684452
  0.258218  0.0336712     0.9655   -0.61462
         0          0          0          1
delta_angle:0.00132393[deg]
-----------------------------------------------------
number of filtered cloud points: 4539
align time:0.00514436[sec]
has converged: 1
fitness score: 0.0715916
final transformation:
 -0.964772 -0.0347885   0.260778    1.62912
 0.0429634  -0.998746  0.0257116  -0.689622
  0.259557  0.0360097   0.965056  -0.612424
         0          0          0          1
delta_angle:0.0339523[deg]
-----------------------------------------------------
number of filtered cloud points: 4515
align time:0.00485373[sec]
has converged: 1
fitness score: 0.0713405
final transformation:
-0.964487 -0.034829  0.261825   1.61726
0.0435787 -0.998666 0.0276845 -0.697277
 0.260511 0.0381113  0.964718 -0.618675
        0         0         0         1
delta_angle:0.0105089[deg]
-----------------------------------------------------
number of filtered cloud points: 4501
align time:0.00465655[sec]
has converged: 1
fitness score: 0.0743277
final transformation:
  -0.96453 -0.0346707   0.261686    1.61622
 0.0435527  -0.998653  0.0282166   -0.70742
  0.260355  0.0386129   0.964741  -0.615952
         0          0          0          1
delta_angle:0.0244459[deg]
-----------------------------------------------------
number of filtered cloud points: 4547
align time:0.00561881[sec]
has converged: 1
fitness score: 0.0749386
final transformation:
 -0.964959 -0.0344516   0.260128    1.62122
 0.0429065  -0.998717  0.0268931  -0.701682
  0.258868  0.0371119   0.965199  -0.607308
         0          0          0          1
delta_angle:0.0200395[deg]
-----------------------------------------------------
number of filtered cloud points: 4542
align time:0.00484872[sec]
has converged: 1
fitness score: 0.0718101
final transformation:
 -0.965394 -0.0348806   0.258452    1.63108
 0.0424647  -0.998814  0.0238186   -0.68881
  0.257315  0.0339694    0.96573  -0.607372
         0          0          0          1
delta_angle:0.024384[deg]
-----------------------------------------------------
number of filtered cloud points: 4521
align time:0.00469232[sec]
has converged: 1
fitness score: 0.0765304
final transformation:
 -0.965493 -0.0349899   0.258068    1.63204
 0.0421008  -0.998869  0.0220779  -0.687838
  0.257003  0.0321809   0.965875  -0.609777
         0          0          0          1
delta_angle:0.0064906[deg]
-----------------------------------------------------
number of filtered cloud points: 4506
align time:0.00499368[sec]
has converged: 1
fitness score: 0.0725352
final transformation:
 -0.964834 -0.0346945   0.260559    1.63262
 0.0426353  -0.998781  0.0248839  -0.684074
  0.259378  0.0351178   0.965137  -0.615801
         0          0          0          1
delta_angle:0.0147575[deg]
-----------------------------------------------------
number of filtered cloud points: 4503
align time:0.00479126[sec]
has converged: 1
fitness score: 0.0746625
final transformation:
 -0.964251 -0.0345455   0.262728    1.61629
 0.0432986  -0.998681  0.0275981  -0.702859
  0.261428  0.0379872   0.964475  -0.619557
         0          0          0          1
delta_angle:0.00801417[deg]
-----------------------------------------------------
number of filtered cloud points: 4529
align time:0.00461912[sec]
has converged: 1
fitness score: 0.0716308
final transformation:
 -0.96416 -0.034283  0.263095   1.61631
0.0440043 -0.998546 0.0311446 -0.720524
 0.261645 0.0416057  0.964267 -0.613711
        0         0         0         1
delta_angle:0.00241967[deg]
-----------------------------------------------------
number of filtered cloud points: 4522
align time:0.00506449[sec]
has converged: 1
fitness score: 0.0712429
final transformation:
 -0.964381 -0.0337541   0.262354    1.62357
 0.0443812  -0.998412  0.0346854  -0.731978
  0.260767  0.0450936   0.964348  -0.611092
         0          0          0          1
delta_angle:0.0173464[deg]
-----------------------------------------------------
number of filtered cloud points: 4526
align time:0.00451541[sec]
has converged: 1
fitness score: 0.0688631
final transformation:
 -0.964545 -0.0338072   0.261744    1.62247
 0.0448553  -0.998332  0.0363491  -0.734918
  0.260078  0.0468009   0.964453  -0.613083
         0          0          0          1
delta_angle:0.0197915[deg]
-----------------------------------------------------
number of filtered cloud points: 4539
align time:0.00471282[sec]
has converged: 1
fitness score: 0.0700569
final transformation:
 -0.964676 -0.0340127   0.261236    1.62388
 0.0441799  -0.998474  0.0331443  -0.737904
   0.25971  0.0435149   0.964706  -0.612017
         0          0          0          1
delta_angle:0.0290756[deg]
-----------------------------------------------------
number of filtered cloud points: 4561
align time:0.00591421[sec]
has converged: 1
fitness score: 0.0671168
final transformation:
 -0.965302 -0.0346744   0.258823    1.62506
 0.0428225  -0.998747  0.0259082  -0.693387
    0.2576  0.0360926   0.965577  -0.624465
         0          0          0          1
delta_angle:0.00689175[deg]
-----------------------------------------------------
number of filtered cloud points: 4602
align time:0.00615478[sec]
has converged: 1
fitness score: 0.0670455
final transformation:
 -0.965963 -0.0355665   0.256225    1.62941
 0.0419895  -0.998925   0.019639  -0.669857
  0.255251  0.0297293   0.966418     -0.603
         0          0          0          1
delta_angle:0.0220256[deg]
-----------------------------------------------------
number of filtered cloud points: 4705
align time:0.00465322[sec]
has converged: 1
fitness score: 0.0775559
final transformation:
 -0.966142 -0.0355218   0.255553    1.64446
 0.0409238  -0.999036  0.0158506  -0.654589
  0.254744  0.0257721   0.966665  -0.601776
         0          0          0          1
delta_angle:0.0337642[deg]
-----------------------------------------------------
number of filtered cloud points: 4759
align time:0.00496268[sec]
has converged: 1
fitness score: 0.0787881
final transformation:
 -0.965634 -0.0361805   0.257376    1.65572
 0.0414989  -0.999022  0.0152601  -0.652587
  0.256572  0.0254165   0.966191  -0.603661
         0          0          0          1
delta_angle:0.0680741[deg]
-----------------------------------------------------
number of filtered cloud points: 4796
align time:0.00632238[sec]
has converged: 1
fitness score: 0.0719434
final transformation:
 -0.964774 -0.0359189   0.260616    1.62903
 0.0425284    -0.9989  0.0197647  -0.664944
  0.259619  0.0301521    0.96524  -0.623275
         0          0          0          1
delta_angle:0.012909[deg]
-----------------------------------------------------
number of filtered cloud points: 4810
align time:0.00520158[sec]
has converged: 1
fitness score: 0.069877
final transformation:
 -0.964509 -0.0361425   0.261564    1.62702
 0.0436795  -0.998779   0.023057  -0.679383
  0.260412  0.0336636   0.964911  -0.609922
         0          0          0          1
delta_angle:0.0173662[deg]
-----------------------------------------------------
number of filtered cloud points: 4796
align time:0.00494623[sec]
has converged: 1
fitness score: 0.0724978
final transformation:
-0.964391 -0.036404  0.261963   1.62806
0.0443846 -0.998711 0.0246105 -0.678213
 0.260729 0.0353612  0.964764  -0.60875
        0         0         0         1
delta_angle:0.0119527[deg]
-----------------------------------------------------
number of filtered cloud points: 5047
align time:0.0054121[sec]
has converged: 1
fitness score: 0.0714975
final transformation:
 -0.964058 -0.0367026   0.263144    1.62547
 0.0452638  -0.998622  0.0265441  -0.665247
  0.261807  0.0375009   0.964391    -0.6101
         0          0          0          1
delta_angle:0.00628454[deg]
-----------------------------------------------------
number of filtered cloud points: 5083
align time:0.00543165[sec]
has converged: 1
fitness score: 0.0728922
final transformation:
 -0.963719 -0.0375291   0.264266     1.6258
 0.0466111  -0.998515  0.0281786  -0.669784
  0.262816   0.039474   0.964038  -0.612185
         0          0          0          1
delta_angle:0.0288883[deg]
-----------------------------------------------------
number of filtered cloud points: 5076
align time:0.00532675[sec]
has converged: 1
fitness score: 0.0730149
final transformation:
 -0.963818 -0.0378859   0.263854    1.62728
 0.0470854  -0.998481  0.0286274  -0.674153
  0.262369  0.0400153   0.964138   -0.60536
         0          0          0          1
delta_angle:0.039354[deg]
-----------------------------------------------------
number of filtered cloud points: 5121
align time:0.00514889[sec]
has converged: 1
fitness score: 0.0713803
final transformation:
 -0.963965 -0.0385363   0.263225    1.63406
 0.0476472  -0.998463  0.0283145  -0.678811
  0.261729  0.0398361   0.964319  -0.595615
         0          0          0          1
delta_angle:0.0112566[deg]
-----------------------------------------------------
number of filtered cloud points: 5087
align time:0.00559783[sec]
has converged: 1
fitness score: 0.0721992
final transformation:
 -0.964189 -0.0383286   0.262431    1.62316
 0.0472364  -0.998499  0.0277168  -0.674283
  0.260975  0.0391205   0.964553  -0.601149
         0          0          0          1
delta_angle:0.053071[deg]
-----------------------------------------------------
number of filtered cloud points: 5149
align time:0.00497341[sec]
has converged: 1
fitness score: 0.0681689
final transformation:
 -0.964318 -0.0380137   0.262005    1.62573
 0.0469235  -0.998511  0.0278319   -0.67368
  0.260557  0.0391329   0.964665  -0.605813
         0          0          0          1
delta_angle:7.97016e-05[deg]
-----------------------------------------------------
number of filtered cloud points: 5085
align time:0.00543404[sec]
has converged: 1
fitness score: 0.0740719
final transformation:
 -0.964385 -0.0376735   0.261807    1.62595
 0.0467934  -0.998493   0.028686  -0.675312
  0.260332  0.0399152   0.964694  -0.593694
         0          0          0          1
delta_angle:0.00473305[deg]
-----------------------------------------------------
number of filtered cloud points: 5087
align time:0.00532794[sec]
has converged: 1
fitness score: 0.0702726
final transformation:
   -0.9645 -0.0377554    0.26137    1.62394
 0.0467428  -0.998507  0.0282525  -0.678561
  0.259913  0.0394667   0.964825  -0.595229
         0          0          0          1
delta_angle:0.0144644[deg]
-----------------------------------------------------
number of filtered cloud points: 5116
align time:0.00558472[sec]
has converged: 1
fitness score: 0.0686431
final transformation:
  -0.96464 -0.0377628   0.260853    1.61952
 0.0460909  -0.998602  0.0258806  -0.673175
  0.259511  0.0369884   0.965032  -0.599227
         0          0          0          1
delta_angle:0.01938[deg]
-----------------------------------------------------
number of filtered cloud points: 5055
align time:0.00501561[sec]
has converged: 1
fitness score: 0.0690868
final transformation:
 -0.964993 -0.0376914   0.259554    1.63139
 0.0455812  -0.998662  0.0244441  -0.663653
  0.258285  0.0354191   0.965419  -0.595842
         0          0          0          1
delta_angle:0.00187077[deg]
-----------------------------------------------------
number of filtered cloud points: 5061
align time:0.00544262[sec]
has converged: 1
fitness score: 0.075934
final transformation:
-0.965195 -0.037738  0.258794   1.63254
0.0457802 -0.998636 0.0251176  -0.66881
 0.257493  0.036091  0.965606 -0.604771
        0         0         0         1
delta_angle:0.0241175[deg]
-----------------------------------------------------
number of filtered cloud points: 5088
align time:0.0052557[sec]
has converged: 1
fitness score: 0.0707324
final transformation:
 -0.964929 -0.0373278   0.259845    1.62896
 0.0456975  -0.998611  0.0262419  -0.669329
  0.258504  0.0371958   0.965294  -0.604434
         0          0          0          1
delta_angle:0.0209483[deg]
-----------------------------------------------------
number of filtered cloud points: 5111
align time:0.00520992[sec]
has converged: 1
fitness score: 0.0699004
final transformation:
 -0.964562 -0.0375703   0.261168    1.63402
  0.045886  -0.998613  0.0258139  -0.673674
  0.259836  0.0368831   0.964948  -0.606542
         0          0          0          1
delta_angle:0.0268378[deg]
-----------------------------------------------------
number of filtered cloud points: 5093
align time:0.00540018[sec]
has converged: 1
fitness score: 0.0718327
final transformation:
 -0.964494 -0.0376076   0.261412    1.61922
 0.0460693  -0.998592  0.0263146   -0.67431
  0.260054  0.0374233   0.964868     -0.606
         0          0          0          1
delta_angle:0.00622155[deg]
-----------------------------------------------------
number of filtered cloud points: 5102
align time:0.00559402[sec]
has converged: 1
fitness score: 0.0685418
final transformation:
 -0.964534 -0.0375989   0.261268    1.62178
 0.0460408  -0.998594  0.0262636  -0.670081
  0.259913  0.0373612   0.964909   -0.60276
         0          0          0          1
delta_angle:0.00743516[deg]
-----------------------------------------------------
number of filtered cloud points: 5099
align time:0.00523329[sec]
has converged: 1
fitness score: 0.0733996
final transformation:
 -0.964599 -0.0374411   0.261051    1.62894
 0.0458563  -0.998604  0.0262174  -0.674339
  0.259705  0.0372601   0.964969  -0.602131
         0          0          0          1
delta_angle:0.00908611[deg]
-----------------------------------------------------
number of filtered cloud points: 5122
align time:0.00533819[sec]
has converged: 1
fitness score: 0.0738745
final transformation:
 -0.964745 -0.0376701   0.260478    1.62953
 0.0459237  -0.998615  0.0256707  -0.666819
   0.25915  0.0367278   0.965138  -0.606289
         0          0          0          1
delta_angle:0.0185367[deg]
-----------------------------------------------------
number of filtered cloud points: 5121
align time:0.00552869[sec]
has converged: 1
fitness score: 0.0707131
final transformation:
 -0.964781 -0.0375966   0.260354    1.62344
 0.0458647  -0.998616  0.0257528  -0.669442
  0.259026  0.0367869    0.96517  -0.609966
         0          0          0          1
delta_angle:0.0124604[deg]
-----------------------------------------------------
number of filtered cloud points: 5087
align time:0.00545549[sec]
has converged: 1
fitness score: 0.0710532
final transformation:
-0.964802 -0.037699   0.26026   1.62564
0.0458452 -0.998628 0.0252988 -0.662885
 0.258949   0.03634  0.965207 -0.604391
        0         0         0         1
delta_angle:0.00641078[deg]
-----------------------------------------------------
number of filtered cloud points: 5103
align time:0.00570369[sec]
has converged: 1
fitness score: 0.0711012
final transformation:
 -0.964853 -0.0377808    0.26006    1.62731
 0.0457911  -0.998643  0.0248102    -0.6657
   0.25877  0.0358467   0.965274  -0.606061
         0          0          0          1
delta_angle:0.00153878[deg]
-----------------------------------------------------
number of filtered cloud points: 5103
align time:0.00545621[sec]
has converged: 1
fitness score: 0.0715028
final transformation:
 -0.964731 -0.0375603   0.260546     1.6313
 0.0460577  -0.998585  0.0265828  -0.667872
  0.259179  0.0376454   0.965095  -0.601322
         0          0          0          1
delta_angle:0.000647832[deg]
-----------------------------------------------------
number of filtered cloud points: 5109
align time:0.00528431[sec]
has converged: 1
fitness score: 0.0736606
final transformation:
 -0.964618 -0.0376971   0.260941    1.62637
 0.0463441  -0.998559  0.0270621  -0.675762
  0.259545  0.0381977   0.964975  -0.602922
         0          0          0          1
delta_angle:0.0110614[deg]
-----------------------------------------------------
number of filtered cloud points: 4925
align time:0.00505495[sec]
has converged: 1
fitness score: 0.0722097
final transformation:
 -0.964527 -0.0375008   0.261308    1.62888
 0.0465108  -0.998515  0.0283797  -0.673307
  0.259856  0.0395267   0.964838  -0.603406
         0          0          0          1
delta_angle:0.0131799[deg]
-----------------------------------------------------
number of filtered cloud points: 5029
align time:0.00587583[sec]
has converged: 1
fitness score: 0.0717844
final transformation:
 -0.964647 -0.0372157   0.260906    1.62275
 0.0459898   -0.99856   0.027603  -0.676583
  0.259503  0.0386262    0.96497  -0.604899
         0          0          0          1
delta_angle:0.0225945[deg]
-----------------------------------------------------
number of filtered cloud points: 5132
align time:0.0056777[sec]
has converged: 1
fitness score: 0.0704983
final transformation:
 -0.964618 -0.0374687   0.260976    1.63206
 0.0459964  -0.998586  0.0266433  -0.674523
  0.259609  0.0377046   0.964977  -0.608759
         0          0          0          1
delta_angle:0.0308566[deg]
-----------------------------------------------------
number of filtered cloud points: 5140
align time:0.00560975[sec]
has converged: 1
fitness score: 0.0703296
final transformation:
 -0.964599 -0.0375568   0.261034    1.62928
 0.0460788  -0.998584  0.0266017  -0.672811
  0.259665  0.0376881   0.964963  -0.613824
         0          0          0          1
delta_angle:0.00250804[deg]
-----------------------------------------------------
number of filtered cloud points: 5158
align time:0.00569153[sec]
has converged: 1
fitness score: 0.07178
final transformation:
 -0.964616 -0.0376986   0.260949    1.62723
 0.0459664  -0.998614   0.025651  -0.667293
   0.25962  0.0367382   0.965012  -0.618255
         0          0          0          1
delta_angle:0.00412338[deg]
-----------------------------------------------------
number of filtered cloud points: 5166
align time:0.00570726[sec]
has converged: 1
fitness score: 0.0717
final transformation:
 -0.964754 -0.0378201   0.260422    1.62641
 0.0459839  -0.998621  0.0253248  -0.666898
  0.259105  0.0364074   0.965163  -0.611519
         0          0          0          1
delta_angle:0.00339533[deg]
-----------------------------------------------------
number of filtered cloud points: 5161
align time:0.00582504[sec]
has converged: 1
fitness score: 0.0725864
final transformation:
  -0.96464 -0.0377049    0.26086    1.62971
 0.0461269  -0.998591  0.0262367  -0.671967
  0.259504  0.0373417    0.96502  -0.612698
         0          0          0          1
delta_angle:0.0031475[deg]
-----------------------------------------------------
number of filtered cloud points: 5163
align time:0.00515652[sec]
has converged: 1
fitness score: 0.0680547
final transformation:
 -0.964572 -0.0377028   0.261113    1.62332
 0.0462903  -0.998568  0.0268142  -0.673112
  0.259728  0.0379512   0.964936  -0.612281
         0          0          0          1
delta_angle:0.00395259[deg]
-----------------------------------------------------
number of filtered cloud points: 5200
align time:0.0052681[sec]
has converged: 1
fitness score: 0.0728447
final transformation:
 -0.964632 -0.0376964   0.260892    1.62867
 0.0461449  -0.998588  0.0263315  -0.672997
  0.259531   0.037439   0.965009  -0.616236
         0          0          0          1
delta_angle:0.00926849[deg]
-----------------------------------------------------
number of filtered cloud points: 5165
align time:0.0055778[sec]
has converged: 1
fitness score: 0.0700981
final transformation:
-0.964757 -0.037815  0.260411   1.62424
0.0461085 -0.998603 0.0258104 -0.665133
 0.259071 0.0369079  0.965153 -0.614639
        0         0         0         1
delta_angle:0.00678591[deg]
-----------------------------------------------------
number of filtered cloud points: 5158
align time:0.00543475[sec]
has converged: 1
fitness score: 0.0692259
final transformation:
 -0.964823 -0.0379491   0.260147    1.62497
 0.0460242  -0.998627  0.0250174  -0.667814
   0.25884  0.0361104   0.965245  -0.613952
         0          0          0          1
delta_angle:0.000806128[deg]
-----------------------------------------------------
number of filtered cloud points: 5188
align time:0.00511098[sec]
has converged: 1
fitness score: 0.0699109
final transformation:
 -0.964625 -0.0377593   0.260908    1.62654
 0.0461179  -0.998598  0.0259865  -0.661049
  0.259561  0.0370998   0.965014  -0.614895
         0          0          0          1
delta_angle:0.00403238[deg]
-----------------------------------------------------
number of filtered cloud points: 5151
align time:0.00553799[sec]
has converged: 1
fitness score: 0.0709459
final transformation:
 -0.964624 -0.0376733   0.260924    1.62589
 0.0462191  -0.998575  0.0266918  -0.669917
  0.259547  0.0378072    0.96499  -0.608582
         0          0          0          1
delta_angle:0.00323009[deg]
-----------------------------------------------------
number of filtered cloud points: 5180
align time:0.00536561[sec]
has converged: 1
fitness score: 0.0701501
final transformation:
-0.964626 -0.037776  0.260903   1.62029
0.0462296 -0.998584 0.0263383 -0.668302
 0.259539 0.0374681  0.965006 -0.603126
        0         0         0         1
delta_angle:0.00282234[deg]
-----------------------------------------------------
number of filtered cloud points: 5100
align time:0.00554395[sec]
has converged: 1
fitness score: 0.0690153
final transformation:
  -0.96459 -0.0379487   0.261008    1.62426
 0.0462753  -0.998595   0.025828  -0.665109
  0.259661  0.0369916   0.964991   -0.60687
         0          0          0          1
delta_angle:0.00313678[deg]
-----------------------------------------------------
number of filtered cloud points: 5129
align time:0.00513959[sec]
has converged: 1
fitness score: 0.0718768
final transformation:
 -0.964644 -0.0377673   0.260836    1.62797
 0.0462125  -0.998585  0.0263184  -0.663175
  0.259473  0.0374417   0.965024  -0.611902
         0          0          0          1
delta_angle:0.0135865[deg]
-----------------------------------------------------
number of filtered cloud points: 5071
align time:0.00542378[sec]
has converged: 1
fitness score: 0.0717025
final transformation:
 -0.964674 -0.0376337   0.260745    1.62459
 0.0460413  -0.998596  0.0262095  -0.668621
  0.259392  0.0372887   0.965052  -0.612031
         0          0          0          1
delta_angle:0.00169849[deg]
-----------------------------------------------------
number of filtered cloud points: 5069
align time:0.00538135[sec]
has converged: 1
fitness score: 0.0702226
final transformation:
  -0.96468 -0.0375716   0.260732    1.63072
 0.0459351  -0.998605  0.0260557  -0.674042
  0.259389  0.0371121   0.965059  -0.603375
         0          0          0          1
delta_angle:0.00389483[deg]
-----------------------------------------------------
number of filtered cloud points: 5055
align time:0.00566721[sec]
has converged: 1
fitness score: 0.0729414
final transformation:
 -0.964662 -0.0375494   0.260801    1.62712
 0.0458167  -0.998619  0.0256905  -0.673298
  0.259476  0.0367317   0.965051  -0.599629
         0          0          0          1
delta_angle:0.00097469[deg]
-----------------------------------------------------
number of filtered cloud points: 5058
align time:0.00547552[sec]
has converged: 1
fitness score: 0.0742645
final transformation:
 -0.964699 -0.0378647   0.260618    1.62652
 0.0459893  -0.998625  0.0251446  -0.669604
  0.259307  0.0362426   0.965115  -0.586941
         0          0          0          1
delta_angle:0.0179094[deg]
-----------------------------------------------------
number of filtered cloud points: 5045
align time:0.0053494[sec]
has converged: 1
fitness score: 0.0743196
final transformation:
-0.964851  -0.03784  0.260057   1.63217
0.0458615 -0.998639 0.0248445 -0.670761
 0.258763 0.0358979  0.965274 -0.588127
        0         0         0         1
delta_angle:0.0183725[deg]
-----------------------------------------------------
number of filtered cloud points: 5034
align time:0.00536871[sec]
has converged: 1
fitness score: 0.0706171
final transformation:
 -0.964942 -0.0378748   0.259717    1.62912
 0.0455944  -0.998677  0.0237612   -0.67016
  0.258473  0.0347698   0.965392  -0.595185
         0          0          0          1
delta_angle:0.00235127[deg]
-----------------------------------------------------
number of filtered cloud points: 5036
align time:0.00572062[sec]
has converged: 1
fitness score: 0.0739711
final transformation:
 -0.964956 -0.0377558    0.25968    1.63267
 0.0457119   -0.99865  0.0246656  -0.662928
  0.258399  0.0356717    0.96538  -0.602073
         0          0          0          1
delta_angle:0.00682353[deg]
-----------------------------------------------------
number of filtered cloud points: 5044
align time:0.00531173[sec]
has converged: 1
fitness score: 0.0722379
final transformation:
 -0.964848 -0.0375594    0.26011    1.63656
 0.0458302  -0.998616  0.0258034  -0.671667
  0.258781  0.0368172   0.965234  -0.599071
         0          0          0          1
delta_angle:0.00235356[deg]
-----------------------------------------------------
number of filtered cloud points: 5074
align time:0.00525141[sec]
has converged: 1
fitness score: 0.073163
final transformation:
 -0.964559 -0.0374639   0.261195     1.6311
 0.0461312  -0.998567  0.0271292  -0.677344
  0.259804  0.0382169   0.964905  -0.603372
         0          0          0          1
delta_angle:0.00859935[deg]
-----------------------------------------------------
number of filtered cloud points: 5084
align time:0.00516558[sec]
has converged: 1
fitness score: 0.0699932
final transformation:
 -0.964507 -0.0376802   0.261353    1.61837
 0.0465588  -0.998527  0.0278609  -0.685012
  0.259919  0.0390403   0.964841  -0.616575
         0          0          0          1
delta_angle:0.0122459[deg]
-----------------------------------------------------
number of filtered cloud points: 5129
align time:0.00564981[sec]
has converged: 1
fitness score: 0.0735027
final transformation:
 -0.964491 -0.0375587   0.261432    1.62209
 0.0464623  -0.998529  0.0279576  -0.683596
  0.259998  0.0391116   0.964817  -0.611835
         0          0          0          1
delta_angle:0.0249311[deg]
-----------------------------------------------------
number of filtered cloud points: 5155
align time:0.00523615[sec]
has converged: 1
fitness score: 0.0716012
final transformation:
 -0.964521 -0.0379176   0.261268    1.61971
  0.046328  -0.998585  0.0261049  -0.675115
  0.259909  0.0372828   0.964913   -0.60864
         0          0          0          1
delta_angle:0.0126497[deg]
-----------------------------------------------------
number of filtered cloud points: 5139
align time:0.00578594[sec]
has converged: 1
fitness score: 0.0730632
final transformation:
 -0.964565 -0.0376162   0.261149    1.62565
 0.0459595  -0.998607  0.0259128   -0.67212
  0.259811  0.0369968   0.964951  -0.611215
         0          0          0          1
delta_angle:0.0257845[deg]
-----------------------------------------------------
number of filtered cloud points: 5120
align time:0.0056181[sec]
has converged: 1
fitness score: 0.0723159
final transformation:
  -0.96455 -0.0376585   0.261198    1.62363
 0.0462335  -0.998572  0.0267608  -0.674243
  0.259817  0.0378883   0.964914  -0.612886
         0          0          0          1
delta_angle:0.0286558[deg]
-----------------------------------------------------
number of filtered cloud points: 5128
align time:0.00541615[sec]
has converged: 1
fitness score: 0.0726351
final transformation:
 -0.964572 -0.0373796   0.261157    1.62818
 0.0460631  -0.998568  0.0272063  -0.679629
  0.259766  0.0382721   0.964913  -0.607307
         0          0          0          1
delta_angle:0.0222089[deg]
-----------------------------------------------------
number of filtered cloud points: 5140
align time:0.00541997[sec]
has converged: 1
fitness score: 0.0737024
final transformation:
 -0.964702 -0.0375424   0.260653    1.62589
  0.045967  -0.998597  0.0262983   -0.67632
    0.2593  0.0373515   0.965074  -0.612319
         0          0          0          1
delta_angle:0.0148819[deg]
-----------------------------------------------------
number of filtered cloud points: 5137
align time:0.00578475[sec]
has converged: 1
fitness score: 0.0728171
final transformation:
 -0.964471 -0.0375657   0.261505    1.62902
 0.0456615  -0.998645  0.0249493  -0.673081
  0.260214  0.0360036   0.964879  -0.609514
         0          0          0          1
delta_angle:0.00974102[deg]
-----------------------------------------------------
number of filtered cloud points: 5113
align time:0.00529933[sec]
has converged: 1
fitness score: 0.0721362
final transformation:
 -0.964222 -0.0374609   0.262437    1.62071
 0.0458572  -0.998611  0.0259402  -0.670269
  0.261101  0.0370467   0.964601  -0.617139
         0          0          0          1
delta_angle:0.0107484[deg]
-----------------------------------------------------
number of filtered cloud points: 5138
align time:0.00547242[sec]
has converged: 1
fitness score: 0.0677181
final transformation:
 -0.964289 -0.0374522   0.262191    1.62165
 0.0460457  -0.998582  0.0267069  -0.674264
  0.260819   0.037826   0.964646  -0.608026
         0          0          0          1
delta_angle:0.00243337[deg]
-----------------------------------------------------
number of filtered cloud points: 5132
align time:0.00550318[sec]
has converged: 1
fitness score: 0.0727182
final transformation:
 -0.964357 -0.0373309   0.261956    1.62676
 0.0460475  -0.998569  0.0272135  -0.675179
  0.260565   0.038306   0.964696   -0.60721
         0          0          0          1
delta_angle:0.0086716[deg]
-----------------------------------------------------
number of filtered cloud points: 5133
align time:0.00518203[sec]
has converged: 1
fitness score: 0.0711264
final transformation:
 -0.964515 -0.0377922   0.261311    1.61744
 0.0464484  -0.998555  0.0270275  -0.674933
  0.259912  0.0382059   0.964876  -0.606841
         0          0          0          1
delta_angle:0.0282911[deg]
-----------------------------------------------------
number of filtered cloud points: 5095
align time:0.00518465[sec]
has converged: 1
fitness score: 0.0717651
final transformation:
 -0.964488 -0.0376227   0.261432    1.62007
 0.0462562  -0.998566   0.026947   -0.67875
  0.260043  0.0380829   0.964846  -0.612455
         0          0          0          1
delta_angle:0.0352559[deg]
-----------------------------------------------------
number of filtered cloud points: 5131
align time:0.00535679[sec]
has converged: 1
fitness score: 0.0677502
final transformation:
 -0.964573 -0.0375301   0.261133    1.61875
 0.0460956  -0.998579  0.0267521  -0.677151
  0.259758  0.0378415   0.964932  -0.606961
         0          0          0          1
delta_angle:0.00307813[deg]
-----------------------------------------------------
number of filtered cloud points: 5119
align time:0.00560212[sec]
has converged: 1
fitness score: 0.0696133
final transformation:
  -0.96458 -0.0374771   0.261116    1.61725
 0.0459453  -0.998595     0.0264  -0.676189
   0.25976   0.037462   0.964946  -0.604245
         0          0          0          1
delta_angle:0.0014612[deg]
-----------------------------------------------------
number of filtered cloud points: 5121
align time:0.00534654[sec]
has converged: 1
fitness score: 0.068367
final transformation:
 -0.964598 -0.0376308   0.261026    1.62447
 0.0461397  -0.998582  0.0265445  -0.680601
  0.259657  0.0376484   0.964967   -0.60931
         0          0          0          1
delta_angle:0.0158927[deg]
-----------------------------------------------------
number of filtered cloud points: 5094
align time:0.00555158[sec]
has converged: 1
fitness score: 0.0718116
final transformation:
 -0.964628 -0.0375514   0.260928      1.626
 0.0458589  -0.998614  0.0258207  -0.677296
  0.259597  0.0368733   0.965013  -0.609063
         0          0          0          1
delta_angle:0.0204485[deg]
-----------------------------------------------------
number of filtered cloud points: 5099
align time:0.00502348[sec]
has converged: 1
fitness score: 0.0686849
final transformation:
 -0.964682 -0.0375049   0.260734    1.62539
 0.0458532   -0.99861  0.0260071  -0.677896
  0.259396  0.0370441    0.96506  -0.607204
         0          0          0          1
delta_angle:0.00878763[deg]
-----------------------------------------------------
number of filtered cloud points: 5108
align time:0.00557256[sec]
has converged: 1
fitness score: 0.0717683
final transformation:
 -0.964505 -0.0374952   0.261388    1.62364
 0.0460977  -0.998576  0.0268553  -0.677201
  0.260008  0.0379515    0.96486  -0.605355
         0          0          0          1
delta_angle:0.00859964[deg]
-----------------------------------------------------
number of filtered cloud points: 5060
align time:0.00538325[sec]
has converged: 1
fitness score: 0.0704391
final transformation:
-0.964679 -0.037532  0.260742   1.62464
0.0458929 -0.998607 0.0260494 -0.677476
 0.259401 0.0370955  0.965057   -0.6102
        0         0         0         1
delta_angle:0.0119809[deg]
-----------------------------------------------------
number of filtered cloud points: 5089
align time:0.00558376[sec]
has converged: 1
fitness score: 0.0702079
final transformation:
 -0.964709 -0.0376668   0.260612    1.62119
 0.0458662  -0.998623    0.02545  -0.665628
  0.259294  0.0365051   0.965108  -0.612292
         0          0          0          1
delta_angle:0.0083623[deg]
-----------------------------------------------------
number of filtered cloud points: 5100
align time:0.00537968[sec]
has converged: 1
fitness score: 0.0704372
final transformation:
 -0.964612 -0.0377961   0.260949    1.62342
 0.0461585  -0.998596  0.0259899  -0.675445
    0.2596  0.0371152   0.965003  -0.608651
         0          0          0          1
delta_angle:0.00896784[deg]
-----------------------------------------------------
number of filtered cloud points: 5121
align time:0.00480843[sec]
has converged: 1
fitness score: 0.0697093
final transformation:
 -0.964481 -0.0373613   0.261495    1.62163
 0.0459632  -0.998582  0.0268545  -0.671943
  0.260121  0.0379199   0.964831  -0.611914
         0          0          0          1
delta_angle:0.0301959[deg]
-----------------------------------------------------
number of filtered cloud points: 5129
align time:0.00550222[sec]
has converged: 1
fitness score: 0.0702605
final transformation:
 -0.964494 -0.0373784   0.261448    1.62852
 0.0461899   -0.99855  0.0276368  -0.680799
  0.260036  0.0387317   0.964822  -0.608991
         0          0          0          1
delta_angle:0.0249981[deg]
-----------------------------------------------------
number of filtered cloud points: 5153
align time:0.00507617[sec]
has converged: 1
fitness score: 0.0698654
final transformation:
 -0.964419 -0.0373914   0.261722    1.62387
 0.0464413  -0.998515  0.0284767  -0.682911
  0.260268  0.0396182   0.964723  -0.610573
         0          0          0          1
delta_angle:0.000565331[deg]
-----------------------------------------------------
number of filtered cloud points: 5121
align time:0.00494957[sec]
has converged: 1
fitness score: 0.0697056
final transformation:
 -0.964455 -0.0375642   0.261564    1.61931
 0.0464022  -0.998539  0.0276932  -0.674965
  0.260142   0.038846   0.964789  -0.606162
         0          0          0          1
delta_angle:0.00378635[deg]
-----------------------------------------------------
number of filtered cloud points: 5149
align time:0.00522995[sec]
has converged: 1
fitness score: 0.0694028
final transformation:
  -0.96445 -0.0376278   0.261571    1.62312
 0.0463839  -0.998548  0.0273796  -0.674625
  0.260161  0.0385389   0.964796  -0.605983
         0          0          0          1
delta_angle:0.00249672[deg]
-----------------------------------------------------
number of filtered cloud points: 5191
align time:0.00517774[sec]
has converged: 1
fitness score: 0.0695566
final transformation:
 -0.964576 -0.0378337   0.261078    1.63034
 0.0463384  -0.998574  0.0264949  -0.672178
  0.259703  0.0376543   0.964954  -0.606138
         0          0          0          1
delta_angle:0.00329982[deg]
-----------------------------------------------------
number of filtered cloud points: 5165
align time:0.00557613[sec]
has converged: 1
fitness score: 0.0722413
final transformation:
 -0.964629 -0.0374755   0.260934    1.62656
  0.045956  -0.998593  0.0264727  -0.668635
  0.259575  0.0375278   0.964994   -0.61041
         0          0          0          1
delta_angle:0.026069[deg]
-----------------------------------------------------
number of filtered cloud points: 5154
align time:0.00543284[sec]
has converged: 1
fitness score: 0.0665215
final transformation:
-0.964585  -0.03758  0.261083   1.62418
0.0460748 -0.998587 0.0264905 -0.671107
 0.259718 0.0375816  0.964953 -0.604141
        0         0         0         1
delta_angle:0.028002[deg]
-----------------------------------------------------
number of filtered cloud points: 5171
align time:0.00519109[sec]
has converged: 1
fitness score: 0.0664362
final transformation:
 -0.964568 -0.0375233   0.261152    1.62907
 0.0460916  -0.998579    0.02676  -0.675266
  0.259777  0.0378488   0.964927  -0.609861
         0          0          0          1
delta_angle:0.00759907[deg]
-----------------------------------------------------
number of filtered cloud points: 5166
align time:0.00521398[sec]
has converged: 1
fitness score: 0.0674271
final transformation:
 -0.964562 -0.0375864   0.261166    1.62167
 0.0461125  -0.998582  0.0265934  -0.674062
  0.259796   0.037694   0.964928  -0.614937
         0          0          0          1
delta_angle:0.00364266[deg]
-----------------------------------------------------
number of filtered cloud points: 5172
align time:0.0050652[sec]
has converged: 1
fitness score: 0.0697274
final transformation:
 -0.964594 -0.0375823    0.26105    1.62201
 0.0461026  -0.998583  0.0265896  -0.672003
   0.25968  0.0376833   0.964959  -0.607126
         0          0          0          1
delta_angle:0.00282977[deg]
-----------------------------------------------------
number of filtered cloud points: 5173
align time:0.00516248[sec]
has converged: 1
fitness score: 0.0682911
final transformation:
 -0.964569 -0.0374165   0.261165    1.62348
 0.0460311  -0.998577  0.0269444  -0.674891
  0.259785  0.0380115   0.964918  -0.607955
         0          0          0          1
delta_angle:0.00648137[deg]
-----------------------------------------------------
number of filtered cloud points: 5138
align time:0.00510073[sec]
has converged: 1
fitness score: 0.066941
final transformation:
 -0.964567 -0.0376732   0.261133    1.62008
 0.0461825  -0.998581  0.0265244  -0.673576
  0.259763  0.0376443   0.964938  -0.615473
         0          0          0          1
delta_angle:0.0188024[deg]
-----------------------------------------------------
number of filtered cloud points: 5165
align time:0.00514579[sec]
has converged: 1
fitness score: 0.0709908
final transformation:
-0.964538 -0.037573  0.261256   1.62231
0.0460738 -0.998587 0.0264876 -0.668059
 0.259891 0.0375853  0.964906  -0.61175
        0         0         0         1
delta_angle:0.0178206[deg]
-----------------------------------------------------
number of filtered cloud points: 5157
align time:0.00507736[sec]
has converged: 1
fitness score: 0.0698968
final transformation:
 -0.964568 -0.0374272   0.261165    1.62217
 0.0460395  -0.998576  0.0269343  -0.665113
  0.259785  0.0380039   0.964918  -0.614711
         0          0          0          1
delta_angle:0.000811231[deg]
-----------------------------------------------------
number of filtered cloud points: 5202
align time:0.00523901[sec]
has converged: 1
fitness score: 0.0702489
final transformation:
 -0.964537 -0.0375313   0.261266    1.62239
 0.0461996  -0.998564  0.0271135  -0.672215
  0.259873  0.0382223   0.964886  -0.611129
         0          0          0          1
delta_angle:0.0127276[deg]
-----------------------------------------------------
number of filtered cloud points: 5155
align time:0.00512409[sec]
has converged: 1
fitness score: 0.0691999
final transformation:
 -0.964566 -0.0373571   0.261183    1.62821
 0.0460327   -0.99857  0.0271757  -0.672112
  0.259795  0.0382358   0.964907  -0.610879
         0          0          0          1
delta_angle:0.0173105[deg]
-----------------------------------------------------
number of filtered cloud points: 5138
align time:0.0052042[sec]
has converged: 1
fitness score: 0.0704725
final transformation:
 -0.964301 -0.0371272   0.262193     1.6255
  0.046038  -0.998549  0.0279231  -0.674807
  0.260775  0.0389971   0.964612  -0.609698
         0          0          0          1
delta_angle:0.00342123[deg]
-----------------------------------------------------
number of filtered cloud points: 5164
align time:0.00534225[sec]
has converged: 1
fitness score: 0.0700673
final transformation:
 -0.964336 -0.0368035   0.262111    1.62773
  0.046007  -0.998518   0.029061  -0.676977
  0.260653  0.0400835     0.9646  -0.607432
         0          0          0          1
delta_angle:0.00400236[deg]
-----------------------------------------------------
number of filtered cloud points: 5164
align time:0.00527596[sec]
has converged: 1
fitness score: 0.0704055
final transformation:
 -0.964153 -0.0370914    0.26274    1.62336
 0.0464472  -0.998486  0.0294856  -0.684156
  0.261248  0.0406322   0.964416  -0.611822
         0          0          0          1
delta_angle:0.0313197[deg]
-----------------------------------------------------
number of filtered cloud points: 5186
align time:0.00540304[sec]
has converged: 1
fitness score: 0.0696057
final transformation:
 -0.964218 -0.0372621   0.262479    1.62051
 0.0465827  -0.998482  0.0293751  -0.683735
  0.260987   0.040551    0.96449  -0.606507
         0          0          0          1
delta_angle:0.0123213[deg]
-----------------------------------------------------
number of filtered cloud points: 5217
align time:0.00563431[sec]
has converged: 1
fitness score: 0.0703625
final transformation:
  -0.96434 -0.0373457   0.262018    1.62617
 0.0464638  -0.998508  0.0286887  -0.678946
  0.260556    0.03984   0.964636  -0.608591
         0          0          0          1
delta_angle:0.00999501[deg]
-----------------------------------------------------
number of filtered cloud points: 5188
align time:0.0055244[sec]
has converged: 1
fitness score: 0.0710901
final transformation:
 -0.964453 -0.0373555     0.2616    1.63198
 0.0461919  -0.998548   0.027709  -0.675304
  0.260185  0.0388078   0.964778  -0.610702
         0          0          0          1
delta_angle:0.00655437[deg]
-----------------------------------------------------
number of filtered cloud points: 5197
align time:0.00511122[sec]
has converged: 1
fitness score: 0.0688805
final transformation:
 -0.964478 -0.0374363   0.261498    1.62493
 0.0460824  -0.998572  0.0270084  -0.675434
  0.260113  0.0380995   0.964826  -0.615227
         0          0          0          1
delta_angle:0.00698082[deg]
-----------------------------------------------------
number of filtered cloud points: 5161
align time:0.00574279[sec]
has converged: 1
fitness score: 0.0718151
final transformation:
 -0.964542 -0.0375243   0.261248    1.62873
 0.0461001  -0.998578  0.0267736  -0.671381
  0.259872  0.0378678     0.9649  -0.612976
         0          0          0          1
delta_angle:0.00397003[deg]
-----------------------------------------------------
number of filtered cloud points: 5158
align time:0.00553894[sec]
has converged: 1
fitness score: 0.0720403
final transformation:
 -0.964534 -0.0373733   0.261301    1.62809
 0.0458138  -0.998604  0.0262834  -0.676011
  0.259954  0.0373224   0.964899  -0.612182
         0          0          0          1
delta_angle:0.0157369[deg]
-----------------------------------------------------
number of filtered cloud points: 5148
align time:0.00554609[sec]
has converged: 1
fitness score: 0.0687574
final transformation:
 -0.964513 -0.0377601   0.261322    1.62375
 0.0462839  -0.998576  0.0265386  -0.669496
  0.259947  0.0376918   0.964887  -0.614676
         0          0          0          1
delta_angle:0.0375052[deg]
-----------------------------------------------------
number of filtered cloud points: 5149
align time:0.00582194[sec]
has converged: 1
fitness score: 0.0703258
final transformation:
-0.964478  -0.03735  0.261511   1.62653
0.0460312 -0.998571 0.0271475 -0.666854
 0.260123 0.0382208  0.964819 -0.611346
        0         0         0         1
delta_angle:0.043771[deg]
-----------------------------------------------------
number of filtered cloud points: 5181
align time:0.00550652[sec]
has converged: 1
fitness score: 0.073324
final transformation:
 -0.964513 -0.0376729   0.261335     1.6242
 0.0463189  -0.998562  0.0270014  -0.676119
  0.259942  0.0381479    0.96487  -0.616409
         0          0          0          1
delta_angle:0.0367094[deg]
-----------------------------------------------------
number of filtered cloud points: 5202
align time:0.00589943[sec]
has converged: 1
fitness score: 0.0706532
final transformation:
 -0.964549 -0.0376079    0.26121    1.62199
 0.0461683  -0.998576  0.0267113  -0.670565
  0.259833   0.037824   0.964912  -0.611259
         0          0          0          1
delta_angle:0.0241234[deg]
-----------------------------------------------------
number of filtered cloud points: 5131
align time:0.00583124[sec]
has converged: 1
fitness score: 0.0683592
final transformation:
 -0.964591 -0.0375934   0.261059    1.61929
 0.0461206  -0.998581  0.0266123  -0.670757
  0.259688  0.0377102   0.964956  -0.614655
         0          0          0          1
delta_angle:0.00445213[deg]
-----------------------------------------------------
number of filtered cloud points: 5189
align time:0.00585794[sec]
has converged: 1
fitness score: 0.071402
final transformation:
 -0.964548 -0.0377037   0.261199    1.62536
 0.0461042  -0.998595  0.0261068  -0.673336
  0.259847  0.0372236   0.964932  -0.609469
         0          0          0          1
delta_angle:0.00468973[deg]
-----------------------------------------------------
number of filtered cloud points: 5147
align time:0.00569487[sec]
has converged: 1
fitness score: 0.0694506
final transformation:
 -0.964631 -0.0376064   0.260906    1.62053
 0.0459286   -0.99861   0.025872  -0.671079
   0.25957  0.0369399   0.965018  -0.610223
         0          0          0          1
delta_angle:0.0106743[deg]
-----------------------------------------------------
number of filtered cloud points: 5096
align time:0.00522637[sec]
has converged: 1
fitness score: 0.070123
final transformation:
 -0.964693 -0.0378651    0.26064    1.62487
 0.0459299  -0.998634   0.024919  -0.667065
   0.25934  0.0360103   0.965114  -0.608537
         0          0          0          1
delta_angle:0.0153187[deg]
-----------------------------------------------------
number of filtered cloud points: 4468
align time:0.00457668[sec]
has converged: 1
fitness score: 0.0776059
final transformation:
 -0.964663 -0.0379035   0.260746    1.63081
 0.0460988  -0.998614  0.0253842  -0.672764
  0.259423  0.0365072   0.965074  -0.588018
         0          0          0          1
delta_angle:0.00136967[deg]
-----------------------------------------------------
number of filtered cloud points: 4891
align time:0.00661588[sec]
has converged: 1
fitness score: 0.0730964
final transformation:
-0.964515 -0.037931  0.261289   1.62633
0.0464593 -0.998568 0.0265377 -0.691499
 0.259908 0.0377353  0.964896 -0.614208
        0         0         0         1
delta_angle:0.00530026[deg]
-----------------------------------------------------
number of filtered cloud points: 5146
align time:0.00517631[sec]
has converged: 1
fitness score: 0.069572
final transformation:
 -0.964398 -0.0374825   0.261785    1.62333
 0.0462192  -0.998558  0.0272947  -0.679439
  0.260384  0.0384224    0.96474  -0.621172
         0          0          0          1
delta_angle:0.0311792[deg]
-----------------------------------------------------
number of filtered cloud points: 5172
align time:0.00513673[sec]
has converged: 1
fitness score: 0.0685795
final transformation:
 -0.964287 -0.0372461   0.262227    1.62289
 0.0463589  -0.998514  0.0286491  -0.678533
   0.26077  0.0397825   0.964581  -0.622807
         0          0          0          1
delta_angle:0.0172266[deg]
-----------------------------------------------------
number of filtered cloud points: 5143
align time:0.00489736[sec]
has converged: 1
fitness score: 0.0693543
final transformation:
 -0.964106 -0.0369668   0.262932    1.62939
  0.046008   -0.99854  0.0283102  -0.681932
  0.261502   0.039391   0.964399   -0.62664
         0          0          0          1
delta_angle:0.0152877[deg]
-----------------------------------------------------
number of filtered cloud points: 5139
align time:0.00510335[sec]
has converged: 1
fitness score: 0.0679697
final transformation:
 -0.964043 -0.0368301   0.263182    1.62874
 0.0459783  -0.998531  0.0286837  -0.681403
  0.261739  0.0397529    0.96432   -0.61957
         0          0          0          1
delta_angle:0.0134437[deg]
-----------------------------------------------------
number of filtered cloud points: 5140
align time:0.00519443[sec]
has converged: 1
fitness score: 0.0679427
final transformation:
 -0.964035 -0.0371607   0.263164    1.62657
  0.046385  -0.998505  0.0289236  -0.684138
  0.261695  0.0400902   0.964318  -0.624953
         0          0          0          1
delta_angle:0.0263936[deg]
-----------------------------------------------------
number of filtered cloud points: 5205
align time:0.00507593[sec]
has converged: 1
fitness score: 0.066044
final transformation:
 -0.964217 -0.0369482   0.262529    1.62444
 0.0465536  -0.998451  0.0304602  -0.694252
  0.260997  0.0415919   0.964443  -0.622388
         0          0          0          1
delta_angle:0.0226739[deg]
-----------------------------------------------------
number of filtered cloud points: 5210
align time:0.00515795[sec]
has converged: 1
fitness score: 0.0676888
final transformation:
 -0.963935 -0.0366409   0.263602    1.62583
 0.0472836  -0.998298  0.0341416  -0.694977
  0.261902  0.0453743   0.964027  -0.622846
         0          0          0          1
delta_angle:0.0139919[deg]
-----------------------------------------------------
number of filtered cloud points: 5182
align time:0.00519633[sec]
has converged: 1
fitness score: 0.067482
final transformation:
 -0.963971 -0.0365953   0.263476    1.62438
 0.0476808  -0.998221  0.0358011  -0.711432
  0.261697   0.047074   0.964001  -0.613846
         0          0          0          1
delta_angle:0.00248841[deg]
-----------------------------------------------------
number of filtered cloud points: 5195
align time:0.00511169[sec]
has converged: 1
fitness score: 0.0697329
final transformation:
 -0.964006 -0.0366008   0.263349    1.62401
 0.0476914  -0.998219  0.0358426  -0.712225
  0.261568   0.047112   0.964034  -0.611676
         0          0          0          1
delta_angle:0.00969658[deg]
-----------------------------------------------------
number of filtered cloud points: 5219
align time:0.0052228[sec]
has converged: 1
fitness score: 0.0693247
final transformation:
  -0.96406 -0.0366588   0.263144    1.62728
 0.0473296  -0.998289  0.0343251  -0.704356
  0.261436  0.0455459   0.964146  -0.618762
         0          0          0          1
delta_angle:0.00917012[deg]
-----------------------------------------------------
number of filtered cloud points: 5237
align time:0.00521374[sec]
has converged: 1
fitness score: 0.0709943
final transformation:
-0.964188 -0.036826  0.262651   1.62828
 0.046964  -0.99837 0.0324241  -0.69556
 0.261028 0.0435981  0.964346 -0.625764
        0         0         0         1
delta_angle:0.00323332[deg]
-----------------------------------------------------
number of filtered cloud points: 5222
align time:0.00532556[sec]
has converged: 1
fitness score: 0.0721711
final transformation:
 -0.964183 -0.0370047   0.262644    1.62262
 0.0468037  -0.998418  0.0311493  -0.693502
  0.261076  0.0423263    0.96439  -0.618391
         0          0          0          1
delta_angle:0.00630772[deg]
-----------------------------------------------------
number of filtered cloud points: 5249
align time:0.00521302[sec]
has converged: 1
fitness score: 0.0696438
final transformation:
 -0.964027 -0.0371703   0.263192    1.62226
 0.0467476   -0.99845  0.0302184  -0.679458
   0.26166   0.041435    0.96427  -0.625772
         0          0          0          1
delta_angle:0.00290553[deg]
-----------------------------------------------------
number of filtered cloud points: 5210
align time:0.00505185[sec]
has converged: 1
fitness score: 0.0717763
final transformation:
-0.963957 -0.037062  0.263464   1.62827
0.0465209 -0.998474 0.0297526 -0.680855
  0.26196 0.0409369   0.96421 -0.624841
        0         0         0         1
delta_angle:0.012842[deg]
-----------------------------------------------------
number of filtered cloud points: 5277
align time:0.00521183[sec]
has converged: 1
fitness score: 0.0711534
final transformation:
-0.963883 -0.037054  0.263736   1.62355
0.0467933 -0.998431 0.0307406  -0.68291
 0.262184 0.0419714  0.964105 -0.619897
        0         0         0         1
delta_angle:0.0174185[deg]
-----------------------------------------------------
number of filtered cloud points: 5263
align time:0.00531316[sec]
has converged: 1
fitness score: 0.0712859
final transformation:
 -0.963796 -0.0366881   0.264103    1.62689
 0.0470832  -0.998341  0.0331361   -0.69204
  0.262449  0.0443713   0.963925  -0.622899
         0          0          0          1
delta_angle:0.00991753[deg]
-----------------------------------------------------
number of filtered cloud points: 5275
align time:0.00504041[sec]
has converged: 1
fitness score: 0.0697667
final transformation:
-0.964032 -0.036921  0.263208   1.61935
 0.047641  -0.99827 0.0344608 -0.699021
  0.26148 0.0457608  0.964123 -0.616332
        0         0         0         1
delta_angle:0.024859[deg]
-----------------------------------------------------
number of filtered cloud points: 5306
align time:0.00542259[sec]
has converged: 1
fitness score: 0.0713655
final transformation:
 -0.964131 -0.0365577   0.262897    1.62478
 0.0474786  -0.998248  0.0353065  -0.702261
  0.261146  0.0465221   0.964178   -0.61946
         0          0          0          1
delta_angle:0.0380411[deg]
-----------------------------------------------------
number of filtered cloud points: 5295
align time:0.00529408[sec]
has converged: 1
fitness score: 0.0676728
final transformation:
  -0.96409 -0.0366815    0.26303    1.62125
 0.0475865  -0.998246  0.0352073  -0.699243
  0.261277  0.0464597   0.964145  -0.623733
         0          0          0          1
delta_angle:0.0219473[deg]
-----------------------------------------------------
number of filtered cloud points: 5316
align time:0.00537133[sec]
has converged: 1
fitness score: 0.068874
final transformation:
 -0.964181 -0.0366772   0.262698    1.62799
 0.0471446  -0.998321  0.0336519  -0.696137
  0.261023  0.0448313   0.964291  -0.624089
         0          0          0          1
delta_angle:0.0194639[deg]
-----------------------------------------------------
number of filtered cloud points: 5284
align time:0.00532866[sec]
has converged: 1
fitness score: 0.0677407
final transformation:
 -0.964075 -0.0367131    0.26308    1.62822
 0.0471799  -0.998322  0.0335772  -0.699098
  0.261406   0.044783    0.96419  -0.621329
         0          0          0          1
delta_angle:0.015216[deg]
-----------------------------------------------------
number of filtered cloud points: 5265
align time:0.00506377[sec]
has converged: 1
fitness score: 0.0715559
final transformation:
 -0.964124 -0.0366663   0.262907    1.62562
 0.0468159  -0.998376  0.0324432  -0.690299
   0.26129  0.0435874   0.964276  -0.620988
         0          0          0          1
delta_angle:0.0142286[deg]
-----------------------------------------------------
number of filtered cloud points: 5242
align time:0.00505042[sec]
has converged: 1
fitness score: 0.0671559
final transformation:
 -0.964225 -0.0368565    0.26251    1.62785
 0.0468691  -0.998389  0.0319807  -0.695249
  0.260908  0.0431402   0.964399   -0.62291
         0          0          0          1
delta_angle:0.0189932[deg]
-----------------------------------------------------
number of filtered cloud points: 5276
align time:0.00544977[sec]
has converged: 1
fitness score: 0.0676484
final transformation:
 -0.963942 -0.0366507   0.263576     1.6323
  0.047356  -0.998286  0.0343753  -0.690522
  0.261865  0.0456178   0.964026  -0.623013
         0          0          0          1
delta_angle:0.00161188[deg]
-----------------------------------------------------
number of filtered cloud points: 5268
align time:0.00577927[sec]
has converged: 1
fitness score: 0.0689499
final transformation:
-0.963682  -0.03644  0.264556   1.62407
 0.047406 -0.998256 0.0351826 -0.697662
 0.262812 0.0464464  0.963728 -0.618197
        0         0         0         1
delta_angle:0.0128802[deg]
-----------------------------------------------------
number of filtered cloud points: 5255
align time:0.00526428[sec]
has converged: 1
fitness score: 0.0678375
final transformation:
 -0.963703 -0.0366174   0.264453    1.61965
 0.0476374  -0.998238  0.0353764  -0.696146
  0.262692  0.0466903    0.96375  -0.617477
         0          0          0          1
delta_angle:0.016361[deg]
-----------------------------------------------------
number of filtered cloud points: 5256
align time:0.00546932[sec]
has converged: 1
fitness score: 0.0676783
final transformation:
 -0.963928 -0.0362252   0.263686    1.62298
 0.0470062  -0.998292  0.0346898  -0.696967
  0.261979  0.0458334   0.963984  -0.621544
         0          0          0          1
delta_angle:0.0416005[deg]
-----------------------------------------------------
number of filtered cloud points: 5287
align time:0.00535274[sec]
has converged: 1
fitness score: 0.0667346
final transformation:
    -0.964 -0.0366668   0.263361    1.61842
 0.0472504  -0.998305  0.0339637  -0.694296
  0.261669  0.0451849   0.964099  -0.623279
         0          0          0          1
delta_angle:0.0494617[deg]
-----------------------------------------------------
number of filtered cloud points: 5250
align time:0.00542402[sec]
has converged: 1
fitness score: 0.0660662
final transformation:
 -0.963938 -0.0368251   0.263568    1.62629
 0.0472762  -0.998323  0.0334183  -0.694575
  0.261895  0.0446737   0.964062  -0.621146
         0          0          0          1
delta_angle:0.0142029[deg]
-----------------------------------------------------
number of filtered cloud points: 5232
align time:0.00560927[sec]
has converged: 1
fitness score: 0.0654881
final transformation:
 -0.963978 -0.0367757   0.263428    1.62054
 0.0470384  -0.998356  0.0327556  -0.691561
   0.26179  0.0439669   0.964123  -0.625115
         0          0          0          1
delta_angle:0.0138508[deg]
-----------------------------------------------------
number of filtered cloud points: 5257
align time:0.00521779[sec]
has converged: 1
fitness score: 0.0650208
final transformation:
 -0.964225 -0.0369466   0.262498    1.62298
 0.0468179  -0.998408  0.0314488  -0.691581
  0.260919  0.0426133    0.96442  -0.621087
         0          0          0          1
delta_angle:0.00663562[deg]
-----------------------------------------------------
number of filtered cloud points: 5243
align time:0.00523949[sec]
has converged: 1
fitness score: 0.0653393
final transformation:
 -0.963982 -0.0370011   0.263381    1.62263
 0.0471141  -0.998371   0.032183  -0.686202
  0.261761  0.0434328   0.964155  -0.622136
         0          0          0          1
delta_angle:0.0119387[deg]
-----------------------------------------------------
number of filtered cloud points: 5275
align time:0.00541091[sec]
has converged: 1
fitness score: 0.0679879
final transformation:
 -0.963921 -0.0364412   0.263683    1.62117
 0.0468256  -0.998351  0.0332028  -0.692712
  0.262038   0.044352   0.964038  -0.620753
         0          0          0          1
delta_angle:0.0346234[deg]
-----------------------------------------------------
number of filtered cloud points: 5215
align time:0.00537848[sec]
has converged: 1
fitness score: 0.0682392
final transformation:
 -0.963881 -0.0365392   0.263814    1.61932
 0.0470161  -0.998332  0.0335073  -0.694037
   0.26215  0.0447005   0.963991  -0.621542
         0          0          0          1
delta_angle:0.032951[deg]
-----------------------------------------------------
number of filtered cloud points: 5253
align time:0.00530243[sec]
has converged: 1
fitness score: 0.0666854
final transformation:
 -0.963769 -0.0365312   0.264224    1.61916
 0.0471682  -0.998307  0.0340236  -0.694684
  0.262534  0.0452539   0.963861  -0.621423
         0          0          0          1
delta_angle:0.00420108[deg]
-----------------------------------------------------
number of filtered cloud points: 5226
align time:0.00527644[sec]
has converged: 1
fitness score: 0.0655727
final transformation:
 -0.964154 -0.0367741   0.262783    1.62263
 0.0471307  -0.998336  0.0332149  -0.696225
  0.261124  0.0444095   0.964283  -0.622672
         0          0          0          1
delta_angle:0.00137181[deg]
-----------------------------------------------------
number of filtered cloud points: 5246
align time:0.00527954[sec]
has converged: 1
fitness score: 0.0674774
final transformation:
  -0.96422 -0.0370322   0.262504     1.6252
 0.0472133  -0.998353  0.0325816  -0.687275
  0.260865  0.0438095   0.964381  -0.623301
         0          0          0          1
delta_angle:0.00418161[deg]
-----------------------------------------------------
number of filtered cloud points: 5228
align time:0.00554705[sec]
has converged: 1
fitness score: 0.0683828
final transformation:
 -0.964049 -0.0367282   0.263173    1.62814
 0.0469665  -0.998361  0.0327161  -0.690672
   0.26154  0.0439003   0.964194  -0.631184
         0          0          0          1
delta_angle:0.0259036[deg]
-----------------------------------------------------
number of filtered cloud points: 5251
align time:0.00517416[sec]
has converged: 1
fitness score: 0.0653575
final transformation:
 -0.963932 -0.0367175   0.263603    1.62362
 0.0471097  -0.998338  0.0332093  -0.691879
  0.261946  0.0444298   0.964059   -0.62798
         0          0          0          1
delta_angle:0.0200272[deg]
-----------------------------------------------------
number of filtered cloud points: 5278
align time:0.00546002[sec]
has converged: 1
fitness score: 0.0681501
final transformation:
 -0.964145 -0.0370185    0.26278    1.61826
 0.0473719  -0.998326  0.0331715  -0.693224
  0.261112  0.0444306   0.964285  -0.625392
         0          0          0          1
delta_angle:0.0122224[deg]
-----------------------------------------------------
number of filtered cloud points: 5226
align time:0.00494862[sec]
has converged: 1
fitness score: 0.0700459
final transformation:
 -0.964006 -0.0366526   0.263343    1.62209
  0.046861   -0.99837  0.0325865  -0.687903
  0.261719  0.0437541   0.964152  -0.625219
         0          0          0          1
delta_angle:0.0416252[deg]
-----------------------------------------------------
number of filtered cloud points: 5244
align time:0.00535321[sec]
has converged: 1
fitness score: 0.0685964
final transformation:
 -0.964203 -0.0369837   0.262574      1.618
 0.0469055  -0.998399  0.0316176  -0.689596
  0.260985  0.0428019   0.964394  -0.618265
         0          0          0          1
delta_angle:0.0361769[deg]
-----------------------------------------------------
number of filtered cloud points: 5215
align time:0.00511193[sec]
has converged: 1
fitness score: 0.0668184
final transformation:
 -0.964198 -0.0370359   0.262586    1.61938
 0.0467924  -0.998424   0.030998  -0.686917
  0.261024  0.0421752   0.964411  -0.623034
         0          0          0          1
delta_angle:0.012484[deg]
-----------------------------------------------------
number of filtered cloud points: 5229
align time:0.00521159[sec]
has converged: 1
fitness score: 0.0676236
final transformation:
 -0.964063 -0.0370407   0.263079    1.61509
 0.0468243  -0.998421  0.0310146  -0.685846
  0.261515  0.0422185   0.964276   -0.62049
         0          0          0          1
delta_angle:0.00306889[deg]
-----------------------------------------------------
number of filtered cloud points: 5248
align time:0.00521874[sec]
has converged: 1
fitness score: 0.0707666
final transformation:
 -0.964181 -0.0370496   0.262646    1.62206
 0.0466803  -0.998443  0.0305213  -0.684614
  0.261106  0.0416884   0.964409  -0.621508
         0          0          0          1
delta_angle:0.00508765[deg]
-----------------------------------------------------
number of filtered cloud points: 5229
align time:0.00514483[sec]
has converged: 1
fitness score: 0.0691167
final transformation:
 -0.964081 -0.0368582   0.263038    1.61652
 0.0467146  -0.998417  0.0313139  -0.684247
  0.261468  0.0424768   0.964277  -0.619249
         0          0          0          1
delta_angle:0.000404916[deg]
-----------------------------------------------------
number of filtered cloud points: 5227
align time:0.00494385[sec]
has converged: 1
fitness score: 0.0718125
final transformation:
 -0.964223 -0.0371925   0.262472    1.61789
 0.0467336  -0.998451  0.0302002  -0.683985
  0.260942  0.0413859   0.964467  -0.621584
         0          0          0          1
delta_angle:0.0146423[deg]
-----------------------------------------------------
number of filtered cloud points: 5219
align time:0.0053606[sec]
has converged: 1
fitness score: 0.0699938
final transformation:
 -0.963958 -0.0369815   0.263471    1.62105
 0.0469347  -0.998399  0.0315813  -0.684379
  0.261881   0.042809    0.96415  -0.624386
         0          0          0          1
delta_angle:0.0103027[deg]
-----------------------------------------------------
number of filtered cloud points: 5234
align time:0.00514364[sec]
has converged: 1
fitness score: 0.0675728
final transformation:
 -0.964037 -0.0365784   0.263237    1.61806
  0.046925  -0.998349  0.0331243  -0.694896
  0.261591  0.0442854   0.964162   -0.62117
         0          0          0          1
delta_angle:0.0117249[deg]
-----------------------------------------------------
number of filtered cloud points: 5185
align time:0.00505257[sec]
has converged: 1
fitness score: 0.0680091
final transformation:
 -0.964065 -0.0366238   0.263128    1.62185
 0.0471426  -0.998317  0.0337724  -0.694699
  0.261448  0.0449633    0.96417  -0.621839
         0          0          0          1
delta_angle:0.0196339[deg]
-----------------------------------------------------
number of filtered cloud points: 5225
align time:0.00527191[sec]
has converged: 1
fitness score: 0.0711026
final transformation:
 -0.963964 -0.0367834   0.263478    1.62406
 0.0471258  -0.998342  0.0330392  -0.689417
  0.261826  0.0442652   0.964099  -0.623927
         0          0          0          1
delta_angle:0.00346618[deg]
-----------------------------------------------------
number of filtered cloud points: 5225
align time:0.00512266[sec]
has converged: 1
fitness score: 0.0702786
final transformation:
  -0.96388 -0.0365914   0.263812    1.61766
 0.0471101  -0.998323  0.0336544  -0.692759
  0.262138   0.044867   0.963987  -0.624896
         0          0          0          1
delta_angle:0.0101674[deg]
-----------------------------------------------------
number of filtered cloud points: 5216
align time:0.00497866[sec]
has converged: 1
fitness score: 0.0708134
final transformation:
    -0.964 -0.0365471   0.263377    1.62437
 0.0473689  -0.998269   0.034854  -0.701164
  0.261648  0.0460751   0.964063  -0.623309
         0          0          0          1
delta_angle:0.0121286[deg]
-----------------------------------------------------
number of filtered cloud points: 5248
align time:0.0052855[sec]
has converged: 1
fitness score: 0.0687795
final transformation:
 -0.964058 -0.0365335   0.263166    1.62323
 0.0474968  -0.998243  0.0354162   -0.70217
   0.26141  0.0466429     0.9641  -0.623105
         0          0          0          1
delta_angle:0.00273711[deg]
-----------------------------------------------------
number of filtered cloud points: 5249
align time:0.00511932[sec]
has converged: 1
fitness score: 0.0677315
final transformation:
 -0.964089 -0.0365595    0.26305    1.62292
  0.047261  -0.998288  0.0344683  -0.697081
  0.261339  0.0456625   0.964166  -0.623979
         0          0          0          1
delta_angle:0.00934924[deg]
-----------------------------------------------------
number of filtered cloud points: 5170
align time:0.0051229[sec]
has converged: 1
fitness score: 0.0663798
final transformation:
 -0.964085 -0.0366661   0.263051    1.61929
 0.0473516  -0.998286  0.0343954  -0.695543
  0.261339   0.045616   0.964169  -0.624136
         0          0          0          1
delta_angle:0.0120335[deg]
-----------------------------------------------------
number of filtered cloud points: 5212
align time:0.00508595[sec]
has converged: 1
fitness score: 0.0657356
final transformation:
 -0.963948 -0.0367345   0.263541    1.62487
 0.0473478  -0.998299  0.0340318   -0.69753
  0.261843   0.045283   0.964048  -0.623177
         0          0          0          1
delta_angle:0.00378047[deg]
-----------------------------------------------------
number of filtered cloud points: 5230
align time:0.00536942[sec]
has converged: 1
fitness score: 0.0670001
final transformation:
 -0.963894 -0.0364896   0.263772    1.62602
 0.0473839  -0.998261  0.0350565  -0.699846
  0.262035  0.0462893   0.963948  -0.615471
         0          0          0          1
delta_angle:0.00797552[deg]
-----------------------------------------------------
number of filtered cloud points: 5190
align time:0.00509858[sec]
has converged: 1
fitness score: 0.0676069
final transformation:
-0.963926  -0.03674  0.263624   1.62306
 0.047253 -0.998316 0.0336472 -0.696754
 0.261943 0.0448904  0.964039 -0.614191
        0         0         0         1
delta_angle:0.00936603[deg]
-----------------------------------------------------
number of filtered cloud points: 5222
align time:0.0050714[sec]
has converged: 1
fitness score: 0.0676079
final transformation:
 -0.963863 -0.0367024   0.263858    1.62499
 0.0466983  -0.998406  0.0317097  -0.683684
  0.262273  0.0428855    0.96404  -0.622872
         0          0          0          1
delta_angle:0.020527[deg]
-----------------------------------------------------
number of filtered cloud points: 5165
align time:0.00547552[sec]
has converged: 1
fitness score: 0.069427
final transformation:
  -0.96389 -0.0369863    0.26372    1.62284
 0.0466098  -0.998453  0.0303261  -0.681979
   0.26219  0.0415229   0.964122  -0.621006
         0          0          0          1
delta_angle:0.0227783[deg]
-----------------------------------------------------
number of filtered cloud points: 5210
align time:0.00540853[sec]
has converged: 1
fitness score: 0.0663985
final transformation:
 -0.963875 -0.0368635   0.263791    1.62671
 0.0468461  -0.998401  0.0316508   -0.68591
  0.262202   0.042865    0.96406  -0.618828
         0          0          0          1
delta_angle:0.00234365[deg]
-----------------------------------------------------
number of filtered cloud points: 5224
align time:0.00507498[sec]
has converged: 1
fitness score: 0.0676634
final transformation:
 -0.964016 -0.0368308   0.263279    1.61997
 0.0470184  -0.998365  0.0324974  -0.688019
  0.261652  0.0437071   0.964172  -0.620598
         0          0          0          1
delta_angle:0.000645889[deg]
-----------------------------------------------------
number of filtered cloud points: 5231
align time:0.00484252[sec]
has converged: 1
fitness score: 0.0672596
final transformation:
 -0.964116 -0.0370913   0.262876    1.62498
  0.047084  -0.998384  0.0318137  -0.688702
  0.261271  0.0430494   0.964305   -0.62081
         0          0          0          1
delta_angle:0.00547405[deg]
-----------------------------------------------------
number of filtered cloud points: 5203
align time:0.00508809[sec]
has converged: 1
fitness score: 0.0656529
final transformation:
 -0.964048 -0.0366252   0.263192    1.62464
 0.0464275  -0.998437  0.0311194  -0.680321
  0.261641  0.0422199   0.964241  -0.623589
         0          0          0          1
delta_angle:0.0418521[deg]
-----------------------------------------------------
number of filtered cloud points: 5232
align time:0.00513244[sec]
has converged: 1
fitness score: 0.0674824
final transformation:
 -0.963983 -0.0369842   0.263379    1.62886
 0.0469282  -0.998399  0.0315628  -0.687581
   0.26179  0.0427859   0.964176  -0.620463
         0          0          0          1
delta_angle:0.0574654[deg]
-----------------------------------------------------
number of filtered cloud points: 5230
align time:0.00506616[sec]
has converged: 1
fitness score: 0.0672692
final transformation:
 -0.964079 -0.0370696   0.263017    1.62269
 0.0471337  -0.998374  0.0320559  -0.689095
  0.261402  0.0433014   0.964258  -0.623056
         0          0          0          1
delta_angle:0.0164233[deg]
-----------------------------------------------------
number of filtered cloud points: 5216
align time:0.00554776[sec]
has converged: 1
fitness score: 0.068922
final transformation:
 -0.964179 -0.0367711   0.262692    1.63042
 0.0470383  -0.998351  0.0329008  -0.691572
  0.261049  0.0440789   0.964319  -0.628129
         0          0          0          1
delta_angle:0.019787[deg]
-----------------------------------------------------
number of filtered cloud points: 5188
align time:0.00544[sec]
has converged: 1
fitness score: 0.0695012
final transformation:
-0.964067  -0.03681  0.263098   1.62976
0.0472764 -0.998318 0.0335598 -0.695576
 0.261421 0.0447922  0.964185 -0.624851
        0         0         0         1
delta_angle:0.0195585[deg]
-----------------------------------------------------
number of filtered cloud points: 5148
align time:0.0050993[sec]
has converged: 1
fitness score: 0.0702837
final transformation:
 -0.963834 -0.0365878   0.263978    1.63043
 0.0470858  -0.998327  0.0335491  -0.691622
  0.262309  0.0447654   0.963945  -0.620108
         0          0          0          1
delta_angle:0.019898[deg]
-----------------------------------------------------
number of filtered cloud points: 5243
align time:0.00510335[sec]
has converged: 1
fitness score: 0.0681566
final transformation:
-0.963861 -0.036627  0.263875   1.62712
0.0472891 -0.998297 0.0341661 -0.701019
 0.262174 0.0454097  0.963952 -0.615886
        0         0         0         1
delta_angle:0.0189473[deg]
-----------------------------------------------------
number of filtered cloud points: 5230
align time:0.00523734[sec]
has converged: 1
fitness score: 0.0677473
final transformation:
  -0.96407 -0.0368682   0.263075    1.62203
  0.047372  -0.998309   0.033694  -0.697628
  0.261388  0.0449458   0.964187  -0.621578
         0          0          0          1
delta_angle:0.00225074[deg]
-----------------------------------------------------
number of filtered cloud points: 5285
align time:0.00541043[sec]
has converged: 1
fitness score: 0.0696763
final transformation:
 -0.964124 -0.0367538   0.262896    1.62742
 0.0470991   -0.99834  0.0331557  -0.697141
  0.261241  0.0443484   0.964254  -0.623629
         0          0          0          1
delta_angle:0.0208179[deg]
-----------------------------------------------------
number of filtered cloud points: 5303
align time:0.0054996[sec]
has converged: 1
fitness score: 0.0688923
final transformation:
-0.963894  -0.03672  0.263743   1.62563
0.0471772 -0.998327 0.0334236 -0.692861
 0.262074 0.0446594  0.964014 -0.623667
        0         0         0         1
delta_angle:0.0130231[deg]
-----------------------------------------------------
number of filtered cloud points: 5262
align time:0.00537348[sec]
has converged: 1
fitness score: 0.0671699
final transformation:
 -0.964252 -0.0370927   0.262376    1.62342
 0.0473135  -0.998343  0.0327426  -0.697072
  0.260727   0.043986    0.96441  -0.623155
         0          0          0          1
delta_angle:0.0128653[deg]
-----------------------------------------------------
number of filtered cloud points: 5281
align time:0.00522017[sec]
has converged: 1
fitness score: 0.0690632
final transformation:
-0.964218 -0.036738  0.262553   1.62751
0.0467925 -0.998387 0.0321434 -0.689762
 0.260949 0.0432787  0.964382 -0.621719
        0         0         0         1
delta_angle:0.0395449[deg]
-----------------------------------------------------
number of filtered cloud points: 5281
align time:0.00524044[sec]
has converged: 1
fitness score: 0.0695403
final transformation:
 -0.964002 -0.0369695   0.263311    1.62558
 0.0470407  -0.998379  0.0320448  -0.689501
  0.261699  0.0432775   0.964179  -0.622643
         0          0          0          1
delta_angle:0.03915[deg]
-----------------------------------------------------
number of filtered cloud points: 5256
align time:0.00515532[sec]
has converged: 1
fitness score: 0.0708044
final transformation:
 -0.964126 -0.0371319   0.262835    1.61626
 0.0469474  -0.998411  0.0311616  -0.692937
   0.26126  0.0423831   0.964337  -0.616229
         0          0          0          1
delta_angle:0.0120461[deg]
-----------------------------------------------------
number of filtered cloud points: 5247
align time:0.00524187[sec]
has converged: 1
fitness score: 0.0683335
final transformation:
 -0.964178 -0.0372486   0.262627    1.62268
 0.0467758  -0.998451  0.0301161  -0.690951
  0.261099  0.0413219   0.964427  -0.619589
         0          0          0          1
delta_angle:0.00362247[deg]
-----------------------------------------------------
number of filtered cloud points: 5233
align time:0.00535035[sec]
has converged: 1
fitness score: 0.0714493
final transformation:
 -0.963937 -0.0372478    0.26351    1.62453
 0.0466067  -0.998482  0.0293525  -0.679319
  0.262016  0.0405753    0.96421  -0.623564
         0          0          0          1
delta_angle:0.00330737[deg]
-----------------------------------------------------
number of filtered cloud points: 5246
align time:0.00526309[sec]
has converged: 1
fitness score: 0.0697809
final transformation:
-0.964123  -0.03726  0.262827   1.62543
0.0464276 -0.998508 0.0287548 -0.683244
 0.261363 0.0399256  0.964414 -0.620433
        0         0         0         1
delta_angle:8.08829e-05[deg]
-----------------------------------------------------
number of filtered cloud points: 5200
align time:0.00521612[sec]
has converged: 1
fitness score: 0.0683371
final transformation:
 -0.964293 -0.0372212    0.26221    1.62152
 0.0467489   -0.99845    0.03019  -0.689696
   0.26068    0.04137   0.964538  -0.622412
         0          0          0          1
delta_angle:0.0130144[deg]
-----------------------------------------------------
number of filtered cloud points: 5198
align time:0.00520086[sec]
has converged: 1
fitness score: 0.07005
final transformation:
 -0.964369 -0.0368101   0.261988    1.62465
 0.0467918  -0.998393  0.0319617   -0.70026
  0.260391  0.0430818   0.964542  -0.614677
         0          0          0          1
delta_angle:0.0186319[deg]
-----------------------------------------------------
number of filtered cloud points: 5201
align time:0.0053122[sec]
has converged: 1
fitness score: 0.0675342
final transformation:
 -0.964234 -0.0368479   0.262479    1.62444
 0.0471395  -0.998342  0.0330187  -0.702659
  0.260827  0.0442109   0.964373  -0.615901
         0          0          0          1
delta_angle:0.0219408[deg]
-----------------------------------------------------
number of filtered cloud points: 5198
align time:0.005162[sec]
has converged: 1
fitness score: 0.0675412
final transformation:
  -0.96422 -0.0370002   0.262507    1.62103
 0.0472265  -0.998347  0.0327524  -0.695331
  0.260862  0.0439778   0.964374   -0.62136
         0          0          0          1
delta_angle:0.00401482[deg]
-----------------------------------------------------
number of filtered cloud points: 5180
align time:0.00500584[sec]
has converged: 1
fitness score: 0.0671287
final transformation:
-0.964116 -0.036741  0.262928    1.6274
0.0470339 -0.998349 0.0329589 -0.695666
 0.261283 0.0441427  0.964252 -0.619643
        0         0         0         1
delta_angle:0.0201167[deg]
-----------------------------------------------------
number of filtered cloud points: 5226
align time:0.00561166[sec]
has converged: 1
fitness score: 0.0677991
final transformation:
 -0.964177 -0.0365886   0.262724    1.62906
 0.0470688  -0.998323  0.0337063  -0.699917
   0.26105   0.044865   0.964282   -0.62548
         0          0          0          1
delta_angle:0.00964768[deg]
-----------------------------------------------------
number of filtered cloud points: 5203
align time:0.00535107[sec]
has converged: 1
fitness score: 0.0659124
final transformation:
 -0.964037 -0.0365868   0.263238    1.62677
 0.0474361  -0.998262  0.0349756  -0.707439
  0.261501  0.0462047   0.964097  -0.620684
         0          0          0          1
delta_angle:0.0138959[deg]
-----------------------------------------------------
number of filtered cloud points: 5184
align time:0.00520158[sec]
has converged: 1
fitness score: 0.0699404
final transformation:
 -0.964108 -0.0363697   0.263009    1.62664
 0.0472729   -0.99826  0.0352452  -0.706416
  0.261269  0.0464134   0.964149  -0.619769
         0          0          0          1
delta_angle:0.0215099[deg]
-----------------------------------------------------
number of filtered cloud points: 5203
align time:0.00534964[sec]
has converged: 1
fitness score: 0.0655172
final transformation:
 -0.963737 -0.0363972   0.264361    1.62533
 0.0473499  -0.998259  0.0351756  -0.707794
   0.26262  0.0464175   0.963782  -0.611431
         0          0          0          1
delta_angle:0.014184[deg]
-----------------------------------------------------
number of filtered cloud points: 5228
align time:0.00501895[sec]
has converged: 1
fitness score: 0.0664272
final transformation:
  -0.96402 -0.0366366   0.263292    1.62153
 0.0473355  -0.998286  0.0344052  -0.704494
   0.26158  0.0456304   0.964103  -0.615059
         0          0          0          1
delta_angle:0.00322622[deg]
-----------------------------------------------------
number of filtered cloud points: 5156
align time:0.00538278[sec]
has converged: 1
fitness score: 0.0679525
final transformation:
 -0.963931 -0.0368742   0.263587    1.62756
 0.0472456  -0.998334  0.0331152  -0.698207
  0.261926  0.0443741   0.964067  -0.623586
         0          0          0          1
delta_angle:0.00217154[deg]
-----------------------------------------------------
number of filtered cloud points: 5172
align time:0.00546432[sec]
has converged: 1
fitness score: 0.0687274
final transformation:
 -0.963866 -0.0367814   0.263837    1.62279
 0.0469048  -0.998381  0.0321717  -0.694122
  0.262226  0.0433844   0.964031  -0.621269
         0          0          0          1
delta_angle:0.0166036[deg]
-----------------------------------------------------
number of filtered cloud points: 5170
align time:0.00534296[sec]
has converged: 1
fitness score: 0.0690608
final transformation:
 -0.964104 -0.0372312   0.262902    1.62821
 0.0468418   -0.99844  0.0303812  -0.693517
  0.261361  0.0416054   0.964344  -0.619539
         0          0          0          1
delta_angle:0.0234614[deg]
-----------------------------------------------------
number of filtered cloud points: 5203
align time:0.0053699[sec]
has converged: 1
fitness score: 0.0684815
final transformation:
  -0.96408 -0.0371307   0.263003     1.6254
 0.0466143  -0.998465  0.0299092  -0.688616
  0.261489  0.0410946   0.964331  -0.620055
         0          0          0          1
delta_angle:0.0205248[deg]
-----------------------------------------------------
number of filtered cloud points: 5193
align time:0.00539422[sec]
has converged: 1
fitness score: 0.065944
final transformation:
 -0.964183 -0.0370982   0.262631    1.62207
 0.0468016   -0.99843  0.0307861  -0.693092
  0.261076   0.041975   0.964405  -0.623372
         0          0          0          1
delta_angle:0.0141603[deg]
-----------------------------------------------------
number of filtered cloud points: 5174
align time:0.0053091[sec]
has converged: 1
fitness score: 0.0716414
final transformation:
 -0.964255 -0.0366143   0.262433     1.6271
 0.0466018  -0.998403  0.0319327  -0.692901
  0.260845  0.0430211   0.964422  -0.624092
         0          0          0          1
delta_angle:0.024281[deg]
-----------------------------------------------------
number of filtered cloud points: 5166
align time:0.0052712[sec]
has converged: 1
fitness score: 0.0657679
final transformation:
 -0.964171 -0.0367696    0.26272    1.62456
 0.0471374  -0.998334  0.0332682  -0.699031
  0.261059  0.0444602   0.964298  -0.621803
         0          0          0          1
delta_angle:0.0397743[deg]
-----------------------------------------------------
number of filtered cloud points: 5187
align time:0.00548959[sec]
has converged: 1
fitness score: 0.0642685
final transformation:
 -0.964206 -0.0371204   0.262543    1.62245
 0.0473993  -0.998333  0.0329247   -0.69827
  0.260884  0.0441906   0.964358  -0.623449
         0          0          0          1
delta_angle:0.00240147[deg]
-----------------------------------------------------
number of filtered cloud points: 5227
align time:0.00544691[sec]
has converged: 1
fitness score: 0.0677596
final transformation:
 -0.964194 -0.0369771   0.262608    1.62485
 0.0470441  -0.998375  0.0321491  -0.700963
  0.260992  0.0433521   0.964367  -0.615827
         0          0          0          1
delta_angle:0.032014[deg]
-----------------------------------------------------
number of filtered cloud points: 5202
align time:0.00516605[sec]
has converged: 1
fitness score: 0.0680495
final transformation:
 -0.964018 -0.0368088   0.263277    1.62429
 0.0468585  -0.998389  0.0319927  -0.694886
  0.261676  0.0431783    0.96419  -0.620039
         0          0          0          1
delta_angle:0.00429139[deg]
-----------------------------------------------------
number of filtered cloud points: 5213
align time:0.00529718[sec]
has converged: 1
fitness score: 0.0709437
final transformation:
 -0.964028 -0.0368348   0.263236     1.6267
 0.0470484   -0.99836  0.0326004  -0.696238
  0.261604  0.0438125    0.96418  -0.617126
         0          0          0          1
delta_angle:0.0163546[deg]
-----------------------------------------------------
number of filtered cloud points: 5204
align time:0.00540614[sec]
has converged: 1
fitness score: 0.0673495
final transformation:
 -0.964159 -0.0369723   0.262737    1.62152
 0.0470017  -0.998382  0.0319888  -0.690044
   0.26113  0.0431914   0.964337  -0.621259
         0          0          0          1
delta_angle:0.00362451[deg]
-----------------------------------------------------
number of filtered cloud points: 5111
align time:0.00512886[sec]
has converged: 1
fitness score: 0.0680626
final transformation:
-0.964113 -0.037125  0.262885    1.6204
0.0470018 -0.998402   0.03138 -0.690986
 0.261299 0.0426099  0.964317 -0.618327
        0         0         0         1
delta_angle:0.00169026[deg]
-----------------------------------------------------
number of filtered cloud points: 5032
align time:0.00573611[sec]
has converged: 1
fitness score: 0.0678716
final transformation:
 -0.964139 -0.0373113   0.262763    1.61622
 0.0466944  -0.998472  0.0295539  -0.679195
  0.261259  0.0407636   0.964408   -0.60108
         0          0          0          1
delta_angle:0.00804476[deg]
-----------------------------------------------------
number of filtered cloud points: 4930
align time:0.00500274[sec]
has converged: 1
fitness score: 0.0709117
final transformation:
 -0.964255 -0.0375635   0.262299    1.61426
 0.0460918  -0.998587  0.0264347  -0.676369
  0.260936  0.0375797   0.964624   -0.60048
         0          0          0          1
delta_angle:0.00670702[deg]
-----------------------------------------------------
number of filtered cloud points: 4964
align time:0.00506139[sec]
has converged: 1
fitness score: 0.0698177
final transformation:
 -0.964492 -0.0376923   0.261407     1.6204
 0.0459014  -0.998624  0.0253668  -0.666565
  0.260091   0.036465   0.964895  -0.601907
         0          0          0          1
delta_angle:0.0084371[deg]
-----------------------------------------------------
number of filtered cloud points: 5008
align time:0.00495505[sec]
has converged: 1
fitness score: 0.071553
final transformation:
 -0.964633 -0.0377204   0.260884    1.62081
  0.045689  -0.998654  0.0245452  -0.660278
  0.259607  0.0355967   0.965058  -0.593792
         0          0          0          1
delta_angle:0.00373091[deg]
-----------------------------------------------------
number of filtered cloud points: 5046
align time:0.00521922[sec]
has converged: 1
fitness score: 0.0734369
final transformation:
 -0.964633 -0.0377659   0.260878    1.62521
 0.0457009  -0.998657   0.024415  -0.660776
  0.259606  0.0354739   0.965063  -0.602641
         0          0          0          1
delta_angle:0.00722981[deg]
-----------------------------------------------------
number of filtered cloud points: 5060
align time:0.00498891[sec]
has converged: 1
fitness score: 0.0706489
final transformation:
 -0.964589 -0.0377407   0.261043    1.61986
 0.0457742  -0.998645  0.0247611  -0.662186
  0.259755  0.0358333    0.96501  -0.602003
         0          0          0          1
delta_angle:0.000324242[deg]
-----------------------------------------------------
number of filtered cloud points: 5111
align time:0.00554824[sec]
has converged: 1
fitness score: 0.0700358
final transformation:
 -0.964367 -0.0375638   0.261888    1.62373
 0.0459615  -0.998605  0.0260125  -0.667101
  0.260545  0.0371223   0.964748  -0.605515
         0          0          0          1
delta_angle:0.000891381[deg]
-----------------------------------------------------
number of filtered cloud points: 5115
align time:0.00516415[sec]
has converged: 1
fitness score: 0.0688264
final transformation:
-0.964267  -0.03759  0.262254   1.61495
0.0462239 -0.998571 0.0268286 -0.669098
  0.26087 0.0379923  0.964626 -0.608289
        0         0         0         1
delta_angle:0.00784749[deg]
-----------------------------------------------------
number of filtered cloud points: 5152
align time:0.00536513[sec]
has converged: 1
fitness score: 0.071273
final transformation:
 -0.964371 -0.0375077   0.261882    1.62057
 0.0462285   -0.99856  0.0272171  -0.675823
  0.260484  0.0383538   0.964716  -0.606015
         0          0          0          1
delta_angle:0.010648[deg]
-----------------------------------------------------
number of filtered cloud points: 5119
align time:0.00543118[sec]
has converged: 1
fitness score: 0.0718152
final transformation:
 -0.964541 -0.0374723   0.261259    1.62255
 0.0459524  -0.998594  0.0264234  -0.670858
  0.259901  0.0374919   0.964907  -0.606752
         0          0          0          1
delta_angle:0.00688795[deg]
-----------------------------------------------------
number of filtered cloud points: 5114
align time:0.00557709[sec]
has converged: 1
fitness score: 0.0697818
final transformation:
-0.964477 -0.037503   0.26149   1.62015
0.0460189 -0.998589 0.0265178  -0.66742
 0.260126 0.0376093  0.964842  -0.60717
        0         0         0         1
delta_angle:0.0117821[deg]
-----------------------------------------------------
number of filtered cloud points: 5137
align time:0.00544[sec]
has converged: 1
fitness score: 0.0736321
final transformation:
 -0.964417 -0.0374883   0.261713    1.62589
  0.046109  -0.998575  0.0268745  -0.671582
  0.260332  0.0379856   0.964772  -0.612003
         0          0          0          1
delta_angle:0.000485825[deg]
-----------------------------------------------------
number of filtered cloud points: 5107
align time:0.00517631[sec]
has converged: 1
fitness score: 0.0731041
final transformation:
 -0.964585 -0.0374217   0.261103    1.62688
 0.0459245  -0.998592  0.0265377  -0.670023
  0.259742  0.0375889   0.964946  -0.607694
         0          0          0          1
delta_angle:0.0096467[deg]
-----------------------------------------------------
number of filtered cloud points: 5137
align time:0.00557971[sec]
has converged: 1
fitness score: 0.0734903
final transformation:
 -0.964555 -0.0375558   0.261194    1.62983
  0.045993  -0.998596   0.026263  -0.666352
  0.259842  0.0373453   0.964929  -0.614084
         0          0          0          1
delta_angle:0.0134068[deg]
-----------------------------------------------------
number of filtered cloud points: 5088
align time:0.00542569[sec]
has converged: 1
fitness score: 0.0753113
final transformation:
 -0.964685 -0.0375665   0.260713    1.62747
 0.0460129  -0.998593  0.0263676  -0.669699
  0.259355  0.0374326   0.965056  -0.609383
         0          0          0          1
delta_angle:0.00501667[deg]
-----------------------------------------------------
number of filtered cloud points: 5105
align time:0.0054884[sec]
has converged: 1
fitness score: 0.0726912
final transformation:
 -0.964567 -0.0375774   0.261149    1.62369
 0.0459801    -0.9986  0.0261389  -0.669431
  0.259801  0.0372204   0.964944  -0.608212
         0          0          0          1
delta_angle:0.00153894[deg]
-----------------------------------------------------
number of filtered cloud points: 5090
align time:0.00504398[sec]
has converged: 1
fitness score: 0.0713069
final transformation:
-0.964421 -0.037573  0.261688   1.61677
0.0461585 -0.998576 0.0267369 -0.671441
 0.260311 0.0378648  0.964782 -0.606914
        0         0         0         1
delta_angle:0.00582815[deg]
-----------------------------------------------------
number of filtered cloud points: 5127
align time:0.00526094[sec]
has converged: 1
fitness score: 0.072358
final transformation:
 -0.964438 -0.0374736    0.26164    1.62167
 0.0462802  -0.998548  0.0275764  -0.674579
  0.260227  0.0387045   0.964771  -0.611199
         0          0          0          1
delta_angle:0.00452213[deg]
-----------------------------------------------------
number of filtered cloud points: 5118
align time:0.0054481[sec]
has converged: 1
fitness score: 0.069133
final transformation:
 -0.964428 -0.0374243   0.261683    1.62103
 0.0461685  -0.998559  0.0273454  -0.671669
  0.260282  0.0384541   0.964767  -0.603602
         0          0          0          1
delta_angle:0.00533908[deg]
-----------------------------------------------------
number of filtered cloud points: 5103
align time:0.00557399[sec]
has converged: 1
fitness score: 0.0702562
final transformation:
 -0.964545 -0.0375369   0.261236    1.62439
 0.0462249  -0.998561  0.0271901  -0.672479
  0.259839  0.0383016   0.964892  -0.606418
         0          0          0          1
delta_angle:0.00939421[deg]
-----------------------------------------------------
number of filtered cloud points: 5119
align time:0.00566483[sec]
has converged: 1
fitness score: 0.0703243
final transformation:
 -0.964492 -0.0377617   0.261399    1.62374
  0.046148  -0.998596  0.0260165  -0.669931
   0.26005  0.0371558    0.96488  -0.604036
         0          0          0          1
delta_angle:0.000242027[deg]
-----------------------------------------------------
number of filtered cloud points: 5141
align time:0.00547075[sec]
has converged: 1
fitness score: 0.0731774
final transformation:
 -0.964706 -0.0375377   0.260638     1.6295
 0.0459581  -0.998597  0.0262858  -0.671916
  0.259286  0.0373365   0.965079   -0.60725
         0          0          0          1
delta_angle:0.0165656[deg]
-----------------------------------------------------
number of filtered cloud points: 5108
align time:0.00537181[sec]
has converged: 1
fitness score: 0.0717284
final transformation:
 -0.964745 -0.0375465   0.260495    1.62852
 0.0458796  -0.998609  0.0259805  -0.671324
  0.259157   0.037016   0.965126  -0.603738
         0          0          0          1
delta_angle:0.0100841[deg]
-----------------------------------------------------
number of filtered cloud points: 5095
align time:0.00515246[sec]
has converged: 1
fitness score: 0.071463
final transformation:
 -0.964619 -0.0376314    0.26095    1.62314
 0.0460384  -0.998597  0.0261772  -0.668344
  0.259599  0.0372647   0.964997  -0.610807
         0          0          0          1
delta_angle:0.00924184[deg]
-----------------------------------------------------
number of filtered cloud points: 5089
align time:0.00545049[sec]
has converged: 1
fitness score: 0.0692373
final transformation:
  -0.96456 -0.0374884   0.261187    1.62617
 0.0460006  -0.998589  0.0265513  -0.670528
  0.259823  0.0376251   0.964923  -0.603947
         0          0          0          1
delta_angle:0.0124558[deg]
-----------------------------------------------------
number of filtered cloud points: 5151
align time:0.00540876[sec]
has converged: 1
fitness score: 0.0703192
final transformation:
 -0.964725 -0.0375363   0.260569    1.62762
 0.0462123   -0.99856  0.0272476  -0.674654
  0.259171  0.0383279   0.965071  -0.604175
         0          0          0          1
delta_angle:0.0126438[deg]
-----------------------------------------------------
number of filtered cloud points: 5105
align time:0.00488257[sec]
has converged: 1
fitness score: 0.0711809
final transformation:
  -0.96451 -0.0375253   0.261366    1.62545
 0.0461737  -0.998568  0.0270253  -0.672565
  0.259978  0.0381344   0.964861  -0.610866
         0          0          0          1
delta_angle:0.0088004[deg]
-----------------------------------------------------
number of filtered cloud points: 5131
align time:0.00507426[sec]
has converged: 1
fitness score: 0.0753451
final transformation:
 -0.964664 -0.0376591   0.260778    1.62669
 0.0460281    -0.9986  0.0260579  -0.668783
  0.259432  0.0371402   0.965047  -0.614505
         0          0          0          1
delta_angle:0.000970968[deg]
-----------------------------------------------------
number of filtered cloud points: 5094
align time:0.00484586[sec]
has converged: 1
fitness score: 0.0684683
final transformation:
 -0.964662 -0.0376066   0.260794    1.61869
 0.0459316  -0.998609  0.0258985  -0.667947
  0.259457   0.036962   0.965047  -0.611445
         0          0          0          1
delta_angle:0.00421077[deg]
-----------------------------------------------------
number of filtered cloud points: 5125
align time:0.00488472[sec]
has converged: 1
fitness score: 0.0707899
final transformation:
 -0.964573 -0.0375948   0.261123    1.62595
 0.0462183  -0.998567  0.0269602   -0.67239
  0.259735  0.0380737   0.964929  -0.610679
         0          0          0          1
delta_angle:0.0125528[deg]
-----------------------------------------------------
number of filtered cloud points: 5123
align time:0.00504684[sec]
has converged: 1
fitness score: 0.0712488
final transformation:
  -0.96464 -0.0374573   0.260896    1.62634
 0.0459449  -0.998592  0.0265073   -0.67115
  0.259536  0.0375568   0.965003  -0.609208
         0          0          0          1
delta_angle:0.0200481[deg]
-----------------------------------------------------
number of filtered cloud points: 5141
align time:0.00499725[sec]
has converged: 1
fitness score: 0.0732433
final transformation:
 -0.964759 -0.0374555   0.260457    1.62703
 0.0457686  -0.998616  0.0259235  -0.669508
  0.259125  0.0369307   0.965137  -0.607888
         0          0          0          1
delta_angle:0.00684315[deg]
-----------------------------------------------------
number of filtered cloud points: 5095
align time:0.00495076[sec]
has converged: 1
fitness score: 0.072038
final transformation:
 -0.964693 -0.0374518     0.2607    1.62634
 0.0458148   -0.99861  0.0260738  -0.667031
  0.259361  0.0370972   0.965068  -0.607513
         0          0          0          1
delta_angle:0.00659485[deg]
-----------------------------------------------------
number of filtered cloud points: 5106
align time:0.00530481[sec]
has converged: 1
fitness score: 0.0699227
final transformation:
 -0.964523 -0.0373469   0.261346    1.62654
 0.0456241  -0.998629  0.0256739  -0.668735
  0.260028  0.0366867   0.964904  -0.603154
         0          0          0          1
delta_angle:0.00977131[deg]
-----------------------------------------------------
number of filtered cloud points: 5122
align time:0.00547862[sec]
has converged: 1
fitness score: 0.0731864
final transformation:
 -0.964475 -0.0377306   0.261467    1.62059
 0.0462501  -0.998578  0.0265044  -0.672344
  0.260095  0.0376557   0.964849  -0.607747
         0          0          0          1
delta_angle:0.037533[deg]
-----------------------------------------------------
number of filtered cloud points: 5096
align time:0.00568056[sec]
has converged: 1
fitness score: 0.0706053
final transformation:
 -0.964473 -0.0374234   0.261516    1.62142
  0.046097  -0.998569   0.027109  -0.669932
  0.260128   0.038201   0.964818    -0.6033
         0          0          0          1
delta_angle:0.0424246[deg]
-----------------------------------------------------
number of filtered cloud points: 5122
align time:0.00535989[sec]
has converged: 1
fitness score: 0.071097
final transformation:
 -0.964421 -0.0374554   0.261704    1.62761
 0.0460643  -0.998578  0.0268366  -0.674083
  0.260327   0.037937   0.964775  -0.606929
         0          0          0          1
delta_angle:0.0133298[deg]
-----------------------------------------------------
number of filtered cloud points: 5109
align time:0.00544524[sec]
has converged: 1
fitness score: 0.0716976
final transformation:
 -0.964479 -0.0375505   0.261475    1.62394
 0.0461224  -0.998578  0.0267215  -0.670676
    0.2601  0.0378322    0.96484  -0.607406
         0          0          0          1
delta_angle:0.00445407[deg]
-----------------------------------------------------
number of filtered cloud points: 5151
align time:0.00556207[sec]
has converged: 1
fitness score: 0.0734219
final transformation:
 -0.964635 -0.0377004   0.260878    1.62409
  0.045887  -0.998625  0.0253593  -0.670045
  0.259563  0.0364334   0.965038  -0.610988
         0          0          0          1
delta_angle:0.00711711[deg]
-----------------------------------------------------
number of filtered cloud points: 5132
align time:0.00507188[sec]
has converged: 1
fitness score: 0.0731883
final transformation:
 -0.964512 -0.0376743   0.261337    1.62177
 0.0460369  -0.998603  0.0259491   -0.67044
  0.259994  0.0370594   0.964899  -0.608685
         0          0          0          1
delta_angle:0.00623529[deg]
-----------------------------------------------------
number of filtered cloud points: 5132
align time:0.00513649[sec]
has converged: 1
fitness score: 0.0691768
final transformation:
 -0.964518 -0.0373658    0.26136    1.62462
 0.0458258  -0.998602  0.0263476  -0.670798
  0.260011  0.0373898   0.964882  -0.609367
         0          0          0          1
delta_angle:0.0184819[deg]
-----------------------------------------------------
number of filtered cloud points: 5104
align time:0.00539112[sec]
has converged: 1
fitness score: 0.0710805
final transformation:
  -0.96461 -0.0375729    0.26099    1.62583
 0.0461321  -0.998577  0.0267445  -0.677268
  0.259614   0.037838   0.964971  -0.601033
         0          0          0          1
delta_angle:0.0298667[deg]
-----------------------------------------------------
number of filtered cloud points: 5138
align time:0.00536609[sec]
has converged: 1
fitness score: 0.0695276
final transformation:
 -0.964577 -0.0373514   0.261143    1.62764
 0.0458958   -0.99859  0.0266952  -0.673518
  0.259778   0.037735   0.964931  -0.603272
         0          0          0          1
delta_angle:0.0279771[deg]
-----------------------------------------------------
number of filtered cloud points: 5118
align time:0.00545216[sec]
has converged: 1
fitness score: 0.0691596
final transformation:
 -0.964459 -0.0374075   0.261572     1.6231
 0.0461847  -0.998555  0.0274868  -0.674426
  0.260166  0.0385905   0.964792  -0.600144
         0          0          0          1
delta_angle:0.0234371[deg]
-----------------------------------------------------
number of filtered cloud points: 5114
align time:0.00541306[sec]
has converged: 1
fitness score: 0.0684457
final transformation:
 -0.964353 -0.0375155   0.261946    1.61754
  0.046049  -0.998587   0.026513  -0.671789
  0.260581  0.0376303   0.964718  -0.604593
         0          0          0          1
delta_angle:0.0108313[deg]
-----------------------------------------------------
number of filtered cloud points: 5082
align time:0.00539589[sec]
has converged: 1
fitness score: 0.0709462
final transformation:
-0.964362 -0.037423  0.261927   1.62248
 0.045937 -0.998594 0.0264561 -0.672215
 0.260569 0.0375454  0.964725  -0.60619
        0         0         0         1
delta_angle:0.00511085[deg]
-----------------------------------------------------
number of filtered cloud points: 5089
align time:0.00527787[sec]
has converged: 1
fitness score: 0.0721299
final transformation:
 -0.964689 -0.0376375   0.260688    1.62721
 0.0460562  -0.998594  0.0262587  -0.669563
  0.259334  0.0373378   0.965066  -0.610479
         0          0          0          1
delta_angle:0.0153372[deg]
-----------------------------------------------------
number of filtered cloud points: 5157
align time:0.00546694[sec]
has converged: 1
fitness score: 0.0724813
final transformation:
  -0.96462 -0.0376519   0.260941    1.63331
 0.0459625  -0.998609  0.0258174  -0.670652
  0.259606  0.0368975   0.965009   -0.60583
         0          0          0          1
delta_angle:0.0117926[deg]
-----------------------------------------------------
number of filtered cloud points: 5119
align time:0.00546336[sec]
has converged: 1
fitness score: 0.0682077
final transformation:
 -0.964509 -0.0375581   0.261365    1.62345
  0.045876  -0.998614  0.0257945  -0.667706
  0.260034  0.0368695   0.964895  -0.605517
         0          0          0          1
delta_angle:0.0030004[deg]
-----------------------------------------------------
number of filtered cloud points: 5092
align time:0.00543571[sec]
has converged: 1
fitness score: 0.0700793
final transformation:
 -0.964582 -0.0373941   0.261119    1.62589
  0.045833  -0.998603  0.0263018  -0.671426
  0.259771  0.0373381   0.964948  -0.607154
         0          0          0          1
delta_angle:0.000650671[deg]
-----------------------------------------------------
number of filtered cloud points: 5148
align time:0.00538659[sec]
has converged: 1
fitness score: 0.067675
final transformation:
 -0.964422 -0.0377148   0.261665    1.61969
  0.046218  -0.998582  0.0264169  -0.670472
  0.260297  0.0375707   0.964797   -0.60892
         0          0          0          1
delta_angle:0.0266007[deg]
-----------------------------------------------------
number of filtered cloud points: 5141
align time:0.00517988[sec]
has converged: 1
fitness score: 0.0727646
final transformation:
 -0.964402 -0.0375284   0.261764     1.6212
 0.0460363   -0.99859   0.026444  -0.672962
  0.260403  0.0375533    0.96477  -0.602325
         0          0          0          1
delta_angle:0.0312308[deg]
-----------------------------------------------------
number of filtered cloud points: 5125
align time:0.00538611[sec]
has converged: 1
fitness score: 0.0753079
final transformation:
 -0.964584 -0.0375068   0.261096     1.6248
 0.0459683  -0.998595   0.026374  -0.670643
   0.25974  0.0374421   0.964952  -0.607144
         0          0          0          1
delta_angle:0.00804242[deg]
-----------------------------------------------------
number of filtered cloud points: 5125
align time:0.00518918[sec]
has converged: 1
fitness score: 0.0704205
final transformation:
 -0.964622 -0.0374878   0.260958    1.62226
 0.0457334  -0.998626   0.025595  -0.668717
   0.25964   0.036624   0.965011  -0.602837
         0          0          0          1
delta_angle:0.00455132[deg]
-----------------------------------------------------
number of filtered cloud points: 5135
align time:0.00529027[sec]
has converged: 1
fitness score: 0.0698813
final transformation:
 -0.964516 -0.0374138   0.261361    1.62842
 0.0456671  -0.998629   0.025574  -0.663809
  0.260046  0.0366021   0.964902  -0.606794
         0          0          0          1
delta_angle:0.00326174[deg]
-----------------------------------------------------
number of filtered cloud points: 5129
align time:0.00523663[sec]
has converged: 1
fitness score: 0.0731453
final transformation:
  -0.96439 -0.0375357   0.261809    1.62124
 0.0459434  -0.998604  0.0260651  -0.670157
  0.260465  0.0371652   0.964768  -0.607579
         0          0          0          1
delta_angle:0.0154582[deg]
-----------------------------------------------------
number of filtered cloud points: 5167
align time:0.0056293[sec]
has converged: 1
fitness score: 0.071786
final transformation:
 -0.964348 -0.0372207   0.262007    1.62571
 0.0460095  -0.998563  0.0274875  -0.672777
  0.260607  0.0385624   0.964674  -0.611203
         0          0          0          1
delta_angle:0.0184733[deg]
-----------------------------------------------------
number of filtered cloud points: 5149
align time:0.005445[sec]
has converged: 1
fitness score: 0.0700589
final transformation:
-0.964368 -0.037543  0.261889   1.62387
0.0465023 -0.998523  0.028095 -0.677115
 0.260447 0.0392723  0.964689 -0.605996
        0         0         0         1
delta_angle:0.0303947[deg]
-----------------------------------------------------
number of filtered cloud points: 5134
align time:0.0053277[sec]
has converged: 1
fitness score: 0.07155
final transformation:
  -0.96443 -0.0373514   0.261685    1.62565
 0.0461909  -0.998548  0.0277079  -0.675921
  0.260271  0.0388098   0.964755  -0.602986
         0          0          0          1
delta_angle:0.0378687[deg]
-----------------------------------------------------
number of filtered cloud points: 5135
align time:0.00523877[sec]
has converged: 1
fitness score: 0.0708262
final transformation:
  -0.96455 -0.0375192   0.261218    1.62664
 0.0460914  -0.998579  0.0267658  -0.671624
  0.259842  0.0378568   0.964909  -0.611413
         0          0          0          1
delta_angle:0.0164112[deg]
-----------------------------------------------------
number of filtered cloud points: 5062
align time:0.00548458[sec]
has converged: 1
fitness score: 0.0713506
final transformation:
 -0.96451 -0.037579  0.261359   1.62066
0.0460506 -0.998591 0.0263628 -0.668444
     0.26 0.0374629  0.964882  -0.60813
        0         0         0         1
delta_angle:0.00113299[deg]
-----------------------------------------------------
number of filtered cloud points: 5165
align time:0.0053401[sec]
has converged: 1
fitness score: 0.0706682
final transformation:
 -0.964693 -0.0376256   0.260676    1.62687
 0.0458972  -0.998615  0.0257149  -0.671417
  0.259348  0.0367712   0.965084  -0.606402
         0          0          0          1
delta_angle:0.00404963[deg]
-----------------------------------------------------
number of filtered cloud points: 5112
align time:0.00545382[sec]
has converged: 1
fitness score: 0.0735028
final transformation:
 -0.964749 -0.0375215   0.260483    1.62678
 0.0456745  -0.998636  0.0253149   -0.66416
  0.259178    0.03632   0.965147  -0.606584
         0          0          0          1
delta_angle:0.00601444[deg]
-----------------------------------------------------
number of filtered cloud points: 5081
align time:0.00538039[sec]
has converged: 1
fitness score: 0.0695984
final transformation:
-0.964589 -0.037518  0.261076   1.62259
0.0457596 -0.998625 0.0255587 -0.666852
 0.259758 0.0366004   0.96498 -0.603182
        0         0         0         1
delta_angle:0.0119802[deg]
-----------------------------------------------------
number of filtered cloud points: 5089
align time:0.00547457[sec]
has converged: 1
fitness score: 0.0698277
final transformation:
 -0.964512 -0.0374613   0.261366    1.62289
 0.0457922  -0.998616  0.0258555   -0.67016
  0.260036  0.0369065   0.964893   -0.59774
         0          0          0          1
delta_angle:0.00316929[deg]
-----------------------------------------------------
number of filtered cloud points: 5131
align time:0.00548601[sec]
has converged: 1
fitness score: 0.0718177
final transformation:
 -0.964569 -0.0376398   0.261134    1.62369
 0.0461155  -0.998587   0.026404  -0.672484
  0.259771  0.0375108   0.964942  -0.605919
         0          0          0          1
delta_angle:0.0150819[deg]
-----------------------------------------------------
number of filtered cloud points: 5093
align time:0.00592065[sec]
has converged: 1
fitness score: 0.0706158
final transformation:
-0.964508 -0.037476   0.26138    1.6248
0.0460368 -0.998583 0.0267043 -0.671775
 0.260009 0.0377896  0.964866 -0.603458
        0         0         0         1
delta_angle:0.0216289[deg]
-----------------------------------------------------
number of filtered cloud points: 5136
align time:0.00534391[sec]
has converged: 1
fitness score: 0.0708404
final transformation:
-0.964342 -0.037658  0.261967   1.61742
0.0463011 -0.998565  0.026897 -0.675301
 0.260578 0.0380672  0.964702 -0.602234
        0         0         0         1
delta_angle:0.0199976[deg]
-----------------------------------------------------
number of filtered cloud points: 5091
align time:0.0052619[sec]
has converged: 1
fitness score: 0.0723763
final transformation:
 -0.964375 -0.0375091   0.261866     1.6211
 0.0461526  -0.998571  0.0269334  -0.671148
  0.260482  0.0380597   0.964728  -0.606283
         0          0          0          1
delta_angle:0.02183[deg]
-----------------------------------------------------
number of filtered cloud points: 5115
align time:0.00515461[sec]
has converged: 1
fitness score: 0.0703624
final transformation:
 -0.964492 -0.0375799   0.261423    1.62634
 0.0463085  -0.998554  0.0273066  -0.675185
  0.260019  0.0384432   0.964838  -0.604499
         0          0          0          1
delta_angle:0.0154622[deg]
-----------------------------------------------------
number of filtered cloud points: 5097
align time:0.0054636[sec]
has converged: 1
fitness score: 0.0740674
final transformation:
 -0.964632 -0.0377189   0.260887    1.62424
 0.0461898  -0.998583   0.026413  -0.669222
  0.259521  0.0375291   0.965008  -0.605742
         0          0          0          1
delta_angle:0.00628551[deg]
-----------------------------------------------------
number of filtered cloud points: 5112
align time:0.00548434[sec]
has converged: 1
fitness score: 0.075857
final transformation:
 -0.964334 -0.0374007   0.262031    1.62215
 0.0460049  -0.998582  0.0267771  -0.671362
  0.260658  0.0378768   0.964688  -0.609571
         0          0          0          1
delta_angle:0.0146458[deg]
-----------------------------------------------------
number of filtered cloud points: 5096
align time:0.00523376[sec]
has converged: 1
fitness score: 0.0727291
final transformation:
 -0.963962 -0.0373072   0.263412     1.6119
 0.0460537  -0.998571  0.0271063  -0.673944
  0.262024  0.0382605   0.964303    -0.6065
         0          0          0          1
delta_angle:0.0130271[deg]
-----------------------------------------------------
number of filtered cloud points: 5124
align time:0.00550771[sec]
has converged: 1
fitness score: 0.0698148
final transformation:
  -0.96402 -0.0374605   0.263178    1.61166
 0.0462736  -0.998554  0.0273667  -0.668821
  0.261772  0.0385602   0.964359  -0.602765
         0          0          0          1
delta_angle:0.0121563[deg]
-----------------------------------------------------
number of filtered cloud points: 5124
align time:0.00527549[sec]
has converged: 1
fitness score: 0.0778952
final transformation:
-0.964232 -0.037484  0.262394   1.61802
0.0464913  -0.99852 0.0282014 -0.675022
 0.260949 0.0393917  0.964549 -0.607599
        0         0         0         1
delta_angle:0.00378573[deg]
-----------------------------------------------------
number of filtered cloud points: 5080
align time:0.00531936[sec]
has converged: 1
fitness score: 0.0733591
final transformation:
-0.964221  -0.03719  0.262479   1.61676
0.0463281 -0.998514   0.02871 -0.677451
 0.261021  0.039843  0.964511 -0.605884
        0         0         0         1
delta_angle:0.0200984[deg]
-----------------------------------------------------
number of filtered cloud points: 5160
align time:0.00569916[sec]
has converged: 1
fitness score: 0.0695377
final transformation:
 -0.964138 -0.0372898   0.262769    1.61571
 0.0463703  -0.998519  0.0284387  -0.678909
  0.261319  0.0396035    0.96444  -0.605616
         0          0          0          1
delta_angle:0.0176219[deg]
-----------------------------------------------------
number of filtered cloud points: 5106
align time:0.00530481[sec]
has converged: 1
fitness score: 0.0734101
final transformation:
 -0.964446 -0.0375959    0.26159    1.62018
 0.0462078  -0.998571  0.0268465  -0.673404
  0.260207  0.0379795   0.964806  -0.608863
         0          0          0          1
delta_angle:0.000161553[deg]
-----------------------------------------------------
number of filtered cloud points: 5131
align time:0.00520492[sec]
has converged: 1
fitness score: 0.072691
final transformation:
 -0.964707 -0.0377176   0.260609    1.62612
 0.0460762  -0.998599  0.0260363  -0.670512
  0.259262  0.0371253   0.965093  -0.612684
         0          0          0          1
delta_angle:0.00452032[deg]
-----------------------------------------------------
number of filtered cloud points: 5161
align time:0.00543952[sec]
has converged: 1
fitness score: 0.0735387
final transformation:
 -0.964758 -0.0376277   0.260433    1.62526
 0.0458613  -0.998619  0.0256084  -0.668454
   0.25911  0.0366498   0.965152   -0.60956
         0          0          0          1
delta_angle:0.00801439[deg]
-----------------------------------------------------
number of filtered cloud points: 5134
align time:0.00568271[sec]
has converged: 1
fitness score: 0.0733857
final transformation:
 -0.964577 -0.0377121   0.261091    1.63245
 0.0460348  -0.998606  0.0258324   -0.66641
  0.259752  0.0369366   0.964969  -0.612194
         0          0          0          1
delta_angle:0.0163034[deg]
-----------------------------------------------------
number of filtered cloud points: 5111
align time:0.0051012[sec]
has converged: 1
fitness score: 0.0735146
final transformation:
  -0.96454 -0.0374626   0.261266    1.62473
 0.0458643  -0.998606  0.0261328  -0.670469
  0.259922  0.0371888   0.964913  -0.608482
         0          0          0          1
delta_angle:0.0196626[deg]
-----------------------------------------------------
number of filtered cloud points: 5100
align time:0.00561166[sec]
has converged: 1
fitness score: 0.0695637
final transformation:
 -0.964447 -0.0376705   0.261576    1.62507
 0.0462235  -0.998576  0.0266202  -0.669163
  0.260201  0.0377647   0.964816   -0.61152
         0          0          0          1
delta_angle:0.0286548[deg]
-----------------------------------------------------
number of filtered cloud points: 5069
align time:0.00535035[sec]
has converged: 1
fitness score: 0.0703768
final transformation:
 -0.964324 -0.0373205   0.262081    1.61665
 0.0460165  -0.998572  0.0271199  -0.672193
  0.260695  0.0382124   0.964665  -0.605417
         0          0          0          1
delta_angle:0.0322758[deg]
-----------------------------------------------------
number of filtered cloud points: 5112
align time:0.00529552[sec]
has converged: 1
fitness score: 0.0682129
final transformation:
  -0.96414 -0.0373472   0.262755    1.62029
 0.0464761   -0.99851  0.0286117  -0.677182
  0.261295  0.0397975   0.964438  -0.606129
         0          0          0          1
delta_angle:0.0300667[deg]
-----------------------------------------------------
number of filtered cloud points: 5119
align time:0.0054419[sec]
has converged: 1
fitness score: 0.0686652
final transformation:
 -0.964184 -0.0369801   0.262644    1.62298
 0.0460702  -0.998531  0.0285346  -0.675042
  0.261203  0.0396127   0.964471  -0.605735
         0          0          0          1
delta_angle:0.0362408[deg]
-----------------------------------------------------
number of filtered cloud points: 5116
align time:0.00574493[sec]
has converged: 1
fitness score: 0.0677171
final transformation:
 -0.964213 -0.0373099    0.26249    1.61648
 0.0463755   -0.99852  0.0284248  -0.677198
  0.261041  0.0395807   0.964516  -0.603365
         0          0          0          1
delta_angle:0.0405416[deg]
-----------------------------------------------------
number of filtered cloud points: 5117
align time:0.00536966[sec]
has converged: 1
fitness score: 0.0717971
final transformation:
 -0.964321 -0.0373859   0.262083    1.62179
 0.0463604  -0.998528  0.0281417  -0.675636
  0.260645  0.0392879   0.964635  -0.607277
         0          0          0          1
delta_angle:0.0165948[deg]
-----------------------------------------------------
number of filtered cloud points: 5122
align time:0.00592422[sec]
has converged: 1
fitness score: 0.0695194
final transformation:
 -0.964585 -0.0374313   0.261102    1.63328
 0.0459813  -0.998585  0.0267121  -0.673035
  0.259733  0.0377719   0.964941   -0.60375
         0          0          0          1
delta_angle:0.0116595[deg]
-----------------------------------------------------
number of filtered cloud points: 5096
align time:0.00521088[sec]
has converged: 1
fitness score: 0.070501
final transformation:
 -0.964648 -0.0374632   0.260867    1.62978
 0.0458337  -0.998609  0.0260759   -0.66554
  0.259527  0.0371105   0.965023  -0.608391
         0          0          0          1
delta_angle:0.00626642[deg]
-----------------------------------------------------
number of filtered cloud points: 5115
align time:0.00558591[sec]
has converged: 1
fitness score: 0.0735647
final transformation:
 -0.964674 -0.0374762   0.260769    1.63028
 0.0459743  -0.998589   0.026563  -0.668935
  0.259406  0.0376133   0.965036   -0.60894
         0          0          0          1
delta_angle:0.00796347[deg]
-----------------------------------------------------
number of filtered cloud points: 5135
align time:0.00510144[sec]
has converged: 1
fitness score: 0.0712006
final transformation:
 -0.964494 -0.0375368   0.261424    1.62282
 0.0460198  -0.998592   0.026401  -0.666513
  0.260065  0.0374943   0.964863  -0.608357
         0          0          0          1
delta_angle:0.00129601[deg]
-----------------------------------------------------
number of filtered cloud points: 5114
align time:0.00552702[sec]
has converged: 1
fitness score: 0.0726768
final transformation:
 -0.964578 -0.0373482   0.261142    1.62406
 0.0458644  -0.998594  0.0265913  -0.667309
  0.259782  0.0376265   0.964934  -0.604501
         0          0          0          1
delta_angle:0.0131438[deg]
-----------------------------------------------------
number of filtered cloud points: 5122
align time:0.00526881[sec]
has converged: 1
fitness score: 0.0708368
final transformation:
-0.964596 -0.037452  0.261059   1.62415
0.0458171 -0.998611 0.0260284 -0.663461
 0.259721 0.0370679  0.964972 -0.608937
        0         0         0         1
delta_angle:0.0115725[deg]
-----------------------------------------------------
number of filtered cloud points: 5083
align time:0.00529695[sec]
has converged: 1
fitness score: 0.0693138
final transformation:
 -0.964455 -0.0375386   0.261568    1.61753
 0.0460191  -0.998592    0.02637  -0.664787
   0.26021  0.0374698   0.964825  -0.606509
         0          0          0          1
delta_angle:0.00673402[deg]
-----------------------------------------------------
number of filtered cloud points: 5104
align time:0.00520468[sec]
has converged: 1
fitness score: 0.0756352
final transformation:
 -0.964411 -0.0375094   0.261732    1.62187
 0.0460939  -0.998579  0.0267348  -0.672714
  0.260357  0.0378475    0.96477   -0.60993
         0          0          0          1
delta_angle:0.00711545[deg]
-----------------------------------------------------
number of filtered cloud points: 5119
align time:0.00545287[sec]
has converged: 1
fitness score: 0.0812678
final transformation:
 -0.964384 -0.0373891   0.261849    1.61966
 0.0460511  -0.998574  0.0270202  -0.668849
  0.260465  0.0381163   0.964731  -0.605379
         0          0          0          1
delta_angle:0.00567253[deg]
-----------------------------------------------------
number of filtered cloud points: 5089
align time:0.00551701[sec]
has converged: 1
fitness score: 0.0710404
final transformation:
  -0.96458 -0.0373761   0.261129    1.61907
  0.045914  -0.998589    0.02667  -0.664176
  0.259764  0.0377148   0.964935  -0.605723
         0          0          0          1
delta_angle:0.000243857[deg]
-----------------------------------------------------
number of filtered cloud points: 5123
align time:0.00547338[sec]
has converged: 1
fitness score: 0.0746306
final transformation:
 -0.964466 -0.0374598   0.261538    1.62284
 0.0459765   -0.99859  0.0265195  -0.671737
  0.260176  0.0376018   0.964829  -0.608165
         0          0          0          1
delta_angle:0.00877903[deg]
-----------------------------------------------------
number of filtered cloud points: 5066
align time:0.0052135[sec]
has converged: 1
fitness score: 0.0743298
final transformation:
 -0.964445 -0.0376412    0.26159    1.62002
 0.0461326  -0.998587   0.026394  -0.667997
  0.260227  0.0375234   0.964818  -0.607321
         0          0          0          1
delta_angle:0.00550142[deg]
-----------------------------------------------------
number of filtered cloud points: 5134
align time:0.00592303[sec]
has converged: 1
fitness score: 0.0732928
final transformation:
 -0.964546 -0.0375846   0.261226    1.62821
 0.0460707  -0.998588  0.0264356  -0.669894
  0.259864  0.0375332   0.964916  -0.611507
         0          0          0          1
delta_angle:0.0131554[deg]
-----------------------------------------------------
number of filtered cloud points: 5125
align time:0.00494051[sec]
has converged: 1
fitness score: 0.0736817
final transformation:
 -0.964545 -0.0375802   0.261229     1.6242
 0.0461686  -0.998574  0.0268161  -0.668053
  0.259849  0.0379259   0.964904  -0.606626
         0          0          0          1
delta_angle:0.00639425[deg]
-----------------------------------------------------
number of filtered cloud points: 5119
align time:0.00547814[sec]
has converged: 1
fitness score: 0.0725562
final transformation:
 -0.964403 -0.0373807   0.261782    1.62499
 0.0459834  -0.998582  0.0268114  -0.673561
  0.260409  0.0378947   0.964754  -0.608653
         0          0          0          1
delta_angle:0.0137651[deg]
-----------------------------------------------------
number of filtered cloud points: 5084
align time:0.00504971[sec]
has converged: 1
fitness score: 0.0678876
final transformation:
 -0.964332 -0.0373957    0.26204    1.61741
 0.0460458  -0.998576  0.0269463  -0.668947
  0.260659   0.038051   0.964681  -0.607151
         0          0          0          1
delta_angle:0.0133415[deg]
-----------------------------------------------------
number of filtered cloud points: 5151
align time:0.00559998[sec]
has converged: 1
fitness score: 0.0723215
final transformation:
 -0.964402 -0.0373911   0.261785     1.6209
 0.0461638  -0.998557    0.02744  -0.670103
  0.260381  0.0385482   0.964736  -0.605039
         0          0          0          1
delta_angle:0.000891352[deg]
-----------------------------------------------------
number of filtered cloud points: 5110
align time:0.00523758[sec]
has converged: 1
fitness score: 0.0713186
final transformation:
 -0.964468 -0.0376322   0.261506    1.61654
 0.0462819  -0.998564  0.0269943  -0.674672
  0.260115  0.0381381   0.964824  -0.611467
         0          0          0          1
delta_angle:0.00686703[deg]
-----------------------------------------------------
number of filtered cloud points: 5109
align time:0.00536466[sec]
has converged: 1
fitness score: 0.0729707
final transformation:
 -0.964537 -0.0374382   0.261279    1.61954
 0.0459265  -0.998594  0.0264552  -0.667283
  0.259921  0.0375166   0.964901  -0.609324
         0          0          0          1
delta_angle:0.0261693[deg]
-----------------------------------------------------
number of filtered cloud points: 5145
align time:0.00543165[sec]
has converged: 1
fitness score: 0.0762207
final transformation:
 -0.96453 -0.037503  0.261297   1.62555
0.0460884 -0.998578 0.0268047 -0.673271
  0.25992 0.0378967  0.964886 -0.608547
        0         0         0         1
delta_angle:0.0224575[deg]
-----------------------------------------------------
number of filtered cloud points: 5117
align time:0.00516653[sec]
has converged: 1
fitness score: 0.0718902
final transformation:
 -0.964508 -0.0373618   0.261398    1.62192
 0.0461873  -0.998549   0.027699  -0.673056
  0.259984  0.0387892   0.964834  -0.609705
         0          0          0          1
delta_angle:0.00784723[deg]
-----------------------------------------------------
number of filtered cloud points: 5107
align time:0.00572801[sec]
has converged: 1
fitness score: 0.0762246
final transformation:
-0.964558 -0.037462  0.261199   1.62589
 0.045998 -0.998586 0.0266414 -0.677342
 0.259832 0.0377119  0.964917  -0.61137
        0         0         0         1
delta_angle:0.00129749[deg]
-----------------------------------------------------
number of filtered cloud points: 5109
align time:0.00517392[sec]
has converged: 1
fitness score: 0.0757582
final transformation:
 -0.964526 -0.0374445   0.261319    1.62551
 0.0458376  -0.998608  0.0260951  -0.668284
  0.259978  0.0371476     0.9649  -0.608529
         0          0          0          1
delta_angle:0.00259987[deg]
-----------------------------------------------------
number of filtered cloud points: 5116
align time:0.00553966[sec]
has converged: 1
fitness score: 0.0782241
final transformation:
 -0.964616 -0.0376703   0.260954    1.62304
 0.0459849  -0.998608  0.0258279  -0.671724
  0.259618  0.0369139   0.965006  -0.611403
         0          0          0          1
delta_angle:0.0159147[deg]
-----------------------------------------------------
number of filtered cloud points: 5129
align time:0.00516987[sec]
has converged: 1
fitness score: 0.075342
final transformation:
 -0.964316 -0.0376365   0.262067    1.61852
 0.0462975  -0.998564   0.026951  -0.673231
  0.260676  0.0381223   0.964673  -0.607863
         0          0          0          1
delta_angle:0.00233773[deg]
-----------------------------------------------------
number of filtered cloud points: 5109
align time:0.00545359[sec]
has converged: 1
fitness score: 0.0742543
final transformation:
-0.963996 -0.037603  0.263245    1.6157
0.0467401   -0.9985 0.0285309 -0.682505
 0.261778 0.0398078  0.964307 -0.604254
        0         0         0         1
delta_angle:0.00361411[deg]
-----------------------------------------------------
number of filtered cloud points: 5146
align time:0.00547838[sec]
has converged: 1
fitness score: 0.0727592
final transformation:
 -0.964008 -0.0372505   0.263252    1.61664
 0.0465519   -0.99849   0.029182  -0.680813
  0.261767  0.0403865   0.964286  -0.605275
         0          0          0          1
delta_angle:0.0277077[deg]
-----------------------------------------------------
number of filtered cloud points: 5098
align time:0.00526929[sec]
has converged: 1
fitness score: 0.0721974
final transformation:
 -0.964111 -0.0370145   0.262907     1.6196
 0.0463397  -0.998494  0.0293559  -0.679103
  0.261424  0.0404854   0.964375  -0.606937
         0          0          0          1
delta_angle:0.00260005[deg]
-----------------------------------------------------
number of filtered cloud points: 5090
align time:0.00562763[sec]
has converged: 1
fitness score: 0.0717041
final transformation:
 -0.964151 -0.0374749   0.262693    1.61366
 0.0467508  -0.998481  0.0291475  -0.683871
  0.261202  0.0403837   0.964439  -0.605371
         0          0          0          1
delta_angle:0.0382335[deg]
-----------------------------------------------------
number of filtered cloud points: 5100
align time:0.00577545[sec]
has converged: 1
fitness score: 0.0757938
final transformation:
 -0.964218 -0.0373569   0.262466    1.61535
 0.0464368  -0.998515  0.0284751  -0.678466
  0.261012  0.0396443   0.964521  -0.607981
         0          0          0          1
delta_angle:0.0378351[deg]
-----------------------------------------------------
number of filtered cloud points: 5115
align time:0.00519681[sec]
has converged: 1
fitness score: 0.0753736
final transformation:
 -0.964242 -0.0375035   0.262358    1.61945
 0.0464257  -0.998532  0.0278898  -0.677012
  0.260927  0.0390727   0.964567  -0.607613
         0          0          0          1
delta_angle:0.0165099[deg]
-----------------------------------------------------
number of filtered cloud points: 5102
align time:0.00544834[sec]
has converged: 1
fitness score: 0.0754608
final transformation:
 -0.964458 -0.0374768   0.261564    1.61769
  0.046154  -0.998566  0.0271082   -0.67027
  0.260173  0.0382169   0.964805  -0.614222
         0          0          0          1
delta_angle:0.0125949[deg]
-----------------------------------------------------
number of filtered cloud points: 5122
align time:0.00487781[sec]
has converged: 1
fitness score: 0.0710041
final transformation:
 -0.964631 -0.0376785   0.260896    1.62303
 0.0461514  -0.998585   0.026424  -0.672675
  0.259531  0.0375301   0.965005  -0.610962
         0          0          0          1
delta_angle:0.0144177[deg]
-----------------------------------------------------
number of filtered cloud points: 5132
align time:0.00531006[sec]
has converged: 1
fitness score: 0.0730241
final transformation:
 -0.964517 -0.0377514   0.261308    1.61855
  0.046172  -0.998591  0.0261589  -0.668594
  0.259952  0.0372958   0.964901  -0.607496
         0          0          0          1
delta_angle:0.00290225[deg]
-----------------------------------------------------
number of filtered cloud points: 5114
align time:0.00541544[sec]
has converged: 1
fitness score: 0.0815212
final transformation:
-0.964471 -0.037503  0.261512   1.62254
0.0460323 -0.998587 0.0265641 -0.670811
 0.260146 0.0376583  0.964835 -0.605016
        0         0         0         1
delta_angle:0.0138181[deg]
-----------------------------------------------------
number of filtered cloud points: 5112
align time:0.00556993[sec]
has converged: 1
fitness score: 0.0699801
final transformation:
 -0.964576 -0.0376619   0.261102    1.61979
 0.0461148  -0.998589  0.0263208  -0.665038
  0.259743  0.0374291   0.964952   -0.60505
         0          0          0          1
delta_angle:0.0178442[deg]
-----------------------------------------------------
number of filtered cloud points: 5150
align time:0.00583291[sec]
has converged: 1
fitness score: 0.070773
final transformation:
 -0.964517 -0.0373696   0.261362    1.62492
 0.0457978  -0.998606  0.0262289  -0.670899
  0.260018   0.037268   0.964884  -0.607461
         0          0          0          1
delta_angle:0.0242973[deg]
-----------------------------------------------------
number of filtered cloud points: 5102
align time:0.00558996[sec]
has converged: 1
fitness score: 0.0689214
final transformation:
 -0.96443 -0.037464  0.261671   1.61786
0.0459978 -0.998588  0.026562 -0.671479
 0.260307 0.0376535  0.964791 -0.606597
        0         0         0         1
delta_angle:0.0261781[deg]
-----------------------------------------------------
number of filtered cloud points: 5073
align time:0.00542688[sec]
has converged: 1
fitness score: 0.0678517
final transformation:
 -0.963341 -0.0371165   0.265701    1.61616
 0.0460911  -0.998555  0.0276196    -0.6737
  0.264292  0.0388535    0.96366  -0.607185
         0          0          0          1
delta_angle:0.0152425[deg]
-----------------------------------------------------
number of filtered cloud points: 5107
align time:0.00554776[sec]
has converged: 1
fitness score: 0.067318
final transformation:
 -0.963199 -0.0365432   0.266295    1.60193
  0.046282  -0.998466  0.0303858  -0.681493
  0.264776  0.0415923   0.963412  -0.608752
         0          0          0          1
delta_angle:0.00440799[deg]
-----------------------------------------------------
number of filtered cloud points: 5128
align time:0.00539994[sec]
has converged: 1
fitness score: 0.0670799
final transformation:
 -0.963604 -0.0367852   0.264791    1.61271
 0.0467712  -0.998409  0.0315051  -0.689258
   0.26321   0.042743   0.963791  -0.605364
         0          0          0          1
delta_angle:0.0318815[deg]
-----------------------------------------------------
number of filtered cloud points: 5103
align time:0.00545382[sec]
has converged: 1
fitness score: 0.0698739
final transformation:
 -0.964126 -0.0370669   0.262846    1.61665
 0.0469148  -0.998409  0.0312875  -0.689951
  0.261268  0.0424964    0.96433  -0.604799
         0          0          0          1
delta_angle:0.00868891[deg]
-----------------------------------------------------
number of filtered cloud points: 5093
align time:0.00509548[sec]
has converged: 1
fitness score: 0.0694906
final transformation:
-0.964216 -0.037176  0.262498   1.61583
0.0469208 -0.998419 0.0309512 -0.683318
 0.260932 0.0421602  0.964436  -0.60909
        0         0         0         1
delta_angle:0.00891864[deg]
-----------------------------------------------------
number of filtered cloud points: 5088
align time:0.00527334[sec]
has converged: 1
fitness score: 0.0692702
final transformation:
 -0.964027 -0.0371192     0.2632    1.61427
 0.0468631  -0.998425  0.0308382  -0.687703
  0.261641  0.0420632   0.964248  -0.608388
         0          0          0          1
delta_angle:0.00627843[deg]
-----------------------------------------------------
number of filtered cloud points: 5080
align time:0.00569606[sec]
has converged: 1
fitness score: 0.0741921
final transformation:
 -0.963827 -0.0370064   0.263947    1.61479
 0.0466589  -0.998448  0.0303928  -0.679612
  0.262413  0.0416089   0.964058  -0.606422
         0          0          0          1
delta_angle:0.00581765[deg]
-----------------------------------------------------
number of filtered cloud points: 5083
align time:0.00558281[sec]
has converged: 1
fitness score: 0.0698627
final transformation:
 -0.964107 -0.0374506    0.26286    1.61087
 0.0462801   -0.99855  0.0274775  -0.679274
   0.26145  0.0386564   0.964443  -0.600746
         0          0          0          1
delta_angle:0.0108574[deg]
-----------------------------------------------------
number of filtered cloud points: 5124
align time:0.00544429[sec]
has converged: 1
fitness score: 0.0769539
final transformation:
 -0.964532 -0.0376643   0.261264    1.62545
 0.0458622  -0.998626  0.0253501  -0.668477
   0.25995  0.0364332   0.964934  -0.605852
         0          0          0          1
delta_angle:0.00760669[deg]
-----------------------------------------------------
number of filtered cloud points: 5062
align time:0.0052247[sec]
has converged: 1
fitness score: 0.0760418
final transformation:
 -0.964756 -0.0376606   0.260435    1.62756
 0.0455882  -0.998661  0.0244643  -0.663132
  0.259165  0.0354749   0.965181  -0.612691
         0          0          0          1
delta_angle:0.00203228[deg]
-----------------------------------------------------
number of filtered cloud points: 5079
align time:0.00533247[sec]
has converged: 1
fitness score: 0.0816757
final transformation:
 -0.964868 -0.0379052   0.259987    1.62975
 0.0458613  -0.998645  0.0246022  -0.663991
  0.258702  0.0356612   0.965299  -0.608303
         0          0          0          1
delta_angle:0.023228[deg]
-----------------------------------------------------
number of filtered cloud points: 5058
align time:0.00520968[sec]
has converged: 1
fitness score: 0.0748934
final transformation:
 -0.964592 -0.0376856    0.26104    1.62244
 0.0458886  -0.998624  0.0253986  -0.668252
  0.259723  0.0364781   0.964994  -0.610139
         0          0          0          1
delta_angle:0.0202471[deg]
-----------------------------------------------------
number of filtered cloud points: 5067
align time:0.00543904[sec]
has converged: 1
fitness score: 0.0728527
final transformation:
 -0.964541 -0.0374996   0.261255     1.6243
 0.0459823  -0.998593  0.0264303  -0.671618
  0.259896  0.0375062   0.964908   -0.60401
         0          0          0          1
delta_angle:0.00259655[deg]
-----------------------------------------------------
number of filtered cloud points: 5124
align time:0.00534463[sec]
has converged: 1
fitness score: 0.0716243
final transformation:
 -0.964565 -0.0373411   0.261189    1.62854
 0.0459145  -0.998586  0.0267977  -0.673221
  0.259819  0.0378405   0.964916  -0.602705
         0          0          0          1
delta_angle:0.00389981[deg]
-----------------------------------------------------
number of filtered cloud points: 5114
align time:0.00528169[sec]
has converged: 1
fitness score: 0.0827226
final transformation:
-0.964547 -0.037601  0.261219   1.62593
0.0460878 -0.998587 0.0264375 -0.671509
 0.259856 0.0375392  0.964917 -0.607985
        0         0         0         1
delta_angle:0.0190034[deg]
-----------------------------------------------------
number of filtered cloud points: 5071
align time:0.00511503[sec]
has converged: 1
fitness score: 0.081626
final transformation:
 -0.964338 -0.0373067   0.262032    1.61528
 0.0458928  -0.998589  0.0267224  -0.668875
  0.260665  0.0377948   0.964689  -0.605734
         0          0          0          1
delta_angle:0.0266216[deg]
-----------------------------------------------------
number of filtered cloud points: 5186
align time:0.00503063[sec]
has converged: 1
fitness score: 0.0744937
final transformation:
 -0.964294 -0.0374037    0.26218    1.62253
 0.0460288   -0.99858  0.0268314  -0.672815
  0.260804  0.0379412   0.964646  -0.606269
         0          0          0          1
delta_angle:0.0206975[deg]
-----------------------------------------------------
number of filtered cloud points: 5131
align time:0.005126[sec]
has converged: 1
fitness score: 0.0695505
final transformation:
 -0.964341 -0.0374497      0.262     1.6158
 0.0462046  -0.998558  0.0273333  -0.672028
  0.260598  0.0384642   0.964681  -0.607784
         0          0          0          1
delta_angle:0.000161839[deg]
-----------------------------------------------------
number of filtered cloud points: 5081
align time:0.00529981[sec]
has converged: 1
fitness score: 0.0721485
final transformation:
 -0.964322 -0.0373227   0.262089    1.61976
 0.0462111  -0.998544  0.0278303   -0.67636
  0.260669  0.0389488   0.964642  -0.606687
         0          0          0          1
delta_angle:0.00986659[deg]
-----------------------------------------------------
number of filtered cloud points: 5117
align time:0.00540709[sec]
has converged: 1
fitness score: 0.0696551
final transformation:
 -0.964415 -0.0373146   0.261746    1.61935
 0.0461419  -0.998552  0.0276582  -0.671266
  0.260335  0.0387514    0.96474  -0.600098
         0          0          0          1
delta_angle:0.00129819[deg]
-----------------------------------------------------
number of filtered cloud points: 5163
align time:0.00505948[sec]
has converged: 1
fitness score: 0.0688768
final transformation:
 -0.964479 -0.0375166    0.26148    1.61645
 0.0460046  -0.998592  0.0264139  -0.674435
  0.260121   0.037505   0.964847  -0.605026
         0          0          0          1
delta_angle:0.00397497[deg]
-----------------------------------------------------
number of filtered cloud points: 5137
align time:0.00522828[sec]
has converged: 1
fitness score: 0.0706538
final transformation:
 -0.964576 -0.0374156   0.261137    1.62824
 0.0457914  -0.998611  0.0260619    -0.6705
  0.259799  0.0370966    0.96495  -0.606362
         0          0          0          1
delta_angle:0.0107158[deg]
-----------------------------------------------------
number of filtered cloud points: 5112
align time:0.00517392[sec]
has converged: 1
fitness score: 0.0723988
final transformation:
 -0.964515 -0.0374694   0.261357    1.62601
 0.0459404  -0.998596   0.026375   -0.67255
  0.260002  0.0374459   0.964882  -0.606932
         0          0          0          1
delta_angle:0.0148184[deg]
-----------------------------------------------------
number of filtered cloud points: 5131
align time:0.00524831[sec]
has converged: 1
fitness score: 0.0738975
final transformation:
  -0.96447 -0.0375673   0.261507    1.62205
 0.0461343  -0.998578  0.0266964  -0.671717
  0.260133  0.0378123   0.964832  -0.608409
         0          0          0          1
delta_angle:0.00283242[deg]
-----------------------------------------------------
number of filtered cloud points: 5089
align time:0.00526834[sec]
has converged: 1
fitness score: 0.0737318
final transformation:
   -0.9646 -0.0374493   0.261045    1.62716
 0.0459604   -0.99859  0.0265733  -0.670095
  0.259682  0.0376304   0.964961  -0.611957
         0          0          0          1
delta_angle:0.017227[deg]
-----------------------------------------------------
number of filtered cloud points: 5107
align time:0.00514793[sec]
has converged: 1
fitness score: 0.0772766
final transformation:
 -0.964438 -0.0373932   0.261649    1.62221
 0.0459872  -0.998583  0.0267979  -0.670306
  0.260277  0.0378775   0.964791  -0.607058
         0          0          0          1
delta_angle:0.00796992[deg]
-----------------------------------------------------
number of filtered cloud points: 5116
align time:0.00521278[sec]
has converged: 1
fitness score: 0.0726019
final transformation:
 -0.964188 -0.0371261   0.262608    1.61447
 0.0459966  -0.998557  0.0277098  -0.672252
  0.261201  0.0387966   0.964504   -0.60289
         0          0          0          1
delta_angle:0.00650627[deg]
-----------------------------------------------------
number of filtered cloud points: 5071
align time:0.00487566[sec]
has converged: 1
fitness score: 0.0744072
final transformation:
 -0.963949 -0.0370319   0.263498    1.61659
 0.0461488  -0.998528  0.0284923  -0.676384
  0.262055  0.0396253   0.964239  -0.607896
         0          0          0          1
delta_angle:0.00904965[deg]
-----------------------------------------------------
number of filtered cloud points: 5075
align time:0.00508714[sec]
has converged: 1
fitness score: 0.0752689
final transformation:
 -0.964209 -0.0374901    0.26248    1.61356
 0.0463936  -0.998536  0.0278038  -0.678994
  0.261054   0.038986   0.964537  -0.605375
         0          0          0          1
delta_angle:0.0183069[deg]
-----------------------------------------------------
number of filtered cloud points: 5124
align time:0.00498152[sec]
has converged: 1
fitness score: 0.075246
final transformation:
 -0.964461 -0.0375057   0.261548     1.6218
 0.0460688  -0.998582  0.0266837   -0.67405
  0.260177  0.0377846   0.964821  -0.601505
         0          0          0          1
delta_angle:0.0292276[deg]
-----------------------------------------------------
number of filtered cloud points: 5080
align time:0.00504899[sec]
has converged: 1
fitness score: 0.075916
final transformation:
 -0.964669 -0.0376631   0.260758    1.62618
 0.0459631   -0.99861  0.0258035  -0.667728
  0.259424  0.0368771   0.965059  -0.610572
         0          0          0          1
delta_angle:0.0105474[deg]
-----------------------------------------------------
number of filtered cloud points: 5102
align time:0.00504088[sec]
has converged: 1
fitness score: 0.0750054
final transformation:
 -0.964687 -0.0376659   0.260693    1.62636
 0.0457462   -0.99864  0.0249952  -0.666676
  0.259397  0.0360383   0.965098  -0.608326
         0          0          0          1
delta_angle:0.00745557[deg]
-----------------------------------------------------
number of filtered cloud points: 5124
align time:0.00477219[sec]
has converged: 1
fitness score: 0.0700695
final transformation:
 -0.964424 -0.0370671    0.26175    1.61918
 0.0456123  -0.998604  0.0266447  -0.660783
  0.260397  0.0376358   0.964768  -0.605153
         0          0          0          1
delta_angle:0.0148556[deg]
-----------------------------------------------------
number of filtered cloud points: 5127
align time:0.00479388[sec]
has converged: 1
fitness score: 0.0724229
final transformation:
 -0.964033 -0.0371763   0.263169     1.6204
 0.0463734  -0.998508  0.0288208  -0.677796
  0.261705  0.0399882   0.964319   -0.60245
         0          0          0          1
delta_angle:0.0466294[deg]
-----------------------------------------------------
number of filtered cloud points: 5122
align time:0.00510097[sec]
has converged: 1
fitness score: 0.0720552
final transformation:
  -0.96395 -0.0369799   0.263501    1.61815
   0.04644  -0.998478  0.0297615  -0.684105
  0.261999  0.0409256     0.9642  -0.603614
         0          0          0          1
delta_angle:0.0290365[deg]
-----------------------------------------------------
number of filtered cloud points: 5096
align time:0.00521564[sec]
has converged: 1
fitness score: 0.0705255
final transformation:
-0.964047 -0.036894  0.263159    1.6179
0.0462297 -0.998499 0.0293701 -0.678493
  0.26168 0.0404799  0.964305 -0.605523
        0         0         0         1
delta_angle:0.00488102[deg]
-----------------------------------------------------
number of filtered cloud points: 5116
align time:0.00523162[sec]
has converged: 1
fitness score: 0.0722799
final transformation:
-0.964317  -0.03744  0.262089    1.6227
0.0462192 -0.998555  0.027411 -0.678729
 0.260684 0.0385465  0.964654 -0.599928
        0         0         0         1
delta_angle:0.0240719[deg]
-----------------------------------------------------
number of filtered cloud points: 5136
align time:0.00500131[sec]
has converged: 1
fitness score: 0.0739413
final transformation:
  -0.96465 -0.0375409   0.260848    1.62409
  0.045663   -0.99864  0.0251446  -0.667891
  0.259549  0.0361668   0.965052   -0.60486
         0          0          0          1
delta_angle:0.0286335[deg]
-----------------------------------------------------
number of filtered cloud points: 5092
align time:0.00509906[sec]
has converged: 1
fitness score: 0.0735571
final transformation:
 -0.964567 -0.0377079   0.261129    1.62052
 0.0457823  -0.998641   0.024905  -0.661945
  0.259835  0.0359776   0.964983  -0.609146
         0          0          0          1
delta_angle:0.0216665[deg]
-----------------------------------------------------
number of filtered cloud points: 5149
align time:0.00523806[sec]
has converged: 1
fitness score: 0.0789292
final transformation:
 -0.964534 -0.0374539   0.261288    1.62552
 0.0458271   -0.99861  0.0260247  -0.668826
   0.25995  0.0370758    0.96491  -0.603942
         0          0          0          1
delta_angle:0.0142648[deg]
-----------------------------------------------------
number of filtered cloud points: 5118
align time:0.00528169[sec]
has converged: 1
fitness score: 0.0763304
final transformation:
 -0.964431 -0.0374694   0.261665    1.62383
 0.0459687  -0.998593  0.0264346  -0.668642
  0.260306  0.0375228   0.964797  -0.607248
         0          0          0          1
delta_angle:0.0106521[deg]
-----------------------------------------------------
number of filtered cloud points: 5112
align time:0.00526261[sec]
has converged: 1
fitness score: 0.0756033
final transformation:
 -0.964458 -0.0375423   0.261557    1.62533
 0.0459136  -0.998608  0.0259661  -0.670767
  0.260218  0.0370523   0.964839  -0.605737
         0          0          0          1
delta_angle:0.00421458[deg]
-----------------------------------------------------
number of filtered cloud points: 5094
align time:0.00559187[sec]
has converged: 1
fitness score: 0.0726667
final transformation:
 -0.964245 -0.0372483   0.262383     1.6184
 0.0460175  -0.998566  0.0273542  -0.672326
  0.260987  0.0384504   0.964576  -0.603182
         0          0          0          1
delta_angle:0.00576527[deg]
-----------------------------------------------------
number of filtered cloud points: 5098
align time:0.00529218[sec]
has converged: 1
fitness score: 0.0743775
final transformation:
 -0.964176 -0.0372444   0.262636    1.62021
 0.0463755  -0.998513  0.0286522  -0.679217
  0.261178  0.0398056   0.964469  -0.604848
         0          0          0          1
delta_angle:0.015593[deg]
-----------------------------------------------------
number of filtered cloud points: 5115
align time:0.00568819[sec]
has converged: 1
fitness score: 0.0726714
final transformation:
 -0.964124 -0.0372552   0.262824    1.61908
 0.0462292  -0.998537  0.0280416  -0.678113
  0.261395  0.0391857   0.964436  -0.602752
         0          0          0          1
delta_angle:0.013744[deg]
-----------------------------------------------------
number of filtered cloud points: 5087
align time:0.00499249[sec]
has converged: 1
fitness score: 0.0684092
final transformation:
 -0.964217 -0.0372821   0.262479    1.61859
 0.0460866   -0.99856  0.0274653  -0.671672
  0.261077  0.0385792   0.964547  -0.608815
         0          0          0          1
delta_angle:0.000162399[deg]
-----------------------------------------------------
number of filtered cloud points: 5097
align time:0.00519443[sec]
has converged: 1
fitness score: 0.073502
final transformation:
 -0.964328 -0.0374774   0.262044     1.6232
 0.0462772   -0.99855  0.0274889  -0.673654
  0.260634  0.0386349   0.964664  -0.607517
         0          0          0          1
delta_angle:0.0145111[deg]
-----------------------------------------------------
number of filtered cloud points: 5092
align time:0.00509[sec]
has converged: 1
fitness score: 0.0694843
final transformation:
 -0.964351 -0.0373536   0.261976    1.61902
 0.0461572  -0.998555  0.0275294  -0.670608
  0.260569  0.0386401   0.964682  -0.598793
         0          0          0          1
delta_angle:0.0182507[deg]
-----------------------------------------------------
number of filtered cloud points: 5097
align time:0.00561166[sec]
has converged: 1
fitness score: 0.0698515
final transformation:
 -0.964317 -0.0373762   0.262097    1.61753
 0.0461494  -0.998559  0.0273958   -0.66952
  0.260696  0.0385138   0.964652  -0.608047
         0          0          0          1
delta_angle:0.0075489[deg]
-----------------------------------------------------
number of filtered cloud points: 5109
align time:0.00496054[sec]
has converged: 1
fitness score: 0.0711846
final transformation:
 -0.964272 -0.0373494   0.262268    1.62506
 0.0461099  -0.998563  0.0273259  -0.675313
  0.260871  0.0384428   0.964608  -0.606208
         0          0          0          1
delta_angle:0.00210793[deg]
-----------------------------------------------------
number of filtered cloud points: 5133
align time:0.00552082[sec]
has converged: 1
fitness score: 0.0711716
final transformation:
 -0.964296 -0.0371846   0.262204    1.62122
  0.045924  -0.998572  0.0272797  -0.673458
  0.260815  0.0383472   0.964627  -0.601715
         0          0          0          1
delta_angle:0.0081312[deg]
-----------------------------------------------------
number of filtered cloud points: 5140
align time:0.00513244[sec]
has converged: 1
fitness score: 0.0727755
final transformation:
 -0.964476 -0.0374445   0.261501    1.62292
 0.0461377  -0.998565  0.0271814  -0.670202
  0.260108  0.0382809    0.96482  -0.607045
         0          0          0          1
delta_angle:0.0238476[deg]
-----------------------------------------------------
number of filtered cloud points: 5176
align time:0.00549674[sec]
has converged: 1
fitness score: 0.0707657
final transformation:
 -0.964276 -0.0375991   0.262219    1.62332
  0.045838  -0.998627  0.0253721  -0.665755
  0.260905  0.0364853   0.964675  -0.611178
         0          0          0          1
delta_angle:0.0177834[deg]
-----------------------------------------------------
number of filtered cloud points: 5130
align time:0.00502801[sec]
has converged: 1
fitness score: 0.0789229
final transformation:
 -0.964115 -0.0373667   0.262843    1.61941
 0.0456892  -0.998627  0.0256206  -0.666957
  0.261525  0.0367102   0.964498  -0.608364
         0          0          0          1
delta_angle:0.00675517[deg]
-----------------------------------------------------
number of filtered cloud points: 5093
align time:0.00548172[sec]
has converged: 1
fitness score: 0.0754358
final transformation:
 -0.964129 -0.0375536   0.262765    1.61824
   0.04652  -0.998525  0.0279834  -0.675959
  0.261327  0.0392034   0.964454  -0.608662
         0          0          0          1
delta_angle:0.0404334[deg]
-----------------------------------------------------
number of filtered cloud points: 5129
align time:0.00534272[sec]
has converged: 1
fitness score: 0.07218
final transformation:
-0.964309 -0.037252  0.262144   1.62388
0.0468675 -0.998435 0.0305219 -0.686164
 0.260597 0.0417186  0.964546 -0.606535
        0         0         0         1
delta_angle:0.028003[deg]
-----------------------------------------------------
number of filtered cloud points: 5169
align time:0.00540543[sec]
has converged: 1
fitness score: 0.0743822
final transformation:
 -0.964141 -0.0368545    0.26282    1.62188
 0.0470219  -0.998365  0.0324991  -0.690927
  0.261193   0.043692   0.964297  -0.609299
         0          0          0          1
delta_angle:0.00837818[deg]
-----------------------------------------------------
number of filtered cloud points: 5080
align time:0.00532031[sec]
has converged: 1
fitness score: 0.0671806
final transformation:
 -0.963821 -0.0367903   0.263998    1.61339
 0.0472809   -0.99832  0.0334919  -0.691111
  0.262323  0.0447623   0.963941  -0.606449
         0          0          0          1
delta_angle:0.0128343[deg]
-----------------------------------------------------
number of filtered cloud points: 5141
align time:0.00535607[sec]
has converged: 1
fitness score: 0.069831
final transformation:
 -0.963877 -0.0366856   0.263811     1.6173
 0.0468052  -0.998386  0.0321747  -0.691975
  0.262205  0.0433601   0.964038  -0.608375
         0          0          0          1
delta_angle:0.0225928[deg]
-----------------------------------------------------
number of filtered cloud points: 5121
align time:0.00536132[sec]
has converged: 1
fitness score: 0.0710247
final transformation:
 -0.963985 -0.0370208   0.263367     1.6166
 0.0468083  -0.998423  0.0309836  -0.680912
  0.261805  0.0421955   0.964198  -0.607397
         0          0          0          1
delta_angle:0.0264661[deg]
-----------------------------------------------------
number of filtered cloud points: 5104
align time:0.00502777[sec]
has converged: 1
fitness score: 0.0714311
final transformation:
 -0.964256 -0.0368767   0.262393    1.62096
 0.0460125  -0.998527   0.028756  -0.680678
  0.260946  0.0398015   0.964532   -0.60567
         0          0          0          1
delta_angle:0.0369535[deg]
-----------------------------------------------------
number of filtered cloud points: 5131
align time:0.00512362[sec]
has converged: 1
fitness score: 0.0750722
final transformation:
 -0.964497 -0.0374786   0.261423    1.62743
 0.0461209  -0.998571  0.0270002  -0.669706
  0.260037  0.0380987   0.964847  -0.605962
         0          0          0          1
delta_angle:0.0474346[deg]
-----------------------------------------------------
number of filtered cloud points: 5137
align time:0.00505662[sec]
has converged: 1
fitness score: 0.0731152
final transformation:
 -0.964692 -0.0373701   0.260714    1.62932
 0.0457063  -0.998617  0.0259831  -0.668573
  0.259383   0.036982   0.965066  -0.603478
         0          0          0          1
delta_angle:0.0352724[deg]
-----------------------------------------------------
number of filtered cloud points: 5106
align time:0.0053997[sec]
has converged: 1
fitness score: 0.0689391
final transformation:
 -0.964482 -0.0372567   0.261508    1.62625
 0.0455487  -0.998631  0.0257169   -0.66507
  0.260192  0.0367149   0.964859  -0.605826
         0          0          0          1
delta_angle:0.00769731[deg]
-----------------------------------------------------
number of filtered cloud points: 5098
align time:0.00512314[sec]
has converged: 1
fitness score: 0.0691682
final transformation:
 -0.964252 -0.0374999   0.262319    1.61492
 0.0460345  -0.998589  0.0264636  -0.669667
  0.260957  0.0375933   0.964618  -0.605652
         0          0          0          1
delta_angle:0.0290241[deg]
-----------------------------------------------------
number of filtered cloud points: 5174
align time:0.00527644[sec]
has converged: 1
fitness score: 0.0701369
final transformation:
 -0.964124 -0.0372939   0.262819    1.61333
 0.0461605  -0.998551  0.0276411  -0.668712
  0.261407  0.0387813   0.964449  -0.607701
         0          0          0          1
delta_angle:0.0232476[deg]
-----------------------------------------------------
number of filtered cloud points: 5142
align time:0.00549388[sec]
has converged: 1
fitness score: 0.0687836
final transformation:
  -0.96422 -0.0372301   0.262475    1.61601
 0.0462025  -0.998537  0.0280931  -0.674825
  0.261045  0.0392149    0.96453   -0.60075
         0          0          0          1
delta_angle:0.00129854[deg]
-----------------------------------------------------
number of filtered cloud points: 5109
align time:0.00509024[sec]
has converged: 1
fitness score: 0.0705626
final transformation:
 -0.964394 -0.0373231   0.261823    1.62305
 0.0460666  -0.998564  0.0273346  -0.671625
  0.260427  0.0384226   0.964729  -0.601071
         0          0          0          1
delta_angle:0.000568196[deg]
-----------------------------------------------------
number of filtered cloud points: 5138
align time:0.0056231[sec]
has converged: 1
fitness score: 0.0708287
final transformation:
 -0.964711 -0.0376664   0.260604     1.6223
  0.045761  -0.998638  0.0250614  -0.665563
  0.259305  0.0361025    0.96512  -0.605621
         0          0          0          1
delta_angle:0.00219206[deg]
-----------------------------------------------------
number of filtered cloud points: 5111
align time:0.00552058[sec]
has converged: 1
fitness score: 0.0730985
final transformation:
 -0.964629 -0.0374773   0.260935    1.62801
 0.0456151  -0.998641   0.025199  -0.665643
  0.259636  0.0362103   0.965027  -0.607729
         0          0          0          1
delta_angle:0.0105688[deg]
-----------------------------------------------------
number of filtered cloud points: 5152
align time:0.00575757[sec]
has converged: 1
fitness score: 0.0702807
final transformation:
 -0.964518 -0.0375758    0.26133    1.62381
  0.045946  -0.998606  0.0259913   -0.66477
  0.259989  0.0370761     0.9649  -0.605969
         0          0          0          1
delta_angle:0.0223121[deg]
-----------------------------------------------------
number of filtered cloud points: 5094
align time:0.00506592[sec]
has converged: 1
fitness score: 0.0720682
final transformation:
 -0.96448 -0.037375    0.2615   1.62649
0.0460775 -0.998567 0.0272253 -0.671149
 0.260107 0.0383075  0.964819 -0.605266
        0         0         0         1
delta_angle:0.0143159[deg]
-----------------------------------------------------
number of filtered cloud points: 5120
align time:0.00526929[sec]
has converged: 1
fitness score: 0.072908
final transformation:
 -0.964257 -0.0373858   0.262317    1.62053
 0.0463882  -0.998525  0.0282084  -0.672195
  0.260875  0.0393686   0.964569   -0.60496
         0          0          0          1
delta_angle:0.0115018[deg]
-----------------------------------------------------
number of filtered cloud points: 5100
align time:0.00505257[sec]
has converged: 1
fitness score: 0.071212
final transformation:
 -0.964231 -0.0370419   0.262463    1.62503
 0.0462279  -0.998513  0.0289091  -0.678815
  0.261002  0.0400082   0.964509  -0.604038
         0          0          0          1
delta_angle:0.0238632[deg]
-----------------------------------------------------
number of filtered cloud points: 5125
align time:0.00590825[sec]
has converged: 1
fitness score: 0.0718355
final transformation:
-0.964247 -0.037208  0.262382    1.6197
0.0461694 -0.998539 0.0280699 -0.676218
 0.260954 0.0391803  0.964556 -0.602641
        0         0         0         1
delta_angle:0.0179275[deg]
-----------------------------------------------------
number of filtered cloud points: 5150
align time:0.00569797[sec]
has converged: 1
fitness score: 0.0729984
final transformation:
 -0.964428 -0.0374385    0.26168    1.62523
  0.046123  -0.998567  0.0271227  -0.674634
   0.26029  0.0382274   0.964774  -0.605473
         0          0          0          1
delta_angle:0.00194513[deg]
-----------------------------------------------------
number of filtered cloud points: 5075
align time:0.00486779[sec]
has converged: 1
fitness score: 0.0745718
final transformation:
 -0.964501 -0.0375917    0.26139    1.62391
 0.0460156  -0.998598  0.0261797  -0.665013
  0.260039  0.0372783   0.964878  -0.609641
         0          0          0          1
delta_angle:0.0040453[deg]
-----------------------------------------------------
number of filtered cloud points: 5088
align time:0.00513434[sec]
has converged: 1
fitness score: 0.0710673
final transformation:
 -0.964576 -0.0373614   0.261145     1.6295
 0.0457296  -0.998614  0.0260393  -0.667861
  0.259811   0.037059   0.964948  -0.605201
         0          0          0          1
delta_angle:0.0159168[deg]
-----------------------------------------------------
number of filtered cloud points: 5095
align time:0.00504971[sec]
has converged: 1
fitness score: 0.0692405
final transformation:
 -0.964494 -0.0374043   0.261441    1.62077
 0.0458116  -0.998608  0.0261352  -0.667762
  0.260099  0.0371842   0.964866  -0.606214
         0          0          0          1
delta_angle:0.0188658[deg]
-----------------------------------------------------
number of filtered cloud points: 5090
align time:0.00504804[sec]
has converged: 1
fitness score: 0.0685093
final transformation:
   -0.9645 -0.0374335   0.261416    1.62356
 0.0457603  -0.998618  0.0258365  -0.665761
  0.260087  0.0368818    0.96488  -0.603196
         0          0          0          1
delta_angle:0.00422765[deg]
-----------------------------------------------------
number of filtered cloud points: 5128
align time:0.0050931[sec]
has converged: 1
fitness score: 0.0733682
final transformation:
 -0.964641 -0.0375771   0.260874    1.62791
 0.0459819  -0.998599  0.0261874  -0.671703
  0.259525  0.0372569   0.965017  -0.606737
         0          0          0          1
delta_angle:0.0110443[deg]
-----------------------------------------------------
number of filtered cloud points: 5104
align time:0.00507355[sec]
has converged: 1
fitness score: 0.0732967
final transformation:
-0.964557 -0.037346  0.261218   1.62021
0.0457122 -0.998616 0.0260234 -0.668269
 0.259884 0.0370419  0.964929 -0.605496
        0         0         0         1
delta_angle:0.0248947[deg]
-----------------------------------------------------
number of filtered cloud points: 5119
align time:0.0049994[sec]
has converged: 1
fitness score: 0.0704426
final transformation:
  -0.96453 -0.0373055   0.261325    1.62486
 0.0456786  -0.998617  0.0260382  -0.666645
  0.259992  0.0370516     0.9649    -0.6011
         0          0          0          1
delta_angle:0.0122687[deg]
-----------------------------------------------------
number of filtered cloud points: 5107
align time:0.00545049[sec]
has converged: 1
fitness score: 0.0699176
final transformation:
 -0.964377 -0.0374701   0.261864    1.61796
 0.0459529  -0.998596  0.0263437  -0.668763
  0.260509  0.0374386   0.964745  -0.604116
         0          0          0          1
delta_angle:0.0151404[deg]
-----------------------------------------------------
number of filtered cloud points: 5095
align time:0.00526667[sec]
has converged: 1
fitness score: 0.0711692
final transformation:
  -0.96422 -0.0372262   0.262476    1.62002
 0.0460216  -0.998563  0.0274393  -0.669491
  0.261077  0.0385371   0.964548  -0.603513
         0          0          0          1
delta_angle:0.0178233[deg]
-----------------------------------------------------
number of filtered cloud points: 5084
align time:0.00509214[sec]
has converged: 1
fitness score: 0.069129
final transformation:
  -0.96415 -0.0371252    0.26275    1.61344
 0.0462198  -0.998524  0.0285154  -0.676084
  0.261303  0.0396373   0.964443   -0.59997
         0          0          0          1
delta_angle:0.00780964[deg]
-----------------------------------------------------
number of filtered cloud points: 5144
align time:0.00542808[sec]
has converged: 1
fitness score: 0.0684716
final transformation:
 -0.964167 -0.0373564   0.262651    1.61643
 0.0462256  -0.998548  0.0276679    -0.6781
  0.261236  0.0388177   0.964494  -0.596169
         0          0          0          1
delta_angle:0.00405289[deg]
-----------------------------------------------------
number of filtered cloud points: 5124
align time:0.00556874[sec]
has converged: 1
fitness score: 0.0698365
final transformation:
 -0.964417 -0.0372201   0.261752     1.6208
 0.0461108  -0.998547  0.0279045   -0.67164
  0.260333  0.0389811   0.964732  -0.602253
         0          0          0          1
delta_angle:0.0142557[deg]
-----------------------------------------------------
number of filtered cloud points: 5131
align time:0.0051775[sec]
has converged: 1
fitness score: 0.0701776
final transformation:
 -0.964552 -0.0374715   0.261218    1.62274
 0.0460498   -0.99858  0.0267945  -0.672165
  0.259843  0.0378737   0.964908  -0.599605
         0          0          0          1
delta_angle:0.0127602[deg]
-----------------------------------------------------
number of filtered cloud points: 5136
align time:0.0055387[sec]
has converged: 1
fitness score: 0.0746702
final transformation:
  -0.96479 -0.0377373   0.260301    1.62867
 0.0460185  -0.998608  0.0257912  -0.667352
  0.258965  0.0368617   0.965183   -0.60767
         0          0          0          1
delta_angle:0.00121284[deg]
-----------------------------------------------------
number of filtered cloud points: 5104
align time:0.00521278[sec]
has converged: 1
fitness score: 0.0722412
final transformation:
 -0.964706 -0.0376028    0.26063    1.63022
 0.0457109  -0.998639   0.025116  -0.666422
  0.259331  0.0361432   0.965112  -0.613007
         0          0          0          1
delta_angle:0.0192635[deg]
-----------------------------------------------------
number of filtered cloud points: 5128
align time:0.00554132[sec]
has converged: 1
fitness score: 0.0768784
final transformation:
 -0.964624 -0.0374967    0.26095    1.62942
 0.0457265  -0.998628  0.0255364  -0.667127
  0.259634  0.0365654   0.965015   -0.59972
         0          0          0          1
delta_angle:0.01019[deg]
-----------------------------------------------------
number of filtered cloud points: 5125
align time:0.00509691[sec]
has converged: 1
fitness score: 0.0695014
final transformation:
  -0.96449 -0.0374951   0.261446    1.61958
 0.0459207  -0.998602  0.0261903  -0.669653
  0.260098  0.0372661   0.964863  -0.601049
         0          0          0          1
delta_angle:0.00804812[deg]
-----------------------------------------------------
number of filtered cloud points: 5098
align time:0.00558019[sec]
has converged: 1
fitness score: 0.0720418
final transformation:
 -0.964516 -0.0373708   0.261365    1.62543
 0.0459827   -0.99858  0.0269103  -0.673784
  0.259988  0.0379737   0.964865  -0.601533
         0          0          0          1
delta_angle:0.00746058[deg]
-----------------------------------------------------
number of filtered cloud points: 5115
align time:0.00556493[sec]
has converged: 1
fitness score: 0.0739329
final transformation:
-0.964642 -0.037493  0.260885   1.63069
0.0459283 -0.998598 0.0263102 -0.667673
 0.259533 0.0373619  0.965011 -0.604577
        0         0         0         1
delta_angle:0.00365478[deg]
-----------------------------------------------------
number of filtered cloud points: 5114
align time:0.00494051[sec]
has converged: 1
fitness score: 0.0730205
final transformation:
 -0.964618 -0.0376168   0.260953    1.62397
 0.0458631   -0.99862   0.025581  -0.669379
  0.259631  0.0366441   0.965012  -0.606908
         0          0          0          1
delta_angle:0.000162192[deg]
-----------------------------------------------------
number of filtered cloud points: 5104
align time:0.00493193[sec]
has converged: 1
fitness score: 0.0695714
final transformation:
-0.964516 -0.037406   0.26136   1.62248
0.0457284  -0.99862 0.0258319 -0.665836
 0.260033 0.0368668  0.964896 -0.601177
        0         0         0         1
delta_angle:0.0116979[deg]
-----------------------------------------------------
number of filtered cloud points: 5120
align time:0.00529337[sec]
has converged: 1
fitness score: 0.0717742
final transformation:
 -0.964468 -0.0375168   0.261521     1.6231
 0.0461283  -0.998574  0.0268661  -0.675725
   0.26014   0.037975   0.964824  -0.598153
         0          0          0          1
delta_angle:0.0248118[deg]
-----------------------------------------------------
number of filtered cloud points: 5098
align time:0.00502586[sec]
has converged: 1
fitness score: 0.0703286
final transformation:
 -0.964458 -0.0374939   0.261561    1.62601
 0.0461468  -0.998569  0.0270164  -0.673303
  0.260174  0.0381265   0.964809  -0.603027
         0          0          0          1
delta_angle:0.0151694[deg]
-----------------------------------------------------
number of filtered cloud points: 5124
align time:0.00513268[sec]
has converged: 1
fitness score: 0.0746212
final transformation:
 -0.964566 -0.0374653    0.26117    1.62433
 0.0460399   -0.99858  0.0267889   -0.67411
  0.259795  0.0378639   0.964921  -0.599836
         0          0          0          1
delta_angle:0.00380748[deg]
-----------------------------------------------------
number of filtered cloud points: 5133
align time:0.00523829[sec]
has converged: 1
fitness score: 0.0711132
final transformation:
 -0.964592 -0.0373472   0.261088    1.62768
 0.0456508  -0.998624  0.0258099  -0.669101
  0.259764  0.0368149    0.96497  -0.605325
         0          0          0          1
delta_angle:0.0104178[deg]
-----------------------------------------------------
number of filtered cloud points: 5082
align time:0.00493479[sec]
has converged: 1
fitness score: 0.0709727
final transformation:
  -0.96456 -0.0375547   0.261176    1.62035
 0.0457889  -0.998625   0.025512  -0.667542
  0.259859  0.0365668   0.964954  -0.604126
         0          0          0          1
delta_angle:0.0246574[deg]
-----------------------------------------------------
number of filtered cloud points: 5140
align time:0.00522709[sec]
has converged: 1
fitness score: 0.0733664
final transformation:
 -0.964619 -0.0376791   0.260943    1.62523
 0.0460246  -0.998603   0.025943  -0.672027
  0.259601  0.0370349   0.965006  -0.606283
         0          0          0          1
delta_angle:0.000566237[deg]
-----------------------------------------------------
number of filtered cloud points: 5126
align time:0.00534868[sec]
has converged: 1
fitness score: 0.0715625
final transformation:
 -0.964426 -0.0375732    0.26167    1.61996
 0.0460301  -0.998595  0.0262627  -0.670533
  0.260315  0.0373731     0.9648  -0.604013
         0          0          0          1
delta_angle:0.0130828[deg]
-----------------------------------------------------
number of filtered cloud points: 5088
align time:0.00512195[sec]
has converged: 1
fitness score: 0.0703667
final transformation:
 -0.964295 -0.0372695   0.262196    1.62298
 0.0459372  -0.998579  0.0270043  -0.675104
  0.260817  0.0380846   0.964637  -0.597419
         0          0          0          1
delta_angle:0.00844619[deg]
-----------------------------------------------------
number of filtered cloud points: 5077
align time:0.00530291[sec]
has converged: 1
fitness score: 0.0703563
final transformation:
 -0.964131 -0.0373158   0.262791    1.61626
  0.046362  -0.998524  0.0283049  -0.675642
  0.261347  0.0394731   0.964437  -0.598874
         0          0          0          1
delta_angle:0.025127[deg]
-----------------------------------------------------
number of filtered cloud points: 5076
align time:0.00493312[sec]
has converged: 1
fitness score: 0.0719136
final transformation:
 -0.964193 -0.0371886   0.262582    1.62136
 0.0461753  -0.998537  0.0281346  -0.681749
  0.261152  0.0392519   0.964499  -0.604254
         0          0          0          1
delta_angle:0.0229522[deg]
-----------------------------------------------------
number of filtered cloud points: 5106
align time:0.0071938[sec]
has converged: 1
fitness score: 0.0683349
final transformation:
 -0.964258 -0.0373153   0.262323    1.61573
 0.0462019  -0.998546  0.0277887   -0.67304
  0.260904  0.0389153    0.96458  -0.604938
         0          0          0          1
delta_angle:0.0134928[deg]
-----------------------------------------------------
number of filtered cloud points: 5108
align time:0.00505495[sec]
has converged: 1
fitness score: 0.0705128
final transformation:
 -0.964416 -0.0373372   0.261741    1.62274
 0.0459361  -0.998585  0.0268094  -0.670311
   0.26037  0.0378788   0.964766  -0.604217
         0          0          0          1
delta_angle:0.0115164[deg]
-----------------------------------------------------
number of filtered cloud points: 5075
align time:0.0051012[sec]
has converged: 1
fitness score: 0.0709473
final transformation:
 -0.964472 -0.0375094    0.26151    1.61687
 0.0460577  -0.998584  0.0266338  -0.670077
  0.260141  0.0377321   0.964833  -0.600559
         0          0          0          1
delta_angle:0.0156046[deg]
-----------------------------------------------------
number of filtered cloud points: 5142
align time:0.00503349[sec]
has converged: 1
fitness score: 0.0728566
final transformation:
 -0.964472 -0.0374104   0.261524    1.62526
 0.0458623  -0.998602  0.0262873  -0.666996
  0.260175  0.0373474   0.964839  -0.607688
         0          0          0          1
delta_angle:0.017012[deg]
-----------------------------------------------------
number of filtered cloud points: 5111
align time:0.00521922[sec]
has converged: 1
fitness score: 0.0710252
final transformation:
 -0.964483 -0.0373737   0.261488    1.62475
 0.0457379  -0.998616  0.0259722  -0.667725
  0.260156  0.0370096   0.964857  -0.603658
         0          0          0          1
delta_angle:0.00383144[deg]
-----------------------------------------------------
number of filtered cloud points: 5086
align time:0.00497842[sec]
has converged: 1
fitness score: 0.0720342
final transformation:
 -0.964568 -0.0374795   0.261157    1.62433
 0.0458324  -0.998612  0.0259651  -0.667715
  0.259821  0.0370146   0.964947  -0.600514
         0          0          0          1
delta_angle:0.0105051[deg]
-----------------------------------------------------
number of filtered cloud points: 5043
align time:0.00490355[sec]
has converged: 1
fitness score: 0.071752
final transformation:
 -0.964435 -0.0375328   0.261643    1.61563
 0.0460144  -0.998593  0.0263639  -0.665536
  0.260285  0.0374656   0.964805  -0.603428
         0          0          0          1
delta_angle:0.00105363[deg]
-----------------------------------------------------
number of filtered cloud points: 5024
align time:0.00499558[sec]
has converged: 1
fitness score: 0.0738748
final transformation:
 -0.964407 -0.0374124   0.261761    1.61548
 0.0459952  -0.998584  0.0267371  -0.666194
   0.26039  0.0378252   0.964762  -0.598053
         0          0          0          1
delta_angle:0.01069[deg]
-----------------------------------------------------
number of filtered cloud points: 5031
align time:0.0051918[sec]
has converged: 1
fitness score: 0.0753536
final transformation:
 -0.964166 -0.0371712   0.262683    1.61964
  0.046007  -0.998561  0.0275642  -0.673399
   0.26128  0.0386617   0.964489  -0.610411
         0          0          0          1
delta_angle:0.00260286[deg]
-----------------------------------------------------
number of filtered cloud points: 4997
align time:0.0050745[sec]
has converged: 1
fitness score: 0.0781431
final transformation:
 -0.963949 -0.0371561   0.263478    1.61937
 0.0459855  -0.998566  0.0274212  -0.672799
  0.262081  0.0385488   0.964276  -0.610865
         0          0          0          1
delta_angle:0.00562392[deg]
-----------------------------------------------------
number of filtered cloud points: 5036
align time:0.00541234[sec]
has converged: 1
fitness score: 0.0754323
final transformation:
 -0.964074 -0.0371245   0.263026    1.62578
 0.0458162  -0.998585  0.0269867  -0.667621
  0.261652   0.038068   0.964411  -0.610834
         0          0          0          1
delta_angle:0.00505484[deg]
-----------------------------------------------------
number of filtered cloud points: 4965
align time:0.00505352[sec]
has converged: 1
fitness score: 0.076411
final transformation:
 -0.964257 -0.0372202   0.262342    1.61758
 0.0457091  -0.998608  0.0263282  -0.663374
  0.260997  0.0373785   0.964616  -0.613628
         0          0          0          1
delta_angle:0.00572068[deg]
-----------------------------------------------------
number of filtered cloud points: 5032
align time:0.0052886[sec]
has converged: 1
fitness score: 0.0751591
final transformation:
 -0.964367 -0.0373471   0.261918    1.62746
 0.0456489  -0.998627  0.0256817  -0.665843
  0.260599  0.0367229   0.964748  -0.609523
         0          0          0          1
delta_angle:0.00212164[deg]
-----------------------------------------------------
number of filtered cloud points: 5043
align time:0.00515795[sec]
has converged: 1
fitness score: 0.0747174
final transformation:
 -0.964391 -0.0374097   0.261823    1.62542
 0.0454831  -0.998656  0.0248412  -0.660837
  0.260542  0.0358652   0.964796  -0.608765
         0          0          0          1
delta_angle:0.00465058[deg]
-----------------------------------------------------
number of filtered cloud points: 5033
align time:0.00516987[sec]
has converged: 1
fitness score: 0.0732285
final transformation:
-0.964203 -0.037399  0.262513   1.62539
0.0457337 -0.998623 0.0257096 -0.665301
  0.26119  0.036795  0.964586 -0.608588
        0         0         0         1
delta_angle:0.0101183[deg]
-----------------------------------------------------
number of filtered cloud points: 5052
align time:0.00546908[sec]
has converged: 1
fitness score: 0.0737363
final transformation:
 -0.964139 -0.0373034   0.262761    1.61563
 0.0456242   -0.99863  0.0256345  -0.662967
  0.261445  0.0367035    0.96452  -0.605312
         0          0          0          1
delta_angle:0.0128625[deg]
-----------------------------------------------------
number of filtered cloud points: 4978
align time:0.00522733[sec]
has converged: 1
fitness score: 0.0746487
final transformation:
 -0.964163 -0.0372267   0.262686    1.62396
 0.0455704  -0.998629  0.0257406  -0.665948
  0.261368  0.0367888   0.964538  -0.605246
         0          0          0          1
delta_angle:0.00220839[deg]
-----------------------------------------------------
^C[INFO] [1783851941.809766897] [rclcpp]: signal_handler(SIGINT/SIGTERM)
