==> starting lidar_localization_node…
==> recording /pcl_pose and /alignment_status…
==> replaying bag (466.260125959s)…
stdin is not a terminal device. Keyboard handling disabled.[INFO] [1783471386.486520142] [rosbag2_storage]: Opened database '/home/systemlab/whill_lab0_ros2/docs/m5r-bench-data/2026-07-07-campus-half-v3/bag/bag_0.db3' for READ_ONLY.
[INFO] [1783471386.486558682] [rosbag2_player]: Set rate to 1
[INFO] [1783471386.489642398] [rosbag2_player]: Adding keyboard callbacks.
[INFO] [1783471386.489666324] [rosbag2_player]: Press SPACE for Pause/Resume
[INFO] [1783471386.489672506] [rosbag2_player]: Press CURSOR_RIGHT for Play Next Message
[INFO] [1783471386.489677378] [rosbag2_player]: Press CURSOR_UP for Increase Rate 10%
[INFO] [1783471386.489683408] [rosbag2_player]: Press CURSOR_DOWN for Decrease Rate 10%
[INFO] [1783471386.489948570] [rosbag2_storage]: Opened database '/home/systemlab/whill_lab0_ros2/docs/m5r-bench-data/2026-07-07-campus-half-v3/bag/bag_0.db3' for READ_ONLY.
Could not determine the type for the passed topic
==> bag play finished (rc=0)
==> starting lidar_localization.launch.py…
[INFO] [launch]: All log files can be found below /home/systemlab/.ros/log/2026-07-08-09-52-34-985606-systemlab-Alienware-x15-R2-17043
[INFO] [launch]: Default logging verbosity is set to INFO
[INFO] [1783471955.047983156] [lidar_localization]: Configuring
[INFO] [lidar_localization_node-1]: process started with pid [17055]
[INFO] [1783471955.048087466] [lidar_localization]: initializeParameters
[INFO] [1783471955.048148840] [lidar_localization]: IMU preintegration smoother enabled
[INFO] [1783471955.048182109] [lidar_localization]: global_frame_id: map
[INFO] [1783471955.048192986] [lidar_localization]: odom_frame_id: odom
[INFO] [1783471955.048201836] [lidar_localization]: base_frame_id: base_link
[INFO] [1783471955.048210796] [lidar_localization]: enable_map_odom_tf: 1
[INFO] [1783471955.048219474] [lidar_localization]: registration_method: NDT_OMP
[INFO] [1783471955.048228077] [lidar_localization]: ndt_resolution: 1.000000
[INFO] [1783471955.048240258] [lidar_localization]: ndt_step_size: 0.100000
[INFO] [1783471955.048251390] [lidar_localization]: ndt_num_threads: 8
[INFO] [1783471955.048260873] [lidar_localization]: gicp_corr_randomness: 20
[INFO] [1783471955.048270466] [lidar_localization]: gicp_max_correspondence_distance: 2.000000
[INFO] [1783471955.048280817] [lidar_localization]: vgicp_voxel_resolution: 1.000000
[INFO] [1783471955.048290394] [lidar_localization]: transform_epsilon: 0.010000
[INFO] [1783471955.048299876] [lidar_localization]: voxel_leaf_size: 0.500000
[INFO] [1783471955.048309149] [lidar_localization]: enable_scan_voxel_filter: 1
[INFO] [1783471955.048317829] [lidar_localization]: scan_max_range: 80.000000
[INFO] [1783471955.048328022] [lidar_localization]: scan_min_range: 1.000000
[INFO] [1783471955.048337254] [lidar_localization]: scan_period: 0.100000
[INFO] [1783471955.048346547] [lidar_localization]: cloud_queue_depth: 1
[INFO] [1783471955.048355130] [lidar_localization]: imu_queue_depth: 2000
[INFO] [1783471955.048364008] [lidar_localization]: min_scan_interval_sec: 0.000000
[INFO] [1783471955.048373199] [lidar_localization]: use_pcd_map: 1
[INFO] [1783471955.048381768] [lidar_localization]: map_path: /home/systemlab/whill_lab0_ros2/docs/maps/campus-half-v3/static.pcd
[INFO] [1783471955.048390738] [lidar_localization]: set_initial_pose: 1
[INFO] [1783471955.048399026] [lidar_localization]: use_odom: 0
[INFO] [1783471955.048407561] [lidar_localization]: use_twist_prediction: 0
[INFO] [1783471955.048415988] [lidar_localization]: twist_prediction_use_angular_velocity: 1
[INFO] [1783471955.048424887] [lidar_localization]: max_twist_prediction_dt: 0.500000
[INFO] [1783471955.048437435] [lidar_localization]: use_imu: 0
[INFO] [1783471955.048446572] [lidar_localization]: use_imu_preintegration: 1
[INFO] [1783471955.048455153] [lidar_localization]: imu_preintegration_use_base_frame_transform: 0
[INFO] [1783471955.048464536] [lidar_localization]: use_continuous_time_deskew: 0
[INFO] [1783471955.048473021] [lidar_localization]: continuous_time_deskew_reference_time_sec: 0.000000
[INFO] [1783471955.048488738] [lidar_localization]: use_twist_ekf: 0
[INFO] [1783471955.048496878] [lidar_localization]: use_gtsam_smoother: 0
[INFO] [1783471955.048504597] [lidar_localization]: enable_debug: 0
[INFO] [1783471955.048512119] [lidar_localization]: predict_pose_from_previous_delta: 1
[INFO] [1783471955.048519586] [lidar_localization]: enable_local_map_crop: 0
[INFO] [1783471955.048527074] [lidar_localization]: local_map_radius: 150.000000
[INFO] [1783471955.048542506] [lidar_localization]: local_map_min_points: 100
[INFO] [1783471955.048550786] [lidar_localization]: reject_above_score_threshold: 1
[INFO] [1783471955.048558366] [lidar_localization]: enable_consistency_recovery_gate: 0
[INFO] [1783471955.048565908] [lidar_localization]: consistency_recovery_min_rejections: 10
[INFO] [1783471955.048573611] [lidar_localization]: consistency_recovery_score_margin: 2.000000
[INFO] [1783471955.048581830] [lidar_localization]: consistency_recovery_max_translation_m: 0.050000
[INFO] [1783471955.048590133] [lidar_localization]: consistency_recovery_max_yaw_deg: 0.500000
[INFO] [1783471955.048598440] [lidar_localization]: enable_post_reject_strict_score_threshold: 0
[INFO] [1783471955.048606324] [lidar_localization]: post_reject_strict_min_rejections: 100
[INFO] [1783471955.048614125] [lidar_localization]: post_reject_strict_score_threshold: 5.500000
[INFO] [1783471955.048636545] [lidar_localization]: enable_open_loop_strict_score_threshold: 0
[INFO] [1783471955.048645748] [lidar_localization]: open_loop_strict_min_accepted_gap_sec: 15.000000
[INFO] [1783471955.048655116] [lidar_localization]: open_loop_strict_min_seed_translation_m: 100.000000
[INFO] [1783471955.048663613] [lidar_localization]: open_loop_strict_score_threshold: 5.250000
[INFO] [1783471955.048671635] [lidar_localization]: enable_borderline_seed_rejection_gate: 0
[INFO] [1783471955.048679398] [lidar_localization]: borderline_seed_gate_score_threshold: 5.250000
[INFO] [1783471955.048687716] [lidar_localization]: borderline_seed_gate_min_seed_translation_m: 1.000000
[INFO] [1783471955.048695895] [lidar_localization]: enable_rejected_seed_update: 0
[INFO] [1783471955.048703650] [lidar_localization]: rejected_seed_update_min_rejections: 0
[INFO] [1783471955.048711325] [lidar_localization]: rejected_seed_update_max_fitness: 10.000000
[INFO] [1783471955.048725500] [lidar_localization]: rejected_seed_update_max_correction_translation_m: 2.000000
[INFO] [1783471955.048734057] [lidar_localization]: rejected_seed_update_max_correction_yaw_deg: 2.000000
[INFO] [1783471955.048742171] [lidar_localization]: enable_recovery_retry_from_last_pose: 0
[INFO] [1783471955.048750044] [lidar_localization]: recovery_retry_from_last_pose_min_rejections: 1
[INFO] [1783471955.048758611] [lidar_localization]: recovery_retry_from_last_pose_max_accepted_gap_sec: 1.000000
[INFO] [1783471955.048769328] [lidar_localization]: recovery_retry_from_last_pose_max_seed_translation_m: 1000000000.000000
[INFO] [1783471955.048779125] [lidar_localization]: enable_reinitialization_request_output: 1
[INFO] [1783471955.048786771] [lidar_localization]: enable_reinitialization_request_latch: 1
[INFO] [1783471955.048794425] [lidar_localization]: reinitialization_trigger_threshold: 0.950000
[INFO] [1783471955.048802911] [lidar_localization]: reinitialization_trigger_gap_scale_sec: 30.000000
[INFO] [1783471955.048811422] [lidar_localization]: reinitialization_trigger_seed_translation_scale_m: 100.000000
[INFO] [1783471955.048819964] [lidar_localization]: reinitialization_trigger_reject_streak_scale: 200.000000
[INFO] [1783471955.048828452] [lidar_localization]: reinitialization_trigger_fitness_explosion_threshold: 1000.000000
[INFO] [1783471955.048837214] [lidar_localization]: imu_prediction_correction_guard_translation_m: 2.000000
[INFO] [1783471955.048845256] [lidar_localization]: imu_prediction_correction_guard_yaw_deg: 10.000000
[INFO] [1783471955.048856093] [lidar_localization]: imu_prediction_correction_guard_warmup_accepts: 5
[INFO] [1783471955.048867003] [lidar_localization]: enable_timer_publishing: 0
[INFO] [1783471955.048874893] [lidar_localization]: pose_publish_frequency: 10.000000
[INFO] [1783471955.048884958] [lidar_localization]: initializePubSub
[INFO] [1783471955.050945451] [lidar_localization]: Initial pose subscription uses a dedicated callback group
[INFO] [1783471955.051532712] [lidar_localization]: IMU preintegration subscription uses a dedicated callback group
[INFO] [1783471955.051694658] [lidar_localization]: initializePubSub end
[INFO] [1783471955.051712201] [lidar_localization]: initializeRegistration
[INFO] [1783471955.052081339] [lidar_localization]: initializeRegistration end
[INFO] [1783471955.052101466] [lidar_localization]: Configuring end
[INFO] [launch.user]: -- Inactive --
[INFO] [1783471955.053171999] [lidar_localization]: Activating
[INFO] [1783471955.053220910] [lidar_localization]: initialPoseReceived
[WARN] [1783471955.053235516] [lidar_localization]: initial pose accepted before map is ready; scans will wait until map load completes
[WARN] [1783471955.154976806] [lidar_localization]: Could not get transform base_link to odom: "odom" passed to lookupTransform argument target_frame does not exist. 
[WARN] [1783471955.155093829] [lidar_localization]: initial pose accepted but map -> odom TF was not published; ensure odom -> base_link TF exists
[INFO] [1783471955.155144558] [lidar_localization]: initialPoseReceived end
[INFO] [1783471955.155211732] [lidar_localization]: Loading pcd map from: /home/systemlab/whill_lab0_ros2/docs/maps/campus-half-v3/static.pcd
[WARN] [1783471955.249410640] [lidar_localization]: Map point cloud does not contain intensity. Falling back to xyz with zero intensity.
[INFO] [1783471955.249463877] [lidar_localization]: Map Size 3330209
[INFO] [1783471955.268911507] [lidar_localization]: Initial Map Published
[INFO] [1783471955.452761451] [lidar_localization]: Activating end
==> /lidar_localization lifecycle: active [3]
==> recording /pcl_pose and /alignment_status…
==> replaying bag (466.260125959s)…
stdin is not a terminal device. Keyboard handling disabled.[INFO] [1783471964.171566500] [rosbag2_storage]: Opened database '/home/systemlab/whill_lab0_ros2/docs/m5r-bench-data/2026-07-07-campus-half-v3/bag/bag_0.db3' for READ_ONLY.
[INFO] [1783471964.171603496] [rosbag2_player]: Set rate to 1
[INFO] [1783471964.173939697] [rosbag2_player]: Adding keyboard callbacks.
[INFO] [1783471964.173977506] [rosbag2_player]: Press SPACE for Pause/Resume
[INFO] [1783471964.173994008] [rosbag2_player]: Press CURSOR_RIGHT for Play Next Message
[INFO] [1783471964.174008088] [rosbag2_player]: Press CURSOR_UP for Increase Rate 10%
[INFO] [1783471964.174021349] [rosbag2_player]: Press CURSOR_DOWN for Decrease Rate 10%
[INFO] [1783471964.174339309] [rosbag2_storage]: Opened database '/home/systemlab/whill_lab0_ros2/docs/m5r-bench-data/2026-07-07-campus-half-v3/bag/bag_0.db3' for READ_ONLY.
[INFO] [1783472222.572342870] [rclcpp]: signal_handler(SIGINT/SIGTERM)
==> publishing identity odom -> base_link…
[INFO] [1783472280.276633522] [static_transform_publisher_sfIacUBA34u3O7ag]: Spinning until stopped - publishing transform
translation: ('0.000000', '0.000000', '0.000000')
rotation: ('0.000000', '0.000000', '0.000000', '1.000000')
from 'odom' to 'base_link'
==> starting lidar_localization.launch.py…
[INFO] [launch]: All log files can be found below /home/systemlab/.ros/log/2026-07-08-09-58-01-325911-systemlab-Alienware-x15-R2-19204
[INFO] [launch]: Default logging verbosity is set to INFO
[INFO] [lidar_localization_node-1]: process started with pid [19216]
[lidar_localization_node-1] [INFO] [1783472281.635284076] [lidar_localization]: Configuring
[lidar_localization_node-1] [INFO] [1783472281.635586197] [lidar_localization]: initializeParameters
[lidar_localization_node-1] [INFO] [1783472281.635751997] [lidar_localization]: IMU preintegration smoother enabled
[lidar_localization_node-1] [INFO] [1783472281.635838147] [lidar_localization]: global_frame_id: map
[lidar_localization_node-1] [INFO] [1783472281.635858768] [lidar_localization]: odom_frame_id: odom
[lidar_localization_node-1] [INFO] [1783472281.635873842] [lidar_localization]: base_frame_id: base_link
[lidar_localization_node-1] [INFO] [1783472281.635889021] [lidar_localization]: enable_map_odom_tf: 1
[lidar_localization_node-1] [INFO] [1783472281.635904203] [lidar_localization]: registration_method: NDT_OMP
[lidar_localization_node-1] [INFO] [1783472281.635918657] [lidar_localization]: ndt_resolution: 1.000000
[lidar_localization_node-1] [INFO] [1783472281.635944181] [lidar_localization]: ndt_step_size: 0.100000
[lidar_localization_node-1] [INFO] [1783472281.635962124] [lidar_localization]: ndt_num_threads: 8
[lidar_localization_node-1] [INFO] [1783472281.635977377] [lidar_localization]: gicp_corr_randomness: 20
[lidar_localization_node-1] [INFO] [1783472281.635992213] [lidar_localization]: gicp_max_correspondence_distance: 2.000000
[lidar_localization_node-1] [INFO] [1783472281.636009366] [lidar_localization]: vgicp_voxel_resolution: 1.000000
[lidar_localization_node-1] [INFO] [1783472281.636025401] [lidar_localization]: transform_epsilon: 0.010000
[lidar_localization_node-1] [INFO] [1783472281.636046428] [lidar_localization]: voxel_leaf_size: 0.500000
[lidar_localization_node-1] [INFO] [1783472281.636062664] [lidar_localization]: enable_scan_voxel_filter: 1
[lidar_localization_node-1] [INFO] [1783472281.636076980] [lidar_localization]: scan_max_range: 80.000000
[lidar_localization_node-1] [INFO] [1783472281.636095242] [lidar_localization]: scan_min_range: 1.000000
[lidar_localization_node-1] [INFO] [1783472281.636127980] [lidar_localization]: scan_period: 0.100000
[lidar_localization_node-1] [INFO] [1783472281.636144601] [lidar_localization]: cloud_queue_depth: 1
[lidar_localization_node-1] [INFO] [1783472281.636159034] [lidar_localization]: imu_queue_depth: 2000
[lidar_localization_node-1] [INFO] [1783472281.636174264] [lidar_localization]: min_scan_interval_sec: 0.000000
[lidar_localization_node-1] [INFO] [1783472281.636189893] [lidar_localization]: use_pcd_map: 1
[lidar_localization_node-1] [INFO] [1783472281.636208937] [lidar_localization]: map_path: /home/systemlab/whill_lab0_ros2/docs/maps/campus-half-v3/static.pcd
[lidar_localization_node-1] [INFO] [1783472281.636224793] [lidar_localization]: set_initial_pose: 1
[lidar_localization_node-1] [INFO] [1783472281.636239071] [lidar_localization]: use_odom: 0
[lidar_localization_node-1] [INFO] [1783472281.636254163] [lidar_localization]: use_twist_prediction: 0
[lidar_localization_node-1] [INFO] [1783472281.636268635] [lidar_localization]: twist_prediction_use_angular_velocity: 1
[lidar_localization_node-1] [INFO] [1783472281.636283985] [lidar_localization]: max_twist_prediction_dt: 0.500000
[lidar_localization_node-1] [INFO] [1783472281.636300573] [lidar_localization]: use_imu: 0
[lidar_localization_node-1] [INFO] [1783472281.636316479] [lidar_localization]: use_imu_preintegration: 1
[lidar_localization_node-1] [INFO] [1783472281.636331266] [lidar_localization]: imu_preintegration_use_base_frame_transform: 0
[lidar_localization_node-1] [INFO] [1783472281.636353312] [lidar_localization]: use_continuous_time_deskew: 0
[lidar_localization_node-1] [INFO] [1783472281.636369618] [lidar_localization]: continuous_time_deskew_reference_time_sec: 0.000000
[lidar_localization_node-1] [INFO] [1783472281.636385660] [lidar_localization]: use_twist_ekf: 0
[lidar_localization_node-1] [INFO] [1783472281.636400224] [lidar_localization]: use_gtsam_smoother: 0
[lidar_localization_node-1] [INFO] [1783472281.636414483] [lidar_localization]: enable_debug: 0
[lidar_localization_node-1] [INFO] [1783472281.636428658] [lidar_localization]: predict_pose_from_previous_delta: 1
[lidar_localization_node-1] [INFO] [1783472281.636448358] [lidar_localization]: enable_local_map_crop: 0
[lidar_localization_node-1] [INFO] [1783472281.636462956] [lidar_localization]: local_map_radius: 150.000000
[lidar_localization_node-1] [INFO] [1783472281.636481550] [lidar_localization]: local_map_min_points: 100
[lidar_localization_node-1] [INFO] [1783472281.636501311] [lidar_localization]: reject_above_score_threshold: 1
[lidar_localization_node-1] [INFO] [1783472281.636519665] [lidar_localization]: enable_consistency_recovery_gate: 0
[lidar_localization_node-1] [INFO] [1783472281.636538958] [lidar_localization]: consistency_recovery_min_rejections: 10
[lidar_localization_node-1] [INFO] [1783472281.636555440] [lidar_localization]: consistency_recovery_score_margin: 2.000000
[lidar_localization_node-1] [INFO] [1783472281.636571457] [lidar_localization]: consistency_recovery_max_translation_m: 0.050000
[lidar_localization_node-1] [INFO] [1783472281.636592024] [lidar_localization]: consistency_recovery_max_yaw_deg: 0.500000
[lidar_localization_node-1] [INFO] [1783472281.636607800] [lidar_localization]: enable_post_reject_strict_score_threshold: 0
[lidar_localization_node-1] [INFO] [1783472281.636623332] [lidar_localization]: post_reject_strict_min_rejections: 100
[lidar_localization_node-1] [INFO] [1783472281.636638087] [lidar_localization]: post_reject_strict_score_threshold: 5.500000
[lidar_localization_node-1] [INFO] [1783472281.636714892] [lidar_localization]: enable_open_loop_strict_score_threshold: 0
[lidar_localization_node-1] [INFO] [1783472281.636730131] [lidar_localization]: open_loop_strict_min_accepted_gap_sec: 15.000000
[lidar_localization_node-1] [INFO] [1783472281.636747207] [lidar_localization]: open_loop_strict_min_seed_translation_m: 100.000000
[lidar_localization_node-1] [INFO] [1783472281.636766928] [lidar_localization]: open_loop_strict_score_threshold: 5.250000
[lidar_localization_node-1] [INFO] [1783472281.636784892] [lidar_localization]: enable_borderline_seed_rejection_gate: 0
[lidar_localization_node-1] [INFO] [1783472281.636797886] [lidar_localization]: borderline_seed_gate_score_threshold: 5.250000
[lidar_localization_node-1] [INFO] [1783472281.636811386] [lidar_localization]: borderline_seed_gate_min_seed_translation_m: 1.000000
[lidar_localization_node-1] [INFO] [1783472281.636825286] [lidar_localization]: enable_rejected_seed_update: 0
[lidar_localization_node-1] [INFO] [1783472281.636838308] [lidar_localization]: rejected_seed_update_min_rejections: 0
[lidar_localization_node-1] [INFO] [1783472281.636851230] [lidar_localization]: rejected_seed_update_max_fitness: 10.000000
[lidar_localization_node-1] [INFO] [1783472281.636866217] [lidar_localization]: rejected_seed_update_max_correction_translation_m: 2.000000
[lidar_localization_node-1] [INFO] [1783472281.636880028] [lidar_localization]: rejected_seed_update_max_correction_yaw_deg: 2.000000
[lidar_localization_node-1] [INFO] [1783472281.636894084] [lidar_localization]: enable_recovery_retry_from_last_pose: 0
[lidar_localization_node-1] [INFO] [1783472281.636910795] [lidar_localization]: recovery_retry_from_last_pose_min_rejections: 1
[lidar_localization_node-1] [INFO] [1783472281.636925592] [lidar_localization]: recovery_retry_from_last_pose_max_accepted_gap_sec: 1.000000
[lidar_localization_node-1] [INFO] [1783472281.636939616] [lidar_localization]: recovery_retry_from_last_pose_max_seed_translation_m: 1000000000.000000
[lidar_localization_node-1] [INFO] [1783472281.636956610] [lidar_localization]: enable_reinitialization_request_output: 1
[lidar_localization_node-1] [INFO] [1783472281.636969719] [lidar_localization]: enable_reinitialization_request_latch: 1
[lidar_localization_node-1] [INFO] [1783472281.636986689] [lidar_localization]: reinitialization_trigger_threshold: 0.950000
[lidar_localization_node-1] [INFO] [1783472281.637001287] [lidar_localization]: reinitialization_trigger_gap_scale_sec: 30.000000
[lidar_localization_node-1] [INFO] [1783472281.637015960] [lidar_localization]: reinitialization_trigger_seed_translation_scale_m: 100.000000
[lidar_localization_node-1] [INFO] [1783472281.637030669] [lidar_localization]: reinitialization_trigger_reject_streak_scale: 200.000000
[lidar_localization_node-1] [INFO] [1783472281.637045618] [lidar_localization]: reinitialization_trigger_fitness_explosion_threshold: 1000.000000
[lidar_localization_node-1] [INFO] [1783472281.637061079] [lidar_localization]: imu_prediction_correction_guard_translation_m: 2.000000
[lidar_localization_node-1] [INFO] [1783472281.637074403] [lidar_localization]: imu_prediction_correction_guard_yaw_deg: 10.000000
[lidar_localization_node-1] [INFO] [1783472281.637088772] [lidar_localization]: imu_prediction_correction_guard_warmup_accepts: 5
[lidar_localization_node-1] [INFO] [1783472281.637101287] [lidar_localization]: enable_timer_publishing: 0
[lidar_localization_node-1] [INFO] [1783472281.637126485] [lidar_localization]: pose_publish_frequency: 10.000000
[lidar_localization_node-1] [INFO] [1783472281.637144517] [lidar_localization]: initializePubSub
[lidar_localization_node-1] [INFO] [1783472281.642521679] [lidar_localization]: Initial pose subscription uses a dedicated callback group
[lidar_localization_node-1] [INFO] [1783472281.644186160] [lidar_localization]: IMU preintegration subscription uses a dedicated callback group
[lidar_localization_node-1] [INFO] [1783472281.644652955] [lidar_localization]: initializePubSub end
[lidar_localization_node-1] [INFO] [1783472281.644694984] [lidar_localization]: initializeRegistration
[lidar_localization_node-1] [INFO] [1783472281.644794161] [lidar_localization]: initializeRegistration end
[lidar_localization_node-1] [INFO] [1783472281.644824286] [lidar_localization]: Configuring end
[INFO] [launch.user]: -- Inactive --
[lidar_localization_node-1] [INFO] [1783472281.648087606] [lidar_localization]: Activating
[lidar_localization_node-1] [INFO] [1783472281.648169086] [lidar_localization]: initialPoseReceived
[lidar_localization_node-1] [WARN] [1783472281.648186409] [lidar_localization]: initial pose accepted before map is ready; scans will wait until map load completes
[lidar_localization_node-1] [INFO] [1783472281.648353095] [lidar_localization]: published map -> odom TF from initial pose
[lidar_localization_node-1] [INFO] [1783472281.648366415] [lidar_localization]: initialPoseReceived end
[lidar_localization_node-1] [INFO] [1783472281.648383350] [lidar_localization]: Loading pcd map from: /home/systemlab/whill_lab0_ros2/docs/maps/campus-half-v3/static.pcd
[lidar_localization_node-1] [WARN] [1783472281.737353516] [lidar_localization]: Map point cloud does not contain intensity. Falling back to xyz with zero intensity.
[lidar_localization_node-1] [INFO] [1783472281.737405340] [lidar_localization]: Map Size 3330209
[lidar_localization_node-1] [INFO] [1783472281.756185586] [lidar_localization]: Initial Map Published
[lidar_localization_node-1] [INFO] [1783472281.922815301] [lidar_localization]: Activating end
[lidar_localization_node-1] [INFO] [1783472281.923473836] [lidar_localization]: dropping scan stamped 0.439 s before the latest initialpose
==> /lidar_localization lifecycle: active [3]
==> recording /pcl_pose and /alignment_status…
==> replaying bag (466.260125959s)…
stdin is not a terminal device. Keyboard handling disabled.[INFO] [1783472290.447888770] [rosbag2_storage]: Opened database '/home/systemlab/whill_lab0_ros2/docs/m5r-bench-data/2026-07-07-campus-half-v3/bag/bag_0.db3' for READ_ONLY.
[INFO] [1783472290.447924616] [rosbag2_player]: Set rate to 1
[INFO] [1783472290.450721803] [rosbag2_player]: Adding keyboard callbacks.
[INFO] [1783472290.450747958] [rosbag2_player]: Press SPACE for Pause/Resume
[INFO] [1783472290.450754468] [rosbag2_player]: Press CURSOR_RIGHT for Play Next Message
[INFO] [1783472290.450759649] [rosbag2_player]: Press CURSOR_UP for Increase Rate 10%
[INFO] [1783472290.450764220] [rosbag2_player]: Press CURSOR_DOWN for Decrease Rate 10%
[INFO] [1783472290.450963064] [rosbag2_storage]: Opened database '/home/systemlab/whill_lab0_ros2/docs/m5r-bench-data/2026-07-07-campus-half-v3/bag/bag_0.db3' for READ_ONLY.
==> bag play finished (rc=0)
[lidar_localization_node-1] [INFO] [1783472433.685788253] [rclcpp]: signal_handler(SIGINT/SIGTERM)
[INFO] [lidar_localization_node-1]: process has finished cleanly [pid 19216]
==> publishing identity odom -> base_link…
[INFO] [1783472519.419787012] [static_transform_publisher_JXXBSqErtCU8ghXq]: Spinning until stopped - publishing transform
translation: ('0.000000', '0.000000', '0.000000')
rotation: ('0.000000', '0.000000', '0.000000', '1.000000')
from 'odom' to 'base_link'
==> starting lidar_localization.launch.py…
[INFO] [launch]: All log files can be found below /home/systemlab/.ros/log/2026-07-08-10-02-00-476073-systemlab-Alienware-x15-R2-21652
[INFO] [launch]: Default logging verbosity is set to INFO
[INFO] [lidar_localization_node-1]: process started with pid [21664]
[lidar_localization_node-1] [INFO] [1783472520.783288836] [lidar_localization]: Configuring
[lidar_localization_node-1] [INFO] [1783472520.783516877] [lidar_localization]: initializeParameters
[lidar_localization_node-1] [INFO] [1783472520.783654969] [lidar_localization]: IMU preintegration smoother enabled
[lidar_localization_node-1] [INFO] [1783472520.783730637] [lidar_localization]: global_frame_id: map
[lidar_localization_node-1] [INFO] [1783472520.783746950] [lidar_localization]: odom_frame_id: odom
[lidar_localization_node-1] [INFO] [1783472520.783761073] [lidar_localization]: base_frame_id: base_link
[lidar_localization_node-1] [INFO] [1783472520.783774091] [lidar_localization]: enable_map_odom_tf: 1
[lidar_localization_node-1] [INFO] [1783472520.783787629] [lidar_localization]: registration_method: NDT_OMP
[lidar_localization_node-1] [INFO] [1783472520.783800428] [lidar_localization]: ndt_resolution: 1.000000
[lidar_localization_node-1] [INFO] [1783472520.783819810] [lidar_localization]: ndt_step_size: 0.100000
[lidar_localization_node-1] [INFO] [1783472520.783836685] [lidar_localization]: ndt_num_threads: 8
[lidar_localization_node-1] [INFO] [1783472520.783849626] [lidar_localization]: gicp_corr_randomness: 20
[lidar_localization_node-1] [INFO] [1783472520.783862733] [lidar_localization]: gicp_max_correspondence_distance: 2.000000
[lidar_localization_node-1] [INFO] [1783472520.783877916] [lidar_localization]: vgicp_voxel_resolution: 1.000000
[lidar_localization_node-1] [INFO] [1783472520.783891827] [lidar_localization]: transform_epsilon: 0.010000
[lidar_localization_node-1] [INFO] [1783472520.783906257] [lidar_localization]: voxel_leaf_size: 0.500000
[lidar_localization_node-1] [INFO] [1783472520.783920474] [lidar_localization]: enable_scan_voxel_filter: 1
[lidar_localization_node-1] [INFO] [1783472520.783938555] [lidar_localization]: scan_max_range: 80.000000
[lidar_localization_node-1] [INFO] [1783472520.783955467] [lidar_localization]: scan_min_range: 1.000000
[lidar_localization_node-1] [INFO] [1783472520.783969137] [lidar_localization]: scan_period: 0.100000
[lidar_localization_node-1] [INFO] [1783472520.783982992] [lidar_localization]: cloud_queue_depth: 1
[lidar_localization_node-1] [INFO] [1783472520.783995824] [lidar_localization]: imu_queue_depth: 2000
[lidar_localization_node-1] [INFO] [1783472520.784008994] [lidar_localization]: min_scan_interval_sec: 0.000000
[lidar_localization_node-1] [INFO] [1783472520.784022787] [lidar_localization]: use_pcd_map: 1
[lidar_localization_node-1] [INFO] [1783472520.784036122] [lidar_localization]: map_path: /home/systemlab/whill_lab0_ros2/docs/maps/campus-half-v3/static.pcd
[lidar_localization_node-1] [INFO] [1783472520.784050553] [lidar_localization]: set_initial_pose: 0
[lidar_localization_node-1] [INFO] [1783472520.784063635] [lidar_localization]: use_odom: 0
[lidar_localization_node-1] [INFO] [1783472520.784083766] [lidar_localization]: use_twist_prediction: 0
[lidar_localization_node-1] [INFO] [1783472520.784096290] [lidar_localization]: twist_prediction_use_angular_velocity: 1
[lidar_localization_node-1] [INFO] [1783472520.784123921] [lidar_localization]: max_twist_prediction_dt: 0.500000
[lidar_localization_node-1] [INFO] [1783472520.784138703] [lidar_localization]: use_imu: 0
[lidar_localization_node-1] [INFO] [1783472520.784151252] [lidar_localization]: use_imu_preintegration: 1
[lidar_localization_node-1] [INFO] [1783472520.784164161] [lidar_localization]: imu_preintegration_use_base_frame_transform: 0
[lidar_localization_node-1] [INFO] [1783472520.784179467] [lidar_localization]: use_continuous_time_deskew: 0
[lidar_localization_node-1] [INFO] [1783472520.784192619] [lidar_localization]: continuous_time_deskew_reference_time_sec: 0.000000
[lidar_localization_node-1] [INFO] [1783472520.784206837] [lidar_localization]: use_twist_ekf: 0
[lidar_localization_node-1] [INFO] [1783472520.784222401] [lidar_localization]: use_gtsam_smoother: 0
[lidar_localization_node-1] [INFO] [1783472520.784238890] [lidar_localization]: enable_debug: 0
[lidar_localization_node-1] [INFO] [1783472520.784251491] [lidar_localization]: predict_pose_from_previous_delta: 1
[lidar_localization_node-1] [INFO] [1783472520.784264728] [lidar_localization]: enable_local_map_crop: 0
[lidar_localization_node-1] [INFO] [1783472520.784277325] [lidar_localization]: local_map_radius: 150.000000
[lidar_localization_node-1] [INFO] [1783472520.784293235] [lidar_localization]: local_map_min_points: 100
[lidar_localization_node-1] [INFO] [1783472520.784306426] [lidar_localization]: reject_above_score_threshold: 1
[lidar_localization_node-1] [INFO] [1783472520.784319027] [lidar_localization]: enable_consistency_recovery_gate: 0
[lidar_localization_node-1] [INFO] [1783472520.784331969] [lidar_localization]: consistency_recovery_min_rejections: 10
[lidar_localization_node-1] [INFO] [1783472520.784344740] [lidar_localization]: consistency_recovery_score_margin: 2.000000
[lidar_localization_node-1] [INFO] [1783472520.784359340] [lidar_localization]: consistency_recovery_max_translation_m: 0.050000
[lidar_localization_node-1] [INFO] [1783472520.784377936] [lidar_localization]: consistency_recovery_max_yaw_deg: 0.500000
[lidar_localization_node-1] [INFO] [1783472520.784391906] [lidar_localization]: enable_post_reject_strict_score_threshold: 0
[lidar_localization_node-1] [INFO] [1783472520.784404917] [lidar_localization]: post_reject_strict_min_rejections: 100
[lidar_localization_node-1] [INFO] [1783472520.784418005] [lidar_localization]: post_reject_strict_score_threshold: 5.500000
[lidar_localization_node-1] [INFO] [1783472520.784487406] [lidar_localization]: enable_open_loop_strict_score_threshold: 0
[lidar_localization_node-1] [INFO] [1783472520.784500767] [lidar_localization]: open_loop_strict_min_accepted_gap_sec: 15.000000
[lidar_localization_node-1] [INFO] [1783472520.784515975] [lidar_localization]: open_loop_strict_min_seed_translation_m: 100.000000
[lidar_localization_node-1] [INFO] [1783472520.784531181] [lidar_localization]: open_loop_strict_score_threshold: 5.250000
[lidar_localization_node-1] [INFO] [1783472520.784544891] [lidar_localization]: enable_borderline_seed_rejection_gate: 0
[lidar_localization_node-1] [INFO] [1783472520.784558084] [lidar_localization]: borderline_seed_gate_score_threshold: 5.250000
[lidar_localization_node-1] [INFO] [1783472520.784575974] [lidar_localization]: borderline_seed_gate_min_seed_translation_m: 1.000000
[lidar_localization_node-1] [INFO] [1783472520.784589837] [lidar_localization]: enable_rejected_seed_update: 0
[lidar_localization_node-1] [INFO] [1783472520.784602908] [lidar_localization]: rejected_seed_update_min_rejections: 0
[lidar_localization_node-1] [INFO] [1783472520.784615895] [lidar_localization]: rejected_seed_update_max_fitness: 10.000000
[lidar_localization_node-1] [INFO] [1783472520.784631064] [lidar_localization]: rejected_seed_update_max_correction_translation_m: 2.000000
[lidar_localization_node-1] [INFO] [1783472520.784646087] [lidar_localization]: rejected_seed_update_max_correction_yaw_deg: 2.000000
[lidar_localization_node-1] [INFO] [1783472520.784658354] [lidar_localization]: enable_recovery_retry_from_last_pose: 0
[lidar_localization_node-1] [INFO] [1783472520.784670088] [lidar_localization]: recovery_retry_from_last_pose_min_rejections: 1
[lidar_localization_node-1] [INFO] [1783472520.784687765] [lidar_localization]: recovery_retry_from_last_pose_max_accepted_gap_sec: 1.000000
[lidar_localization_node-1] [INFO] [1783472520.784700545] [lidar_localization]: recovery_retry_from_last_pose_max_seed_translation_m: 1000000000.000000
[lidar_localization_node-1] [INFO] [1783472520.784717423] [lidar_localization]: enable_reinitialization_request_output: 1
[lidar_localization_node-1] [INFO] [1783472520.784729653] [lidar_localization]: enable_reinitialization_request_latch: 1
[lidar_localization_node-1] [INFO] [1783472520.784741374] [lidar_localization]: reinitialization_trigger_threshold: 0.950000
[lidar_localization_node-1] [INFO] [1783472520.784754320] [lidar_localization]: reinitialization_trigger_gap_scale_sec: 30.000000
[lidar_localization_node-1] [INFO] [1783472520.784767718] [lidar_localization]: reinitialization_trigger_seed_translation_scale_m: 100.000000
[lidar_localization_node-1] [INFO] [1783472520.784781155] [lidar_localization]: reinitialization_trigger_reject_streak_scale: 200.000000
[lidar_localization_node-1] [INFO] [1783472520.784798622] [lidar_localization]: reinitialization_trigger_fitness_explosion_threshold: 1000.000000
[lidar_localization_node-1] [INFO] [1783472520.784812662] [lidar_localization]: imu_prediction_correction_guard_translation_m: 2.000000
[lidar_localization_node-1] [INFO] [1783472520.784824678] [lidar_localization]: imu_prediction_correction_guard_yaw_deg: 10.000000
[lidar_localization_node-1] [INFO] [1783472520.784837483] [lidar_localization]: imu_prediction_correction_guard_warmup_accepts: 5
[lidar_localization_node-1] [INFO] [1783472520.784849002] [lidar_localization]: enable_timer_publishing: 0
[lidar_localization_node-1] [INFO] [1783472520.784860666] [lidar_localization]: pose_publish_frequency: 10.000000
[lidar_localization_node-1] [INFO] [1783472520.784876442] [lidar_localization]: initializePubSub
[lidar_localization_node-1] [INFO] [1783472520.789259899] [lidar_localization]: Initial pose subscription uses a dedicated callback group
[lidar_localization_node-1] [INFO] [1783472520.790113564] [lidar_localization]: IMU preintegration subscription uses a dedicated callback group
[lidar_localization_node-1] [INFO] [1783472520.790209613] [lidar_localization]: initializePubSub end
[lidar_localization_node-1] [INFO] [1783472520.790218954] [lidar_localization]: initializeRegistration
[lidar_localization_node-1] [INFO] [1783472520.790255499] [lidar_localization]: initializeRegistration end
[lidar_localization_node-1] [INFO] [1783472520.790260161] [lidar_localization]: Configuring end
[INFO] [launch.user]: -- Inactive --
[lidar_localization_node-1] [INFO] [1783472520.791722267] [lidar_localization]: Activating
[lidar_localization_node-1] [INFO] [1783472520.791831098] [lidar_localization]: Loading pcd map from: /home/systemlab/whill_lab0_ros2/docs/maps/campus-half-v3/static.pcd
[lidar_localization_node-1] [WARN] [1783472520.881051882] [lidar_localization]: Map point cloud does not contain intensity. Falling back to xyz with zero intensity.
[lidar_localization_node-1] [INFO] [1783472520.881087854] [lidar_localization]: Map Size 3330209
[lidar_localization_node-1] [INFO] [1783472520.899926182] [lidar_localization]: Initial Map Published
[lidar_localization_node-1] [INFO] [1783472521.072493535] [lidar_localization]: Activating end
==> /lidar_localization lifecycle: active [3]
==> recording /pcl_pose and /alignment_status…
==> replaying bag (466.260125959s)…
stdin is not a terminal device. Keyboard handling disabled.[INFO] [1783472529.679479070] [rosbag2_storage]: Opened database '/home/systemlab/whill_lab0_ros2/docs/m5r-bench-data/2026-07-07-campus-half-v3/bag/bag_0.db3' for READ_ONLY.
[INFO] [1783472529.679538240] [rosbag2_player]: Set rate to 1
[INFO] [1783472529.683140851] [rosbag2_player]: Adding keyboard callbacks.
[INFO] [1783472529.683169648] [rosbag2_player]: Press SPACE for Pause/Resume
[INFO] [1783472529.683175821] [rosbag2_player]: Press CURSOR_RIGHT for Play Next Message
[INFO] [1783472529.683182709] [rosbag2_player]: Press CURSOR_UP for Increase Rate 10%
[INFO] [1783472529.683189655] [rosbag2_player]: Press CURSOR_DOWN for Decrease Rate 10%
[INFO] [1783472529.683506043] [rosbag2_storage]: Opened database '/home/systemlab/whill_lab0_ros2/docs/m5r-bench-data/2026-07-07-campus-half-v3/bag/bag_0.db3' for READ_ONLY.
==> publishing /initialpose (bag-time stamped)…
usage: ros2 topic pub [-h] [-r N] [-p N] [-1 | -t TIMES]
                      [-w WAIT_MATCHING_SUBSCRIPTIONS] [--keep-alive N]
                      [-n NODE_NAME]
                      [--qos-profile {unknown,system_default,sensor_data,services_default,parameters,parameter_events,action_status_default}]
                      [--qos-depth N]
                      [--qos-history {system_default,keep_last,keep_all,unknown}]
                      [--qos-reliability {system_default,reliable,best_effort,unknown}]
                      [--qos-durability {system_default,transient_local,volatile,unknown}]
                      [--spin-time SPIN_TIME] [-s]
                      topic_name message_type [values]
ros2 topic pub: error: argument -p/--print: invalid int value: 'use_sim_time:=true'
==> publishing identity odom -> base_link…
[INFO] [1783472575.745811847] [static_transform_publisher_sfZUTIe6T2T470Rq]: Spinning until stopped - publishing transform
translation: ('0.000000', '0.000000', '0.000000')
rotation: ('0.000000', '0.000000', '0.000000', '1.000000')
from 'odom' to 'base_link'
==> starting lidar_localization.launch.py…
[INFO] [launch]: All log files can be found below /home/systemlab/.ros/log/2026-07-08-10-02-56-811576-systemlab-Alienware-x15-R2-22427
[INFO] [launch]: Default logging verbosity is set to INFO
[INFO] [lidar_localization_node-1]: process started with pid [22455]
[lidar_localization_node-1] [WARN] [1783472576.867983334] [rcl_lifecycle]: No transition matching 1 found for current state active
[lidar_localization_node-1] [WARN] [1783472576.868003723] [rcl_lifecycle]: No transition matching 1 found for current state active
[lidar_localization_node-1] [ERROR] [1783472576.868009197] [lidar_localization]: Unable to start transition 1 from current state active: Transition is not registered., at ./src/rcl_lifecycle.c:355
==> /lidar_localization lifecycle: active [3]
==> recording /pcl_pose and /alignment_status…
==> replaying bag (466.260125959s)…
stdin is not a terminal device. Keyboard handling disabled.[INFO] [1783472586.011471031] [rosbag2_storage]: Opened database '/home/systemlab/whill_lab0_ros2/docs/m5r-bench-data/2026-07-07-campus-half-v3/bag/bag_0.db3' for READ_ONLY.
[INFO] [1783472586.011519131] [rosbag2_player]: Set rate to 1
[INFO] [1783472586.014580555] [rosbag2_player]: Adding keyboard callbacks.
[INFO] [1783472586.014623480] [rosbag2_player]: Press SPACE for Pause/Resume
[INFO] [1783472586.014639822] [rosbag2_player]: Press CURSOR_RIGHT for Play Next Message
[INFO] [1783472586.014653755] [rosbag2_player]: Press CURSOR_UP for Increase Rate 10%
[INFO] [1783472586.014666891] [rosbag2_player]: Press CURSOR_DOWN for Decrease Rate 10%
[INFO] [1783472586.015014640] [rosbag2_storage]: Opened database '/home/systemlab/whill_lab0_ros2/docs/m5r-bench-data/2026-07-07-campus-half-v3/bag/bag_0.db3' for READ_ONLY.
==> publishing /initialpose…
Traceback (most recent call last):
  File "/opt/ros/humble/bin/ros2", line 33, in <module>
    sys.exit(load_entry_point('ros2cli==0.18.18', 'console_scripts', 'ros2')())
  File "/opt/ros/humble/lib/python3.10/site-packages/ros2cli/cli.py", line 91, in main
    rc = extension.main(parser=parser, args=args)
  File "/opt/ros/humble/lib/python3.10/site-packages/ros2topic/command/topic.py", line 41, in main
    return extension.main(args=args)
  File "/opt/ros/humble/lib/python3.10/site-packages/ros2topic/verb/pub.py", line 225, in main
    return main(args)
  File "/opt/ros/humble/lib/python3.10/site-packages/ros2topic/verb/pub.py", line 243, in main
    return publisher(
  File "/opt/ros/humble/lib/python3.10/site-packages/ros2topic/verb/pub.py", line 274, in publisher
    values_dictionary = yaml.safe_load(values)
  File "/usr/lib/python3/dist-packages/yaml/__init__.py", line 162, in safe_load
    return load(stream, SafeLoader)
  File "/usr/lib/python3/dist-packages/yaml/__init__.py", line 114, in load
    return loader.get_single_data()
  File "/usr/lib/python3/dist-packages/yaml/constructor.py", line 49, in get_single_data
    node = self.get_single_node()
  File "/usr/lib/python3/dist-packages/yaml/composer.py", line 36, in get_single_node
    document = self.compose_document()
  File "/usr/lib/python3/dist-packages/yaml/composer.py", line 55, in compose_document
    node = self.compose_node(None, None)
  File "/usr/lib/python3/dist-packages/yaml/composer.py", line 84, in compose_node
    node = self.compose_mapping_node(anchor)
  File "/usr/lib/python3/dist-packages/yaml/composer.py", line 127, in compose_mapping_node
    while not self.check_event(MappingEndEvent):
  File "/usr/lib/python3/dist-packages/yaml/parser.py", line 98, in check_event
    self.current_event = self.state()
  File "/usr/lib/python3/dist-packages/yaml/parser.py", line 549, in parse_flow_mapping_key
    raise ParserError("while parsing a flow mapping", self.marks[-1],
yaml.parser.ParserError: while parsing a flow mapping
  in "<unicode string>", line 1, column 1:
    {
    ^
expected ',' or '}', but got '<stream end>'
  in "<unicode string>", line 14, column 2:
    }
     ^
==> publishing identity odom -> base_link…
[INFO] [1783472662.387875240] [static_transform_publisher_S8MBJZbmW3RZPnLN]: Spinning until stopped - publishing transform
translation: ('0.000000', '0.000000', '0.000000')
rotation: ('0.000000', '0.000000', '0.000000', '1.000000')
from 'odom' to 'base_link'
==> starting lidar_localization.launch.py…
[INFO] [launch]: All log files can be found below /home/systemlab/.ros/log/2026-07-08-10-04-23-447688-systemlab-Alienware-x15-R2-24069
[INFO] [launch]: Default logging verbosity is set to INFO
[INFO] [lidar_localization_node-1]: process started with pid [24081]
[lidar_localization_node-1] [WARN] [1783472663.512563126] [rcl_lifecycle]: No transition matching 1 found for current state active
[lidar_localization_node-1] [WARN] [1783472663.512590588] [rcl_lifecycle]: No transition matching 1 found for current state active
[lidar_localization_node-1] [ERROR] [1783472663.512596505] [lidar_localization]: Unable to start transition 1 from current state active: Transition is not registered., at ./src/rcl_lifecycle.c:355
[ERROR] [launch_ros.actions.lifecycle_node]: Failed to make transition 'TRANSITION_CONFIGURE' for LifecycleNode '/lidar_localization'
[lidar_localization_node-1] [INFO] [1783472663.512647906] [lidar_localization]: Configuring
[lidar_localization_node-1] [INFO] [1783472663.512767930] [lidar_localization]: initializeParameters
[lidar_localization_node-1] [INFO] [1783472663.512827595] [lidar_localization]: IMU preintegration smoother enabled
[lidar_localization_node-1] [INFO] [1783472663.512864407] [lidar_localization]: global_frame_id: map
[lidar_localization_node-1] [INFO] [1783472663.512875763] [lidar_localization]: odom_frame_id: odom
[lidar_localization_node-1] [INFO] [1783472663.512885100] [lidar_localization]: base_frame_id: base_link
[lidar_localization_node-1] [INFO] [1783472663.512893989] [lidar_localization]: enable_map_odom_tf: 1
[lidar_localization_node-1] [INFO] [1783472663.512903705] [lidar_localization]: registration_method: NDT_OMP
[lidar_localization_node-1] [INFO] [1783472663.512912581] [lidar_localization]: ndt_resolution: 1.000000
[lidar_localization_node-1] [INFO] [1783472663.512924738] [lidar_localization]: ndt_step_size: 0.100000
[lidar_localization_node-1] [INFO] [1783472663.512936234] [lidar_localization]: ndt_num_threads: 8
[lidar_localization_node-1] [INFO] [1783472663.512945488] [lidar_localization]: gicp_corr_randomness: 20
[lidar_localization_node-1] [INFO] [1783472663.512954658] [lidar_localization]: gicp_max_correspondence_distance: 2.000000
[lidar_localization_node-1] [INFO] [1783472663.512964779] [lidar_localization]: vgicp_voxel_resolution: 1.000000
[lidar_localization_node-1] [INFO] [1783472663.512974399] [lidar_localization]: transform_epsilon: 0.010000
[lidar_localization_node-1] [INFO] [1783472663.512984180] [lidar_localization]: voxel_leaf_size: 0.500000
[lidar_localization_node-1] [INFO] [1783472663.512993531] [lidar_localization]: enable_scan_voxel_filter: 1
[lidar_localization_node-1] [INFO] [1783472663.513002066] [lidar_localization]: scan_max_range: 80.000000
[lidar_localization_node-1] [INFO] [1783472663.513012692] [lidar_localization]: scan_min_range: 1.000000
[lidar_localization_node-1] [INFO] [1783472663.513021716] [lidar_localization]: scan_period: 0.100000
[lidar_localization_node-1] [INFO] [1783472663.513031389] [lidar_localization]: cloud_queue_depth: 1
[lidar_localization_node-1] [INFO] [1783472663.513043084] [lidar_localization]: imu_queue_depth: 2000
[lidar_localization_node-1] [INFO] [1783472663.513051534] [lidar_localization]: min_scan_interval_sec: 0.000000
[lidar_localization_node-1] [INFO] [1783472663.513060911] [lidar_localization]: use_pcd_map: 1
[lidar_localization_node-1] [INFO] [1783472663.513069575] [lidar_localization]: map_path: /home/systemlab/whill_lab0_ros2/docs/maps/campus-half-v3/static.pcd
[lidar_localization_node-1] [INFO] [1783472663.513078904] [lidar_localization]: set_initial_pose: 0
[lidar_localization_node-1] [INFO] [1783472663.513087236] [lidar_localization]: use_odom: 0
[lidar_localization_node-1] [INFO] [1783472663.513095214] [lidar_localization]: use_twist_prediction: 0
[lidar_localization_node-1] [INFO] [1783472663.513103022] [lidar_localization]: twist_prediction_use_angular_velocity: 1
[lidar_localization_node-1] [INFO] [1783472663.513119990] [lidar_localization]: max_twist_prediction_dt: 0.500000
[lidar_localization_node-1] [INFO] [1783472663.513131301] [lidar_localization]: use_imu: 0
[lidar_localization_node-1] [INFO] [1783472663.513140287] [lidar_localization]: use_imu_preintegration: 1
[lidar_localization_node-1] [INFO] [1783472663.513149038] [lidar_localization]: imu_preintegration_use_base_frame_transform: 0
[lidar_localization_node-1] [INFO] [1783472663.513158994] [lidar_localization]: use_continuous_time_deskew: 0
[lidar_localization_node-1] [INFO] [1783472663.513167880] [lidar_localization]: continuous_time_deskew_reference_time_sec: 0.000000
[lidar_localization_node-1] [INFO] [1783472663.513180291] [lidar_localization]: use_twist_ekf: 0
[lidar_localization_node-1] [INFO] [1783472663.513189409] [lidar_localization]: use_gtsam_smoother: 0
[lidar_localization_node-1] [INFO] [1783472663.513221093] [lidar_localization]: enable_debug: 0
[lidar_localization_node-1] [INFO] [1783472663.513227690] [lidar_localization]: predict_pose_from_previous_delta: 1
[lidar_localization_node-1] [INFO] [1783472663.513231728] [lidar_localization]: enable_local_map_crop: 0
[lidar_localization_node-1] [INFO] [1783472663.513235501] [lidar_localization]: local_map_radius: 150.000000
[lidar_localization_node-1] [INFO] [1783472663.513242206] [lidar_localization]: local_map_min_points: 100
[lidar_localization_node-1] [INFO] [1783472663.513245615] [lidar_localization]: reject_above_score_threshold: 1
[lidar_localization_node-1] [INFO] [1783472663.513249016] [lidar_localization]: enable_consistency_recovery_gate: 0
[lidar_localization_node-1] [INFO] [1783472663.513252356] [lidar_localization]: consistency_recovery_min_rejections: 10
[lidar_localization_node-1] [INFO] [1783472663.513255764] [lidar_localization]: consistency_recovery_score_margin: 2.000000
[lidar_localization_node-1] [INFO] [1783472663.513260419] [lidar_localization]: consistency_recovery_max_translation_m: 0.050000
[lidar_localization_node-1] [INFO] [1783472663.513265519] [lidar_localization]: consistency_recovery_max_yaw_deg: 0.500000
[lidar_localization_node-1] [INFO] [1783472663.513270680] [lidar_localization]: enable_post_reject_strict_score_threshold: 0
[lidar_localization_node-1] [INFO] [1783472663.513275205] [lidar_localization]: post_reject_strict_min_rejections: 100
[lidar_localization_node-1] [INFO] [1783472663.513279614] [lidar_localization]: post_reject_strict_score_threshold: 5.500000
[lidar_localization_node-1] [INFO] [1783472663.513300578] [lidar_localization]: enable_open_loop_strict_score_threshold: 0
[lidar_localization_node-1] [INFO] [1783472663.513304240] [lidar_localization]: open_loop_strict_min_accepted_gap_sec: 15.000000
[lidar_localization_node-1] [INFO] [1783472663.513308316] [lidar_localization]: open_loop_strict_min_seed_translation_m: 100.000000
[lidar_localization_node-1] [INFO] [1783472663.513314962] [lidar_localization]: open_loop_strict_score_threshold: 5.250000
[lidar_localization_node-1] [INFO] [1783472663.513318518] [lidar_localization]: enable_borderline_seed_rejection_gate: 0
[lidar_localization_node-1] [INFO] [1783472663.513321853] [lidar_localization]: borderline_seed_gate_score_threshold: 5.250000
[lidar_localization_node-1] [INFO] [1783472663.513325530] [lidar_localization]: borderline_seed_gate_min_seed_translation_m: 1.000000
[lidar_localization_node-1] [INFO] [1783472663.513329105] [lidar_localization]: enable_rejected_seed_update: 0
[lidar_localization_node-1] [INFO] [1783472663.513332525] [lidar_localization]: rejected_seed_update_min_rejections: 0
[lidar_localization_node-1] [INFO] [1783472663.513335774] [lidar_localization]: rejected_seed_update_max_fitness: 10.000000
[lidar_localization_node-1] [INFO] [1783472663.513339545] [lidar_localization]: rejected_seed_update_max_correction_translation_m: 2.000000
[lidar_localization_node-1] [INFO] [1783472663.513343159] [lidar_localization]: rejected_seed_update_max_correction_yaw_deg: 2.000000
[lidar_localization_node-1] [INFO] [1783472663.513346758] [lidar_localization]: enable_recovery_retry_from_last_pose: 0
[lidar_localization_node-1] [INFO] [1783472663.513350158] [lidar_localization]: recovery_retry_from_last_pose_min_rejections: 1
[lidar_localization_node-1] [INFO] [1783472663.513355739] [lidar_localization]: recovery_retry_from_last_pose_max_accepted_gap_sec: 1.000000
[lidar_localization_node-1] [INFO] [1783472663.513359441] [lidar_localization]: recovery_retry_from_last_pose_max_seed_translation_m: 1000000000.000000
[lidar_localization_node-1] [INFO] [1783472663.513363981] [lidar_localization]: enable_reinitialization_request_output: 1
[lidar_localization_node-1] [INFO] [1783472663.513367296] [lidar_localization]: enable_reinitialization_request_latch: 1
[lidar_localization_node-1] [INFO] [1783472663.513370570] [lidar_localization]: reinitialization_trigger_threshold: 0.950000
[lidar_localization_node-1] [INFO] [1783472663.513374229] [lidar_localization]: reinitialization_trigger_gap_scale_sec: 30.000000
[lidar_localization_node-1] [INFO] [1783472663.513377976] [lidar_localization]: reinitialization_trigger_seed_translation_scale_m: 100.000000
[lidar_localization_node-1] [INFO] [1783472663.513381995] [lidar_localization]: reinitialization_trigger_reject_streak_scale: 200.000000
[lidar_localization_node-1] [INFO] [1783472663.513385844] [lidar_localization]: reinitialization_trigger_fitness_explosion_threshold: 1000.000000
[lidar_localization_node-1] [INFO] [1783472663.513389889] [lidar_localization]: imu_prediction_correction_guard_translation_m: 2.000000
[lidar_localization_node-1] [INFO] [1783472663.513393388] [lidar_localization]: imu_prediction_correction_guard_yaw_deg: 10.000000
[lidar_localization_node-1] [INFO] [1783472663.513396916] [lidar_localization]: imu_prediction_correction_guard_warmup_accepts: 5
[lidar_localization_node-1] [INFO] [1783472663.513400783] [lidar_localization]: enable_timer_publishing: 0
[lidar_localization_node-1] [INFO] [1783472663.513404175] [lidar_localization]: pose_publish_frequency: 10.000000
[lidar_localization_node-1] [INFO] [1783472663.513410603] [lidar_localization]: initializePubSub
[lidar_localization_node-1] [INFO] [1783472663.515702708] [lidar_localization]: Initial pose subscription uses a dedicated callback group
[lidar_localization_node-1] [INFO] [1783472663.516364815] [lidar_localization]: IMU preintegration subscription uses a dedicated callback group
[lidar_localization_node-1] [INFO] [1783472663.516545638] [lidar_localization]: initializePubSub end
[lidar_localization_node-1] [INFO] [1783472663.516559013] [lidar_localization]: initializeRegistration
[lidar_localization_node-1] [INFO] [1783472663.516596369] [lidar_localization]: initializeRegistration end
[lidar_localization_node-1] [INFO] [1783472663.516602320] [lidar_localization]: Configuring end
[INFO] [launch.user]: -- Inactive --
[INFO] [launch.user]: -- Inactive --
[INFO] [launch.user]: -- Inactive --
[lidar_localization_node-1] [INFO] [1783472663.518118604] [lidar_localization]: Activating
[ERROR] [launch_ros.actions.lifecycle_node]: Failed to make transition 'TRANSITION_ACTIVATE' for LifecycleNode '/lidar_localization'
[lidar_localization_node-1] [INFO] [1783472663.518221101] [lidar_localization]: Loading pcd map from: /home/systemlab/whill_lab0_ros2/docs/maps/campus-half-v3/static.pcd
[lidar_localization_node-1] [WARN] [1783472663.518092290] [rcl_lifecycle]: No transition matching 3 found for current state active
[ERROR] [launch_ros.actions.lifecycle_node]: Failed to make transition 'TRANSITION_ACTIVATE' for LifecycleNode '/lidar_localization'
[ERROR] [launch_ros.actions.lifecycle_node]: Failed to make transition 'TRANSITION_ACTIVATE' for LifecycleNode '/lidar_localization'
[lidar_localization_node-1] [WARN] [1783472663.518116914] [rcl_lifecycle]: No transition matching 3 found for current state active
[lidar_localization_node-1] [ERROR] [1783472663.518122335] [lidar_localization]: Unable to start transition 3 from current state active: Transition is not registered., at ./src/rcl_lifecycle.c:355
[lidar_localization_node-1] [WARN] [1783472663.518272805] [rcl_lifecycle]: No transition matching 3 found for current state active
[lidar_localization_node-1] [WARN] [1783472663.518288073] [rcl_lifecycle]: No transition matching 3 found for current state active
[lidar_localization_node-1] [ERROR] [1783472663.518292603] [lidar_localization]: Unable to start transition 3 from current state active: Transition is not registered., at ./src/rcl_lifecycle.c:355
[lidar_localization_node-1] [WARN] [1783472663.518451372] [rcl_lifecycle]: No transition matching 3 found for current state active
[lidar_localization_node-1] [WARN] [1783472663.518462155] [rcl_lifecycle]: No transition matching 3 found for current state active
[lidar_localization_node-1] [ERROR] [1783472663.518467189] [lidar_localization]: Unable to start transition 3 from current state active: Transition is not registered., at ./src/rcl_lifecycle.c:355
[lidar_localization_node-1] [WARN] [1783472663.613524540] [lidar_localization]: Map point cloud does not contain intensity. Falling back to xyz with zero intensity.
[lidar_localization_node-1] [INFO] [1783472663.613558834] [lidar_localization]: Map Size 3330209
[lidar_localization_node-1] [INFO] [1783472663.633645467] [lidar_localization]: Initial Map Published
[lidar_localization_node-1] [INFO] [1783472663.829311666] [lidar_localization]: Activating end
[lidar_localization_node-1] [WARN] [1783472663.829796910] [rcl_lifecycle]: No transition matching 3 found for current state active
[lidar_localization_node-1] [WARN] [1783472663.829815986] [rcl_lifecycle]: No transition matching 3 found for current state active
[lidar_localization_node-1] [ERROR] [1783472663.829820619] [lidar_localization]: Unable to start transition 3 from current state active: Transition is not registered., at ./src/rcl_lifecycle.c:355
[lidar_localization_node-1] [WARN] [1783472663.829965817] [rcl_lifecycle]: No transition matching 3 found for current state active
[lidar_localization_node-1] [WARN] [1783472663.829979580] [rcl_lifecycle]: No transition matching 3 found for current state active
[lidar_localization_node-1] [ERROR] [1783472663.829984295] [lidar_localization]: Unable to start transition 3 from current state active: Transition is not registered., at ./src/rcl_lifecycle.c:355
==> /lidar_localization lifecycle: active [3]
==> recording /pcl_pose and /alignment_status…
==> replaying bag (466.260125959s)…
stdin is not a terminal device. Keyboard handling disabled.[INFO] [1783472672.687223062] [rosbag2_storage]: Opened database '/home/systemlab/whill_lab0_ros2/docs/m5r-bench-data/2026-07-07-campus-half-v3/bag/bag_0.db3' for READ_ONLY.
[INFO] [1783472672.687264256] [rosbag2_player]: Set rate to 1
[INFO] [1783472672.689924483] [rosbag2_player]: Adding keyboard callbacks.
[INFO] [1783472672.689962800] [rosbag2_player]: Press SPACE for Pause/Resume
[INFO] [1783472672.689979533] [rosbag2_player]: Press CURSOR_RIGHT for Play Next Message
[INFO] [1783472672.690005144] [rosbag2_player]: Press CURSOR_UP for Increase Rate 10%
[INFO] [1783472672.690018018] [rosbag2_player]: Press CURSOR_DOWN for Decrease Rate 10%
[INFO] [1783472672.690375919] [rosbag2_storage]: Opened database '/home/systemlab/whill_lab0_ros2/docs/m5r-bench-data/2026-07-07-campus-half-v3/bag/bag_0.db3' for READ_ONLY.
==> publishing /initialpose…
publisher: beginning loop
publishing #1: geometry_msgs.msg.PoseWithCovarianceStamped(header=std_msgs.msg.Header(stamp=builtin_interfaces.msg.Time(sec=0, nanosec=0), frame_id='map'), pose=geometry_msgs.msg.PoseWithCovariance(pose=geometry_msgs.msg.Pose(position=geometry_msgs.msg.Point(x=0.0, y=0.0, z=0.0), orientation=geometry_msgs.msg.Quaternion(x=0.0, y=0.0, z=0.0, w=1.0)), covariance=array([0.25, 0.  , 0.  , 0.  , 0.  , 0.  , 0.  , 0.25, 0.  , 0.  , 0.  ,
       0.  , 0.  , 0.  , 0.25, 0.  , 0.  , 0.  , 0.  , 0.  , 0.  , 0.07,
       0.  , 0.  , 0.  , 0.  , 0.  , 0.  , 0.07, 0.  , 0.  , 0.  , 0.  ,
       0.  , 0.  , 0.07])))

[lidar_localization_node-1] [INFO] [1783472679.795246192] [lidar_localization]: initialPoseReceived
[lidar_localization_node-1] [INFO] [1783472679.795394071] [lidar_localization]: published map -> odom TF from initial pose
[lidar_localization_node-1] [INFO] [1783472679.795404006] [lidar_localization]: initialPoseReceived end
[lidar_localization_node-1] [INFO] [1783472679.795408079] [lidar_localization]: initialPoseReceived
[lidar_localization_node-1] [INFO] [1783472679.795653584] [lidar_localization]: published map -> odom TF from initial pose
[lidar_localization_node-1] [INFO] [1783472679.795673263] [lidar_localization]: initialPoseReceived end
    initialpose pub rc=0
[lidar_localization_node-1] [WARN] [1783472680.329250208] [lidar_localization]: The fitness score is over 6.000000.
[lidar_localization_node-1] [INFO] [1783472680.329328791] [lidar_localization]: Recovery supervisor state transition: tracking -> recovering (reject_measurement)
[lidar_localization_node-1] Warning: TF_OLD_DATA ignoring data from the past for frame odom at time 1783420334.387059 according to authority Authority undetectable
[lidar_localization_node-1] Warning: TF_OLD_DATA ignoring data from the past for frame odom at time 1783420334.387059 according to authority Authority undetectable
[lidar_localization_node-1] Possible reasons are listed at http://wiki.ros.org/tf/Errors%20explained
[lidar_localization_node-1] Possible reasons are listed at http://wiki.ros.org/tf/Errors%20explained
[lidar_localization_node-1]          at line 294 in ./src/buffer_core.cpp
[lidar_localization_node-1]          at line 294 in ./src/buffer_core.cpp
[lidar_localization_node-1] Warning: TF_OLD_DATA ignoring data from the past for frame odom at time 1783420334.387059 according to authority Authority undetectable
[lidar_localization_node-1] Possible reasons are listed at http://wiki.ros.org/tf/Errors%20explained
[lidar_localization_node-1]          at line 294 in ./src/buffer_core.cpp
[lidar_localization_node-1] Warning: TF_OLD_DATA ignoring data from the past for frame odom at time 1783420334.387059 according to authority Authority undetectable
[lidar_localization_node-1] Possible reasons are listed at http://wiki.ros.org/tf/Errors%20explained
[lidar_localization_node-1] Warning: TF_OLD_DATA ignoring data from the past for frame odom at time 1783420334.387059 according to authority Authority undetectable
[lidar_localization_node-1]          at line 294 in ./src/buffer_core.cpp
[lidar_localization_node-1] Possible reasons are listed at http://wiki.ros.org/tf/Errors%20explained
[lidar_localization_node-1]          at line 294 in ./src/buffer_core.cpp
[lidar_localization_node-1] Warning: TF_OLD_DATA ignoring data from the past for frame odom at time 1783420334.387059 according to authority Authority undetectable
[lidar_localization_node-1] Possible reasons are listed at http://wiki.ros.org/tf/Errors%20explained
[lidar_localization_node-1]          at line 294 in ./src/buffer_core.cpp
[lidar_localization_node-1] [INFO] [1783472680.406724465] [lidar_localization]: Recovery supervisor state transition: recovering -> tracking (accept_measurement)
[lidar_localization_node-1] Warning: TF_OLD_DATA ignoring data from the past for frame odom at time 1783420247.780813 according to authority Authority undetectable
[lidar_localization_node-1] Warning: TF_OLD_DATA ignoring data from the past for frame odom at time 1783420247.780813 according to authority Authority undetectable
[lidar_localization_node-1] Possible reasons are listed at http://wiki.ros.org/tf/Errors%20explained
[lidar_localization_node-1] Possible reasons are listed at http://wiki.ros.org/tf/Errors%20explained
[lidar_localization_node-1]          at line 294 in ./src/buffer_core.cpp
[lidar_localization_node-1]          at line 294 in ./src/buffer_core.cpp
[lidar_localization_node-1] Warning: TF_OLD_DATA ignoring data from the past for frame odom at time 1783420247.780813 according to authority Authority undetectable
[lidar_localization_node-1] Possible reasons are listed at http://wiki.ros.org/tf/Errors%20explained
[lidar_localization_node-1]          at line 294 in ./src/buffer_core.cpp
[lidar_localization_node-1] Warning: TF_OLD_DATA ignoring data from the past for frame odom at time 1783420334.488464 according to authority Authority undetectable
[lidar_localization_node-1] Possible reasons are listed at http://wiki.ros.org/tf/Errors%20explained
[lidar_localization_node-1]          at line 294 in ./src/buffer_core.cpp
[lidar_localization_node-1] Warning: TF_OLD_DATA ignoring data from the past for frame odom at time 1783420334.488464 according to authority Authority undetectable
[lidar_localization_node-1] Warning: TF_OLD_DATA ignoring data from the past for frame odom at time 1783420334.488464 according to authority Authority undetectable
[lidar_localization_node-1] Possible reasons are listed at http://wiki.ros.org/tf/Errors%20explained
[lidar_localization_node-1] Possible reasons are listed at http://wiki.ros.org/tf/Errors%20explained
[lidar_localization_node-1]          at line 294 in ./src/buffer_core.cpp
[lidar_localization_node-1]          at line 294 in ./src/buffer_core.cpp
[lidar_localization_node-1] Warning: TF_OLD_DATA ignoring data from the past for frame odom at time 1783420334.488464 according to authority Authority undetectable
[lidar_localization_node-1] Warning: TF_OLD_DATA ignoring data from the past for frame odom at time 1783420334.488464 according to authority Authority undetectable
[lidar_localization_node-1] Warning: TF_OLD_DATA ignoring data from the past for frame odom at time 1783420334.488464 according to authority Authority undetectable
[lidar_localization_node-1] Possible reasons are listed at http://wiki.ros.org/tf/Errors%20explained
[lidar_localization_node-1]          at line 294 in ./src/buffer_core.cpp
[lidar_localization_node-1] Possible reasons are listed at http://wiki.ros.org/tf/Errors%20explained
[lidar_localization_node-1] Possible reasons are listed at http://wiki.ros.org/tf/Errors%20explained
[lidar_localization_node-1]          at line 294 in ./src/buffer_core.cpp
[lidar_localization_node-1]          at line 294 in ./src/buffer_core.cpp
[lidar_localization_node-1] Warning: TF_OLD_DATA ignoring data from the past for frame odom at time 1783420247.882184 according to authority Authority undetectable
[lidar_localization_node-1] Warning: TF_OLD_DATA ignoring data from the past for frame odom at time 1783420247.882184 according to authority Authority undetectable
[lidar_localization_node-1] Possible reasons are listed at http://wiki.ros.org/tf/Errors%20explained
[lidar_localization_node-1]          at line 294 in ./src/buffer_core.cpp
[lidar_localization_node-1] Warning: TF_OLD_DATA ignoring data from the past for frame odom at time 1783420247.882184 according to authority Authority undetectable
[lidar_localization_node-1] Possible reasons are listed at http://wiki.ros.org/tf/Errors%20explained
[lidar_localization_node-1] Possible reasons are listed at http://wiki.ros.org/tf/Errors%20explained
[lidar_localization_node-1]          at line 294 in ./src/buffer_core.cpp
[lidar_localization_node-1]          at line 294 in ./src/buffer_core.cpp
[lidar_localization_node-1] Warning: TF_OLD_DATA ignoring data from the past for frame odom at time 1783420247.882184 according to authority Authority undetectable
[lidar_localization_node-1] Warning: TF_OLD_DATA ignoring data from the past for frame odom at time 1783420247.882184 according to authority Authority undetectable
[lidar_localization_node-1] Possible reasons are listed at http://wiki.ros.org/tf/Errors%20explained
[lidar_localization_node-1] Possible reasons are listed at http://wiki.ros.org/tf/Errors%20explained
[lidar_localization_node-1]          at line 294 in ./src/buffer_core.cpp
[lidar_localization_node-1]          at line 294 in ./src/buffer_core.cpp
[lidar_localization_node-1] Warning: TF_OLD_DATA ignoring data from the past for frame odom at time 1783420247.882184 according to authority Authority undetectable
[lidar_localization_node-1] Possible reasons are listed at http://wiki.ros.org/tf/Errors%20explained
[lidar_localization_node-1]          at line 294 in ./src/buffer_core.cpp
[lidar_localization_node-1] Warning: TF_OLD_DATA ignoring data from the past for frame odom at time 1783420334.589901 according to authority Authority undetectable
[lidar_localization_node-1] Possible reasons are listed at http://wiki.ros.org/tf/Errors%20explained
[lidar_localization_node-1]          at line 294 in ./src/buffer_core.cpp
[lidar_localization_node-1] Warning: TF_OLD_DATA ignoring data from the past for frame odom at time 1783420334.589901 according to authority Authority undetectable
[lidar_localization_node-1] Possible reasons are listed at http://wiki.ros.org/tf/Errors%20explained
[lidar_localization_node-1]          at line 294 in ./src/buffer_core.cpp
[lidar_localization_node-1] Warning: TF_OLD_DATA ignoring data from the past for frame odom at time 1783420334.589901 according to authority Authority undetectable
[lidar_localization_node-1] Possible reasons are listed at http://wiki.ros.org/tf/Errors%20explained
[lidar_localization_node-1]          at line 294 in ./src/buffer_core.cpp
[lidar_localization_node-1] Warning: TF_OLD_DATA ignoring data from the past for frame odom at time 1783420334.589901 according to authority Authority undetectable
[lidar_localization_node-1] Warning: TF_OLD_DATA ignoring data from the past for frame odom at time 1783420334.589901 according to authority Authority undetectable
[lidar_localization_node-1] Possible reasons are listed at http://wiki.ros.org/tf/Errors%20explained
[lidar_localization_node-1]          at line 294 in ./src/buffer_core.cpp
[lidar_localization_node-1] Possible reasons are listed at http://wiki.ros.org/tf/Errors%20explained
[lidar_localization_node-1]          at line 294 in ./src/buffer_core.cpp
[lidar_localization_node-1] Warning: TF_OLD_DATA ignoring data from the past for frame odom at time 1783420334.589901 according to authority Authority undetectable
[lidar_localization_node-1] Possible reasons are listed at http://wiki.ros.org/tf/Errors%20explained
[lidar_localization_node-1]          at line 294 in ./src/buffer_core.cpp
[lidar_localization_node-1] Warning: TF_OLD_DATA ignoring data from the past for frame odom at time 1783420390.984209 according to authority Authority undetectable
[lidar_localization_node-1] Warning: TF_OLD_DATA ignoring data from the past for frame odom at time 1783420390.984209 according to authority Authority undetectable
[lidar_localization_node-1] Warning: TF_OLD_DATA ignoring data from the past for frame odom at time 1783420390.984209 according to authority Authority undetectable
[lidar_localization_node-1] Possible reasons are listed at http://wiki.ros.org/tf/Errors%20explained
[lidar_localization_node-1]          at line 294 in ./src/buffer_core.cpp
[lidar_localization_node-1] Possible reasons are listed at http://wiki.ros.org/tf/Errors%20explained
[lidar_localization_node-1] Possible reasons are listed at http://wiki.ros.org/tf/Errors%20explained
[lidar_localization_node-1]          at line 294 in ./src/buffer_core.cpp
[lidar_localization_node-1]          at line 294 in ./src/buffer_core.cpp
[lidar_localization_node-1] Warning: TF_OLD_DATA ignoring data from the past for frame odom at time 1783420390.984209 according to authority Authority undetectable
[lidar_localization_node-1] Warning: TF_OLD_DATA ignoring data from the past for frame odom at time 1783420390.984209 according to authority Authority undetectable
[lidar_localization_node-1] Warning: TF_OLD_DATA ignoring data from the past for frame odom at time 1783420390.984209 according to authority Authority undetectable
[lidar_localization_node-1] Possible reasons are listed at http://wiki.ros.org/tf/Errors%20explained
[lidar_localization_node-1] Possible reasons are listed at http://wiki.ros.org/tf/Errors%20explained
[lidar_localization_node-1] Possible reasons are listed at http://wiki.ros.org/tf/Errors%20explained
[lidar_localization_node-1]          at line 294 in ./src/buffer_core.cpp
[lidar_localization_node-1]          at line 294 in ./src/buffer_core.cpp
[lidar_localization_node-1]          at line 294 in ./src/buffer_core.cpp
[lidar_localization_node-1] Warning: TF_OLD_DATA ignoring data from the past for frame odom at time 1783420247.983547 according to authority Authority undetectable
[lidar_localization_node-1] Warning: TF_OLD_DATA ignoring data from the past for frame odom at time 1783420247.983547 according to authority Authority undetectable
[lidar_localization_node-1] Warning: TF_OLD_DATA ignoring data from the past for frame odom at time 1783420247.983547 according to authority Authority undetectable
[lidar_localization_node-1] Possible reasons are listed at http://wiki.ros.org/tf/Errors%20explained
[lidar_localization_node-1] Possible reasons are listed at http://wiki.ros.org/tf/Errors%20explained
[lidar_localization_node-1] Possible reasons are listed at http://wiki.ros.org/tf/Errors%20explained
[lidar_localization_node-1]          at line 294 in ./src/buffer_core.cpp
[lidar_localization_node-1]          at line 294 in ./src/buffer_core.cpp
[lidar_localization_node-1]          at line 294 in ./src/buffer_core.cpp
[lidar_localization_node-1] Warning: TF_OLD_DATA ignoring data from the past for frame odom at time 1783420247.983547 according to authority Authority undetectable
[lidar_localization_node-1] Possible reasons are listed at http://wiki.ros.org/tf/Errors%20explained
[lidar_localization_node-1]          at line 294 in ./src/buffer_core.cpp
[lidar_localization_node-1] Warning: TF_OLD_DATA ignoring data from the past for frame odom at time 1783420247.983547 according to authority Authority undetectable
[lidar_localization_node-1] Possible reasons are listed at http://wiki.ros.org/tf/Errors%20explained
[lidar_localization_node-1]          at line 294 in ./src/buffer_core.cpp
[lidar_localization_node-1] Warning: TF_OLD_DATA ignoring data from the past for frame odom at time 1783420247.983547 according to authority Authority undetectable
[lidar_localization_node-1] Possible reasons are listed at http://wiki.ros.org/tf/Errors%20explained
[lidar_localization_node-1]          at line 294 in ./src/buffer_core.cpp
[lidar_localization_node-1] Warning: TF_OLD_DATA ignoring data from the past for frame odom at time 1783420248.084954 according to authority Authority undetectable
[lidar_localization_node-1] Warning: TF_OLD_DATA ignoring data from the past for frame odom at time 1783420248.084954 according to authority Authority undetectable
[lidar_localization_node-1] Warning: TF_OLD_DATA ignoring data from the past for frame odom at time 1783420248.084954 according to authority Authority undetectable
[lidar_localization_node-1] Possible reasons are listed at http://wiki.ros.org/tf/Errors%20explained
[lidar_localization_node-1] Possible reasons are listed at http://wiki.ros.org/tf/Errors%20explained
[lidar_localization_node-1] Possible reasons are listed at http://wiki.ros.org/tf/Errors%20explained
[lidar_localization_node-1]          at line 294 in ./src/buffer_core.cpp
[lidar_localization_node-1]          at line 294 in ./src/buffer_core.cpp
[lidar_localization_node-1]          at line 294 in ./src/buffer_core.cpp
[lidar_localization_node-1] Warning: TF_OLD_DATA ignoring data from the past for frame odom at time 1783420248.084954 according to authority Authority undetectable
[lidar_localization_node-1] Warning: TF_OLD_DATA ignoring data from the past for frame odom at time 1783420248.084954 according to authority Authority undetectable
[lidar_localization_node-1] Possible reasons are listed at http://wiki.ros.org/tf/Errors%20explained
[lidar_localization_node-1] Possible reasons are listed at http://wiki.ros.org/tf/Errors%20explained
[lidar_localization_node-1]          at line 294 in ./src/buffer_core.cpp
[lidar_localization_node-1]          at line 294 in ./src/buffer_core.cpp
[lidar_localization_node-1] Warning: TF_OLD_DATA ignoring data from the past for frame odom at time 1783420248.084954 according to authority Authority undetectable
[lidar_localization_node-1] Possible reasons are listed at http://wiki.ros.org/tf/Errors%20explained
[lidar_localization_node-1]          at line 294 in ./src/buffer_core.cpp
[lidar_localization_node-1] Warning: TF_OLD_DATA ignoring data from the past for frame odom at time 1783420391.187022 according to authority Authority undetectable
[lidar_localization_node-1] Possible reasons are listed at http://wiki.ros.org/tf/Errors%20explained
[lidar_localization_node-1]          at line 294 in ./src/buffer_core.cpp
[lidar_localization_node-1] Warning: TF_OLD_DATA ignoring data from the past for frame odom at time 1783420391.187022 according to authority Authority undetectable
[lidar_localization_node-1] Warning: TF_OLD_DATA ignoring data from the past for frame odom at time 1783420391.187022 according to authority Authority undetectable
[lidar_localization_node-1] Possible reasons are listed at http://wiki.ros.org/tf/Errors%20explained
[lidar_localization_node-1] Possible reasons are listed at http://wiki.ros.org/tf/Errors%20explained
[lidar_localization_node-1]          at line 294 in ./src/buffer_core.cpp
[lidar_localization_node-1]          at line 294 in ./src/buffer_core.cpp
[lidar_localization_node-1] Warning: TF_OLD_DATA ignoring data from the past for frame odom at time 1783420391.187022 according to authority Authority undetectable
[lidar_localization_node-1] Warning: TF_OLD_DATA ignoring data from the past for frame odom at time 1783420391.187022 according to authority Authority undetectable
[lidar_localization_node-1] Possible reasons are listed at http://wiki.ros.org/tf/Errors%20explained
[lidar_localization_node-1] Possible reasons are listed at http://wiki.ros.org/tf/Errors%20explained
[lidar_localization_node-1]          at line 294 in ./src/buffer_core.cpp
[lidar_localization_node-1]          at line 294 in ./src/buffer_core.cpp
[lidar_localization_node-1] Warning: TF_OLD_DATA ignoring data from the past for frame odom at time 1783420391.187022 according to authority Authority undetectable
[lidar_localization_node-1] Possible reasons are listed at http://wiki.ros.org/tf/Errors%20explained
[lidar_localization_node-1]          at line 294 in ./src/buffer_core.cpp
[lidar_localization_node-1] Warning: TF_OLD_DATA ignoring data from the past for frame odom at time 1783420248.186147 according to authority Authority undetectable
[lidar_localization_node-1] Possible reasons are listed at http://wiki.ros.org/tf/Errors%20explained
[lidar_localization_node-1]          at line 294 in ./src/buffer_core.cpp
[lidar_localization_node-1] Warning: TF_OLD_DATA ignoring data from the past for frame odom at time 1783420248.186147 according to authority Authority undetectable
[lidar_localization_node-1] Possible reasons are listed at http://wiki.ros.org/tf/Errors%20explained
[lidar_localization_node-1]          at line 294 in ./src/buffer_core.cpp
[lidar_localization_node-1] Warning: TF_OLD_DATA ignoring data from the past for frame odom at time 1783420248.186147 according to authority Authority undetectable
[lidar_localization_node-1] Possible reasons are listed at http://wiki.ros.org/tf/Errors%20explained
[lidar_localization_node-1]          at line 294 in ./src/buffer_core.cpp
[lidar_localization_node-1] Warning: TF_OLD_DATA ignoring data from the past for frame odom at time 1783420248.186147 according to authority Authority undetectable
[lidar_localization_node-1] Warning: TF_OLD_DATA ignoring data from the past for frame odom at time 1783420248.186147 according to authority Authority undetectable
[lidar_localization_node-1] Warning: TF_OLD_DATA ignoring data from the past for frame odom at time 1783420248.186147 according to authority Authority undetectable
[lidar_localization_node-1] Possible reasons are listed at http://wiki.ros.org/tf/Errors%20explained
[lidar_localization_node-1] Possible reasons are listed at http://wiki.ros.org/tf/Errors%20explained
[lidar_localization_node-1] Possible reasons are listed at http://wiki.ros.org/tf/Errors%20explained
[lidar_localization_node-1]          at line 294 in ./src/buffer_core.cpp
[lidar_localization_node-1]          at line 294 in ./src/buffer_core.cpp
[lidar_localization_node-1]          at line 294 in ./src/buffer_core.cpp
[lidar_localization_node-1] Warning: TF_OLD_DATA ignoring data from the past for frame odom at time 1783420334.894156 according to authority Authority undetectable
[lidar_localization_node-1] Possible reasons are listed at http://wiki.ros.org/tf/Errors%20explained
[lidar_localization_node-1]          at line 294 in ./src/buffer_core.cpp
[lidar_localization_node-1] Warning: TF_OLD_DATA ignoring data from the past for frame odom at time 1783420334.894156 according to authority Authority undetectable
[lidar_localization_node-1] Possible reasons are listed at http://wiki.ros.org/tf/Errors%20explained
[lidar_localization_node-1]          at line 294 in ./src/buffer_core.cpp
[lidar_localization_node-1] Warning: TF_OLD_DATA ignoring data from the past for frame odom at time 1783420334.894156 according to authority Authority undetectable
[lidar_localization_node-1] Possible reasons are listed at http://wiki.ros.org/tf/Errors%20explained
[lidar_localization_node-1]          at line 294 in ./src/buffer_core.cpp
[lidar_localization_node-1] Warning: TF_OLD_DATA ignoring data from the past for frame odom at time 1783420391.288420 according to authority Authority undetectable
[lidar_localization_node-1] Warning: TF_OLD_DATA ignoring data from the past for frame odom at time 1783420391.288420 according to authority Authority undetectable
[lidar_localization_node-1] Warning: TF_OLD_DATA ignoring data from the past for frame odom at time 1783420391.288420 according to authority Authority undetectable
[lidar_localization_node-1] Possible reasons are listed at http://wiki.ros.org/tf/Errors%20explained
[lidar_localization_node-1] Possible reasons are listed at http://wiki.ros.org/tf/Errors%20explained
[lidar_localization_node-1]          at line 294 in ./src/buffer_core.cpp
[lidar_localization_node-1] Possible reasons are listed at http://wiki.ros.org/tf/Errors%20explained
[lidar_localization_node-1]          at line 294 in ./src/buffer_core.cpp
[lidar_localization_node-1]          at line 294 in ./src/buffer_core.cpp
[lidar_localization_node-1] Warning: TF_OLD_DATA ignoring data from the past for frame odom at time 1783420248.287756 according to authority Authority undetectable
[lidar_localization_node-1] Possible reasons are listed at http://wiki.ros.org/tf/Errors%20explained
[lidar_localization_node-1]          at line 294 in ./src/buffer_core.cpp
[lidar_localization_node-1] Warning: TF_OLD_DATA ignoring data from the past for frame odom at time 1783420248.287756 according to authority Authority undetectable
[lidar_localization_node-1] Possible reasons are listed at http://wiki.ros.org/tf/Errors%20explained
[lidar_localization_node-1]          at line 294 in ./src/buffer_core.cpp
[lidar_localization_node-1] Warning: TF_OLD_DATA ignoring data from the past for frame odom at time 1783420248.287756 according to authority Authority undetectable
[lidar_localization_node-1] Possible reasons are listed at http://wiki.ros.org/tf/Errors%20explained
[lidar_localization_node-1]          at line 294 in ./src/buffer_core.cpp
[lidar_localization_node-1] Warning: TF_OLD_DATA ignoring data from the past for frame odom at time 1783420334.995532 according to authority Authority undetectable
[lidar_localization_node-1] Warning: TF_OLD_DATA ignoring data from the past for frame odom at time 1783420334.995532 according to authority Authority undetectable
[lidar_localization_node-1] Possible reasons are listed at http://wiki.ros.org/tf/Errors%20explained
[lidar_localization_node-1]          at line 294 in ./src/buffer_core.cpp
[lidar_localization_node-1] Possible reasons are listed at http://wiki.ros.org/tf/Errors%20explained
[lidar_localization_node-1]          at line 294 in ./src/buffer_core.cpp
[lidar_localization_node-1] Warning: TF_OLD_DATA ignoring data from the past for frame odom at time 1783420334.995532 according to authority Authority undetectable
[lidar_localization_node-1] Possible reasons are listed at http://wiki.ros.org/tf/Errors%20explained
[lidar_localization_node-1]          at line 294 in ./src/buffer_core.cpp
[lidar_localization_node-1] Warning: TF_OLD_DATA ignoring data from the past for frame odom at time 1783420334.995532 according to authority Authority undetectable
[lidar_localization_node-1] Warning: TF_OLD_DATA ignoring data from the past for frame odom at time 1783420334.995532 according to authority Authority undetectable
[lidar_localization_node-1] Possible reasons are listed at http://wiki.ros.org/tf/Errors%20explained
[lidar_localization_node-1] Possible reasons are listed at http://wiki.ros.org/tf/Errors%20explained
[lidar_localization_node-1]          at line 294 in ./src/buffer_core.cpp
[lidar_localization_node-1]          at line 294 in ./src/buffer_core.cpp
[lidar_localization_node-1] Warning: TF_OLD_DATA ignoring data from the past for frame odom at time 1783420334.995532 according to authority Authority undetectable
[lidar_localization_node-1] Possible reasons are listed at http://wiki.ros.org/tf/Errors%20explained
[lidar_localization_node-1]          at line 294 in ./src/buffer_core.cpp
[lidar_localization_node-1] Warning: TF_OLD_DATA ignoring data from the past for frame odom at time 1783420391.389898 according to authority Authority undetectable
[lidar_localization_node-1] Warning: TF_OLD_DATA ignoring data from the past for frame odom at time 1783420391.389898 according to authority Authority undetectable
[lidar_localization_node-1] Possible reasons are listed at http://wiki.ros.org/tf/Errors%20explained
[lidar_localization_node-1] Warning: TF_OLD_DATA ignoring data from the past for frame odom at time 1783420391.389898 according to authority Authority undetectable
[lidar_localization_node-1]          at line 294 in ./src/buffer_core.cpp
[lidar_localization_node-1] Possible reasons are listed at http://wiki.ros.org/tf/Errors%20explained
[lidar_localization_node-1]          at line 294 in ./src/buffer_core.cpp
[lidar_localization_node-1] Possible reasons are listed at http://wiki.ros.org/tf/Errors%20explained
[lidar_localization_node-1]          at line 294 in ./src/buffer_core.cpp
[lidar_localization_node-1] Warning: TF_OLD_DATA ignoring data from the past for frame odom at time 1783420335.096985 according to authority Authority undetectable
[lidar_localization_node-1] Warning: TF_OLD_DATA ignoring data from the past for frame odom at time 1783420335.096985 according to authority Authority undetectable
[lidar_localization_node-1] Possible reasons are listed at http://wiki.ros.org/tf/Errors%20explained
[lidar_localization_node-1] Possible reasons are listed at http://wiki.ros.org/tf/Errors%20explained
[lidar_localization_node-1]          at line 294 in ./src/buffer_core.cpp
[lidar_localization_node-1]          at line 294 in ./src/buffer_core.cpp
[lidar_localization_node-1] Warning: TF_OLD_DATA ignoring data from the past for frame odom at time 1783420335.096985 according to authority Authority undetectable
[lidar_localization_node-1] Possible reasons are listed at http://wiki.ros.org/tf/Errors%20explained
[lidar_localization_node-1]          at line 294 in ./src/buffer_core.cpp
[lidar_localization_node-1] Warning: TF_OLD_DATA ignoring data from the past for frame odom at time 1783420335.096985 according to authority Authority undetectable
[lidar_localization_node-1] Warning: TF_OLD_DATA ignoring data from the past for frame odom at time 1783420335.096985 according to authority Authority undetectable
[lidar_localization_node-1] Possible reasons are listed at http://wiki.ros.org/tf/Errors%20explained
[lidar_localization_node-1]          at line 294 in ./src/buffer_core.cpp
[lidar_localization_node-1] Possible reasons are listed at http://wiki.ros.org/tf/Errors%20explained
[lidar_localization_node-1]          at line 294 in ./src/buffer_core.cpp
[lidar_localization_node-1] Warning: TF_OLD_DATA ignoring data from the past for frame odom at time 1783420335.096985 according to authority Authority undetectable
[lidar_localization_node-1] Possible reasons are listed at http://wiki.ros.org/tf/Errors%20explained
[lidar_localization_node-1]          at line 294 in ./src/buffer_core.cpp
[lidar_localization_node-1] Warning: TF_OLD_DATA ignoring data from the past for frame odom at time 1783420248.490484 according to authority Authority undetectable
[lidar_localization_node-1] Warning: TF_OLD_DATA ignoring data from the past for frame odom at time 1783420248.490484 according to authority Authority undetectable
[lidar_localization_node-1] Possible reasons are listed at http://wiki.ros.org/tf/Errors%20explained
[lidar_localization_node-1]          at line 294 in ./src/buffer_core.cpp
[lidar_localization_node-1] Possible reasons are listed at http://wiki.ros.org/tf/Errors%20explained
[lidar_localization_node-1]          at line 294 in ./src/buffer_core.cpp
[lidar_localization_node-1] Warning: TF_OLD_DATA ignoring data from the past for frame odom at time 1783420248.490484 according to authority Authority undetectable
[lidar_localization_node-1] Possible reasons are listed at http://wiki.ros.org/tf/Errors%20explained
[lidar_localization_node-1]          at line 294 in ./src/buffer_core.cpp
[lidar_localization_node-1] Warning: TF_OLD_DATA ignoring data from the past for frame odom at time 1783420391.491284 according to authority Authority undetectable
[lidar_localization_node-1] Warning: TF_OLD_DATA ignoring data from the past for frame odom at time 1783420391.491284 according to authority Authority undetectable
[lidar_localization_node-1] Warning: TF_OLD_DATA ignoring data from the past for frame odom at time 1783420391.491284 according to authority Authority undetectable
[lidar_localization_node-1] Possible reasons are listed at http://wiki.ros.org/tf/Errors%20explained
[lidar_localization_node-1] Possible reasons are listed at http://wiki.ros.org/tf/Errors%20explained
[lidar_localization_node-1] Possible reasons are listed at http://wiki.ros.org/tf/Errors%20explained
[lidar_localization_node-1]          at line 294 in ./src/buffer_core.cpp
[lidar_localization_node-1]          at line 294 in ./src/buffer_core.cpp
[lidar_localization_node-1]          at line 294 in ./src/buffer_core.cpp
[lidar_localization_node-1] Warning: TF_OLD_DATA ignoring data from the past for frame odom at time 1783420335.198386 according to authority Authority undetectable
[lidar_localization_node-1] Warning: TF_OLD_DATA ignoring data from the past for frame odom at time 1783420335.198386 according to authority Authority undetectable
[lidar_localization_node-1] Possible reasons are listed at http://wiki.ros.org/tf/Errors%20explained
[lidar_localization_node-1] Possible reasons are listed at http://wiki.ros.org/tf/Errors%20explained
[lidar_localization_node-1]          at line 294 in ./src/buffer_core.cpp
[lidar_localization_node-1]          at line 294 in ./src/buffer_core.cpp
[lidar_localization_node-1] Warning: TF_OLD_DATA ignoring data from the past for frame odom at time 1783420335.198386 according to authority Authority undetectable
[lidar_localization_node-1] Possible reasons are listed at http://wiki.ros.org/tf/Errors%20explained
[lidar_localization_node-1]          at line 294 in ./src/buffer_core.cpp
[lidar_localization_node-1] Warning: TF_OLD_DATA ignoring data from the past for frame odom at time 1783420335.198386 according to authority Authority undetectable
[lidar_localization_node-1] Warning: TF_OLD_DATA ignoring data from the past for frame odom at time 1783420335.198386 according to authority Authority undetectable
[lidar_localization_node-1] Warning: TF_OLD_DATA ignoring data from the past for frame odom at time 1783420335.198386 according to authority Authority undetectable
[lidar_localization_node-1] Possible reasons are listed at http://wiki.ros.org/tf/Errors%20explained
[lidar_localization_node-1] Possible reasons are listed at http://wiki.ros.org/tf/Errors%20explained
[lidar_localization_node-1]          at line 294 in ./src/buffer_core.cpp
[lidar_localization_node-1] Possible reasons are listed at http://wiki.ros.org/tf/Errors%20explained
[lidar_localization_node-1]          at line 294 in ./src/buffer_core.cpp
[lidar_localization_node-1]          at line 294 in ./src/buffer_core.cpp
[lidar_localization_node-1] Warning: TF_OLD_DATA ignoring data from the past for frame odom at time 1783420335.299828 according to authority Authority undetectable
[lidar_localization_node-1] Warning: TF_OLD_DATA ignoring data from the past for frame odom at time 1783420335.299828 according to authority Authority undetectable
[lidar_localization_node-1] Warning: TF_OLD_DATA ignoring data from the past for frame odom at time 1783420335.299828 according to authority Authority undetectable
[lidar_localization_node-1] Possible reasons are listed at http://wiki.ros.org/tf/Errors%20explained
[lidar_localization_node-1] Possible reasons are listed at http://wiki.ros.org/tf/Errors%20explained
[lidar_localization_node-1]          at line 294 in ./src/buffer_core.cpp
[lidar_localization_node-1] Possible reasons are listed at http://wiki.ros.org/tf/Errors%20explained
[lidar_localization_node-1]          at line 294 in ./src/buffer_core.cpp
[lidar_localization_node-1]          at line 294 in ./src/buffer_core.cpp
[lidar_localization_node-1] Warning: TF_OLD_DATA ignoring data from the past for frame odom at time 1783420335.299828 according to authority Authority undetectable
[lidar_localization_node-1] Warning: TF_OLD_DATA ignoring data from the past for frame odom at time 1783420335.299828 according to authority Authority undetectable
[lidar_localization_node-1] Possible reasons are listed at http://wiki.ros.org/tf/Errors%20explained
[lidar_localization_node-1] Possible reasons are listed at http://wiki.ros.org/tf/Errors%20explained
[lidar_localization_node-1]          at line 294 in ./src/buffer_core.cpp
[lidar_localization_node-1]          at line 294 in ./src/buffer_core.cpp
[lidar_localization_node-1] Warning: TF_OLD_DATA ignoring data from the past for frame odom at time 1783420335.299828 according to authority Authority undetectable
[lidar_localization_node-1] Possible reasons are listed at http://wiki.ros.org/tf/Errors%20explained
[lidar_localization_node-1]          at line 294 in ./src/buffer_core.cpp
[lidar_localization_node-1] Warning: TF_OLD_DATA ignoring data from the past for frame odom at time 1783420248.693346 according to authority Authority undetectable
[lidar_localization_node-1] Warning: TF_OLD_DATA ignoring data from the past for frame odom at time 1783420248.693346 according to authority Authority undetectable
[lidar_localization_node-1] Warning: TF_OLD_DATA ignoring data from the past for frame odom at time 1783420248.693346 according to authority Authority undetectable
[lidar_localization_node-1] Possible reasons are listed at http://wiki.ros.org/tf/Errors%20explained
[lidar_localization_node-1] Possible reasons are listed at http://wiki.ros.org/tf/Errors%20explained
[lidar_localization_node-1]          at line 294 in ./src/buffer_core.cpp
[lidar_localization_node-1] Possible reasons are listed at http://wiki.ros.org/tf/Errors%20explained
[lidar_localization_node-1]          at line 294 in ./src/buffer_core.cpp
[lidar_localization_node-1]          at line 294 in ./src/buffer_core.cpp
[lidar_localization_node-1] Warning: TF_OLD_DATA ignoring data from the past for frame odom at time 1783420248.693346 according to authority Authority undetectable
[lidar_localization_node-1] Warning: TF_OLD_DATA ignoring data from the past for frame odom at time 1783420248.693346 according to authority Authority undetectable
[lidar_localization_node-1] Warning: TF_OLD_DATA ignoring data from the past for frame odom at time 1783420248.693346 according to authority Authority undetectable
[lidar_localization_node-1] Possible reasons are listed at http://wiki.ros.org/tf/Errors%20explained
[lidar_localization_node-1] Possible reasons are listed at http://wiki.ros.org/tf/Errors%20explained
[lidar_localization_node-1]          at line 294 in ./src/buffer_core.cpp
[lidar_localization_node-1]          at line 294 in ./src/buffer_core.cpp
[lidar_localization_node-1] Possible reasons are listed at http://wiki.ros.org/tf/Errors%20explained
[lidar_localization_node-1]          at line 294 in ./src/buffer_core.cpp
[lidar_localization_node-1] Warning: TF_OLD_DATA ignoring data from the past for frame odom at time 1783420335.401262 according to authority Authority undetectable
[lidar_localization_node-1] Possible reasons are listed at http://wiki.ros.org/tf/Errors%20explained
[lidar_localization_node-1]          at line 294 in ./src/buffer_core.cpp
[lidar_localization_node-1] Warning: TF_OLD_DATA ignoring data from the past for frame odom at time 1783420335.401262 according to authority Authority undetectable
[lidar_localization_node-1] Possible reasons are listed at http://wiki.ros.org/tf/Errors%20explained
[lidar_localization_node-1]          at line 294 in ./src/buffer_core.cpp
[lidar_localization_node-1] Warning: TF_OLD_DATA ignoring data from the past for frame odom at time 1783420335.401262 according to authority Authority undetectable
[lidar_localization_node-1] Possible reasons are listed at http://wiki.ros.org/tf/Errors%20explained
[lidar_localization_node-1]          at line 294 in ./src/buffer_core.cpp
[lidar_localization_node-1] Warning: TF_OLD_DATA ignoring data from the past for frame odom at time 1783420335.401262 according to authority Authority undetectable
[lidar_localization_node-1] Warning: TF_OLD_DATA ignoring data from the past for frame odom at time 1783420335.401262 according to authority Authority undetectable
[lidar_localization_node-1] Warning: TF_OLD_DATA ignoring data from the past for frame odom at time 1783420335.401262 according to authority Authority undetectable
[lidar_localization_node-1] Possible reasons are listed at http://wiki.ros.org/tf/Errors%20explained
[lidar_localization_node-1] Possible reasons are listed at http://wiki.ros.org/tf/Errors%20explained
[lidar_localization_node-1] Possible reasons are listed at http://wiki.ros.org/tf/Errors%20explained
[lidar_localization_node-1]          at line 294 in ./src/buffer_core.cpp
[lidar_localization_node-1]          at line 294 in ./src/buffer_core.cpp
[lidar_localization_node-1]          at line 294 in ./src/buffer_core.cpp
[lidar_localization_node-1] Warning: TF_OLD_DATA ignoring data from the past for frame odom at time 1783420391.795597 according to authority Authority undetectable
[lidar_localization_node-1] Warning: TF_OLD_DATA ignoring data from the past for frame odom at time 1783420391.795597 according to authority Authority undetectable
[lidar_localization_node-1] Possible reasons are listed at http://wiki.ros.org/tf/Errors%20explained
[lidar_localization_node-1] Possible reasons are listed at http://wiki.ros.org/tf/Errors%20explained
[lidar_localization_node-1]          at line 294 in ./src/buffer_core.cpp
[lidar_localization_node-1]          at line 294 in ./src/buffer_core.cpp
[lidar_localization_node-1] Warning: TF_OLD_DATA ignoring data from the past for frame odom at time 1783420391.795597 according to authority Authority undetectable
[lidar_localization_node-1] Possible reasons are listed at http://wiki.ros.org/tf/Errors%20explained
[lidar_localization_node-1]          at line 294 in ./src/buffer_core.cpp
[lidar_localization_node-1] Warning: TF_OLD_DATA ignoring data from the past for frame odom at time 1783420248.794689 according to authority Authority undetectable
[lidar_localization_node-1] Warning: TF_OLD_DATA ignoring data from the past for frame odom at time 1783420248.794689 according to authority Authority undetectable
[lidar_localization_node-1] Possible reasons are listed at http://wiki.ros.org/tf/Errors%20explained
[lidar_localization_node-1]          at line 294 in ./src/buffer_core.cpp
[lidar_localization_node-1] Possible reasons are listed at http://wiki.ros.org/tf/Errors%20explained
[lidar_localization_node-1]          at line 294 in ./src/buffer_core.cpp
[lidar_localization_node-1] Warning: TF_OLD_DATA ignoring data from the past for frame odom at time 1783420248.794689 according to authority Authority undetectable
[lidar_localization_node-1] Possible reasons are listed at http://wiki.ros.org/tf/Errors%20explained
[lidar_localization_node-1]          at line 294 in ./src/buffer_core.cpp
[lidar_localization_node-1] Warning: TF_OLD_DATA ignoring data from the past for frame odom at time 1783420335.502707 according to authority Authority undetectable
[lidar_localization_node-1] Warning: TF_OLD_DATA ignoring data from the past for frame odom at time 1783420335.502707 according to authority Authority undetectable
[lidar_localization_node-1] Possible reasons are listed at http://wiki.ros.org/tf/Errors%20explained
[lidar_localization_node-1] Possible reasons are listed at http://wiki.ros.org/tf/Errors%20explained
[lidar_localization_node-1]          at line 294 in ./src/buffer_core.cpp
[lidar_localization_node-1]          at line 294 in ./src/buffer_core.cpp
[lidar_localization_node-1] Warning: TF_OLD_DATA ignoring data from the past for frame odom at time 1783420335.502707 according to authority Authority undetectable
[lidar_localization_node-1] Possible reasons are listed at http://wiki.ros.org/tf/Errors%20explained
[lidar_localization_node-1]          at line 294 in ./src/buffer_core.cpp
[lidar_localization_node-1] Warning: TF_OLD_DATA ignoring data from the past for frame odom at time 1783420335.502707 according to authority Authority undetectable
[lidar_localization_node-1] Possible reasons are listed at http://wiki.ros.org/tf/Errors%20explained
[lidar_localization_node-1]          at line 294 in ./src/buffer_core.cpp
[lidar_localization_node-1] Warning: TF_OLD_DATA ignoring data from the past for frame odom at time 1783420335.502707 according to authority Authority undetectable
[lidar_localization_node-1] Warning: TF_OLD_DATA ignoring data from the past for frame odom at time 1783420335.502707 according to authority Authority undetectable
[lidar_localization_node-1] Possible reasons are listed at http://wiki.ros.org/tf/Errors%20explained
[lidar_localization_node-1] Possible reasons are listed at http://wiki.ros.org/tf/Errors%20explained
[lidar_localization_node-1]          at line 294 in ./src/buffer_core.cpp
[lidar_localization_node-1]          at line 294 in ./src/buffer_core.cpp
[lidar_localization_node-1] Warning: TF_OLD_DATA ignoring data from the past for frame odom at time 1783420391.897058 according to authority Authority undetectable
[lidar_localization_node-1] Warning: TF_OLD_DATA ignoring data from the past for frame odom at time 1783420391.897058 according to authority Authority undetectable
[lidar_localization_node-1] Possible reasons are listed at http://wiki.ros.org/tf/Errors%20explained
[lidar_localization_node-1] Possible reasons are listed at http://wiki.ros.org/tf/Errors%20explained
[lidar_localization_node-1]          at line 294 in ./src/buffer_core.cpp
[lidar_localization_node-1]          at line 294 in ./src/buffer_core.cpp
[lidar_localization_node-1] Warning: TF_OLD_DATA ignoring data from the past for frame odom at time 1783420391.897058 according to authority Authority undetectable
[lidar_localization_node-1] Possible reasons are listed at http://wiki.ros.org/tf/Errors%20explained
[lidar_localization_node-1]          at line 294 in ./src/buffer_core.cpp
[lidar_localization_node-1] Warning: TF_OLD_DATA ignoring data from the past for frame odom at time 1783420248.896128 according to authority Authority undetectable
[lidar_localization_node-1] Possible reasons are listed at http://wiki.ros.org/tf/Errors%20explained
[lidar_localization_node-1] Warning: TF_OLD_DATA ignoring data from the past for frame odom at time 1783420248.896128 according to authority Authority undetectable
[lidar_localization_node-1]          at line 294 in ./src/buffer_core.cpp
[lidar_localization_node-1] Possible reasons are listed at http://wiki.ros.org/tf/Errors%20explained
[lidar_localization_node-1]          at line 294 in ./src/buffer_core.cpp
[lidar_localization_node-1] Warning: TF_OLD_DATA ignoring data from the past for frame odom at time 1783420248.896128 according to authority Authority undetectable
[lidar_localization_node-1] Possible reasons are listed at http://wiki.ros.org/tf/Errors%20explained
[lidar_localization_node-1]          at line 294 in ./src/buffer_core.cpp
[lidar_localization_node-1] Warning: TF_OLD_DATA ignoring data from the past for frame odom at time 1783420335.604094 according to authority Authority undetectable
[lidar_localization_node-1] Possible reasons are listed at http://wiki.ros.org/tf/Errors%20explained
[lidar_localization_node-1]          at line 294 in ./src/buffer_core.cpp
[lidar_localization_node-1] Warning: TF_OLD_DATA ignoring data from the past for frame odom at time 1783420335.604094 according to authority Authority undetectable
[lidar_localization_node-1] Possible reasons are listed at http://wiki.ros.org/tf/Errors%20explained
[lidar_localization_node-1]          at line 294 in ./src/buffer_core.cpp
[lidar_localization_node-1] Warning: TF_OLD_DATA ignoring data from the past for frame odom at time 1783420335.604094 according to authority Authority undetectable
[lidar_localization_node-1] Possible reasons are listed at http://wiki.ros.org/tf/Errors%20explained
[lidar_localization_node-1]          at line 294 in ./src/buffer_core.cpp
[lidar_localization_node-1] Warning: TF_OLD_DATA ignoring data from the past for frame odom at time 1783420335.604094 according to authority Authority undetectable
[lidar_localization_node-1] Warning: TF_OLD_DATA ignoring data from the past for frame odom at time 1783420335.604094 according to authority Authority undetectable
[lidar_localization_node-1] Possible reasons are listed at http://wiki.ros.org/tf/Errors%20explained
[lidar_localization_node-1] Possible reasons are listed at http://wiki.ros.org/tf/Errors%20explained
[lidar_localization_node-1]          at line 294 in ./src/buffer_core.cpp
[lidar_localization_node-1] Warning: TF_OLD_DATA ignoring data from the past for frame odom at time 1783420335.604094 according to authority Authority undetectable
[lidar_localization_node-1]          at line 294 in ./src/buffer_core.cpp
[lidar_localization_node-1] Possible reasons are listed at http://wiki.ros.org/tf/Errors%20explained
[lidar_localization_node-1]          at line 294 in ./src/buffer_core.cpp
[lidar_localization_node-1] Warning: TF_OLD_DATA ignoring data from the past for frame odom at time 1783420391.998487 according to authority Authority undetectable
[lidar_localization_node-1] Warning: TF_OLD_DATA ignoring data from the past for frame odom at time 1783420391.998487 according to authority Authority undetectable
[lidar_localization_node-1] Warning: TF_OLD_DATA ignoring data from the past for frame odom at time 1783420391.998487 according to authority Authority undetectable
[lidar_localization_node-1] Possible reasons are listed at http://wiki.ros.org/tf/Errors%20explained
[lidar_localization_node-1] Possible reasons are listed at http://wiki.ros.org/tf/Errors%20explained
[lidar_localization_node-1] Possible reasons are listed at http://wiki.ros.org/tf/Errors%20explained
[lidar_localization_node-1]          at line 294 in ./src/buffer_core.cpp
[lidar_localization_node-1]          at line 294 in ./src/buffer_core.cpp
[lidar_localization_node-1]          at line 294 in ./src/buffer_core.cpp
[lidar_localization_node-1] Warning: TF_OLD_DATA ignoring data from the past for frame odom at time 1783420248.997486 according to authority Authority undetectable
[lidar_localization_node-1] Warning: TF_OLD_DATA ignoring data from the past for frame odom at time 1783420248.997486 according to authority Authority undetectable
[lidar_localization_node-1] Warning: TF_OLD_DATA ignoring data from the past for frame odom at time 1783420248.997486 according to authority Authority undetectable
[lidar_localization_node-1] Possible reasons are listed at http://wiki.ros.org/tf/Errors%20explained
[lidar_localization_node-1]          at line 294 in ./src/buffer_core.cpp
[lidar_localization_node-1] Possible reasons are listed at http://wiki.ros.org/tf/Errors%20explained
[lidar_localization_node-1] Possible reasons are listed at http://wiki.ros.org/tf/Errors%20explained
[lidar_localization_node-1]          at line 294 in ./src/buffer_core.cpp
[lidar_localization_node-1]          at line 294 in ./src/buffer_core.cpp
[lidar_localization_node-1] Warning: TF_OLD_DATA ignoring data from the past for frame odom at time 1783420248.997486 according to authority Authority undetectable
[lidar_localization_node-1] Possible reasons are listed at http://wiki.ros.org/tf/Errors%20explained
[lidar_localization_node-1] Warning: TF_OLD_DATA ignoring data from the past for frame odom at time 1783420248.997486 according to authority Authority undetectable
[lidar_localization_node-1]          at line 294 in ./src/buffer_core.cpp
[lidar_localization_node-1] Possible reasons are listed at http://wiki.ros.org/tf/Errors%20explained
[lidar_localization_node-1]          at line 294 in ./src/buffer_core.cpp
[lidar_localization_node-1] Warning: TF_OLD_DATA ignoring data from the past for frame odom at time 1783420248.997486 according to authority Authority undetectable
[lidar_localization_node-1] Possible reasons are listed at http://wiki.ros.org/tf/Errors%20explained
[lidar_localization_node-1]          at line 294 in ./src/buffer_core.cpp
[lidar_localization_node-1] Warning: TF_OLD_DATA ignoring data from the past for frame odom at time 1783420335.705506 according to authority Authority undetectable
[lidar_localization_node-1] Possible reasons are listed at http://wiki.ros.org/tf/Errors%20explained
[lidar_localization_node-1] Warning: TF_OLD_DATA ignoring data from the past for frame odom at time 1783420335.705506 according to authority Authority undetectable
[lidar_localization_node-1]          at line 294 in ./src/buffer_core.cpp
[lidar_localization_node-1] Possible reasons are listed at http://wiki.ros.org/tf/Errors%20explained
[lidar_localization_node-1]          at line 294 in ./src/buffer_core.cpp
[lidar_localization_node-1] Warning: TF_OLD_DATA ignoring data from the past for frame odom at time 1783420335.705506 according to authority Authority undetectable
[lidar_localization_node-1] Possible reasons are listed at http://wiki.ros.org/tf/Errors%20explained
[lidar_localization_node-1]          at line 294 in ./src/buffer_core.cpp
[lidar_localization_node-1] Warning: TF_OLD_DATA ignoring data from the past for frame odom at time 1783420335.705506 according to authority Authority undetectable
[lidar_localization_node-1] Warning: TF_OLD_DATA ignoring data from the past for frame odom at time 1783420335.705506 according to authority Authority undetectable
[lidar_localization_node-1] Possible reasons are listed at http://wiki.ros.org/tf/Errors%20explained
[lidar_localization_node-1] Possible reasons are listed at http://wiki.ros.org/tf/Errors%20explained
[lidar_localization_node-1]          at line 294 in ./src/buffer_core.cpp
[lidar_localization_node-1]          at line 294 in ./src/buffer_core.cpp
[lidar_localization_node-1] Warning: TF_OLD_DATA ignoring data from the past for frame odom at time 1783420335.705506 according to authority Authority undetectable
[lidar_localization_node-1] Possible reasons are listed at http://wiki.ros.org/tf/Errors%20explained
[lidar_localization_node-1]          at line 294 in ./src/buffer_core.cpp
[lidar_localization_node-1] [WARN] [1783472681.720386034] [lidar_localization]: The fitness score is over 6.000000.
[lidar_localization_node-1] [INFO] [1783472681.720463788] [lidar_localization]: Recovery supervisor state transition: tracking -> recovering (reject_measurement)
[lidar_localization_node-1] Warning: TF_OLD_DATA ignoring data from the past for frame odom at time 1783420335.806983 according to authority Authority undetectable
[lidar_localization_node-1] Warning: TF_OLD_DATA ignoring data from the past for frame odom at time 1783420335.806983 according to authority Authority undetectable
[lidar_localization_node-1] Warning: TF_OLD_DATA ignoring data from the past for frame odom at time 1783420335.806983 according to authority Authority undetectable
[lidar_localization_node-1] Possible reasons are listed at http://wiki.ros.org/tf/Errors%20explained
[lidar_localization_node-1] Possible reasons are listed at http://wiki.ros.org/tf/Errors%20explained
[lidar_localization_node-1] Possible reasons are listed at http://wiki.ros.org/tf/Errors%20explained
[lidar_localization_node-1]          at line 294 in ./src/buffer_core.cpp
[lidar_localization_node-1]          at line 294 in ./src/buffer_core.cpp
[lidar_localization_node-1]          at line 294 in ./src/buffer_core.cpp
[lidar_localization_node-1] Warning: TF_OLD_DATA ignoring data from the past for frame odom at time 1783420249.098963 according to authority Authority undetectable
[lidar_localization_node-1] Warning: TF_OLD_DATA ignoring data from the past for frame odom at time 1783420249.098963 according to authority Authority undetectable
[lidar_localization_node-1] Possible reasons are listed at http://wiki.ros.org/tf/Errors%20explained
[lidar_localization_node-1] Possible reasons are listed at http://wiki.ros.org/tf/Errors%20explained
[lidar_localization_node-1]          at line 294 in ./src/buffer_core.cpp
[lidar_localization_node-1]          at line 294 in ./src/buffer_core.cpp
[lidar_localization_node-1] Warning: TF_OLD_DATA ignoring data from the past for frame odom at time 1783420249.098963 according to authority Authority undetectable
[lidar_localization_node-1] Possible reasons are listed at http://wiki.ros.org/tf/Errors%20explained
[lidar_localization_node-1]          at line 294 in ./src/buffer_core.cpp
[lidar_localization_node-1] Warning: TF_OLD_DATA ignoring data from the past for frame odom at time 1783420335.806983 according to authority Authority undetectable
[lidar_localization_node-1] Warning: TF_OLD_DATA ignoring data from the past for frame odom at time 1783420335.806983 according to authority Authority undetectable
[lidar_localization_node-1] Possible reasons are listed at http://wiki.ros.org/tf/Errors%20explained
[lidar_localization_node-1] Possible reasons are listed at http://wiki.ros.org/tf/Errors%20explained
[lidar_localization_node-1]          at line 294 in ./src/buffer_core.cpp
[lidar_localization_node-1]          at line 294 in ./src/buffer_core.cpp
[lidar_localization_node-1] Warning: TF_OLD_DATA ignoring data from the past for frame odom at time 1783420335.806983 according to authority Authority undetectable
[lidar_localization_node-1] Possible reasons are listed at http://wiki.ros.org/tf/Errors%20explained
[lidar_localization_node-1]          at line 294 in ./src/buffer_core.cpp
[lidar_localization_node-1] Warning: TF_OLD_DATA ignoring data from the past for frame odom at time 1783420249.200353 according to authority Authority undetectable
[lidar_localization_node-1] Warning: TF_OLD_DATA ignoring data from the past for frame odom at time 1783420249.200353 according to authority Authority undetectable
[lidar_localization_node-1] Warning: TF_OLD_DATA ignoring data from the past for frame odom at time 1783420249.200353 according to authority Authority undetectable
[lidar_localization_node-1] Possible reasons are listed at http://wiki.ros.org/tf/Errors%20explained
[lidar_localization_node-1] Possible reasons are listed at http://wiki.ros.org/tf/Errors%20explained
[lidar_localization_node-1] Possible reasons are listed at http://wiki.ros.org/tf/Errors%20explained
[lidar_localization_node-1]          at line 294 in ./src/buffer_core.cpp
[lidar_localization_node-1]          at line 294 in ./src/buffer_core.cpp
[lidar_localization_node-1]          at line 294 in ./src/buffer_core.cpp
[lidar_localization_node-1] [WARN] [1783472681.834934628] [lidar_localization]: The fitness score is over 6.000000.
[lidar_localization_node-1] Warning: TF_OLD_DATA ignoring data from the past for frame odom at time 1783420335.908376 according to authority Authority undetectable
[lidar_localization_node-1] Possible reasons are listed at http://wiki.ros.org/tf/Errors%20explained
[lidar_localization_node-1] Warning: TF_OLD_DATA ignoring data from the past for frame odom at time 1783420335.908376 according to authority Authority undetectable
[lidar_localization_node-1]          at line 294 in ./src/buffer_core.cpp
[lidar_localization_node-1] Possible reasons are listed at http://wiki.ros.org/tf/Errors%20explained
[lidar_localization_node-1]          at line 294 in ./src/buffer_core.cpp
[lidar_localization_node-1] Warning: TF_OLD_DATA ignoring data from the past for frame odom at time 1783420335.908376 according to authority Authority undetectable
[lidar_localization_node-1] Possible reasons are listed at http://wiki.ros.org/tf/Errors%20explained
[lidar_localization_node-1]          at line 294 in ./src/buffer_core.cpp
[lidar_localization_node-1] Warning: TF_OLD_DATA ignoring data from the past for frame odom at time 1783420335.908376 according to authority Authority undetectable
[lidar_localization_node-1] Possible reasons are listed at http://wiki.ros.org/tf/Errors%20explained
[lidar_localization_node-1]          at line 294 in ./src/buffer_core.cpp
[lidar_localization_node-1] Warning: TF_OLD_DATA ignoring data from the past for frame odom at time 1783420335.908376 according to authority Authority undetectable
[lidar_localization_node-1] Warning: TF_OLD_DATA ignoring data from the past for frame odom at time 1783420335.908376 according to authority Authority undetectable
[lidar_localization_node-1] Possible reasons are listed at http://wiki.ros.org/tf/Errors%20explained
[lidar_localization_node-1] Possible reasons are listed at http://wiki.ros.org/tf/Errors%20explained
[lidar_localization_node-1]          at line 294 in ./src/buffer_core.cpp
[lidar_localization_node-1]          at line 294 in ./src/buffer_core.cpp
[lidar_localization_node-1] [WARN] [1783472681.904270041] [lidar_localization]: The fitness score is over 6.000000.
[lidar_localization_node-1] [INFO] [1783472681.904343912] [lidar_localization]: Recovery supervisor state transition: tracking -> recovering (reject_measurement)
[lidar_localization_node-1] [WARN] [1783472681.908684048] [lidar_localization]: The fitness score is over 6.000000.
[lidar_localization_node-1] Warning: TF_OLD_DATA ignoring data from the past for frame odom at time 1783420336.009813 according to authority Authority undetectable
[lidar_localization_node-1] Warning: TF_OLD_DATA ignoring data from the past for frame odom at time 1783420336.009813 according to authority Authority undetectable
[lidar_localization_node-1] Possible reasons are listed at http://wiki.ros.org/tf/Errors%20explained
[lidar_localization_node-1] Possible reasons are listed at http://wiki.ros.org/tf/Errors%20explained
[lidar_localization_node-1]          at line 294 in ./src/buffer_core.cpp
[lidar_localization_node-1]          at line 294 in ./src/buffer_core.cpp
[lidar_localization_node-1] Warning: TF_OLD_DATA ignoring data from the past for frame odom at time 1783420336.009813 according to authority Authority undetectable
[lidar_localization_node-1] Possible reasons are listed at http://wiki.ros.org/tf/Errors%20explained
[lidar_localization_node-1]          at line 294 in ./src/buffer_core.cpp
[lidar_localization_node-1] Warning: TF_OLD_DATA ignoring data from the past for frame odom at time 1783420336.009813 according to authority Authority undetectable
[lidar_localization_node-1] Possible reasons are listed at http://wiki.ros.org/tf/Errors%20explained
[lidar_localization_node-1]          at line 294 in ./src/buffer_core.cpp
[lidar_localization_node-1] Warning: TF_OLD_DATA ignoring data from the past for frame odom at time 1783420336.009813 according to authority Authority undetectable
[lidar_localization_node-1] Warning: TF_OLD_DATA ignoring data from the past for frame odom at time 1783420336.009813 according to authority Authority undetectable
[lidar_localization_node-1] Possible reasons are listed at http://wiki.ros.org/tf/Errors%20explained
[lidar_localization_node-1]          at line 294 in ./src/buffer_core.cpp
[lidar_localization_node-1] Possible reasons are listed at http://wiki.ros.org/tf/Errors%20explained
[lidar_localization_node-1]          at line 294 in ./src/buffer_core.cpp
[lidar_localization_node-1] [WARN] [1783472682.021815567] [lidar_localization]: The fitness score is over 6.000000.
[lidar_localization_node-1] [WARN] [1783472682.022285214] [lidar_localization]: The fitness score is over 6.000000.
[lidar_localization_node-1] Warning: TF_OLD_DATA ignoring data from the past for frame odom at time 1783420336.111243 according to authority Authority undetectable
[lidar_localization_node-1] Warning: TF_OLD_DATA ignoring data from the past for frame odom at time 1783420336.111243 according to authority Authority undetectable
[lidar_localization_node-1] Warning: TF_OLD_DATA ignoring data from the past for frame odom at time 1783420336.111243 according to authority Authority undetectable
[lidar_localization_node-1] Possible reasons are listed at http://wiki.ros.org/tf/Errors%20explained
[lidar_localization_node-1]          at line 294 in ./src/buffer_core.cpp
[lidar_localization_node-1] Possible reasons are listed at http://wiki.ros.org/tf/Errors%20explained
[lidar_localization_node-1] Possible reasons are listed at http://wiki.ros.org/tf/Errors%20explained
[lidar_localization_node-1]          at line 294 in ./src/buffer_core.cpp
[lidar_localization_node-1]          at line 294 in ./src/buffer_core.cpp
[lidar_localization_node-1] [WARN] [1783472682.101598985] [lidar_localization]: The fitness score is over 6.000000.
[lidar_localization_node-1] [WARN] [1783472682.122300998] [lidar_localization]: The fitness score is over 6.000000.
[lidar_localization_node-1] Warning: TF_OLD_DATA ignoring data from the past for frame odom at time 1783420249.504525 according to authority Authority undetectable
[lidar_localization_node-1] Warning: TF_OLD_DATA ignoring data from the past for frame odom at time 1783420249.504525 according to authority Authority undetectable
[lidar_localization_node-1] Possible reasons are listed at http://wiki.ros.org/tf/Errors%20explained
[lidar_localization_node-1]          at line 294 in ./src/buffer_core.cpp
[lidar_localization_node-1] Possible reasons are listed at http://wiki.ros.org/tf/Errors%20explained
[lidar_localization_node-1]          at line 294 in ./src/buffer_core.cpp
[lidar_localization_node-1] Warning: TF_OLD_DATA ignoring data from the past for frame odom at time 1783420249.504525 according to authority Authority undetectable
[lidar_localization_node-1] Possible reasons are listed at http://wiki.ros.org/tf/Errors%20explained
[lidar_localization_node-1]          at line 294 in ./src/buffer_core.cpp
[lidar_localization_node-1] [INFO] [1783472682.178429414] [lidar_localization]: Recovery supervisor state transition: recovering -> tracking (accept_measurement)
[lidar_localization_node-1] Warning: TF_OLD_DATA ignoring data from the past for frame odom at time 1783420336.212660 according to authority Authority undetectable
[lidar_localization_node-1] Possible reasons are listed at http://wiki.ros.org/tf/Errors%20explained
[lidar_localization_node-1] Warning: TF_OLD_DATA ignoring data from the past for frame odom at time 1783420336.212660 according to authority Authority undetectable
[lidar_localization_node-1]          at line 294 in ./src/buffer_core.cpp
[lidar_localization_node-1] Warning: TF_OLD_DATA ignoring data from the past for frame odom at time 1783420336.212660 according to authority Authority undetectable
[lidar_localization_node-1] Possible reasons are listed at http://wiki.ros.org/tf/Errors%20explained
[lidar_localization_node-1]          at line 294 in ./src/buffer_core.cpp
[lidar_localization_node-1] Possible reasons are listed at http://wiki.ros.org/tf/Errors%20explained
[lidar_localization_node-1]          at line 294 in ./src/buffer_core.cpp
[lidar_localization_node-1] [WARN] [1783472682.218881717] [lidar_localization]: The fitness score is over 6.000000.
[lidar_localization_node-1] Warning: TF_OLD_DATA ignoring data from the past for frame odom at time 1783420249.605958 according to authority Authority undetectable
[lidar_localization_node-1] Possible reasons are listed at http://wiki.ros.org/tf/Errors%20explained
[lidar_localization_node-1] Warning: TF_OLD_DATA ignoring data from the past for frame odom at time 1783420249.605958 according to authority Authority undetectable
[lidar_localization_node-1] Warning: TF_OLD_DATA ignoring data from the past for frame odom at time 1783420249.605958 according to authority Authority undetectable
[lidar_localization_node-1]          at line 294 in ./src/buffer_core.cpp
[lidar_localization_node-1] Possible reasons are listed at http://wiki.ros.org/tf/Errors%20explained
[lidar_localization_node-1]          at line 294 in ./src/buffer_core.cpp
[lidar_localization_node-1] Possible reasons are listed at http://wiki.ros.org/tf/Errors%20explained
[lidar_localization_node-1]          at line 294 in ./src/buffer_core.cpp
[lidar_localization_node-1] Warning: TF_OLD_DATA ignoring data from the past for frame odom at time 1783420336.314105 according to authority Authority undetectable
[lidar_localization_node-1] Warning: TF_OLD_DATA ignoring data from the past for frame odom at time 1783420336.314105 according to authority Authority undetectable
[lidar_localization_node-1] Possible reasons are listed at http://wiki.ros.org/tf/Errors%20explained
[lidar_localization_node-1] Possible reasons are listed at http://wiki.ros.org/tf/Errors%20explained
[lidar_localization_node-1]          at line 294 in ./src/buffer_core.cpp
[lidar_localization_node-1]          at line 294 in ./src/buffer_core.cpp
[lidar_localization_node-1] Warning: TF_OLD_DATA ignoring data from the past for frame odom at time 1783420336.314105 according to authority Authority undetectable
[lidar_localization_node-1] Possible reasons are listed at http://wiki.ros.org/tf/Errors%20explained
[lidar_localization_node-1]          at line 294 in ./src/buffer_core.cpp
[lidar_localization_node-1] Warning: TF_OLD_DATA ignoring data from the past for frame odom at time 1783420336.314105 according to authority Authority undetectable
[lidar_localization_node-1] Possible reasons are listed at http://wiki.ros.org/tf/Errors%20explained
[lidar_localization_node-1] Warning: TF_OLD_DATA ignoring data from the past for frame odom at time 1783420336.314105 according to authority Authority undetectable
[lidar_localization_node-1]          at line 294 in ./src/buffer_core.cpp
[lidar_localization_node-1] Warning: TF_OLD_DATA ignoring data from the past for frame odom at time 1783420336.314105 according to authority Authority undetectable
[lidar_localization_node-1] Possible reasons are listed at http://wiki.ros.org/tf/Errors%20explained
[lidar_localization_node-1] Possible reasons are listed at http://wiki.ros.org/tf/Errors%20explained
[lidar_localization_node-1]          at line 294 in ./src/buffer_core.cpp
[lidar_localization_node-1]          at line 294 in ./src/buffer_core.cpp
[lidar_localization_node-1] [INFO] [1783472682.330415284] [lidar_localization]: Recovery supervisor state transition: recovering -> tracking (accept_measurement)
[lidar_localization_node-1] Warning: TF_OLD_DATA ignoring data from the past for frame odom at time 1783420336.415532 according to authority Authority undetectable
[lidar_localization_node-1] Possible reasons are listed at http://wiki.ros.org/tf/Errors%20explained
[lidar_localization_node-1]          at line 294 in ./src/buffer_core.cpp
[lidar_localization_node-1] Warning: TF_OLD_DATA ignoring data from the past for frame odom at time 1783420336.415532 according to authority Authority undetectable
[lidar_localization_node-1] Possible reasons are listed at http://wiki.ros.org/tf/Errors%20explained
[lidar_localization_node-1]          at line 294 in ./src/buffer_core.cpp
[lidar_localization_node-1] Warning: TF_OLD_DATA ignoring data from the past for frame odom at time 1783420336.415532 according to authority Authority undetectable
[lidar_localization_node-1] Possible reasons are listed at http://wiki.ros.org/tf/Errors%20explained
[lidar_localization_node-1]          at line 294 in ./src/buffer_core.cpp
[lidar_localization_node-1] Warning: TF_OLD_DATA ignoring data from the past for frame odom at time 1783420336.415532 according to authority Authority undetectable
[lidar_localization_node-1] Possible reasons are listed at http://wiki.ros.org/tf/Errors%20explained
[lidar_localization_node-1]          at line 294 in ./src/buffer_core.cpp
[lidar_localization_node-1] Warning: TF_OLD_DATA ignoring data from the past for frame odom at time 1783420336.415532 according to authority Authority undetectable
[lidar_localization_node-1] Possible reasons are listed at http://wiki.ros.org/tf/Errors%20explained
[lidar_localization_node-1]          at line 294 in ./src/buffer_core.cpp
[lidar_localization_node-1] Warning: TF_OLD_DATA ignoring data from the past for frame odom at time 1783420336.415532 according to authority Authority undetectable
[lidar_localization_node-1] Possible reasons are listed at http://wiki.ros.org/tf/Errors%20explained
[lidar_localization_node-1]          at line 294 in ./src/buffer_core.cpp
[lidar_localization_node-1] [WARN] [1783472682.437434092] [lidar_localization]: The fitness score is over 6.000000.
[lidar_localization_node-1] [INFO] [1783472682.437495497] [lidar_localization]: Recovery supervisor state transition: tracking -> recovering (reject_measurement)
[lidar_localization_node-1] Warning: TF_OLD_DATA ignoring data from the past for frame odom at time 1783420336.516920 according to authority Authority undetectable
[lidar_localization_node-1] Possible reasons are listed at http://wiki.ros.org/tf/Errors%20explained
[lidar_localization_node-1] Warning: TF_OLD_DATA ignoring data from the past for frame odom at time 1783420336.516920 according to authority Authority undetectable
[lidar_localization_node-1]          at line 294 in ./src/buffer_core.cpp
[lidar_localization_node-1] Possible reasons are listed at http://wiki.ros.org/tf/Errors%20explained
[lidar_localization_node-1]          at line 294 in ./src/buffer_core.cpp
[lidar_localization_node-1] [WARN] [1783472682.464260982] [lidar_localization]: The fitness score is over 6.000000.
[lidar_localization_node-1] [INFO] [1783472682.464311757] [lidar_localization]: Recovery supervisor state transition: tracking -> recovering (reject_measurement)
[lidar_localization_node-1] Warning: TF_OLD_DATA ignoring data from the past for frame odom at time 1783420336.516920 according to authority Authority undetectable
[lidar_localization_node-1] Possible reasons are listed at http://wiki.ros.org/tf/Errors%20explained
[lidar_localization_node-1]          at line 294 in ./src/buffer_core.cpp
[lidar_localization_node-1] [WARN] [1783472682.504878181] [lidar_localization]: The fitness score is over 6.000000.
[lidar_localization_node-1] [WARN] [1783472682.505794124] [lidar_localization]: The fitness score is over 6.000000.
[lidar_localization_node-1] [WARN] [1783472682.531713042] [lidar_localization]: The fitness score is over 6.000000.
[lidar_localization_node-1] [WARN] [1783472682.535382062] [lidar_localization]: The fitness score is over 6.000000.
[lidar_localization_node-1] [WARN] [1783472682.573169731] [lidar_localization]: The fitness score is over 6.000000.
[lidar_localization_node-1] [WARN] [1783472682.618299646] [lidar_localization]: The fitness score is over 6.000000.
[lidar_localization_node-1] [WARN] [1783472682.623909201] [lidar_localization]: The fitness score is over 6.000000.
[lidar_localization_node-1] [WARN] [1783472682.643932711] [lidar_localization]: The fitness score is over 6.000000.
[lidar_localization_node-1] [WARN] [1783472682.669243443] [lidar_localization]: The fitness score is over 6.000000.
[lidar_localization_node-1] [WARN] [1783472682.724121923] [lidar_localization]: The fitness score is over 6.000000.
[lidar_localization_node-1] [WARN] [1783472682.736011711] [lidar_localization]: The fitness score is over 6.000000.
[lidar_localization_node-1] [WARN] [1783472682.753963832] [lidar_localization]: The fitness score is over 6.000000.
[lidar_localization_node-1] Warning: TF_OLD_DATA ignoring data from the past for frame odom at time 1783420336.821191 according to authority Authority undetectable
[lidar_localization_node-1] Warning: TF_OLD_DATA ignoring data from the past for frame odom at time 1783420336.821191 according to authority Authority undetectable
[lidar_localization_node-1] Possible reasons are listed at http://wiki.ros.org/tf/Errors%20explained
[lidar_localization_node-1] Warning: TF_OLD_DATA ignoring data from the past for frame odom at time 1783420336.821191 according to authority Authority undetectable
[lidar_localization_node-1]          at line 294 in ./src/buffer_core.cpp
[lidar_localization_node-1] Possible reasons are listed at http://wiki.ros.org/tf/Errors%20explained
[lidar_localization_node-1] Possible reasons are listed at http://wiki.ros.org/tf/Errors%20explained
[lidar_localization_node-1]          at line 294 in ./src/buffer_core.cpp
[lidar_localization_node-1]          at line 294 in ./src/buffer_core.cpp
[lidar_localization_node-1] [WARN] [1783472682.828094762] [lidar_localization]: The fitness score is over 6.000000.
[lidar_localization_node-1] [WARN] [1783472682.832876769] [lidar_localization]: The fitness score is over 6.000000.
[lidar_localization_node-1] Warning: TF_OLD_DATA ignoring data from the past for frame odom at time 1783420336.922628 according to authority Authority undetectable
[lidar_localization_node-1] Possible reasons are listed at http://wiki.ros.org/tf/Errors%20explained
[lidar_localization_node-1] Warning: TF_OLD_DATA ignoring data from the past for frame odom at time 1783420336.922628 according to authority Authority undetectable
[lidar_localization_node-1]          at line 294 in ./src/buffer_core.cpp
[lidar_localization_node-1] Possible reasons are listed at http://wiki.ros.org/tf/Errors%20explained
[lidar_localization_node-1]          at line 294 in ./src/buffer_core.cpp
[lidar_localization_node-1] Warning: TF_OLD_DATA ignoring data from the past for frame odom at time 1783420336.922628 according to authority Authority undetectable
[lidar_localization_node-1] Possible reasons are listed at http://wiki.ros.org/tf/Errors%20explained
[lidar_localization_node-1]          at line 294 in ./src/buffer_core.cpp
[lidar_localization_node-1] [WARN] [1783472682.862480457] [lidar_localization]: The fitness score is over 6.000000.
[lidar_localization_node-1] [WARN] [1783472682.934486187] [lidar_localization]: The fitness score is over 6.000000.
[lidar_localization_node-1] [WARN] [1783472682.939359476] [lidar_localization]: The fitness score is over 6.000000.
[lidar_localization_node-1] Warning: TF_OLD_DATA ignoring data from the past for frame odom at time 1783420337.024072 according to authority Authority undetectable
[lidar_localization_node-1] Warning: TF_OLD_DATA ignoring data from the past for frame odom at time 1783420337.024072 according to authority Authority undetectable
[lidar_localization_node-1] Possible reasons are listed at http://wiki.ros.org/tf/Errors%20explained
[lidar_localization_node-1] Warning: TF_OLD_DATA ignoring data from the past for frame odom at time 1783420337.024072 according to authority Authority undetectable
[lidar_localization_node-1]          at line 294 in ./src/buffer_core.cpp
[lidar_localization_node-1] Possible reasons are listed at http://wiki.ros.org/tf/Errors%20explained
[lidar_localization_node-1] Possible reasons are listed at http://wiki.ros.org/tf/Errors%20explained
[lidar_localization_node-1]          at line 294 in ./src/buffer_core.cpp
[lidar_localization_node-1]          at line 294 in ./src/buffer_core.cpp
[lidar_localization_node-1] [WARN] [1783472682.979554157] [lidar_localization]: The fitness score is over 6.000000.
[lidar_localization_node-1] [WARN] [1783472683.032604037] [lidar_localization]: The fitness score is over 6.000000.
[lidar_localization_node-1] [WARN] [1783472683.037180522] [lidar_localization]: The fitness score is over 6.000000.
[lidar_localization_node-1] Warning: TF_OLD_DATA ignoring data from the past for frame odom at time 1783420337.125455 according to authority Authority undetectable
[lidar_localization_node-1] Warning: TF_OLD_DATA ignoring data from the past for frame odom at time 1783420337.125455 according to authority Authority undetectable
[lidar_localization_node-1] Possible reasons are listed at http://wiki.ros.org/tf/Errors%20explained
[lidar_localization_node-1] Possible reasons are listed at http://wiki.ros.org/tf/Errors%20explained
[lidar_localization_node-1]          at line 294 in ./src/buffer_core.cpp
[lidar_localization_node-1]          at line 294 in ./src/buffer_core.cpp
[lidar_localization_node-1] Warning: TF_OLD_DATA ignoring data from the past for frame odom at time 1783420337.125455 according to authority Authority undetectable
[lidar_localization_node-1] Possible reasons are listed at http://wiki.ros.org/tf/Errors%20explained
[lidar_localization_node-1]          at line 294 in ./src/buffer_core.cpp
[lidar_localization_node-1] [WARN] [1783472683.074241222] [lidar_localization]: The fitness score is over 6.000000.
[lidar_localization_node-1] [WARN] [1783472683.132085072] [lidar_localization]: The fitness score is over 6.000000.
[lidar_localization_node-1] [WARN] [1783472683.142042703] [lidar_localization]: The fitness score is over 6.000000.
[lidar_localization_node-1] Warning: TF_OLD_DATA ignoring data from the past for frame odom at time 1783420337.226981 according to authority Authority undetectable
[lidar_localization_node-1] Warning: TF_OLD_DATA ignoring data from the past for frame odom at time 1783420337.226981 according to authority Authority undetectable
[lidar_localization_node-1] Possible reasons are listed at http://wiki.ros.org/tf/Errors%20explained
[lidar_localization_node-1] Possible reasons are listed at http://wiki.ros.org/tf/Errors%20explained
[lidar_localization_node-1]          at line 294 in ./src/buffer_core.cpp
[lidar_localization_node-1]          at line 294 in ./src/buffer_core.cpp
[lidar_localization_node-1] Warning: TF_OLD_DATA ignoring data from the past for frame odom at time 1783420337.226981 according to authority Authority undetectable
[lidar_localization_node-1] Possible reasons are listed at http://wiki.ros.org/tf/Errors%20explained
[lidar_localization_node-1]          at line 294 in ./src/buffer_core.cpp
[lidar_localization_node-1] [WARN] [1783472683.202620137] [lidar_localization]: The fitness score is over 6.000000.
[lidar_localization_node-1] [INFO] [1783472683.232228530] [lidar_localization]: Recovery supervisor state transition: recovering -> tracking (accept_measurement)
[lidar_localization_node-1] [WARN] [1783472683.241473347] [lidar_localization]: The fitness score is over 6.000000.
[lidar_localization_node-1] Warning: TF_OLD_DATA ignoring data from the past for frame odom at time 1783420337.328372 according to authority Authority undetectable
[lidar_localization_node-1] Warning: TF_OLD_DATA ignoring data from the past for frame odom at time 1783420337.328372 according to authority Authority undetectable
[lidar_localization_node-1] Warning: TF_OLD_DATA ignoring data from the past for frame odom at time 1783420337.328372 according to authority Authority undetectable
[lidar_localization_node-1] Possible reasons are listed at http://wiki.ros.org/tf/Errors%20explained
[lidar_localization_node-1]          at line 294 in ./src/buffer_core.cpp
[lidar_localization_node-1] Possible reasons are listed at http://wiki.ros.org/tf/Errors%20explained
[lidar_localization_node-1] Possible reasons are listed at http://wiki.ros.org/tf/Errors%20explained
[lidar_localization_node-1]          at line 294 in ./src/buffer_core.cpp
[lidar_localization_node-1]          at line 294 in ./src/buffer_core.cpp
[lidar_localization_node-1] [WARN] [1783472683.293019152] [lidar_localization]: The fitness score is over 6.000000.
[lidar_localization_node-1] [WARN] [1783472683.330061415] [lidar_localization]: The fitness score is over 6.000000.
[lidar_localization_node-1] Warning: TF_OLD_DATA ignoring data from the past for frame odom at time 1783420337.429825 according to authority Authority undetectable
[lidar_localization_node-1] Possible reasons are listed at http://wiki.ros.org/tf/Errors%20explained
[lidar_localization_node-1] Warning: TF_OLD_DATA ignoring data from the past for frame odom at time 1783420337.429825 according to authority Authority undetectable
[lidar_localization_node-1]          at line 294 in ./src/buffer_core.cpp
[lidar_localization_node-1] Possible reasons are listed at http://wiki.ros.org/tf/Errors%20explained
[lidar_localization_node-1]          at line 294 in ./src/buffer_core.cpp
[lidar_localization_node-1] Warning: TF_OLD_DATA ignoring data from the past for frame odom at time 1783420337.429825 according to authority Authority undetectable
[lidar_localization_node-1] Possible reasons are listed at http://wiki.ros.org/tf/Errors%20explained
[lidar_localization_node-1]          at line 294 in ./src/buffer_core.cpp
[lidar_localization_node-1] [WARN] [1783472683.369064519] [lidar_localization]: The fitness score is over 6.000000.
[lidar_localization_node-1] [WARN] [1783472683.437004436] [lidar_localization]: The fitness score is over 6.000000.
[lidar_localization_node-1] Warning: TF_OLD_DATA ignoring data from the past for frame odom at time 1783420250.822874 according to authority Authority undetectable
[lidar_localization_node-1] Possible reasons are listed at http://wiki.ros.org/tf/Errors%20explained
[lidar_localization_node-1]          at line 294 in ./src/buffer_core.cpp
[lidar_localization_node-1] Warning: TF_OLD_DATA ignoring data from the past for frame odom at time 1783420250.822874 according to authority Authority undetectable
[lidar_localization_node-1] Warning: TF_OLD_DATA ignoring data from the past for frame odom at time 1783420250.822874 according to authority Authority undetectable
[lidar_localization_node-1] Possible reasons are listed at http://wiki.ros.org/tf/Errors%20explained
[lidar_localization_node-1] Possible reasons are listed at http://wiki.ros.org/tf/Errors%20explained
[lidar_localization_node-1]          at line 294 in ./src/buffer_core.cpp
[lidar_localization_node-1]          at line 294 in ./src/buffer_core.cpp
[lidar_localization_node-1] Warning: TF_OLD_DATA ignoring data from the past for frame odom at time 1783420337.531251 according to authority Authority undetectable
[lidar_localization_node-1] Warning: TF_OLD_DATA ignoring data from the past for frame odom at time 1783420337.531251 according to authority Authority undetectable
[lidar_localization_node-1] Possible reasons are listed at http://wiki.ros.org/tf/Errors%20explained
[lidar_localization_node-1] Possible reasons are listed at http://wiki.ros.org/tf/Errors%20explained
[lidar_localization_node-1] Warning: TF_OLD_DATA ignoring data from the past for frame odom at time 1783420337.531251 according to authority Authority undetectable
[lidar_localization_node-1]          at line 294 in ./src/buffer_core.cpp
[lidar_localization_node-1]          at line 294 in ./src/buffer_core.cpp
[lidar_localization_node-1] Possible reasons are listed at http://wiki.ros.org/tf/Errors%20explained
[lidar_localization_node-1]          at line 294 in ./src/buffer_core.cpp
[lidar_localization_node-1] [WARN] [1783472683.487059317] [lidar_localization]: The fitness score is over 6.000000.
[lidar_localization_node-1] [WARN] [1783472683.534223068] [lidar_localization]: The fitness score is over 6.000000.
[lidar_localization_node-1] Warning: TF_OLD_DATA ignoring data from the past for frame odom at time 1783420393.925723 according to authority Authority undetectable
[lidar_localization_node-1] Possible reasons are listed at http://wiki.ros.org/tf/Errors%20explained
[lidar_localization_node-1]          at line 294 in ./src/buffer_core.cpp
[lidar_localization_node-1] Warning: TF_OLD_DATA ignoring data from the past for frame odom at time 1783420393.925723 according to authority Authority undetectable
[lidar_localization_node-1] Warning: TF_OLD_DATA ignoring data from the past for frame odom at time 1783420393.925723 according to authority Authority undetectable
[lidar_localization_node-1] Possible reasons are listed at http://wiki.ros.org/tf/Errors%20explained
[lidar_localization_node-1] Possible reasons are listed at http://wiki.ros.org/tf/Errors%20explained
[lidar_localization_node-1]          at line 294 in ./src/buffer_core.cpp
[lidar_localization_node-1]          at line 294 in ./src/buffer_core.cpp
[lidar_localization_node-1] Warning: TF_OLD_DATA ignoring data from the past for frame odom at time 1783420337.632680 according to authority Authority undetectable
[lidar_localization_node-1] Possible reasons are listed at http://wiki.ros.org/tf/Errors%20explained
[lidar_localization_node-1]          at line 294 in ./src/buffer_core.cpp
[lidar_localization_node-1] Warning: TF_OLD_DATA ignoring data from the past for frame odom at time 1783420337.632680 according to authority Authority undetectable
[lidar_localization_node-1] Warning: TF_OLD_DATA ignoring data from the past for frame odom at time 1783420337.632680 according to authority Authority undetectable
[lidar_localization_node-1] Possible reasons are listed at http://wiki.ros.org/tf/Errors%20explained
[lidar_localization_node-1]          at line 294 in ./src/buffer_core.cpp
[lidar_localization_node-1] Possible reasons are listed at http://wiki.ros.org/tf/Errors%20explained
[lidar_localization_node-1]          at line 294 in ./src/buffer_core.cpp
[lidar_localization_node-1] [WARN] [1783472683.654300093] [lidar_localization]: The fitness score is over 6.000000.
[lidar_localization_node-1] Warning: TF_OLD_DATA ignoring data from the past for frame odom at time 1783420394.027152 according to authority Authority undetectable
[lidar_localization_node-1] Possible reasons are listed at http://wiki.ros.org/tf/Errors%20explained
[lidar_localization_node-1]          at line 294 in ./src/buffer_core.cpp
[lidar_localization_node-1] Warning: TF_OLD_DATA ignoring data from the past for frame odom at time 1783420394.027152 according to authority Authority undetectable
[lidar_localization_node-1] Warning: TF_OLD_DATA ignoring data from the past for frame odom at time 1783420394.027152 according to authority Authority undetectable
[lidar_localization_node-1] Possible reasons are listed at http://wiki.ros.org/tf/Errors%20explained
[lidar_localization_node-1]          at line 294 in ./src/buffer_core.cpp
[lidar_localization_node-1] Possible reasons are listed at http://wiki.ros.org/tf/Errors%20explained
[lidar_localization_node-1]          at line 294 in ./src/buffer_core.cpp
[lidar_localization_node-1] Warning: TF_OLD_DATA ignoring data from the past for frame odom at time 1783420337.734102 according to authority Authority undetectable
[lidar_localization_node-1] Warning: TF_OLD_DATA ignoring data from the past for frame odom at time 1783420337.734102 according to authority Authority undetectable
[lidar_localization_node-1] Warning: TF_OLD_DATA ignoring data from the past for frame odom at time 1783420337.734102 according to authority Authority undetectable
[lidar_localization_node-1] Possible reasons are listed at http://wiki.ros.org/tf/Errors%20explained
[lidar_localization_node-1] Possible reasons are listed at http://wiki.ros.org/tf/Errors%20explained
[lidar_localization_node-1]          at line 294 in ./src/buffer_core.cpp
[lidar_localization_node-1]          at line 294 in ./src/buffer_core.cpp
[lidar_localization_node-1] Possible reasons are listed at http://wiki.ros.org/tf/Errors%20explained
[lidar_localization_node-1]          at line 294 in ./src/buffer_core.cpp
[lidar_localization_node-1] Warning: TF_OLD_DATA ignoring data from the past for frame odom at time 1783420394.128520 according to authority Authority undetectable
[lidar_localization_node-1] Possible reasons are listed at http://wiki.ros.org/tf/Errors%20explained
[lidar_localization_node-1] Warning: TF_OLD_DATA ignoring data from the past for frame odom at time 1783420394.128520 according to authority Authority undetectable
[lidar_localization_node-1]          at line 294 in ./src/buffer_core.cpp
[lidar_localization_node-1] Warning: TF_OLD_DATA ignoring data from the past for frame odom at time 1783420394.128520 according to authority Authority undetectable
[lidar_localization_node-1] Possible reasons are listed at http://wiki.ros.org/tf/Errors%20explained
[lidar_localization_node-1]          at line 294 in ./src/buffer_core.cpp
[lidar_localization_node-1] Possible reasons are listed at http://wiki.ros.org/tf/Errors%20explained
[lidar_localization_node-1]          at line 294 in ./src/buffer_core.cpp
[lidar_localization_node-1] [WARN] [1783472683.744684365] [lidar_localization]: The fitness score is over 6.000000.
[lidar_localization_node-1] Warning: TF_OLD_DATA ignoring data from the past for frame odom at time 1783420337.835479 according to authority Authority undetectable
[lidar_localization_node-1] Possible reasons are listed at http://wiki.ros.org/tf/Errors%20explained
[lidar_localization_node-1]          at line 294 in ./src/buffer_core.cpp
[lidar_localization_node-1] Warning: TF_OLD_DATA ignoring data from the past for frame odom at time 1783420337.835479 according to authority Authority undetectable
[lidar_localization_node-1] Possible reasons are listed at http://wiki.ros.org/tf/Errors%20explained
[lidar_localization_node-1]          at line 294 in ./src/buffer_core.cpp
[lidar_localization_node-1] Warning: TF_OLD_DATA ignoring data from the past for frame odom at time 1783420337.835479 according to authority Authority undetectable
[lidar_localization_node-1] Possible reasons are listed at http://wiki.ros.org/tf/Errors%20explained
[lidar_localization_node-1]          at line 294 in ./src/buffer_core.cpp
[lidar_localization_node-1] [WARN] [1783472683.803778773] [lidar_localization]: The fitness score is over 6.000000.
[lidar_localization_node-1] Warning: TF_OLD_DATA ignoring data from the past for frame odom at time 1783420394.230005 according to authority Authority undetectable
[lidar_localization_node-1] Possible reasons are listed at http://wiki.ros.org/tf/Errors%20explained
[lidar_localization_node-1]          at line 294 in ./src/buffer_core.cpp
[lidar_localization_node-1] Warning: TF_OLD_DATA ignoring data from the past for frame odom at time 1783420394.230005 according to authority Authority undetectable
[lidar_localization_node-1] Possible reasons are listed at http://wiki.ros.org/tf/Errors%20explained
[lidar_localization_node-1]          at line 294 in ./src/buffer_core.cpp
[lidar_localization_node-1] Warning: TF_OLD_DATA ignoring data from the past for frame odom at time 1783420394.230005 according to authority Authority undetectable
[lidar_localization_node-1] Possible reasons are listed at http://wiki.ros.org/tf/Errors%20explained
[lidar_localization_node-1]          at line 294 in ./src/buffer_core.cpp
[lidar_localization_node-1] [WARN] [1783472683.852331055] [lidar_localization]: The fitness score is over 6.000000.
[lidar_localization_node-1] Warning: TF_OLD_DATA ignoring data from the past for frame odom at time 1783420251.228250 according to authority Authority undetectable
[lidar_localization_node-1] Warning: TF_OLD_DATA ignoring data from the past for frame odom at time 1783420251.228250 according to authority Authority undetectable
[lidar_localization_node-1] Warning: TF_OLD_DATA ignoring data from the past for frame odom at time 1783420251.228250 according to authority Authority undetectable
[lidar_localization_node-1] Possible reasons are listed at http://wiki.ros.org/tf/Errors%20explained
[lidar_localization_node-1] Possible reasons are listed at http://wiki.ros.org/tf/Errors%20explained
[lidar_localization_node-1]          at line 294 in ./src/buffer_core.cpp
[lidar_localization_node-1] Possible reasons are listed at http://wiki.ros.org/tf/Errors%20explained
[lidar_localization_node-1]          at line 294 in ./src/buffer_core.cpp
[lidar_localization_node-1]          at line 294 in ./src/buffer_core.cpp
[lidar_localization_node-1] Warning: TF_OLD_DATA ignoring data from the past for frame odom at time 1783420337.936950 according to authority Authority undetectable
[lidar_localization_node-1] Possible reasons are listed at http://wiki.ros.org/tf/Errors%20explained
[lidar_localization_node-1]          at line 294 in ./src/buffer_core.cpp
[lidar_localization_node-1] Warning: TF_OLD_DATA ignoring data from the past for frame odom at time 1783420337.936950 according to authority Authority undetectable
[lidar_localization_node-1] Warning: TF_OLD_DATA ignoring data from the past for frame odom at time 1783420337.936950 according to authority Authority undetectable
[lidar_localization_node-1] Possible reasons are listed at http://wiki.ros.org/tf/Errors%20explained
[lidar_localization_node-1] Possible reasons are listed at http://wiki.ros.org/tf/Errors%20explained
[lidar_localization_node-1]          at line 294 in ./src/buffer_core.cpp
[lidar_localization_node-1]          at line 294 in ./src/buffer_core.cpp
[lidar_localization_node-1] [WARN] [1783472683.905127912] [lidar_localization]: The fitness score is over 6.000000.
[lidar_localization_node-1] [WARN] [1783472683.937938769] [lidar_localization]: The fitness score is over 6.000000.
[lidar_localization_node-1] [WARN] [1783472683.961815541] [lidar_localization]: The fitness score is over 6.000000.
[lidar_localization_node-1] Warning: TF_OLD_DATA ignoring data from the past for frame odom at time 1783420251.329564 according to authority Authority undetectable
[lidar_localization_node-1] Warning: TF_OLD_DATA ignoring data from the past for frame odom at time 1783420251.329564 according to authority Authority undetectable
[lidar_localization_node-1] Possible reasons are listed at http://wiki.ros.org/tf/Errors%20explained
[lidar_localization_node-1] Possible reasons are listed at http://wiki.ros.org/tf/Errors%20explained
[lidar_localization_node-1]          at line 294 in ./src/buffer_core.cpp
[lidar_localization_node-1]          at line 294 in ./src/buffer_core.cpp
[lidar_localization_node-1] Warning: TF_OLD_DATA ignoring data from the past for frame odom at time 1783420251.329564 according to authority Authority undetectable
[lidar_localization_node-1] Possible reasons are listed at http://wiki.ros.org/tf/Errors%20explained
[lidar_localization_node-1]          at line 294 in ./src/buffer_core.cpp
[lidar_localization_node-1] Warning: TF_OLD_DATA ignoring data from the past for frame odom at time 1783420338.038352 according to authority Authority undetectable
[lidar_localization_node-1] Possible reasons are listed at http://wiki.ros.org/tf/Errors%20explained
[lidar_localization_node-1]          at line 294 in ./src/buffer_core.cpp
[lidar_localization_node-1] Warning: TF_OLD_DATA ignoring data from the past for frame odom at time 1783420338.038352 according to authority Authority undetectable
[lidar_localization_node-1] Possible reasons are listed at http://wiki.ros.org/tf/Errors%20explained
[lidar_localization_node-1] Warning: TF_OLD_DATA ignoring data from the past for frame odom at time 1783420338.038352 according to authority Authority undetectable
[lidar_localization_node-1]          at line 294 in ./src/buffer_core.cpp
[lidar_localization_node-1] Possible reasons are listed at http://wiki.ros.org/tf/Errors%20explained
[lidar_localization_node-1]          at line 294 in ./src/buffer_core.cpp
[lidar_localization_node-1] [WARN] [1783472684.037425192] [lidar_localization]: The fitness score is over 6.000000.
[lidar_localization_node-1] Warning: TF_OLD_DATA ignoring data from the past for frame odom at time 1783420251.431021 according to authority Authority undetectable
[lidar_localization_node-1] Possible reasons are listed at http://wiki.ros.org/tf/Errors%20explained
[lidar_localization_node-1] Warning: TF_OLD_DATA ignoring data from the past for frame odom at time 1783420251.431021 according to authority Authority undetectable
[lidar_localization_node-1]          at line 294 in ./src/buffer_core.cpp
[lidar_localization_node-1] Possible reasons are listed at http://wiki.ros.org/tf/Errors%20explained
[lidar_localization_node-1]          at line 294 in ./src/buffer_core.cpp
[lidar_localization_node-1] Warning: TF_OLD_DATA ignoring data from the past for frame odom at time 1783420251.431021 according to authority Authority undetectable
[lidar_localization_node-1] Possible reasons are listed at http://wiki.ros.org/tf/Errors%20explained
[lidar_localization_node-1]          at line 294 in ./src/buffer_core.cpp
[lidar_localization_node-1] [WARN] [1783472684.061981911] [lidar_localization]: The fitness score is over 6.000000.
[lidar_localization_node-1] [INFO] [1783472684.062045570] [lidar_localization]: Recovery supervisor state transition: tracking -> recovering (reject_measurement)
[lidar_localization_node-1] [WARN] [1783472684.089604999] [lidar_localization]: The fitness score is over 6.000000.
[lidar_localization_node-1] Warning: TF_OLD_DATA ignoring data from the past for frame odom at time 1783420394.534322 according to authority Authority undetectable
[lidar_localization_node-1] Possible reasons are listed at http://wiki.ros.org/tf/Errors%20explained
[lidar_localization_node-1]          at line 294 in ./src/buffer_core.cpp
[lidar_localization_node-1] Warning: TF_OLD_DATA ignoring data from the past for frame odom at time 1783420394.534322 according to authority Authority undetectable
[lidar_localization_node-1] Possible reasons are listed at http://wiki.ros.org/tf/Errors%20explained
[lidar_localization_node-1] Warning: TF_OLD_DATA ignoring data from the past for frame odom at time 1783420394.534322 according to authority Authority undetectable
[lidar_localization_node-1]          at line 294 in ./src/buffer_core.cpp
[lidar_localization_node-1] Possible reasons are listed at http://wiki.ros.org/tf/Errors%20explained
[lidar_localization_node-1]          at line 294 in ./src/buffer_core.cpp
[lidar_localization_node-1] [WARN] [1783472684.141410421] [lidar_localization]: The fitness score is over 6.000000.
[lidar_localization_node-1] [INFO] [1783472684.160791957] [lidar_localization]: Recovery supervisor state transition: recovering -> tracking (accept_measurement)
[lidar_localization_node-1] [WARN] [1783472684.177105530] [lidar_localization]: The fitness score is over 6.000000.
[lidar_localization_node-1] [WARN] [1783472684.193231972] [lidar_localization]: The fitness score is over 6.000000.
[lidar_localization_node-1] [INFO] [1783472684.193284049] [lidar_localization]: Recovery supervisor state transition: tracking -> recovering (reject_measurement)
[lidar_localization_node-1] [WARN] [1783472684.237834743] [lidar_localization]: The fitness score is over 6.000000.
[lidar_localization_node-1] [WARN] [1783472684.265562430] [lidar_localization]: The fitness score is over 6.000000.
[lidar_localization_node-1] [WARN] [1783472684.267987592] [lidar_localization]: The fitness score is over 6.000000.
[lidar_localization_node-1] [WARN] [1783472684.358082421] [lidar_localization]: The fitness score is over 6.000000.
[lidar_localization_node-1] Warning: TF_OLD_DATA ignoring data from the past for frame odom at time 1783420251.735163 according to authority Authority undetectable
[lidar_localization_node-1] Warning: TF_OLD_DATA ignoring data from the past for frame odom at time 1783420251.735163 according to authority Authority undetectable
[lidar_localization_node-1] Possible reasons are listed at http://wiki.ros.org/tf/Errors%20explained
[lidar_localization_node-1] Possible reasons are listed at http://wiki.ros.org/tf/Errors%20explained
[lidar_localization_node-1]          at line 294 in ./src/buffer_core.cpp
[lidar_localization_node-1]          at line 294 in ./src/buffer_core.cpp
[lidar_localization_node-1] Warning: TF_OLD_DATA ignoring data from the past for frame odom at time 1783420251.735163 according to authority Authority undetectable
[lidar_localization_node-1] Possible reasons are listed at http://wiki.ros.org/tf/Errors%20explained
[lidar_localization_node-1]          at line 294 in ./src/buffer_core.cpp
[lidar_localization_node-1] [WARN] [1783472684.383989264] [lidar_localization]: The fitness score is over 6.000000.
[lidar_localization_node-1] [WARN] [1783472684.397305066] [lidar_localization]: The fitness score is over 6.000000.
[lidar_localization_node-1] [WARN] [1783472684.430999898] [lidar_localization]: The fitness score is over 6.000000.
[lidar_localization_node-1] [WARN] [1783472684.445501800] [lidar_localization]: The fitness score is over 6.000000.
[lidar_localization_node-1] [WARN] [1783472684.463847809] [lidar_localization]: The fitness score is over 6.000000.
[lidar_localization_node-1] Warning: TF_OLD_DATA ignoring data from the past for frame odom at time 1783420251.836498 according to authority Authority undetectable
[lidar_localization_node-1] Possible reasons are listed at http://wiki.ros.org/tf/Errors%20explained
[lidar_localization_node-1]          at line 294 in ./src/buffer_core.cpp
[lidar_localization_node-1] Warning: TF_OLD_DATA ignoring data from the past for frame odom at time 1783420251.836498 according to authority Authority undetectable
[lidar_localization_node-1] Warning: TF_OLD_DATA ignoring data from the past for frame odom at time 1783420251.836498 according to authority Authority undetectable
[lidar_localization_node-1] Possible reasons are listed at http://wiki.ros.org/tf/Errors%20explained
[lidar_localization_node-1] Possible reasons are listed at http://wiki.ros.org/tf/Errors%20explained
[lidar_localization_node-1]          at line 294 in ./src/buffer_core.cpp
[lidar_localization_node-1]          at line 294 in ./src/buffer_core.cpp
[lidar_localization_node-1] [WARN] [1783472684.485698437] [lidar_localization]: The fitness score is over 6.000000.
[lidar_localization_node-1] [WARN] [1783472684.569299926] [lidar_localization]: The fitness score is over 6.000000.
[lidar_localization_node-1] [WARN] [1783472684.576058162] [lidar_localization]: The fitness score is over 6.000000.
[lidar_localization_node-1] [WARN] [1783472684.579428119] [lidar_localization]: The fitness score is over 6.000000.
[lidar_localization_node-1] Warning: TF_OLD_DATA ignoring data from the past for frame odom at time 1783420338.646917 according to authority Authority undetectable
[lidar_localization_node-1] Warning: TF_OLD_DATA ignoring data from the past for frame odom at time 1783420338.646917 according to authority Authority undetectable
[lidar_localization_node-1] Warning: TF_OLD_DATA ignoring data from the past for frame odom at time 1783420338.646917 according to authority Authority undetectable
[lidar_localization_node-1] Possible reasons are listed at http://wiki.ros.org/tf/Errors%20explained
[lidar_localization_node-1] Possible reasons are listed at http://wiki.ros.org/tf/Errors%20explained
[lidar_localization_node-1] Possible reasons are listed at http://wiki.ros.org/tf/Errors%20explained
[lidar_localization_node-1]          at line 294 in ./src/buffer_core.cpp
[lidar_localization_node-1]          at line 294 in ./src/buffer_core.cpp
[lidar_localization_node-1]          at line 294 in ./src/buffer_core.cpp
[lidar_localization_node-1] [WARN] [1783472684.643394696] [lidar_localization]: The fitness score is over 6.000000.
[lidar_localization_node-1] [WARN] [1783472684.652314936] [lidar_localization]: The fitness score is over 6.000000.
[lidar_localization_node-1] [INFO] [1783472684.660597123] [lidar_localization]: Recovery supervisor state transition: recovering -> tracking (accept_measurement)
[lidar_localization_node-1] [WARN] [1783472684.689452696] [lidar_localization]: The fitness score is over 6.000000.
[lidar_localization_node-1] [INFO] [1783472684.689491847] [lidar_localization]: Recovery supervisor state transition: tracking -> recovering (reject_measurement)
[lidar_localization_node-1] [WARN] [1783472684.740122434] [lidar_localization]: The fitness score is over 6.000000.
[lidar_localization_node-1] [WARN] [1783472684.742286503] [lidar_localization]: The fitness score is over 6.000000.
[lidar_localization_node-1] [WARN] [1783472684.768950791] [lidar_localization]: The fitness score is over 6.000000.
[lidar_localization_node-1] [WARN] [1783472684.771090766] [lidar_localization]: The fitness score is over 6.000000.
[lidar_localization_node-1] [WARN] [1783472684.779649910] [lidar_localization]: The fitness score is over 6.000000.
[lidar_localization_node-1] [WARN] [1783472684.855033644] [lidar_localization]: The fitness score is over 6.000000.
[lidar_localization_node-1] [WARN] [1783472684.871485753] [lidar_localization]: The fitness score is over 6.000000.
[lidar_localization_node-1] [WARN] [1783472684.874025522] [lidar_localization]: The fitness score is over 6.000000.
[lidar_localization_node-1] [WARN] [1783472684.898980106] [lidar_localization]: The fitness score is over 6.000000.
[lidar_localization_node-1] [WARN] [1783472684.922975935] [lidar_localization]: The fitness score is over 6.000000.
[lidar_localization_node-1] [WARN] [1783472684.944102904] [lidar_localization]: The fitness score is over 6.000000.
[lidar_localization_node-1] [WARN] [1783472684.946674597] [lidar_localization]: The fitness score is over 6.000000.
[lidar_localization_node-1] [WARN] [1783472684.964479497] [lidar_localization]: The fitness score is over 6.000000.
[lidar_localization_node-1] [WARN] [1783472684.978506891] [lidar_localization]: The fitness score is over 6.000000.
[lidar_localization_node-1] [WARN] [1783472685.001942124] [lidar_localization]: The fitness score is over 6.000000.
[lidar_localization_node-1] [WARN] [1783472685.032057875] [lidar_localization]: The fitness score is over 6.000000.
[lidar_localization_node-1] [WARN] [1783472685.052277184] [lidar_localization]: The fitness score is over 6.000000.
[lidar_localization_node-1] [WARN] [1783472685.055212426] [lidar_localization]: The fitness score is over 6.000000.
[lidar_localization_node-1] [WARN] [1783472685.063887258] [lidar_localization]: The fitness score is over 6.000000.
[lidar_localization_node-1] [WARN] [1783472685.074717953] [lidar_localization]: The fitness score is over 6.000000.
[lidar_localization_node-1] [WARN] [1783472685.153328640] [lidar_localization]: The fitness score is over 6.000000.
[lidar_localization_node-1] [WARN] [1783472685.161493850] [lidar_localization]: The fitness score is over 6.000000.
[lidar_localization_node-1] [WARN] [1783472685.181178514] [lidar_localization]: The fitness score is over 6.000000.
[lidar_localization_node-1] [WARN] [1783472685.200417507] [lidar_localization]: The fitness score is over 6.000000.
[lidar_localization_node-1] [WARN] [1783472685.230269961] [lidar_localization]: The fitness score is over 6.000000.
[lidar_localization_node-1] [WARN] [1783472685.244694626] [lidar_localization]: The fitness score is over 6.000000.
[lidar_localization_node-1] [WARN] [1783472685.250609810] [lidar_localization]: The fitness score is over 6.000000.
[lidar_localization_node-1] [WARN] [1783472685.264347031] [lidar_localization]: The fitness score is over 6.000000.
[lidar_localization_node-1] [WARN] [1783472685.276269822] [lidar_localization]: The fitness score is over 6.000000.
[lidar_localization_node-1] [WARN] [1783472685.296283626] [lidar_localization]: The fitness score is over 6.000000.
[lidar_localization_node-1] [WARN] [1783472685.343576657] [lidar_localization]: The fitness score is over 6.000000.
[lidar_localization_node-1] [WARN] [1783472685.356897019] [lidar_localization]: The fitness score is over 6.000000.
[lidar_localization_node-1] [WARN] [1783472685.360470101] [lidar_localization]: The fitness score is over 6.000000.
[lidar_localization_node-1] [WARN] [1783472685.365969201] [lidar_localization]: The fitness score is over 6.000000.
[lidar_localization_node-1] [WARN] [1783472685.378143801] [lidar_localization]: The fitness score is over 6.000000.
[lidar_localization_node-1] [WARN] [1783472685.458928943] [lidar_localization]: The fitness score is over 6.000000.
[lidar_localization_node-1] [WARN] [1783472685.472702334] [lidar_localization]: The fitness score is over 6.000000.
[lidar_localization_node-1] [WARN] [1783472685.476550642] [lidar_localization]: The fitness score is over 6.000000.
[lidar_localization_node-1] [WARN] [1783472685.491592326] [lidar_localization]: The fitness score is over 6.000000.
[lidar_localization_node-1] [WARN] [1783472685.538693418] [lidar_localization]: The fitness score is over 6.000000.
[lidar_localization_node-1] [INFO] [1783472685.538754196] [lidar_localization]: Recovery supervisor state transition: recovering -> reinitialization_requested (request_reinitialization)
[lidar_localization_node-1] [WARN] [1783472685.548838750] [lidar_localization]: The fitness score is over 6.000000.
[lidar_localization_node-1] [WARN] [1783472685.548884607] [lidar_localization]: The fitness score is over 6.000000.
[lidar_localization_node-1] [WARN] [1783472685.568550891] [lidar_localization]: The fitness score is over 6.000000.
[lidar_localization_node-1] [WARN] [1783472685.571234190] [lidar_localization]: The fitness score is over 6.000000.
[lidar_localization_node-1] [WARN] [1783472685.581295994] [lidar_localization]: The fitness score is over 6.000000.
[lidar_localization_node-1] [WARN] [1783472685.664815680] [lidar_localization]: The fitness score is over 6.000000.
[lidar_localization_node-1] [WARN] [1783472685.674186030] [lidar_localization]: The fitness score is over 6.000000.
[lidar_localization_node-1] [WARN] [1783472685.674461352] [lidar_localization]: The fitness score is over 6.000000.
[lidar_localization_node-1] [WARN] [1783472685.688168625] [lidar_localization]: The fitness score is over 6.000000.
[lidar_localization_node-1] [WARN] [1783472685.737763422] [lidar_localization]: The fitness score is over 6.000000.
[lidar_localization_node-1] [WARN] [1783472685.741430702] [lidar_localization]: The fitness score is over 6.000000.
[lidar_localization_node-1] [WARN] [1783472685.756679890] [lidar_localization]: The fitness score is over 6.000000.
[lidar_localization_node-1] [WARN] [1783472685.767753555] [lidar_localization]: The fitness score is over 6.000000.
[lidar_localization_node-1] [WARN] [1783472685.774755772] [lidar_localization]: The fitness score is over 6.000000.
[lidar_localization_node-1] [WARN] [1783472685.853060116] [lidar_localization]: The fitness score is over 6.000000.
[lidar_localization_node-1] [WARN] [1783472685.869852906] [lidar_localization]: The fitness score is over 6.000000.
[lidar_localization_node-1] [WARN] [1783472685.879613940] [lidar_localization]: The fitness score is over 6.000000.
[lidar_localization_node-1] [WARN] [1783472685.879756098] [lidar_localization]: The fitness score is over 6.000000.
[lidar_localization_node-1] [WARN] [1783472685.887914743] [lidar_localization]: The fitness score is over 6.000000.
[lidar_localization_node-1] [WARN] [1783472685.954807459] [lidar_localization]: The fitness score is over 6.000000.
[lidar_localization_node-1] [WARN] [1783472685.961035417] [lidar_localization]: The fitness score is over 6.000000.
[lidar_localization_node-1] [WARN] [1783472685.969227260] [lidar_localization]: The fitness score is over 6.000000.
[lidar_localization_node-1] [WARN] [1783472685.978337009] [lidar_localization]: The fitness score is over 6.000000.
[lidar_localization_node-1] [WARN] [1783472686.044652776] [lidar_localization]: The fitness score is over 6.000000.
[lidar_localization_node-1] [WARN] [1783472686.053179585] [lidar_localization]: The fitness score is over 6.000000.
[lidar_localization_node-1] [WARN] [1783472686.057576596] [lidar_localization]: The fitness score is over 6.000000.
[lidar_localization_node-1] [WARN] [1783472686.077868952] [lidar_localization]: The fitness score is over 6.000000.
[lidar_localization_node-1] [WARN] [1783472686.092762030] [lidar_localization]: The fitness score is over 6.000000.
[lidar_localization_node-1] [WARN] [1783472686.140136649] [lidar_localization]: The fitness score is over 6.000000.
[lidar_localization_node-1] [WARN] [1783472686.158410615] [lidar_localization]: The fitness score is over 6.000000.
[lidar_localization_node-1] [WARN] [1783472686.160337100] [lidar_localization]: The fitness score is over 6.000000.
[lidar_localization_node-1] [WARN] [1783472686.177809858] [lidar_localization]: The fitness score is over 6.000000.
[lidar_localization_node-1] [WARN] [1783472686.191583644] [lidar_localization]: The fitness score is over 6.000000.
[lidar_localization_node-1] [WARN] [1783472686.207545455] [lidar_localization]: The fitness score is over 6.000000.
[lidar_localization_node-1] [WARN] [1783472686.249748809] [lidar_localization]: The fitness score is over 6.000000.
[lidar_localization_node-1] [WARN] [1783472686.260186903] [lidar_localization]: The fitness score is over 6.000000.
[lidar_localization_node-1] [WARN] [1783472686.264685692] [lidar_localization]: The fitness score is over 6.000000.
[lidar_localization_node-1] [WARN] [1783472686.279904258] [lidar_localization]: The fitness score is over 6.000000.
[lidar_localization_node-1] [WARN] [1783472686.287305281] [lidar_localization]: The fitness score is over 6.000000.
[lidar_localization_node-1] [WARN] [1783472686.303010590] [lidar_localization]: The fitness score is over 6.000000.
[lidar_localization_node-1] [WARN] [1783472686.356305890] [lidar_localization]: The fitness score is over 6.000000.
[lidar_localization_node-1] [WARN] [1783472686.369201721] [lidar_localization]: The fitness score is over 6.000000.
[lidar_localization_node-1] [WARN] [1783472686.381486637] [lidar_localization]: The fitness score is over 6.000000.
[lidar_localization_node-1] [WARN] [1783472686.396046875] [lidar_localization]: The fitness score is over 6.000000.
[lidar_localization_node-1] [WARN] [1783472686.413977160] [lidar_localization]: The fitness score is over 6.000000.
[lidar_localization_node-1] [WARN] [1783472686.443238416] [lidar_localization]: The fitness score is over 6.000000.
[lidar_localization_node-1] [WARN] [1783472686.449810770] [lidar_localization]: The fitness score is over 6.000000.
[lidar_localization_node-1] [WARN] [1783472686.459276717] [lidar_localization]: The fitness score is over 6.000000.
[lidar_localization_node-1] [WARN] [1783472686.474705156] [lidar_localization]: The fitness score is over 6.000000.
[lidar_localization_node-1] [WARN] [1783472686.480431188] [lidar_localization]: The fitness score is over 6.000000.
[lidar_localization_node-1] [WARN] [1783472686.551865661] [lidar_localization]: The fitness score is over 6.000000.
[lidar_localization_node-1] [WARN] [1783472686.563522479] [lidar_localization]: The fitness score is over 6.000000.
[lidar_localization_node-1] [WARN] [1783472686.572460790] [lidar_localization]: The fitness score is over 6.000000.
[lidar_localization_node-1] [WARN] [1783472686.586306359] [lidar_localization]: The fitness score is over 6.000000.
[lidar_localization_node-1] [WARN] [1783472686.599457284] [lidar_localization]: The fitness score is over 6.000000.
[lidar_localization_node-1] [WARN] [1783472686.694940926] [lidar_localization]: The fitness score is over 6.000000.
[lidar_localization_node-1] [WARN] [1783472686.699743785] [lidar_localization]: The fitness score is over 6.000000.
[lidar_localization_node-1] [WARN] [1783472686.709236940] [lidar_localization]: The fitness score is over 6.000000.
[lidar_localization_node-1] [WARN] [1783472686.719701349] [lidar_localization]: The fitness score is over 6.000000.
[lidar_localization_node-1] [WARN] [1783472686.760700938] [lidar_localization]: The fitness score is over 6.000000.
[lidar_localization_node-1] [WARN] [1783472686.772283053] [lidar_localization]: The fitness score is over 6.000000.
[lidar_localization_node-1] [WARN] [1783472686.780548494] [lidar_localization]: The fitness score is over 6.000000.
[lidar_localization_node-1] [WARN] [1783472686.787157400] [lidar_localization]: The fitness score is over 6.000000.
[lidar_localization_node-1] [WARN] [1783472686.792330199] [lidar_localization]: The fitness score is over 6.000000.
[lidar_localization_node-1] [WARN] [1783472686.802737053] [lidar_localization]: The fitness score is over 6.000000.
[lidar_localization_node-1] [WARN] [1783472686.873990608] [lidar_localization]: The fitness score is over 6.000000.
[lidar_localization_node-1] [WARN] [1783472686.885853544] [lidar_localization]: The fitness score is over 6.000000.
[lidar_localization_node-1] [WARN] [1783472686.898254256] [lidar_localization]: The fitness score is over 6.000000.
[lidar_localization_node-1] [WARN] [1783472686.922586316] [lidar_localization]: The fitness score is over 6.000000.
[lidar_localization_node-1] [WARN] [1783472686.971274076] [lidar_localization]: The fitness score is over 6.000000.
[lidar_localization_node-1] [WARN] [1783472686.986556650] [lidar_localization]: The fitness score is over 6.000000.
[lidar_localization_node-1] [WARN] [1783472686.991177315] [lidar_localization]: The fitness score is over 6.000000.
[lidar_localization_node-1] [WARN] [1783472687.006757854] [lidar_localization]: The fitness score is over 6.000000.
[lidar_localization_node-1] [WARN] [1783472687.012467603] [lidar_localization]: The fitness score is over 6.000000.
[lidar_localization_node-1] [WARN] [1783472687.092017308] [lidar_localization]: The fitness score is over 6.000000.
[lidar_localization_node-1] [WARN] [1783472687.101455866] [lidar_localization]: The fitness score is over 6.000000.
[lidar_localization_node-1] [WARN] [1783472687.111587451] [lidar_localization]: The fitness score is over 6.000000.
[lidar_localization_node-1] [WARN] [1783472687.130619852] [lidar_localization]: The fitness score is over 6.000000.
[lidar_localization_node-1] [WARN] [1783472687.189594187] [lidar_localization]: The fitness score is over 6.000000.
[lidar_localization_node-1] [WARN] [1783472687.204818605] [lidar_localization]: The fitness score is over 6.000000.
[lidar_localization_node-1] [WARN] [1783472687.209094919] [lidar_localization]: The fitness score is over 6.000000.
[lidar_localization_node-1] [WARN] [1783472687.236265298] [lidar_localization]: The fitness score is over 6.000000.
[lidar_localization_node-1] [WARN] [1783472687.265613445] [lidar_localization]: The fitness score is over 6.000000.
[lidar_localization_node-1] [WARN] [1783472687.285660749] [lidar_localization]: The fitness score is over 6.000000.
[lidar_localization_node-1] [WARN] [1783472687.301341775] [lidar_localization]: The fitness score is over 6.000000.
[lidar_localization_node-1] [WARN] [1783472687.317649377] [lidar_localization]: The fitness score is over 6.000000.
[lidar_localization_node-1] [WARN] [1783472687.323373328] [lidar_localization]: The fitness score is over 6.000000.
[lidar_localization_node-1] [WARN] [1783472687.367320150] [lidar_localization]: The fitness score is over 6.000000.
[lidar_localization_node-1] [WARN] [1783472687.401861414] [lidar_localization]: The fitness score is over 6.000000.
[lidar_localization_node-1] [WARN] [1783472687.415182891] [lidar_localization]: The fitness score is over 6.000000.
[lidar_localization_node-1] [WARN] [1783472687.421220840] [lidar_localization]: The fitness score is over 6.000000.
[lidar_localization_node-1] [WARN] [1783472687.463055180] [lidar_localization]: The fitness score is over 6.000000.
[lidar_localization_node-1] [WARN] [1783472687.479787171] [lidar_localization]: The fitness score is over 6.000000.
[lidar_localization_node-1] [WARN] [1783472687.500416839] [lidar_localization]: The fitness score is over 6.000000.
[lidar_localization_node-1] [WARN] [1783472687.558358332] [lidar_localization]: The fitness score is over 6.000000.
[lidar_localization_node-1] [WARN] [1783472687.585503815] [lidar_localization]: The fitness score is over 6.000000.
[lidar_localization_node-1] [WARN] [1783472687.606517130] [lidar_localization]: The fitness score is over 6.000000.
[lidar_localization_node-1] [WARN] [1783472687.643890536] [lidar_localization]: The fitness score is over 6.000000.
[lidar_localization_node-1] [WARN] [1783472687.675713855] [lidar_localization]: The fitness score is over 6.000000.
[lidar_localization_node-1] [WARN] [1783472687.702953152] [lidar_localization]: The fitness score is over 6.000000.
[lidar_localization_node-1] [WARN] [1783472687.734812085] [lidar_localization]: The fitness score is over 6.000000.
[lidar_localization_node-1] [WARN] [1783472687.777673744] [lidar_localization]: The fitness score is over 6.000000.
[lidar_localization_node-1] [WARN] [1783472687.810579542] [lidar_localization]: The fitness score is over 6.000000.
[lidar_localization_node-1] [WARN] [1783472687.819909434] [lidar_localization]: The fitness score is over 6.000000.
[lidar_localization_node-1] [WARN] [1783472687.846106796] [lidar_localization]: The fitness score is over 6.000000.
[lidar_localization_node-1] [WARN] [1783472687.881131453] [lidar_localization]: The fitness score is over 6.000000.
[lidar_localization_node-1] [WARN] [1783472687.881801687] [lidar_localization]: The fitness score is over 6.000000.
[lidar_localization_node-1] [WARN] [1783472687.920665856] [lidar_localization]: The fitness score is over 6.000000.
[lidar_localization_node-1] [WARN] [1783472687.968296095] [lidar_localization]: The fitness score is over 6.000000.
[lidar_localization_node-1] [WARN] [1783472688.000475831] [lidar_localization]: The fitness score is over 6.000000.
[lidar_localization_node-1] [WARN] [1783472688.031811816] [lidar_localization]: The fitness score is over 6.000000.
[lidar_localization_node-1] [WARN] [1783472688.049677746] [lidar_localization]: The fitness score is over 6.000000.
[lidar_localization_node-1] [WARN] [1783472688.094739306] [lidar_localization]: The fitness score is over 6.000000.
[lidar_localization_node-1] [WARN] [1783472688.121128690] [lidar_localization]: The fitness score is over 6.000000.
[lidar_localization_node-1] [WARN] [1783472688.123110444] [lidar_localization]: The fitness score is over 6.000000.
[lidar_localization_node-1] [WARN] [1783472688.185968958] [lidar_localization]: The fitness score is over 6.000000.
[lidar_localization_node-1] [WARN] [1783472688.210489525] [lidar_localization]: The fitness score is over 6.000000.
[lidar_localization_node-1] [WARN] [1783472688.238773184] [lidar_localization]: The fitness score is over 6.000000.
[lidar_localization_node-1] [WARN] [1783472688.263926239] [lidar_localization]: The fitness score is over 6.000000.
[lidar_localization_node-1] [WARN] [1783472688.322395035] [lidar_localization]: The fitness score is over 6.000000.
[lidar_localization_node-1] [WARN] [1783472688.359588853] [lidar_localization]: The fitness score is over 6.000000.
[lidar_localization_node-1] [WARN] [1783472688.363815271] [lidar_localization]: The fitness score is over 6.000000.
[lidar_localization_node-1] [WARN] [1783472688.420674995] [lidar_localization]: The fitness score is over 6.000000.
[lidar_localization_node-1] [WARN] [1783472688.464548839] [lidar_localization]: The fitness score is over 6.000000.
[lidar_localization_node-1] [WARN] [1783472688.481602539] [lidar_localization]: The fitness score is over 6.000000.
[lidar_localization_node-1] [WARN] [1783472688.516650400] [lidar_localization]: The fitness score is over 6.000000.
[lidar_localization_node-1] [WARN] [1783472688.559549383] [lidar_localization]: The fitness score is over 6.000000.
[lidar_localization_node-1] [WARN] [1783472688.560251351] [lidar_localization]: The fitness score is over 6.000000.
[lidar_localization_node-1] [WARN] [1783472688.613688337] [lidar_localization]: The fitness score is over 6.000000.
[lidar_localization_node-1] [WARN] [1783472688.625415657] [lidar_localization]: The fitness score is over 6.000000.
[lidar_localization_node-1] [WARN] [1783472688.656567683] [lidar_localization]: The fitness score is over 6.000000.
[lidar_localization_node-1] [WARN] [1783472688.672151512] [lidar_localization]: The fitness score is over 6.000000.
[lidar_localization_node-1] [WARN] [1783472688.736365037] [lidar_localization]: The fitness score is over 6.000000.
[lidar_localization_node-1] [WARN] [1783472688.742182661] [lidar_localization]: The fitness score is over 6.000000.
[lidar_localization_node-1] [WARN] [1783472688.782353584] [lidar_localization]: The fitness score is over 6.000000.
[lidar_localization_node-1] [WARN] [1783472688.790764540] [lidar_localization]: The fitness score is over 6.000000.
[lidar_localization_node-1] [WARN] [1783472688.842064897] [lidar_localization]: The fitness score is over 6.000000.
[lidar_localization_node-1] [WARN] [1783472688.870295418] [lidar_localization]: The fitness score is over 6.000000.
[lidar_localization_node-1] [WARN] [1783472688.878680218] [lidar_localization]: The fitness score is over 6.000000.
[lidar_localization_node-1] [WARN] [1783472688.944860103] [lidar_localization]: The fitness score is over 6.000000.
[lidar_localization_node-1] [WARN] [1783472688.981904141] [lidar_localization]: The fitness score is over 6.000000.
[lidar_localization_node-1] [WARN] [1783472689.012764235] [lidar_localization]: The fitness score is over 6.000000.
[lidar_localization_node-1] [WARN] [1783472689.072025438] [lidar_localization]: The fitness score is over 6.000000.
[lidar_localization_node-1] [WARN] [1783472689.074517207] [lidar_localization]: The fitness score is over 6.000000.
[lidar_localization_node-1] [WARN] [1783472689.142875058] [lidar_localization]: The fitness score is over 6.000000.
[lidar_localization_node-1] [WARN] [1783472689.143783036] [lidar_localization]: The fitness score is over 6.000000.
[lidar_localization_node-1] [WARN] [1783472689.170292309] [lidar_localization]: The fitness score is over 6.000000.
[lidar_localization_node-1] [WARN] [1783472689.213974649] [lidar_localization]: The fitness score is over 6.000000.
[lidar_localization_node-1] [WARN] [1783472689.237127425] [lidar_localization]: The fitness score is over 6.000000.
[lidar_localization_node-1] [WARN] [1783472689.258216830] [lidar_localization]: The fitness score is over 6.000000.
[lidar_localization_node-1] [WARN] [1783472689.281041339] [lidar_localization]: The fitness score is over 6.000000.
[lidar_localization_node-1] [WARN] [1783472689.340204764] [lidar_localization]: The fitness score is over 6.000000.
[lidar_localization_node-1] [WARN] [1783472689.365116168] [lidar_localization]: The fitness score is over 6.000000.
[lidar_localization_node-1] [WARN] [1783472689.398463195] [lidar_localization]: The fitness score is over 6.000000.
[lidar_localization_node-1] [WARN] [1783472689.422647790] [lidar_localization]: The fitness score is over 6.000000.
[lidar_localization_node-1] [WARN] [1783472689.427769609] [lidar_localization]: The fitness score is over 6.000000.
[lidar_localization_node-1] [WARN] [1783472689.441738034] [lidar_localization]: The fitness score is over 6.000000.
[lidar_localization_node-1] [WARN] [1783472689.496125813] [lidar_localization]: The fitness score is over 6.000000.
[lidar_localization_node-1] [WARN] [1783472689.519247143] [lidar_localization]: The fitness score is over 6.000000.
[lidar_localization_node-1] [WARN] [1783472689.532901524] [lidar_localization]: The fitness score is over 6.000000.
[lidar_localization_node-1] [WARN] [1783472689.573637645] [lidar_localization]: The fitness score is over 6.000000.
[lidar_localization_node-1] [WARN] [1783472689.613317459] [lidar_localization]: The fitness score is over 6.000000.
[lidar_localization_node-1] [WARN] [1783472689.632508109] [lidar_localization]: The fitness score is over 6.000000.
[lidar_localization_node-1] [WARN] [1783472689.646735874] [lidar_localization]: The fitness score is over 6.000000.
[lidar_localization_node-1] [WARN] [1783472689.652653149] [lidar_localization]: The fitness score is over 6.000000.
[lidar_localization_node-1] [WARN] [1783472689.699000793] [lidar_localization]: The fitness score is over 6.000000.
[lidar_localization_node-1] [WARN] [1783472689.730578778] [lidar_localization]: The fitness score is over 6.000000.
[lidar_localization_node-1] [WARN] [1783472689.733274317] [lidar_localization]: The fitness score is over 6.000000.
[lidar_localization_node-1] [WARN] [1783472689.747083468] [lidar_localization]: The fitness score is over 6.000000.
[lidar_localization_node-1] [WARN] [1783472689.798334878] [lidar_localization]: The fitness score is over 6.000000.
[lidar_localization_node-1] [WARN] [1783472689.815323058] [lidar_localization]: The fitness score is over 6.000000.
[lidar_localization_node-1] [WARN] [1783472689.820925068] [lidar_localization]: The fitness score is over 6.000000.
[lidar_localization_node-1] [WARN] [1783472689.898705668] [lidar_localization]: The fitness score is over 6.000000.
[lidar_localization_node-1] [WARN] [1783472689.909881335] [lidar_localization]: The fitness score is over 6.000000.
[lidar_localization_node-1] [WARN] [1783472689.932540490] [lidar_localization]: The fitness score is over 6.000000.
[lidar_localization_node-1] [WARN] [1783472689.978913486] [lidar_localization]: The fitness score is over 6.000000.
[lidar_localization_node-1] [WARN] [1783472690.002883013] [lidar_localization]: The fitness score is over 6.000000.
[lidar_localization_node-1] [WARN] [1783472690.027001013] [lidar_localization]: The fitness score is over 6.000000.
[lidar_localization_node-1] [WARN] [1783472690.064410956] [lidar_localization]: The fitness score is over 6.000000.
[lidar_localization_node-1] [WARN] [1783472690.098708852] [lidar_localization]: The fitness score is over 6.000000.
[lidar_localization_node-1] [WARN] [1783472690.120855201] [lidar_localization]: The fitness score is over 6.000000.
[lidar_localization_node-1] [WARN] [1783472690.132961372] [lidar_localization]: The fitness score is over 6.000000.
[lidar_localization_node-1] [WARN] [1783472690.149885917] [lidar_localization]: The fitness score is over 6.000000.
[lidar_localization_node-1] [WARN] [1783472690.210021831] [lidar_localization]: The fitness score is over 6.000000.
[lidar_localization_node-1] [WARN] [1783472690.221605294] [lidar_localization]: The fitness score is over 6.000000.
[lidar_localization_node-1] [WARN] [1783472690.232284534] [lidar_localization]: The fitness score is over 6.000000.
[lidar_localization_node-1] [WARN] [1783472690.233856882] [lidar_localization]: The fitness score is over 6.000000.
[lidar_localization_node-1] [WARN] [1783472690.309135792] [lidar_localization]: The fitness score is over 6.000000.
[lidar_localization_node-1] [WARN] [1783472690.316835936] [lidar_localization]: The fitness score is over 6.000000.
[lidar_localization_node-1] [WARN] [1783472690.324576714] [lidar_localization]: The fitness score is over 6.000000.
[lidar_localization_node-1] [WARN] [1783472690.331967134] [lidar_localization]: The fitness score is over 6.000000.
[lidar_localization_node-1] [WARN] [1783472690.394767836] [lidar_localization]: The fitness score is over 6.000000.
[lidar_localization_node-1] [WARN] [1783472690.399195726] [lidar_localization]: The fitness score is over 6.000000.
[lidar_localization_node-1] [WARN] [1783472690.409693716] [lidar_localization]: The fitness score is over 6.000000.
[lidar_localization_node-1] [WARN] [1783472690.419309892] [lidar_localization]: The fitness score is over 6.000000.
[lidar_localization_node-1] [WARN] [1783472690.430721666] [lidar_localization]: The fitness score is over 6.000000.
[lidar_localization_node-1] [WARN] [1783472690.494333151] [lidar_localization]: The fitness score is over 6.000000.
[lidar_localization_node-1] [WARN] [1783472690.510040765] [lidar_localization]: The fitness score is over 6.000000.
[lidar_localization_node-1] [WARN] [1783472690.531077491] [lidar_localization]: The fitness score is over 6.000000.
[lidar_localization_node-1] [WARN] [1783472690.531904427] [lidar_localization]: The fitness score is over 6.000000.
[lidar_localization_node-1] [WARN] [1783472690.595993245] [lidar_localization]: The fitness score is over 6.000000.
[lidar_localization_node-1] [WARN] [1783472690.618305157] [lidar_localization]: The fitness score is over 6.000000.
[lidar_localization_node-1] [WARN] [1783472690.623235844] [lidar_localization]: The fitness score is over 6.000000.
[lidar_localization_node-1] [WARN] [1783472690.643810447] [lidar_localization]: The fitness score is over 6.000000.
[lidar_localization_node-1] [WARN] [1783472690.710459751] [lidar_localization]: The fitness score is over 6.000000.
[lidar_localization_node-1] [WARN] [1783472690.720673210] [lidar_localization]: The fitness score is over 6.000000.
[lidar_localization_node-1] [WARN] [1783472690.738042394] [lidar_localization]: The fitness score is over 6.000000.
[lidar_localization_node-1] [WARN] [1783472690.759249065] [lidar_localization]: The fitness score is over 6.000000.
[lidar_localization_node-1] [WARN] [1783472690.810160314] [lidar_localization]: The fitness score is over 6.000000.
[lidar_localization_node-1] [WARN] [1783472690.831965736] [lidar_localization]: The fitness score is over 6.000000.
[lidar_localization_node-1] [WARN] [1783472690.842981435] [lidar_localization]: The fitness score is over 6.000000.
[lidar_localization_node-1] [WARN] [1783472690.843486217] [lidar_localization]: The fitness score is over 6.000000.
[lidar_localization_node-1] [WARN] [1783472690.905194743] [lidar_localization]: The fitness score is over 6.000000.
[lidar_localization_node-1] [WARN] [1783472690.927278654] [lidar_localization]: The fitness score is over 6.000000.
[lidar_localization_node-1] [WARN] [1783472690.942341451] [lidar_localization]: The fitness score is over 6.000000.
[lidar_localization_node-1] [WARN] [1783472691.003186791] [lidar_localization]: The fitness score is over 6.000000.
[lidar_localization_node-1] [WARN] [1783472691.021062743] [lidar_localization]: The fitness score is over 6.000000.
[lidar_localization_node-1] [WARN] [1783472691.035827488] [lidar_localization]: The fitness score is over 6.000000.
[lidar_localization_node-1] [WARN] [1783472691.055979511] [lidar_localization]: The fitness score is over 6.000000.
[lidar_localization_node-1] [WARN] [1783472691.075538427] [lidar_localization]: The fitness score is over 6.000000.
[lidar_localization_node-1] [WARN] [1783472691.127189285] [lidar_localization]: The fitness score is over 6.000000.
[lidar_localization_node-1] [WARN] [1783472691.144978352] [lidar_localization]: The fitness score is over 6.000000.
[lidar_localization_node-1] [WARN] [1783472691.155337326] [lidar_localization]: The fitness score is over 6.000000.
[lidar_localization_node-1] [WARN] [1783472691.173896994] [lidar_localization]: The fitness score is over 6.000000.
[lidar_localization_node-1] [WARN] [1783472691.219087542] [lidar_localization]: The fitness score is over 6.000000.
[lidar_localization_node-1] [WARN] [1783472691.236383069] [lidar_localization]: The fitness score is over 6.000000.
[lidar_localization_node-1] [WARN] [1783472691.286659993] [lidar_localization]: The fitness score is over 6.000000.
[lidar_localization_node-1] [WARN] [1783472691.306390310] [lidar_localization]: The fitness score is over 6.000000.
[lidar_localization_node-1] [WARN] [1783472691.335703934] [lidar_localization]: The fitness score is over 6.000000.
[lidar_localization_node-1] [WARN] [1783472691.366947929] [lidar_localization]: The fitness score is over 6.000000.
[lidar_localization_node-1] [WARN] [1783472691.381373911] [lidar_localization]: The fitness score is over 6.000000.
[lidar_localization_node-1] [WARN] [1783472691.421359916] [lidar_localization]: The fitness score is over 6.000000.
[lidar_localization_node-1] [WARN] [1783472691.460916409] [lidar_localization]: The fitness score is over 6.000000.
[lidar_localization_node-1] [WARN] [1783472691.481660422] [lidar_localization]: The fitness score is over 6.000000.
[lidar_localization_node-1] [WARN] [1783472691.531807456] [lidar_localization]: The fitness score is over 6.000000.
[lidar_localization_node-1] [WARN] [1783472691.551384628] [lidar_localization]: The fitness score is over 6.000000.
[lidar_localization_node-1] [WARN] [1783472691.605798268] [lidar_localization]: The fitness score is over 6.000000.
[lidar_localization_node-1] [WARN] [1783472691.641774498] [lidar_localization]: The fitness score is over 6.000000.
[lidar_localization_node-1] [WARN] [1783472691.717012347] [lidar_localization]: The fitness score is over 6.000000.
[lidar_localization_node-1] [WARN] [1783472691.738654740] [lidar_localization]: The fitness score is over 6.000000.
[lidar_localization_node-1] [WARN] [1783472691.789438463] [lidar_localization]: The fitness score is over 6.000000.
[lidar_localization_node-1] [WARN] [1783472691.829367503] [lidar_localization]: The fitness score is over 6.000000.
[lidar_localization_node-1] [WARN] [1783472691.855392105] [lidar_localization]: The fitness score is over 6.000000.
[lidar_localization_node-1] [WARN] [1783472691.917480347] [lidar_localization]: The fitness score is over 6.000000.
[lidar_localization_node-1] [WARN] [1783472691.945599319] [lidar_localization]: The fitness score is over 6.000000.
[lidar_localization_node-1] [WARN] [1783472691.981371228] [lidar_localization]: The fitness score is over 6.000000.
[lidar_localization_node-1] [WARN] [1783472692.039819230] [lidar_localization]: The fitness score is over 6.000000.
[lidar_localization_node-1] [WARN] [1783472692.095733352] [lidar_localization]: The fitness score is over 6.000000.
[lidar_localization_node-1] [WARN] [1783472692.154920360] [lidar_localization]: The fitness score is over 6.000000.
[lidar_localization_node-1] [WARN] [1783472692.156923468] [lidar_localization]: The fitness score is over 6.000000.
[lidar_localization_node-1] [WARN] [1783472692.223827118] [lidar_localization]: The fitness score is over 6.000000.
[lidar_localization_node-1] [WARN] [1783472692.300270180] [lidar_localization]: The fitness score is over 6.000000.
[lidar_localization_node-1] [WARN] [1783472692.323533512] [lidar_localization]: The fitness score is over 6.000000.
[lidar_localization_node-1] [WARN] [1783472692.387122269] [lidar_localization]: The fitness score is over 6.000000.
[lidar_localization_node-1] [WARN] [1783472692.480349647] [lidar_localization]: The fitness score is over 6.000000.
[lidar_localization_node-1] [WARN] [1783472692.543686187] [lidar_localization]: The fitness score is over 6.000000.
[lidar_localization_node-1] [WARN] [1783472692.576882695] [lidar_localization]: The fitness score is over 6.000000.
[lidar_localization_node-1] [WARN] [1783472692.596754524] [lidar_localization]: The fitness score is over 6.000000.
[lidar_localization_node-1] [WARN] [1783472692.650223516] [lidar_localization]: The fitness score is over 6.000000.
[lidar_localization_node-1] [WARN] [1783472692.700853885] [lidar_localization]: The fitness score is over 6.000000.
[lidar_localization_node-1] [WARN] [1783472692.747566808] [lidar_localization]: The fitness score is over 6.000000.
[lidar_localization_node-1] [WARN] [1783472692.795015907] [lidar_localization]: The fitness score is over 6.000000.
[lidar_localization_node-1] [WARN] [1783472692.795221260] [lidar_localization]: The fitness score is over 6.000000.
[lidar_localization_node-1] [WARN] [1783472692.839832070] [lidar_localization]: The fitness score is over 6.000000.
[lidar_localization_node-1] [WARN] [1783472692.887773232] [lidar_localization]: The fitness score is over 6.000000.
[lidar_localization_node-1] [WARN] [1783472692.928730657] [lidar_localization]: The fitness score is over 6.000000.
[lidar_localization_node-1] [WARN] [1783472692.979608657] [lidar_localization]: The fitness score is over 6.000000.
[lidar_localization_node-1] [WARN] [1783472693.015415134] [lidar_localization]: The fitness score is over 6.000000.
[lidar_localization_node-1] [WARN] [1783472693.032424960] [lidar_localization]: The fitness score is over 6.000000.
[lidar_localization_node-1] [WARN] [1783472693.080760931] [lidar_localization]: The fitness score is over 6.000000.
[lidar_localization_node-1] [WARN] [1783472693.114686528] [lidar_localization]: The fitness score is over 6.000000.
[lidar_localization_node-1] [WARN] [1783472693.163287181] [lidar_localization]: The fitness score is over 6.000000.
[lidar_localization_node-1] [WARN] [1783472693.196228416] [lidar_localization]: The fitness score is over 6.000000.
[lidar_localization_node-1] [WARN] [1783472693.266405803] [lidar_localization]: The fitness score is over 6.000000.
[lidar_localization_node-1] [WARN] [1783472693.298956695] [lidar_localization]: The fitness score is over 6.000000.
[lidar_localization_node-1] [WARN] [1783472693.307736140] [lidar_localization]: The fitness score is over 6.000000.
[lidar_localization_node-1] [WARN] [1783472693.371719032] [lidar_localization]: The fitness score is over 6.000000.
[lidar_localization_node-1] [WARN] [1783472693.464891710] [lidar_localization]: The fitness score is over 6.000000.
[lidar_localization_node-1] [WARN] [1783472693.534976785] [lidar_localization]: The fitness score is over 6.000000.
[lidar_localization_node-1] [WARN] [1783472693.570552976] [lidar_localization]: The fitness score is over 6.000000.
[lidar_localization_node-1] [WARN] [1783472693.675386284] [lidar_localization]: The fitness score is over 6.000000.
[lidar_localization_node-1] [WARN] [1783472693.705142156] [lidar_localization]: The fitness score is over 6.000000.
[lidar_localization_node-1] [WARN] [1783472693.802446931] [lidar_localization]: The fitness score is over 6.000000.
[lidar_localization_node-1] [WARN] [1783472693.897431809] [lidar_localization]: The fitness score is over 6.000000.
[lidar_localization_node-1] [WARN] [1783472693.914795269] [lidar_localization]: The fitness score is over 6.000000.
[lidar_localization_node-1] [WARN] [1783472693.978342404] [lidar_localization]: The fitness score is over 6.000000.
[lidar_localization_node-1] [WARN] [1783472694.002105528] [lidar_localization]: The fitness score is over 6.000000.
[lidar_localization_node-1] [WARN] [1783472694.072319924] [lidar_localization]: The fitness score is over 6.000000.
[lidar_localization_node-1] [WARN] [1783472694.102680325] [lidar_localization]: The fitness score is over 6.000000.
[lidar_localization_node-1] [WARN] [1783472694.165789416] [lidar_localization]: The fitness score is over 6.000000.
[lidar_localization_node-1] [WARN] [1783472694.178638923] [lidar_localization]: The fitness score is over 6.000000.
[lidar_localization_node-1] [WARN] [1783472694.203431853] [lidar_localization]: The fitness score is over 6.000000.
[lidar_localization_node-1] [WARN] [1783472694.268932889] [lidar_localization]: The fitness score is over 6.000000.
[lidar_localization_node-1] [WARN] [1783472694.300463939] [lidar_localization]: The fitness score is over 6.000000.
[lidar_localization_node-1] [WARN] [1783472694.323864090] [lidar_localization]: The fitness score is over 6.000000.
[lidar_localization_node-1] [WARN] [1783472694.373250154] [lidar_localization]: The fitness score is over 6.000000.
[lidar_localization_node-1] [WARN] [1783472694.402273325] [lidar_localization]: The fitness score is over 6.000000.
[lidar_localization_node-1] [WARN] [1783472694.423271836] [lidar_localization]: The fitness score is over 6.000000.
[lidar_localization_node-1] [WARN] [1783472694.478548477] [lidar_localization]: The fitness score is over 6.000000.
[lidar_localization_node-1] [WARN] [1783472694.500186596] [lidar_localization]: The fitness score is over 6.000000.
[lidar_localization_node-1] [WARN] [1783472694.506015487] [lidar_localization]: The fitness score is over 6.000000.
[lidar_localization_node-1] [WARN] [1783472694.573106301] [lidar_localization]: The fitness score is over 6.000000.
[lidar_localization_node-1] [WARN] [1783472694.601024011] [lidar_localization]: The fitness score is over 6.000000.
[lidar_localization_node-1] [WARN] [1783472694.621809390] [lidar_localization]: The fitness score is over 6.000000.
[lidar_localization_node-1] [WARN] [1783472694.677315466] [lidar_localization]: The fitness score is over 6.000000.
[lidar_localization_node-1] [WARN] [1783472694.715199369] [lidar_localization]: The fitness score is over 6.000000.
[lidar_localization_node-1] [WARN] [1783472694.734857497] [lidar_localization]: The fitness score is over 6.000000.
[lidar_localization_node-1] [WARN] [1783472694.771539375] [lidar_localization]: The fitness score is over 6.000000.
[lidar_localization_node-1] [WARN] [1783472694.778556305] [lidar_localization]: The fitness score is over 6.000000.
[lidar_localization_node-1] [WARN] [1783472694.806996467] [lidar_localization]: The fitness score is over 6.000000.
[lidar_localization_node-1] [WARN] [1783472694.826456793] [lidar_localization]: The fitness score is over 6.000000.
[lidar_localization_node-1] [WARN] [1783472694.881682493] [lidar_localization]: The fitness score is over 6.000000.
[lidar_localization_node-1] [WARN] [1783472694.908130182] [lidar_localization]: The fitness score is over 6.000000.
[lidar_localization_node-1] [WARN] [1783472694.926045885] [lidar_localization]: The fitness score is over 6.000000.
[lidar_localization_node-1] [WARN] [1783472694.979428018] [lidar_localization]: The fitness score is over 6.000000.
[lidar_localization_node-1] [WARN] [1783472695.010105782] [lidar_localization]: The fitness score is over 6.000000.
[lidar_localization_node-1] [WARN] [1783472695.033978816] [lidar_localization]: The fitness score is over 6.000000.
[lidar_localization_node-1] [WARN] [1783472695.080456769] [lidar_localization]: The fitness score is over 6.000000.
[lidar_localization_node-1] [WARN] [1783472695.103632893] [lidar_localization]: The fitness score is over 6.000000.
[lidar_localization_node-1] [WARN] [1783472695.120257469] [lidar_localization]: The fitness score is over 6.000000.
[lidar_localization_node-1] [WARN] [1783472695.122510276] [lidar_localization]: The fitness score is over 6.000000.
[lidar_localization_node-1] [WARN] [1783472695.179906203] [lidar_localization]: The fitness score is over 6.000000.
[lidar_localization_node-1] [WARN] [1783472695.203600640] [lidar_localization]: The fitness score is over 6.000000.
[lidar_localization_node-1] [WARN] [1783472695.220845746] [lidar_localization]: The fitness score is over 6.000000.
[lidar_localization_node-1] [WARN] [1783472695.286156014] [lidar_localization]: The fitness score is over 6.000000.
[lidar_localization_node-1] [WARN] [1783472695.309757950] [lidar_localization]: The fitness score is over 6.000000.
[lidar_localization_node-1] [WARN] [1783472695.326651212] [lidar_localization]: The fitness score is over 6.000000.
[lidar_localization_node-1] [WARN] [1783472695.382860173] [lidar_localization]: The fitness score is over 6.000000.
[lidar_localization_node-1] [WARN] [1783472695.386666761] [lidar_localization]: The fitness score is over 6.000000.
[lidar_localization_node-1] [WARN] [1783472695.410497294] [lidar_localization]: The fitness score is over 6.000000.
[lidar_localization_node-1] [WARN] [1783472695.426458908] [lidar_localization]: The fitness score is over 6.000000.
[lidar_localization_node-1] [WARN] [1783472695.483261393] [lidar_localization]: The fitness score is over 6.000000.
[lidar_localization_node-1] [WARN] [1783472695.505516949] [lidar_localization]: The fitness score is over 6.000000.
[lidar_localization_node-1] [WARN] [1783472695.579600244] [lidar_localization]: The fitness score is over 6.000000.
[lidar_localization_node-1] [WARN] [1783472695.605905431] [lidar_localization]: The fitness score is over 6.000000.
[lidar_localization_node-1] [WARN] [1783472695.689293107] [lidar_localization]: The fitness score is over 6.000000.
[lidar_localization_node-1] [WARN] [1783472695.709428761] [lidar_localization]: The fitness score is over 6.000000.
[lidar_localization_node-1] [WARN] [1783472695.724840374] [lidar_localization]: The fitness score is over 6.000000.
[lidar_localization_node-1] [WARN] [1783472695.781079865] [lidar_localization]: The fitness score is over 6.000000.
[lidar_localization_node-1] [WARN] [1783472695.806127981] [lidar_localization]: The fitness score is over 6.000000.
[lidar_localization_node-1] [WARN] [1783472695.886006233] [lidar_localization]: The fitness score is over 6.000000.
[lidar_localization_node-1] [WARN] [1783472695.904789185] [lidar_localization]: The fitness score is over 6.000000.
[lidar_localization_node-1] [WARN] [1783472695.992928078] [lidar_localization]: The fitness score is over 6.000000.
[lidar_localization_node-1] [WARN] [1783472696.013620122] [lidar_localization]: The fitness score is over 6.000000.
[lidar_localization_node-1] [WARN] [1783472696.079020530] [lidar_localization]: The fitness score is over 6.000000.
[lidar_localization_node-1] [WARN] [1783472696.084649325] [lidar_localization]: The fitness score is over 6.000000.
[lidar_localization_node-1] [WARN] [1783472696.107510436] [lidar_localization]: The fitness score is over 6.000000.
[lidar_localization_node-1] [WARN] [1783472696.120275244] [lidar_localization]: The fitness score is over 6.000000.
[lidar_localization_node-1] [WARN] [1783472696.188563484] [lidar_localization]: The fitness score is over 6.000000.
[lidar_localization_node-1] [WARN] [1783472696.214931147] [lidar_localization]: The fitness score is over 6.000000.
[lidar_localization_node-1] [WARN] [1783472696.227294763] [lidar_localization]: The fitness score is over 6.000000.
[lidar_localization_node-1] [WARN] [1783472696.292647115] [lidar_localization]: The fitness score is over 6.000000.
[lidar_localization_node-1] [WARN] [1783472696.310834498] [lidar_localization]: The fitness score is over 6.000000.
[lidar_localization_node-1] [WARN] [1783472696.323081456] [lidar_localization]: The fitness score is over 6.000000.
[lidar_localization_node-1] [WARN] [1783472696.402951347] [lidar_localization]: The fitness score is over 6.000000.
[lidar_localization_node-1] [WARN] [1783472696.421593302] [lidar_localization]: The fitness score is over 6.000000.
[lidar_localization_node-1] [WARN] [1783472696.432948871] [lidar_localization]: The fitness score is over 6.000000.
[lidar_localization_node-1] [WARN] [1783472696.491039628] [lidar_localization]: The fitness score is over 6.000000.
[lidar_localization_node-1] [WARN] [1783472696.510255795] [lidar_localization]: The fitness score is over 6.000000.
[lidar_localization_node-1] [WARN] [1783472696.515845572] [lidar_localization]: The fitness score is over 6.000000.
[lidar_localization_node-1] [WARN] [1783472696.527174244] [lidar_localization]: The fitness score is over 6.000000.
[lidar_localization_node-1] [WARN] [1783472696.605091956] [lidar_localization]: The fitness score is over 6.000000.
[lidar_localization_node-1] [WARN] [1783472696.622057954] [lidar_localization]: The fitness score is over 6.000000.
[lidar_localization_node-1] [WARN] [1783472696.633686492] [lidar_localization]: The fitness score is over 6.000000.
[lidar_localization_node-1] [WARN] [1783472696.698133092] [lidar_localization]: The fitness score is over 6.000000.
[lidar_localization_node-1] [WARN] [1783472696.717967889] [lidar_localization]: The fitness score is over 6.000000.
[lidar_localization_node-1] [WARN] [1783472696.729867878] [lidar_localization]: The fitness score is over 6.000000.
[lidar_localization_node-1] [WARN] [1783472696.766177434] [lidar_localization]: The fitness score is over 6.000000.
[lidar_localization_node-1] [WARN] [1783472696.798622983] [lidar_localization]: The fitness score is over 6.000000.
[lidar_localization_node-1] [WARN] [1783472696.819860321] [lidar_localization]: The fitness score is over 6.000000.
[lidar_localization_node-1] [WARN] [1783472696.831387165] [lidar_localization]: The fitness score is over 6.000000.
[lidar_localization_node-1] [WARN] [1783472696.898344385] [lidar_localization]: The fitness score is over 6.000000.
[lidar_localization_node-1] [WARN] [1783472696.917230802] [lidar_localization]: The fitness score is over 6.000000.
[lidar_localization_node-1] [WARN] [1783472696.929646558] [lidar_localization]: The fitness score is over 6.000000.
[lidar_localization_node-1] [WARN] [1783472697.011024304] [lidar_localization]: The fitness score is over 6.000000.
[lidar_localization_node-1] [WARN] [1783472697.026057572] [lidar_localization]: The fitness score is over 6.000000.
[lidar_localization_node-1] [WARN] [1783472697.031058811] [lidar_localization]: The fitness score is over 6.000000.
[lidar_localization_node-1] [WARN] [1783472697.047428414] [lidar_localization]: The fitness score is over 6.000000.
[lidar_localization_node-1] [WARN] [1783472697.102039839] [lidar_localization]: The fitness score is over 6.000000.
[lidar_localization_node-1] [WARN] [1783472697.127555632] [lidar_localization]: The fitness score is over 6.000000.
[lidar_localization_node-1] [WARN] [1783472697.229252540] [lidar_localization]: The fitness score is over 6.000000.
[lidar_localization_node-1] [WARN] [1783472697.269104573] [lidar_localization]: The fitness score is over 6.000000.
[lidar_localization_node-1] [WARN] [1783472697.334050989] [lidar_localization]: The fitness score is over 6.000000.
[lidar_localization_node-1] [WARN] [1783472697.414475706] [lidar_localization]: The fitness score is over 6.000000.
[lidar_localization_node-1] [WARN] [1783472697.431845828] [lidar_localization]: The fitness score is over 6.000000.
[lidar_localization_node-1] [WARN] [1783472697.444158331] [lidar_localization]: The fitness score is over 6.000000.
[lidar_localization_node-1] [WARN] [1783472697.503673988] [lidar_localization]: The fitness score is over 6.000000.
[lidar_localization_node-1] [WARN] [1783472697.509227706] [lidar_localization]: The fitness score is over 6.000000.
[lidar_localization_node-1] [WARN] [1783472697.528496140] [lidar_localization]: The fitness score is over 6.000000.
[lidar_localization_node-1] [WARN] [1783472697.541633379] [lidar_localization]: The fitness score is over 6.000000.
[lidar_localization_node-1] [WARN] [1783472697.605154204] [lidar_localization]: The fitness score is over 6.000000.
[lidar_localization_node-1] [WARN] [1783472697.631097018] [lidar_localization]: The fitness score is over 6.000000.
[lidar_localization_node-1] [WARN] [1783472697.648353395] [lidar_localization]: The fitness score is over 6.000000.
[lidar_localization_node-1] [WARN] [1783472697.706600476] [lidar_localization]: The fitness score is over 6.000000.
[lidar_localization_node-1] [WARN] [1783472697.734455671] [lidar_localization]: The fitness score is over 6.000000.
[lidar_localization_node-1] [WARN] [1783472697.747626799] [lidar_localization]: The fitness score is over 6.000000.
[lidar_localization_node-1] [WARN] [1783472697.807375844] [lidar_localization]: The fitness score is over 6.000000.
[lidar_localization_node-1] [WARN] [1783472697.833285891] [lidar_localization]: The fitness score is over 6.000000.
[lidar_localization_node-1] [WARN] [1783472697.838771666] [lidar_localization]: The fitness score is over 6.000000.
[lidar_localization_node-1] [WARN] [1783472697.923741162] [lidar_localization]: The fitness score is over 6.000000.
[lidar_localization_node-1] [WARN] [1783472697.944805363] [lidar_localization]: The fitness score is over 6.000000.
[lidar_localization_node-1] [WARN] [1783472698.011012754] [lidar_localization]: The fitness score is over 6.000000.
[lidar_localization_node-1] [WARN] [1783472698.046556888] [lidar_localization]: The fitness score is over 6.000000.
[lidar_localization_node-1] [WARN] [1783472698.121020835] [lidar_localization]: The fitness score is over 6.000000.
[lidar_localization_node-1] [WARN] [1783472698.140084052] [lidar_localization]: The fitness score is over 6.000000.
[lidar_localization_node-1] [WARN] [1783472698.225093611] [lidar_localization]: The fitness score is over 6.000000.
[lidar_localization_node-1] [WARN] [1783472698.251648415] [lidar_localization]: The fitness score is over 6.000000.
[lidar_localization_node-1] [WARN] [1783472698.302980044] [lidar_localization]: The fitness score is over 6.000000.
[lidar_localization_node-1] [WARN] [1783472698.348106260] [lidar_localization]: The fitness score is over 6.000000.
[lidar_localization_node-1] [WARN] [1783472698.459152566] [lidar_localization]: The fitness score is over 6.000000.
[lidar_localization_node-1] [WARN] [1783472698.523233703] [lidar_localization]: The fitness score is over 6.000000.
[lidar_localization_node-1] [WARN] [1783472698.555732786] [lidar_localization]: The fitness score is over 6.000000.
[lidar_localization_node-1] [WARN] [1783472698.648506486] [lidar_localization]: The fitness score is over 6.000000.
[lidar_localization_node-1] [WARN] [1783472698.758681565] [lidar_localization]: The fitness score is over 6.000000.
[lidar_localization_node-1] [WARN] [1783472698.823357632] [lidar_localization]: The fitness score is over 6.000000.
[lidar_localization_node-1] [WARN] [1783472698.856538934] [lidar_localization]: The fitness score is over 6.000000.
[lidar_localization_node-1] [WARN] [1783472698.856548488] [lidar_localization]: The fitness score is over 6.000000.
[lidar_localization_node-1] [WARN] [1783472698.873824062] [lidar_localization]: The fitness score is over 6.000000.
[lidar_localization_node-1] [WARN] [1783472698.941122834] [lidar_localization]: The fitness score is over 6.000000.
[lidar_localization_node-1] [WARN] [1783472698.970232450] [lidar_localization]: The fitness score is over 6.000000.
[lidar_localization_node-1] [WARN] [1783472699.045761383] [lidar_localization]: The fitness score is over 6.000000.
[lidar_localization_node-1] [WARN] [1783472699.067464292] [lidar_localization]: The fitness score is over 6.000000.
[lidar_localization_node-1] [WARN] [1783472699.068765333] [lidar_localization]: The fitness score is over 6.000000.
[lidar_localization_node-1] [WARN] [1783472699.132058203] [lidar_localization]: The fitness score is over 6.000000.
[lidar_localization_node-1] [WARN] [1783472699.170261774] [lidar_localization]: The fitness score is over 6.000000.
[lidar_localization_node-1] [WARN] [1783472699.188784302] [lidar_localization]: The fitness score is over 6.000000.
[lidar_localization_node-1] [WARN] [1783472699.238563877] [lidar_localization]: The fitness score is over 6.000000.
[lidar_localization_node-1] [WARN] [1783472699.264124777] [lidar_localization]: The fitness score is over 6.000000.
[lidar_localization_node-1] [WARN] [1783472699.266915395] [lidar_localization]: The fitness score is over 6.000000.
[lidar_localization_node-1] [WARN] [1783472699.336904368] [lidar_localization]: The fitness score is over 6.000000.
[lidar_localization_node-1] [WARN] [1783472699.374611575] [lidar_localization]: The fitness score is over 6.000000.
[lidar_localization_node-1] [WARN] [1783472699.394363691] [lidar_localization]: The fitness score is over 6.000000.
[lidar_localization_node-1] [WARN] [1783472699.454499676] [lidar_localization]: The fitness score is over 6.000000.
[lidar_localization_node-1] [WARN] [1783472699.489010631] [lidar_localization]: The fitness score is over 6.000000.
[lidar_localization_node-1] [WARN] [1783472699.546784814] [lidar_localization]: The fitness score is over 6.000000.
[lidar_localization_node-1] [WARN] [1783472699.559205418] [lidar_localization]: The fitness score is over 6.000000.
[lidar_localization_node-1] [WARN] [1783472699.586994906] [lidar_localization]: The fitness score is over 6.000000.
[lidar_localization_node-1] [WARN] [1783472699.639749304] [lidar_localization]: The fitness score is over 6.000000.
[lidar_localization_node-1] [WARN] [1783472699.686581795] [lidar_localization]: The fitness score is over 6.000000.
[lidar_localization_node-1] [WARN] [1783472699.707614555] [lidar_localization]: The fitness score is over 6.000000.
[lidar_localization_node-1] [WARN] [1783472699.809701318] [lidar_localization]: The fitness score is over 6.000000.
[lidar_localization_node-1] [WARN] [1783472699.972435192] [lidar_localization]: The fitness score is over 6.000000.
[lidar_localization_node-1] [WARN] [1783472699.974533098] [lidar_localization]: The fitness score is over 6.000000.
[lidar_localization_node-1] [WARN] [1783472699.996000911] [lidar_localization]: The fitness score is over 6.000000.
[lidar_localization_node-1] [WARN] [1783472700.047921772] [lidar_localization]: The fitness score is over 6.000000.
[lidar_localization_node-1] [WARN] [1783472700.095030920] [lidar_localization]: The fitness score is over 6.000000.
[lidar_localization_node-1] [WARN] [1783472700.119186922] [lidar_localization]: The fitness score is over 6.000000.
[lidar_localization_node-1] [WARN] [1783472700.145861112] [lidar_localization]: The fitness score is over 6.000000.
[lidar_localization_node-1] [WARN] [1783472700.152288090] [lidar_localization]: The fitness score is over 6.000000.
[lidar_localization_node-1] [WARN] [1783472700.181379200] [lidar_localization]: The fitness score is over 6.000000.
[lidar_localization_node-1] [WARN] [1783472700.257766745] [lidar_localization]: The fitness score is over 6.000000.
[lidar_localization_node-1] [WARN] [1783472700.284801335] [lidar_localization]: The fitness score is over 6.000000.
[lidar_localization_node-1] [WARN] [1783472700.393894986] [lidar_localization]: The fitness score is over 6.000000.
[lidar_localization_node-1] [WARN] [1783472700.404128642] [lidar_localization]: The fitness score is over 6.000000.
[lidar_localization_node-1] [WARN] [1783472700.488334768] [lidar_localization]: The fitness score is over 6.000000.
[lidar_localization_node-1] [WARN] [1783472700.540675790] [lidar_localization]: The fitness score is over 6.000000.
[lidar_localization_node-1] [WARN] [1783472700.578459033] [lidar_localization]: The fitness score is over 6.000000.
[lidar_localization_node-1] [WARN] [1783472700.604162688] [lidar_localization]: The fitness score is over 6.000000.
[lidar_localization_node-1] [WARN] [1783472700.667119256] [lidar_localization]: The fitness score is over 6.000000.
[lidar_localization_node-1] [WARN] [1783472700.679410732] [lidar_localization]: The fitness score is over 6.000000.
[lidar_localization_node-1] [WARN] [1783472700.706247476] [lidar_localization]: The fitness score is over 6.000000.
[lidar_localization_node-1] [WARN] [1783472700.783139127] [lidar_localization]: The fitness score is over 6.000000.
[lidar_localization_node-1] [WARN] [1783472700.810999546] [lidar_localization]: The fitness score is over 6.000000.
[lidar_localization_node-1] [WARN] [1783472700.828156331] [lidar_localization]: The fitness score is over 6.000000.
[lidar_localization_node-1] [WARN] [1783472700.899343910] [lidar_localization]: The fitness score is over 6.000000.
[lidar_localization_node-1] [WARN] [1783472700.943073843] [lidar_localization]: The fitness score is over 6.000000.
[lidar_localization_node-1] [WARN] [1783472700.997355401] [lidar_localization]: The fitness score is over 6.000000.
[lidar_localization_node-1] [WARN] [1783472701.040481014] [lidar_localization]: The fitness score is over 6.000000.
[lidar_localization_node-1] [WARN] [1783472701.071473333] [lidar_localization]: The fitness score is over 6.000000.
[lidar_localization_node-1] [WARN] [1783472701.128758123] [lidar_localization]: The fitness score is over 6.000000.
[lidar_localization_node-1] [WARN] [1783472701.158937603] [lidar_localization]: The fitness score is over 6.000000.
[lidar_localization_node-1] [WARN] [1783472701.215959973] [lidar_localization]: The fitness score is over 6.000000.
[lidar_localization_node-1] [WARN] [1783472701.247343454] [lidar_localization]: The fitness score is over 6.000000.
[lidar_localization_node-1] [WARN] [1783472701.306901116] [lidar_localization]: The fitness score is over 6.000000.
[lidar_localization_node-1] [WARN] [1783472701.332252966] [lidar_localization]: The fitness score is over 6.000000.
[lidar_localization_node-1] [WARN] [1783472701.341214124] [lidar_localization]: The fitness score is over 6.000000.
[lidar_localization_node-1] [WARN] [1783472701.395452950] [lidar_localization]: The fitness score is over 6.000000.
[lidar_localization_node-1] [WARN] [1783472701.424635216] [lidar_localization]: The fitness score is over 6.000000.
[lidar_localization_node-1] [WARN] [1783472701.429964639] [lidar_localization]: The fitness score is over 6.000000.
[lidar_localization_node-1] [WARN] [1783472701.476343320] [lidar_localization]: The fitness score is over 6.000000.
[lidar_localization_node-1] [WARN] [1783472701.502624490] [lidar_localization]: The fitness score is over 6.000000.
[lidar_localization_node-1] [WARN] [1783472701.531724786] [lidar_localization]: The fitness score is over 6.000000.
[lidar_localization_node-1] [WARN] [1783472701.560397769] [lidar_localization]: The fitness score is over 6.000000.
[lidar_localization_node-1] [WARN] [1783472701.570553363] [lidar_localization]: The fitness score is over 6.000000.
[lidar_localization_node-1] [WARN] [1783472701.615052951] [lidar_localization]: The fitness score is over 6.000000.
[lidar_localization_node-1] [WARN] [1783472701.642838777] [lidar_localization]: The fitness score is over 6.000000.
[lidar_localization_node-1] [WARN] [1783472701.693335695] [lidar_localization]: The fitness score is over 6.000000.
[lidar_localization_node-1] [WARN] [1783472701.722988677] [lidar_localization]: The fitness score is over 6.000000.
[lidar_localization_node-1] [WARN] [1783472701.790711785] [lidar_localization]: The fitness score is over 6.000000.
[lidar_localization_node-1] [WARN] [1783472701.799707862] [lidar_localization]: The fitness score is over 6.000000.
[lidar_localization_node-1] [WARN] [1783472701.833358454] [lidar_localization]: The fitness score is over 6.000000.
[lidar_localization_node-1] [WARN] [1783472701.860167469] [lidar_localization]: The fitness score is over 6.000000.
[lidar_localization_node-1] [WARN] [1783472701.882892996] [lidar_localization]: The fitness score is over 6.000000.
[lidar_localization_node-1] [WARN] [1783472701.908327145] [lidar_localization]: The fitness score is over 6.000000.
[lidar_localization_node-1] [WARN] [1783472701.995170744] [lidar_localization]: The fitness score is over 6.000000.
[lidar_localization_node-1] [WARN] [1783472702.021883355] [lidar_localization]: The fitness score is over 6.000000.
[lidar_localization_node-1] [WARN] [1783472702.042300872] [lidar_localization]: The fitness score is over 6.000000.
[lidar_localization_node-1] [WARN] [1783472702.085403019] [lidar_localization]: The fitness score is over 6.000000.
[lidar_localization_node-1] [WARN] [1783472702.096800215] [lidar_localization]: The fitness score is over 6.000000.
[lidar_localization_node-1] [WARN] [1783472702.131273339] [lidar_localization]: The fitness score is over 6.000000.
[lidar_localization_node-1] [WARN] [1783472702.151725292] [lidar_localization]: The fitness score is over 6.000000.
[lidar_localization_node-1] [WARN] [1783472702.173649002] [lidar_localization]: The fitness score is over 6.000000.
[lidar_localization_node-1] [WARN] [1783472702.222651508] [lidar_localization]: The fitness score is over 6.000000.
[lidar_localization_node-1] [WARN] [1783472702.251637776] [lidar_localization]: The fitness score is over 6.000000.
[lidar_localization_node-1] [WARN] [1783472702.301456832] [lidar_localization]: The fitness score is over 6.000000.
[lidar_localization_node-1] [WARN] [1783472702.326887835] [lidar_localization]: The fitness score is over 6.000000.
[lidar_localization_node-1] [WARN] [1783472702.331732292] [lidar_localization]: The fitness score is over 6.000000.
[lidar_localization_node-1] [WARN] [1783472702.368441282] [lidar_localization]: The fitness score is over 6.000000.
[lidar_localization_node-1] [WARN] [1783472702.415409966] [lidar_localization]: The fitness score is over 6.000000.
[lidar_localization_node-1] [WARN] [1783472702.514220875] [lidar_localization]: The fitness score is over 6.000000.
[lidar_localization_node-1] [WARN] [1783472702.526911426] [lidar_localization]: The fitness score is over 6.000000.
[lidar_localization_node-1] [WARN] [1783472702.548668708] [lidar_localization]: The fitness score is over 6.000000.
[lidar_localization_node-1] [WARN] [1783472702.590681761] [lidar_localization]: The fitness score is over 6.000000.
[lidar_localization_node-1] [WARN] [1783472702.595121864] [lidar_localization]: The fitness score is over 6.000000.
[lidar_localization_node-1] [WARN] [1783472702.618667341] [lidar_localization]: The fitness score is over 6.000000.
[lidar_localization_node-1] [WARN] [1783472702.625356047] [lidar_localization]: The fitness score is over 6.000000.
[lidar_localization_node-1] [WARN] [1783472702.697875088] [lidar_localization]: The fitness score is over 6.000000.
[lidar_localization_node-1] [WARN] [1783472702.704778431] [lidar_localization]: The fitness score is over 6.000000.
[lidar_localization_node-1] [WARN] [1783472702.729028556] [lidar_localization]: The fitness score is over 6.000000.
[lidar_localization_node-1] [WARN] [1783472702.786889800] [lidar_localization]: The fitness score is over 6.000000.
[lidar_localization_node-1] [WARN] [1783472702.804226684] [lidar_localization]: The fitness score is over 6.000000.
[lidar_localization_node-1] [WARN] [1783472702.839972463] [lidar_localization]: The fitness score is over 6.000000.
[lidar_localization_node-1] [WARN] [1783472702.865759071] [lidar_localization]: The fitness score is over 6.000000.
[lidar_localization_node-1] [WARN] [1783472702.909702930] [lidar_localization]: The fitness score is over 6.000000.
[lidar_localization_node-1] [WARN] [1783472702.927647889] [lidar_localization]: The fitness score is over 6.000000.
[lidar_localization_node-1] [WARN] [1783472702.936932854] [lidar_localization]: The fitness score is over 6.000000.
[lidar_localization_node-1] [WARN] [1783472702.951122982] [lidar_localization]: The fitness score is over 6.000000.
[lidar_localization_node-1] [WARN] [1783472702.993556081] [lidar_localization]: The fitness score is over 6.000000.
[lidar_localization_node-1] [WARN] [1783472703.003389375] [lidar_localization]: The fitness score is over 6.000000.
[lidar_localization_node-1] [WARN] [1783472703.027252207] [lidar_localization]: The fitness score is over 6.000000.
[lidar_localization_node-1] [WARN] [1783472703.083225429] [lidar_localization]: The fitness score is over 6.000000.
[lidar_localization_node-1] [WARN] [1783472703.098861090] [lidar_localization]: The fitness score is over 6.000000.
[lidar_localization_node-1] [WARN] [1783472703.123696289] [lidar_localization]: The fitness score is over 6.000000.
[lidar_localization_node-1] [WARN] [1783472703.148009030] [lidar_localization]: The fitness score is over 6.000000.
[lidar_localization_node-1] [WARN] [1783472703.150857363] [lidar_localization]: The fitness score is over 6.000000.
[lidar_localization_node-1] [WARN] [1783472703.186556517] [lidar_localization]: The fitness score is over 6.000000.
[lidar_localization_node-1] [WARN] [1783472703.193926915] [lidar_localization]: The fitness score is over 6.000000.
[lidar_localization_node-1] [WARN] [1783472703.221142662] [lidar_localization]: The fitness score is over 6.000000.
[lidar_localization_node-1] [WARN] [1783472703.234009219] [lidar_localization]: The fitness score is over 6.000000.
[lidar_localization_node-1] [WARN] [1783472703.261575522] [lidar_localization]: The fitness score is over 6.000000.
[lidar_localization_node-1] [WARN] [1783472703.298524362] [lidar_localization]: The fitness score is over 6.000000.
[lidar_localization_node-1] [WARN] [1783472703.300307022] [lidar_localization]: The fitness score is over 6.000000.
[lidar_localization_node-1] [WARN] [1783472703.349153459] [lidar_localization]: The fitness score is over 6.000000.
[lidar_localization_node-1] [WARN] [1783472703.379090339] [lidar_localization]: The fitness score is over 6.000000.
[lidar_localization_node-1] [WARN] [1783472703.385297574] [lidar_localization]: The fitness score is over 6.000000.
[lidar_localization_node-1] [WARN] [1783472703.410302717] [lidar_localization]: The fitness score is over 6.000000.
[lidar_localization_node-1] [WARN] [1783472703.412131766] [lidar_localization]: The fitness score is over 6.000000.
[lidar_localization_node-1] [WARN] [1783472703.433613549] [lidar_localization]: The fitness score is over 6.000000.
[lidar_localization_node-1] [WARN] [1783472703.503594256] [lidar_localization]: The fitness score is over 6.000000.
[lidar_localization_node-1] [WARN] [1783472703.531509147] [lidar_localization]: The fitness score is over 6.000000.
[lidar_localization_node-1] [WARN] [1783472703.575439548] [lidar_localization]: The fitness score is over 6.000000.
[lidar_localization_node-1] [WARN] [1783472703.610160104] [lidar_localization]: The fitness score is over 6.000000.
[lidar_localization_node-1] [WARN] [1783472703.622443432] [lidar_localization]: The fitness score is over 6.000000.
[lidar_localization_node-1] [WARN] [1783472703.640598423] [lidar_localization]: The fitness score is over 6.000000.
[lidar_localization_node-1] [WARN] [1783472703.647925041] [lidar_localization]: The fitness score is over 6.000000.
[lidar_localization_node-1] [WARN] [1783472703.739472733] [lidar_localization]: The fitness score is over 6.000000.
[lidar_localization_node-1] [WARN] [1783472703.766673629] [lidar_localization]: The fitness score is over 6.000000.
[lidar_localization_node-1] [WARN] [1783472703.819753365] [lidar_localization]: The fitness score is over 6.000000.
[lidar_localization_node-1] [WARN] [1783472703.828705829] [lidar_localization]: The fitness score is over 6.000000.
[lidar_localization_node-1] [WARN] [1783472703.854224289] [lidar_localization]: The fitness score is over 6.000000.
[lidar_localization_node-1] [WARN] [1783472703.860415884] [lidar_localization]: The fitness score is over 6.000000.
[lidar_localization_node-1] [WARN] [1783472703.913669457] [lidar_localization]: The fitness score is over 6.000000.
[lidar_localization_node-1] [WARN] [1783472703.924198976] [lidar_localization]: The fitness score is over 6.000000.
[lidar_localization_node-1] [WARN] [1783472703.950917066] [lidar_localization]: The fitness score is over 6.000000.
[lidar_localization_node-1] [WARN] [1783472703.951125536] [lidar_localization]: The fitness score is over 6.000000.
[lidar_localization_node-1] [WARN] [1783472704.029008879] [lidar_localization]: The fitness score is over 6.000000.
[lidar_localization_node-1] [WARN] [1783472704.031455621] [lidar_localization]: The fitness score is over 6.000000.
[lidar_localization_node-1] [WARN] [1783472704.064382586] [lidar_localization]: The fitness score is over 6.000000.
[lidar_localization_node-1] [WARN] [1783472704.071304659] [lidar_localization]: The fitness score is over 6.000000.
[lidar_localization_node-1] [WARN] [1783472704.112866359] [lidar_localization]: The fitness score is over 6.000000.
[lidar_localization_node-1] [WARN] [1783472704.115818559] [lidar_localization]: The fitness score is over 6.000000.
[lidar_localization_node-1] [WARN] [1783472704.159038129] [lidar_localization]: The fitness score is over 6.000000.
[lidar_localization_node-1] [WARN] [1783472704.188802646] [lidar_localization]: The fitness score is over 6.000000.
[lidar_localization_node-1] [WARN] [1783472704.230454520] [lidar_localization]: The fitness score is over 6.000000.
[lidar_localization_node-1] [WARN] [1783472704.251841623] [lidar_localization]: The fitness score is over 6.000000.
[lidar_localization_node-1] [WARN] [1783472704.254696062] [lidar_localization]: The fitness score is over 6.000000.
[lidar_localization_node-1] [WARN] [1783472704.310078753] [lidar_localization]: The fitness score is over 6.000000.
[lidar_localization_node-1] [WARN] [1783472704.318871792] [lidar_localization]: The fitness score is over 6.000000.
[lidar_localization_node-1] [WARN] [1783472704.345165166] [lidar_localization]: The fitness score is over 6.000000.
[lidar_localization_node-1] [WARN] [1783472704.424667266] [lidar_localization]: The fitness score is over 6.000000.
[lidar_localization_node-1] [WARN] [1783472704.447126903] [lidar_localization]: The fitness score is over 6.000000.
[lidar_localization_node-1] [WARN] [1783472704.463253753] [lidar_localization]: The fitness score is over 6.000000.
[lidar_localization_node-1] [WARN] [1783472704.508303105] [lidar_localization]: The fitness score is over 6.000000.
[lidar_localization_node-1] [WARN] [1783472704.519161530] [lidar_localization]: The fitness score is over 6.000000.
[lidar_localization_node-1] [WARN] [1783472704.553285230] [lidar_localization]: The fitness score is over 6.000000.
[lidar_localization_node-1] [WARN] [1783472704.577767964] [lidar_localization]: The fitness score is over 6.000000.
[lidar_localization_node-1] [WARN] [1783472704.618850751] [lidar_localization]: The fitness score is over 6.000000.
[lidar_localization_node-1] [WARN] [1783472704.644889481] [lidar_localization]: The fitness score is over 6.000000.
[lidar_localization_node-1] [WARN] [1783472704.666726821] [lidar_localization]: The fitness score is over 6.000000.
[lidar_localization_node-1] [WARN] [1783472704.685487284] [lidar_localization]: The fitness score is over 6.000000.
[lidar_localization_node-1] [WARN] [1783472704.714881282] [lidar_localization]: The fitness score is over 6.000000.
[lidar_localization_node-1] [WARN] [1783472704.751005038] [lidar_localization]: The fitness score is over 6.000000.
[lidar_localization_node-1] [WARN] [1783472704.759935027] [lidar_localization]: The fitness score is over 6.000000.
[lidar_localization_node-1] [WARN] [1783472704.772180125] [lidar_localization]: The fitness score is over 6.000000.
[lidar_localization_node-1] [WARN] [1783472704.817288091] [lidar_localization]: The fitness score is over 6.000000.
[lidar_localization_node-1] [WARN] [1783472704.834350374] [lidar_localization]: The fitness score is over 6.000000.
[lidar_localization_node-1] [WARN] [1783472704.850423081] [lidar_localization]: The fitness score is over 6.000000.
[lidar_localization_node-1] [WARN] [1783472704.870807486] [lidar_localization]: The fitness score is over 6.000000.
[lidar_localization_node-1] [WARN] [1783472704.918397973] [lidar_localization]: The fitness score is over 6.000000.
[lidar_localization_node-1] [WARN] [1783472704.939086148] [lidar_localization]: The fitness score is over 6.000000.
[lidar_localization_node-1] [WARN] [1783472704.959740279] [lidar_localization]: The fitness score is over 6.000000.
[lidar_localization_node-1] [WARN] [1783472704.986860395] [lidar_localization]: The fitness score is over 6.000000.
[lidar_localization_node-1] [WARN] [1783472705.021420743] [lidar_localization]: The fitness score is over 6.000000.
[lidar_localization_node-1] [WARN] [1783472705.058253227] [lidar_localization]: The fitness score is over 6.000000.
[lidar_localization_node-1] [WARN] [1783472705.062783932] [lidar_localization]: The fitness score is over 6.000000.
[lidar_localization_node-1] [WARN] [1783472705.092417054] [lidar_localization]: The fitness score is over 6.000000.
[lidar_localization_node-1] [WARN] [1783472705.124664623] [lidar_localization]: The fitness score is over 6.000000.
[lidar_localization_node-1] [WARN] [1783472705.150816959] [lidar_localization]: The fitness score is over 6.000000.
[lidar_localization_node-1] [WARN] [1783472705.168457379] [lidar_localization]: The fitness score is over 6.000000.
[lidar_localization_node-1] [WARN] [1783472705.215082676] [lidar_localization]: The fitness score is over 6.000000.
[lidar_localization_node-1] [WARN] [1783472705.247671923] [lidar_localization]: The fitness score is over 6.000000.
[lidar_localization_node-1] [WARN] [1783472705.268850186] [lidar_localization]: The fitness score is over 6.000000.
[lidar_localization_node-1] [WARN] [1783472705.282862027] [lidar_localization]: The fitness score is over 6.000000.
[lidar_localization_node-1] [WARN] [1783472705.322751794] [lidar_localization]: The fitness score is over 6.000000.
[lidar_localization_node-1] [WARN] [1783472705.365781380] [lidar_localization]: The fitness score is over 6.000000.
[lidar_localization_node-1] [WARN] [1783472705.387484838] [lidar_localization]: The fitness score is over 6.000000.
[lidar_localization_node-1] [WARN] [1783472705.419490644] [lidar_localization]: The fitness score is over 6.000000.
[lidar_localization_node-1] [WARN] [1783472705.428016440] [lidar_localization]: The fitness score is over 6.000000.
[lidar_localization_node-1] [WARN] [1783472705.460586481] [lidar_localization]: The fitness score is over 6.000000.
[lidar_localization_node-1] [WARN] [1783472705.488544000] [lidar_localization]: The fitness score is over 6.000000.
[lidar_localization_node-1] [WARN] [1783472705.520299864] [lidar_localization]: The fitness score is over 6.000000.
[lidar_localization_node-1] [WARN] [1783472705.553226992] [lidar_localization]: The fitness score is over 6.000000.
[lidar_localization_node-1] [WARN] [1783472705.573659890] [lidar_localization]: The fitness score is over 6.000000.
[lidar_localization_node-1] [WARN] [1783472705.623607923] [lidar_localization]: The fitness score is over 6.000000.
[lidar_localization_node-1] [WARN] [1783472705.656734829] [lidar_localization]: The fitness score is over 6.000000.
[lidar_localization_node-1] [WARN] [1783472705.671049111] [lidar_localization]: The fitness score is over 6.000000.
[lidar_localization_node-1] [WARN] [1783472705.682793528] [lidar_localization]: The fitness score is over 6.000000.
[lidar_localization_node-1] [WARN] [1783472705.724710351] [lidar_localization]: The fitness score is over 6.000000.
[lidar_localization_node-1] [WARN] [1783472705.760936078] [lidar_localization]: The fitness score is over 6.000000.
[lidar_localization_node-1] [WARN] [1783472705.834412059] [lidar_localization]: The fitness score is over 6.000000.
[lidar_localization_node-1] [WARN] [1783472705.843213661] [lidar_localization]: The fitness score is over 6.000000.
[lidar_localization_node-1] [WARN] [1783472705.875334779] [lidar_localization]: The fitness score is over 6.000000.
[lidar_localization_node-1] [WARN] [1783472705.930352144] [lidar_localization]: The fitness score is over 6.000000.
[lidar_localization_node-1] [WARN] [1783472705.969666538] [lidar_localization]: The fitness score is over 6.000000.
[lidar_localization_node-1] [WARN] [1783472705.991127203] [lidar_localization]: The fitness score is over 6.000000.
[lidar_localization_node-1] [WARN] [1783472706.028657634] [lidar_localization]: The fitness score is over 6.000000.
[lidar_localization_node-1] [WARN] [1783472706.045701666] [lidar_localization]: The fitness score is over 6.000000.
[lidar_localization_node-1] [WARN] [1783472706.068336226] [lidar_localization]: The fitness score is over 6.000000.
[lidar_localization_node-1] [WARN] [1783472706.150775956] [lidar_localization]: The fitness score is over 6.000000.
[lidar_localization_node-1] [WARN] [1783472706.230117186] [lidar_localization]: The fitness score is over 6.000000.
[lidar_localization_node-1] [WARN] [1783472706.269935711] [lidar_localization]: The fitness score is over 6.000000.
[lidar_localization_node-1] [WARN] [1783472706.341488176] [lidar_localization]: The fitness score is over 6.000000.
[lidar_localization_node-1] [WARN] [1783472706.376630059] [lidar_localization]: The fitness score is over 6.000000.
[lidar_localization_node-1] [WARN] [1783472706.475097130] [lidar_localization]: The fitness score is over 6.000000.
[lidar_localization_node-1] [WARN] [1783472706.540616830] [lidar_localization]: The fitness score is over 6.000000.
[lidar_localization_node-1] [WARN] [1783472706.577664347] [lidar_localization]: The fitness score is over 6.000000.
[lidar_localization_node-1] [WARN] [1783472706.590489961] [lidar_localization]: The fitness score is over 6.000000.
[lidar_localization_node-1] [WARN] [1783472706.639413629] [lidar_localization]: The fitness score is over 6.000000.
[lidar_localization_node-1] [WARN] [1783472706.671785522] [lidar_localization]: The fitness score is over 6.000000.
[lidar_localization_node-1] [WARN] [1783472706.733795626] [lidar_localization]: The fitness score is over 6.000000.
[lidar_localization_node-1] [WARN] [1783472706.767805718] [lidar_localization]: The fitness score is over 6.000000.
[lidar_localization_node-1] [WARN] [1783472706.788236743] [lidar_localization]: The fitness score is over 6.000000.
[lidar_localization_node-1] [WARN] [1783472706.833102818] [lidar_localization]: The fitness score is over 6.000000.
[lidar_localization_node-1] [WARN] [1783472706.842572935] [lidar_localization]: The fitness score is over 6.000000.
[lidar_localization_node-1] [WARN] [1783472706.875556211] [lidar_localization]: The fitness score is over 6.000000.
[lidar_localization_node-1] [WARN] [1783472706.896055829] [lidar_localization]: The fitness score is over 6.000000.
[lidar_localization_node-1] [WARN] [1783472706.941911588] [lidar_localization]: The fitness score is over 6.000000.
[lidar_localization_node-1] [WARN] [1783472706.974999044] [lidar_localization]: The fitness score is over 6.000000.
[lidar_localization_node-1] [WARN] [1783472706.996263182] [lidar_localization]: The fitness score is over 6.000000.
[lidar_localization_node-1] [WARN] [1783472707.049010592] [lidar_localization]: The fitness score is over 6.000000.
[lidar_localization_node-1] [WARN] [1783472707.079941991] [lidar_localization]: The fitness score is over 6.000000.
[lidar_localization_node-1] [WARN] [1783472707.101263918] [lidar_localization]: The fitness score is over 6.000000.
[lidar_localization_node-1] [WARN] [1783472707.144539493] [lidar_localization]: The fitness score is over 6.000000.
[lidar_localization_node-1] [INFO] [1783472707.144586572] [lidar_localization]: Recovery supervisor state transition: recovering -> reinitialization_requested (request_reinitialization)
[lidar_localization_node-1] [WARN] [1783472707.152107940] [lidar_localization]: The fitness score is over 6.000000.
[lidar_localization_node-1] [WARN] [1783472707.188241394] [lidar_localization]: The fitness score is over 6.000000.
[lidar_localization_node-1] [WARN] [1783472707.208626761] [lidar_localization]: The fitness score is over 6.000000.
[lidar_localization_node-1] [WARN] [1783472707.257988921] [lidar_localization]: The fitness score is over 6.000000.
[lidar_localization_node-1] [WARN] [1783472707.281061636] [lidar_localization]: The fitness score is over 6.000000.
[lidar_localization_node-1] [WARN] [1783472707.302761764] [lidar_localization]: The fitness score is over 6.000000.
[lidar_localization_node-1] [WARN] [1783472707.351998122] [lidar_localization]: The fitness score is over 6.000000.
[lidar_localization_node-1] [WARN] [1783472707.374811947] [lidar_localization]: The fitness score is over 6.000000.
[lidar_localization_node-1] [WARN] [1783472707.396043554] [lidar_localization]: The fitness score is over 6.000000.
[lidar_localization_node-1] [WARN] [1783472707.448005243] [lidar_localization]: The fitness score is over 6.000000.
[lidar_localization_node-1] [WARN] [1783472707.477893938] [lidar_localization]: The fitness score is over 6.000000.
[lidar_localization_node-1] [WARN] [1783472707.498802101] [lidar_localization]: The fitness score is over 6.000000.
[lidar_localization_node-1] [WARN] [1783472707.564246218] [lidar_localization]: The fitness score is over 6.000000.
[lidar_localization_node-1] [WARN] [1783472707.584553188] [lidar_localization]: The fitness score is over 6.000000.
[lidar_localization_node-1] [WARN] [1783472707.584689419] [lidar_localization]: The fitness score is over 6.000000.
[lidar_localization_node-1] [WARN] [1783472707.664500111] [lidar_localization]: The fitness score is over 6.000000.
[lidar_localization_node-1] [WARN] [1783472707.697098784] [lidar_localization]: The fitness score is over 6.000000.
[lidar_localization_node-1] [WARN] [1783472707.748410718] [lidar_localization]: The fitness score is over 6.000000.
[lidar_localization_node-1] [WARN] [1783472707.782395598] [lidar_localization]: The fitness score is over 6.000000.
[lidar_localization_node-1] [WARN] [1783472707.805175467] [lidar_localization]: The fitness score is over 6.000000.
[lidar_localization_node-1] [WARN] [1783472707.852504805] [lidar_localization]: The fitness score is over 6.000000.
[lidar_localization_node-1] [WARN] [1783472707.884862018] [lidar_localization]: The fitness score is over 6.000000.
[lidar_localization_node-1] [WARN] [1783472707.910304770] [lidar_localization]: The fitness score is over 6.000000.
[lidar_localization_node-1] [WARN] [1783472707.915495226] [lidar_localization]: The fitness score is over 6.000000.
[lidar_localization_node-1] [WARN] [1783472707.952650453] [lidar_localization]: The fitness score is over 6.000000.
[lidar_localization_node-1] [WARN] [1783472707.994002608] [lidar_localization]: The fitness score is over 6.000000.
[lidar_localization_node-1] [WARN] [1783472708.017670334] [lidar_localization]: The fitness score is over 6.000000.
[lidar_localization_node-1] [WARN] [1783472708.055331838] [lidar_localization]: The fitness score is over 6.000000.
[lidar_localization_node-1] [WARN] [1783472708.087746044] [lidar_localization]: The fitness score is over 6.000000.
[lidar_localization_node-1] [WARN] [1783472708.112264793] [lidar_localization]: The fitness score is over 6.000000.
[lidar_localization_node-1] [WARN] [1783472708.155940847] [lidar_localization]: The fitness score is over 6.000000.
[lidar_localization_node-1] [WARN] [1783472708.192032929] [lidar_localization]: The fitness score is over 6.000000.
[lidar_localization_node-1] [WARN] [1783472708.218027317] [lidar_localization]: The fitness score is over 6.000000.
[lidar_localization_node-1] [WARN] [1783472708.272316401] [lidar_localization]: The fitness score is over 6.000000.
[lidar_localization_node-1] [WARN] [1783472708.298096287] [lidar_localization]: The fitness score is over 6.000000.
[lidar_localization_node-1] [WARN] [1783472708.315930238] [lidar_localization]: The fitness score is over 6.000000.
[lidar_localization_node-1] [WARN] [1783472708.326614272] [lidar_localization]: The fitness score is over 6.000000.
[lidar_localization_node-1] [WARN] [1783472708.361069624] [lidar_localization]: The fitness score is over 6.000000.
[lidar_localization_node-1] [WARN] [1783472708.405556509] [lidar_localization]: The fitness score is over 6.000000.
[lidar_localization_node-1] [WARN] [1783472708.433064066] [lidar_localization]: The fitness score is over 6.000000.
[lidar_localization_node-1] [WARN] [1783472708.463820631] [lidar_localization]: The fitness score is over 6.000000.
[lidar_localization_node-1] [WARN] [1783472708.513500879] [lidar_localization]: The fitness score is over 6.000000.
[lidar_localization_node-1] [WARN] [1783472708.543041498] [lidar_localization]: The fitness score is over 6.000000.
[lidar_localization_node-1] [WARN] [1783472708.572795038] [lidar_localization]: The fitness score is over 6.000000.
[lidar_localization_node-1] [WARN] [1783472708.615561729] [lidar_localization]: The fitness score is over 6.000000.
[lidar_localization_node-1] [WARN] [1783472708.647981806] [lidar_localization]: The fitness score is over 6.000000.
[lidar_localization_node-1] [WARN] [1783472708.699282181] [lidar_localization]: The fitness score is over 6.000000.
[lidar_localization_node-1] [WARN] [1783472708.729933779] [lidar_localization]: The fitness score is over 6.000000.
[lidar_localization_node-1] [WARN] [1783472708.737197509] [lidar_localization]: The fitness score is over 6.000000.
[lidar_localization_node-1] [WARN] [1783472708.780278188] [lidar_localization]: The fitness score is over 6.000000.
[lidar_localization_node-1] [WARN] [1783472708.817448088] [lidar_localization]: The fitness score is over 6.000000.
[lidar_localization_node-1] [WARN] [1783472708.869039462] [lidar_localization]: The fitness score is over 6.000000.
[lidar_localization_node-1] [WARN] [1783472708.919384281] [lidar_localization]: The fitness score is over 6.000000.
[lidar_localization_node-1] [WARN] [1783472708.973920125] [lidar_localization]: The fitness score is over 6.000000.
[lidar_localization_node-1] [WARN] [1783472709.013052082] [lidar_localization]: The fitness score is over 6.000000.
[lidar_localization_node-1] [WARN] [1783472709.079651324] [lidar_localization]: The fitness score is over 6.000000.
[lidar_localization_node-1] [WARN] [1783472709.119683005] [lidar_localization]: The fitness score is over 6.000000.
[lidar_localization_node-1] [WARN] [1783472709.194088124] [lidar_localization]: The fitness score is over 6.000000.
[lidar_localization_node-1] [WARN] [1783472709.199160647] [lidar_localization]: The fitness score is over 6.000000.
[lidar_localization_node-1] [WARN] [1783472709.225647242] [lidar_localization]: The fitness score is over 6.000000.
[lidar_localization_node-1] [WARN] [1783472709.279846684] [lidar_localization]: The fitness score is over 6.000000.
[lidar_localization_node-1] [WARN] [1783472709.325813063] [lidar_localization]: The fitness score is over 6.000000.
[lidar_localization_node-1] [WARN] [1783472709.354461363] [lidar_localization]: The fitness score is over 6.000000.
[lidar_localization_node-1] [WARN] [1783472709.400553101] [lidar_localization]: The fitness score is over 6.000000.
[lidar_localization_node-1] [WARN] [1783472709.431598874] [lidar_localization]: The fitness score is over 6.000000.
[lidar_localization_node-1] [WARN] [1783472709.479911360] [lidar_localization]: The fitness score is over 6.000000.
[lidar_localization_node-1] [WARN] [1783472709.527477230] [lidar_localization]: The fitness score is over 6.000000.
[lidar_localization_node-1] [WARN] [1783472709.560019326] [lidar_localization]: The fitness score is over 6.000000.
[lidar_localization_node-1] [WARN] [1783472709.606042367] [lidar_localization]: The fitness score is over 6.000000.
[lidar_localization_node-1] [WARN] [1783472709.637512641] [lidar_localization]: The fitness score is over 6.000000.
[lidar_localization_node-1] [WARN] [1783472709.657525385] [lidar_localization]: The fitness score is over 6.000000.
[lidar_localization_node-1] [WARN] [1783472709.709620132] [lidar_localization]: The fitness score is over 6.000000.
[lidar_localization_node-1] [WARN] [1783472709.756599899] [lidar_localization]: The fitness score is over 6.000000.
[lidar_localization_node-1] [WARN] [1783472709.802272998] [lidar_localization]: The fitness score is over 6.000000.
[lidar_localization_node-1] [WARN] [1783472709.834227906] [lidar_localization]: The fitness score is over 6.000000.
[lidar_localization_node-1] [WARN] [1783472709.887332323] [lidar_localization]: The fitness score is over 6.000000.
[lidar_localization_node-1] [WARN] [1783472709.935048294] [lidar_localization]: The fitness score is over 6.000000.
[lidar_localization_node-1] [WARN] [1783472709.963767967] [lidar_localization]: The fitness score is over 6.000000.
[lidar_localization_node-1] [WARN] [1783472710.027991337] [lidar_localization]: The fitness score is over 6.000000.
[lidar_localization_node-1] [WARN] [1783472710.139095694] [lidar_localization]: The fitness score is over 6.000000.
[lidar_localization_node-1] [WARN] [1783472710.206584236] [lidar_localization]: The fitness score is over 6.000000.
[lidar_localization_node-1] [WARN] [1783472710.237679675] [lidar_localization]: The fitness score is over 6.000000.
[lidar_localization_node-1] [WARN] [1783472710.291833078] [lidar_localization]: The fitness score is over 6.000000.
[lidar_localization_node-1] [WARN] [1783472710.292990141] [lidar_localization]: The fitness score is over 6.000000.
[lidar_localization_node-1] [WARN] [1783472710.335272422] [lidar_localization]: The fitness score is over 6.000000.
[lidar_localization_node-1] [WARN] [1783472710.363664650] [lidar_localization]: The fitness score is over 6.000000.
[lidar_localization_node-1] [WARN] [1783472710.395130660] [lidar_localization]: The fitness score is over 6.000000.
[lidar_localization_node-1] [WARN] [1783472710.436865725] [lidar_localization]: The fitness score is over 6.000000.
[lidar_localization_node-1] [WARN] [1783472710.469103748] [lidar_localization]: The fitness score is over 6.000000.
[lidar_localization_node-1] [WARN] [1783472710.511630584] [lidar_localization]: The fitness score is over 6.000000.
[lidar_localization_node-1] [WARN] [1783472710.594406224] [lidar_localization]: The fitness score is over 6.000000.
[lidar_localization_node-1] [WARN] [1783472710.641391420] [lidar_localization]: The fitness score is over 6.000000.
[lidar_localization_node-1] [WARN] [1783472710.695595915] [lidar_localization]: The fitness score is over 6.000000.
[lidar_localization_node-1] [WARN] [1783472710.739303506] [lidar_localization]: The fitness score is over 6.000000.
[lidar_localization_node-1] [WARN] [1783472710.766572757] [lidar_localization]: The fitness score is over 6.000000.
[lidar_localization_node-1] [WARN] [1783472710.795431936] [lidar_localization]: The fitness score is over 6.000000.
[lidar_localization_node-1] [WARN] [1783472710.817995563] [lidar_localization]: The fitness score is over 6.000000.
[lidar_localization_node-1] [WARN] [1783472710.847028345] [lidar_localization]: The fitness score is over 6.000000.
[lidar_localization_node-1] [WARN] [1783472710.897154072] [lidar_localization]: The fitness score is over 6.000000.
[lidar_localization_node-1] [WARN] [1783472710.933710747] [lidar_localization]: The fitness score is over 6.000000.
[lidar_localization_node-1] [WARN] [1783472710.961456786] [lidar_localization]: The fitness score is over 6.000000.
[lidar_localization_node-1] [WARN] [1783472711.010705006] [lidar_localization]: The fitness score is over 6.000000.
[lidar_localization_node-1] [WARN] [1783472711.037667146] [lidar_localization]: The fitness score is over 6.000000.
[lidar_localization_node-1] [WARN] [1783472711.065591170] [lidar_localization]: The fitness score is over 6.000000.
[lidar_localization_node-1] [WARN] [1783472711.113545471] [lidar_localization]: The fitness score is over 6.000000.
[lidar_localization_node-1] [WARN] [1783472711.137944898] [lidar_localization]: The fitness score is over 6.000000.
[lidar_localization_node-1] [WARN] [1783472711.206946922] [lidar_localization]: The fitness score is over 6.000000.
[lidar_localization_node-1] [WARN] [1783472711.244348654] [lidar_localization]: The fitness score is over 6.000000.
[lidar_localization_node-1] [WARN] [1783472711.315466807] [lidar_localization]: The fitness score is over 6.000000.
[lidar_localization_node-1] [WARN] [1783472711.321215076] [lidar_localization]: The fitness score is over 6.000000.
[lidar_localization_node-1] [WARN] [1783472711.342786690] [lidar_localization]: The fitness score is over 6.000000.
[lidar_localization_node-1] [WARN] [1783472711.369179273] [lidar_localization]: The fitness score is over 6.000000.
[lidar_localization_node-1] [WARN] [1783472711.408096539] [lidar_localization]: The fitness score is over 6.000000.
[lidar_localization_node-1] [WARN] [1783472711.448034523] [lidar_localization]: The fitness score is over 6.000000.
[lidar_localization_node-1] [WARN] [1783472711.477381185] [lidar_localization]: The fitness score is over 6.000000.
[lidar_localization_node-1] [WARN] [1783472711.509905895] [lidar_localization]: The fitness score is over 6.000000.
[lidar_localization_node-1] [WARN] [1783472711.547075267] [lidar_localization]: The fitness score is over 6.000000.
[lidar_localization_node-1] [WARN] [1783472711.574939921] [lidar_localization]: The fitness score is over 6.000000.
[lidar_localization_node-1] [WARN] [1783472711.612739321] [lidar_localization]: The fitness score is over 6.000000.
[lidar_localization_node-1] [WARN] [1783472711.645122353] [lidar_localization]: The fitness score is over 6.000000.
[lidar_localization_node-1] [WARN] [1783472711.672580210] [lidar_localization]: The fitness score is over 6.000000.
[lidar_localization_node-1] [WARN] [1783472711.710746253] [lidar_localization]: The fitness score is over 6.000000.
[lidar_localization_node-1] [WARN] [1783472711.748176692] [lidar_localization]: The fitness score is over 6.000000.
[lidar_localization_node-1] [WARN] [1783472711.776751472] [lidar_localization]: The fitness score is over 6.000000.
[lidar_localization_node-1] [WARN] [1783472711.814766933] [lidar_localization]: The fitness score is over 6.000000.
[lidar_localization_node-1] [WARN] [1783472711.851936659] [lidar_localization]: The fitness score is over 6.000000.
[lidar_localization_node-1] [WARN] [1783472711.884415434] [lidar_localization]: The fitness score is over 6.000000.
[lidar_localization_node-1] [WARN] [1783472711.914107329] [lidar_localization]: The fitness score is over 6.000000.
[lidar_localization_node-1] [WARN] [1783472711.914154353] [lidar_localization]: The fitness score is over 6.000000.
[lidar_localization_node-1] [WARN] [1783472711.947757776] [lidar_localization]: The fitness score is over 6.000000.
[lidar_localization_node-1] [WARN] [1783472711.975686784] [lidar_localization]: The fitness score is over 6.000000.
[lidar_localization_node-1] [WARN] [1783472712.019332706] [lidar_localization]: The fitness score is over 6.000000.
[lidar_localization_node-1] [WARN] [1783472712.049968616] [lidar_localization]: The fitness score is over 6.000000.
[lidar_localization_node-1] [WARN] [1783472712.077512540] [lidar_localization]: The fitness score is over 6.000000.
[lidar_localization_node-1] [WARN] [1783472712.111153341] [lidar_localization]: The fitness score is over 6.000000.
[lidar_localization_node-1] [WARN] [1783472712.143443331] [lidar_localization]: The fitness score is over 6.000000.
[lidar_localization_node-1] [WARN] [1783472712.167887303] [lidar_localization]: The fitness score is over 6.000000.
[lidar_localization_node-1] [WARN] [1783472712.212411127] [lidar_localization]: The fitness score is over 6.000000.
[lidar_localization_node-1] [WARN] [1783472712.244990509] [lidar_localization]: The fitness score is over 6.000000.
[lidar_localization_node-1] [WARN] [1783472712.271812320] [lidar_localization]: The fitness score is over 6.000000.
[lidar_localization_node-1] [WARN] [1783472712.325713270] [lidar_localization]: The fitness score is over 6.000000.
[lidar_localization_node-1] [WARN] [1783472712.355851035] [lidar_localization]: The fitness score is over 6.000000.
[lidar_localization_node-1] [WARN] [1783472712.386782426] [lidar_localization]: The fitness score is over 6.000000.
[lidar_localization_node-1] [WARN] [1783472712.423157432] [lidar_localization]: The fitness score is over 6.000000.
[lidar_localization_node-1] [WARN] [1783472712.522973162] [lidar_localization]: The fitness score is over 6.000000.
[lidar_localization_node-1] [WARN] [1783472712.616533875] [lidar_localization]: The fitness score is over 6.000000.
[lidar_localization_node-1] [WARN] [1783472712.649223436] [lidar_localization]: The fitness score is over 6.000000.
[lidar_localization_node-1] [WARN] [1783472712.659413805] [lidar_localization]: The fitness score is over 6.000000.
[lidar_localization_node-1] [WARN] [1783472712.676405054] [lidar_localization]: The fitness score is over 6.000000.
[lidar_localization_node-1] [WARN] [1783472712.721931095] [lidar_localization]: The fitness score is over 6.000000.
[lidar_localization_node-1] [WARN] [1783472712.760720224] [lidar_localization]: The fitness score is over 6.000000.
[lidar_localization_node-1] [WARN] [1783472712.786973142] [lidar_localization]: The fitness score is over 6.000000.
[lidar_localization_node-1] [WARN] [1783472712.824127304] [lidar_localization]: The fitness score is over 6.000000.
[lidar_localization_node-1] [WARN] [1783472712.862434633] [lidar_localization]: The fitness score is over 6.000000.
[lidar_localization_node-1] [WARN] [1783472712.898112226] [lidar_localization]: The fitness score is over 6.000000.
[lidar_localization_node-1] [WARN] [1783472712.923159840] [lidar_localization]: The fitness score is over 6.000000.
[lidar_localization_node-1] [WARN] [1783472712.965420138] [lidar_localization]: The fitness score is over 6.000000.
[lidar_localization_node-1] [WARN] [1783472712.993836749] [lidar_localization]: The fitness score is over 6.000000.
[lidar_localization_node-1] [WARN] [1783472713.021211178] [lidar_localization]: The fitness score is over 6.000000.
[lidar_localization_node-1] [WARN] [1783472713.050586504] [lidar_localization]: The fitness score is over 6.000000.
[lidar_localization_node-1] [WARN] [1783472713.074190749] [lidar_localization]: The fitness score is over 6.000000.
[lidar_localization_node-1] [WARN] [1783472713.135862775] [lidar_localization]: The fitness score is over 6.000000.
[lidar_localization_node-1] [WARN] [1783472713.167636754] [lidar_localization]: The fitness score is over 6.000000.
[lidar_localization_node-1] [WARN] [1783472713.194820612] [lidar_localization]: The fitness score is over 6.000000.
[lidar_localization_node-1] [WARN] [1783472713.239646891] [lidar_localization]: The fitness score is over 6.000000.
[lidar_localization_node-1] [WARN] [1783472713.268932229] [lidar_localization]: The fitness score is over 6.000000.
[lidar_localization_node-1] [WARN] [1783472713.294716387] [lidar_localization]: The fitness score is over 6.000000.
[lidar_localization_node-1] [WARN] [1783472713.299802083] [lidar_localization]: The fitness score is over 6.000000.
[lidar_localization_node-1] [WARN] [1783472713.328200831] [lidar_localization]: The fitness score is over 6.000000.
[lidar_localization_node-1] [WARN] [1783472713.357539206] [lidar_localization]: The fitness score is over 6.000000.
[lidar_localization_node-1] [WARN] [1783472713.383464852] [lidar_localization]: The fitness score is over 6.000000.
[lidar_localization_node-1] [WARN] [1783472713.433987457] [lidar_localization]: The fitness score is over 6.000000.
[lidar_localization_node-1] [WARN] [1783472713.464078412] [lidar_localization]: The fitness score is over 6.000000.
[lidar_localization_node-1] [WARN] [1783472713.491319960] [lidar_localization]: The fitness score is over 6.000000.
[lidar_localization_node-1] [WARN] [1783472713.530126186] [lidar_localization]: The fitness score is over 6.000000.
[lidar_localization_node-1] [WARN] [1783472713.562083299] [lidar_localization]: The fitness score is over 6.000000.
[lidar_localization_node-1] [WARN] [1783472713.586262153] [lidar_localization]: The fitness score is over 6.000000.
[lidar_localization_node-1] [WARN] [1783472713.640962665] [lidar_localization]: The fitness score is over 6.000000.
[lidar_localization_node-1] [WARN] [1783472713.663657535] [lidar_localization]: The fitness score is over 6.000000.
[lidar_localization_node-1] [WARN] [1783472713.732982991] [lidar_localization]: The fitness score is over 6.000000.
[lidar_localization_node-1] [WARN] [1783472713.762078592] [lidar_localization]: The fitness score is over 6.000000.
[lidar_localization_node-1] [WARN] [1783472713.839749401] [lidar_localization]: The fitness score is over 6.000000.
[lidar_localization_node-1] [WARN] [1783472713.878014659] [lidar_localization]: The fitness score is over 6.000000.
[lidar_localization_node-1] [WARN] [1783472713.903336203] [lidar_localization]: The fitness score is over 6.000000.
[lidar_localization_node-1] [WARN] [1783472713.945241369] [lidar_localization]: The fitness score is over 6.000000.
[lidar_localization_node-1] [WARN] [1783472713.948609164] [lidar_localization]: The fitness score is over 6.000000.
[lidar_localization_node-1] [WARN] [1783472713.971279617] [lidar_localization]: The fitness score is over 6.000000.
[lidar_localization_node-1] [WARN] [1783472713.997127169] [lidar_localization]: The fitness score is over 6.000000.
[lidar_localization_node-1] [WARN] [1783472714.039976353] [lidar_localization]: The fitness score is over 6.000000.
[lidar_localization_node-1] [WARN] [1783472714.070378428] [lidar_localization]: The fitness score is over 6.000000.
[lidar_localization_node-1] [WARN] [1783472714.095128790] [lidar_localization]: The fitness score is over 6.000000.
[lidar_localization_node-1] [WARN] [1783472714.138534771] [lidar_localization]: The fitness score is over 6.000000.
[lidar_localization_node-1] [WARN] [1783472714.165493460] [lidar_localization]: The fitness score is over 6.000000.
[lidar_localization_node-1] [WARN] [1783472714.191642890] [lidar_localization]: The fitness score is over 6.000000.
[lidar_localization_node-1] [WARN] [1783472714.248829375] [lidar_localization]: The fitness score is over 6.000000.
[lidar_localization_node-1] [WARN] [1783472714.276930649] [lidar_localization]: The fitness score is over 6.000000.
[lidar_localization_node-1] [WARN] [1783472714.301617973] [lidar_localization]: The fitness score is over 6.000000.
[lidar_localization_node-1] [WARN] [1783472714.352755642] [lidar_localization]: The fitness score is over 6.000000.
[lidar_localization_node-1] [WARN] [1783472714.383339972] [lidar_localization]: The fitness score is over 6.000000.
[lidar_localization_node-1] [WARN] [1783472714.415731266] [lidar_localization]: The fitness score is over 6.000000.
[lidar_localization_node-1] [WARN] [1783472714.443650087] [lidar_localization]: The fitness score is over 6.000000.
[lidar_localization_node-1] [WARN] [1783472714.475165877] [lidar_localization]: The fitness score is over 6.000000.
[lidar_localization_node-1] [WARN] [1783472714.499717071] [lidar_localization]: The fitness score is over 6.000000.
[lidar_localization_node-1] [WARN] [1783472714.560933733] [lidar_localization]: The fitness score is over 6.000000.
[lidar_localization_node-1] [WARN] [1783472714.586164622] [lidar_localization]: The fitness score is over 6.000000.
[lidar_localization_node-1] [WARN] [1783472714.600935222] [lidar_localization]: The fitness score is over 6.000000.
[lidar_localization_node-1] [WARN] [1783472714.627564815] [lidar_localization]: The fitness score is over 6.000000.
[lidar_localization_node-1] [WARN] [1783472714.663822528] [lidar_localization]: The fitness score is over 6.000000.
[lidar_localization_node-1] [WARN] [1783472714.701777526] [lidar_localization]: The fitness score is over 6.000000.
[lidar_localization_node-1] [WARN] [1783472714.756472169] [lidar_localization]: The fitness score is over 6.000000.
[lidar_localization_node-1] [WARN] [1783472714.794744098] [lidar_localization]: The fitness score is over 6.000000.
[lidar_localization_node-1] [WARN] [1783472714.862092198] [lidar_localization]: The fitness score is over 6.000000.
[lidar_localization_node-1] [WARN] [1783472714.895544510] [lidar_localization]: The fitness score is over 6.000000.
[lidar_localization_node-1] [WARN] [1783472714.960615758] [lidar_localization]: The fitness score is over 6.000000.
[lidar_localization_node-1] [WARN] [1783472714.993459425] [lidar_localization]: The fitness score is over 6.000000.
[lidar_localization_node-1] [WARN] [1783472715.064703157] [lidar_localization]: The fitness score is over 6.000000.
[lidar_localization_node-1] [WARN] [1783472715.097411882] [lidar_localization]: The fitness score is over 6.000000.
[lidar_localization_node-1] [WARN] [1783472715.162516479] [lidar_localization]: The fitness score is over 6.000000.
[lidar_localization_node-1] [WARN] [1783472715.187828141] [lidar_localization]: The fitness score is over 6.000000.
[lidar_localization_node-1] [WARN] [1783472715.254965350] [lidar_localization]: The fitness score is over 6.000000.
[lidar_localization_node-1] [WARN] [1783472715.285943889] [lidar_localization]: The fitness score is over 6.000000.
[lidar_localization_node-1] [WARN] [1783472715.289824994] [lidar_localization]: The fitness score is over 6.000000.
[lidar_localization_node-1] [WARN] [1783472715.314229200] [lidar_localization]: The fitness score is over 6.000000.
[lidar_localization_node-1] [WARN] [1783472715.359510291] [lidar_localization]: The fitness score is over 6.000000.
[lidar_localization_node-1] [WARN] [1783472715.387621398] [lidar_localization]: The fitness score is over 6.000000.
[lidar_localization_node-1] [WARN] [1783472715.413603926] [lidar_localization]: The fitness score is over 6.000000.
[lidar_localization_node-1] [WARN] [1783472715.457395201] [lidar_localization]: The fitness score is over 6.000000.
[lidar_localization_node-1] [WARN] [1783472715.502095402] [lidar_localization]: The fitness score is over 6.000000.
[lidar_localization_node-1] [WARN] [1783472715.562567750] [lidar_localization]: The fitness score is over 6.000000.
[lidar_localization_node-1] [WARN] [1783472715.662664674] [lidar_localization]: The fitness score is over 6.000000.
[lidar_localization_node-1] [WARN] [1783472715.693682033] [lidar_localization]: The fitness score is over 6.000000.
[lidar_localization_node-1] [WARN] [1783472715.770507773] [lidar_localization]: The fitness score is over 6.000000.
[lidar_localization_node-1] [WARN] [1783472715.797210721] [lidar_localization]: The fitness score is over 6.000000.
[lidar_localization_node-1] [WARN] [1783472715.825909491] [lidar_localization]: The fitness score is over 6.000000.
[lidar_localization_node-1] [WARN] [1783472715.865809513] [lidar_localization]: The fitness score is over 6.000000.
[lidar_localization_node-1] [WARN] [1783472715.898905375] [lidar_localization]: The fitness score is over 6.000000.
[lidar_localization_node-1] [WARN] [1783472715.928235165] [lidar_localization]: The fitness score is over 6.000000.
[lidar_localization_node-1] [WARN] [1783472715.971900217] [lidar_localization]: The fitness score is over 6.000000.
[lidar_localization_node-1] [WARN] [1783472716.001592394] [lidar_localization]: The fitness score is over 6.000000.
[lidar_localization_node-1] [WARN] [1783472716.012211433] [lidar_localization]: The fitness score is over 6.000000.
[lidar_localization_node-1] [WARN] [1783472716.033434521] [lidar_localization]: The fitness score is over 6.000000.
[lidar_localization_node-1] [WARN] [1783472716.070468612] [lidar_localization]: The fitness score is over 6.000000.
[lidar_localization_node-1] [WARN] [1783472716.106142764] [lidar_localization]: The fitness score is over 6.000000.
[lidar_localization_node-1] [WARN] [1783472716.138786924] [lidar_localization]: The fitness score is over 6.000000.
[lidar_localization_node-1] [WARN] [1783472716.183029001] [lidar_localization]: The fitness score is over 6.000000.
[lidar_localization_node-1] [WARN] [1783472716.215725233] [lidar_localization]: The fitness score is over 6.000000.
[lidar_localization_node-1] [WARN] [1783472716.273491908] [lidar_localization]: The fitness score is over 6.000000.
[lidar_localization_node-1] [WARN] [1783472716.321197142] [lidar_localization]: The fitness score is over 6.000000.
[lidar_localization_node-1] [WARN] [1783472716.374352291] [lidar_localization]: The fitness score is over 6.000000.
[lidar_localization_node-1] [WARN] [1783472716.408706155] [lidar_localization]: The fitness score is over 6.000000.
[lidar_localization_node-1] [WARN] [1783472716.439328909] [lidar_localization]: The fitness score is over 6.000000.
[lidar_localization_node-1] [WARN] [1783472716.486232746] [lidar_localization]: The fitness score is over 6.000000.
[lidar_localization_node-1] [WARN] [1783472716.515787205] [lidar_localization]: The fitness score is over 6.000000.
[lidar_localization_node-1] [WARN] [1783472716.549616600] [lidar_localization]: The fitness score is over 6.000000.
[lidar_localization_node-1] [WARN] [1783472716.576660167] [lidar_localization]: The fitness score is over 6.000000.
[lidar_localization_node-1] [WARN] [1783472716.612035434] [lidar_localization]: The fitness score is over 6.000000.
[lidar_localization_node-1] [WARN] [1783472716.640349985] [lidar_localization]: The fitness score is over 6.000000.
[lidar_localization_node-1] [WARN] [1783472716.679002804] [lidar_localization]: The fitness score is over 6.000000.
[lidar_localization_node-1] [WARN] [1783472716.712271444] [lidar_localization]: The fitness score is over 6.000000.
[lidar_localization_node-1] [WARN] [1783472716.743035445] [lidar_localization]: The fitness score is over 6.000000.
[lidar_localization_node-1] [WARN] [1783472716.780350475] [lidar_localization]: The fitness score is over 6.000000.
[lidar_localization_node-1] [WARN] [1783472716.815676175] [lidar_localization]: The fitness score is over 6.000000.
[lidar_localization_node-1] [WARN] [1783472716.820252607] [lidar_localization]: The fitness score is over 6.000000.
[lidar_localization_node-1] [WARN] [1783472716.848254918] [lidar_localization]: The fitness score is over 6.000000.
[lidar_localization_node-1] [WARN] [1783472716.892257131] [lidar_localization]: The fitness score is over 6.000000.
[lidar_localization_node-1] [WARN] [1783472716.920905395] [lidar_localization]: The fitness score is over 6.000000.
[lidar_localization_node-1] [WARN] [1783472716.952854965] [lidar_localization]: The fitness score is over 6.000000.
[lidar_localization_node-1] [WARN] [1783472716.989049355] [lidar_localization]: The fitness score is over 6.000000.
[lidar_localization_node-1] [WARN] [1783472717.027567571] [lidar_localization]: The fitness score is over 6.000000.
[lidar_localization_node-1] [WARN] [1783472717.062524940] [lidar_localization]: The fitness score is over 6.000000.
[lidar_localization_node-1] [WARN] [1783472717.093589345] [lidar_localization]: The fitness score is over 6.000000.
[lidar_localization_node-1] [WARN] [1783472717.130653130] [lidar_localization]: The fitness score is over 6.000000.
[lidar_localization_node-1] [WARN] [1783472717.164784256] [lidar_localization]: The fitness score is over 6.000000.
[lidar_localization_node-1] [WARN] [1783472717.203849826] [lidar_localization]: The fitness score is over 6.000000.
[lidar_localization_node-1] [WARN] [1783472717.243067082] [lidar_localization]: The fitness score is over 6.000000.
[lidar_localization_node-1] [WARN] [1783472717.304804640] [lidar_localization]: The fitness score is over 6.000000.
[lidar_localization_node-1] [WARN] [1783472717.340193130] [lidar_localization]: The fitness score is over 6.000000.
[lidar_localization_node-1] [WARN] [1783472717.390469050] [lidar_localization]: The fitness score is over 6.000000.
[lidar_localization_node-1] [WARN] [1783472717.425012454] [lidar_localization]: The fitness score is over 6.000000.
[lidar_localization_node-1] [WARN] [1783472717.455313947] [lidar_localization]: The fitness score is over 6.000000.
[lidar_localization_node-1] [WARN] [1783472717.503878631] [lidar_localization]: The fitness score is over 6.000000.
[lidar_localization_node-1] [WARN] [1783472717.534606192] [lidar_localization]: The fitness score is over 6.000000.
[lidar_localization_node-1] [WARN] [1783472717.564834485] [lidar_localization]: The fitness score is over 6.000000.
[lidar_localization_node-1] [WARN] [1783472717.595453975] [lidar_localization]: The fitness score is over 6.000000.
[lidar_localization_node-1] [WARN] [1783472717.631674471] [lidar_localization]: The fitness score is over 6.000000.
[lidar_localization_node-1] [WARN] [1783472717.633718427] [lidar_localization]: The fitness score is over 6.000000.
[lidar_localization_node-1] [WARN] [1783472717.662642701] [lidar_localization]: The fitness score is over 6.000000.
[lidar_localization_node-1] [WARN] [1783472717.696360015] [lidar_localization]: The fitness score is over 6.000000.
[lidar_localization_node-1] [WARN] [1783472717.734204186] [lidar_localization]: The fitness score is over 6.000000.
[lidar_localization_node-1] [WARN] [1783472717.767385974] [lidar_localization]: The fitness score is over 6.000000.
[lidar_localization_node-1] [WARN] [1783472717.799763553] [lidar_localization]: The fitness score is over 6.000000.
[lidar_localization_node-1] [WARN] [1783472717.837508643] [lidar_localization]: The fitness score is over 6.000000.
[lidar_localization_node-1] [WARN] [1783472717.875020524] [lidar_localization]: The fitness score is over 6.000000.
[lidar_localization_node-1] [WARN] [1783472717.915295045] [lidar_localization]: The fitness score is over 6.000000.
[lidar_localization_node-1] [WARN] [1783472717.948629657] [lidar_localization]: The fitness score is over 6.000000.
[lidar_localization_node-1] [WARN] [1783472718.012657576] [lidar_localization]: The fitness score is over 6.000000.
[lidar_localization_node-1] [WARN] [1783472718.049203400] [lidar_localization]: The fitness score is over 6.000000.
[lidar_localization_node-1] [WARN] [1783472718.092956073] [lidar_localization]: The fitness score is over 6.000000.
[lidar_localization_node-1] [WARN] [1783472718.136386413] [lidar_localization]: The fitness score is over 6.000000.
[lidar_localization_node-1] [WARN] [1783472718.166397777] [lidar_localization]: The fitness score is over 6.000000.
[lidar_localization_node-1] [WARN] [1783472718.214421998] [lidar_localization]: The fitness score is over 6.000000.
[lidar_localization_node-1] [WARN] [1783472718.258560124] [lidar_localization]: The fitness score is over 6.000000.
[lidar_localization_node-1] [WARN] [1783472718.312953961] [lidar_localization]: The fitness score is over 6.000000.
[lidar_localization_node-1] [WARN] [1783472718.356496944] [lidar_localization]: The fitness score is over 6.000000.
[lidar_localization_node-1] [WARN] [1783472718.409200388] [lidar_localization]: The fitness score is over 6.000000.
[lidar_localization_node-1] [WARN] [1783472718.430384662] [lidar_localization]: The fitness score is over 6.000000.
[lidar_localization_node-1] [WARN] [1783472718.462118998] [lidar_localization]: The fitness score is over 6.000000.
[lidar_localization_node-1] [WARN] [1783472718.507076267] [lidar_localization]: The fitness score is over 6.000000.
[lidar_localization_node-1] [WARN] [1783472718.558884945] [lidar_localization]: The fitness score is over 6.000000.
[lidar_localization_node-1] [WARN] [1783472718.597811348] [lidar_localization]: The fitness score is over 6.000000.
[lidar_localization_node-1] [WARN] [1783472718.639896290] [lidar_localization]: The fitness score is over 6.000000.
[lidar_localization_node-1] [WARN] [1783472718.716196110] [lidar_localization]: The fitness score is over 6.000000.
[lidar_localization_node-1] [WARN] [1783472718.757858110] [lidar_localization]: The fitness score is over 6.000000.
[lidar_localization_node-1] [WARN] [1783472718.809454687] [lidar_localization]: The fitness score is over 6.000000.
[lidar_localization_node-1] [WARN] [1783472718.850774019] [lidar_localization]: The fitness score is over 6.000000.
[lidar_localization_node-1] [WARN] [1783472718.882553251] [lidar_localization]: The fitness score is over 6.000000.
[lidar_localization_node-1] [WARN] [1783472718.917563855] [lidar_localization]: The fitness score is over 6.000000.
[lidar_localization_node-1] [WARN] [1783472718.955384698] [lidar_localization]: The fitness score is over 6.000000.
[lidar_localization_node-1] [WARN] [1783472718.994580268] [lidar_localization]: The fitness score is over 6.000000.
[lidar_localization_node-1] [WARN] [1783472719.038419923] [lidar_localization]: The fitness score is over 6.000000.
[lidar_localization_node-1] [WARN] [1783472719.142996690] [lidar_localization]: The fitness score is over 6.000000.
[lidar_localization_node-1] [WARN] [1783472719.237442059] [lidar_localization]: The fitness score is over 6.000000.
[lidar_localization_node-1] [WARN] [1783472719.279778968] [lidar_localization]: The fitness score is over 6.000000.
[lidar_localization_node-1] [WARN] [1783472719.329957003] [lidar_localization]: The fitness score is over 6.000000.
[lidar_localization_node-1] [WARN] [1783472719.366484404] [lidar_localization]: The fitness score is over 6.000000.
[lidar_localization_node-1] [WARN] [1783472719.419841133] [lidar_localization]: The fitness score is over 6.000000.
[lidar_localization_node-1] [WARN] [1783472719.463637910] [lidar_localization]: The fitness score is over 6.000000.
[lidar_localization_node-1] [WARN] [1783472719.496124438] [lidar_localization]: The fitness score is over 6.000000.
[lidar_localization_node-1] [WARN] [1783472719.533678644] [lidar_localization]: The fitness score is over 6.000000.
[lidar_localization_node-1] [WARN] [1783472719.574957817] [lidar_localization]: The fitness score is over 6.000000.
[lidar_localization_node-1] [WARN] [1783472719.633988722] [lidar_localization]: The fitness score is over 6.000000.
[lidar_localization_node-1] [WARN] [1783472719.671206306] [lidar_localization]: The fitness score is over 6.000000.
[lidar_localization_node-1] [WARN] [1783472719.726496255] [lidar_localization]: The fitness score is over 6.000000.
[lidar_localization_node-1] [WARN] [1783472719.769800054] [lidar_localization]: The fitness score is over 6.000000.
[lidar_localization_node-1] [WARN] [1783472719.799801834] [lidar_localization]: The fitness score is over 6.000000.
[lidar_localization_node-1] [WARN] [1783472719.827453005] [lidar_localization]: The fitness score is over 6.000000.
[lidar_localization_node-1] [WARN] [1783472719.858832971] [lidar_localization]: The fitness score is over 6.000000.
[lidar_localization_node-1] [WARN] [1783472719.886945177] [lidar_localization]: The fitness score is over 6.000000.
[lidar_localization_node-1] [WARN] [1783472719.932810620] [lidar_localization]: The fitness score is over 6.000000.
[lidar_localization_node-1] [WARN] [1783472719.964962198] [lidar_localization]: The fitness score is over 6.000000.
[lidar_localization_node-1] [WARN] [1783472719.993113974] [lidar_localization]: The fitness score is over 6.000000.
[lidar_localization_node-1] [WARN] [1783472720.038616726] [lidar_localization]: The fitness score is over 6.000000.
[lidar_localization_node-1] [WARN] [1783472720.068282494] [lidar_localization]: The fitness score is over 6.000000.
[lidar_localization_node-1] [WARN] [1783472720.127398283] [lidar_localization]: The fitness score is over 6.000000.
[lidar_localization_node-1] [WARN] [1783472720.139075917] [lidar_localization]: The fitness score is over 6.000000.
[lidar_localization_node-1] [WARN] [1783472720.160871751] [lidar_localization]: The fitness score is over 6.000000.
[lidar_localization_node-1] [WARN] [1783472720.188744207] [lidar_localization]: The fitness score is over 6.000000.
[lidar_localization_node-1] [WARN] [1783472720.234228162] [lidar_localization]: The fitness score is over 6.000000.
[lidar_localization_node-1] [WARN] [1783472720.273703721] [lidar_localization]: The fitness score is over 6.000000.
[lidar_localization_node-1] [WARN] [1783472720.304079158] [lidar_localization]: The fitness score is over 6.000000.
[lidar_localization_node-1] [WARN] [1783472720.335066331] [lidar_localization]: The fitness score is over 6.000000.
[lidar_localization_node-1] [WARN] [1783472720.369312208] [lidar_localization]: The fitness score is over 6.000000.
[lidar_localization_node-1] [WARN] [1783472720.401208774] [lidar_localization]: The fitness score is over 6.000000.
[lidar_localization_node-1] [WARN] [1783472720.436939509] [lidar_localization]: The fitness score is over 6.000000.
[lidar_localization_node-1] [WARN] [1783472720.469386955] [lidar_localization]: The fitness score is over 6.000000.
[lidar_localization_node-1] [WARN] [1783472720.498526912] [lidar_localization]: The fitness score is over 6.000000.
[lidar_localization_node-1] [WARN] [1783472720.533091362] [lidar_localization]: The fitness score is over 6.000000.
[lidar_localization_node-1] [WARN] [1783472720.562147872] [lidar_localization]: The fitness score is over 6.000000.
[lidar_localization_node-1] [WARN] [1783472720.590327618] [lidar_localization]: The fitness score is over 6.000000.
[lidar_localization_node-1] [WARN] [1783472720.638754396] [lidar_localization]: The fitness score is over 6.000000.
[lidar_localization_node-1] [WARN] [1783472720.664914159] [lidar_localization]: The fitness score is over 6.000000.
[lidar_localization_node-1] [WARN] [1783472720.691589135] [lidar_localization]: The fitness score is over 6.000000.
[lidar_localization_node-1] [WARN] [1783472720.742065325] [lidar_localization]: The fitness score is over 6.000000.
[lidar_localization_node-1] [WARN] [1783472720.768179821] [lidar_localization]: The fitness score is over 6.000000.
[lidar_localization_node-1] [WARN] [1783472720.796059282] [lidar_localization]: The fitness score is over 6.000000.
[lidar_localization_node-1] [WARN] [1783472720.840886756] [lidar_localization]: The fitness score is over 6.000000.
[lidar_localization_node-1] [WARN] [1783472720.871094978] [lidar_localization]: The fitness score is over 6.000000.
[lidar_localization_node-1] [WARN] [1783472720.899020628] [lidar_localization]: The fitness score is over 6.000000.
[lidar_localization_node-1] [WARN] [1783472720.941571236] [lidar_localization]: The fitness score is over 6.000000.
[lidar_localization_node-1] [WARN] [1783472720.962400238] [lidar_localization]: The fitness score is over 6.000000.
[lidar_localization_node-1] [WARN] [1783472720.970223833] [lidar_localization]: The fitness score is over 6.000000.
[lidar_localization_node-1] [WARN] [1783472721.050425745] [lidar_localization]: The fitness score is over 6.000000.
[lidar_localization_node-1] [WARN] [1783472721.082966912] [lidar_localization]: The fitness score is over 6.000000.
[lidar_localization_node-1] [WARN] [1783472721.145643093] [lidar_localization]: The fitness score is over 6.000000.
[lidar_localization_node-1] [WARN] [1783472721.174523638] [lidar_localization]: The fitness score is over 6.000000.
[lidar_localization_node-1] [WARN] [1783472721.246695306] [lidar_localization]: The fitness score is over 6.000000.
[lidar_localization_node-1] [WARN] [1783472721.274709328] [lidar_localization]: The fitness score is over 6.000000.
[lidar_localization_node-1] [WARN] [1783472721.341179525] [lidar_localization]: The fitness score is over 6.000000.
[lidar_localization_node-1] [WARN] [1783472721.367668030] [lidar_localization]: The fitness score is over 6.000000.
[lidar_localization_node-1] [WARN] [1783472721.444204683] [lidar_localization]: The fitness score is over 6.000000.
[lidar_localization_node-1] [WARN] [1783472721.473055706] [lidar_localization]: The fitness score is over 6.000000.
[lidar_localization_node-1] [WARN] [1783472721.504294044] [lidar_localization]: The fitness score is over 6.000000.
[lidar_localization_node-1] [WARN] [1783472721.546447285] [lidar_localization]: The fitness score is over 6.000000.
[lidar_localization_node-1] [WARN] [1783472721.571974255] [lidar_localization]: The fitness score is over 6.000000.
[lidar_localization_node-1] [WARN] [1783472721.600719455] [lidar_localization]: The fitness score is over 6.000000.
[lidar_localization_node-1] [WARN] [1783472721.646798037] [lidar_localization]: The fitness score is over 6.000000.
[lidar_localization_node-1] [WARN] [1783472721.672573575] [lidar_localization]: The fitness score is over 6.000000.
[lidar_localization_node-1] [WARN] [1783472721.701227592] [lidar_localization]: The fitness score is over 6.000000.
[lidar_localization_node-1] [WARN] [1783472721.756162686] [lidar_localization]: The fitness score is over 6.000000.
[lidar_localization_node-1] [WARN] [1783472721.784339057] [lidar_localization]: The fitness score is over 6.000000.
[lidar_localization_node-1] [WARN] [1783472721.794764583] [lidar_localization]: The fitness score is over 6.000000.
[lidar_localization_node-1] [WARN] [1783472721.811044814] [lidar_localization]: The fitness score is over 6.000000.
[lidar_localization_node-1] [WARN] [1783472721.849029623] [lidar_localization]: The fitness score is over 6.000000.
[lidar_localization_node-1] [WARN] [1783472721.882504487] [lidar_localization]: The fitness score is over 6.000000.
[lidar_localization_node-1] [WARN] [1783472721.908755285] [lidar_localization]: The fitness score is over 6.000000.
[lidar_localization_node-1] [WARN] [1783472721.953529325] [lidar_localization]: The fitness score is over 6.000000.
[lidar_localization_node-1] [WARN] [1783472721.983372398] [lidar_localization]: The fitness score is over 6.000000.
[lidar_localization_node-1] [WARN] [1783472722.010542096] [lidar_localization]: The fitness score is over 6.000000.
[lidar_localization_node-1] [WARN] [1783472722.060106219] [lidar_localization]: The fitness score is over 6.000000.
[lidar_localization_node-1] [WARN] [1783472722.088403592] [lidar_localization]: The fitness score is over 6.000000.
[lidar_localization_node-1] [WARN] [1783472722.115612638] [lidar_localization]: The fitness score is over 6.000000.
[lidar_localization_node-1] [WARN] [1783472722.194854874] [lidar_localization]: The fitness score is over 6.000000.
[lidar_localization_node-1] [WARN] [1783472722.295203419] [lidar_localization]: The fitness score is over 6.000000.
[lidar_localization_node-1] [WARN] [1783472722.356409854] [lidar_localization]: The fitness score is over 6.000000.
[lidar_localization_node-1] [WARN] [1783472722.388178876] [lidar_localization]: The fitness score is over 6.000000.
[lidar_localization_node-1] [WARN] [1783472722.419970093] [lidar_localization]: The fitness score is over 6.000000.
[lidar_localization_node-1] [WARN] [1783472722.461408615] [lidar_localization]: The fitness score is over 6.000000.
[lidar_localization_node-1] [WARN] [1783472722.494821629] [lidar_localization]: The fitness score is over 6.000000.
[lidar_localization_node-1] [WARN] [1783472722.520985633] [lidar_localization]: The fitness score is over 6.000000.
[lidar_localization_node-1] [WARN] [1783472722.569501646] [lidar_localization]: The fitness score is over 6.000000.
[lidar_localization_node-1] [WARN] [1783472722.598599881] [lidar_localization]: The fitness score is over 6.000000.
[lidar_localization_node-1] [WARN] [1783472722.607514498] [lidar_localization]: The fitness score is over 6.000000.
[lidar_localization_node-1] [WARN] [1783472722.626200011] [lidar_localization]: The fitness score is over 6.000000.
[lidar_localization_node-1] [WARN] [1783472722.661825602] [lidar_localization]: The fitness score is over 6.000000.
[lidar_localization_node-1] [WARN] [1783472722.691035436] [lidar_localization]: The fitness score is over 6.000000.
[lidar_localization_node-1] [WARN] [1783472722.723336761] [lidar_localization]: The fitness score is over 6.000000.
[lidar_localization_node-1] [WARN] [1783472722.772330806] [lidar_localization]: The fitness score is over 6.000000.
[lidar_localization_node-1] [WARN] [1783472722.805142051] [lidar_localization]: The fitness score is over 6.000000.
[lidar_localization_node-1] [WARN] [1783472722.834646148] [lidar_localization]: The fitness score is over 6.000000.
[lidar_localization_node-1] [WARN] [1783472722.870513921] [lidar_localization]: The fitness score is over 6.000000.
[lidar_localization_node-1] [WARN] [1783472722.900992414] [lidar_localization]: The fitness score is over 6.000000.
[lidar_localization_node-1] [WARN] [1783472722.930763859] [lidar_localization]: The fitness score is over 6.000000.
[lidar_localization_node-1] [WARN] [1783472722.969677636] [lidar_localization]: The fitness score is over 6.000000.
[lidar_localization_node-1] [WARN] [1783472722.995673808] [lidar_localization]: The fitness score is over 6.000000.
[lidar_localization_node-1] [WARN] [1783472723.020999272] [lidar_localization]: The fitness score is over 6.000000.
[lidar_localization_node-1] [WARN] [1783472723.068609300] [lidar_localization]: The fitness score is over 6.000000.
[lidar_localization_node-1] [WARN] [1783472723.094507920] [lidar_localization]: The fitness score is over 6.000000.
[lidar_localization_node-1] [WARN] [1783472723.121118531] [lidar_localization]: The fitness score is over 6.000000.
[lidar_localization_node-1] [WARN] [1783472723.169889676] [lidar_localization]: The fitness score is over 6.000000.
[lidar_localization_node-1] [WARN] [1783472723.197711636] [lidar_localization]: The fitness score is over 6.000000.
[lidar_localization_node-1] [WARN] [1783472723.224545943] [lidar_localization]: The fitness score is over 6.000000.
[lidar_localization_node-1] [WARN] [1783472723.276667197] [lidar_localization]: The fitness score is over 6.000000.
[lidar_localization_node-1] [WARN] [1783472723.303202111] [lidar_localization]: The fitness score is over 6.000000.
[lidar_localization_node-1] [WARN] [1783472723.328085630] [lidar_localization]: The fitness score is over 6.000000.
[lidar_localization_node-1] [WARN] [1783472723.372893765] [lidar_localization]: The fitness score is over 6.000000.
[lidar_localization_node-1] [WARN] [1783472723.404316786] [lidar_localization]: The fitness score is over 6.000000.
[lidar_localization_node-1] [WARN] [1783472723.430534933] [lidar_localization]: The fitness score is over 6.000000.
[lidar_localization_node-1] [WARN] [1783472723.476153044] [lidar_localization]: The fitness score is over 6.000000.
[lidar_localization_node-1] [WARN] [1783472723.499425999] [lidar_localization]: The fitness score is over 6.000000.
[lidar_localization_node-1] [WARN] [1783472723.507780399] [lidar_localization]: The fitness score is over 6.000000.
[lidar_localization_node-1] [WARN] [1783472723.538856991] [lidar_localization]: The fitness score is over 6.000000.
[lidar_localization_node-1] [WARN] [1783472723.597719447] [lidar_localization]: The fitness score is over 6.000000.
[lidar_localization_node-1] [WARN] [1783472723.640013451] [lidar_localization]: The fitness score is over 6.000000.
[lidar_localization_node-1] [WARN] [1783472723.690440797] [lidar_localization]: The fitness score is over 6.000000.
[lidar_localization_node-1] [WARN] [1783472723.720102520] [lidar_localization]: The fitness score is over 6.000000.
[lidar_localization_node-1] [WARN] [1783472723.785238084] [lidar_localization]: The fitness score is over 6.000000.
[lidar_localization_node-1] [WARN] [1783472723.812425783] [lidar_localization]: The fitness score is over 6.000000.
[lidar_localization_node-1] [WARN] [1783472723.837063044] [lidar_localization]: The fitness score is over 6.000000.
[lidar_localization_node-1] [WARN] [1783472723.879752879] [lidar_localization]: The fitness score is over 6.000000.
[lidar_localization_node-1] [WARN] [1783472723.908883000] [lidar_localization]: The fitness score is over 6.000000.
[lidar_localization_node-1] [WARN] [1783472723.934375954] [lidar_localization]: The fitness score is over 6.000000.
[lidar_localization_node-1] [WARN] [1783472723.987181898] [lidar_localization]: The fitness score is over 6.000000.
[lidar_localization_node-1] [WARN] [1783472724.021763347] [lidar_localization]: The fitness score is over 6.000000.
[lidar_localization_node-1] [WARN] [1783472724.089216657] [lidar_localization]: The fitness score is over 6.000000.
[lidar_localization_node-1] [WARN] [1783472724.129169372] [lidar_localization]: The fitness score is over 6.000000.
[lidar_localization_node-1] [WARN] [1783472724.191590490] [lidar_localization]: The fitness score is over 6.000000.
[lidar_localization_node-1] [WARN] [1783472724.222922778] [lidar_localization]: The fitness score is over 6.000000.
[lidar_localization_node-1] [WARN] [1783472724.245833059] [lidar_localization]: The fitness score is over 6.000000.
[lidar_localization_node-1] [WARN] [1783472724.253112433] [lidar_localization]: The fitness score is over 6.000000.
[lidar_localization_node-1] [WARN] [1783472724.337895624] [lidar_localization]: The fitness score is over 6.000000.
[lidar_localization_node-1] [WARN] [1783472724.489788781] [lidar_localization]: The fitness score is over 6.000000.
[lidar_localization_node-1] [WARN] [1783472724.593799984] [lidar_localization]: The fitness score is over 6.000000.
[lidar_localization_node-1] [WARN] [1783472724.704077627] [lidar_localization]: The fitness score is over 6.000000.
[lidar_localization_node-1] [WARN] [1783472724.732610235] [lidar_localization]: The fitness score is over 6.000000.
[lidar_localization_node-1] [WARN] [1783472724.762371718] [lidar_localization]: The fitness score is over 6.000000.
[lidar_localization_node-1] [WARN] [1783472724.802464643] [lidar_localization]: The fitness score is over 6.000000.
[lidar_localization_node-1] [WARN] [1783472724.833289353] [lidar_localization]: The fitness score is over 6.000000.
[lidar_localization_node-1] [WARN] [1783472724.860788179] [lidar_localization]: The fitness score is over 6.000000.
[lidar_localization_node-1] [WARN] [1783472724.901625449] [lidar_localization]: The fitness score is over 6.000000.
[lidar_localization_node-1] [WARN] [1783472724.932475648] [lidar_localization]: The fitness score is over 6.000000.
[lidar_localization_node-1] [WARN] [1783472724.960296148] [lidar_localization]: The fitness score is over 6.000000.
[lidar_localization_node-1] [WARN] [1783472724.967440993] [lidar_localization]: The fitness score is over 6.000000.
[lidar_localization_node-1] [WARN] [1783472725.044262989] [lidar_localization]: The fitness score is over 6.000000.
[lidar_localization_node-1] [WARN] [1783472725.140156838] [lidar_localization]: The fitness score is over 6.000000.
[lidar_localization_node-1] [WARN] [1783472725.209980645] [lidar_localization]: The fitness score is over 6.000000.
[lidar_localization_node-1] [WARN] [1783472725.246968821] [lidar_localization]: The fitness score is over 6.000000.
[lidar_localization_node-1] [WARN] [1783472725.306930864] [lidar_localization]: The fitness score is over 6.000000.
[lidar_localization_node-1] [WARN] [1783472725.338070140] [lidar_localization]: The fitness score is over 6.000000.
[lidar_localization_node-1] [WARN] [1783472725.365900439] [lidar_localization]: The fitness score is over 6.000000.
[lidar_localization_node-1] [WARN] [1783472725.409840065] [lidar_localization]: The fitness score is over 6.000000.
[lidar_localization_node-1] [WARN] [1783472725.440735338] [lidar_localization]: The fitness score is over 6.000000.
[lidar_localization_node-1] [WARN] [1783472725.469408243] [lidar_localization]: The fitness score is over 6.000000.
[lidar_localization_node-1] [WARN] [1783472725.511096403] [lidar_localization]: The fitness score is over 6.000000.
[lidar_localization_node-1] [WARN] [1783472725.543861369] [lidar_localization]: The fitness score is over 6.000000.
[lidar_localization_node-1] [WARN] [1783472725.580466953] [lidar_localization]: The fitness score is over 6.000000.
[lidar_localization_node-1] [WARN] [1783472725.611310612] [lidar_localization]: The fitness score is over 6.000000.
[lidar_localization_node-1] [WARN] [1783472725.652242115] [lidar_localization]: The fitness score is over 6.000000.
[lidar_localization_node-1] [WARN] [1783472725.683536479] [lidar_localization]: The fitness score is over 6.000000.
[lidar_localization_node-1] [WARN] [1783472725.710259948] [lidar_localization]: The fitness score is over 6.000000.
[lidar_localization_node-1] [WARN] [1783472725.741045171] [lidar_localization]: The fitness score is over 6.000000.
[lidar_localization_node-1] [WARN] [1783472725.777499493] [lidar_localization]: The fitness score is over 6.000000.
[lidar_localization_node-1] [WARN] [1783472725.812574088] [lidar_localization]: The fitness score is over 6.000000.
[lidar_localization_node-1] [WARN] [1783472725.845971284] [lidar_localization]: The fitness score is over 6.000000.
[lidar_localization_node-1] [WARN] [1783472725.878336794] [lidar_localization]: The fitness score is over 6.000000.
[lidar_localization_node-1] [WARN] [1783472725.917838788] [lidar_localization]: The fitness score is over 6.000000.
[lidar_localization_node-1] [WARN] [1783472725.950485844] [lidar_localization]: The fitness score is over 6.000000.
[lidar_localization_node-1] [WARN] [1783472725.980259678] [lidar_localization]: The fitness score is over 6.000000.
[lidar_localization_node-1] [WARN] [1783472726.014076015] [lidar_localization]: The fitness score is over 6.000000.
[lidar_localization_node-1] [WARN] [1783472726.044552213] [lidar_localization]: The fitness score is over 6.000000.
[lidar_localization_node-1] [WARN] [1783472726.073895820] [lidar_localization]: The fitness score is over 6.000000.
[lidar_localization_node-1] [WARN] [1783472726.120144951] [lidar_localization]: The fitness score is over 6.000000.
[lidar_localization_node-1] [WARN] [1783472726.151189128] [lidar_localization]: The fitness score is over 6.000000.
[lidar_localization_node-1] [WARN] [1783472726.180156910] [lidar_localization]: The fitness score is over 6.000000.
[lidar_localization_node-1] [WARN] [1783472726.222513336] [lidar_localization]: The fitness score is over 6.000000.
[lidar_localization_node-1] [WARN] [1783472726.255441422] [lidar_localization]: The fitness score is over 6.000000.
[lidar_localization_node-1] [WARN] [1783472726.284472010] [lidar_localization]: The fitness score is over 6.000000.
[lidar_localization_node-1] [WARN] [1783472726.323554988] [lidar_localization]: The fitness score is over 6.000000.
[lidar_localization_node-1] [WARN] [1783472726.354160414] [lidar_localization]: The fitness score is over 6.000000.
[lidar_localization_node-1] [WARN] [1783472726.383488071] [lidar_localization]: The fitness score is over 6.000000.
[lidar_localization_node-1] [WARN] [1783472726.420562323] [lidar_localization]: The fitness score is over 6.000000.
[lidar_localization_node-1] [WARN] [1783472726.423883634] [lidar_localization]: The fitness score is over 6.000000.
[lidar_localization_node-1] [WARN] [1783472726.453545795] [lidar_localization]: The fitness score is over 6.000000.
[lidar_localization_node-1] [WARN] [1783472726.485042917] [lidar_localization]: The fitness score is over 6.000000.
[lidar_localization_node-1] [WARN] [1783472726.526679079] [lidar_localization]: The fitness score is over 6.000000.
[lidar_localization_node-1] [WARN] [1783472726.557574544] [lidar_localization]: The fitness score is over 6.000000.
[lidar_localization_node-1] [WARN] [1783472726.586893656] [lidar_localization]: The fitness score is over 6.000000.
[lidar_localization_node-1] [WARN] [1783472726.629107292] [lidar_localization]: The fitness score is over 6.000000.
[lidar_localization_node-1] [WARN] [1783472726.665723290] [lidar_localization]: The fitness score is over 6.000000.
[lidar_localization_node-1] [WARN] [1783472726.698768450] [lidar_localization]: The fitness score is over 6.000000.
[lidar_localization_node-1] [WARN] [1783472726.731334260] [lidar_localization]: The fitness score is over 6.000000.
[lidar_localization_node-1] [WARN] [1783472726.772126993] [lidar_localization]: The fitness score is over 6.000000.
[lidar_localization_node-1] [WARN] [1783472726.842954378] [lidar_localization]: The fitness score is over 6.000000.
[lidar_localization_node-1] [WARN] [1783472726.871985341] [lidar_localization]: The fitness score is over 6.000000.
[lidar_localization_node-1] [WARN] [1783472726.937457701] [lidar_localization]: The fitness score is over 6.000000.
[lidar_localization_node-1] [WARN] [1783472726.968057034] [lidar_localization]: The fitness score is over 6.000000.
[lidar_localization_node-1] [WARN] [1783472727.033141582] [lidar_localization]: The fitness score is over 6.000000.
[lidar_localization_node-1] [WARN] [1783472727.073454039] [lidar_localization]: The fitness score is over 6.000000.
[lidar_localization_node-1] [WARN] [1783472727.122396791] [lidar_localization]: The fitness score is over 6.000000.
[lidar_localization_node-1] [WARN] [1783472727.134294169] [lidar_localization]: The fitness score is over 6.000000.
[lidar_localization_node-1] [WARN] [1783472727.168218054] [lidar_localization]: The fitness score is over 6.000000.
[lidar_localization_node-1] [WARN] [1783472727.241569060] [lidar_localization]: The fitness score is over 6.000000.
[lidar_localization_node-1] [WARN] [1783472727.271949378] [lidar_localization]: The fitness score is over 6.000000.
[lidar_localization_node-1] [WARN] [1783472727.341778969] [lidar_localization]: The fitness score is over 6.000000.
[lidar_localization_node-1] [WARN] [1783472727.372845626] [lidar_localization]: The fitness score is over 6.000000.
[lidar_localization_node-1] [WARN] [1783472727.441966073] [lidar_localization]: The fitness score is over 6.000000.
[lidar_localization_node-1] [WARN] [1783472727.474094875] [lidar_localization]: The fitness score is over 6.000000.
[lidar_localization_node-1] [WARN] [1783472727.509780147] [lidar_localization]: The fitness score is over 6.000000.
[lidar_localization_node-1] [WARN] [1783472727.542985138] [lidar_localization]: The fitness score is over 6.000000.
[lidar_localization_node-1] [WARN] [1783472727.575849850] [lidar_localization]: The fitness score is over 6.000000.
[lidar_localization_node-1] [WARN] [1783472727.641165384] [lidar_localization]: The fitness score is over 6.000000.
[lidar_localization_node-1] [WARN] [1783472727.672339628] [lidar_localization]: The fitness score is over 6.000000.
[lidar_localization_node-1] [WARN] [1783472727.707279042] [lidar_localization]: The fitness score is over 6.000000.
[lidar_localization_node-1] [WARN] [1783472727.739601042] [lidar_localization]: The fitness score is over 6.000000.
[lidar_localization_node-1] [WARN] [1783472727.768485823] [lidar_localization]: The fitness score is over 6.000000.
[lidar_localization_node-1] [WARN] [1783472727.776136285] [lidar_localization]: The fitness score is over 6.000000.
[lidar_localization_node-1] [WARN] [1783472727.798778286] [lidar_localization]: The fitness score is over 6.000000.
[lidar_localization_node-1] [WARN] [1783472727.851938132] [lidar_localization]: The fitness score is over 6.000000.
[lidar_localization_node-1] [WARN] [1783472727.890766508] [lidar_localization]: The fitness score is over 6.000000.
[lidar_localization_node-1] [WARN] [1783472727.949640523] [lidar_localization]: The fitness score is over 6.000000.
[lidar_localization_node-1] [WARN] [1783472727.986953048] [lidar_localization]: The fitness score is over 6.000000.
[lidar_localization_node-1] [WARN] [1783472728.017342603] [lidar_localization]: The fitness score is over 6.000000.
[lidar_localization_node-1] [WARN] [1783472728.047237235] [lidar_localization]: The fitness score is over 6.000000.
[lidar_localization_node-1] [WARN] [1783472728.080206627] [lidar_localization]: The fitness score is over 6.000000.
[lidar_localization_node-1] [WARN] [1783472728.149662616] [lidar_localization]: The fitness score is over 6.000000.
[lidar_localization_node-1] [WARN] [1783472728.179787852] [lidar_localization]: The fitness score is over 6.000000.
[lidar_localization_node-1] [WARN] [1783472728.209737670] [lidar_localization]: The fitness score is over 6.000000.
[lidar_localization_node-1] [WARN] [1783472728.244866122] [lidar_localization]: The fitness score is over 6.000000.
[lidar_localization_node-1] [WARN] [1783472728.273306289] [lidar_localization]: The fitness score is over 6.000000.
[lidar_localization_node-1] [WARN] [1783472728.302080076] [lidar_localization]: The fitness score is over 6.000000.
[lidar_localization_node-1] [WARN] [1783472728.351746492] [lidar_localization]: The fitness score is over 6.000000.
[lidar_localization_node-1] [WARN] [1783472728.379446010] [lidar_localization]: The fitness score is over 6.000000.
[lidar_localization_node-1] [WARN] [1783472728.399991385] [lidar_localization]: The fitness score is over 6.000000.
[lidar_localization_node-1] [WARN] [1783472728.416036256] [lidar_localization]: The fitness score is over 6.000000.
[lidar_localization_node-1] [WARN] [1783472728.450170995] [lidar_localization]: The fitness score is over 6.000000.
[lidar_localization_node-1] [WARN] [1783472728.480176263] [lidar_localization]: The fitness score is over 6.000000.
[lidar_localization_node-1] [WARN] [1783472728.512504987] [lidar_localization]: The fitness score is over 6.000000.
[lidar_localization_node-1] [WARN] [1783472728.551972865] [lidar_localization]: The fitness score is over 6.000000.
[lidar_localization_node-1] [WARN] [1783472728.581944070] [lidar_localization]: The fitness score is over 6.000000.
[lidar_localization_node-1] [WARN] [1783472728.612277146] [lidar_localization]: The fitness score is over 6.000000.
[lidar_localization_node-1] [WARN] [1783472728.652376613] [lidar_localization]: The fitness score is over 6.000000.
[lidar_localization_node-1] [WARN] [1783472728.680629086] [lidar_localization]: The fitness score is over 6.000000.
[lidar_localization_node-1] [WARN] [1783472728.708801325] [lidar_localization]: The fitness score is over 6.000000.
[lidar_localization_node-1] [WARN] [1783472728.753711034] [lidar_localization]: The fitness score is over 6.000000.
[lidar_localization_node-1] [WARN] [1783472728.786185624] [lidar_localization]: The fitness score is over 6.000000.
[lidar_localization_node-1] [WARN] [1783472728.816601332] [lidar_localization]: The fitness score is over 6.000000.
[lidar_localization_node-1] [WARN] [1783472728.865387960] [lidar_localization]: The fitness score is over 6.000000.
[lidar_localization_node-1] [WARN] [1783472728.902743948] [lidar_localization]: The fitness score is over 6.000000.
[lidar_localization_node-1] [WARN] [1783472728.962994564] [lidar_localization]: The fitness score is over 6.000000.
[lidar_localization_node-1] [WARN] [1783472728.997930897] [lidar_localization]: The fitness score is over 6.000000.
[lidar_localization_node-1] [WARN] [1783472729.004169565] [lidar_localization]: The fitness score is over 6.000000.
[lidar_localization_node-1] [WARN] [1783472729.025690181] [lidar_localization]: The fitness score is over 6.000000.
[lidar_localization_node-1] [WARN] [1783472729.056017754] [lidar_localization]: The fitness score is over 6.000000.
[lidar_localization_node-1] [WARN] [1783472729.086305854] [lidar_localization]: The fitness score is over 6.000000.
[lidar_localization_node-1] [WARN] [1783472729.116113881] [lidar_localization]: The fitness score is over 6.000000.
[lidar_localization_node-1] [WARN] [1783472729.161744193] [lidar_localization]: The fitness score is over 6.000000.
[lidar_localization_node-1] [WARN] [1783472729.191385159] [lidar_localization]: The fitness score is over 6.000000.
[lidar_localization_node-1] [WARN] [1783472729.220669166] [lidar_localization]: The fitness score is over 6.000000.
[lidar_localization_node-1] [WARN] [1783472729.264572388] [lidar_localization]: The fitness score is over 6.000000.
[lidar_localization_node-1] [WARN] [1783472729.293691490] [lidar_localization]: The fitness score is over 6.000000.
[lidar_localization_node-1] [WARN] [1783472729.322278540] [lidar_localization]: The fitness score is over 6.000000.
[lidar_localization_node-1] [WARN] [1783472729.356882631] [lidar_localization]: The fitness score is over 6.000000.
[lidar_localization_node-1] [WARN] [1783472729.384114959] [lidar_localization]: The fitness score is over 6.000000.
[lidar_localization_node-1] [WARN] [1783472729.415326638] [lidar_localization]: The fitness score is over 6.000000.
[lidar_localization_node-1] [WARN] [1783472729.463459344] [lidar_localization]: The fitness score is over 6.000000.
[lidar_localization_node-1] [WARN] [1783472729.492670623] [lidar_localization]: The fitness score is over 6.000000.
[lidar_localization_node-1] [WARN] [1783472729.518391275] [lidar_localization]: The fitness score is over 6.000000.
[lidar_localization_node-1] [WARN] [1783472729.524129652] [lidar_localization]: The fitness score is over 6.000000.
[lidar_localization_node-1] [WARN] [1783472729.557355555] [lidar_localization]: The fitness score is over 6.000000.
[lidar_localization_node-1] [WARN] [1783472729.586501763] [lidar_localization]: The fitness score is over 6.000000.
[lidar_localization_node-1] [WARN] [1783472729.613505747] [lidar_localization]: The fitness score is over 6.000000.
[lidar_localization_node-1] [WARN] [1783472729.659636984] [lidar_localization]: The fitness score is over 6.000000.
[lidar_localization_node-1] [WARN] [1783472729.693017346] [lidar_localization]: The fitness score is over 6.000000.
[lidar_localization_node-1] [WARN] [1783472729.726828202] [lidar_localization]: The fitness score is over 6.000000.
[lidar_localization_node-1] [WARN] [1783472729.770910085] [lidar_localization]: The fitness score is over 6.000000.
[lidar_localization_node-1] [WARN] [1783472729.799125074] [lidar_localization]: The fitness score is over 6.000000.
[lidar_localization_node-1] [WARN] [1783472729.834811959] [lidar_localization]: The fitness score is over 6.000000.
[lidar_localization_node-1] [WARN] [1783472729.865998415] [lidar_localization]: The fitness score is over 6.000000.
[lidar_localization_node-1] [WARN] [1783472729.892069890] [lidar_localization]: The fitness score is over 6.000000.
[lidar_localization_node-1] [WARN] [1783472729.919556602] [lidar_localization]: The fitness score is over 6.000000.
[lidar_localization_node-1] [WARN] [1783472729.971797069] [lidar_localization]: The fitness score is over 6.000000.
[lidar_localization_node-1] [WARN] [1783472730.001178716] [lidar_localization]: The fitness score is over 6.000000.
[lidar_localization_node-1] [WARN] [1783472730.026450348] [lidar_localization]: The fitness score is over 6.000000.
[lidar_localization_node-1] [WARN] [1783472730.033234989] [lidar_localization]: The fitness score is over 6.000000.
[lidar_localization_node-1] [WARN] [1783472730.073037824] [lidar_localization]: The fitness score is over 6.000000.
[lidar_localization_node-1] [WARN] [1783472730.100590298] [lidar_localization]: The fitness score is over 6.000000.
[lidar_localization_node-1] [WARN] [1783472730.128658471] [lidar_localization]: The fitness score is over 6.000000.
[lidar_localization_node-1] [WARN] [1783472730.169966204] [lidar_localization]: The fitness score is over 6.000000.
[lidar_localization_node-1] [WARN] [1783472730.196962940] [lidar_localization]: The fitness score is over 6.000000.
[lidar_localization_node-1] [WARN] [1783472730.223268278] [lidar_localization]: The fitness score is over 6.000000.
[lidar_localization_node-1] [WARN] [1783472730.273950325] [lidar_localization]: The fitness score is over 6.000000.
[lidar_localization_node-1] [WARN] [1783472730.300034069] [lidar_localization]: The fitness score is over 6.000000.
[lidar_localization_node-1] [WARN] [1783472730.326028117] [lidar_localization]: The fitness score is over 6.000000.
[lidar_localization_node-1] [WARN] [1783472730.374463083] [lidar_localization]: The fitness score is over 6.000000.
[lidar_localization_node-1] [WARN] [1783472730.403729781] [lidar_localization]: The fitness score is over 6.000000.
[lidar_localization_node-1] [WARN] [1783472730.430183335] [lidar_localization]: The fitness score is over 6.000000.
[lidar_localization_node-1] [WARN] [1783472730.469291081] [lidar_localization]: The fitness score is over 6.000000.
[lidar_localization_node-1] [WARN] [1783472730.497210681] [lidar_localization]: The fitness score is over 6.000000.
[lidar_localization_node-1] [WARN] [1783472730.521521364] [lidar_localization]: The fitness score is over 6.000000.
[lidar_localization_node-1] [WARN] [1783472730.551047717] [lidar_localization]: The fitness score is over 6.000000.
[lidar_localization_node-1] [WARN] [1783472730.583910015] [lidar_localization]: The fitness score is over 6.000000.
[lidar_localization_node-1] [WARN] [1783472730.611091239] [lidar_localization]: The fitness score is over 6.000000.
[lidar_localization_node-1] [WARN] [1783472730.640445722] [lidar_localization]: The fitness score is over 6.000000.
[lidar_localization_node-1] [WARN] [1783472730.674571286] [lidar_localization]: The fitness score is over 6.000000.
[lidar_localization_node-1] [WARN] [1783472730.703190221] [lidar_localization]: The fitness score is over 6.000000.
[lidar_localization_node-1] [WARN] [1783472730.738083483] [lidar_localization]: The fitness score is over 6.000000.
[lidar_localization_node-1] [WARN] [1783472730.785161437] [lidar_localization]: The fitness score is over 6.000000.
[lidar_localization_node-1] [WARN] [1783472730.811986836] [lidar_localization]: The fitness score is over 6.000000.
[lidar_localization_node-1] [WARN] [1783472730.844310781] [lidar_localization]: The fitness score is over 6.000000.
[lidar_localization_node-1] [WARN] [1783472730.878916009] [lidar_localization]: The fitness score is over 6.000000.
[lidar_localization_node-1] [WARN] [1783472730.908255311] [lidar_localization]: The fitness score is over 6.000000.
[lidar_localization_node-1] [WARN] [1783472730.940834714] [lidar_localization]: The fitness score is over 6.000000.
[lidar_localization_node-1] [WARN] [1783472730.983734340] [lidar_localization]: The fitness score is over 6.000000.
[lidar_localization_node-1] [WARN] [1783472731.011948229] [lidar_localization]: The fitness score is over 6.000000.
[lidar_localization_node-1] [WARN] [1783472731.032773122] [lidar_localization]: The fitness score is over 6.000000.
[lidar_localization_node-1] [WARN] [1783472731.040972528] [lidar_localization]: The fitness score is over 6.000000.
[lidar_localization_node-1] [WARN] [1783472731.089334142] [lidar_localization]: The fitness score is over 6.000000.
[lidar_localization_node-1] [WARN] [1783472731.118389463] [lidar_localization]: The fitness score is over 6.000000.
[lidar_localization_node-1] [WARN] [1783472731.147276529] [lidar_localization]: The fitness score is over 6.000000.
[lidar_localization_node-1] [WARN] [1783472731.185851141] [lidar_localization]: The fitness score is over 6.000000.
[lidar_localization_node-1] [WARN] [1783472731.226742145] [lidar_localization]: The fitness score is over 6.000000.
[lidar_localization_node-1] [WARN] [1783472731.285116232] [lidar_localization]: The fitness score is over 6.000000.
[lidar_localization_node-1] [WARN] [1783472731.323525199] [lidar_localization]: The fitness score is over 6.000000.
[lidar_localization_node-1] [WARN] [1783472731.382804905] [lidar_localization]: The fitness score is over 6.000000.
[lidar_localization_node-1] [WARN] [1783472731.431789982] [lidar_localization]: The fitness score is over 6.000000.
[lidar_localization_node-1] [WARN] [1783472731.460924392] [lidar_localization]: The fitness score is over 6.000000.
[lidar_localization_node-1] [WARN] [1783472731.484395109] [lidar_localization]: The fitness score is over 6.000000.
[lidar_localization_node-1] [WARN] [1783472731.514684391] [lidar_localization]: The fitness score is over 6.000000.
[lidar_localization_node-1] [WARN] [1783472731.540129629] [lidar_localization]: The fitness score is over 6.000000.
[lidar_localization_node-1] [WARN] [1783472731.583950964] [lidar_localization]: The fitness score is over 6.000000.
[lidar_localization_node-1] [WARN] [1783472731.617170185] [lidar_localization]: The fitness score is over 6.000000.
[lidar_localization_node-1] [WARN] [1783472731.645783179] [lidar_localization]: The fitness score is over 6.000000.
[lidar_localization_node-1] [WARN] [1783472731.692186584] [lidar_localization]: The fitness score is over 6.000000.
[lidar_localization_node-1] [WARN] [1783472731.719093965] [lidar_localization]: The fitness score is over 6.000000.
[lidar_localization_node-1] [WARN] [1783472731.747437163] [lidar_localization]: The fitness score is over 6.000000.
[lidar_localization_node-1] [WARN] [1783472731.792044077] [lidar_localization]: The fitness score is over 6.000000.
[lidar_localization_node-1] [WARN] [1783472731.811157847] [lidar_localization]: The fitness score is over 6.000000.
[lidar_localization_node-1] [WARN] [1783472731.825924984] [lidar_localization]: The fitness score is over 6.000000.
[lidar_localization_node-1] [WARN] [1783472731.859392956] [lidar_localization]: The fitness score is over 6.000000.
[lidar_localization_node-1] [WARN] [1783472731.897413083] [lidar_localization]: The fitness score is over 6.000000.
[lidar_localization_node-1] [WARN] [1783472731.924254248] [lidar_localization]: The fitness score is over 6.000000.
[lidar_localization_node-1] [WARN] [1783472731.953924843] [lidar_localization]: The fitness score is over 6.000000.
[lidar_localization_node-1] [WARN] [1783472731.990088049] [lidar_localization]: The fitness score is over 6.000000.
[lidar_localization_node-1] [WARN] [1783472732.017804680] [lidar_localization]: The fitness score is over 6.000000.
[lidar_localization_node-1] [WARN] [1783472732.044497331] [lidar_localization]: The fitness score is over 6.000000.
[lidar_localization_node-1] [WARN] [1783472732.094748162] [lidar_localization]: The fitness score is over 6.000000.
[lidar_localization_node-1] [WARN] [1783472732.120742621] [lidar_localization]: The fitness score is over 6.000000.
[lidar_localization_node-1] [WARN] [1783472732.151740222] [lidar_localization]: The fitness score is over 6.000000.
[lidar_localization_node-1] [WARN] [1783472732.195570789] [lidar_localization]: The fitness score is over 6.000000.
[lidar_localization_node-1] [WARN] [1783472732.220132499] [lidar_localization]: The fitness score is over 6.000000.
[lidar_localization_node-1] [WARN] [1783472732.236802294] [lidar_localization]: The fitness score is over 6.000000.
[lidar_localization_node-1] [WARN] [1783472732.267823514] [lidar_localization]: The fitness score is over 6.000000.
[lidar_localization_node-1] [WARN] [1783472732.294568994] [lidar_localization]: The fitness score is over 6.000000.
[lidar_localization_node-1] [WARN] [1783472732.321544837] [lidar_localization]: The fitness score is over 6.000000.
[lidar_localization_node-1] [WARN] [1783472732.350349957] [lidar_localization]: The fitness score is over 6.000000.
[lidar_localization_node-1] [WARN] [1783472732.396502225] [lidar_localization]: The fitness score is over 6.000000.
[lidar_localization_node-1] [WARN] [1783472732.424331833] [lidar_localization]: The fitness score is over 6.000000.
[lidar_localization_node-1] [WARN] [1783472732.454152452] [lidar_localization]: The fitness score is over 6.000000.
[lidar_localization_node-1] [WARN] [1783472732.504667259] [lidar_localization]: The fitness score is over 6.000000.
[lidar_localization_node-1] [WARN] [1783472732.531609043] [lidar_localization]: The fitness score is over 6.000000.
[lidar_localization_node-1] [WARN] [1783472732.559885503] [lidar_localization]: The fitness score is over 6.000000.
[lidar_localization_node-1] [WARN] [1783472732.586653732] [lidar_localization]: The fitness score is over 6.000000.
[lidar_localization_node-1] [WARN] [1783472732.600225444] [lidar_localization]: The fitness score is over 6.000000.
[lidar_localization_node-1] [WARN] [1783472732.632830029] [lidar_localization]: The fitness score is over 6.000000.
[lidar_localization_node-1] [WARN] [1783472732.664103147] [lidar_localization]: The fitness score is over 6.000000.
[lidar_localization_node-1] [WARN] [1783472732.707098854] [lidar_localization]: The fitness score is over 6.000000.
[lidar_localization_node-1] [WARN] [1783472732.733170994] [lidar_localization]: The fitness score is over 6.000000.
[lidar_localization_node-1] [WARN] [1783472732.763908457] [lidar_localization]: The fitness score is over 6.000000.
[lidar_localization_node-1] [WARN] [1783472732.802482423] [lidar_localization]: The fitness score is over 6.000000.
[lidar_localization_node-1] [WARN] [1783472732.829988763] [lidar_localization]: The fitness score is over 6.000000.
[lidar_localization_node-1] [WARN] [1783472732.862063434] [lidar_localization]: The fitness score is over 6.000000.
[lidar_localization_node-1] [WARN] [1783472732.875720789] [lidar_localization]: The fitness score is over 6.000000.
[lidar_localization_node-1] [WARN] [1783472732.914022941] [lidar_localization]: The fitness score is over 6.000000.
[lidar_localization_node-1] [WARN] [1783472732.947382395] [lidar_localization]: The fitness score is over 6.000000.
[lidar_localization_node-1] [WARN] [1783472732.977558585] [lidar_localization]: The fitness score is over 6.000000.
[lidar_localization_node-1] [WARN] [1783472733.011005066] [lidar_localization]: The fitness score is over 6.000000.
[lidar_localization_node-1] [WARN] [1783472733.039540157] [lidar_localization]: The fitness score is over 6.000000.
[lidar_localization_node-1] [WARN] [1783472733.073107026] [lidar_localization]: The fitness score is over 6.000000.
[lidar_localization_node-1] [WARN] [1783472733.114106623] [lidar_localization]: The fitness score is over 6.000000.
[lidar_localization_node-1] [WARN] [1783472733.143823540] [lidar_localization]: The fitness score is over 6.000000.
[lidar_localization_node-1] [WARN] [1783472733.204369873] [lidar_localization]: The fitness score is over 6.000000.
[lidar_localization_node-1] [WARN] [1783472733.229638890] [lidar_localization]: The fitness score is over 6.000000.
[lidar_localization_node-1] [WARN] [1783472733.318882110] [lidar_localization]: The fitness score is over 6.000000.
[lidar_localization_node-1] [WARN] [1783472733.362962567] [lidar_localization]: The fitness score is over 6.000000.
[lidar_localization_node-1] [WARN] [1783472733.424191878] [lidar_localization]: The fitness score is over 6.000000.
[lidar_localization_node-1] [WARN] [1783472733.455701342] [lidar_localization]: The fitness score is over 6.000000.
[lidar_localization_node-1] [WARN] [1783472733.458850857] [lidar_localization]: The fitness score is over 6.000000.
[lidar_localization_node-1] [WARN] [1783472733.523186514] [lidar_localization]: The fitness score is over 6.000000.
[lidar_localization_node-1] [WARN] [1783472733.564625652] [lidar_localization]: The fitness score is over 6.000000.
[lidar_localization_node-1] [WARN] [1783472733.625576583] [lidar_localization]: The fitness score is over 6.000000.
[lidar_localization_node-1] [WARN] [1783472733.655275592] [lidar_localization]: The fitness score is over 6.000000.
[lidar_localization_node-1] [WARN] [1783472733.688258696] [lidar_localization]: The fitness score is over 6.000000.
[lidar_localization_node-1] [WARN] [1783472733.716635788] [lidar_localization]: The fitness score is over 6.000000.
[lidar_localization_node-1] [WARN] [1783472733.723089663] [lidar_localization]: The fitness score is over 6.000000.
[lidar_localization_node-1] [WARN] [1783472733.753854575] [lidar_localization]: The fitness score is over 6.000000.
[lidar_localization_node-1] [WARN] [1783472733.783748635] [lidar_localization]: The fitness score is over 6.000000.
[lidar_localization_node-1] [WARN] [1783472733.817718723] [lidar_localization]: The fitness score is over 6.000000.
[lidar_localization_node-1] [WARN] [1783472733.847855585] [lidar_localization]: The fitness score is over 6.000000.
[lidar_localization_node-1] [WARN] [1783472733.852923950] [lidar_localization]: The fitness score is over 6.000000.
[lidar_localization_node-1] [WARN] [1783472733.882676027] [lidar_localization]: The fitness score is over 6.000000.
[lidar_localization_node-1] [WARN] [1783472733.919353837] [lidar_localization]: The fitness score is over 6.000000.
[lidar_localization_node-1] [WARN] [1783472733.974228722] [lidar_localization]: The fitness score is over 6.000000.
[lidar_localization_node-1] [WARN] [1783472734.020010305] [lidar_localization]: The fitness score is over 6.000000.
[lidar_localization_node-1] [WARN] [1783472734.068027248] [lidar_localization]: The fitness score is over 6.000000.
[lidar_localization_node-1] [WARN] [1783472734.090037727] [lidar_localization]: The fitness score is over 6.000000.
[lidar_localization_node-1] [WARN] [1783472734.129690240] [lidar_localization]: The fitness score is over 6.000000.
[lidar_localization_node-1] [WARN] [1783472734.158606809] [lidar_localization]: The fitness score is over 6.000000.
[lidar_localization_node-1] [WARN] [1783472734.190864578] [lidar_localization]: The fitness score is over 6.000000.
[lidar_localization_node-1] [WARN] [1783472734.203850676] [lidar_localization]: The fitness score is over 6.000000.
[lidar_localization_node-1] [WARN] [1783472734.233706453] [lidar_localization]: The fitness score is over 6.000000.
[lidar_localization_node-1] [WARN] [1783472734.267158657] [lidar_localization]: The fitness score is over 6.000000.
[lidar_localization_node-1] [WARN] [1783472734.302182611] [lidar_localization]: The fitness score is over 6.000000.
[lidar_localization_node-1] [WARN] [1783472734.308680910] [lidar_localization]: The fitness score is over 6.000000.
[lidar_localization_node-1] [WARN] [1783472734.343913544] [lidar_localization]: The fitness score is over 6.000000.
[lidar_localization_node-1] [WARN] [1783472734.377355524] [lidar_localization]: The fitness score is over 6.000000.
[lidar_localization_node-1] [WARN] [1783472734.389837280] [lidar_localization]: The fitness score is over 6.000000.
[lidar_localization_node-1] [WARN] [1783472734.430402375] [lidar_localization]: The fitness score is over 6.000000.
[lidar_localization_node-1] [WARN] [1783472734.480013466] [lidar_localization]: The fitness score is over 6.000000.
[lidar_localization_node-1] [WARN] [1783472734.533432247] [lidar_localization]: The fitness score is over 6.000000.
[lidar_localization_node-1] [WARN] [1783472734.540954177] [lidar_localization]: The fitness score is over 6.000000.
[lidar_localization_node-1] [WARN] [1783472734.561760922] [lidar_localization]: The fitness score is over 6.000000.
[lidar_localization_node-1] [WARN] [1783472734.593034868] [lidar_localization]: The fitness score is over 6.000000.
[lidar_localization_node-1] [WARN] [1783472734.605184832] [lidar_localization]: The fitness score is over 6.000000.
[lidar_localization_node-1] [WARN] [1783472734.635385771] [lidar_localization]: The fitness score is over 6.000000.
[lidar_localization_node-1] [WARN] [1783472734.668536992] [lidar_localization]: The fitness score is over 6.000000.
[lidar_localization_node-1] [WARN] [1783472734.670605844] [lidar_localization]: The fitness score is over 6.000000.
[lidar_localization_node-1] [WARN] [1783472734.708123394] [lidar_localization]: The fitness score is over 6.000000.
[lidar_localization_node-1] [WARN] [1783472734.740304224] [lidar_localization]: The fitness score is over 6.000000.
[lidar_localization_node-1] [WARN] [1783472734.740967643] [lidar_localization]: The fitness score is over 6.000000.
[lidar_localization_node-1] [WARN] [1783472734.784782845] [lidar_localization]: The fitness score is over 6.000000.
[lidar_localization_node-1] [WARN] [1783472734.848452376] [lidar_localization]: The fitness score is over 6.000000.
[lidar_localization_node-1] [WARN] [1783472734.851044404] [lidar_localization]: The fitness score is over 6.000000.
[lidar_localization_node-1] [WARN] [1783472734.894371618] [lidar_localization]: The fitness score is over 6.000000.
[lidar_localization_node-1] [WARN] [1783472734.949278891] [lidar_localization]: The fitness score is over 6.000000.
[lidar_localization_node-1] [WARN] [1783472734.955199840] [lidar_localization]: The fitness score is over 6.000000.
[lidar_localization_node-1] [WARN] [1783472734.989008857] [lidar_localization]: The fitness score is over 6.000000.
[lidar_localization_node-1] [WARN] [1783472735.047813844] [lidar_localization]: The fitness score is over 6.000000.
[lidar_localization_node-1] [WARN] [1783472735.075757315] [lidar_localization]: The fitness score is over 6.000000.
[lidar_localization_node-1] [WARN] [1783472735.089369946] [lidar_localization]: The fitness score is over 6.000000.
[lidar_localization_node-1] [WARN] [1783472735.136310421] [lidar_localization]: The fitness score is over 6.000000.
[lidar_localization_node-1] [WARN] [1783472735.165505212] [lidar_localization]: The fitness score is over 6.000000.
[lidar_localization_node-1] [WARN] [1783472735.190264446] [lidar_localization]: The fitness score is over 6.000000.
[lidar_localization_node-1] [WARN] [1783472735.202859499] [lidar_localization]: The fitness score is over 6.000000.
[lidar_localization_node-1] [WARN] [1783472735.245389302] [lidar_localization]: The fitness score is over 6.000000.
[lidar_localization_node-1] [WARN] [1783472735.273281651] [lidar_localization]: The fitness score is over 6.000000.
[lidar_localization_node-1] [WARN] [1783472735.299249539] [lidar_localization]: The fitness score is over 6.000000.
[lidar_localization_node-1] [WARN] [1783472735.308208030] [lidar_localization]: The fitness score is over 6.000000.
[lidar_localization_node-1] [WARN] [1783472735.353027880] [lidar_localization]: The fitness score is over 6.000000.
[lidar_localization_node-1] [WARN] [1783472735.386147781] [lidar_localization]: The fitness score is over 6.000000.
[lidar_localization_node-1] [WARN] [1783472735.409485819] [lidar_localization]: The fitness score is over 6.000000.
[lidar_localization_node-1] [WARN] [1783472735.420252764] [lidar_localization]: The fitness score is over 6.000000.
[lidar_localization_node-1] [WARN] [1783472735.449771163] [lidar_localization]: The fitness score is over 6.000000.
[lidar_localization_node-1] [WARN] [1783472735.488991541] [lidar_localization]: The fitness score is over 6.000000.
[lidar_localization_node-1] [WARN] [1783472735.508476217] [lidar_localization]: The fitness score is over 6.000000.
[lidar_localization_node-1] [WARN] [1783472735.551687063] [lidar_localization]: The fitness score is over 6.000000.
[lidar_localization_node-1] [WARN] [1783472735.602623529] [lidar_localization]: The fitness score is over 6.000000.
[lidar_localization_node-1] [WARN] [1783472735.605595720] [lidar_localization]: The fitness score is over 6.000000.
[lidar_localization_node-1] [WARN] [1783472735.647040769] [lidar_localization]: The fitness score is over 6.000000.
[lidar_localization_node-1] [WARN] [1783472735.675228430] [lidar_localization]: The fitness score is over 6.000000.
[lidar_localization_node-1] [WARN] [1783472735.702655671] [lidar_localization]: The fitness score is over 6.000000.
[lidar_localization_node-1] [WARN] [1783472735.704970358] [lidar_localization]: The fitness score is over 6.000000.
[lidar_localization_node-1] [WARN] [1783472735.744955066] [lidar_localization]: The fitness score is over 6.000000.
[lidar_localization_node-1] [WARN] [1783472735.772356778] [lidar_localization]: The fitness score is over 6.000000.
[lidar_localization_node-1] [WARN] [1783472735.794450547] [lidar_localization]: The fitness score is over 6.000000.
[lidar_localization_node-1] [WARN] [1783472735.805682042] [lidar_localization]: The fitness score is over 6.000000.
[lidar_localization_node-1] [WARN] [1783472735.843680147] [lidar_localization]: The fitness score is over 6.000000.
[lidar_localization_node-1] [WARN] [1783472735.870765700] [lidar_localization]: The fitness score is over 6.000000.
[lidar_localization_node-1] [WARN] [1783472735.885403346] [lidar_localization]: The fitness score is over 6.000000.
[lidar_localization_node-1] [WARN] [1783472735.903206447] [lidar_localization]: The fitness score is over 6.000000.
[lidar_localization_node-1] [WARN] [1783472735.931259706] [lidar_localization]: The fitness score is over 6.000000.
[lidar_localization_node-1] [WARN] [1783472735.952883172] [lidar_localization]: The fitness score is over 6.000000.
[lidar_localization_node-1] [WARN] [1783472735.977936302] [lidar_localization]: The fitness score is over 6.000000.
[lidar_localization_node-1] [WARN] [1783472735.982161866] [lidar_localization]: The fitness score is over 6.000000.
[lidar_localization_node-1] [WARN] [1783472736.064453381] [lidar_localization]: The fitness score is over 6.000000.
[lidar_localization_node-1] [WARN] [1783472736.091033723] [lidar_localization]: The fitness score is over 6.000000.
[lidar_localization_node-1] [WARN] [1783472736.101781092] [lidar_localization]: The fitness score is over 6.000000.
[lidar_localization_node-1] [WARN] [1783472736.155174807] [lidar_localization]: The fitness score is over 6.000000.
[lidar_localization_node-1] [WARN] [1783472736.155413009] [lidar_localization]: The fitness score is over 6.000000.
[lidar_localization_node-1] [WARN] [1783472736.199581168] [lidar_localization]: The fitness score is over 6.000000.
[lidar_localization_node-1] [WARN] [1783472736.251482859] [lidar_localization]: The fitness score is over 6.000000.
[lidar_localization_node-1] [WARN] [1783472736.260432263] [lidar_localization]: The fitness score is over 6.000000.
[lidar_localization_node-1] [WARN] [1783472736.301744429] [lidar_localization]: The fitness score is over 6.000000.
[lidar_localization_node-1] [WARN] [1783472736.352168807] [lidar_localization]: The fitness score is over 6.000000.
[lidar_localization_node-1] [WARN] [1783472736.366102770] [lidar_localization]: The fitness score is over 6.000000.
[lidar_localization_node-1] [WARN] [1783472736.384808753] [lidar_localization]: The fitness score is over 6.000000.
[lidar_localization_node-1] [WARN] [1783472736.421943083] [lidar_localization]: The fitness score is over 6.000000.
[lidar_localization_node-1] [WARN] [1783472736.453663152] [lidar_localization]: The fitness score is over 6.000000.
[lidar_localization_node-1] [WARN] [1783472736.480635869] [lidar_localization]: The fitness score is over 6.000000.
[lidar_localization_node-1] [WARN] [1783472736.498417900] [lidar_localization]: The fitness score is over 6.000000.
[lidar_localization_node-1] [WARN] [1783472736.515727260] [lidar_localization]: The fitness score is over 6.000000.
[lidar_localization_node-1] [WARN] [1783472736.553931692] [lidar_localization]: The fitness score is over 6.000000.
[lidar_localization_node-1] [WARN] [1783472736.586257996] [lidar_localization]: The fitness score is over 6.000000.
[lidar_localization_node-1] [WARN] [1783472736.618807262] [lidar_localization]: The fitness score is over 6.000000.
[lidar_localization_node-1] [WARN] [1783472736.626277526] [lidar_localization]: The fitness score is over 6.000000.
[lidar_localization_node-1] [WARN] [1783472736.658386047] [lidar_localization]: The fitness score is over 6.000000.
[lidar_localization_node-1] [WARN] [1783472736.685045700] [lidar_localization]: The fitness score is over 6.000000.
[lidar_localization_node-1] [WARN] [1783472736.716100114] [lidar_localization]: The fitness score is over 6.000000.
[lidar_localization_node-1] [WARN] [1783472736.760848518] [lidar_localization]: The fitness score is over 6.000000.
[lidar_localization_node-1] [WARN] [1783472736.768793495] [lidar_localization]: The fitness score is over 6.000000.
[lidar_localization_node-1] [WARN] [1783472736.789028354] [lidar_localization]: The fitness score is over 6.000000.
[lidar_localization_node-1] [WARN] [1783472736.818596281] [lidar_localization]: The fitness score is over 6.000000.
[lidar_localization_node-1] [WARN] [1783472736.857791349] [lidar_localization]: The fitness score is over 6.000000.
[lidar_localization_node-1] [WARN] [1783472736.884502274] [lidar_localization]: The fitness score is over 6.000000.
[lidar_localization_node-1] [WARN] [1783472736.889044050] [lidar_localization]: The fitness score is over 6.000000.
[lidar_localization_node-1] [WARN] [1783472736.920394194] [lidar_localization]: The fitness score is over 6.000000.
[lidar_localization_node-1] [WARN] [1783472736.964510639] [lidar_localization]: The fitness score is over 6.000000.
[lidar_localization_node-1] [WARN] [1783472736.988891676] [lidar_localization]: The fitness score is over 6.000000.
[lidar_localization_node-1] [WARN] [1783472737.019037054] [lidar_localization]: The fitness score is over 6.000000.
[lidar_localization_node-1] [WARN] [1783472737.033985638] [lidar_localization]: The fitness score is over 6.000000.
[lidar_localization_node-1] [WARN] [1783472737.064952650] [lidar_localization]: The fitness score is over 6.000000.
[lidar_localization_node-1] [WARN] [1783472737.118704868] [lidar_localization]: The fitness score is over 6.000000.
[lidar_localization_node-1] [WARN] [1783472737.168616481] [lidar_localization]: The fitness score is over 6.000000.
[lidar_localization_node-1] [WARN] [1783472737.208654481] [lidar_localization]: The fitness score is over 6.000000.
[lidar_localization_node-1] [WARN] [1783472737.219517725] [lidar_localization]: The fitness score is over 6.000000.
[lidar_localization_node-1] [WARN] [1783472737.262558127] [lidar_localization]: The fitness score is over 6.000000.
[lidar_localization_node-1] [WARN] [1783472737.286827890] [lidar_localization]: The fitness score is over 6.000000.
[lidar_localization_node-1] [WARN] [1783472737.321181346] [lidar_localization]: The fitness score is over 6.000000.
[lidar_localization_node-1] [WARN] [1783472737.363403215] [lidar_localization]: The fitness score is over 6.000000.
[lidar_localization_node-1] [WARN] [1783472737.388854363] [lidar_localization]: The fitness score is over 6.000000.
[lidar_localization_node-1] [WARN] [1783472737.394817236] [lidar_localization]: The fitness score is over 6.000000.
[lidar_localization_node-1] [WARN] [1783472737.445018481] [lidar_localization]: The fitness score is over 6.000000.
[lidar_localization_node-1] [WARN] [1783472737.469931807] [lidar_localization]: The fitness score is over 6.000000.
[lidar_localization_node-1] [WARN] [1783472737.501077196] [lidar_localization]: The fitness score is over 6.000000.
[lidar_localization_node-1] [WARN] [1783472737.534708040] [lidar_localization]: The fitness score is over 6.000000.
[lidar_localization_node-1] [WARN] [1783472737.571517905] [lidar_localization]: The fitness score is over 6.000000.
[lidar_localization_node-1] [WARN] [1783472737.575606918] [lidar_localization]: The fitness score is over 6.000000.
[lidar_localization_node-1] [WARN] [1783472737.596035603] [lidar_localization]: The fitness score is over 6.000000.
[lidar_localization_node-1] [WARN] [1783472737.627033437] [lidar_localization]: The fitness score is over 6.000000.
[lidar_localization_node-1] [WARN] [1783472737.666704542] [lidar_localization]: The fitness score is over 6.000000.
[lidar_localization_node-1] [WARN] [1783472737.691486383] [lidar_localization]: The fitness score is over 6.000000.
[lidar_localization_node-1] [WARN] [1783472737.722072920] [lidar_localization]: The fitness score is over 6.000000.
[lidar_localization_node-1] [WARN] [1783472737.723812436] [lidar_localization]: The fitness score is over 6.000000.
[lidar_localization_node-1] [WARN] [1783472737.774524606] [lidar_localization]: The fitness score is over 6.000000.
[lidar_localization_node-1] [WARN] [1783472737.799812507] [lidar_localization]: The fitness score is over 6.000000.
[lidar_localization_node-1] [WARN] [1783472737.828101582] [lidar_localization]: The fitness score is over 6.000000.
[lidar_localization_node-1] [WARN] [1783472737.878148867] [lidar_localization]: The fitness score is over 6.000000.
[lidar_localization_node-1] [WARN] [1783472737.901885498] [lidar_localization]: The fitness score is over 6.000000.
[lidar_localization_node-1] [WARN] [1783472737.927558516] [lidar_localization]: The fitness score is over 6.000000.
[lidar_localization_node-1] [WARN] [1783472737.976383627] [lidar_localization]: The fitness score is over 6.000000.
[lidar_localization_node-1] [WARN] [1783472738.001313429] [lidar_localization]: The fitness score is over 6.000000.
[lidar_localization_node-1] [WARN] [1783472738.075407266] [lidar_localization]: The fitness score is over 6.000000.
[lidar_localization_node-1] [WARN] [1783472738.099102617] [lidar_localization]: The fitness score is over 6.000000.
[lidar_localization_node-1] [WARN] [1783472738.145195740] [lidar_localization]: The fitness score is over 6.000000.
[lidar_localization_node-1] [WARN] [1783472738.178362646] [lidar_localization]: The fitness score is over 6.000000.
[lidar_localization_node-1] [WARN] [1783472738.201102214] [lidar_localization]: The fitness score is over 6.000000.
[lidar_localization_node-1] [WARN] [1783472738.232816464] [lidar_localization]: The fitness score is over 6.000000.
[lidar_localization_node-1] [WARN] [1783472738.277862676] [lidar_localization]: The fitness score is over 6.000000.
[lidar_localization_node-1] [WARN] [1783472738.302120193] [lidar_localization]: The fitness score is over 6.000000.
[lidar_localization_node-1] [WARN] [1783472738.331727445] [lidar_localization]: The fitness score is over 6.000000.
[lidar_localization_node-1] [WARN] [1783472738.382851485] [lidar_localization]: The fitness score is over 6.000000.
[lidar_localization_node-1] [WARN] [1783472738.396562637] [lidar_localization]: The fitness score is over 6.000000.
[lidar_localization_node-1] [WARN] [1783472738.407351411] [lidar_localization]: The fitness score is over 6.000000.
[lidar_localization_node-1] [WARN] [1783472738.436194348] [lidar_localization]: The fitness score is over 6.000000.
[lidar_localization_node-1] [WARN] [1783472738.478724289] [lidar_localization]: The fitness score is over 6.000000.
[lidar_localization_node-1] [WARN] [1783472738.502762145] [lidar_localization]: The fitness score is over 6.000000.
[lidar_localization_node-1] [WARN] [1783472738.533932011] [lidar_localization]: The fitness score is over 6.000000.
[lidar_localization_node-1] [WARN] [1783472738.586266094] [lidar_localization]: The fitness score is over 6.000000.
[lidar_localization_node-1] [WARN] [1783472738.605979121] [lidar_localization]: The fitness score is over 6.000000.
[lidar_localization_node-1] [WARN] [1783472738.612936177] [lidar_localization]: The fitness score is over 6.000000.
[lidar_localization_node-1] [WARN] [1783472738.679438131] [lidar_localization]: The fitness score is over 6.000000.
[lidar_localization_node-1] [WARN] [1783472738.703335616] [lidar_localization]: The fitness score is over 6.000000.
[lidar_localization_node-1] [WARN] [1783472738.737970004] [lidar_localization]: The fitness score is over 6.000000.
[lidar_localization_node-1] [WARN] [1783472738.768115976] [lidar_localization]: The fitness score is over 6.000000.
[lidar_localization_node-1] [WARN] [1783472738.791419060] [lidar_localization]: The fitness score is over 6.000000.
[lidar_localization_node-1] [WARN] [1783472738.810647552] [lidar_localization]: The fitness score is over 6.000000.
[lidar_localization_node-1] [WARN] [1783472738.839584122] [lidar_localization]: The fitness score is over 6.000000.
[lidar_localization_node-1] [WARN] [1783472738.882947108] [lidar_localization]: The fitness score is over 6.000000.
[lidar_localization_node-1] [WARN] [1783472738.907013243] [lidar_localization]: The fitness score is over 6.000000.
[lidar_localization_node-1] [WARN] [1783472738.985187897] [lidar_localization]: The fitness score is over 6.000000.
[lidar_localization_node-1] [WARN] [1783472739.009065064] [lidar_localization]: The fitness score is over 6.000000.
[lidar_localization_node-1] [WARN] [1783472739.087096061] [lidar_localization]: The fitness score is over 6.000000.
[lidar_localization_node-1] [WARN] [1783472739.108926018] [lidar_localization]: The fitness score is over 6.000000.
[lidar_localization_node-1] [WARN] [1783472739.111046723] [lidar_localization]: The fitness score is over 6.000000.
[lidar_localization_node-1] [WARN] [1783472739.149251951] [lidar_localization]: The fitness score is over 6.000000.
[lidar_localization_node-1] [WARN] [1783472739.189539393] [lidar_localization]: The fitness score is over 6.000000.
[lidar_localization_node-1] [WARN] [1783472739.211734463] [lidar_localization]: The fitness score is over 6.000000.
[lidar_localization_node-1] [WARN] [1783472739.244035609] [lidar_localization]: The fitness score is over 6.000000.
[lidar_localization_node-1] [WARN] [1783472739.294244825] [lidar_localization]: The fitness score is over 6.000000.
[lidar_localization_node-1] [WARN] [1783472739.323685578] [lidar_localization]: The fitness score is over 6.000000.
[lidar_localization_node-1] [WARN] [1783472739.354190077] [lidar_localization]: The fitness score is over 6.000000.
[lidar_localization_node-1] [WARN] [1783472739.391197689] [lidar_localization]: The fitness score is over 6.000000.
[lidar_localization_node-1] [WARN] [1783472739.415594644] [lidar_localization]: The fitness score is over 6.000000.
[lidar_localization_node-1] [WARN] [1783472739.436189895] [lidar_localization]: The fitness score is over 6.000000.
[lidar_localization_node-1] [WARN] [1783472739.451002403] [lidar_localization]: The fitness score is over 6.000000.
[lidar_localization_node-1] [WARN] [1783472739.492622778] [lidar_localization]: The fitness score is over 6.000000.
[lidar_localization_node-1] [WARN] [1783472739.516224389] [lidar_localization]: The fitness score is over 6.000000.
[lidar_localization_node-1] [WARN] [1783472739.551162534] [lidar_localization]: The fitness score is over 6.000000.
[lidar_localization_node-1] [WARN] [1783472739.594342212] [lidar_localization]: The fitness score is over 6.000000.
[lidar_localization_node-1] [WARN] [1783472739.620574877] [lidar_localization]: The fitness score is over 6.000000.
[lidar_localization_node-1] [WARN] [1783472739.655930133] [lidar_localization]: The fitness score is over 6.000000.
[lidar_localization_node-1] [WARN] [1783472739.693027650] [lidar_localization]: The fitness score is over 6.000000.
[lidar_localization_node-1] [WARN] [1783472739.714880791] [lidar_localization]: The fitness score is over 6.000000.
[lidar_localization_node-1] [WARN] [1783472739.795365440] [lidar_localization]: The fitness score is over 6.000000.
[lidar_localization_node-1] [WARN] [1783472739.812854440] [lidar_localization]: The fitness score is over 6.000000.
[lidar_localization_node-1] [WARN] [1783472739.817986120] [lidar_localization]: The fitness score is over 6.000000.
[lidar_localization_node-1] [WARN] [1783472739.897890609] [lidar_localization]: The fitness score is over 6.000000.
[lidar_localization_node-1] [WARN] [1783472739.922319572] [lidar_localization]: The fitness score is over 6.000000.
[lidar_localization_node-1] [WARN] [1783472739.953776047] [lidar_localization]: The fitness score is over 6.000000.
[lidar_localization_node-1] [WARN] [1783472740.005514450] [lidar_localization]: The fitness score is over 6.000000.
[lidar_localization_node-1] [WARN] [1783472740.030246999] [lidar_localization]: The fitness score is over 6.000000.
[lidar_localization_node-1] [WARN] [1783472740.062242781] [lidar_localization]: The fitness score is over 6.000000.
[lidar_localization_node-1] [WARN] [1783472740.090334471] [lidar_localization]: The fitness score is over 6.000000.
[lidar_localization_node-1] [WARN] [1783472740.101664541] [lidar_localization]: The fitness score is over 6.000000.
[lidar_localization_node-1] [WARN] [1783472740.125493716] [lidar_localization]: The fitness score is over 6.000000.
[lidar_localization_node-1] [WARN] [1783472740.206577391] [lidar_localization]: The fitness score is over 6.000000.
[lidar_localization_node-1] [WARN] [1783472740.236474038] [lidar_localization]: The fitness score is over 6.000000.
[lidar_localization_node-1] [WARN] [1783472740.304692738] [lidar_localization]: The fitness score is over 6.000000.
[lidar_localization_node-1] [WARN] [1783472740.329770723] [lidar_localization]: The fitness score is over 6.000000.
[lidar_localization_node-1] [WARN] [1783472740.405712257] [lidar_localization]: The fitness score is over 6.000000.
[lidar_localization_node-1] [WARN] [1783472740.429334098] [lidar_localization]: The fitness score is over 6.000000.
[lidar_localization_node-1] [WARN] [1783472740.443715007] [lidar_localization]: The fitness score is over 6.000000.
[lidar_localization_node-1] [WARN] [1783472740.513942913] [lidar_localization]: The fitness score is over 6.000000.
[lidar_localization_node-1] [WARN] [1783472740.542340125] [lidar_localization]: The fitness score is over 6.000000.
[lidar_localization_node-1] [WARN] [1783472740.575299985] [lidar_localization]: The fitness score is over 6.000000.
[lidar_localization_node-1] [WARN] [1783472740.622572832] [lidar_localization]: The fitness score is over 6.000000.
[lidar_localization_node-1] [WARN] [1783472740.651228775] [lidar_localization]: The fitness score is over 6.000000.
[lidar_localization_node-1] [WARN] [1783472740.714996452] [lidar_localization]: The fitness score is over 6.000000.
[lidar_localization_node-1] [WARN] [1783472740.739280388] [lidar_localization]: The fitness score is over 6.000000.
[lidar_localization_node-1] [WARN] [1783472740.775134900] [lidar_localization]: The fitness score is over 6.000000.
[lidar_localization_node-1] [WARN] [1783472740.812561430] [lidar_localization]: The fitness score is over 6.000000.
[lidar_localization_node-1] [WARN] [1783472740.836891975] [lidar_localization]: The fitness score is over 6.000000.
[lidar_localization_node-1] [WARN] [1783472740.874313750] [lidar_localization]: The fitness score is over 6.000000.
[lidar_localization_node-1] [WARN] [1783472740.912635658] [lidar_localization]: The fitness score is over 6.000000.
[lidar_localization_node-1] [WARN] [1783472740.938773305] [lidar_localization]: The fitness score is over 6.000000.
[lidar_localization_node-1] [WARN] [1783472740.978288793] [lidar_localization]: The fitness score is over 6.000000.
[lidar_localization_node-1] [WARN] [1783472741.022406569] [lidar_localization]: The fitness score is over 6.000000.
[lidar_localization_node-1] [WARN] [1783472741.047557798] [lidar_localization]: The fitness score is over 6.000000.
[lidar_localization_node-1] [WARN] [1783472741.083593405] [lidar_localization]: The fitness score is over 6.000000.
[lidar_localization_node-1] [WARN] [1783472741.116385541] [lidar_localization]: The fitness score is over 6.000000.
[lidar_localization_node-1] [WARN] [1783472741.124058998] [lidar_localization]: The fitness score is over 6.000000.
[lidar_localization_node-1] [WARN] [1783472741.174164651] [lidar_localization]: The fitness score is over 6.000000.
[lidar_localization_node-1] [WARN] [1783472741.224998782] [lidar_localization]: The fitness score is over 6.000000.
[lidar_localization_node-1] [WARN] [1783472741.252170024] [lidar_localization]: The fitness score is over 6.000000.
[lidar_localization_node-1] [WARN] [1783472741.284768943] [lidar_localization]: The fitness score is over 6.000000.
[lidar_localization_node-1] [WARN] [1783472741.319248516] [lidar_localization]: The fitness score is over 6.000000.
[lidar_localization_node-1] [WARN] [1783472741.344465465] [lidar_localization]: The fitness score is over 6.000000.
[lidar_localization_node-1] [WARN] [1783472741.381181805] [lidar_localization]: The fitness score is over 6.000000.
[lidar_localization_node-1] [WARN] [1783472741.420587666] [lidar_localization]: The fitness score is over 6.000000.
[lidar_localization_node-1] [WARN] [1783472741.446607912] [lidar_localization]: The fitness score is over 6.000000.
[lidar_localization_node-1] [WARN] [1783472741.480771579] [lidar_localization]: The fitness score is over 6.000000.
[lidar_localization_node-1] [WARN] [1783472741.527367673] [lidar_localization]: The fitness score is over 6.000000.
[lidar_localization_node-1] [WARN] [1783472741.550560747] [lidar_localization]: The fitness score is over 6.000000.
[lidar_localization_node-1] [WARN] [1783472741.561233169] [lidar_localization]: The fitness score is over 6.000000.
[lidar_localization_node-1] [WARN] [1783472741.592268817] [lidar_localization]: The fitness score is over 6.000000.
[lidar_localization_node-1] [WARN] [1783472741.625402643] [lidar_localization]: The fitness score is over 6.000000.
[lidar_localization_node-1] [WARN] [1783472741.649807218] [lidar_localization]: The fitness score is over 6.000000.
[lidar_localization_node-1] [WARN] [1783472741.682134974] [lidar_localization]: The fitness score is over 6.000000.
[lidar_localization_node-1] [WARN] [1783472741.734712597] [lidar_localization]: The fitness score is over 6.000000.
[lidar_localization_node-1] [WARN] [1783472741.762041659] [lidar_localization]: The fitness score is over 6.000000.
[lidar_localization_node-1] [WARN] [1783472741.798668576] [lidar_localization]: The fitness score is over 6.000000.
[lidar_localization_node-1] [WARN] [1783472741.834926840] [lidar_localization]: The fitness score is over 6.000000.
[lidar_localization_node-1] [WARN] [1783472741.880960512] [lidar_localization]: The fitness score is over 6.000000.
[lidar_localization_node-1] [WARN] [1783472741.931229602] [lidar_localization]: The fitness score is over 6.000000.
[lidar_localization_node-1] [WARN] [1783472741.982991227] [lidar_localization]: The fitness score is over 6.000000.
[lidar_localization_node-1] [WARN] [1783472742.036447141] [lidar_localization]: The fitness score is over 6.000000.
[lidar_localization_node-1] [WARN] [1783472742.082922935] [lidar_localization]: The fitness score is over 6.000000.
[lidar_localization_node-1] [WARN] [1783472742.135962554] [lidar_localization]: The fitness score is over 6.000000.
[lidar_localization_node-1] [WARN] [1783472742.156632141] [lidar_localization]: The fitness score is over 6.000000.
[lidar_localization_node-1] [WARN] [1783472742.160309310] [lidar_localization]: The fitness score is over 6.000000.
[lidar_localization_node-1] [WARN] [1783472742.193120352] [lidar_localization]: The fitness score is over 6.000000.
[lidar_localization_node-1] [WARN] [1783472742.235198965] [lidar_localization]: The fitness score is over 6.000000.
[lidar_localization_node-1] [WARN] [1783472742.259516117] [lidar_localization]: The fitness score is over 6.000000.
[lidar_localization_node-1] [WARN] [1783472742.292810771] [lidar_localization]: The fitness score is over 6.000000.
[lidar_localization_node-1] [WARN] [1783472742.331436758] [lidar_localization]: The fitness score is over 6.000000.
[lidar_localization_node-1] [WARN] [1783472742.357010228] [lidar_localization]: The fitness score is over 6.000000.
[lidar_localization_node-1] [WARN] [1783472742.391433611] [lidar_localization]: The fitness score is over 6.000000.
[lidar_localization_node-1] [WARN] [1783472742.433931164] [lidar_localization]: The fitness score is over 6.000000.
[lidar_localization_node-1] [WARN] [1783472742.461433343] [lidar_localization]: The fitness score is over 6.000000.
[lidar_localization_node-1] [WARN] [1783472742.495670970] [lidar_localization]: The fitness score is over 6.000000.
[lidar_localization_node-1] [WARN] [1783472742.536295395] [lidar_localization]: The fitness score is over 6.000000.
[lidar_localization_node-1] [WARN] [1783472742.566943061] [lidar_localization]: The fitness score is over 6.000000.
[lidar_localization_node-1] [WARN] [1783472742.599848323] [lidar_localization]: The fitness score is over 6.000000.
[lidar_localization_node-1] [WARN] [1783472742.691435310] [lidar_localization]: The fitness score is over 6.000000.
[lidar_localization_node-1] [WARN] [1783472742.735284469] [lidar_localization]: The fitness score is over 6.000000.
[lidar_localization_node-1] [WARN] [1783472742.809259866] [lidar_localization]: The fitness score is over 6.000000.
[lidar_localization_node-1] [WARN] [1783472742.847531084] [lidar_localization]: The fitness score is over 6.000000.
[lidar_localization_node-1] [WARN] [1783472742.873174617] [lidar_localization]: The fitness score is over 6.000000.
[lidar_localization_node-1] [WARN] [1783472742.907157205] [lidar_localization]: The fitness score is over 6.000000.
[lidar_localization_node-1] [WARN] [1783472742.944925108] [lidar_localization]: The fitness score is over 6.000000.
[lidar_localization_node-1] [WARN] [1783472742.969976881] [lidar_localization]: The fitness score is over 6.000000.
[lidar_localization_node-1] [WARN] [1783472743.003497755] [lidar_localization]: The fitness score is over 6.000000.
[lidar_localization_node-1] [WARN] [1783472743.047014806] [lidar_localization]: The fitness score is over 6.000000.
[lidar_localization_node-1] [WARN] [1783472743.072017745] [lidar_localization]: The fitness score is over 6.000000.
[lidar_localization_node-1] [WARN] [1783472743.102934127] [lidar_localization]: The fitness score is over 6.000000.
[lidar_localization_node-1] [WARN] [1783472743.148939684] [lidar_localization]: The fitness score is over 6.000000.
[lidar_localization_node-1] [WARN] [1783472743.174234191] [lidar_localization]: The fitness score is over 6.000000.
[lidar_localization_node-1] [WARN] [1783472743.208620817] [lidar_localization]: The fitness score is over 6.000000.
[lidar_localization_node-1] [WARN] [1783472743.251096850] [lidar_localization]: The fitness score is over 6.000000.
[lidar_localization_node-1] [WARN] [1783472743.276092740] [lidar_localization]: The fitness score is over 6.000000.
[lidar_localization_node-1] [WARN] [1783472743.310225910] [lidar_localization]: The fitness score is over 6.000000.
[lidar_localization_node-1] [WARN] [1783472743.354091431] [lidar_localization]: The fitness score is over 6.000000.
[lidar_localization_node-1] [WARN] [1783472743.367738534] [lidar_localization]: The fitness score is over 6.000000.
[lidar_localization_node-1] [WARN] [1783472743.381553715] [lidar_localization]: The fitness score is over 6.000000.
[lidar_localization_node-1] [WARN] [1783472743.421026157] [lidar_localization]: The fitness score is over 6.000000.
[lidar_localization_node-1] [WARN] [1783472743.448408295] [lidar_localization]: The fitness score is over 6.000000.
[lidar_localization_node-1] [WARN] [1783472743.477469924] [lidar_localization]: The fitness score is over 6.000000.
[lidar_localization_node-1] [WARN] [1783472743.513569873] [lidar_localization]: The fitness score is over 6.000000.
[lidar_localization_node-1] [WARN] [1783472743.556671620] [lidar_localization]: The fitness score is over 6.000000.
[lidar_localization_node-1] [WARN] [1783472743.585972787] [lidar_localization]: The fitness score is over 6.000000.
[lidar_localization_node-1] [WARN] [1783472743.619566412] [lidar_localization]: The fitness score is over 6.000000.
[lidar_localization_node-1] [WARN] [1783472743.651514767] [lidar_localization]: The fitness score is over 6.000000.
[lidar_localization_node-1] [WARN] [1783472743.677775487] [lidar_localization]: The fitness score is over 6.000000.
[lidar_localization_node-1] [WARN] [1783472743.715503822] [lidar_localization]: The fitness score is over 6.000000.
[lidar_localization_node-1] [WARN] [1783472743.758732771] [lidar_localization]: The fitness score is over 6.000000.
[lidar_localization_node-1] [WARN] [1783472743.784151341] [lidar_localization]: The fitness score is over 6.000000.
[lidar_localization_node-1] [WARN] [1783472743.818984645] [lidar_localization]: The fitness score is over 6.000000.
[lidar_localization_node-1] [WARN] [1783472743.857647240] [lidar_localization]: The fitness score is over 6.000000.
[lidar_localization_node-1] [WARN] [1783472743.888115668] [lidar_localization]: The fitness score is over 6.000000.
[lidar_localization_node-1] [WARN] [1783472743.929848758] [lidar_localization]: The fitness score is over 6.000000.
[lidar_localization_node-1] [WARN] [1783472743.961202108] [lidar_localization]: The fitness score is over 6.000000.
[lidar_localization_node-1] [WARN] [1783472743.984283562] [lidar_localization]: The fitness score is over 6.000000.
[lidar_localization_node-1] [WARN] [1783472744.025693753] [lidar_localization]: The fitness score is over 6.000000.
[lidar_localization_node-1] [WARN] [1783472744.062814401] [lidar_localization]: The fitness score is over 6.000000.
[lidar_localization_node-1] [WARN] [1783472744.086654496] [lidar_localization]: The fitness score is over 6.000000.
[lidar_localization_node-1] [WARN] [1783472744.117585286] [lidar_localization]: The fitness score is over 6.000000.
[lidar_localization_node-1] [WARN] [1783472744.156822835] [lidar_localization]: The fitness score is over 6.000000.
[lidar_localization_node-1] [WARN] [1783472744.180674965] [lidar_localization]: The fitness score is over 6.000000.
[lidar_localization_node-1] [WARN] [1783472744.259037200] [lidar_localization]: The fitness score is over 6.000000.
[lidar_localization_node-1] [WARN] [1783472744.283929170] [lidar_localization]: The fitness score is over 6.000000.
[lidar_localization_node-1] [WARN] [1783472744.313980998] [lidar_localization]: The fitness score is over 6.000000.
[lidar_localization_node-1] [WARN] [1783472744.366813124] [lidar_localization]: The fitness score is over 6.000000.
[lidar_localization_node-1] [WARN] [1783472744.389929968] [lidar_localization]: The fitness score is over 6.000000.
[lidar_localization_node-1] [WARN] [1783472744.422429573] [lidar_localization]: The fitness score is over 6.000000.
[lidar_localization_node-1] [WARN] [1783472744.470425465] [lidar_localization]: The fitness score is over 6.000000.
[lidar_localization_node-1] [WARN] [1783472744.494737990] [lidar_localization]: The fitness score is over 6.000000.
[lidar_localization_node-1] [WARN] [1783472744.526886626] [lidar_localization]: The fitness score is over 6.000000.
[lidar_localization_node-1] [WARN] [1783472744.537488301] [lidar_localization]: The fitness score is over 6.000000.
[lidar_localization_node-1] [WARN] [1783472744.570093217] [lidar_localization]: The fitness score is over 6.000000.
[lidar_localization_node-1] [WARN] [1783472744.593822921] [lidar_localization]: The fitness score is over 6.000000.
[lidar_localization_node-1] [WARN] [1783472744.628675323] [lidar_localization]: The fitness score is over 6.000000.
[lidar_localization_node-1] [WARN] [1783472744.671348493] [lidar_localization]: The fitness score is over 6.000000.
[lidar_localization_node-1] [WARN] [1783472744.700459330] [lidar_localization]: The fitness score is over 6.000000.
[lidar_localization_node-1] [WARN] [1783472744.731455215] [lidar_localization]: The fitness score is over 6.000000.
[lidar_localization_node-1] [WARN] [1783472744.819933297] [lidar_localization]: The fitness score is over 6.000000.
[lidar_localization_node-1] [WARN] [1783472744.939800126] [lidar_localization]: The fitness score is over 6.000000.
[lidar_localization_node-1] [WARN] [1783472744.968438527] [lidar_localization]: The fitness score is over 6.000000.
[lidar_localization_node-1] [WARN] [1783472745.075768872] [lidar_localization]: The fitness score is over 6.000000.
[lidar_localization_node-1] [WARN] [1783472745.099450313] [lidar_localization]: The fitness score is over 6.000000.
[lidar_localization_node-1] [WARN] [1783472745.170633361] [lidar_localization]: The fitness score is over 6.000000.
[lidar_localization_node-1] [WARN] [1783472745.193779853] [lidar_localization]: The fitness score is over 6.000000.
[lidar_localization_node-1] [WARN] [1783472745.228568255] [lidar_localization]: The fitness score is over 6.000000.
[lidar_localization_node-1] [WARN] [1783472745.277254167] [lidar_localization]: The fitness score is over 6.000000.
[lidar_localization_node-1] [WARN] [1783472745.278040354] [lidar_localization]: The fitness score is over 6.000000.
[lidar_localization_node-1] [WARN] [1783472745.302046498] [lidar_localization]: The fitness score is over 6.000000.
[lidar_localization_node-1] [WARN] [1783472745.334079088] [lidar_localization]: The fitness score is over 6.000000.
[lidar_localization_node-1] [WARN] [1783472745.378509945] [lidar_localization]: The fitness score is over 6.000000.
[lidar_localization_node-1] [WARN] [1783472745.401432873] [lidar_localization]: The fitness score is over 6.000000.
[lidar_localization_node-1] [WARN] [1783472745.479755048] [lidar_localization]: The fitness score is over 6.000000.
[lidar_localization_node-1] [WARN] [1783472745.501327279] [lidar_localization]: The fitness score is over 6.000000.
[lidar_localization_node-1] [WARN] [1783472745.580963695] [lidar_localization]: The fitness score is over 6.000000.
[lidar_localization_node-1] [WARN] [1783472745.604058564] [lidar_localization]: The fitness score is over 6.000000.
[lidar_localization_node-1] [WARN] [1783472745.636549656] [lidar_localization]: The fitness score is over 6.000000.
[lidar_localization_node-1] [WARN] [1783472745.676462347] [lidar_localization]: The fitness score is over 6.000000.
[lidar_localization_node-1] [WARN] [1783472745.699695508] [lidar_localization]: The fitness score is over 6.000000.
[lidar_localization_node-1] [WARN] [1783472745.829318228] [lidar_localization]: The fitness score is over 6.000000.
[lidar_localization_node-1] [WARN] [1783472745.993357671] [lidar_localization]: The fitness score is over 6.000000.
[lidar_localization_node-1] [WARN] [1783472746.016330390] [lidar_localization]: The fitness score is over 6.000000.
[lidar_localization_node-1] [WARN] [1783472746.085300729] [lidar_localization]: The fitness score is over 6.000000.
[lidar_localization_node-1] [WARN] [1783472746.108933211] [lidar_localization]: The fitness score is over 6.000000.
[lidar_localization_node-1] [WARN] [1783472746.143654069] [lidar_localization]: The fitness score is over 6.000000.
[lidar_localization_node-1] [WARN] [1783472746.183609408] [lidar_localization]: The fitness score is over 6.000000.
[lidar_localization_node-1] [WARN] [1783472746.206631891] [lidar_localization]: The fitness score is over 6.000000.
[lidar_localization_node-1] [WARN] [1783472746.243576732] [lidar_localization]: The fitness score is over 6.000000.
[lidar_localization_node-1] [WARN] [1783472746.289950448] [lidar_localization]: The fitness score is over 6.000000.
[lidar_localization_node-1] [WARN] [1783472746.321453966] [lidar_localization]: The fitness score is over 6.000000.
[lidar_localization_node-1] [WARN] [1783472746.402492337] [lidar_localization]: The fitness score is over 6.000000.
[lidar_localization_node-1] [WARN] [1783472746.447675045] [lidar_localization]: The fitness score is over 6.000000.
[lidar_localization_node-1] [WARN] [1783472746.478220751] [lidar_localization]: The fitness score is over 6.000000.
[lidar_localization_node-1] [WARN] [1783472746.502222086] [lidar_localization]: The fitness score is over 6.000000.
[lidar_localization_node-1] [WARN] [1783472746.548064404] [lidar_localization]: The fitness score is over 6.000000.
[lidar_localization_node-1] [WARN] [1783472746.602956080] [lidar_localization]: The fitness score is over 6.000000.
[lidar_localization_node-1] [WARN] [1783472746.619638674] [lidar_localization]: The fitness score is over 6.000000.
[lidar_localization_node-1] [WARN] [1783472746.649623159] [lidar_localization]: The fitness score is over 6.000000.
[lidar_localization_node-1] [WARN] [1783472746.709426809] [lidar_localization]: The fitness score is over 6.000000.
[lidar_localization_node-1] [WARN] [1783472746.751684266] [lidar_localization]: The fitness score is over 6.000000.
[lidar_localization_node-1] [WARN] [1783472746.804576981] [lidar_localization]: The fitness score is over 6.000000.
[lidar_localization_node-1] [WARN] [1783472746.852789750] [lidar_localization]: The fitness score is over 6.000000.
[lidar_localization_node-1] [WARN] [1783472746.892542959] [lidar_localization]: The fitness score is over 6.000000.
[lidar_localization_node-1] [WARN] [1783472746.917516003] [lidar_localization]: The fitness score is over 6.000000.
[lidar_localization_node-1] [WARN] [1783472746.960477110] [lidar_localization]: The fitness score is over 6.000000.
[lidar_localization_node-1] [WARN] [1783472746.996402366] [lidar_localization]: The fitness score is over 6.000000.
[lidar_localization_node-1] [WARN] [1783472747.021248469] [lidar_localization]: The fitness score is over 6.000000.
[lidar_localization_node-1] [WARN] [1783472747.055633362] [lidar_localization]: The fitness score is over 6.000000.
[lidar_localization_node-1] [WARN] [1783472747.102553772] [lidar_localization]: The fitness score is over 6.000000.
[lidar_localization_node-1] [WARN] [1783472747.130681029] [lidar_localization]: The fitness score is over 6.000000.
[lidar_localization_node-1] [WARN] [1783472747.168691418] [lidar_localization]: The fitness score is over 6.000000.
[lidar_localization_node-1] [WARN] [1783472747.197639476] [lidar_localization]: The fitness score is over 6.000000.
[lidar_localization_node-1] [WARN] [1783472747.221721571] [lidar_localization]: The fitness score is over 6.000000.
[lidar_localization_node-1] [WARN] [1783472747.253462299] [lidar_localization]: The fitness score is over 6.000000.
[lidar_localization_node-1] [WARN] [1783472747.304724360] [lidar_localization]: The fitness score is over 6.000000.
[lidar_localization_node-1] [WARN] [1783472747.335460635] [lidar_localization]: The fitness score is over 6.000000.
[lidar_localization_node-1] [WARN] [1783472747.367283199] [lidar_localization]: The fitness score is over 6.000000.
[lidar_localization_node-1] [WARN] [1783472747.400226143] [lidar_localization]: The fitness score is over 6.000000.
[lidar_localization_node-1] [WARN] [1783472747.421722662] [lidar_localization]: The fitness score is over 6.000000.
[lidar_localization_node-1] [WARN] [1783472747.462510054] [lidar_localization]: The fitness score is over 6.000000.
[lidar_localization_node-1] [WARN] [1783472747.474796695] [lidar_localization]: The fitness score is over 6.000000.
[lidar_localization_node-1] [WARN] [1783472747.505744706] [lidar_localization]: The fitness score is over 6.000000.
[lidar_localization_node-1] [WARN] [1783472747.529573871] [lidar_localization]: The fitness score is over 6.000000.
[lidar_localization_node-1] [WARN] [1783472747.564258396] [lidar_localization]: The fitness score is over 6.000000.
[lidar_localization_node-1] [WARN] [1783472747.607965258] [lidar_localization]: The fitness score is over 6.000000.
[lidar_localization_node-1] [WARN] [1783472747.630964989] [lidar_localization]: The fitness score is over 6.000000.
[lidar_localization_node-1] [WARN] [1783472747.663820345] [lidar_localization]: The fitness score is over 6.000000.
[lidar_localization_node-1] [WARN] [1783472747.709652931] [lidar_localization]: The fitness score is over 6.000000.
[lidar_localization_node-1] [WARN] [1783472747.733835906] [lidar_localization]: The fitness score is over 6.000000.
[lidar_localization_node-1] [WARN] [1783472747.764862848] [lidar_localization]: The fitness score is over 6.000000.
[lidar_localization_node-1] [WARN] [1783472747.812704677] [lidar_localization]: The fitness score is over 6.000000.
[lidar_localization_node-1] [WARN] [1783472747.839207380] [lidar_localization]: The fitness score is over 6.000000.
[lidar_localization_node-1] [WARN] [1783472747.870120690] [lidar_localization]: The fitness score is over 6.000000.
[lidar_localization_node-1] [WARN] [1783472747.916817308] [lidar_localization]: The fitness score is over 6.000000.
[lidar_localization_node-1] [WARN] [1783472747.942136704] [lidar_localization]: The fitness score is over 6.000000.
[lidar_localization_node-1] [WARN] [1783472747.975943247] [lidar_localization]: The fitness score is over 6.000000.
[lidar_localization_node-1] [WARN] [1783472748.012785733] [lidar_localization]: The fitness score is over 6.000000.
[lidar_localization_node-1] [WARN] [1783472748.042874256] [lidar_localization]: The fitness score is over 6.000000.
[lidar_localization_node-1] [WARN] [1783472748.080396751] [lidar_localization]: The fitness score is over 6.000000.
[lidar_localization_node-1] [WARN] [1783472748.110700466] [lidar_localization]: The fitness score is over 6.000000.
[lidar_localization_node-1] [WARN] [1783472748.136806622] [lidar_localization]: The fitness score is over 6.000000.
[lidar_localization_node-1] [WARN] [1783472748.176987314] [lidar_localization]: The fitness score is over 6.000000.
[lidar_localization_node-1] [WARN] [1783472748.210553176] [lidar_localization]: The fitness score is over 6.000000.
[lidar_localization_node-1] [WARN] [1783472748.236194870] [lidar_localization]: The fitness score is over 6.000000.
[lidar_localization_node-1] [WARN] [1783472748.268748803] [lidar_localization]: The fitness score is over 6.000000.
[lidar_localization_node-1] [WARN] [1783472748.319219096] [lidar_localization]: The fitness score is over 6.000000.
[lidar_localization_node-1] [WARN] [1783472748.344264654] [lidar_localization]: The fitness score is over 6.000000.
[lidar_localization_node-1] [WARN] [1783472748.350209789] [lidar_localization]: The fitness score is over 6.000000.
[lidar_localization_node-1] [WARN] [1783472748.379973496] [lidar_localization]: The fitness score is over 6.000000.
[lidar_localization_node-1] [WARN] [1783472748.415665372] [lidar_localization]: The fitness score is over 6.000000.
[lidar_localization_node-1] [WARN] [1783472748.441790163] [lidar_localization]: The fitness score is over 6.000000.
[lidar_localization_node-1] [WARN] [1783472748.474317921] [lidar_localization]: The fitness score is over 6.000000.
[lidar_localization_node-1] [WARN] [1783472748.517738592] [lidar_localization]: The fitness score is over 6.000000.
[lidar_localization_node-1] [WARN] [1783472748.548960609] [lidar_localization]: The fitness score is over 6.000000.
[lidar_localization_node-1] [WARN] [1783472748.581912459] [lidar_localization]: The fitness score is over 6.000000.
[lidar_localization_node-1] [WARN] [1783472748.621659600] [lidar_localization]: The fitness score is over 6.000000.
[lidar_localization_node-1] [WARN] [1783472748.647504310] [lidar_localization]: The fitness score is over 6.000000.
[lidar_localization_node-1] [WARN] [1783472748.679650939] [lidar_localization]: The fitness score is over 6.000000.
[lidar_localization_node-1] [WARN] [1783472748.719681627] [lidar_localization]: The fitness score is over 6.000000.
[lidar_localization_node-1] [WARN] [1783472748.746084649] [lidar_localization]: The fitness score is over 6.000000.
[lidar_localization_node-1] [WARN] [1783472748.776578003] [lidar_localization]: The fitness score is over 6.000000.
[lidar_localization_node-1] [WARN] [1783472748.820891689] [lidar_localization]: The fitness score is over 6.000000.
[lidar_localization_node-1] [WARN] [1783472748.845392349] [lidar_localization]: The fitness score is over 6.000000.
[lidar_localization_node-1] [WARN] [1783472748.878534451] [lidar_localization]: The fitness score is over 6.000000.
[lidar_localization_node-1] [WARN] [1783472748.926973553] [lidar_localization]: The fitness score is over 6.000000.
[lidar_localization_node-1] [WARN] [1783472748.953132586] [lidar_localization]: The fitness score is over 6.000000.
[lidar_localization_node-1] [WARN] [1783472748.985669236] [lidar_localization]: The fitness score is over 6.000000.
[lidar_localization_node-1] [WARN] [1783472749.023446603] [lidar_localization]: The fitness score is over 6.000000.
[lidar_localization_node-1] [WARN] [1783472749.052304418] [lidar_localization]: The fitness score is over 6.000000.
[lidar_localization_node-1] [WARN] [1783472749.086514300] [lidar_localization]: The fitness score is over 6.000000.
[lidar_localization_node-1] [WARN] [1783472749.128313349] [lidar_localization]: The fitness score is over 6.000000.
[lidar_localization_node-1] [WARN] [1783472749.155521859] [lidar_localization]: The fitness score is over 6.000000.
[lidar_localization_node-1] [WARN] [1783472749.193124936] [lidar_localization]: The fitness score is over 6.000000.
[lidar_localization_node-1] [WARN] [1783472749.229158876] [lidar_localization]: The fitness score is over 6.000000.
[lidar_localization_node-1] [WARN] [1783472749.237212841] [lidar_localization]: The fitness score is over 6.000000.
[lidar_localization_node-1] [WARN] [1783472749.257207420] [lidar_localization]: The fitness score is over 6.000000.
[lidar_localization_node-1] [WARN] [1783472749.295050092] [lidar_localization]: The fitness score is over 6.000000.
[lidar_localization_node-1] [WARN] [1783472749.333584969] [lidar_localization]: The fitness score is over 6.000000.
[lidar_localization_node-1] [WARN] [1783472749.360225396] [lidar_localization]: The fitness score is over 6.000000.
[lidar_localization_node-1] [WARN] [1783472749.395410838] [lidar_localization]: The fitness score is over 6.000000.
[lidar_localization_node-1] [WARN] [1783472749.428966784] [lidar_localization]: The fitness score is over 6.000000.
[lidar_localization_node-1] [WARN] [1783472749.461460504] [lidar_localization]: The fitness score is over 6.000000.
[lidar_localization_node-1] [WARN] [1783472749.494294088] [lidar_localization]: The fitness score is over 6.000000.
[lidar_localization_node-1] [WARN] [1783472749.530892778] [lidar_localization]: The fitness score is over 6.000000.
[lidar_localization_node-1] [WARN] [1783472749.557642418] [lidar_localization]: The fitness score is over 6.000000.
[lidar_localization_node-1] [WARN] [1783472749.591473980] [lidar_localization]: The fitness score is over 6.000000.
[lidar_localization_node-1] [WARN] [1783472749.638360133] [lidar_localization]: The fitness score is over 6.000000.
[lidar_localization_node-1] [WARN] [1783472749.662827804] [lidar_localization]: The fitness score is over 6.000000.
[lidar_localization_node-1] [WARN] [1783472749.694227951] [lidar_localization]: The fitness score is over 6.000000.
[lidar_localization_node-1] [WARN] [1783472749.733976864] [lidar_localization]: The fitness score is over 6.000000.
[lidar_localization_node-1] [WARN] [1783472749.761323822] [lidar_localization]: The fitness score is over 6.000000.
[lidar_localization_node-1] [WARN] [1783472749.793239215] [lidar_localization]: The fitness score is over 6.000000.
[lidar_localization_node-1] [WARN] [1783472749.866962565] [lidar_localization]: The fitness score is over 6.000000.
[lidar_localization_node-1] [WARN] [1783472749.898928443] [lidar_localization]: The fitness score is over 6.000000.
[lidar_localization_node-1] [WARN] [1783472749.962703080] [lidar_localization]: The fitness score is over 6.000000.
[lidar_localization_node-1] [WARN] [1783472749.981302703] [lidar_localization]: The fitness score is over 6.000000.
[lidar_localization_node-1] [WARN] [1783472750.001376648] [lidar_localization]: The fitness score is over 6.000000.
[lidar_localization_node-1] [WARN] [1783472750.036523526] [lidar_localization]: The fitness score is over 6.000000.
[lidar_localization_node-1] [WARN] [1783472750.064001179] [lidar_localization]: The fitness score is over 6.000000.
[lidar_localization_node-1] [WARN] [1783472750.108613874] [lidar_localization]: The fitness score is over 6.000000.
[lidar_localization_node-1] [WARN] [1783472750.138350219] [lidar_localization]: The fitness score is over 6.000000.
[lidar_localization_node-1] [WARN] [1783472750.165513414] [lidar_localization]: The fitness score is over 6.000000.
[lidar_localization_node-1] [WARN] [1783472750.204437847] [lidar_localization]: The fitness score is over 6.000000.
[lidar_localization_node-1] [WARN] [1783472750.246158997] [lidar_localization]: The fitness score is over 6.000000.
[lidar_localization_node-1] [WARN] [1783472750.278960085] [lidar_localization]: The fitness score is over 6.000000.
[lidar_localization_node-1] [WARN] [1783472750.318187195] [lidar_localization]: The fitness score is over 6.000000.
[lidar_localization_node-1] [WARN] [1783472750.348579221] [lidar_localization]: The fitness score is over 6.000000.
[lidar_localization_node-1] [WARN] [1783472750.376391147] [lidar_localization]: The fitness score is over 6.000000.
[lidar_localization_node-1] [WARN] [1783472750.410274162] [lidar_localization]: The fitness score is over 6.000000.
[lidar_localization_node-1] [WARN] [1783472750.448523320] [lidar_localization]: The fitness score is over 6.000000.
[lidar_localization_node-1] [WARN] [1783472750.482273606] [lidar_localization]: The fitness score is over 6.000000.
[lidar_localization_node-1] [WARN] [1783472750.517539255] [lidar_localization]: The fitness score is over 6.000000.
[lidar_localization_node-1] [WARN] [1783472750.547048588] [lidar_localization]: The fitness score is over 6.000000.
[lidar_localization_node-1] [WARN] [1783472750.574315310] [lidar_localization]: The fitness score is over 6.000000.
[lidar_localization_node-1] [WARN] [1783472750.608987813] [lidar_localization]: The fitness score is over 6.000000.
[lidar_localization_node-1] [WARN] [1783472750.653219277] [lidar_localization]: The fitness score is over 6.000000.
[lidar_localization_node-1] [WARN] [1783472750.685281670] [lidar_localization]: The fitness score is over 6.000000.
[lidar_localization_node-1] [WARN] [1783472750.749862955] [lidar_localization]: The fitness score is over 6.000000.
[lidar_localization_node-1] [WARN] [1783472750.785586477] [lidar_localization]: The fitness score is over 6.000000.
[lidar_localization_node-1] [WARN] [1783472750.864598601] [lidar_localization]: The fitness score is over 6.000000.
[lidar_localization_node-1] [WARN] [1783472750.943786295] [lidar_localization]: The fitness score is over 6.000000.
[lidar_localization_node-1] [WARN] [1783472750.974353939] [lidar_localization]: The fitness score is over 6.000000.
[lidar_localization_node-1] [WARN] [1783472751.017624753] [lidar_localization]: The fitness score is over 6.000000.
[lidar_localization_node-1] [WARN] [1783472751.058523596] [lidar_localization]: The fitness score is over 6.000000.
[lidar_localization_node-1] [WARN] [1783472751.087233473] [lidar_localization]: The fitness score is over 6.000000.
[lidar_localization_node-1] [WARN] [1783472751.120999331] [lidar_localization]: The fitness score is over 6.000000.
[lidar_localization_node-1] [WARN] [1783472751.154609072] [lidar_localization]: The fitness score is over 6.000000.
[lidar_localization_node-1] [WARN] [1783472751.188039959] [lidar_localization]: The fitness score is over 6.000000.
[lidar_localization_node-1] [WARN] [1783472751.223636343] [lidar_localization]: The fitness score is over 6.000000.
[lidar_localization_node-1] [WARN] [1783472751.263028985] [lidar_localization]: The fitness score is over 6.000000.
[lidar_localization_node-1] [WARN] [1783472751.290825615] [lidar_localization]: The fitness score is over 6.000000.
[lidar_localization_node-1] [WARN] [1783472751.332139888] [lidar_localization]: The fitness score is over 6.000000.
[lidar_localization_node-1] [WARN] [1783472751.358817320] [lidar_localization]: The fitness score is over 6.000000.
[lidar_localization_node-1] [WARN] [1783472751.383982686] [lidar_localization]: The fitness score is over 6.000000.
[lidar_localization_node-1] [WARN] [1783472751.421165984] [lidar_localization]: The fitness score is over 6.000000.
[lidar_localization_node-1] [WARN] [1783472751.466552164] [lidar_localization]: The fitness score is over 6.000000.
[lidar_localization_node-1] [WARN] [1783472751.494782324] [lidar_localization]: The fitness score is over 6.000000.
[lidar_localization_node-1] [WARN] [1783472751.529153038] [lidar_localization]: The fitness score is over 6.000000.
[lidar_localization_node-1] [WARN] [1783472751.561114584] [lidar_localization]: The fitness score is over 6.000000.
[lidar_localization_node-1] [WARN] [1783472751.586923769] [lidar_localization]: The fitness score is over 6.000000.
[lidar_localization_node-1] [WARN] [1783472751.623300956] [lidar_localization]: The fitness score is over 6.000000.
[lidar_localization_node-1] [WARN] [1783472751.646512235] [lidar_localization]: The fitness score is over 6.000000.
[lidar_localization_node-1] [WARN] [1783472751.662388887] [lidar_localization]: The fitness score is over 6.000000.
[lidar_localization_node-1] [WARN] [1783472751.689688216] [lidar_localization]: The fitness score is over 6.000000.
[lidar_localization_node-1] [WARN] [1783472751.724178900] [lidar_localization]: The fitness score is over 6.000000.
[lidar_localization_node-1] [WARN] [1783472751.766701034] [lidar_localization]: The fitness score is over 6.000000.
[lidar_localization_node-1] [WARN] [1783472751.794490622] [lidar_localization]: The fitness score is over 6.000000.
[lidar_localization_node-1] [WARN] [1783472751.828541651] [lidar_localization]: The fitness score is over 6.000000.
[lidar_localization_node-1] [WARN] [1783472751.865388742] [lidar_localization]: The fitness score is over 6.000000.
[lidar_localization_node-1] [WARN] [1783472751.892002488] [lidar_localization]: The fitness score is over 6.000000.
[lidar_localization_node-1] [WARN] [1783472751.927137174] [lidar_localization]: The fitness score is over 6.000000.
[lidar_localization_node-1] [WARN] [1783472751.966711626] [lidar_localization]: The fitness score is over 6.000000.
[lidar_localization_node-1] [WARN] [1783472751.992127717] [lidar_localization]: The fitness score is over 6.000000.
[lidar_localization_node-1] [WARN] [1783472752.026932241] [lidar_localization]: The fitness score is over 6.000000.
[lidar_localization_node-1] [WARN] [1783472752.073231176] [lidar_localization]: The fitness score is over 6.000000.
[lidar_localization_node-1] [WARN] [1783472752.100661072] [lidar_localization]: The fitness score is over 6.000000.
[lidar_localization_node-1] [WARN] [1783472752.135600041] [lidar_localization]: The fitness score is over 6.000000.
[lidar_localization_node-1] [WARN] [1783472752.169899993] [lidar_localization]: The fitness score is over 6.000000.
[lidar_localization_node-1] [WARN] [1783472752.196858658] [lidar_localization]: The fitness score is over 6.000000.
[lidar_localization_node-1] [WARN] [1783472752.236074816] [lidar_localization]: The fitness score is over 6.000000.
[lidar_localization_node-1] [WARN] [1783472752.270741624] [lidar_localization]: The fitness score is over 6.000000.
[lidar_localization_node-1] [WARN] [1783472752.296586590] [lidar_localization]: The fitness score is over 6.000000.
[lidar_localization_node-1] [WARN] [1783472752.334930034] [lidar_localization]: The fitness score is over 6.000000.
[lidar_localization_node-1] [WARN] [1783472752.350860253] [lidar_localization]: The fitness score is over 6.000000.
[lidar_localization_node-1] [WARN] [1783472752.379804654] [lidar_localization]: The fitness score is over 6.000000.
[lidar_localization_node-1] [WARN] [1783472752.409727339] [lidar_localization]: The fitness score is over 6.000000.
[lidar_localization_node-1] [WARN] [1783472752.448496364] [lidar_localization]: The fitness score is over 6.000000.
[lidar_localization_node-1] [WARN] [1783472752.473422674] [lidar_localization]: The fitness score is over 6.000000.
[lidar_localization_node-1] [WARN] [1783472752.498054885] [lidar_localization]: The fitness score is over 6.000000.
[lidar_localization_node-1] [WARN] [1783472752.532198969] [lidar_localization]: The fitness score is over 6.000000.
[lidar_localization_node-1] [WARN] [1783472752.576295174] [lidar_localization]: The fitness score is over 6.000000.
[lidar_localization_node-1] [WARN] [1783472752.602430984] [lidar_localization]: The fitness score is over 6.000000.
[lidar_localization_node-1] [WARN] [1783472752.636451664] [lidar_localization]: The fitness score is over 6.000000.
[lidar_localization_node-1] [WARN] [1783472752.678280986] [lidar_localization]: The fitness score is over 6.000000.
[lidar_localization_node-1] [WARN] [1783472752.703251969] [lidar_localization]: The fitness score is over 6.000000.
[lidar_localization_node-1] [WARN] [1783472752.735887285] [lidar_localization]: The fitness score is over 6.000000.
[lidar_localization_node-1] [WARN] [1783472752.776133968] [lidar_localization]: The fitness score is over 6.000000.
[lidar_localization_node-1] [WARN] [1783472752.801980412] [lidar_localization]: The fitness score is over 6.000000.
[lidar_localization_node-1] [WARN] [1783472752.835744567] [lidar_localization]: The fitness score is over 6.000000.
[lidar_localization_node-1] [WARN] [1783472752.892922105] [lidar_localization]: The fitness score is over 6.000000.
[lidar_localization_node-1] [WARN] [1783472753.200698779] [lidar_localization]: The fitness score is over 6.000000.
[lidar_localization_node-1] [WARN] [1783472753.286102578] [lidar_localization]: The fitness score is over 6.000000.
[lidar_localization_node-1] [WARN] [1783472753.313392222] [lidar_localization]: The fitness score is over 6.000000.
[lidar_localization_node-1] [WARN] [1783472753.343733660] [lidar_localization]: The fitness score is over 6.000000.
[lidar_localization_node-1] [WARN] [1783472753.374601629] [lidar_localization]: The fitness score is over 6.000000.
[lidar_localization_node-1] [WARN] [1783472753.394619479] [lidar_localization]: The fitness score is over 6.000000.
[lidar_localization_node-1] [WARN] [1783472753.417844747] [lidar_localization]: The fitness score is over 6.000000.
[lidar_localization_node-1] [WARN] [1783472753.487606111] [lidar_localization]: The fitness score is over 6.000000.
[lidar_localization_node-1] [WARN] [1783472753.510580335] [lidar_localization]: The fitness score is over 6.000000.
[lidar_localization_node-1] [WARN] [1783472753.602772366] [lidar_localization]: The fitness score is over 6.000000.
[lidar_localization_node-1] [WARN] [1783472753.649828942] [lidar_localization]: The fitness score is over 6.000000.
[lidar_localization_node-1] [WARN] [1783472753.707803450] [lidar_localization]: The fitness score is over 6.000000.
[lidar_localization_node-1] [WARN] [1783472753.751545149] [lidar_localization]: The fitness score is over 6.000000.
[lidar_localization_node-1] [WARN] [1783472753.791861769] [lidar_localization]: The fitness score is over 6.000000.
[lidar_localization_node-1] [WARN] [1783472753.815727242] [lidar_localization]: The fitness score is over 6.000000.
[lidar_localization_node-1] [WARN] [1783472753.846203748] [lidar_localization]: The fitness score is over 6.000000.
[lidar_localization_node-1] [WARN] [1783472753.896876898] [lidar_localization]: The fitness score is over 6.000000.
[lidar_localization_node-1] [WARN] [1783472753.919282355] [lidar_localization]: The fitness score is over 6.000000.
[lidar_localization_node-1] [WARN] [1783472753.952108132] [lidar_localization]: The fitness score is over 6.000000.
[lidar_localization_node-1] [WARN] [1783472753.993029802] [lidar_localization]: The fitness score is over 6.000000.
[lidar_localization_node-1] [WARN] [1783472754.017620029] [lidar_localization]: The fitness score is over 6.000000.
[lidar_localization_node-1] [WARN] [1783472754.058268979] [lidar_localization]: The fitness score is over 6.000000.
[lidar_localization_node-1] [WARN] [1783472754.105883893] [lidar_localization]: The fitness score is over 6.000000.
[lidar_localization_node-1] [WARN] [1783472754.130969040] [lidar_localization]: The fitness score is over 6.000000.
[lidar_localization_node-1] [WARN] [1783472754.156061705] [lidar_localization]: The fitness score is over 6.000000.
[lidar_localization_node-1] [WARN] [1783472754.163498661] [lidar_localization]: The fitness score is over 6.000000.
[lidar_localization_node-1] [WARN] [1783472754.204040040] [lidar_localization]: The fitness score is over 6.000000.
[lidar_localization_node-1] [WARN] [1783472754.230347809] [lidar_localization]: The fitness score is over 6.000000.
[lidar_localization_node-1] [WARN] [1783472754.262610071] [lidar_localization]: The fitness score is over 6.000000.
[lidar_localization_node-1] [WARN] [1783472754.322224308] [lidar_localization]: The fitness score is over 6.000000.
[lidar_localization_node-1] [WARN] [1783472754.360310004] [lidar_localization]: The fitness score is over 6.000000.
[lidar_localization_node-1] [WARN] [1783472754.413643114] [lidar_localization]: The fitness score is over 6.000000.
[lidar_localization_node-1] [WARN] [1783472754.455936086] [lidar_localization]: The fitness score is over 6.000000.
[lidar_localization_node-1] [WARN] [1783472754.507227622] [lidar_localization]: The fitness score is over 6.000000.
[lidar_localization_node-1] [WARN] [1783472754.536360396] [lidar_localization]: The fitness score is over 6.000000.
[lidar_localization_node-1] [WARN] [1783472754.576958722] [lidar_localization]: The fitness score is over 6.000000.
[lidar_localization_node-1] [WARN] [1783472754.606311353] [lidar_localization]: The fitness score is over 6.000000.
[lidar_localization_node-1] [WARN] [1783472754.631048539] [lidar_localization]: The fitness score is over 6.000000.
[lidar_localization_node-1] [WARN] [1783472754.664980394] [lidar_localization]: The fitness score is over 6.000000.
[lidar_localization_node-1] [WARN] [1783472754.715060723] [lidar_localization]: The fitness score is over 6.000000.
[lidar_localization_node-1] [WARN] [1783472754.738490615] [lidar_localization]: The fitness score is over 6.000000.
[lidar_localization_node-1] [WARN] [1783472754.767500264] [lidar_localization]: The fitness score is over 6.000000.
[lidar_localization_node-1] [WARN] [1783472754.823470133] [lidar_localization]: The fitness score is over 6.000000.
[lidar_localization_node-1] [WARN] [1783472754.866890812] [lidar_localization]: The fitness score is over 6.000000.
[lidar_localization_node-1] [WARN] [1783472754.924465752] [lidar_localization]: The fitness score is over 6.000000.
[lidar_localization_node-1] [WARN] [1783472755.008077079] [lidar_localization]: The fitness score is over 6.000000.
[lidar_localization_node-1] [WARN] [1783472755.031948018] [lidar_localization]: The fitness score is over 6.000000.
[lidar_localization_node-1] [WARN] [1783472755.108114285] [lidar_localization]: The fitness score is over 6.000000.
[lidar_localization_node-1] [WARN] [1783472755.170104881] [lidar_localization]: The fitness score is over 6.000000.
[lidar_localization_node-1] [WARN] [1783472755.216006744] [lidar_localization]: The fitness score is over 6.000000.
[lidar_localization_node-1] [WARN] [1783472755.237105233] [lidar_localization]: The fitness score is over 6.000000.
[lidar_localization_node-1] [WARN] [1783472755.271854545] [lidar_localization]: The fitness score is over 6.000000.
[lidar_localization_node-1] [WARN] [1783472755.311116792] [lidar_localization]: The fitness score is over 6.000000.
[lidar_localization_node-1] [WARN] [1783472755.335261626] [lidar_localization]: The fitness score is over 6.000000.
[lidar_localization_node-1] [WARN] [1783472755.373148746] [lidar_localization]: The fitness score is over 6.000000.
[lidar_localization_node-1] [WARN] [1783472755.419804920] [lidar_localization]: The fitness score is over 6.000000.
[lidar_localization_node-1] [WARN] [1783472755.450962162] [lidar_localization]: The fitness score is over 6.000000.
[lidar_localization_node-1] [WARN] [1783472755.480047299] [lidar_localization]: The fitness score is over 6.000000.
[lidar_localization_node-1] [WARN] [1783472755.515276433] [lidar_localization]: The fitness score is over 6.000000.
[lidar_localization_node-1] [WARN] [1783472755.541120244] [lidar_localization]: The fitness score is over 6.000000.
[lidar_localization_node-1] [WARN] [1783472755.587324898] [lidar_localization]: The fitness score is over 6.000000.
[lidar_localization_node-1] [WARN] [1783472755.624994291] [lidar_localization]: The fitness score is over 6.000000.
[lidar_localization_node-1] [WARN] [1783472755.651258810] [lidar_localization]: The fitness score is over 6.000000.
[lidar_localization_node-1] [WARN] [1783472755.683340481] [lidar_localization]: The fitness score is over 6.000000.
[lidar_localization_node-1] [WARN] [1783472755.723048659] [lidar_localization]: The fitness score is over 6.000000.
[lidar_localization_node-1] [WARN] [1783472755.747403076] [lidar_localization]: The fitness score is over 6.000000.
[lidar_localization_node-1] [WARN] [1783472755.786981428] [lidar_localization]: The fitness score is over 6.000000.
[lidar_localization_node-1] [WARN] [1783472755.822672554] [lidar_localization]: The fitness score is over 6.000000.
[lidar_localization_node-1] [WARN] [1783472755.851648864] [lidar_localization]: The fitness score is over 6.000000.
[lidar_localization_node-1] [WARN] [1783472755.881884328] [lidar_localization]: The fitness score is over 6.000000.
[lidar_localization_node-1] [WARN] [1783472755.920458922] [lidar_localization]: The fitness score is over 6.000000.
[lidar_localization_node-1] [WARN] [1783472755.945393997] [lidar_localization]: The fitness score is over 6.000000.
[lidar_localization_node-1] [WARN] [1783472755.976939793] [lidar_localization]: The fitness score is over 6.000000.
[lidar_localization_node-1] [WARN] [1783472756.026966311] [lidar_localization]: The fitness score is over 6.000000.
[lidar_localization_node-1] [WARN] [1783472756.052411156] [lidar_localization]: The fitness score is over 6.000000.
[lidar_localization_node-1] [WARN] [1783472756.075768736] [lidar_localization]: The fitness score is over 6.000000.
[lidar_localization_node-1] [WARN] [1783472756.083944295] [lidar_localization]: The fitness score is over 6.000000.
[lidar_localization_node-1] [WARN] [1783472756.146121333] [lidar_localization]: The fitness score is over 6.000000.
[lidar_localization_node-1] [WARN] [1783472756.239299526] [lidar_localization]: The fitness score is over 6.000000.
[lidar_localization_node-1] [WARN] [1783472756.332478432] [lidar_localization]: The fitness score is over 6.000000.
[lidar_localization_node-1] [WARN] [1783472756.358822432] [lidar_localization]: The fitness score is over 6.000000.
[lidar_localization_node-1] [WARN] [1783472756.435074779] [lidar_localization]: The fitness score is over 6.000000.
[lidar_localization_node-1] [WARN] [1783472756.468444829] [lidar_localization]: The fitness score is over 6.000000.
[lidar_localization_node-1] [WARN] [1783472756.530623431] [lidar_localization]: The fitness score is over 6.000000.
[lidar_localization_node-1] [WARN] [1783472756.556437297] [lidar_localization]: The fitness score is over 6.000000.
[lidar_localization_node-1] [WARN] [1783472756.646287997] [lidar_localization]: The fitness score is over 6.000000.
[lidar_localization_node-1] [WARN] [1783472756.753170616] [lidar_localization]: The fitness score is over 6.000000.
[lidar_localization_node-1] [WARN] [1783472756.794261957] [lidar_localization]: The fitness score is over 6.000000.
[lidar_localization_node-1] [WARN] [1783472756.837602550] [lidar_localization]: The fitness score is over 6.000000.
[lidar_localization_node-1] [WARN] [1783472756.868559562] [lidar_localization]: The fitness score is over 6.000000.
==> bag play finished (rc=0)
[lidar_localization_node-1] [WARN] [1783472756.941639994] [lidar_localization]: The fitness score is over 6.000000.
[lidar_localization_node-1] [WARN] [1783472756.967882560] [lidar_localization]: The fitness score is over 6.000000.
[lidar_localization_node-1] [WARN] [1783472757.041506855] [lidar_localization]: The fitness score is over 6.000000.
[lidar_localization_node-1] [WARN] [1783472757.066085942] [lidar_localization]: The fitness score is over 6.000000.
[lidar_localization_node-1] [WARN] [1783472757.099860562] [lidar_localization]: The fitness score is over 6.000000.
[lidar_localization_node-1] [WARN] [1783472757.167682321] [lidar_localization]: The fitness score is over 6.000000.
[lidar_localization_node-1] [WARN] [1783472757.201305926] [lidar_localization]: The fitness score is over 6.000000.
[lidar_localization_node-1] [WARN] [1783472757.303893839] [lidar_localization]: The fitness score is over 6.000000.
[lidar_localization_node-1] [WARN] [1783472757.341360138] [lidar_localization]: The fitness score is over 6.000000.
[lidar_localization_node-1] [WARN] [1783472757.367419668] [lidar_localization]: The fitness score is over 6.000000.
[lidar_localization_node-1] [WARN] [1783472757.404272287] [lidar_localization]: The fitness score is over 6.000000.
[lidar_localization_node-1] [WARN] [1783472757.442375105] [lidar_localization]: The fitness score is over 6.000000.
[lidar_localization_node-1] [WARN] [1783472757.470711385] [lidar_localization]: The fitness score is over 6.000000.
[lidar_localization_node-1] [WARN] [1783472757.508900109] [lidar_localization]: The fitness score is over 6.000000.
[lidar_localization_node-1] [WARN] [1783472757.544904729] [lidar_localization]: The fitness score is over 6.000000.
[lidar_localization_node-1] [WARN] [1783472757.576885369] [lidar_localization]: The fitness score is over 6.000000.
[lidar_localization_node-1] [WARN] [1783472757.615376785] [lidar_localization]: The fitness score is over 6.000000.
[lidar_localization_node-1] [WARN] [1783472757.647998900] [lidar_localization]: The fitness score is over 6.000000.
[lidar_localization_node-1] [WARN] [1783472757.674945961] [lidar_localization]: The fitness score is over 6.000000.
[lidar_localization_node-1] [WARN] [1783472757.711301351] [lidar_localization]: The fitness score is over 6.000000.
[lidar_localization_node-1] [WARN] [1783472757.759613437] [lidar_localization]: The fitness score is over 6.000000.
[lidar_localization_node-1] [WARN] [1783472757.785844621] [lidar_localization]: The fitness score is over 6.000000.
[lidar_localization_node-1] [WARN] [1783472757.822584033] [lidar_localization]: The fitness score is over 6.000000.
[lidar_localization_node-1] [WARN] [1783472757.860169295] [lidar_localization]: The fitness score is over 6.000000.
[lidar_localization_node-1] [WARN] [1783472757.887630104] [lidar_localization]: The fitness score is over 6.000000.
[lidar_localization_node-1] [WARN] [1783472757.919262001] [lidar_localization]: The fitness score is over 6.000000.
[lidar_localization_node-1] [WARN] [1783472757.954367821] [lidar_localization]: The fitness score is over 6.000000.
[lidar_localization_node-1] [WARN] [1783472757.980506001] [lidar_localization]: The fitness score is over 6.000000.
[lidar_localization_node-1] [WARN] [1783472758.012255216] [lidar_localization]: The fitness score is over 6.000000.
[lidar_localization_node-1] [WARN] [1783472758.062706688] [lidar_localization]: The fitness score is over 6.000000.
[lidar_localization_node-1] [WARN] [1783472758.089952286] [lidar_localization]: The fitness score is over 6.000000.
[lidar_localization_node-1] [WARN] [1783472758.124097684] [lidar_localization]: The fitness score is over 6.000000.
[lidar_localization_node-1] [WARN] [1783472758.153368069] [lidar_localization]: The fitness score is over 6.000000.
[lidar_localization_node-1] [WARN] [1783472758.180846624] [lidar_localization]: The fitness score is over 6.000000.
[lidar_localization_node-1] [WARN] [1783472758.212793629] [lidar_localization]: The fitness score is over 6.000000.
[lidar_localization_node-1] [WARN] [1783472758.259639390] [lidar_localization]: The fitness score is over 6.000000.
[lidar_localization_node-1] [WARN] [1783472758.263103286] [lidar_localization]: The fitness score is over 6.000000.
[lidar_localization_node-1] [WARN] [1783472758.292866075] [lidar_localization]: The fitness score is over 6.000000.
[lidar_localization_node-1] [WARN] [1783472758.326707749] [lidar_localization]: The fitness score is over 6.000000.
[lidar_localization_node-1] [WARN] [1783472758.358872939] [lidar_localization]: The fitness score is over 6.000000.
[lidar_localization_node-1] [WARN] [1783472758.393885747] [lidar_localization]: The fitness score is over 6.000000.
[lidar_localization_node-1] [WARN] [1783472758.431825164] [lidar_localization]: The fitness score is over 6.000000.
[lidar_localization_node-1] [WARN] [1783472758.465430127] [lidar_localization]: The fitness score is over 6.000000.
[lidar_localization_node-1] [WARN] [1783472758.499329648] [lidar_localization]: The fitness score is over 6.000000.
[lidar_localization_node-1] [WARN] [1783472758.533323559] [lidar_localization]: The fitness score is over 6.000000.
[lidar_localization_node-1] [WARN] [1783472758.565996889] [lidar_localization]: The fitness score is over 6.000000.
[lidar_localization_node-1] [WARN] [1783472758.592978708] [lidar_localization]: The fitness score is over 6.000000.
[lidar_localization_node-1] [WARN] [1783472758.634793575] [lidar_localization]: The fitness score is over 6.000000.
[lidar_localization_node-1] [WARN] [1783472758.668578250] [lidar_localization]: The fitness score is over 6.000000.
[lidar_localization_node-1] [WARN] [1783472758.731008766] [lidar_localization]: The fitness score is over 6.000000.
[lidar_localization_node-1] [WARN] [1783472758.771018751] [lidar_localization]: The fitness score is over 6.000000.
[lidar_localization_node-1] [WARN] [1783472758.824987122] [lidar_localization]: The fitness score is over 6.000000.
[lidar_localization_node-1] [WARN] [1783472758.873486538] [lidar_localization]: The fitness score is over 6.000000.
[lidar_localization_node-1] [WARN] [1783472758.929914354] [lidar_localization]: The fitness score is over 6.000000.
[lidar_localization_node-1] [WARN] [1783472758.967236091] [lidar_localization]: The fitness score is over 6.000000.
[lidar_localization_node-1] [WARN] [1783472759.022173700] [lidar_localization]: The fitness score is over 6.000000.
[lidar_localization_node-1] [WARN] [1783472759.067644720] [lidar_localization]: The fitness score is over 6.000000.
[lidar_localization_node-1] [WARN] [1783472759.125840597] [lidar_localization]: The fitness score is over 6.000000.
[lidar_localization_node-1] [WARN] [1783472759.162675551] [lidar_localization]: The fitness score is over 6.000000.
[lidar_localization_node-1] [WARN] [1783472759.170616654] [lidar_localization]: The fitness score is over 6.000000.
[lidar_localization_node-1] [WARN] [1783472759.236240744] [lidar_localization]: The fitness score is over 6.000000.
[lidar_localization_node-1] [WARN] [1783472759.269336827] [lidar_localization]: The fitness score is over 6.000000.
[lidar_localization_node-1] [WARN] [1783472759.326041121] [lidar_localization]: The fitness score is over 6.000000.
[lidar_localization_node-1] [WARN] [1783472759.375033600] [lidar_localization]: The fitness score is over 6.000000.
[lidar_localization_node-1] [WARN] [1783472759.428431803] [lidar_localization]: The fitness score is over 6.000000.
[lidar_localization_node-1] [WARN] [1783472759.471981294] [lidar_localization]: The fitness score is over 6.000000.
[lidar_localization_node-1] [WARN] [1783472759.499848802] [lidar_localization]: The fitness score is over 6.000000.
[lidar_localization_node-1] [WARN] [1783472759.533656221] [lidar_localization]: The fitness score is over 6.000000.
[lidar_localization_node-1] [WARN] [1783472759.569089898] [lidar_localization]: The fitness score is over 6.000000.
[lidar_localization_node-1] [WARN] [1783472759.607356472] [lidar_localization]: The fitness score is over 6.000000.
[lidar_localization_node-1] [WARN] [1783472759.658333199] [lidar_localization]: The fitness score is over 6.000000.
[lidar_localization_node-1] [WARN] [1783472759.691268089] [lidar_localization]: The fitness score is over 6.000000.
[lidar_localization_node-1] [WARN] [1783472759.722136583] [lidar_localization]: The fitness score is over 6.000000.
[lidar_localization_node-1] [WARN] [1783472759.757970359] [lidar_localization]: The fitness score is over 6.000000.
[lidar_localization_node-1] [WARN] [1783472759.781204747] [lidar_localization]: The fitness score is over 6.000000.
[lidar_localization_node-1] [WARN] [1783472759.811410970] [lidar_localization]: The fitness score is over 6.000000.
[lidar_localization_node-1] [WARN] [1783472759.848808755] [lidar_localization]: The fitness score is over 6.000000.
[lidar_localization_node-1] [WARN] [1783472759.888931668] [lidar_localization]: The fitness score is over 6.000000.
[lidar_localization_node-1] [INFO] [1783472759.897856618] [rclcpp]: signal_handler(SIGINT/SIGTERM)
[lidar_localization_node-1] [INFO] [1783472759.898090665] [rclcpp]: signal_handler(SIGINT/SIGTERM)
[lidar_localization_node-1] [INFO] [1783472759.898068527] [rclcpp]: signal_handler(SIGINT/SIGTERM)
[INFO] [1783472759.911815096] [rclcpp]: signal_handler(SIGINT/SIGTERM)
[INFO] [1783472759.911827346] [rclcpp]: signal_handler(SIGINT/SIGTERM)
[INFO] [1783472759.911828447] [rclcpp]: signal_handler(SIGINT/SIGTERM)
[INFO] [1783472759.911834379] [rclcpp]: signal_handler(SIGINT/SIGTERM)
[lidar_localization_node-1] [WARN] [1783472759.939659647] [lidar_localization]: The fitness score is over 6.000000.
[lidar_localization_node-1] [WARN] [1783472759.952497972] [lidar_localization]: The fitness score is over 6.000000.
[INFO] [lidar_localization_node-1]: process has finished cleanly [pid 24081]
[INFO] [lidar_localization_node-1]: process has finished cleanly [pid 22455]
[INFO] [lidar_localization_node-1]: process has finished cleanly [pid 21664]
