==> GLIM start 2026-07-08T11:08:19Z
[2026-07-08 20:08:20.266] [glim] [info] config_path: /home/systemlab/whill_lab0_ros2/docs/m5r-bench-data/2026-07-08-campus-demo-v2-pregap/glim-out/config/
[2026-07-08 20:08:20.266] [glim] [info] load libodometry_estimation_gpu.so
[2026-07-08 20:08:22.394] [glim] [info] load libsub_mapping.so
[2026-07-08 20:08:22.395] [glim] [info] load libglobal_mapping.so
[2026-07-08 20:08:22.395] [glim] [info] load libmemory_monitor.so
[2026-07-08 20:08:22.396] [glim] [info] load libstandard_viewer.so
[2026-07-08 20:08:22.550] [glim] [info] load librviz_viewer.so
[2026-07-08 20:08:22.562] [glim] [info] topics:
[2026-07-08 20:08:22.562] [glim] [info] - /imu/data_rep145
[2026-07-08 20:08:22.562] [glim] [info] - /velodyne_points
[2026-07-08 20:08:22.562] [glim] [info] - /image
[2026-07-08 20:08:22.562] [glim] [info] bag_filenames:
[2026-07-08 20:08:22.562] [glim] [info] - /home/systemlab/whill_lab0_ros2/docs/m5r-bench-data/2026-07-08-campus-demo-v2-pregap/bag
[2026-07-08 20:08:22.562] [glim] [warning] param glim_ros/playback_speed not found
[2026-07-08 20:08:22.562] [glim] [warning] use default_value=100
[2026-07-08 20:08:22.562] [glim] [info] opening /home/systemlab/whill_lab0_ros2/docs/m5r-bench-data/2026-07-08-campus-demo-v2-pregap/bag
[2026-07-08 20:08:22.562] [glim] [info] detected storage_id=sqlite3 from metadata.yaml
[INFO] [1783508902.564836071] [rosbag2_storage]: Opened database '/home/systemlab/whill_lab0_ros2/docs/m5r-bench-data/2026-07-08-campus-demo-v2-pregap/bag/bag_0.db3' for READ_ONLY.
[2026-07-08 20:08:22.568] [glim] [warning] negative per-point timestamp is found!! min=-0.100014 max=0.001306
[2026-07-08 20:08:22.568] [glim] [warning] add an offset to the frame timestamp to make per-point ones positive!!
[2026-07-08 20:08:22.679] [odom] [info] estimate initial IMU state
Initial error: 15313.5, values: 33
iter      cost      cost_change    lambda  success iter_time
   0      75.4237      1.5e+04      1e-05      1    0.00026
   1         0.12           75      1e-06      1     0.0002
   2         0.11      0.00043      1e-07      1     0.0002
   3         0.11     -3.4e-10      1e-08      1     0.0002
[2026-07-08 20:08:22.681] [odom] [info] initial IMU state estimation result
[2026-07-08 20:08:22.681] [odom] [info] T_world_imu=se3(-0.001145,-0.001037,0.000059,-0.053130,-0.068223,-0.003703,0.996247)
[2026-07-08 20:08:22.681] [odom] [info] v_world_imu=vec(0.000756,0.004626,0.049407)
[2026-07-08 20:08:22.681] [odom] [info] imu_bias=vec(0.000005,0.000056,0.001690,-0.004376,0.000095,0.000574)
[2026-07-08 20:08:22.689] [rviz] [info] auto-detected IMU frame ID: imu_link
[2026-07-08 20:08:22.689] [rviz] [info] auto-detected LiDAR frame ID: velodyne
[2026-07-08 20:08:22.689] [rviz] [info] base_frame_id is not set. using IMU frame ID 'imu_link' as base frame ID.
[2026-07-08 20:08:25.640] [odom] [warning] IMU prediction is not good.
[2026-07-08 20:08:25.640] [odom] [warning] Possibly T_lidar_imu is not accurate or IMU bias is not well estimated.
[2026-07-08 20:08:25.640] [odom] [warning] IMU validation results:
[2026-07-08 20:08:25.640] [odom] [warning] num_validations=64
[2026-07-08 20:08:25.640] [odom] [warning] No-IMU errors rot=0.217 +- 0.291 deg, trans=0.008 +- 0.006 m, vel=0.050 +- 0.046 m/s
[2026-07-08 20:08:25.640] [odom] [warning] IMU errors rot=0.110 +- 0.094 deg, trans=0.008 +- 0.006 m, vel=0.028 +- 0.019 m/s
[2026-07-08 20:08:25.640] [odom] [warning] IMU better ratios rot=0.75, trans=0.38, vel=0.70
[2026-07-08 20:08:26.472] [odom] [warning] IMU prediction is not good.
[2026-07-08 20:08:26.472] [odom] [warning] Possibly T_lidar_imu is not accurate or IMU bias is not well estimated.
[2026-07-08 20:08:26.472] [odom] [warning] IMU validation results:
[2026-07-08 20:08:26.472] [odom] [warning] num_validations=128
[2026-07-08 20:08:26.472] [odom] [warning] No-IMU errors rot=0.187 +- 0.232 deg, trans=0.007 +- 0.006 m, vel=0.038 +- 0.042 m/s
[2026-07-08 20:08:26.472] [odom] [warning] IMU errors rot=0.081 +- 0.077 deg, trans=0.008 +- 0.006 m, vel=0.026 +- 0.019 m/s
[2026-07-08 20:08:26.472] [odom] [warning] IMU better ratios rot=0.80, trans=0.27, vel=0.59
[2026-07-08 20:08:27.371] [odom] [warning] IMU prediction is not good.
[2026-07-08 20:08:27.371] [odom] [warning] Possibly T_lidar_imu is not accurate or IMU bias is not well estimated.
[2026-07-08 20:08:27.371] [odom] [warning] IMU validation results:
[2026-07-08 20:08:27.371] [odom] [warning] num_validations=192
[2026-07-08 20:08:27.371] [odom] [warning] No-IMU errors rot=0.167 +- 0.197 deg, trans=0.007 +- 0.005 m, vel=0.033 +- 0.035 m/s
[2026-07-08 20:08:27.371] [odom] [warning] IMU errors rot=0.073 +- 0.067 deg, trans=0.007 +- 0.005 m, vel=0.024 +- 0.017 m/s
[2026-07-08 20:08:27.371] [odom] [warning] IMU better ratios rot=0.80, trans=0.32, vel=0.59
[2026-07-08 20:08:28.341] [odom] [warning] IMU prediction is not good.
[2026-07-08 20:08:28.341] [odom] [warning] Possibly T_lidar_imu is not accurate or IMU bias is not well estimated.
[2026-07-08 20:08:28.341] [odom] [warning] IMU validation results:
[2026-07-08 20:08:28.341] [odom] [warning] num_validations=256
[2026-07-08 20:08:28.341] [odom] [warning] No-IMU errors rot=0.154 +- 0.180 deg, trans=0.007 +- 0.005 m, vel=0.031 +- 0.032 m/s
[2026-07-08 20:08:28.341] [odom] [warning] IMU errors rot=0.069 +- 0.063 deg, trans=0.007 +- 0.005 m, vel=0.023 +- 0.017 m/s
[2026-07-08 20:08:28.341] [odom] [warning] IMU better ratios rot=0.79, trans=0.34, vel=0.60
[2026-07-08 20:08:29.322] [odom] [warning] IMU prediction is not good.
[2026-07-08 20:08:29.322] [odom] [warning] Possibly T_lidar_imu is not accurate or IMU bias is not well estimated.
[2026-07-08 20:08:29.322] [odom] [warning] IMU validation results:
[2026-07-08 20:08:29.322] [odom] [warning] num_validations=320
[2026-07-08 20:08:29.322] [odom] [warning] No-IMU errors rot=0.162 +- 0.184 deg, trans=0.007 +- 0.005 m, vel=0.033 +- 0.031 m/s
[2026-07-08 20:08:29.322] [odom] [warning] IMU errors rot=0.072 +- 0.063 deg, trans=0.008 +- 0.005 m, vel=0.025 +- 0.017 m/s
[2026-07-08 20:08:29.322] [odom] [warning] IMU better ratios rot=0.81, trans=0.33, vel=0.61
[2026-07-08 20:08:30.653] [odom] [warning] IMU prediction is not good.
[2026-07-08 20:08:30.653] [odom] [warning] Possibly T_lidar_imu is not accurate or IMU bias is not well estimated.
[2026-07-08 20:08:30.653] [odom] [warning] IMU validation results:
[2026-07-08 20:08:30.653] [odom] [warning] num_validations=384
[2026-07-08 20:08:30.653] [odom] [warning] No-IMU errors rot=0.355 +- 0.522 deg, trans=0.011 +- 0.010 m, vel=0.035 +- 0.030 m/s
[2026-07-08 20:08:30.653] [odom] [warning] IMU errors rot=0.097 +- 0.090 deg, trans=0.012 +- 0.012 m, vel=0.039 +- 0.042 m/s
[2026-07-08 20:08:30.653] [odom] [warning] IMU better ratios rot=0.84, trans=0.29, vel=0.55
[2026-07-08 20:08:32.465] [odom] [warning] IMU prediction is not good.
[2026-07-08 20:08:32.465] [odom] [warning] Possibly T_lidar_imu is not accurate or IMU bias is not well estimated.
[2026-07-08 20:08:32.465] [odom] [warning] IMU validation results:
[2026-07-08 20:08:32.465] [odom] [warning] num_validations=448
[2026-07-08 20:08:32.465] [odom] [warning] No-IMU errors rot=0.321 +- 0.491 deg, trans=0.015 +- 0.015 m, vel=0.034 +- 0.029 m/s
[2026-07-08 20:08:32.465] [odom] [warning] IMU errors rot=0.091 +- 0.085 deg, trans=0.017 +- 0.018 m, vel=0.056 +- 0.058 m/s
[2026-07-08 20:08:32.465] [odom] [warning] IMU better ratios rot=0.84, trans=0.25, vel=0.47
[2026-07-08 20:08:32.567] [glim] [info] playback speed: 5.314x
[2026-07-08 20:08:34.629] [odom] [warning] IMU prediction is not good.
[2026-07-08 20:08:34.629] [odom] [warning] Possibly T_lidar_imu is not accurate or IMU bias is not well estimated.
[2026-07-08 20:08:34.629] [odom] [warning] IMU validation results:
[2026-07-08 20:08:34.629] [odom] [warning] num_validations=512
[2026-07-08 20:08:34.629] [odom] [warning] No-IMU errors rot=0.303 +- 0.463 deg, trans=0.020 +- 0.019 m, vel=0.034 +- 0.027 m/s
[2026-07-08 20:08:34.629] [odom] [warning] IMU errors rot=0.089 +- 0.081 deg, trans=0.023 +- 0.022 m, vel=0.068 +- 0.063 m/s
[2026-07-08 20:08:34.629] [odom] [warning] IMU better ratios rot=0.85, trans=0.22, vel=0.41
[2026-07-08 20:08:35.824] [odom] [warning] IMU prediction is not good.
[2026-07-08 20:08:35.824] [odom] [warning] Possibly T_lidar_imu is not accurate or IMU bias is not well estimated.
[2026-07-08 20:08:35.824] [odom] [warning] IMU validation results:
[2026-07-08 20:08:35.824] [odom] [warning] num_validations=576
[2026-07-08 20:08:35.824] [odom] [warning] No-IMU errors rot=0.298 +- 0.440 deg, trans=0.024 +- 0.021 m, vel=0.033 +- 0.027 m/s
[2026-07-08 20:08:35.824] [odom] [warning] IMU errors rot=0.087 +- 0.078 deg, trans=0.027 +- 0.025 m, vel=0.077 +- 0.064 m/s
[2026-07-08 20:08:35.824] [odom] [warning] IMU better ratios rot=0.86, trans=0.19, vel=0.36
[2026-07-08 20:08:37.576] [glim] [info] playback speed: 3.423x
[2026-07-08 20:08:38.504] [odom] [warning] IMU prediction is not good.
[2026-07-08 20:08:38.504] [odom] [warning] Possibly T_lidar_imu is not accurate or IMU bias is not well estimated.
[2026-07-08 20:08:38.504] [odom] [warning] IMU validation results:
[2026-07-08 20:08:38.504] [odom] [warning] num_validations=640
[2026-07-08 20:08:38.504] [odom] [warning] No-IMU errors rot=0.286 +- 0.421 deg, trans=0.027 +- 0.023 m, vel=0.032 +- 0.026 m/s
[2026-07-08 20:08:38.504] [odom] [warning] IMU errors rot=0.083 +- 0.075 deg, trans=0.031 +- 0.026 m, vel=0.083 +- 0.063 m/s
[2026-07-08 20:08:38.504] [odom] [warning] IMU better ratios rot=0.86, trans=0.17, vel=0.33
[2026-07-08 20:08:39.709] [odom] [warning] IMU prediction is not good.
[2026-07-08 20:08:39.709] [odom] [warning] Possibly T_lidar_imu is not accurate or IMU bias is not well estimated.
[2026-07-08 20:08:39.709] [odom] [warning] IMU validation results:
[2026-07-08 20:08:39.709] [odom] [warning] num_validations=704
[2026-07-08 20:08:39.709] [odom] [warning] No-IMU errors rot=0.272 +- 0.405 deg, trans=0.030 +- 0.023 m, vel=0.031 +- 0.025 m/s
[2026-07-08 20:08:39.709] [odom] [warning] IMU errors rot=0.080 +- 0.072 deg, trans=0.033 +- 0.026 m, vel=0.087 +- 0.062 m/s
[2026-07-08 20:08:39.709] [odom] [warning] IMU better ratios rot=0.87, trans=0.16, vel=0.30
[2026-07-08 20:08:42.060] [odom] [warning] IMU prediction is not good.
[2026-07-08 20:08:42.060] [odom] [warning] Possibly T_lidar_imu is not accurate or IMU bias is not well estimated.
[2026-07-08 20:08:42.060] [odom] [warning] IMU validation results:
[2026-07-08 20:08:42.060] [odom] [warning] num_validations=768
[2026-07-08 20:08:42.060] [odom] [warning] No-IMU errors rot=0.264 +- 0.390 deg, trans=0.031 +- 0.023 m, vel=0.031 +- 0.024 m/s
[2026-07-08 20:08:42.060] [odom] [warning] IMU errors rot=0.078 +- 0.070 deg, trans=0.035 +- 0.026 m, vel=0.090 +- 0.060 m/s
[2026-07-08 20:08:42.060] [odom] [warning] IMU better ratios rot=0.88, trans=0.14, vel=0.27
[2026-07-08 20:08:42.589] [glim] [info] playback speed: 3.460x
[2026-07-08 20:08:43.139] [odom] [warning] IMU prediction is not good.
[2026-07-08 20:08:43.139] [odom] [warning] Possibly T_lidar_imu is not accurate or IMU bias is not well estimated.
[2026-07-08 20:08:43.139] [odom] [warning] IMU validation results:
[2026-07-08 20:08:43.139] [odom] [warning] num_validations=832
[2026-07-08 20:08:43.139] [odom] [warning] No-IMU errors rot=0.255 +- 0.377 deg, trans=0.032 +- 0.022 m, vel=0.030 +- 0.024 m/s
[2026-07-08 20:08:43.139] [odom] [warning] IMU errors rot=0.075 +- 0.068 deg, trans=0.037 +- 0.025 m, vel=0.092 +- 0.059 m/s
[2026-07-08 20:08:43.139] [odom] [warning] IMU better ratios rot=0.88, trans=0.13, vel=0.25
[2026-07-08 20:08:44.796] [odom] [warning] IMU prediction is not good.
[2026-07-08 20:08:44.796] [odom] [warning] Possibly T_lidar_imu is not accurate or IMU bias is not well estimated.
[2026-07-08 20:08:44.796] [odom] [warning] IMU validation results:
[2026-07-08 20:08:44.796] [odom] [warning] num_validations=896
[2026-07-08 20:08:44.796] [odom] [warning] No-IMU errors rot=0.244 +- 0.366 deg, trans=0.033 +- 0.022 m, vel=0.029 +- 0.023 m/s
[2026-07-08 20:08:44.796] [odom] [warning] IMU errors rot=0.072 +- 0.067 deg, trans=0.037 +- 0.025 m, vel=0.094 +- 0.057 m/s
[2026-07-08 20:08:44.796] [odom] [warning] IMU better ratios rot=0.89, trans=0.12, vel=0.23
[2026-07-08 20:08:46.938] [odom] [warning] IMU prediction is not good.
[2026-07-08 20:08:46.938] [odom] [warning] Possibly T_lidar_imu is not accurate or IMU bias is not well estimated.
[2026-07-08 20:08:46.938] [odom] [warning] IMU validation results:
[2026-07-08 20:08:46.938] [odom] [warning] num_validations=960
[2026-07-08 20:08:46.938] [odom] [warning] No-IMU errors rot=0.234 +- 0.356 deg, trans=0.033 +- 0.021 m, vel=0.028 +- 0.023 m/s
[2026-07-08 20:08:46.938] [odom] [warning] IMU errors rot=0.070 +- 0.065 deg, trans=0.037 +- 0.024 m, vel=0.095 +- 0.055 m/s
[2026-07-08 20:08:46.938] [odom] [warning] IMU better ratios rot=0.89, trans=0.12, vel=0.22
[2026-07-08 20:08:47.607] [glim] [info] playback speed: 3.759x
[2026-07-08 20:08:48.015] [odom] [warning] IMU bias estimation seems inaccurate.
[2026-07-08 20:08:48.015] [odom] [warning] Possibly T_lidar_imu is not accurate or LiDAR-IMU synchronization is not correct.
[2026-07-08 20:08:48.015] [odom] [warning] IMU bias validation results:
[2026-07-08 20:08:48.015] [odom] [warning] num_bias_validations=1344
[2026-07-08 20:08:48.015] [odom] [warning] bias_acc=[0.534, -0.315, 0.029] m/s^2, bias_gyro=[-0.019, -0.000, 0.001] rad/s
[2026-07-08 20:08:48.015] [odom] [warning] acc_stat ax=0.173 +- 0.189 [min=0.001, max=0.534], ay=-0.092 +- 0.118 [min=-0.315, max=0.015], az=0.038 +- 0.011 [min=0.011, max=0.055] m/s^2
[2026-07-08 20:08:48.015] [odom] [warning] gyro_stat wx=-0.019 +- 0.001 [min=-0.020, max=-0.017], wy=-0.001 +- 0.002 [min=-0.004, max=0.001], wz=0.001 +- 0.000 [min=0.001, max=0.001] rad/s
[2026-07-08 20:08:48.195] [odom] [warning] IMU prediction is not good.
[2026-07-08 20:08:48.195] [odom] [warning] Possibly T_lidar_imu is not accurate or IMU bias is not well estimated.
[2026-07-08 20:08:48.195] [odom] [warning] IMU validation results:
[2026-07-08 20:08:48.195] [odom] [warning] num_validations=1024
[2026-07-08 20:08:48.195] [odom] [warning] No-IMU errors rot=0.228 +- 0.346 deg, trans=0.033 +- 0.020 m, vel=0.028 +- 0.022 m/s
[2026-07-08 20:08:48.195] [odom] [warning] IMU errors rot=0.068 +- 0.064 deg, trans=0.037 +- 0.023 m, vel=0.095 +- 0.053 m/s
[2026-07-08 20:08:48.195] [odom] [warning] IMU better ratios rot=0.89, trans=0.11, vel=0.21
[2026-07-08 20:08:50.589] [odom] [warning] IMU bias estimation seems inaccurate.
[2026-07-08 20:08:50.589] [odom] [warning] Possibly T_lidar_imu is not accurate or LiDAR-IMU synchronization is not correct.
[2026-07-08 20:08:50.589] [odom] [warning] IMU bias validation results:
[2026-07-08 20:08:50.589] [odom] [warning] num_bias_validations=1408
[2026-07-08 20:08:50.589] [odom] [warning] bias_acc=[0.565, -0.334, 0.028] m/s^2, bias_gyro=[-0.020, 0.000, 0.001] rad/s
[2026-07-08 20:08:50.589] [odom] [warning] acc_stat ax=0.191 +- 0.202 [min=0.001, max=0.565], ay=-0.103 +- 0.126 [min=-0.334, max=0.015], az=0.038 +- 0.011 [min=0.011, max=0.055] m/s^2
[2026-07-08 20:08:50.589] [odom] [warning] gyro_stat wx=-0.019 +- 0.001 [min=-0.020, max=-0.017], wy=-0.001 +- 0.002 [min=-0.004, max=0.001], wz=0.001 +- 0.000 [min=0.001, max=0.001] rad/s
[2026-07-08 20:08:50.731] [odom] [warning] IMU prediction is not good.
[2026-07-08 20:08:50.731] [odom] [warning] Possibly T_lidar_imu is not accurate or IMU bias is not well estimated.
[2026-07-08 20:08:50.731] [odom] [warning] IMU validation results:
[2026-07-08 20:08:50.732] [odom] [warning] num_validations=1088
[2026-07-08 20:08:50.732] [odom] [warning] No-IMU errors rot=0.224 +- 0.337 deg, trans=0.033 +- 0.020 m, vel=0.027 +- 0.022 m/s
[2026-07-08 20:08:50.732] [odom] [warning] IMU errors rot=0.067 +- 0.062 deg, trans=0.037 +- 0.022 m, vel=0.095 +- 0.052 m/s
[2026-07-08 20:08:50.732] [odom] [warning] IMU better ratios rot=0.89, trans=0.10, vel=0.19
[2026-07-08 20:08:51.530] [odom] [warning] IMU bias estimation seems inaccurate.
[2026-07-08 20:08:51.530] [odom] [warning] Possibly T_lidar_imu is not accurate or LiDAR-IMU synchronization is not correct.
[2026-07-08 20:08:51.530] [odom] [warning] IMU bias validation results:
[2026-07-08 20:08:51.530] [odom] [warning] num_bias_validations=1472
[2026-07-08 20:08:51.530] [odom] [warning] bias_acc=[0.595, -0.354, 0.027] m/s^2, bias_gyro=[-0.020, 0.000, 0.001] rad/s
[2026-07-08 20:08:51.530] [odom] [warning] acc_stat ax=0.208 +- 0.214 [min=0.001, max=0.595], ay=-0.114 +- 0.133 [min=-0.354, max=0.015], az=0.037 +- 0.011 [min=0.011, max=0.055] m/s^2
[2026-07-08 20:08:51.530] [odom] [warning] gyro_stat wx=-0.019 +- 0.001 [min=-0.020, max=-0.017], wy=-0.001 +- 0.002 [min=-0.004, max=0.001], wz=0.001 +- 0.000 [min=0.001, max=0.001] rad/s
[2026-07-08 20:08:52.226] [odom] [warning] IMU prediction is not good.
[2026-07-08 20:08:52.226] [odom] [warning] Possibly T_lidar_imu is not accurate or IMU bias is not well estimated.
[2026-07-08 20:08:52.226] [odom] [warning] IMU validation results:
[2026-07-08 20:08:52.226] [odom] [warning] num_validations=1152
[2026-07-08 20:08:52.226] [odom] [warning] No-IMU errors rot=0.219 +- 0.329 deg, trans=0.033 +- 0.019 m, vel=0.027 +- 0.021 m/s
[2026-07-08 20:08:52.226] [odom] [warning] IMU errors rot=0.066 +- 0.061 deg, trans=0.037 +- 0.022 m, vel=0.095 +- 0.050 m/s
[2026-07-08 20:08:52.226] [odom] [warning] IMU better ratios rot=0.89, trans=0.10, vel=0.18
[2026-07-08 20:08:52.607] [glim] [info] playback speed: 4.076x
[2026-07-08 20:08:53.112] [odom] [warning] IMU bias estimation seems inaccurate.
[2026-07-08 20:08:53.112] [odom] [warning] Possibly T_lidar_imu is not accurate or LiDAR-IMU synchronization is not correct.
[2026-07-08 20:08:53.112] [odom] [warning] IMU bias validation results:
[2026-07-08 20:08:53.112] [odom] [warning] num_bias_validations=1536
[2026-07-08 20:08:53.112] [odom] [warning] bias_acc=[0.622, -0.375, 0.026] m/s^2, bias_gyro=[-0.020, 0.000, 0.001] rad/s
[2026-07-08 20:08:53.112] [odom] [warning] acc_stat ax=0.225 +- 0.225 [min=0.001, max=0.622], ay=-0.125 +- 0.140 [min=-0.375, max=0.015], az=0.037 +- 0.011 [min=0.011, max=0.055] m/s^2
[2026-07-08 20:08:53.112] [odom] [warning] gyro_stat wx=-0.019 +- 0.001 [min=-0.020, max=-0.017], wy=-0.001 +- 0.001 [min=-0.004, max=0.001], wz=0.001 +- 0.000 [min=0.001, max=0.001] rad/s
[2026-07-08 20:08:53.830] [odom] [warning] IMU prediction is not good.
[2026-07-08 20:08:53.830] [odom] [warning] Possibly T_lidar_imu is not accurate or IMU bias is not well estimated.
[2026-07-08 20:08:53.830] [odom] [warning] IMU validation results:
[2026-07-08 20:08:53.830] [odom] [warning] num_validations=1216
[2026-07-08 20:08:53.830] [odom] [warning] No-IMU errors rot=0.216 +- 0.321 deg, trans=0.033 +- 0.019 m, vel=0.027 +- 0.021 m/s
[2026-07-08 20:08:53.830] [odom] [warning] IMU errors rot=0.066 +- 0.060 deg, trans=0.037 +- 0.021 m, vel=0.095 +- 0.049 m/s
[2026-07-08 20:08:53.830] [odom] [warning] IMU better ratios rot=0.89, trans=0.09, vel=0.17
[2026-07-08 20:08:55.427] [odom] [warning] IMU bias estimation seems inaccurate.
[2026-07-08 20:08:55.427] [odom] [warning] Possibly T_lidar_imu is not accurate or LiDAR-IMU synchronization is not correct.
[2026-07-08 20:08:55.427] [odom] [warning] IMU bias validation results:
[2026-07-08 20:08:55.427] [odom] [warning] num_bias_validations=1600
[2026-07-08 20:08:55.427] [odom] [warning] bias_acc=[0.646, -0.394, 0.024] m/s^2, bias_gyro=[-0.020, 0.000, 0.001] rad/s
[2026-07-08 20:08:55.427] [odom] [warning] acc_stat ax=0.242 +- 0.235 [min=0.001, max=0.646], ay=-0.136 +- 0.147 [min=-0.394, max=0.015], az=0.036 +- 0.011 [min=0.011, max=0.055] m/s^2
[2026-07-08 20:08:55.427] [odom] [warning] gyro_stat wx=-0.019 +- 0.001 [min=-0.020, max=-0.017], wy=-0.001 +- 0.001 [min=-0.004, max=0.001], wz=0.001 +- 0.000 [min=0.001, max=0.001] rad/s
[2026-07-08 20:08:55.541] [odom] [warning] IMU prediction is not good.
[2026-07-08 20:08:55.542] [odom] [warning] Possibly T_lidar_imu is not accurate or IMU bias is not well estimated.
[2026-07-08 20:08:55.542] [odom] [warning] IMU validation results:
[2026-07-08 20:08:55.542] [odom] [warning] num_validations=1280
[2026-07-08 20:08:55.542] [odom] [warning] No-IMU errors rot=0.216 +- 0.319 deg, trans=0.032 +- 0.018 m, vel=0.027 +- 0.020 m/s
[2026-07-08 20:08:55.542] [odom] [warning] IMU errors rot=0.065 +- 0.059 deg, trans=0.037 +- 0.021 m, vel=0.095 +- 0.048 m/s
[2026-07-08 20:08:55.542] [odom] [warning] IMU better ratios rot=0.89, trans=0.09, vel=0.16
[2026-07-08 20:08:56.379] [odom] [warning] IMU bias estimation seems inaccurate.
[2026-07-08 20:08:56.379] [odom] [warning] Possibly T_lidar_imu is not accurate or LiDAR-IMU synchronization is not correct.
[2026-07-08 20:08:56.379] [odom] [warning] IMU bias validation results:
[2026-07-08 20:08:56.379] [odom] [warning] num_bias_validations=1664
[2026-07-08 20:08:56.379] [odom] [warning] bias_acc=[0.671, -0.414, 0.023] m/s^2, bias_gyro=[-0.020, 0.001, 0.001] rad/s
[2026-07-08 20:08:56.379] [odom] [warning] acc_stat ax=0.259 +- 0.245 [min=0.001, max=0.671], ay=-0.146 +- 0.154 [min=-0.414, max=0.015], az=0.036 +- 0.011 [min=0.011, max=0.055] m/s^2
[2026-07-08 20:08:56.379] [odom] [warning] gyro_stat wx=-0.019 +- 0.001 [min=-0.020, max=-0.017], wy=-0.001 +- 0.001 [min=-0.004, max=0.001], wz=0.001 +- 0.000 [min=0.001, max=0.001] rad/s
[2026-07-08 20:08:57.199] [odom] [warning] IMU prediction is not good.
[2026-07-08 20:08:57.199] [odom] [warning] Possibly T_lidar_imu is not accurate or IMU bias is not well estimated.
[2026-07-08 20:08:57.199] [odom] [warning] IMU validation results:
[2026-07-08 20:08:57.199] [odom] [warning] num_validations=1344
[2026-07-08 20:08:57.199] [odom] [warning] No-IMU errors rot=0.210 +- 0.313 deg, trans=0.032 +- 0.018 m, vel=0.026 +- 0.020 m/s
[2026-07-08 20:08:57.199] [odom] [warning] IMU errors rot=0.064 +- 0.058 deg, trans=0.036 +- 0.020 m, vel=0.094 +- 0.047 m/s
[2026-07-08 20:08:57.199] [odom] [warning] IMU better ratios rot=0.89, trans=0.08, vel=0.16
[2026-07-08 20:08:57.620] [glim] [info] playback speed: 3.782x
[2026-07-08 20:08:58.402] [odom] [warning] IMU bias estimation seems inaccurate.
[2026-07-08 20:08:58.402] [odom] [warning] Possibly T_lidar_imu is not accurate or LiDAR-IMU synchronization is not correct.
[2026-07-08 20:08:58.402] [odom] [warning] IMU bias validation results:
[2026-07-08 20:08:58.402] [odom] [warning] num_bias_validations=1728
[2026-07-08 20:08:58.402] [odom] [warning] bias_acc=[0.691, -0.430, 0.022] m/s^2, bias_gyro=[-0.020, 0.001, 0.001] rad/s
[2026-07-08 20:08:58.402] [odom] [warning] acc_stat ax=0.275 +- 0.254 [min=0.001, max=0.691], ay=-0.157 +- 0.160 [min=-0.430, max=0.015], az=0.035 +- 0.011 [min=0.011, max=0.055] m/s^2
[2026-07-08 20:08:58.402] [odom] [warning] gyro_stat wx=-0.019 +- 0.001 [min=-0.020, max=-0.017], wy=-0.000 +- 0.001 [min=-0.004, max=0.001], wz=0.001 +- 0.000 [min=0.001, max=0.001] rad/s
[2026-07-08 20:08:59.211] [odom] [warning] IMU prediction is not good.
[2026-07-08 20:08:59.211] [odom] [warning] Possibly T_lidar_imu is not accurate or IMU bias is not well estimated.
[2026-07-08 20:08:59.211] [odom] [warning] IMU validation results:
[2026-07-08 20:08:59.211] [odom] [warning] num_validations=1408
[2026-07-08 20:08:59.211] [odom] [warning] No-IMU errors rot=0.202 +- 0.308 deg, trans=0.031 +- 0.018 m, vel=0.026 +- 0.020 m/s
[2026-07-08 20:08:59.211] [odom] [warning] IMU errors rot=0.062 +- 0.058 deg, trans=0.036 +- 0.020 m, vel=0.093 +- 0.046 m/s
[2026-07-08 20:08:59.211] [odom] [warning] IMU better ratios rot=0.88, trans=0.08, vel=0.15
[2026-07-08 20:09:00.402] [odom] [warning] IMU bias estimation seems inaccurate.
[2026-07-08 20:09:00.402] [odom] [warning] Possibly T_lidar_imu is not accurate or LiDAR-IMU synchronization is not correct.
[2026-07-08 20:09:00.402] [odom] [warning] IMU bias validation results:
[2026-07-08 20:09:00.402] [odom] [warning] num_bias_validations=1792
[2026-07-08 20:09:00.402] [odom] [warning] bias_acc=[0.710, -0.445, 0.021] m/s^2, bias_gyro=[-0.020, 0.001, 0.001] rad/s
[2026-07-08 20:09:00.402] [odom] [warning] acc_stat ax=0.290 +- 0.262 [min=0.001, max=0.710], ay=-0.167 +- 0.166 [min=-0.445, max=0.015], az=0.035 +- 0.011 [min=0.011, max=0.055] m/s^2
[2026-07-08 20:09:00.402] [odom] [warning] gyro_stat wx=-0.019 +- 0.001 [min=-0.020, max=-0.017], wy=-0.000 +- 0.001 [min=-0.004, max=0.001], wz=0.001 +- 0.000 [min=0.001, max=0.001] rad/s
[2026-07-08 20:09:00.576] [odom] [warning] IMU prediction is not good.
[2026-07-08 20:09:00.576] [odom] [warning] Possibly T_lidar_imu is not accurate or IMU bias is not well estimated.
[2026-07-08 20:09:00.576] [odom] [warning] IMU validation results:
[2026-07-08 20:09:00.576] [odom] [warning] num_validations=1472
[2026-07-08 20:09:00.576] [odom] [warning] No-IMU errors rot=0.200 +- 0.303 deg, trans=0.031 +- 0.018 m, vel=0.026 +- 0.020 m/s
[2026-07-08 20:09:00.576] [odom] [warning] IMU errors rot=0.061 +- 0.057 deg, trans=0.035 +- 0.020 m, vel=0.093 +- 0.045 m/s
[2026-07-08 20:09:00.576] [odom] [warning] IMU better ratios rot=0.88, trans=0.08, vel=0.14
[2026-07-08 20:09:02.046] [odom] [warning] IMU bias estimation seems inaccurate.
[2026-07-08 20:09:02.046] [odom] [warning] Possibly T_lidar_imu is not accurate or LiDAR-IMU synchronization is not correct.
[2026-07-08 20:09:02.046] [odom] [warning] IMU bias validation results:
[2026-07-08 20:09:02.046] [odom] [warning] num_bias_validations=1856
[2026-07-08 20:09:02.046] [odom] [warning] bias_acc=[0.730, -0.460, 0.020] m/s^2, bias_gyro=[-0.020, 0.001, 0.001] rad/s
[2026-07-08 20:09:02.046] [odom] [warning] acc_stat ax=0.305 +- 0.270 [min=0.001, max=0.730], ay=-0.177 +- 0.172 [min=-0.460, max=0.015], az=0.034 +- 0.011 [min=0.011, max=0.055] m/s^2
[2026-07-08 20:09:02.046] [odom] [warning] gyro_stat wx=-0.019 +- 0.001 [min=-0.020, max=-0.017], wy=-0.000 +- 0.001 [min=-0.004, max=0.001], wz=0.001 +- 0.000 [min=0.001, max=0.001] rad/s
[2026-07-08 20:09:02.580] [odom] [warning] IMU prediction is not good.
[2026-07-08 20:09:02.580] [odom] [warning] Possibly T_lidar_imu is not accurate or IMU bias is not well estimated.
[2026-07-08 20:09:02.580] [odom] [warning] IMU validation results:
[2026-07-08 20:09:02.580] [odom] [warning] num_validations=1536
[2026-07-08 20:09:02.580] [odom] [warning] No-IMU errors rot=0.195 +- 0.298 deg, trans=0.030 +- 0.017 m, vel=0.025 +- 0.020 m/s
[2026-07-08 20:09:02.580] [odom] [warning] IMU errors rot=0.060 +- 0.056 deg, trans=0.035 +- 0.020 m, vel=0.092 +- 0.044 m/s
[2026-07-08 20:09:02.580] [odom] [warning] IMU better ratios rot=0.88, trans=0.07, vel=0.14
[2026-07-08 20:09:02.633] [glim] [info] playback speed: 3.479x
[2026-07-08 20:09:04.356] [odom] [warning] IMU bias estimation seems inaccurate.
[2026-07-08 20:09:04.356] [odom] [warning] Possibly T_lidar_imu is not accurate or LiDAR-IMU synchronization is not correct.
[2026-07-08 20:09:04.356] [odom] [warning] IMU bias validation results:
[2026-07-08 20:09:04.356] [odom] [warning] num_bias_validations=1920
[2026-07-08 20:09:04.356] [odom] [warning] bias_acc=[0.748, -0.472, 0.019] m/s^2, bias_gyro=[-0.020, 0.001, 0.001] rad/s
[2026-07-08 20:09:04.356] [odom] [warning] acc_stat ax=0.320 +- 0.277 [min=0.001, max=0.748], ay=-0.187 +- 0.177 [min=-0.472, max=0.015], az=0.034 +- 0.012 [min=0.011, max=0.055] m/s^2
[2026-07-08 20:09:04.356] [odom] [warning] gyro_stat wx=-0.019 +- 0.001 [min=-0.020, max=-0.017], wy=-0.000 +- 0.001 [min=-0.004, max=0.001], wz=0.001 +- 0.000 [min=0.001, max=0.001] rad/s
[2026-07-08 20:09:05.117] [odom] [warning] IMU prediction is not good.
[2026-07-08 20:09:05.117] [odom] [warning] Possibly T_lidar_imu is not accurate or IMU bias is not well estimated.
[2026-07-08 20:09:05.117] [odom] [warning] IMU validation results:
[2026-07-08 20:09:05.118] [odom] [warning] num_validations=1600
[2026-07-08 20:09:05.118] [odom] [warning] No-IMU errors rot=0.193 +- 0.292 deg, trans=0.030 +- 0.017 m, vel=0.025 +- 0.019 m/s
[2026-07-08 20:09:05.118] [odom] [warning] IMU errors rot=0.059 +- 0.055 deg, trans=0.034 +- 0.019 m, vel=0.091 +- 0.044 m/s
[2026-07-08 20:09:05.118] [odom] [warning] IMU better ratios rot=0.89, trans=0.07, vel=0.13
[2026-07-08 20:09:07.005] [odom] [warning] IMU bias estimation seems inaccurate.
[2026-07-08 20:09:07.005] [odom] [warning] Possibly T_lidar_imu is not accurate or LiDAR-IMU synchronization is not correct.
[2026-07-08 20:09:07.005] [odom] [warning] IMU bias validation results:
[2026-07-08 20:09:07.005] [odom] [warning] num_bias_validations=1984
[2026-07-08 20:09:07.005] [odom] [warning] bias_acc=[0.765, -0.485, 0.018] m/s^2, bias_gyro=[-0.020, 0.001, 0.001] rad/s
[2026-07-08 20:09:07.005] [odom] [warning] acc_stat ax=0.335 +- 0.283 [min=0.001, max=0.765], ay=-0.197 +- 0.182 [min=-0.485, max=0.015], az=0.033 +- 0.012 [min=0.011, max=0.055] m/s^2
[2026-07-08 20:09:07.005] [odom] [warning] gyro_stat wx=-0.019 +- 0.001 [min=-0.020, max=-0.017], wy=-0.000 +- 0.001 [min=-0.004, max=0.001], wz=0.001 +- 0.000 [min=0.001, max=0.001] rad/s
[2026-07-08 20:09:07.649] [glim] [info] playback speed: 2.507x
[2026-07-08 20:09:07.815] [odom] [warning] IMU prediction is not good.
[2026-07-08 20:09:07.815] [odom] [warning] Possibly T_lidar_imu is not accurate or IMU bias is not well estimated.
[2026-07-08 20:09:07.815] [odom] [warning] IMU validation results:
[2026-07-08 20:09:07.815] [odom] [warning] num_validations=1664
[2026-07-08 20:09:07.815] [odom] [warning] No-IMU errors rot=0.190 +- 0.287 deg, trans=0.029 +- 0.017 m, vel=0.025 +- 0.019 m/s
[2026-07-08 20:09:07.815] [odom] [warning] IMU errors rot=0.058 +- 0.055 deg, trans=0.034 +- 0.019 m, vel=0.090 +- 0.043 m/s
[2026-07-08 20:09:07.815] [odom] [warning] IMU better ratios rot=0.89, trans=0.07, vel=0.13
[2026-07-08 20:09:09.307] [odom] [warning] IMU bias estimation seems inaccurate.
[2026-07-08 20:09:09.307] [odom] [warning] Possibly T_lidar_imu is not accurate or LiDAR-IMU synchronization is not correct.
[2026-07-08 20:09:09.307] [odom] [warning] IMU bias validation results:
[2026-07-08 20:09:09.307] [odom] [warning] num_bias_validations=2048
[2026-07-08 20:09:09.307] [odom] [warning] bias_acc=[0.780, -0.495, 0.017] m/s^2, bias_gyro=[-0.020, 0.001, 0.001] rad/s
[2026-07-08 20:09:09.307] [odom] [warning] acc_stat ax=0.348 +- 0.289 [min=0.001, max=0.780], ay=-0.206 +- 0.187 [min=-0.495, max=0.015], az=0.033 +- 0.012 [min=0.011, max=0.055] m/s^2
[2026-07-08 20:09:09.307] [odom] [warning] gyro_stat wx=-0.019 +- 0.001 [min=-0.020, max=-0.017], wy=-0.000 +- 0.001 [min=-0.004, max=0.001], wz=0.001 +- 0.000 [min=0.001, max=0.001] rad/s
[2026-07-08 20:09:10.115] [odom] [warning] IMU prediction is not good.
[2026-07-08 20:09:10.115] [odom] [warning] Possibly T_lidar_imu is not accurate or IMU bias is not well estimated.
[2026-07-08 20:09:10.115] [odom] [warning] IMU validation results:
[2026-07-08 20:09:10.115] [odom] [warning] num_validations=1728
[2026-07-08 20:09:10.115] [odom] [warning] No-IMU errors rot=0.189 +- 0.282 deg, trans=0.029 +- 0.017 m, vel=0.025 +- 0.019 m/s
[2026-07-08 20:09:10.115] [odom] [warning] IMU errors rot=0.060 +- 0.055 deg, trans=0.033 +- 0.019 m, vel=0.089 +- 0.043 m/s
[2026-07-08 20:09:10.115] [odom] [warning] IMU better ratios rot=0.88, trans=0.06, vel=0.12
[2026-07-08 20:09:10.466] [odom] [warning] IMU bias estimation seems inaccurate.
[2026-07-08 20:09:10.466] [odom] [warning] Possibly T_lidar_imu is not accurate or LiDAR-IMU synchronization is not correct.
[2026-07-08 20:09:10.466] [odom] [warning] IMU bias validation results:
[2026-07-08 20:09:10.466] [odom] [warning] num_bias_validations=2112
[2026-07-08 20:09:10.466] [odom] [warning] bias_acc=[0.793, -0.506, 0.017] m/s^2, bias_gyro=[-0.020, 0.001, 0.001] rad/s
[2026-07-08 20:09:10.466] [odom] [warning] acc_stat ax=0.362 +- 0.295 [min=0.001, max=0.793], ay=-0.215 +- 0.191 [min=-0.506, max=0.015], az=0.032 +- 0.012 [min=0.011, max=0.055] m/s^2
[2026-07-08 20:09:10.466] [odom] [warning] gyro_stat wx=-0.019 +- 0.001 [min=-0.020, max=-0.017], wy=-0.000 +- 0.001 [min=-0.004, max=0.001], wz=0.001 +- 0.000 [min=0.001, max=0.001] rad/s
[2026-07-08 20:09:11.094] [odom] [warning] IMU prediction is not good.
[2026-07-08 20:09:11.094] [odom] [warning] Possibly T_lidar_imu is not accurate or IMU bias is not well estimated.
[2026-07-08 20:09:11.094] [odom] [warning] IMU validation results:
[2026-07-08 20:09:11.094] [odom] [warning] num_validations=1792
[2026-07-08 20:09:11.094] [odom] [warning] No-IMU errors rot=0.189 +- 0.279 deg, trans=0.028 +- 0.017 m, vel=0.025 +- 0.019 m/s
[2026-07-08 20:09:11.094] [odom] [warning] IMU errors rot=0.059 +- 0.054 deg, trans=0.032 +- 0.019 m, vel=0.088 +- 0.043 m/s
[2026-07-08 20:09:11.094] [odom] [warning] IMU better ratios rot=0.88, trans=0.06, vel=0.12
[2026-07-08 20:09:12.251] [odom] [warning] IMU bias estimation seems inaccurate.
[2026-07-08 20:09:12.251] [odom] [warning] Possibly T_lidar_imu is not accurate or LiDAR-IMU synchronization is not correct.
[2026-07-08 20:09:12.251] [odom] [warning] IMU bias validation results:
[2026-07-08 20:09:12.251] [odom] [warning] num_bias_validations=2176
[2026-07-08 20:09:12.251] [odom] [warning] bias_acc=[0.805, -0.520, 0.016] m/s^2, bias_gyro=[-0.020, 0.001, 0.001] rad/s
[2026-07-08 20:09:12.251] [odom] [warning] acc_stat ax=0.375 +- 0.300 [min=0.001, max=0.805], ay=-0.224 +- 0.195 [min=-0.520, max=0.015], az=0.032 +- 0.012 [min=0.011, max=0.055] m/s^2
[2026-07-08 20:09:12.251] [odom] [warning] gyro_stat wx=-0.019 +- 0.001 [min=-0.020, max=-0.017], wy=-0.000 +- 0.001 [min=-0.004, max=0.001], wz=0.001 +- 0.000 [min=0.001, max=0.001] rad/s
[2026-07-08 20:09:12.417] [odom] [warning] IMU prediction is not good.
[2026-07-08 20:09:12.417] [odom] [warning] Possibly T_lidar_imu is not accurate or IMU bias is not well estimated.
[2026-07-08 20:09:12.417] [odom] [warning] IMU validation results:
[2026-07-08 20:09:12.417] [odom] [warning] num_validations=1856
[2026-07-08 20:09:12.417] [odom] [warning] No-IMU errors rot=0.186 +- 0.275 deg, trans=0.028 +- 0.017 m, vel=0.025 +- 0.019 m/s
[2026-07-08 20:09:12.417] [odom] [warning] IMU errors rot=0.059 +- 0.054 deg, trans=0.032 +- 0.019 m, vel=0.087 +- 0.042 m/s
[2026-07-08 20:09:12.417] [odom] [warning] IMU better ratios rot=0.88, trans=0.06, vel=0.11
[2026-07-08 20:09:12.657] [glim] [info] playback speed: 4.191x
[2026-07-08 20:09:13.918] [odom] [warning] IMU bias estimation seems inaccurate.
[2026-07-08 20:09:13.918] [odom] [warning] Possibly T_lidar_imu is not accurate or LiDAR-IMU synchronization is not correct.
[2026-07-08 20:09:13.918] [odom] [warning] IMU bias validation results:
[2026-07-08 20:09:13.918] [odom] [warning] num_bias_validations=2240
[2026-07-08 20:09:13.918] [odom] [warning] bias_acc=[0.816, -0.534, 0.016] m/s^2, bias_gyro=[-0.020, 0.001, 0.001] rad/s
[2026-07-08 20:09:13.918] [odom] [warning] acc_stat ax=0.388 +- 0.305 [min=0.001, max=0.816], ay=-0.233 +- 0.199 [min=-0.534, max=0.015], az=0.032 +- 0.012 [min=0.011, max=0.055] m/s^2
[2026-07-08 20:09:13.918] [odom] [warning] gyro_stat wx=-0.019 +- 0.001 [min=-0.020, max=-0.017], wy=-0.000 +- 0.001 [min=-0.004, max=0.001], wz=0.001 +- 0.000 [min=0.001, max=0.001] rad/s
[2026-07-08 20:09:14.358] [odom] [warning] IMU prediction is not good.
[2026-07-08 20:09:14.358] [odom] [warning] Possibly T_lidar_imu is not accurate or IMU bias is not well estimated.
[2026-07-08 20:09:14.358] [odom] [warning] IMU validation results:
[2026-07-08 20:09:14.358] [odom] [warning] num_validations=1920
[2026-07-08 20:09:14.358] [odom] [warning] No-IMU errors rot=0.185 +- 0.271 deg, trans=0.028 +- 0.017 m, vel=0.025 +- 0.018 m/s
[2026-07-08 20:09:14.358] [odom] [warning] IMU errors rot=0.058 +- 0.053 deg, trans=0.031 +- 0.019 m, vel=0.086 +- 0.042 m/s
[2026-07-08 20:09:14.358] [odom] [warning] IMU better ratios rot=0.88, trans=0.06, vel=0.11
[2026-07-08 20:09:16.156] [odom] [warning] IMU bias estimation seems inaccurate.
[2026-07-08 20:09:16.156] [odom] [warning] Possibly T_lidar_imu is not accurate or LiDAR-IMU synchronization is not correct.
[2026-07-08 20:09:16.156] [odom] [warning] IMU bias validation results:
[2026-07-08 20:09:16.156] [odom] [warning] num_bias_validations=2304
[2026-07-08 20:09:16.156] [odom] [warning] bias_acc=[0.825, -0.552, 0.015] m/s^2, bias_gyro=[-0.020, 0.001, 0.001] rad/s
[2026-07-08 20:09:16.156] [odom] [warning] acc_stat ax=0.400 +- 0.309 [min=0.001, max=0.825], ay=-0.242 +- 0.203 [min=-0.552, max=0.015], az=0.031 +- 0.012 [min=0.011, max=0.055] m/s^2
[2026-07-08 20:09:16.156] [odom] [warning] gyro_stat wx=-0.019 +- 0.001 [min=-0.020, max=-0.017], wy=-0.000 +- 0.001 [min=-0.004, max=0.001], wz=0.001 +- 0.000 [min=0.001, max=0.001] rad/s
[2026-07-08 20:09:16.517] [odom] [warning] IMU prediction is not good.
[2026-07-08 20:09:16.517] [odom] [warning] Possibly T_lidar_imu is not accurate or IMU bias is not well estimated.
[2026-07-08 20:09:16.517] [odom] [warning] IMU validation results:
[2026-07-08 20:09:16.517] [odom] [warning] num_validations=1984
[2026-07-08 20:09:16.517] [odom] [warning] No-IMU errors rot=0.184 +- 0.267 deg, trans=0.027 +- 0.017 m, vel=0.025 +- 0.018 m/s
[2026-07-08 20:09:16.517] [odom] [warning] IMU errors rot=0.058 +- 0.053 deg, trans=0.031 +- 0.019 m, vel=0.086 +- 0.041 m/s
[2026-07-08 20:09:16.517] [odom] [warning] IMU better ratios rot=0.88, trans=0.06, vel=0.11
[2026-07-08 20:09:17.682] [glim] [info] playback speed: 2.947x
[2026-07-08 20:09:18.232] [odom] [warning] IMU bias estimation seems inaccurate.
[2026-07-08 20:09:18.232] [odom] [warning] Possibly T_lidar_imu is not accurate or LiDAR-IMU synchronization is not correct.
[2026-07-08 20:09:18.232] [odom] [warning] IMU bias validation results:
[2026-07-08 20:09:18.232] [odom] [warning] num_bias_validations=2368
[2026-07-08 20:09:18.232] [odom] [warning] bias_acc=[0.833, -0.572, 0.015] m/s^2, bias_gyro=[-0.020, 0.001, 0.001] rad/s
[2026-07-08 20:09:18.232] [odom] [warning] acc_stat ax=0.411 +- 0.313 [min=0.001, max=0.833], ay=-0.251 +- 0.207 [min=-0.572, max=0.015], az=0.031 +- 0.013 [min=0.011, max=0.055] m/s^2
[2026-07-08 20:09:18.232] [odom] [warning] gyro_stat wx=-0.019 +- 0.001 [min=-0.020, max=-0.017], wy=-0.000 +- 0.001 [min=-0.004, max=0.001], wz=0.001 +- 0.000 [min=0.001, max=0.001] rad/s
[2026-07-08 20:09:18.403] [odom] [warning] IMU prediction is not good.
[2026-07-08 20:09:18.403] [odom] [warning] Possibly T_lidar_imu is not accurate or IMU bias is not well estimated.
[2026-07-08 20:09:18.403] [odom] [warning] IMU validation results:
[2026-07-08 20:09:18.403] [odom] [warning] num_validations=2048
[2026-07-08 20:09:18.403] [odom] [warning] No-IMU errors rot=0.182 +- 0.264 deg, trans=0.027 +- 0.016 m, vel=0.025 +- 0.018 m/s
[2026-07-08 20:09:18.403] [odom] [warning] IMU errors rot=0.058 +- 0.052 deg, trans=0.031 +- 0.018 m, vel=0.085 +- 0.041 m/s
[2026-07-08 20:09:18.403] [odom] [warning] IMU better ratios rot=0.88, trans=0.06, vel=0.10
[2026-07-08 20:09:19.889] [odom] [warning] IMU bias estimation seems inaccurate.
[2026-07-08 20:09:19.889] [odom] [warning] Possibly T_lidar_imu is not accurate or LiDAR-IMU synchronization is not correct.
[2026-07-08 20:09:19.889] [odom] [warning] IMU bias validation results:
[2026-07-08 20:09:19.889] [odom] [warning] num_bias_validations=2432
[2026-07-08 20:09:19.889] [odom] [warning] bias_acc=[0.840, -0.588, 0.014] m/s^2, bias_gyro=[-0.020, 0.001, 0.001] rad/s
[2026-07-08 20:09:19.889] [odom] [warning] acc_stat ax=0.423 +- 0.316 [min=0.001, max=0.840], ay=-0.260 +- 0.212 [min=-0.588, max=0.015], az=0.030 +- 0.013 [min=0.011, max=0.055] m/s^2
[2026-07-08 20:09:19.889] [odom] [warning] gyro_stat wx=-0.019 +- 0.001 [min=-0.020, max=-0.017], wy=-0.000 +- 0.001 [min=-0.004, max=0.001], wz=0.001 +- 0.000 [min=0.001, max=0.001] rad/s
[2026-07-08 20:09:20.124] [odom] [warning] IMU prediction is not good.
[2026-07-08 20:09:20.124] [odom] [warning] Possibly T_lidar_imu is not accurate or IMU bias is not well estimated.
[2026-07-08 20:09:20.124] [odom] [warning] IMU validation results:
[2026-07-08 20:09:20.124] [odom] [warning] num_validations=2112
[2026-07-08 20:09:20.124] [odom] [warning] No-IMU errors rot=0.181 +- 0.260 deg, trans=0.026 +- 0.016 m, vel=0.025 +- 0.018 m/s
[2026-07-08 20:09:20.124] [odom] [warning] IMU errors rot=0.057 +- 0.051 deg, trans=0.030 +- 0.018 m, vel=0.084 +- 0.040 m/s
[2026-07-08 20:09:20.124] [odom] [warning] IMU better ratios rot=0.88, trans=0.05, vel=0.10
[2026-07-08 20:09:20.849] [odom] [warning] IMU bias estimation seems inaccurate.
[2026-07-08 20:09:20.849] [odom] [warning] Possibly T_lidar_imu is not accurate or LiDAR-IMU synchronization is not correct.
[2026-07-08 20:09:20.849] [odom] [warning] IMU bias validation results:
[2026-07-08 20:09:20.849] [odom] [warning] num_bias_validations=2496
[2026-07-08 20:09:20.849] [odom] [warning] bias_acc=[0.845, -0.597, 0.014] m/s^2, bias_gyro=[-0.020, 0.001, 0.001] rad/s
[2026-07-08 20:09:20.849] [odom] [warning] acc_stat ax=0.434 +- 0.319 [min=0.001, max=0.845], ay=-0.268 +- 0.215 [min=-0.597, max=0.015], az=0.030 +- 0.013 [min=0.011, max=0.055] m/s^2
[2026-07-08 20:09:20.849] [odom] [warning] gyro_stat wx=-0.019 +- 0.001 [min=-0.020, max=-0.017], wy=-0.000 +- 0.001 [min=-0.004, max=0.001], wz=0.001 +- 0.000 [min=0.001, max=0.001] rad/s
[2026-07-08 20:09:21.455] [odom] [warning] IMU prediction is not good.
[2026-07-08 20:09:21.455] [odom] [warning] Possibly T_lidar_imu is not accurate or IMU bias is not well estimated.
[2026-07-08 20:09:21.455] [odom] [warning] IMU validation results:
[2026-07-08 20:09:21.455] [odom] [warning] num_validations=2176
[2026-07-08 20:09:21.455] [odom] [warning] No-IMU errors rot=0.180 +- 0.257 deg, trans=0.026 +- 0.016 m, vel=0.025 +- 0.018 m/s
[2026-07-08 20:09:21.455] [odom] [warning] IMU errors rot=0.056 +- 0.051 deg, trans=0.030 +- 0.018 m, vel=0.083 +- 0.041 m/s
[2026-07-08 20:09:21.455] [odom] [warning] IMU better ratios rot=0.88, trans=0.06, vel=0.10
[2026-07-08 20:09:22.108] [odom] [warning] IMU bias estimation seems inaccurate.
[2026-07-08 20:09:22.108] [odom] [warning] Possibly T_lidar_imu is not accurate or LiDAR-IMU synchronization is not correct.
[2026-07-08 20:09:22.108] [odom] [warning] IMU bias validation results:
[2026-07-08 20:09:22.108] [odom] [warning] num_bias_validations=2560
[2026-07-08 20:09:22.108] [odom] [warning] bias_acc=[0.847, -0.604, 0.013] m/s^2, bias_gyro=[-0.020, 0.001, 0.001] rad/s
[2026-07-08 20:09:22.108] [odom] [warning] acc_stat ax=0.444 +- 0.322 [min=0.001, max=0.847], ay=-0.277 +- 0.219 [min=-0.604, max=0.015], az=0.029 +- 0.013 [min=0.011, max=0.055] m/s^2
[2026-07-08 20:09:22.108] [odom] [warning] gyro_stat wx=-0.019 +- 0.001 [min=-0.020, max=-0.017], wy=-0.000 +- 0.001 [min=-0.004, max=0.001], wz=0.001 +- 0.000 [min=0.001, max=0.001] rad/s
[2026-07-08 20:09:22.656] [odom] [warning] IMU prediction is not good.
[2026-07-08 20:09:22.656] [odom] [warning] Possibly T_lidar_imu is not accurate or IMU bias is not well estimated.
[2026-07-08 20:09:22.656] [odom] [warning] IMU validation results:
[2026-07-08 20:09:22.656] [odom] [warning] num_validations=2240
[2026-07-08 20:09:22.656] [odom] [warning] No-IMU errors rot=0.179 +- 0.254 deg, trans=0.025 +- 0.016 m, vel=0.025 +- 0.018 m/s
[2026-07-08 20:09:22.656] [odom] [warning] IMU errors rot=0.056 +- 0.050 deg, trans=0.029 +- 0.018 m, vel=0.081 +- 0.041 m/s
[2026-07-08 20:09:22.656] [odom] [warning] IMU better ratios rot=0.88, trans=0.06, vel=0.11
[2026-07-08 20:09:22.707] [glim] [info] playback speed: 4.582x
[2026-07-08 20:09:23.512] [odom] [warning] IMU bias estimation seems inaccurate.
[2026-07-08 20:09:23.512] [odom] [warning] Possibly T_lidar_imu is not accurate or LiDAR-IMU synchronization is not correct.
[2026-07-08 20:09:23.512] [odom] [warning] IMU bias validation results:
[2026-07-08 20:09:23.512] [odom] [warning] num_bias_validations=2624
[2026-07-08 20:09:23.512] [odom] [warning] bias_acc=[0.845, -0.610, 0.013] m/s^2, bias_gyro=[-0.019, 0.001, 0.001] rad/s
[2026-07-08 20:09:23.512] [odom] [warning] acc_stat ax=0.454 +- 0.324 [min=0.001, max=0.847], ay=-0.285 +- 0.222 [min=-0.610, max=0.015], az=0.029 +- 0.013 [min=0.011, max=0.055] m/s^2
[2026-07-08 20:09:23.512] [odom] [warning] gyro_stat wx=-0.019 +- 0.001 [min=-0.020, max=-0.017], wy=0.000 +- 0.001 [min=-0.004, max=0.001], wz=0.001 +- 0.000 [min=0.001, max=0.001] rad/s
[2026-07-08 20:09:23.769] [odom] [warning] IMU prediction is not good.
[2026-07-08 20:09:23.769] [odom] [warning] Possibly T_lidar_imu is not accurate or IMU bias is not well estimated.
[2026-07-08 20:09:23.769] [odom] [warning] IMU validation results:
[2026-07-08 20:09:23.769] [odom] [warning] num_validations=2304
[2026-07-08 20:09:23.769] [odom] [warning] No-IMU errors rot=0.178 +- 0.251 deg, trans=0.025 +- 0.016 m, vel=0.026 +- 0.018 m/s
[2026-07-08 20:09:23.769] [odom] [warning] IMU errors rot=0.056 +- 0.050 deg, trans=0.029 +- 0.018 m, vel=0.080 +- 0.041 m/s
[2026-07-08 20:09:23.769] [odom] [warning] IMU better ratios rot=0.88, trans=0.06, vel=0.12
[2026-07-08 20:09:25.113] [odom] [warning] IMU bias estimation seems inaccurate.
[2026-07-08 20:09:25.113] [odom] [warning] Possibly T_lidar_imu is not accurate or LiDAR-IMU synchronization is not correct.
[2026-07-08 20:09:25.113] [odom] [warning] IMU bias validation results:
[2026-07-08 20:09:25.113] [odom] [warning] num_bias_validations=2688
[2026-07-08 20:09:25.113] [odom] [warning] bias_acc=[0.843, -0.617, 0.013] m/s^2, bias_gyro=[-0.020, 0.001, 0.001] rad/s
[2026-07-08 20:09:25.113] [odom] [warning] acc_stat ax=0.463 +- 0.325 [min=0.001, max=0.847], ay=-0.293 +- 0.226 [min=-0.617, max=0.015], az=0.029 +- 0.013 [min=0.011, max=0.055] m/s^2
[2026-07-08 20:09:25.113] [odom] [warning] gyro_stat wx=-0.019 +- 0.001 [min=-0.020, max=-0.017], wy=0.000 +- 0.001 [min=-0.004, max=0.001], wz=0.001 +- 0.000 [min=0.001, max=0.001] rad/s
[2026-07-08 20:09:25.301] [odom] [warning] IMU prediction is not good.
[2026-07-08 20:09:25.301] [odom] [warning] Possibly T_lidar_imu is not accurate or IMU bias is not well estimated.
[2026-07-08 20:09:25.301] [odom] [warning] IMU validation results:
[2026-07-08 20:09:25.301] [odom] [warning] num_validations=2368
[2026-07-08 20:09:25.301] [odom] [warning] No-IMU errors rot=0.177 +- 0.248 deg, trans=0.025 +- 0.016 m, vel=0.026 +- 0.018 m/s
[2026-07-08 20:09:25.301] [odom] [warning] IMU errors rot=0.055 +- 0.049 deg, trans=0.028 +- 0.018 m, vel=0.079 +- 0.041 m/s
[2026-07-08 20:09:25.301] [odom] [warning] IMU better ratios rot=0.88, trans=0.07, vel=0.12
[2026-07-08 20:09:26.035] [odom] [warning] IMU bias estimation seems inaccurate.
[2026-07-08 20:09:26.035] [odom] [warning] Possibly T_lidar_imu is not accurate or LiDAR-IMU synchronization is not correct.
[2026-07-08 20:09:26.035] [odom] [warning] IMU bias validation results:
[2026-07-08 20:09:26.035] [odom] [warning] num_bias_validations=2752
[2026-07-08 20:09:26.035] [odom] [warning] bias_acc=[0.839, -0.623, 0.013] m/s^2, bias_gyro=[-0.019, 0.001, 0.001] rad/s
[2026-07-08 20:09:26.035] [odom] [warning] acc_stat ax=0.472 +- 0.326 [min=0.001, max=0.847], ay=-0.300 +- 0.228 [min=-0.623, max=0.015], az=0.028 +- 0.013 [min=0.011, max=0.055] m/s^2
[2026-07-08 20:09:26.035] [odom] [warning] gyro_stat wx=-0.019 +- 0.001 [min=-0.020, max=-0.017], wy=0.000 +- 0.001 [min=-0.004, max=0.001], wz=0.001 +- 0.000 [min=0.001, max=0.001] rad/s
[2026-07-08 20:09:26.721] [odom] [warning] IMU prediction is not good.
[2026-07-08 20:09:26.721] [odom] [warning] Possibly T_lidar_imu is not accurate or IMU bias is not well estimated.
[2026-07-08 20:09:26.721] [odom] [warning] IMU validation results:
[2026-07-08 20:09:26.721] [odom] [warning] num_validations=2432
[2026-07-08 20:09:26.721] [odom] [warning] No-IMU errors rot=0.177 +- 0.246 deg, trans=0.024 +- 0.016 m, vel=0.026 +- 0.018 m/s
[2026-07-08 20:09:26.721] [odom] [warning] IMU errors rot=0.055 +- 0.049 deg, trans=0.028 +- 0.018 m, vel=0.078 +- 0.041 m/s
[2026-07-08 20:09:26.721] [odom] [warning] IMU better ratios rot=0.89, trans=0.07, vel=0.13
[2026-07-08 20:09:27.387] [odom] [warning] IMU bias estimation seems inaccurate.
[2026-07-08 20:09:27.387] [odom] [warning] Possibly T_lidar_imu is not accurate or LiDAR-IMU synchronization is not correct.
[2026-07-08 20:09:27.387] [odom] [warning] IMU bias validation results:
[2026-07-08 20:09:27.387] [odom] [warning] num_bias_validations=2816
[2026-07-08 20:09:27.387] [odom] [warning] bias_acc=[0.831, -0.627, 0.013] m/s^2, bias_gyro=[-0.020, 0.002, 0.001] rad/s
[2026-07-08 20:09:27.387] [odom] [warning] acc_stat ax=0.480 +- 0.327 [min=0.001, max=0.847], ay=-0.308 +- 0.231 [min=-0.627, max=0.015], az=0.028 +- 0.013 [min=0.011, max=0.055] m/s^2
[2026-07-08 20:09:27.387] [odom] [warning] gyro_stat wx=-0.019 +- 0.001 [min=-0.020, max=-0.017], wy=0.000 +- 0.001 [min=-0.004, max=0.002], wz=0.001 +- 0.000 [min=0.001, max=0.001] rad/s
[2026-07-08 20:09:27.727] [glim] [info] playback speed: 5.071x
[2026-07-08 20:09:27.846] [odom] [warning] IMU prediction is not good.
[2026-07-08 20:09:27.846] [odom] [warning] Possibly T_lidar_imu is not accurate or IMU bias is not well estimated.
[2026-07-08 20:09:27.846] [odom] [warning] IMU validation results:
[2026-07-08 20:09:27.846] [odom] [warning] num_validations=2496
[2026-07-08 20:09:27.846] [odom] [warning] No-IMU errors rot=0.175 +- 0.243 deg, trans=0.024 +- 0.016 m, vel=0.026 +- 0.018 m/s
[2026-07-08 20:09:27.846] [odom] [warning] IMU errors rot=0.055 +- 0.049 deg, trans=0.027 +- 0.018 m, vel=0.077 +- 0.041 m/s
[2026-07-08 20:09:27.846] [odom] [warning] IMU better ratios rot=0.88, trans=0.07, vel=0.13
[2026-07-08 20:09:29.260] [odom] [warning] IMU bias estimation seems inaccurate.
[2026-07-08 20:09:29.260] [odom] [warning] Possibly T_lidar_imu is not accurate or LiDAR-IMU synchronization is not correct.
[2026-07-08 20:09:29.260] [odom] [warning] IMU bias validation results:
[2026-07-08 20:09:29.260] [odom] [warning] num_bias_validations=2880
[2026-07-08 20:09:29.260] [odom] [warning] bias_acc=[0.819, -0.631, 0.014] m/s^2, bias_gyro=[-0.020, 0.002, 0.001] rad/s
[2026-07-08 20:09:29.260] [odom] [warning] acc_stat ax=0.487 +- 0.327 [min=0.001, max=0.847], ay=-0.315 +- 0.233 [min=-0.631, max=0.015], az=0.028 +- 0.013 [min=0.011, max=0.055] m/s^2
[2026-07-08 20:09:29.260] [odom] [warning] gyro_stat wx=-0.019 +- 0.001 [min=-0.020, max=-0.017], wy=0.000 +- 0.001 [min=-0.004, max=0.002], wz=0.001 +- 0.000 [min=0.001, max=0.001] rad/s
[2026-07-08 20:09:29.417] [odom] [warning] IMU prediction is not good.
[2026-07-08 20:09:29.417] [odom] [warning] Possibly T_lidar_imu is not accurate or IMU bias is not well estimated.
[2026-07-08 20:09:29.417] [odom] [warning] IMU validation results:
[2026-07-08 20:09:29.417] [odom] [warning] num_validations=2560
[2026-07-08 20:09:29.417] [odom] [warning] No-IMU errors rot=0.176 +- 0.241 deg, trans=0.024 +- 0.016 m, vel=0.026 +- 0.018 m/s
[2026-07-08 20:09:29.417] [odom] [warning] IMU errors rot=0.056 +- 0.049 deg, trans=0.027 +- 0.018 m, vel=0.077 +- 0.041 m/s
[2026-07-08 20:09:29.417] [odom] [warning] IMU better ratios rot=0.88, trans=0.06, vel=0.13
[2026-07-08 20:09:30.701] [odom] [warning] IMU bias estimation seems inaccurate.
[2026-07-08 20:09:30.701] [odom] [warning] Possibly T_lidar_imu is not accurate or LiDAR-IMU synchronization is not correct.
[2026-07-08 20:09:30.701] [odom] [warning] IMU bias validation results:
[2026-07-08 20:09:30.701] [odom] [warning] num_bias_validations=2944
[2026-07-08 20:09:30.701] [odom] [warning] bias_acc=[0.806, -0.638, 0.015] m/s^2, bias_gyro=[-0.020, 0.001, 0.001] rad/s
[2026-07-08 20:09:30.701] [odom] [warning] acc_stat ax=0.494 +- 0.327 [min=0.001, max=0.847], ay=-0.322 +- 0.236 [min=-0.638, max=0.015], az=0.027 +- 0.013 [min=0.011, max=0.055] m/s^2
[2026-07-08 20:09:30.701] [odom] [warning] gyro_stat wx=-0.019 +- 0.001 [min=-0.020, max=-0.017], wy=0.000 +- 0.001 [min=-0.004, max=0.002], wz=0.001 +- 0.000 [min=0.001, max=0.001] rad/s
[2026-07-08 20:09:31.325] [odom] [warning] IMU prediction is not good.
[2026-07-08 20:09:31.325] [odom] [warning] Possibly T_lidar_imu is not accurate or IMU bias is not well estimated.
[2026-07-08 20:09:31.325] [odom] [warning] IMU validation results:
[2026-07-08 20:09:31.325] [odom] [warning] num_validations=2624
[2026-07-08 20:09:31.325] [odom] [warning] No-IMU errors rot=0.178 +- 0.241 deg, trans=0.023 +- 0.016 m, vel=0.027 +- 0.018 m/s
[2026-07-08 20:09:31.325] [odom] [warning] IMU errors rot=0.056 +- 0.048 deg, trans=0.027 +- 0.018 m, vel=0.076 +- 0.041 m/s
[2026-07-08 20:09:31.325] [odom] [warning] IMU better ratios rot=0.88, trans=0.06, vel=0.13
[2026-07-08 20:09:32.092] [odom] [warning] IMU bias estimation seems inaccurate.
[2026-07-08 20:09:32.092] [odom] [warning] Possibly T_lidar_imu is not accurate or LiDAR-IMU synchronization is not correct.
[2026-07-08 20:09:32.092] [odom] [warning] IMU bias validation results:
[2026-07-08 20:09:32.092] [odom] [warning] num_bias_validations=3008
[2026-07-08 20:09:32.092] [odom] [warning] bias_acc=[0.793, -0.651, 0.016] m/s^2, bias_gyro=[-0.020, 0.001, 0.001] rad/s
[2026-07-08 20:09:32.092] [odom] [warning] acc_stat ax=0.501 +- 0.326 [min=0.001, max=0.847], ay=-0.329 +- 0.238 [min=-0.651, max=0.015], az=0.027 +- 0.013 [min=0.011, max=0.055] m/s^2
[2026-07-08 20:09:32.092] [odom] [warning] gyro_stat wx=-0.019 +- 0.001 [min=-0.020, max=-0.017], wy=0.000 +- 0.001 [min=-0.004, max=0.002], wz=0.001 +- 0.000 [min=0.001, max=0.001] rad/s
[2026-07-08 20:09:32.735] [glim] [info] playback speed: 3.929x
[2026-07-08 20:09:32.995] [odom] [warning] IMU prediction is not good.
[2026-07-08 20:09:32.995] [odom] [warning] Possibly T_lidar_imu is not accurate or IMU bias is not well estimated.
[2026-07-08 20:09:32.995] [odom] [warning] IMU validation results:
[2026-07-08 20:09:32.995] [odom] [warning] num_validations=2688
[2026-07-08 20:09:32.995] [odom] [warning] No-IMU errors rot=0.187 +- 0.253 deg, trans=0.023 +- 0.016 m, vel=0.028 +- 0.020 m/s
[2026-07-08 20:09:32.995] [odom] [warning] IMU errors rot=0.059 +- 0.052 deg, trans=0.027 +- 0.018 m, vel=0.077 +- 0.040 m/s
[2026-07-08 20:09:32.995] [odom] [warning] IMU better ratios rot=0.88, trans=0.06, vel=0.13
[2026-07-08 20:09:34.862] [odom] [warning] IMU bias estimation seems inaccurate.
[2026-07-08 20:09:34.862] [odom] [warning] Possibly T_lidar_imu is not accurate or LiDAR-IMU synchronization is not correct.
[2026-07-08 20:09:34.862] [odom] [warning] IMU bias validation results:
[2026-07-08 20:09:34.862] [odom] [warning] num_bias_validations=3072
[2026-07-08 20:09:34.862] [odom] [warning] bias_acc=[0.775, -0.671, 0.017] m/s^2, bias_gyro=[-0.020, -0.003, 0.001] rad/s
[2026-07-08 20:09:34.862] [odom] [warning] acc_stat ax=0.506 +- 0.325 [min=0.001, max=0.847], ay=-0.336 +- 0.240 [min=-0.671, max=0.015], az=0.027 +- 0.013 [min=0.011, max=0.055] m/s^2
[2026-07-08 20:09:34.862] [odom] [warning] gyro_stat wx=-0.020 +- 0.001 [min=-0.020, max=-0.017], wy=0.000 +- 0.001 [min=-0.004, max=0.002], wz=0.001 +- 0.000 [min=0.001, max=0.001] rad/s
[2026-07-08 20:09:35.758] [odom] [warning] IMU prediction is not good.
[2026-07-08 20:09:35.758] [odom] [warning] Possibly T_lidar_imu is not accurate or IMU bias is not well estimated.
[2026-07-08 20:09:35.758] [odom] [warning] IMU validation results:
[2026-07-08 20:09:35.758] [odom] [warning] num_validations=2752
[2026-07-08 20:09:35.758] [odom] [warning] No-IMU errors rot=0.203 +- 0.278 deg, trans=0.023 +- 0.016 m, vel=0.028 +- 0.020 m/s
[2026-07-08 20:09:35.758] [odom] [warning] IMU errors rot=0.060 +- 0.054 deg, trans=0.027 +- 0.018 m, vel=0.077 +- 0.040 m/s
[2026-07-08 20:09:35.758] [odom] [warning] IMU better ratios rot=0.88, trans=0.06, vel=0.13
[2026-07-08 20:09:37.375] [odom] [warning] IMU bias estimation seems inaccurate.
[2026-07-08 20:09:37.375] [odom] [warning] Possibly T_lidar_imu is not accurate or LiDAR-IMU synchronization is not correct.
[2026-07-08 20:09:37.375] [odom] [warning] IMU bias validation results:
[2026-07-08 20:09:37.375] [odom] [warning] num_bias_validations=3136
[2026-07-08 20:09:37.375] [odom] [warning] bias_acc=[0.753, -0.693, 0.020] m/s^2, bias_gyro=[-0.021, -0.002, 0.001] rad/s
[2026-07-08 20:09:37.375] [odom] [warning] acc_stat ax=0.511 +- 0.324 [min=0.001, max=0.847], ay=-0.343 +- 0.243 [min=-0.693, max=0.015], az=0.027 +- 0.013 [min=0.011, max=0.055] m/s^2
[2026-07-08 20:09:37.375] [odom] [warning] gyro_stat wx=-0.020 +- 0.001 [min=-0.021, max=-0.017], wy=0.000 +- 0.001 [min=-0.004, max=0.002], wz=0.001 +- 0.000 [min=0.001, max=0.001] rad/s
[2026-07-08 20:09:37.759] [glim] [info] playback speed: 2.463x
[2026-07-08 20:09:38.110] [odom] [warning] IMU prediction is not good.
[2026-07-08 20:09:38.110] [odom] [warning] Possibly T_lidar_imu is not accurate or IMU bias is not well estimated.
[2026-07-08 20:09:38.110] [odom] [warning] IMU validation results:
[2026-07-08 20:09:38.110] [odom] [warning] num_validations=2816
[2026-07-08 20:09:38.110] [odom] [warning] No-IMU errors rot=0.207 +- 0.281 deg, trans=0.024 +- 0.016 m, vel=0.028 +- 0.020 m/s
[2026-07-08 20:09:38.110] [odom] [warning] IMU errors rot=0.061 +- 0.054 deg, trans=0.027 +- 0.017 m, vel=0.078 +- 0.040 m/s
[2026-07-08 20:09:38.110] [odom] [warning] IMU better ratios rot=0.88, trans=0.06, vel=0.12
[2026-07-08 20:09:39.233] [odom] [warning] IMU bias estimation seems inaccurate.
[2026-07-08 20:09:39.233] [odom] [warning] Possibly T_lidar_imu is not accurate or LiDAR-IMU synchronization is not correct.
[2026-07-08 20:09:39.233] [odom] [warning] IMU bias validation results:
[2026-07-08 20:09:39.233] [odom] [warning] num_bias_validations=3200
[2026-07-08 20:09:39.233] [odom] [warning] bias_acc=[0.734, -0.714, 0.020] m/s^2, bias_gyro=[-0.020, -0.002, 0.001] rad/s
[2026-07-08 20:09:39.233] [odom] [warning] acc_stat ax=0.516 +- 0.322 [min=0.001, max=0.847], ay=-0.351 +- 0.246 [min=-0.714, max=0.015], az=0.027 +- 0.013 [min=0.011, max=0.055] m/s^2
[2026-07-08 20:09:39.233] [odom] [warning] gyro_stat wx=-0.020 +- 0.001 [min=-0.021, max=-0.017], wy=0.000 +- 0.001 [min=-0.004, max=0.002], wz=0.001 +- 0.000 [min=0.001, max=0.001] rad/s
[2026-07-08 20:09:40.272] [odom] [warning] IMU prediction is not good.
[2026-07-08 20:09:40.272] [odom] [warning] Possibly T_lidar_imu is not accurate or IMU bias is not well estimated.
[2026-07-08 20:09:40.272] [odom] [warning] IMU validation results:
[2026-07-08 20:09:40.272] [odom] [warning] num_validations=2880
[2026-07-08 20:09:40.272] [odom] [warning] No-IMU errors rot=0.211 +- 0.282 deg, trans=0.024 +- 0.015 m, vel=0.028 +- 0.020 m/s
[2026-07-08 20:09:40.272] [odom] [warning] IMU errors rot=0.062 +- 0.054 deg, trans=0.027 +- 0.017 m, vel=0.079 +- 0.040 m/s
[2026-07-08 20:09:40.272] [odom] [warning] IMU better ratios rot=0.88, trans=0.06, vel=0.12
[2026-07-08 20:09:41.331] [odom] [warning] IMU bias estimation seems inaccurate.
[2026-07-08 20:09:41.331] [odom] [warning] Possibly T_lidar_imu is not accurate or LiDAR-IMU synchronization is not correct.
[2026-07-08 20:09:41.331] [odom] [warning] IMU bias validation results:
[2026-07-08 20:09:41.331] [odom] [warning] num_bias_validations=3264
[2026-07-08 20:09:41.331] [odom] [warning] bias_acc=[0.717, -0.733, 0.021] m/s^2, bias_gyro=[-0.020, -0.002, 0.001] rad/s
[2026-07-08 20:09:41.331] [odom] [warning] acc_stat ax=0.520 +- 0.320 [min=0.001, max=0.847], ay=-0.358 +- 0.249 [min=-0.733, max=0.015], az=0.026 +- 0.013 [min=0.011, max=0.055] m/s^2
[2026-07-08 20:09:41.331] [odom] [warning] gyro_stat wx=-0.020 +- 0.001 [min=-0.021, max=-0.017], wy=0.000 +- 0.001 [min=-0.004, max=0.002], wz=0.001 +- 0.000 [min=0.001, max=0.001] rad/s
[2026-07-08 20:09:41.623] [odom] [warning] IMU prediction is not good.
[2026-07-08 20:09:41.623] [odom] [warning] Possibly T_lidar_imu is not accurate or IMU bias is not well estimated.
[2026-07-08 20:09:41.623] [odom] [warning] IMU validation results:
[2026-07-08 20:09:41.623] [odom] [warning] num_validations=2944
[2026-07-08 20:09:41.623] [odom] [warning] No-IMU errors rot=0.211 +- 0.280 deg, trans=0.024 +- 0.015 m, vel=0.028 +- 0.020 m/s
[2026-07-08 20:09:41.623] [odom] [warning] IMU errors rot=0.063 +- 0.054 deg, trans=0.027 +- 0.017 m, vel=0.079 +- 0.040 m/s
[2026-07-08 20:09:41.623] [odom] [warning] IMU better ratios rot=0.88, trans=0.06, vel=0.12
[2026-07-08 20:09:42.781] [glim] [info] playback speed: 3.332x
[2026-07-08 20:09:43.871] [odom] [warning] IMU bias estimation seems inaccurate.
[2026-07-08 20:09:43.871] [odom] [warning] Possibly T_lidar_imu is not accurate or LiDAR-IMU synchronization is not correct.
[2026-07-08 20:09:43.871] [odom] [warning] IMU bias validation results:
[2026-07-08 20:09:43.871] [odom] [warning] num_bias_validations=3328
[2026-07-08 20:09:43.871] [odom] [warning] bias_acc=[0.700, -0.750, 0.021] m/s^2, bias_gyro=[-0.020, -0.001, 0.001] rad/s
[2026-07-08 20:09:43.871] [odom] [warning] acc_stat ax=0.523 +- 0.318 [min=0.001, max=0.847], ay=-0.366 +- 0.253 [min=-0.750, max=0.015], az=0.026 +- 0.013 [min=0.011, max=0.055] m/s^2
[2026-07-08 20:09:43.871] [odom] [warning] gyro_stat wx=-0.020 +- 0.001 [min=-0.021, max=-0.017], wy=-0.000 +- 0.001 [min=-0.004, max=0.002], wz=0.001 +- 0.000 [min=0.001, max=0.001] rad/s
[2026-07-08 20:09:44.937] [odom] [warning] IMU prediction is not good.
[2026-07-08 20:09:44.937] [odom] [warning] Possibly T_lidar_imu is not accurate or IMU bias is not well estimated.
[2026-07-08 20:09:44.937] [odom] [warning] IMU validation results:
[2026-07-08 20:09:44.937] [odom] [warning] num_validations=3008
[2026-07-08 20:09:44.937] [odom] [warning] No-IMU errors rot=0.209 +- 0.277 deg, trans=0.024 +- 0.015 m, vel=0.028 +- 0.020 m/s
[2026-07-08 20:09:44.937] [odom] [warning] IMU errors rot=0.063 +- 0.054 deg, trans=0.027 +- 0.017 m, vel=0.079 +- 0.039 m/s
[2026-07-08 20:09:44.937] [odom] [warning] IMU better ratios rot=0.88, trans=0.06, vel=0.12
[2026-07-08 20:09:46.000] [odom] [warning] IMU bias estimation seems inaccurate.
[2026-07-08 20:09:46.000] [odom] [warning] Possibly T_lidar_imu is not accurate or LiDAR-IMU synchronization is not correct.
[2026-07-08 20:09:46.000] [odom] [warning] IMU bias validation results:
[2026-07-08 20:09:46.000] [odom] [warning] num_bias_validations=3392
[2026-07-08 20:09:46.000] [odom] [warning] bias_acc=[0.682, -0.768, 0.021] m/s^2, bias_gyro=[-0.020, -0.001, 0.001] rad/s
[2026-07-08 20:09:46.000] [odom] [warning] acc_stat ax=0.526 +- 0.316 [min=0.001, max=0.847], ay=-0.373 +- 0.256 [min=-0.768, max=0.015], az=0.026 +- 0.013 [min=0.011, max=0.055] m/s^2
[2026-07-08 20:09:46.000] [odom] [warning] gyro_stat wx=-0.020 +- 0.001 [min=-0.021, max=-0.017], wy=-0.000 +- 0.001 [min=-0.004, max=0.002], wz=0.001 +- 0.000 [min=0.001, max=0.001] rad/s
[2026-07-08 20:09:46.282] [odom] [warning] IMU prediction is not good.
[2026-07-08 20:09:46.282] [odom] [warning] Possibly T_lidar_imu is not accurate or IMU bias is not well estimated.
[2026-07-08 20:09:46.282] [odom] [warning] IMU validation results:
[2026-07-08 20:09:46.282] [odom] [warning] num_validations=3072
[2026-07-08 20:09:46.282] [odom] [warning] No-IMU errors rot=0.208 +- 0.275 deg, trans=0.024 +- 0.015 m, vel=0.028 +- 0.020 m/s
[2026-07-08 20:09:46.282] [odom] [warning] IMU errors rot=0.063 +- 0.054 deg, trans=0.027 +- 0.017 m, vel=0.080 +- 0.039 m/s
[2026-07-08 20:09:46.282] [odom] [warning] IMU better ratios rot=0.88, trans=0.06, vel=0.11
[2026-07-08 20:09:47.818] [glim] [info] playback speed: 2.738x
[2026-07-08 20:09:48.498] [odom] [warning] IMU bias estimation seems inaccurate.
[2026-07-08 20:09:48.498] [odom] [warning] Possibly T_lidar_imu is not accurate or LiDAR-IMU synchronization is not correct.
[2026-07-08 20:09:48.498] [odom] [warning] IMU bias validation results:
[2026-07-08 20:09:48.498] [odom] [warning] num_bias_validations=3456
[2026-07-08 20:09:48.498] [odom] [warning] bias_acc=[0.665, -0.784, 0.021] m/s^2, bias_gyro=[-0.020, -0.001, 0.001] rad/s
[2026-07-08 20:09:48.498] [odom] [warning] acc_stat ax=0.529 +- 0.313 [min=0.001, max=0.847], ay=-0.381 +- 0.260 [min=-0.784, max=0.015], az=0.026 +- 0.012 [min=0.011, max=0.055] m/s^2
[2026-07-08 20:09:48.498] [odom] [warning] gyro_stat wx=-0.020 +- 0.001 [min=-0.021, max=-0.017], wy=-0.000 +- 0.001 [min=-0.004, max=0.002], wz=0.001 +- 0.000 [min=0.001, max=0.001] rad/s
[2026-07-08 20:09:49.588] [odom] [warning] IMU prediction is not good.
[2026-07-08 20:09:49.588] [odom] [warning] Possibly T_lidar_imu is not accurate or IMU bias is not well estimated.
[2026-07-08 20:09:49.588] [odom] [warning] IMU validation results:
[2026-07-08 20:09:49.588] [odom] [warning] num_validations=3136
[2026-07-08 20:09:49.588] [odom] [warning] No-IMU errors rot=0.206 +- 0.274 deg, trans=0.024 +- 0.015 m, vel=0.028 +- 0.020 m/s
[2026-07-08 20:09:49.588] [odom] [warning] IMU errors rot=0.063 +- 0.054 deg, trans=0.027 +- 0.017 m, vel=0.080 +- 0.038 m/s
[2026-07-08 20:09:49.588] [odom] [warning] IMU better ratios rot=0.87, trans=0.05, vel=0.11
[2026-07-08 20:09:51.330] [odom] [warning] IMU bias estimation seems inaccurate.
[2026-07-08 20:09:51.330] [odom] [warning] Possibly T_lidar_imu is not accurate or LiDAR-IMU synchronization is not correct.
[2026-07-08 20:09:51.330] [odom] [warning] IMU bias validation results:
[2026-07-08 20:09:51.330] [odom] [warning] num_bias_validations=3520
[2026-07-08 20:09:51.330] [odom] [warning] bias_acc=[0.649, -0.796, 0.022] m/s^2, bias_gyro=[-0.020, -0.000, 0.001] rad/s
[2026-07-08 20:09:51.330] [odom] [warning] acc_stat ax=0.531 +- 0.311 [min=0.001, max=0.847], ay=-0.389 +- 0.263 [min=-0.796, max=0.015], az=0.026 +- 0.012 [min=0.011, max=0.055] m/s^2
[2026-07-08 20:09:51.330] [odom] [warning] gyro_stat wx=-0.020 +- 0.001 [min=-0.021, max=-0.017], wy=-0.000 +- 0.001 [min=-0.004, max=0.002], wz=0.001 +- 0.000 [min=0.001, max=0.001] rad/s
[2026-07-08 20:09:51.520] [odom] [warning] IMU prediction is not good.
[2026-07-08 20:09:51.520] [odom] [warning] Possibly T_lidar_imu is not accurate or IMU bias is not well estimated.
[2026-07-08 20:09:51.520] [odom] [warning] IMU validation results:
[2026-07-08 20:09:51.520] [odom] [warning] num_validations=3200
[2026-07-08 20:09:51.520] [odom] [warning] No-IMU errors rot=0.205 +- 0.271 deg, trans=0.024 +- 0.015 m, vel=0.028 +- 0.020 m/s
[2026-07-08 20:09:51.520] [odom] [warning] IMU errors rot=0.063 +- 0.054 deg, trans=0.027 +- 0.016 m, vel=0.080 +- 0.038 m/s
[2026-07-08 20:09:51.520] [odom] [warning] IMU better ratios rot=0.87, trans=0.05, vel=0.11
[2026-07-08 20:09:52.861] [glim] [info] playback speed: 2.675x
[2026-07-08 20:09:53.179] [odom] [warning] IMU bias estimation seems inaccurate.
[2026-07-08 20:09:53.179] [odom] [warning] Possibly T_lidar_imu is not accurate or LiDAR-IMU synchronization is not correct.
[2026-07-08 20:09:53.179] [odom] [warning] IMU bias validation results:
[2026-07-08 20:09:53.179] [odom] [warning] num_bias_validations=3584
[2026-07-08 20:09:53.179] [odom] [warning] bias_acc=[0.633, -0.807, 0.022] m/s^2, bias_gyro=[-0.020, -0.001, 0.001] rad/s
[2026-07-08 20:09:53.179] [odom] [warning] acc_stat ax=0.533 +- 0.309 [min=0.001, max=0.847], ay=-0.396 +- 0.267 [min=-0.807, max=0.015], az=0.026 +- 0.012 [min=0.011, max=0.055] m/s^2
[2026-07-08 20:09:53.179] [odom] [warning] gyro_stat wx=-0.020 +- 0.001 [min=-0.021, max=-0.017], wy=-0.000 +- 0.001 [min=-0.004, max=0.002], wz=0.001 +- 0.000 [min=0.001, max=0.001] rad/s
[2026-07-08 20:09:53.842] [odom] [warning] IMU prediction is not good.
[2026-07-08 20:09:53.842] [odom] [warning] Possibly T_lidar_imu is not accurate or IMU bias is not well estimated.
[2026-07-08 20:09:53.842] [odom] [warning] IMU validation results:
[2026-07-08 20:09:53.842] [odom] [warning] num_validations=3264
[2026-07-08 20:09:53.842] [odom] [warning] No-IMU errors rot=0.204 +- 0.269 deg, trans=0.024 +- 0.014 m, vel=0.028 +- 0.019 m/s
[2026-07-08 20:09:53.842] [odom] [warning] IMU errors rot=0.063 +- 0.054 deg, trans=0.027 +- 0.016 m, vel=0.079 +- 0.038 m/s
[2026-07-08 20:09:53.842] [odom] [warning] IMU better ratios rot=0.87, trans=0.05, vel=0.11
[2026-07-08 20:09:54.506] [odom] [warning] IMU bias estimation seems inaccurate.
[2026-07-08 20:09:54.506] [odom] [warning] Possibly T_lidar_imu is not accurate or LiDAR-IMU synchronization is not correct.
[2026-07-08 20:09:54.506] [odom] [warning] IMU bias validation results:
[2026-07-08 20:09:54.506] [odom] [warning] num_bias_validations=3648
[2026-07-08 20:09:54.506] [odom] [warning] bias_acc=[0.617, -0.816, 0.023] m/s^2, bias_gyro=[-0.019, -0.001, 0.001] rad/s
[2026-07-08 20:09:54.506] [odom] [warning] acc_stat ax=0.534 +- 0.306 [min=0.001, max=0.847], ay=-0.403 +- 0.270 [min=-0.816, max=0.015], az=0.026 +- 0.012 [min=0.011, max=0.055] m/s^2
[2026-07-08 20:09:54.506] [odom] [warning] gyro_stat wx=-0.020 +- 0.001 [min=-0.021, max=-0.017], wy=-0.000 +- 0.001 [min=-0.004, max=0.002], wz=0.001 +- 0.000 [min=0.001, max=0.001] rad/s
[2026-07-08 20:09:55.216] [odom] [warning] IMU prediction is not good.
[2026-07-08 20:09:55.216] [odom] [warning] Possibly T_lidar_imu is not accurate or IMU bias is not well estimated.
[2026-07-08 20:09:55.216] [odom] [warning] IMU validation results:
[2026-07-08 20:09:55.216] [odom] [warning] num_validations=3328
[2026-07-08 20:09:55.216] [odom] [warning] No-IMU errors rot=0.204 +- 0.269 deg, trans=0.024 +- 0.014 m, vel=0.028 +- 0.019 m/s
[2026-07-08 20:09:55.216] [odom] [warning] IMU errors rot=0.063 +- 0.053 deg, trans=0.027 +- 0.016 m, vel=0.079 +- 0.037 m/s
[2026-07-08 20:09:55.216] [odom] [warning] IMU better ratios rot=0.87, trans=0.05, vel=0.11
[2026-07-08 20:09:57.523] [odom] [warning] IMU bias estimation seems inaccurate.
[2026-07-08 20:09:57.523] [odom] [warning] Possibly T_lidar_imu is not accurate or LiDAR-IMU synchronization is not correct.
[2026-07-08 20:09:57.523] [odom] [warning] IMU bias validation results:
[2026-07-08 20:09:57.523] [odom] [warning] num_bias_validations=3712
[2026-07-08 20:09:57.523] [odom] [warning] bias_acc=[0.602, -0.825, 0.023] m/s^2, bias_gyro=[-0.020, -0.000, 0.001] rad/s
[2026-07-08 20:09:57.523] [odom] [warning] acc_stat ax=0.536 +- 0.303 [min=0.001, max=0.847], ay=-0.411 +- 0.273 [min=-0.825, max=0.015], az=0.026 +- 0.012 [min=0.011, max=0.055] m/s^2
[2026-07-08 20:09:57.523] [odom] [warning] gyro_stat wx=-0.020 +- 0.001 [min=-0.021, max=-0.017], wy=-0.000 +- 0.001 [min=-0.004, max=0.002], wz=0.001 +- 0.000 [min=0.001, max=0.001] rad/s
[2026-07-08 20:09:57.904] [glim] [info] playback speed: 2.856x
[2026-07-08 20:09:58.317] [odom] [warning] IMU prediction is not good.
[2026-07-08 20:09:58.317] [odom] [warning] Possibly T_lidar_imu is not accurate or IMU bias is not well estimated.
[2026-07-08 20:09:58.317] [odom] [warning] IMU validation results:
[2026-07-08 20:09:58.317] [odom] [warning] num_validations=3392
[2026-07-08 20:09:58.317] [odom] [warning] No-IMU errors rot=0.206 +- 0.268 deg, trans=0.024 +- 0.014 m, vel=0.028 +- 0.019 m/s
[2026-07-08 20:09:58.317] [odom] [warning] IMU errors rot=0.063 +- 0.053 deg, trans=0.027 +- 0.016 m, vel=0.079 +- 0.037 m/s
[2026-07-08 20:09:58.317] [odom] [warning] IMU better ratios rot=0.87, trans=0.05, vel=0.10
[2026-07-08 20:09:58.831] [odom] [warning] IMU bias estimation seems inaccurate.
[2026-07-08 20:09:58.831] [odom] [warning] Possibly T_lidar_imu is not accurate or LiDAR-IMU synchronization is not correct.
[2026-07-08 20:09:58.831] [odom] [warning] IMU bias validation results:
[2026-07-08 20:09:58.831] [odom] [warning] num_bias_validations=3776
[2026-07-08 20:09:58.831] [odom] [warning] bias_acc=[0.587, -0.834, 0.024] m/s^2, bias_gyro=[-0.020, 0.001, 0.001] rad/s
[2026-07-08 20:09:58.831] [odom] [warning] acc_stat ax=0.536 +- 0.301 [min=0.001, max=0.847], ay=-0.418 +- 0.277 [min=-0.834, max=0.015], az=0.026 +- 0.012 [min=0.011, max=0.055] m/s^2
[2026-07-08 20:09:58.831] [odom] [warning] gyro_stat wx=-0.020 +- 0.001 [min=-0.021, max=-0.017], wy=-0.000 +- 0.001 [min=-0.004, max=0.002], wz=0.001 +- 0.000 [min=0.001, max=0.001] rad/s
[2026-07-08 20:09:59.564] [odom] [warning] IMU prediction is not good.
[2026-07-08 20:09:59.564] [odom] [warning] Possibly T_lidar_imu is not accurate or IMU bias is not well estimated.
[2026-07-08 20:09:59.564] [odom] [warning] IMU validation results:
[2026-07-08 20:09:59.564] [odom] [warning] num_validations=3456
[2026-07-08 20:09:59.564] [odom] [warning] No-IMU errors rot=0.205 +- 0.266 deg, trans=0.024 +- 0.014 m, vel=0.027 +- 0.019 m/s
[2026-07-08 20:09:59.564] [odom] [warning] IMU errors rot=0.063 +- 0.053 deg, trans=0.027 +- 0.016 m, vel=0.079 +- 0.037 m/s
[2026-07-08 20:09:59.564] [odom] [warning] IMU better ratios rot=0.87, trans=0.05, vel=0.10
[2026-07-08 20:10:01.875] [odom] [warning] IMU bias estimation seems inaccurate.
[2026-07-08 20:10:01.875] [odom] [warning] Possibly T_lidar_imu is not accurate or LiDAR-IMU synchronization is not correct.
[2026-07-08 20:10:01.875] [odom] [warning] IMU bias validation results:
[2026-07-08 20:10:01.875] [odom] [warning] num_bias_validations=3840
[2026-07-08 20:10:01.875] [odom] [warning] bias_acc=[0.571, -0.842, 0.024] m/s^2, bias_gyro=[-0.020, 0.000, 0.001] rad/s
[2026-07-08 20:10:01.875] [odom] [warning] acc_stat ax=0.537 +- 0.298 [min=0.001, max=0.847], ay=-0.425 +- 0.280 [min=-0.842, max=0.015], az=0.026 +- 0.012 [min=0.011, max=0.055] m/s^2
[2026-07-08 20:10:01.875] [odom] [warning] gyro_stat wx=-0.020 +- 0.001 [min=-0.021, max=-0.017], wy=-0.000 +- 0.001 [min=-0.004, max=0.002], wz=0.001 +- 0.000 [min=0.001, max=0.001] rad/s
[2026-07-08 20:10:02.265] [odom] [warning] IMU prediction is not good.
[2026-07-08 20:10:02.265] [odom] [warning] Possibly T_lidar_imu is not accurate or IMU bias is not well estimated.
[2026-07-08 20:10:02.265] [odom] [warning] IMU validation results:
[2026-07-08 20:10:02.265] [odom] [warning] num_validations=3520
[2026-07-08 20:10:02.265] [odom] [warning] No-IMU errors rot=0.204 +- 0.265 deg, trans=0.024 +- 0.014 m, vel=0.028 +- 0.019 m/s
[2026-07-08 20:10:02.265] [odom] [warning] IMU errors rot=0.063 +- 0.053 deg, trans=0.027 +- 0.016 m, vel=0.079 +- 0.037 m/s
[2026-07-08 20:10:02.265] [odom] [warning] IMU better ratios rot=0.87, trans=0.05, vel=0.10
[2026-07-08 20:10:02.916] [glim] [info] playback speed: 3.622x
[2026-07-08 20:10:02.963] [odom] [warning] IMU bias estimation seems inaccurate.
[2026-07-08 20:10:02.963] [odom] [warning] Possibly T_lidar_imu is not accurate or LiDAR-IMU synchronization is not correct.
[2026-07-08 20:10:02.963] [odom] [warning] IMU bias validation results:
[2026-07-08 20:10:02.963] [odom] [warning] num_bias_validations=3904
[2026-07-08 20:10:02.963] [odom] [warning] bias_acc=[0.557, -0.847, 0.026] m/s^2, bias_gyro=[-0.019, 0.000, 0.001] rad/s
[2026-07-08 20:10:02.963] [odom] [warning] acc_stat ax=0.537 +- 0.296 [min=0.001, max=0.847], ay=-0.432 +- 0.282 [min=-0.847, max=0.015], az=0.026 +- 0.012 [min=0.011, max=0.055] m/s^2
[2026-07-08 20:10:02.963] [odom] [warning] gyro_stat wx=-0.020 +- 0.001 [min=-0.021, max=-0.017], wy=-0.000 +- 0.001 [min=-0.004, max=0.002], wz=0.001 +- 0.000 [min=0.001, max=0.001] rad/s
[2026-07-08 20:10:03.769] [odom] [warning] IMU prediction is not good.
[2026-07-08 20:10:03.769] [odom] [warning] Possibly T_lidar_imu is not accurate or IMU bias is not well estimated.
[2026-07-08 20:10:03.769] [odom] [warning] IMU validation results:
[2026-07-08 20:10:03.769] [odom] [warning] num_validations=3584
[2026-07-08 20:10:03.769] [odom] [warning] No-IMU errors rot=0.203 +- 0.263 deg, trans=0.024 +- 0.014 m, vel=0.027 +- 0.019 m/s
[2026-07-08 20:10:03.769] [odom] [warning] IMU errors rot=0.063 +- 0.052 deg, trans=0.027 +- 0.016 m, vel=0.078 +- 0.036 m/s
[2026-07-08 20:10:03.769] [odom] [warning] IMU better ratios rot=0.87, trans=0.05, vel=0.10
[2026-07-08 20:10:06.027] [odom] [warning] IMU bias estimation seems inaccurate.
[2026-07-08 20:10:06.027] [odom] [warning] Possibly T_lidar_imu is not accurate or LiDAR-IMU synchronization is not correct.
[2026-07-08 20:10:06.027] [odom] [warning] IMU bias validation results:
[2026-07-08 20:10:06.027] [odom] [warning] num_bias_validations=3968
[2026-07-08 20:10:06.027] [odom] [warning] bias_acc=[0.544, -0.852, 0.027] m/s^2, bias_gyro=[-0.020, 0.000, 0.001] rad/s
[2026-07-08 20:10:06.027] [odom] [warning] acc_stat ax=0.537 +- 0.294 [min=0.001, max=0.847], ay=-0.439 +- 0.285 [min=-0.852, max=0.015], az=0.026 +- 0.012 [min=0.011, max=0.055] m/s^2
[2026-07-08 20:10:06.027] [odom] [warning] gyro_stat wx=-0.020 +- 0.001 [min=-0.021, max=-0.017], wy=-0.000 +- 0.001 [min=-0.004, max=0.002], wz=0.001 +- 0.000 [min=0.001, max=0.001] rad/s
[2026-07-08 20:10:06.970] [odom] [warning] IMU prediction is not good.
[2026-07-08 20:10:06.970] [odom] [warning] Possibly T_lidar_imu is not accurate or IMU bias is not well estimated.
[2026-07-08 20:10:06.970] [odom] [warning] IMU validation results:
[2026-07-08 20:10:06.970] [odom] [warning] num_validations=3648
[2026-07-08 20:10:06.970] [odom] [warning] No-IMU errors rot=0.202 +- 0.261 deg, trans=0.023 +- 0.014 m, vel=0.027 +- 0.019 m/s
[2026-07-08 20:10:06.970] [odom] [warning] IMU errors rot=0.062 +- 0.052 deg, trans=0.027 +- 0.016 m, vel=0.078 +- 0.036 m/s
[2026-07-08 20:10:06.970] [odom] [warning] IMU better ratios rot=0.87, trans=0.05, vel=0.10
[2026-07-08 20:10:07.706] [odom] [warning] IMU bias estimation seems inaccurate.
[2026-07-08 20:10:07.706] [odom] [warning] Possibly T_lidar_imu is not accurate or LiDAR-IMU synchronization is not correct.
[2026-07-08 20:10:07.706] [odom] [warning] IMU bias validation results:
[2026-07-08 20:10:07.706] [odom] [warning] num_bias_validations=4032
[2026-07-08 20:10:07.706] [odom] [warning] bias_acc=[0.531, -0.857, 0.027] m/s^2, bias_gyro=[-0.019, 0.000, 0.001] rad/s
[2026-07-08 20:10:07.706] [odom] [warning] acc_stat ax=0.537 +- 0.291 [min=0.001, max=0.847], ay=-0.445 +- 0.288 [min=-0.857, max=0.015], az=0.026 +- 0.012 [min=0.011, max=0.055] m/s^2
[2026-07-08 20:10:07.706] [odom] [warning] gyro_stat wx=-0.020 +- 0.001 [min=-0.021, max=-0.017], wy=-0.000 +- 0.001 [min=-0.004, max=0.002], wz=0.001 +- 0.000 [min=0.001, max=0.001] rad/s
[2026-07-08 20:10:07.927] [glim] [info] playback speed: 2.874x
[2026-07-08 20:10:08.129] [odom] [warning] IMU prediction is not good.
[2026-07-08 20:10:08.129] [odom] [warning] Possibly T_lidar_imu is not accurate or IMU bias is not well estimated.
[2026-07-08 20:10:08.129] [odom] [warning] IMU validation results:
[2026-07-08 20:10:08.129] [odom] [warning] num_validations=3712
[2026-07-08 20:10:08.129] [odom] [warning] No-IMU errors rot=0.201 +- 0.259 deg, trans=0.023 +- 0.014 m, vel=0.027 +- 0.019 m/s
[2026-07-08 20:10:08.129] [odom] [warning] IMU errors rot=0.062 +- 0.052 deg, trans=0.027 +- 0.015 m, vel=0.078 +- 0.036 m/s
[2026-07-08 20:10:08.129] [odom] [warning] IMU better ratios rot=0.87, trans=0.05, vel=0.10
[2026-07-08 20:10:09.624] [odom] [warning] IMU bias estimation seems inaccurate.
[2026-07-08 20:10:09.624] [odom] [warning] Possibly T_lidar_imu is not accurate or LiDAR-IMU synchronization is not correct.
[2026-07-08 20:10:09.624] [odom] [warning] IMU bias validation results:
[2026-07-08 20:10:09.624] [odom] [warning] num_bias_validations=4096
[2026-07-08 20:10:09.624] [odom] [warning] bias_acc=[0.519, -0.861, 0.027] m/s^2, bias_gyro=[-0.020, 0.000, 0.001] rad/s
[2026-07-08 20:10:09.624] [odom] [warning] acc_stat ax=0.537 +- 0.289 [min=0.001, max=0.847], ay=-0.452 +- 0.290 [min=-0.861, max=0.015], az=0.026 +- 0.011 [min=0.011, max=0.055] m/s^2
[2026-07-08 20:10:09.624] [odom] [warning] gyro_stat wx=-0.020 +- 0.001 [min=-0.021, max=-0.017], wy=-0.000 +- 0.001 [min=-0.004, max=0.002], wz=0.001 +- 0.000 [min=0.001, max=0.001] rad/s
[2026-07-08 20:10:10.128] [odom] [warning] IMU prediction is not good.
[2026-07-08 20:10:10.128] [odom] [warning] Possibly T_lidar_imu is not accurate or IMU bias is not well estimated.
[2026-07-08 20:10:10.128] [odom] [warning] IMU validation results:
[2026-07-08 20:10:10.128] [odom] [warning] num_validations=3776
[2026-07-08 20:10:10.128] [odom] [warning] No-IMU errors rot=0.201 +- 0.258 deg, trans=0.023 +- 0.014 m, vel=0.027 +- 0.019 m/s
[2026-07-08 20:10:10.128] [odom] [warning] IMU errors rot=0.062 +- 0.052 deg, trans=0.027 +- 0.015 m, vel=0.077 +- 0.036 m/s
[2026-07-08 20:10:10.128] [odom] [warning] IMU better ratios rot=0.87, trans=0.05, vel=0.10
[2026-07-08 20:10:11.961] [odom] [warning] IMU bias estimation seems inaccurate.
[2026-07-08 20:10:11.961] [odom] [warning] Possibly T_lidar_imu is not accurate or LiDAR-IMU synchronization is not correct.
[2026-07-08 20:10:11.961] [odom] [warning] IMU bias validation results:
[2026-07-08 20:10:11.961] [odom] [warning] num_bias_validations=4160
[2026-07-08 20:10:11.961] [odom] [warning] bias_acc=[0.508, -0.865, 0.029] m/s^2, bias_gyro=[-0.020, -0.002, 0.001] rad/s
[2026-07-08 20:10:11.961] [odom] [warning] acc_stat ax=0.537 +- 0.287 [min=0.001, max=0.847], ay=-0.458 +- 0.292 [min=-0.865, max=0.015], az=0.026 +- 0.011 [min=0.011, max=0.055] m/s^2
[2026-07-08 20:10:11.961] [odom] [warning] gyro_stat wx=-0.020 +- 0.001 [min=-0.021, max=-0.017], wy=-0.000 +- 0.001 [min=-0.004, max=0.002], wz=0.001 +- 0.000 [min=0.001, max=0.001] rad/s
[2026-07-08 20:10:12.752] [odom] [warning] IMU prediction is not good.
[2026-07-08 20:10:12.752] [odom] [warning] Possibly T_lidar_imu is not accurate or IMU bias is not well estimated.
[2026-07-08 20:10:12.752] [odom] [warning] IMU validation results:
[2026-07-08 20:10:12.752] [odom] [warning] num_validations=3840
[2026-07-08 20:10:12.752] [odom] [warning] No-IMU errors rot=0.215 +- 0.280 deg, trans=0.023 +- 0.014 m, vel=0.028 +- 0.019 m/s
[2026-07-08 20:10:12.752] [odom] [warning] IMU errors rot=0.064 +- 0.055 deg, trans=0.027 +- 0.015 m, vel=0.077 +- 0.036 m/s
[2026-07-08 20:10:12.752] [odom] [warning] IMU better ratios rot=0.87, trans=0.05, vel=0.10
[2026-07-08 20:10:12.950] [glim] [info] playback speed: 2.867x
[2026-07-08 20:10:13.979] [odom] [warning] IMU bias estimation seems inaccurate.
[2026-07-08 20:10:13.979] [odom] [warning] Possibly T_lidar_imu is not accurate or LiDAR-IMU synchronization is not correct.
[2026-07-08 20:10:13.979] [odom] [warning] IMU bias validation results:
[2026-07-08 20:10:13.979] [odom] [warning] num_bias_validations=4224
[2026-07-08 20:10:13.979] [odom] [warning] bias_acc=[0.505, -0.872, 0.028] m/s^2, bias_gyro=[-0.019, -0.005, 0.001] rad/s
[2026-07-08 20:10:13.979] [odom] [warning] acc_stat ax=0.536 +- 0.285 [min=0.001, max=0.847], ay=-0.464 +- 0.294 [min=-0.872, max=0.015], az=0.026 +- 0.011 [min=0.011, max=0.055] m/s^2
[2026-07-08 20:10:13.979] [odom] [warning] gyro_stat wx=-0.020 +- 0.001 [min=-0.021, max=-0.017], wy=-0.000 +- 0.001 [min=-0.005, max=0.002], wz=0.001 +- 0.000 [min=0.001, max=0.001] rad/s
[2026-07-08 20:10:14.563] [odom] [warning] IMU prediction is not good.
[2026-07-08 20:10:14.563] [odom] [warning] Possibly T_lidar_imu is not accurate or IMU bias is not well estimated.
[2026-07-08 20:10:14.563] [odom] [warning] IMU validation results:
[2026-07-08 20:10:14.563] [odom] [warning] num_validations=3904
[2026-07-08 20:10:14.563] [odom] [warning] No-IMU errors rot=0.217 +- 0.280 deg, trans=0.023 +- 0.014 m, vel=0.028 +- 0.019 m/s
[2026-07-08 20:10:14.563] [odom] [warning] IMU errors rot=0.065 +- 0.055 deg, trans=0.026 +- 0.015 m, vel=0.076 +- 0.036 m/s
[2026-07-08 20:10:14.563] [odom] [warning] IMU better ratios rot=0.87, trans=0.05, vel=0.10
[2026-07-08 20:10:14.892] [odom] [warning] IMU bias estimation seems inaccurate.
[2026-07-08 20:10:14.892] [odom] [warning] Possibly T_lidar_imu is not accurate or LiDAR-IMU synchronization is not correct.
[2026-07-08 20:10:14.892] [odom] [warning] IMU bias validation results:
[2026-07-08 20:10:14.892] [odom] [warning] num_bias_validations=4288
[2026-07-08 20:10:14.892] [odom] [warning] bias_acc=[0.506, -0.879, 0.026] m/s^2, bias_gyro=[-0.019, -0.004, 0.001] rad/s
[2026-07-08 20:10:14.892] [odom] [warning] acc_stat ax=0.536 +- 0.283 [min=0.001, max=0.847], ay=-0.471 +- 0.296 [min=-0.879, max=0.015], az=0.026 +- 0.011 [min=0.011, max=0.055] m/s^2
[2026-07-08 20:10:14.892] [odom] [warning] gyro_stat wx=-0.020 +- 0.001 [min=-0.021, max=-0.017], wy=-0.000 +- 0.002 [min=-0.005, max=0.002], wz=0.001 +- 0.000 [min=0.001, max=0.001] rad/s
[2026-07-08 20:10:15.361] [odom] [warning] IMU prediction is not good.
[2026-07-08 20:10:15.361] [odom] [warning] Possibly T_lidar_imu is not accurate or IMU bias is not well estimated.
[2026-07-08 20:10:15.361] [odom] [warning] IMU validation results:
[2026-07-08 20:10:15.361] [odom] [warning] num_validations=3968
[2026-07-08 20:10:15.361] [odom] [warning] No-IMU errors rot=0.215 +- 0.278 deg, trans=0.023 +- 0.014 m, vel=0.028 +- 0.019 m/s
[2026-07-08 20:10:15.361] [odom] [warning] IMU errors rot=0.064 +- 0.054 deg, trans=0.026 +- 0.015 m, vel=0.075 +- 0.036 m/s
[2026-07-08 20:10:15.361] [odom] [warning] IMU better ratios rot=0.87, trans=0.05, vel=0.10
[2026-07-08 20:10:16.736] [odom] [warning] IMU bias estimation seems inaccurate.
[2026-07-08 20:10:16.736] [odom] [warning] Possibly T_lidar_imu is not accurate or LiDAR-IMU synchronization is not correct.
[2026-07-08 20:10:16.736] [odom] [warning] IMU bias validation results:
[2026-07-08 20:10:16.736] [odom] [warning] num_bias_validations=4352
[2026-07-08 20:10:16.736] [odom] [warning] bias_acc=[0.505, -0.886, 0.025] m/s^2, bias_gyro=[-0.019, -0.003, 0.001] rad/s
[2026-07-08 20:10:16.736] [odom] [warning] acc_stat ax=0.535 +- 0.281 [min=0.001, max=0.847], ay=-0.477 +- 0.298 [min=-0.886, max=0.015], az=0.026 +- 0.011 [min=0.011, max=0.055] m/s^2
[2026-07-08 20:10:16.736] [odom] [warning] gyro_stat wx=-0.020 +- 0.001 [min=-0.021, max=-0.017], wy=-0.000 +- 0.002 [min=-0.005, max=0.002], wz=0.001 +- 0.000 [min=0.001, max=0.001] rad/s
[2026-07-08 20:10:16.874] [odom] [warning] IMU prediction is not good.
[2026-07-08 20:10:16.874] [odom] [warning] Possibly T_lidar_imu is not accurate or IMU bias is not well estimated.
[2026-07-08 20:10:16.874] [odom] [warning] IMU validation results:
[2026-07-08 20:10:16.874] [odom] [warning] num_validations=4032
[2026-07-08 20:10:16.874] [odom] [warning] No-IMU errors rot=0.215 +- 0.277 deg, trans=0.023 +- 0.014 m, vel=0.027 +- 0.019 m/s
[2026-07-08 20:10:16.874] [odom] [warning] IMU errors rot=0.064 +- 0.054 deg, trans=0.026 +- 0.015 m, vel=0.075 +- 0.036 m/s
[2026-07-08 20:10:16.874] [odom] [warning] IMU better ratios rot=0.87, trans=0.05, vel=0.10
[2026-07-08 20:10:17.965] [glim] [info] playback speed: 4.611x
[2026-07-08 20:10:18.062] [odom] [warning] IMU bias estimation seems inaccurate.
[2026-07-08 20:10:18.062] [odom] [warning] Possibly T_lidar_imu is not accurate or LiDAR-IMU synchronization is not correct.
[2026-07-08 20:10:18.062] [odom] [warning] IMU bias validation results:
[2026-07-08 20:10:18.062] [odom] [warning] num_bias_validations=4416
[2026-07-08 20:10:18.062] [odom] [warning] bias_acc=[0.501, -0.892, 0.024] m/s^2, bias_gyro=[-0.020, -0.002, 0.001] rad/s
[2026-07-08 20:10:18.062] [odom] [warning] acc_stat ax=0.535 +- 0.278 [min=0.001, max=0.847], ay=-0.483 +- 0.300 [min=-0.892, max=0.015], az=0.026 +- 0.011 [min=0.011, max=0.055] m/s^2
[2026-07-08 20:10:18.062] [odom] [warning] gyro_stat wx=-0.020 +- 0.001 [min=-0.021, max=-0.017], wy=-0.000 +- 0.002 [min=-0.005, max=0.002], wz=0.001 +- 0.000 [min=0.001, max=0.001] rad/s
[2026-07-08 20:10:18.599] [odom] [warning] IMU prediction is not good.
[2026-07-08 20:10:18.599] [odom] [warning] Possibly T_lidar_imu is not accurate or IMU bias is not well estimated.
[2026-07-08 20:10:18.599] [odom] [warning] IMU validation results:
[2026-07-08 20:10:18.599] [odom] [warning] num_validations=4096
[2026-07-08 20:10:18.599] [odom] [warning] No-IMU errors rot=0.215 +- 0.275 deg, trans=0.022 +- 0.014 m, vel=0.028 +- 0.019 m/s
[2026-07-08 20:10:18.599] [odom] [warning] IMU errors rot=0.065 +- 0.054 deg, trans=0.026 +- 0.015 m, vel=0.074 +- 0.036 m/s
[2026-07-08 20:10:18.599] [odom] [warning] IMU better ratios rot=0.87, trans=0.05, vel=0.11
[2026-07-08 20:10:19.170] [odom] [warning] IMU bias estimation seems inaccurate.
[2026-07-08 20:10:19.170] [odom] [warning] Possibly T_lidar_imu is not accurate or LiDAR-IMU synchronization is not correct.
[2026-07-08 20:10:19.170] [odom] [warning] IMU bias validation results:
[2026-07-08 20:10:19.170] [odom] [warning] num_bias_validations=4480
[2026-07-08 20:10:19.170] [odom] [warning] bias_acc=[0.496, -0.899, 0.023] m/s^2, bias_gyro=[-0.019, -0.002, 0.001] rad/s
[2026-07-08 20:10:19.170] [odom] [warning] acc_stat ax=0.534 +- 0.277 [min=0.001, max=0.847], ay=-0.489 +- 0.302 [min=-0.899, max=0.015], az=0.026 +- 0.011 [min=0.011, max=0.055] m/s^2
[2026-07-08 20:10:19.170] [odom] [warning] gyro_stat wx=-0.020 +- 0.001 [min=-0.021, max=-0.017], wy=-0.000 +- 0.002 [min=-0.005, max=0.002], wz=0.001 +- 0.000 [min=0.001, max=0.001] rad/s
[2026-07-08 20:10:19.860] [odom] [warning] IMU prediction is not good.
[2026-07-08 20:10:19.860] [odom] [warning] Possibly T_lidar_imu is not accurate or IMU bias is not well estimated.
[2026-07-08 20:10:19.860] [odom] [warning] IMU validation results:
[2026-07-08 20:10:19.860] [odom] [warning] num_validations=4160
[2026-07-08 20:10:19.860] [odom] [warning] No-IMU errors rot=0.214 +- 0.273 deg, trans=0.022 +- 0.014 m, vel=0.028 +- 0.019 m/s
[2026-07-08 20:10:19.860] [odom] [warning] IMU errors rot=0.064 +- 0.053 deg, trans=0.025 +- 0.015 m, vel=0.074 +- 0.036 m/s
[2026-07-08 20:10:19.860] [odom] [warning] IMU better ratios rot=0.87, trans=0.05, vel=0.11
[2026-07-08 20:10:21.430] [odom] [warning] IMU bias estimation seems inaccurate.
[2026-07-08 20:10:21.430] [odom] [warning] Possibly T_lidar_imu is not accurate or LiDAR-IMU synchronization is not correct.
[2026-07-08 20:10:21.430] [odom] [warning] IMU bias validation results:
[2026-07-08 20:10:21.430] [odom] [warning] num_bias_validations=4544
[2026-07-08 20:10:21.430] [odom] [warning] bias_acc=[0.492, -0.905, 0.021] m/s^2, bias_gyro=[-0.019, -0.002, 0.001] rad/s
[2026-07-08 20:10:21.430] [odom] [warning] acc_stat ax=0.534 +- 0.275 [min=0.001, max=0.847], ay=-0.495 +- 0.304 [min=-0.905, max=0.015], az=0.026 +- 0.011 [min=0.011, max=0.055] m/s^2
[2026-07-08 20:10:21.430] [odom] [warning] gyro_stat wx=-0.020 +- 0.001 [min=-0.021, max=-0.017], wy=-0.000 +- 0.002 [min=-0.005, max=0.002], wz=0.001 +- 0.000 [min=0.001, max=0.001] rad/s
[2026-07-08 20:10:21.572] [odom] [warning] IMU prediction is not good.
[2026-07-08 20:10:21.572] [odom] [warning] Possibly T_lidar_imu is not accurate or IMU bias is not well estimated.
[2026-07-08 20:10:21.572] [odom] [warning] IMU validation results:
[2026-07-08 20:10:21.572] [odom] [warning] num_validations=4224
[2026-07-08 20:10:21.572] [odom] [warning] No-IMU errors rot=0.214 +- 0.272 deg, trans=0.022 +- 0.014 m, vel=0.028 +- 0.019 m/s
[2026-07-08 20:10:21.572] [odom] [warning] IMU errors rot=0.065 +- 0.054 deg, trans=0.025 +- 0.015 m, vel=0.073 +- 0.036 m/s
[2026-07-08 20:10:21.572] [odom] [warning] IMU better ratios rot=0.87, trans=0.05, vel=0.11
[2026-07-08 20:10:22.485] [odom] [warning] IMU bias estimation seems inaccurate.
[2026-07-08 20:10:22.485] [odom] [warning] Possibly T_lidar_imu is not accurate or LiDAR-IMU synchronization is not correct.
[2026-07-08 20:10:22.485] [odom] [warning] IMU bias validation results:
[2026-07-08 20:10:22.485] [odom] [warning] num_bias_validations=4608
[2026-07-08 20:10:22.485] [odom] [warning] bias_acc=[0.485, -0.909, 0.021] m/s^2, bias_gyro=[-0.019, -0.001, 0.001] rad/s
[2026-07-08 20:10:22.485] [odom] [warning] acc_stat ax=0.533 +- 0.273 [min=0.001, max=0.847], ay=-0.500 +- 0.306 [min=-0.909, max=0.015], az=0.026 +- 0.011 [min=0.011, max=0.055] m/s^2
[2026-07-08 20:10:22.485] [odom] [warning] gyro_stat wx=-0.020 +- 0.001 [min=-0.021, max=-0.017], wy=-0.000 +- 0.002 [min=-0.005, max=0.002], wz=0.001 +- 0.000 [min=0.001, max=0.001] rad/s
[2026-07-08 20:10:22.973] [glim] [info] playback speed: 4.172x
[2026-07-08 20:10:23.449] [odom] [warning] IMU prediction is not good.
[2026-07-08 20:10:23.449] [odom] [warning] Possibly T_lidar_imu is not accurate or IMU bias is not well estimated.
[2026-07-08 20:10:23.449] [odom] [warning] IMU validation results:
[2026-07-08 20:10:23.449] [odom] [warning] num_validations=4288
[2026-07-08 20:10:23.449] [odom] [warning] No-IMU errors rot=0.213 +- 0.270 deg, trans=0.022 +- 0.013 m, vel=0.028 +- 0.019 m/s
[2026-07-08 20:10:23.449] [odom] [warning] IMU errors rot=0.065 +- 0.054 deg, trans=0.025 +- 0.015 m, vel=0.073 +- 0.036 m/s
[2026-07-08 20:10:23.449] [odom] [warning] IMU better ratios rot=0.87, trans=0.05, vel=0.11
[2026-07-08 20:10:24.466] [odom] [warning] IMU bias estimation seems inaccurate.
[2026-07-08 20:10:24.466] [odom] [warning] Possibly T_lidar_imu is not accurate or LiDAR-IMU synchronization is not correct.
[2026-07-08 20:10:24.466] [odom] [warning] IMU bias validation results:
[2026-07-08 20:10:24.466] [odom] [warning] num_bias_validations=4672
[2026-07-08 20:10:24.466] [odom] [warning] bias_acc=[0.476, -0.915, 0.021] m/s^2, bias_gyro=[-0.020, -0.001, 0.001] rad/s
[2026-07-08 20:10:24.466] [odom] [warning] acc_stat ax=0.532 +- 0.271 [min=0.001, max=0.847], ay=-0.506 +- 0.308 [min=-0.915, max=0.015], az=0.026 +- 0.011 [min=0.011, max=0.055] m/s^2
[2026-07-08 20:10:24.466] [odom] [warning] gyro_stat wx=-0.020 +- 0.001 [min=-0.021, max=-0.017], wy=-0.000 +- 0.002 [min=-0.005, max=0.002], wz=0.001 +- 0.000 [min=0.001, max=0.001] rad/s
[2026-07-08 20:10:24.634] [odom] [warning] IMU prediction is not good.
[2026-07-08 20:10:24.634] [odom] [warning] Possibly T_lidar_imu is not accurate or IMU bias is not well estimated.
[2026-07-08 20:10:24.634] [odom] [warning] IMU validation results:
[2026-07-08 20:10:24.634] [odom] [warning] num_validations=4352
[2026-07-08 20:10:24.634] [odom] [warning] No-IMU errors rot=0.212 +- 0.268 deg, trans=0.022 +- 0.013 m, vel=0.028 +- 0.019 m/s
[2026-07-08 20:10:24.634] [odom] [warning] IMU errors rot=0.064 +- 0.053 deg, trans=0.025 +- 0.015 m, vel=0.072 +- 0.036 m/s
[2026-07-08 20:10:24.634] [odom] [warning] IMU better ratios rot=0.87, trans=0.05, vel=0.11
[2026-07-08 20:10:26.348] [odom] [warning] IMU bias estimation seems inaccurate.
[2026-07-08 20:10:26.348] [odom] [warning] Possibly T_lidar_imu is not accurate or LiDAR-IMU synchronization is not correct.
[2026-07-08 20:10:26.348] [odom] [warning] IMU bias validation results:
[2026-07-08 20:10:26.348] [odom] [warning] num_bias_validations=4736
[2026-07-08 20:10:26.348] [odom] [warning] bias_acc=[0.467, -0.921, 0.021] m/s^2, bias_gyro=[-0.020, -0.000, 0.001] rad/s
[2026-07-08 20:10:26.348] [odom] [warning] acc_stat ax=0.531 +- 0.269 [min=0.001, max=0.847], ay=-0.512 +- 0.309 [min=-0.921, max=0.015], az=0.026 +- 0.011 [min=0.011, max=0.055] m/s^2
[2026-07-08 20:10:26.348] [odom] [warning] gyro_stat wx=-0.020 +- 0.001 [min=-0.021, max=-0.017], wy=-0.000 +- 0.001 [min=-0.005, max=0.002], wz=0.001 +- 0.000 [min=0.001, max=0.001] rad/s
[2026-07-08 20:10:27.322] [odom] [warning] IMU prediction is not good.
[2026-07-08 20:10:27.322] [odom] [warning] Possibly T_lidar_imu is not accurate or IMU bias is not well estimated.
[2026-07-08 20:10:27.322] [odom] [warning] IMU validation results:
[2026-07-08 20:10:27.322] [odom] [warning] num_validations=4416
[2026-07-08 20:10:27.322] [odom] [warning] No-IMU errors rot=0.212 +- 0.267 deg, trans=0.022 +- 0.013 m, vel=0.028 +- 0.019 m/s
[2026-07-08 20:10:27.322] [odom] [warning] IMU errors rot=0.065 +- 0.053 deg, trans=0.025 +- 0.015 m, vel=0.072 +- 0.036 m/s
[2026-07-08 20:10:27.322] [odom] [warning] IMU better ratios rot=0.87, trans=0.05, vel=0.11
[2026-07-08 20:10:28.022] [glim] [info] playback speed: 3.053x
[2026-07-08 20:10:29.325] [odom] [warning] IMU bias estimation seems inaccurate.
[2026-07-08 20:10:29.325] [odom] [warning] Possibly T_lidar_imu is not accurate or LiDAR-IMU synchronization is not correct.
[2026-07-08 20:10:29.325] [odom] [warning] IMU bias validation results:
[2026-07-08 20:10:29.325] [odom] [warning] num_bias_validations=4800
[2026-07-08 20:10:29.325] [odom] [warning] bias_acc=[0.460, -0.926, 0.020] m/s^2, bias_gyro=[-0.020, -0.001, 0.001] rad/s
[2026-07-08 20:10:29.325] [odom] [warning] acc_stat ax=0.530 +- 0.268 [min=0.001, max=0.847], ay=-0.517 +- 0.311 [min=-0.926, max=0.015], az=0.026 +- 0.011 [min=0.011, max=0.055] m/s^2
[2026-07-08 20:10:29.325] [odom] [warning] gyro_stat wx=-0.020 +- 0.001 [min=-0.021, max=-0.017], wy=-0.000 +- 0.001 [min=-0.005, max=0.002], wz=0.001 +- 0.000 [min=0.001, max=0.001] rad/s
[2026-07-08 20:10:30.589] [odom] [warning] IMU bias estimation seems inaccurate.
[2026-07-08 20:10:30.589] [odom] [warning] Possibly T_lidar_imu is not accurate or LiDAR-IMU synchronization is not correct.
[2026-07-08 20:10:30.589] [odom] [warning] IMU bias validation results:
[2026-07-08 20:10:30.589] [odom] [warning] num_bias_validations=4864
[2026-07-08 20:10:30.589] [odom] [warning] bias_acc=[0.455, -0.931, 0.020] m/s^2, bias_gyro=[-0.020, -0.000, 0.001] rad/s
[2026-07-08 20:10:30.589] [odom] [warning] acc_stat ax=0.529 +- 0.266 [min=0.001, max=0.847], ay=-0.523 +- 0.312 [min=-0.931, max=0.015], az=0.025 +- 0.011 [min=0.011, max=0.055] m/s^2
[2026-07-08 20:10:30.589] [odom] [warning] gyro_stat wx=-0.020 +- 0.000 [min=-0.021, max=-0.017], wy=-0.000 +- 0.001 [min=-0.005, max=0.002], wz=0.001 +- 0.000 [min=0.001, max=0.001] rad/s
[2026-07-08 20:10:30.595] [odom] [warning] IMU prediction is not good.
[2026-07-08 20:10:30.595] [odom] [warning] Possibly T_lidar_imu is not accurate or IMU bias is not well estimated.
[2026-07-08 20:10:30.595] [odom] [warning] IMU validation results:
[2026-07-08 20:10:30.595] [odom] [warning] num_validations=4480
[2026-07-08 20:10:30.595] [odom] [warning] No-IMU errors rot=0.211 +- 0.265 deg, trans=0.022 +- 0.013 m, vel=0.028 +- 0.019 m/s
[2026-07-08 20:10:30.595] [odom] [warning] IMU errors rot=0.064 +- 0.053 deg, trans=0.025 +- 0.015 m, vel=0.071 +- 0.036 m/s
[2026-07-08 20:10:30.595] [odom] [warning] IMU better ratios rot=0.87, trans=0.05, vel=0.11
[2026-07-08 20:10:32.425] [odom] [warning] IMU bias estimation seems inaccurate.
[2026-07-08 20:10:32.425] [odom] [warning] Possibly T_lidar_imu is not accurate or LiDAR-IMU synchronization is not correct.
[2026-07-08 20:10:32.425] [odom] [warning] IMU bias validation results:
[2026-07-08 20:10:32.425] [odom] [warning] num_bias_validations=4928
[2026-07-08 20:10:32.425] [odom] [warning] bias_acc=[0.449, -0.938, 0.019] m/s^2, bias_gyro=[-0.020, -0.000, 0.001] rad/s
[2026-07-08 20:10:32.425] [odom] [warning] acc_stat ax=0.528 +- 0.264 [min=0.001, max=0.847], ay=-0.528 +- 0.314 [min=-0.938, max=0.015], az=0.025 +- 0.011 [min=0.011, max=0.055] m/s^2
[2026-07-08 20:10:32.425] [odom] [warning] gyro_stat wx=-0.020 +- 0.000 [min=-0.021, max=-0.017], wy=-0.000 +- 0.001 [min=-0.005, max=0.002], wz=0.001 +- 0.000 [min=0.001, max=0.001] rad/s
[2026-07-08 20:10:32.473] [odom] [warning] IMU prediction is not good.
[2026-07-08 20:10:32.473] [odom] [warning] Possibly T_lidar_imu is not accurate or IMU bias is not well estimated.
[2026-07-08 20:10:32.473] [odom] [warning] IMU validation results:
[2026-07-08 20:10:32.473] [odom] [warning] num_validations=4544
[2026-07-08 20:10:32.473] [odom] [warning] No-IMU errors rot=0.210 +- 0.264 deg, trans=0.021 +- 0.013 m, vel=0.028 +- 0.018 m/s
[2026-07-08 20:10:32.473] [odom] [warning] IMU errors rot=0.064 +- 0.053 deg, trans=0.024 +- 0.015 m, vel=0.071 +- 0.036 m/s
[2026-07-08 20:10:32.473] [odom] [warning] IMU better ratios rot=0.87, trans=0.05, vel=0.12
[2026-07-08 20:10:33.047] [glim] [info] playback speed: 3.472x
[2026-07-08 20:10:34.874] [odom] [warning] IMU bias estimation seems inaccurate.
[2026-07-08 20:10:34.874] [odom] [warning] Possibly T_lidar_imu is not accurate or LiDAR-IMU synchronization is not correct.
[2026-07-08 20:10:34.874] [odom] [warning] IMU bias validation results:
[2026-07-08 20:10:34.874] [odom] [warning] num_bias_validations=4992
[2026-07-08 20:10:34.874] [odom] [warning] bias_acc=[0.441, -0.946, 0.020] m/s^2, bias_gyro=[-0.020, 0.000, 0.001] rad/s
[2026-07-08 20:10:34.874] [odom] [warning] acc_stat ax=0.527 +- 0.263 [min=0.001, max=0.847], ay=-0.533 +- 0.315 [min=-0.946, max=0.015], az=0.025 +- 0.011 [min=0.011, max=0.055] m/s^2
[2026-07-08 20:10:34.874] [odom] [warning] gyro_stat wx=-0.020 +- 0.000 [min=-0.021, max=-0.017], wy=-0.000 +- 0.001 [min=-0.005, max=0.002], wz=0.001 +- 0.000 [min=0.001, max=0.001] rad/s
[2026-07-08 20:10:34.880] [odom] [warning] IMU prediction is not good.
[2026-07-08 20:10:34.880] [odom] [warning] Possibly T_lidar_imu is not accurate or IMU bias is not well estimated.
[2026-07-08 20:10:34.880] [odom] [warning] IMU validation results:
[2026-07-08 20:10:34.880] [odom] [warning] num_validations=4608
[2026-07-08 20:10:34.880] [odom] [warning] No-IMU errors rot=0.208 +- 0.263 deg, trans=0.021 +- 0.013 m, vel=0.027 +- 0.018 m/s
[2026-07-08 20:10:34.880] [odom] [warning] IMU errors rot=0.064 +- 0.053 deg, trans=0.024 +- 0.015 m, vel=0.070 +- 0.036 m/s
[2026-07-08 20:10:34.880] [odom] [warning] IMU better ratios rot=0.87, trans=0.05, vel=0.11
[2026-07-08 20:10:35.868] [odom] [warning] IMU bias estimation seems inaccurate.
[2026-07-08 20:10:35.868] [odom] [warning] Possibly T_lidar_imu is not accurate or LiDAR-IMU synchronization is not correct.
[2026-07-08 20:10:35.868] [odom] [warning] IMU bias validation results:
[2026-07-08 20:10:35.868] [odom] [warning] num_bias_validations=5056
[2026-07-08 20:10:35.868] [odom] [warning] bias_acc=[0.434, -0.953, 0.019] m/s^2, bias_gyro=[-0.020, 0.000, 0.001] rad/s
[2026-07-08 20:10:35.868] [odom] [warning] acc_stat ax=0.526 +- 0.261 [min=0.001, max=0.847], ay=-0.539 +- 0.317 [min=-0.953, max=0.015], az=0.025 +- 0.010 [min=0.011, max=0.055] m/s^2
[2026-07-08 20:10:35.868] [odom] [warning] gyro_stat wx=-0.020 +- 0.000 [min=-0.021, max=-0.017], wy=-0.000 +- 0.001 [min=-0.005, max=0.002], wz=0.001 +- 0.000 [min=0.001, max=0.001] rad/s
[2026-07-08 20:10:35.919] [odom] [warning] IMU prediction is not good.
[2026-07-08 20:10:35.919] [odom] [warning] Possibly T_lidar_imu is not accurate or IMU bias is not well estimated.
[2026-07-08 20:10:35.919] [odom] [warning] IMU validation results:
[2026-07-08 20:10:35.919] [odom] [warning] num_validations=4672
[2026-07-08 20:10:35.919] [odom] [warning] No-IMU errors rot=0.207 +- 0.261 deg, trans=0.021 +- 0.013 m, vel=0.027 +- 0.018 m/s
[2026-07-08 20:10:35.919] [odom] [warning] IMU errors rot=0.064 +- 0.053 deg, trans=0.024 +- 0.015 m, vel=0.070 +- 0.036 m/s
[2026-07-08 20:10:35.919] [odom] [warning] IMU better ratios rot=0.87, trans=0.05, vel=0.11
[2026-07-08 20:10:37.288] [odom] [warning] IMU bias estimation seems inaccurate.
[2026-07-08 20:10:37.288] [odom] [warning] Possibly T_lidar_imu is not accurate or LiDAR-IMU synchronization is not correct.
[2026-07-08 20:10:37.288] [odom] [warning] IMU bias validation results:
[2026-07-08 20:10:37.288] [odom] [warning] num_bias_validations=5120
[2026-07-08 20:10:37.288] [odom] [warning] bias_acc=[0.426, -0.962, 0.019] m/s^2, bias_gyro=[-0.020, 0.000, 0.001] rad/s
[2026-07-08 20:10:37.288] [odom] [warning] acc_stat ax=0.525 +- 0.260 [min=0.001, max=0.847], ay=-0.544 +- 0.318 [min=-0.962, max=0.015], az=0.025 +- 0.010 [min=0.011, max=0.055] m/s^2
[2026-07-08 20:10:37.288] [odom] [warning] gyro_stat wx=-0.020 +- 0.000 [min=-0.021, max=-0.017], wy=-0.000 +- 0.001 [min=-0.005, max=0.002], wz=0.001 +- 0.000 [min=0.001, max=0.001] rad/s
[2026-07-08 20:10:37.315] [odom] [warning] IMU prediction is not good.
[2026-07-08 20:10:37.315] [odom] [warning] Possibly T_lidar_imu is not accurate or IMU bias is not well estimated.
[2026-07-08 20:10:37.315] [odom] [warning] IMU validation results:
[2026-07-08 20:10:37.315] [odom] [warning] num_validations=4736
[2026-07-08 20:10:37.315] [odom] [warning] No-IMU errors rot=0.206 +- 0.260 deg, trans=0.021 +- 0.013 m, vel=0.027 +- 0.018 m/s
[2026-07-08 20:10:37.315] [odom] [warning] IMU errors rot=0.064 +- 0.053 deg, trans=0.024 +- 0.015 m, vel=0.070 +- 0.036 m/s
[2026-07-08 20:10:37.315] [odom] [warning] IMU better ratios rot=0.87, trans=0.05, vel=0.11
[2026-07-08 20:10:38.080] [glim] [info] playback speed: 4.091x
[2026-07-08 20:10:38.728] [odom] [warning] IMU bias estimation seems inaccurate.
[2026-07-08 20:10:38.728] [odom] [warning] Possibly T_lidar_imu is not accurate or LiDAR-IMU synchronization is not correct.
[2026-07-08 20:10:38.728] [odom] [warning] IMU bias validation results:
[2026-07-08 20:10:38.728] [odom] [warning] num_bias_validations=5184
[2026-07-08 20:10:38.728] [odom] [warning] bias_acc=[0.418, -0.971, 0.020] m/s^2, bias_gyro=[-0.020, 0.000, 0.001] rad/s
[2026-07-08 20:10:38.728] [odom] [warning] acc_stat ax=0.523 +- 0.259 [min=0.001, max=0.847], ay=-0.549 +- 0.320 [min=-0.971, max=0.015], az=0.025 +- 0.010 [min=0.011, max=0.055] m/s^2
[2026-07-08 20:10:38.728] [odom] [warning] gyro_stat wx=-0.020 +- 0.000 [min=-0.021, max=-0.017], wy=-0.000 +- 0.001 [min=-0.005, max=0.002], wz=0.001 +- 0.000 [min=0.001, max=0.001] rad/s
[2026-07-08 20:10:38.735] [odom] [warning] IMU prediction is not good.
[2026-07-08 20:10:38.735] [odom] [warning] Possibly T_lidar_imu is not accurate or IMU bias is not well estimated.
[2026-07-08 20:10:38.735] [odom] [warning] IMU validation results:
[2026-07-08 20:10:38.735] [odom] [warning] num_validations=4800
[2026-07-08 20:10:38.735] [odom] [warning] No-IMU errors rot=0.205 +- 0.258 deg, trans=0.021 +- 0.013 m, vel=0.027 +- 0.018 m/s
[2026-07-08 20:10:38.735] [odom] [warning] IMU errors rot=0.064 +- 0.053 deg, trans=0.024 +- 0.015 m, vel=0.070 +- 0.035 m/s
[2026-07-08 20:10:38.735] [odom] [warning] IMU better ratios rot=0.87, trans=0.05, vel=0.11
[2026-07-08 20:10:40.311] [odom] [warning] IMU bias estimation seems inaccurate.
[2026-07-08 20:10:40.311] [odom] [warning] Possibly T_lidar_imu is not accurate or LiDAR-IMU synchronization is not correct.
[2026-07-08 20:10:40.311] [odom] [warning] IMU bias validation results:
[2026-07-08 20:10:40.311] [odom] [warning] num_bias_validations=5248
[2026-07-08 20:10:40.311] [odom] [warning] bias_acc=[0.409, -0.979, 0.020] m/s^2, bias_gyro=[-0.020, 0.000, 0.001] rad/s
[2026-07-08 20:10:40.311] [odom] [warning] acc_stat ax=0.522 +- 0.257 [min=0.001, max=0.847], ay=-0.554 +- 0.321 [min=-0.979, max=0.015], az=0.025 +- 0.010 [min=0.011, max=0.055] m/s^2
[2026-07-08 20:10:40.311] [odom] [warning] gyro_stat wx=-0.020 +- 0.000 [min=-0.021, max=-0.017], wy=-0.000 +- 0.001 [min=-0.005, max=0.002], wz=0.001 +- 0.000 [min=0.001, max=0.001] rad/s
[2026-07-08 20:10:40.335] [odom] [warning] IMU prediction is not good.
[2026-07-08 20:10:40.335] [odom] [warning] Possibly T_lidar_imu is not accurate or IMU bias is not well estimated.
[2026-07-08 20:10:40.335] [odom] [warning] IMU validation results:
[2026-07-08 20:10:40.335] [odom] [warning] num_validations=4864
[2026-07-08 20:10:40.335] [odom] [warning] No-IMU errors rot=0.204 +- 0.257 deg, trans=0.021 +- 0.013 m, vel=0.027 +- 0.018 m/s
[2026-07-08 20:10:40.335] [odom] [warning] IMU errors rot=0.064 +- 0.052 deg, trans=0.024 +- 0.015 m, vel=0.069 +- 0.035 m/s
[2026-07-08 20:10:40.335] [odom] [warning] IMU better ratios rot=0.87, trans=0.05, vel=0.11
[2026-07-08 20:10:41.368] [odom] [warning] IMU bias estimation seems inaccurate.
[2026-07-08 20:10:41.368] [odom] [warning] Possibly T_lidar_imu is not accurate or LiDAR-IMU synchronization is not correct.
[2026-07-08 20:10:41.368] [odom] [warning] IMU bias validation results:
[2026-07-08 20:10:41.368] [odom] [warning] num_bias_validations=5312
[2026-07-08 20:10:41.368] [odom] [warning] bias_acc=[0.402, -0.985, 0.021] m/s^2, bias_gyro=[-0.020, 0.000, 0.001] rad/s
[2026-07-08 20:10:41.368] [odom] [warning] acc_stat ax=0.521 +- 0.256 [min=0.001, max=0.847], ay=-0.560 +- 0.323 [min=-0.985, max=0.015], az=0.025 +- 0.010 [min=0.011, max=0.055] m/s^2
[2026-07-08 20:10:41.368] [odom] [warning] gyro_stat wx=-0.020 +- 0.000 [min=-0.021, max=-0.017], wy=-0.000 +- 0.001 [min=-0.005, max=0.002], wz=0.001 +- 0.000 [min=0.001, max=0.001] rad/s
[2026-07-08 20:10:41.411] [odom] [warning] IMU prediction is not good.
[2026-07-08 20:10:41.411] [odom] [warning] Possibly T_lidar_imu is not accurate or IMU bias is not well estimated.
[2026-07-08 20:10:41.411] [odom] [warning] IMU validation results:
[2026-07-08 20:10:41.411] [odom] [warning] num_validations=4928
[2026-07-08 20:10:41.411] [odom] [warning] No-IMU errors rot=0.203 +- 0.255 deg, trans=0.021 +- 0.013 m, vel=0.027 +- 0.018 m/s
[2026-07-08 20:10:41.411] [odom] [warning] IMU errors rot=0.064 +- 0.052 deg, trans=0.024 +- 0.015 m, vel=0.069 +- 0.035 m/s
[2026-07-08 20:10:41.411] [odom] [warning] IMU better ratios rot=0.87, trans=0.05, vel=0.11
[2026-07-08 20:10:42.966] [odom] [warning] IMU bias estimation seems inaccurate.
[2026-07-08 20:10:42.966] [odom] [warning] Possibly T_lidar_imu is not accurate or LiDAR-IMU synchronization is not correct.
[2026-07-08 20:10:42.966] [odom] [warning] IMU bias validation results:
[2026-07-08 20:10:42.966] [odom] [warning] num_bias_validations=5376
[2026-07-08 20:10:42.966] [odom] [warning] bias_acc=[0.393, -0.991, 0.021] m/s^2, bias_gyro=[-0.020, 0.000, 0.001] rad/s
[2026-07-08 20:10:42.966] [odom] [warning] acc_stat ax=0.519 +- 0.255 [min=0.001, max=0.847], ay=-0.565 +- 0.324 [min=-0.991, max=0.015], az=0.025 +- 0.010 [min=0.011, max=0.055] m/s^2
[2026-07-08 20:10:42.966] [odom] [warning] gyro_stat wx=-0.020 +- 0.000 [min=-0.021, max=-0.017], wy=-0.000 +- 0.001 [min=-0.005, max=0.002], wz=0.001 +- 0.000 [min=0.001, max=0.001] rad/s
[2026-07-08 20:10:42.993] [odom] [warning] IMU prediction is not good.
[2026-07-08 20:10:42.993] [odom] [warning] Possibly T_lidar_imu is not accurate or IMU bias is not well estimated.
[2026-07-08 20:10:42.993] [odom] [warning] IMU validation results:
[2026-07-08 20:10:42.993] [odom] [warning] num_validations=4992
[2026-07-08 20:10:42.993] [odom] [warning] No-IMU errors rot=0.203 +- 0.254 deg, trans=0.021 +- 0.013 m, vel=0.027 +- 0.018 m/s
[2026-07-08 20:10:42.993] [odom] [warning] IMU errors rot=0.064 +- 0.052 deg, trans=0.024 +- 0.015 m, vel=0.069 +- 0.035 m/s
[2026-07-08 20:10:42.993] [odom] [warning] IMU better ratios rot=0.87, trans=0.04, vel=0.11
[2026-07-08 20:10:43.112] [glim] [info] playback speed: 4.697x
[2026-07-08 20:10:44.516] [odom] [warning] IMU bias estimation seems inaccurate.
[2026-07-08 20:10:44.516] [odom] [warning] Possibly T_lidar_imu is not accurate or LiDAR-IMU synchronization is not correct.
[2026-07-08 20:10:44.516] [odom] [warning] IMU bias validation results:
[2026-07-08 20:10:44.516] [odom] [warning] num_bias_validations=5440
[2026-07-08 20:10:44.516] [odom] [warning] bias_acc=[0.385, -0.998, 0.023] m/s^2, bias_gyro=[-0.020, 0.001, 0.001] rad/s
[2026-07-08 20:10:44.516] [odom] [warning] acc_stat ax=0.517 +- 0.254 [min=0.001, max=0.847], ay=-0.570 +- 0.326 [min=-0.998, max=0.015], az=0.025 +- 0.010 [min=0.011, max=0.055] m/s^2
[2026-07-08 20:10:44.516] [odom] [warning] gyro_stat wx=-0.020 +- 0.000 [min=-0.021, max=-0.017], wy=-0.000 +- 0.001 [min=-0.005, max=0.002], wz=0.001 +- 0.000 [min=0.001, max=0.001] rad/s
[2026-07-08 20:10:44.568] [odom] [warning] IMU prediction is not good.
[2026-07-08 20:10:44.568] [odom] [warning] Possibly T_lidar_imu is not accurate or IMU bias is not well estimated.
[2026-07-08 20:10:44.568] [odom] [warning] IMU validation results:
[2026-07-08 20:10:44.568] [odom] [warning] num_validations=5056
[2026-07-08 20:10:44.568] [odom] [warning] No-IMU errors rot=0.202 +- 0.253 deg, trans=0.021 +- 0.013 m, vel=0.027 +- 0.018 m/s
[2026-07-08 20:10:44.568] [odom] [warning] IMU errors rot=0.064 +- 0.052 deg, trans=0.024 +- 0.014 m, vel=0.068 +- 0.035 m/s
[2026-07-08 20:10:44.568] [odom] [warning] IMU better ratios rot=0.87, trans=0.04, vel=0.11
[2026-07-08 20:10:46.803] [odom] [warning] IMU bias estimation seems inaccurate.
[2026-07-08 20:10:46.803] [odom] [warning] Possibly T_lidar_imu is not accurate or LiDAR-IMU synchronization is not correct.
[2026-07-08 20:10:46.803] [odom] [warning] IMU bias validation results:
[2026-07-08 20:10:46.803] [odom] [warning] num_bias_validations=5504
[2026-07-08 20:10:46.803] [odom] [warning] bias_acc=[0.376, -1.004, 0.024] m/s^2, bias_gyro=[-0.020, 0.001, 0.001] rad/s
[2026-07-08 20:10:46.803] [odom] [warning] acc_stat ax=0.516 +- 0.253 [min=0.001, max=0.847], ay=-0.575 +- 0.327 [min=-1.004, max=0.015], az=0.025 +- 0.010 [min=0.011, max=0.055] m/s^2
[2026-07-08 20:10:46.803] [odom] [warning] gyro_stat wx=-0.020 +- 0.000 [min=-0.021, max=-0.017], wy=-0.000 +- 0.001 [min=-0.005, max=0.002], wz=0.001 +- 0.000 [min=0.001, max=0.001] rad/s
[2026-07-08 20:10:46.854] [odom] [warning] IMU prediction is not good.
[2026-07-08 20:10:46.854] [odom] [warning] Possibly T_lidar_imu is not accurate or IMU bias is not well estimated.
[2026-07-08 20:10:46.854] [odom] [warning] IMU validation results:
[2026-07-08 20:10:46.854] [odom] [warning] num_validations=5120
[2026-07-08 20:10:46.854] [odom] [warning] No-IMU errors rot=0.201 +- 0.251 deg, trans=0.021 +- 0.013 m, vel=0.027 +- 0.018 m/s
[2026-07-08 20:10:46.854] [odom] [warning] IMU errors rot=0.064 +- 0.052 deg, trans=0.024 +- 0.014 m, vel=0.068 +- 0.035 m/s
[2026-07-08 20:10:46.854] [odom] [warning] IMU better ratios rot=0.87, trans=0.04, vel=0.11
[2026-07-08 20:10:48.124] [glim] [info] playback speed: 3.603x
[2026-07-08 20:10:48.616] [odom] [warning] IMU bias estimation seems inaccurate.
[2026-07-08 20:10:48.616] [odom] [warning] Possibly T_lidar_imu is not accurate or LiDAR-IMU synchronization is not correct.
[2026-07-08 20:10:48.616] [odom] [warning] IMU bias validation results:
[2026-07-08 20:10:48.616] [odom] [warning] num_bias_validations=5568
[2026-07-08 20:10:48.616] [odom] [warning] bias_acc=[0.368, -1.013, 0.025] m/s^2, bias_gyro=[-0.020, 0.001, 0.001] rad/s
[2026-07-08 20:10:48.616] [odom] [warning] acc_stat ax=0.514 +- 0.252 [min=0.001, max=0.847], ay=-0.580 +- 0.329 [min=-1.013, max=0.015], az=0.025 +- 0.010 [min=0.011, max=0.055] m/s^2
[2026-07-08 20:10:48.616] [odom] [warning] gyro_stat wx=-0.020 +- 0.000 [min=-0.021, max=-0.017], wy=-0.000 +- 0.001 [min=-0.005, max=0.002], wz=0.001 +- 0.000 [min=0.001, max=0.001] rad/s
[2026-07-08 20:10:48.643] [odom] [warning] IMU prediction is not good.
[2026-07-08 20:10:48.643] [odom] [warning] Possibly T_lidar_imu is not accurate or IMU bias is not well estimated.
[2026-07-08 20:10:48.643] [odom] [warning] IMU validation results:
[2026-07-08 20:10:48.643] [odom] [warning] num_validations=5184
[2026-07-08 20:10:48.643] [odom] [warning] No-IMU errors rot=0.200 +- 0.250 deg, trans=0.021 +- 0.013 m, vel=0.027 +- 0.018 m/s
[2026-07-08 20:10:48.643] [odom] [warning] IMU errors rot=0.064 +- 0.052 deg, trans=0.024 +- 0.014 m, vel=0.068 +- 0.035 m/s
[2026-07-08 20:10:48.643] [odom] [warning] IMU better ratios rot=0.87, trans=0.04, vel=0.11
[2026-07-08 20:10:49.962] [odom] [warning] IMU bias estimation seems inaccurate.
[2026-07-08 20:10:49.962] [odom] [warning] Possibly T_lidar_imu is not accurate or LiDAR-IMU synchronization is not correct.
[2026-07-08 20:10:49.962] [odom] [warning] IMU bias validation results:
[2026-07-08 20:10:49.962] [odom] [warning] num_bias_validations=5632
[2026-07-08 20:10:49.962] [odom] [warning] bias_acc=[0.361, -1.022, 0.026] m/s^2, bias_gyro=[-0.020, 0.000, 0.002] rad/s
[2026-07-08 20:10:49.962] [odom] [warning] acc_stat ax=0.512 +- 0.251 [min=0.001, max=0.847], ay=-0.585 +- 0.330 [min=-1.022, max=0.015], az=0.025 +- 0.010 [min=0.011, max=0.055] m/s^2
[2026-07-08 20:10:49.962] [odom] [warning] gyro_stat wx=-0.020 +- 0.000 [min=-0.021, max=-0.017], wy=-0.000 +- 0.001 [min=-0.005, max=0.002], wz=0.001 +- 0.000 [min=0.001, max=0.002] rad/s
[2026-07-08 20:10:49.971] [odom] [warning] IMU prediction is not good.
[2026-07-08 20:10:49.971] [odom] [warning] Possibly T_lidar_imu is not accurate or IMU bias is not well estimated.
[2026-07-08 20:10:49.971] [odom] [warning] IMU validation results:
[2026-07-08 20:10:49.971] [odom] [warning] num_validations=5248
[2026-07-08 20:10:49.971] [odom] [warning] No-IMU errors rot=0.202 +- 0.253 deg, trans=0.021 +- 0.013 m, vel=0.027 +- 0.018 m/s
[2026-07-08 20:10:49.971] [odom] [warning] IMU errors rot=0.064 +- 0.052 deg, trans=0.024 +- 0.014 m, vel=0.068 +- 0.035 m/s
[2026-07-08 20:10:49.971] [odom] [warning] IMU better ratios rot=0.87, trans=0.04, vel=0.11
[2026-07-08 20:10:52.166] [odom] [warning] IMU bias estimation seems inaccurate.
[2026-07-08 20:10:52.166] [odom] [warning] Possibly T_lidar_imu is not accurate or LiDAR-IMU synchronization is not correct.
[2026-07-08 20:10:52.166] [odom] [warning] IMU bias validation results:
[2026-07-08 20:10:52.166] [odom] [warning] num_bias_validations=5696
[2026-07-08 20:10:52.166] [odom] [warning] bias_acc=[0.354, -1.031, 0.027] m/s^2, bias_gyro=[-0.020, 0.001, 0.001] rad/s
[2026-07-08 20:10:52.166] [odom] [warning] acc_stat ax=0.511 +- 0.250 [min=0.001, max=0.847], ay=-0.590 +- 0.332 [min=-1.031, max=0.015], az=0.025 +- 0.010 [min=0.011, max=0.055] m/s^2
[2026-07-08 20:10:52.166] [odom] [warning] gyro_stat wx=-0.020 +- 0.000 [min=-0.021, max=-0.017], wy=-0.000 +- 0.001 [min=-0.005, max=0.002], wz=0.001 +- 0.000 [min=0.001, max=0.002] rad/s
[2026-07-08 20:10:52.218] [odom] [warning] IMU prediction is not good.
[2026-07-08 20:10:52.218] [odom] [warning] Possibly T_lidar_imu is not accurate or IMU bias is not well estimated.
[2026-07-08 20:10:52.218] [odom] [warning] IMU validation results:
[2026-07-08 20:10:52.218] [odom] [warning] num_validations=5312
[2026-07-08 20:10:52.218] [odom] [warning] No-IMU errors rot=0.203 +- 0.253 deg, trans=0.020 +- 0.013 m, vel=0.027 +- 0.018 m/s
[2026-07-08 20:10:52.218] [odom] [warning] IMU errors rot=0.064 +- 0.052 deg, trans=0.023 +- 0.014 m, vel=0.068 +- 0.034 m/s
[2026-07-08 20:10:52.218] [odom] [warning] IMU better ratios rot=0.87, trans=0.04, vel=0.11
[2026-07-08 20:10:53.128] [glim] [info] playback speed: 3.932x
[2026-07-08 20:10:53.287] [odom] [warning] IMU bias estimation seems inaccurate.
[2026-07-08 20:10:53.287] [odom] [warning] Possibly T_lidar_imu is not accurate or LiDAR-IMU synchronization is not correct.
[2026-07-08 20:10:53.287] [odom] [warning] IMU bias validation results:
[2026-07-08 20:10:53.287] [odom] [warning] num_bias_validations=5760
[2026-07-08 20:10:53.287] [odom] [warning] bias_acc=[0.346, -1.036, 0.027] m/s^2, bias_gyro=[-0.020, 0.001, 0.001] rad/s
[2026-07-08 20:10:53.287] [odom] [warning] acc_stat ax=0.509 +- 0.249 [min=0.001, max=0.847], ay=-0.595 +- 0.333 [min=-1.036, max=0.015], az=0.025 +- 0.010 [min=0.011, max=0.055] m/s^2
[2026-07-08 20:10:53.287] [odom] [warning] gyro_stat wx=-0.020 +- 0.000 [min=-0.021, max=-0.017], wy=-0.000 +- 0.001 [min=-0.005, max=0.002], wz=0.001 +- 0.000 [min=0.001, max=0.002] rad/s
[2026-07-08 20:10:53.324] [odom] [warning] IMU prediction is not good.
[2026-07-08 20:10:53.324] [odom] [warning] Possibly T_lidar_imu is not accurate or IMU bias is not well estimated.
[2026-07-08 20:10:53.324] [odom] [warning] IMU validation results:
[2026-07-08 20:10:53.324] [odom] [warning] num_validations=5376
[2026-07-08 20:10:53.324] [odom] [warning] No-IMU errors rot=0.202 +- 0.252 deg, trans=0.020 +- 0.013 m, vel=0.027 +- 0.018 m/s
[2026-07-08 20:10:53.324] [odom] [warning] IMU errors rot=0.064 +- 0.051 deg, trans=0.023 +- 0.014 m, vel=0.067 +- 0.034 m/s
[2026-07-08 20:10:53.324] [odom] [warning] IMU better ratios rot=0.87, trans=0.04, vel=0.11
[2026-07-08 20:10:56.050] [odom] [warning] IMU bias estimation seems inaccurate.
[2026-07-08 20:10:56.050] [odom] [warning] Possibly T_lidar_imu is not accurate or LiDAR-IMU synchronization is not correct.
[2026-07-08 20:10:56.050] [odom] [warning] IMU bias validation results:
[2026-07-08 20:10:56.050] [odom] [warning] num_bias_validations=5824
[2026-07-08 20:10:56.050] [odom] [warning] bias_acc=[0.337, -1.041, 0.027] m/s^2, bias_gyro=[-0.020, 0.001, 0.001] rad/s
[2026-07-08 20:10:56.050] [odom] [warning] acc_stat ax=0.507 +- 0.249 [min=0.001, max=0.847], ay=-0.600 +- 0.335 [min=-1.041, max=0.015], az=0.025 +- 0.010 [min=0.011, max=0.055] m/s^2
[2026-07-08 20:10:56.050] [odom] [warning] gyro_stat wx=-0.020 +- 0.000 [min=-0.021, max=-0.017], wy=-0.000 +- 0.001 [min=-0.005, max=0.002], wz=0.001 +- 0.000 [min=0.001, max=0.002] rad/s
[2026-07-08 20:10:56.102] [odom] [warning] IMU prediction is not good.
[2026-07-08 20:10:56.102] [odom] [warning] Possibly T_lidar_imu is not accurate or IMU bias is not well estimated.
[2026-07-08 20:10:56.102] [odom] [warning] IMU validation results:
[2026-07-08 20:10:56.102] [odom] [warning] num_validations=5440
[2026-07-08 20:10:56.102] [odom] [warning] No-IMU errors rot=0.201 +- 0.250 deg, trans=0.020 +- 0.012 m, vel=0.027 +- 0.018 m/s
[2026-07-08 20:10:56.102] [odom] [warning] IMU errors rot=0.064 +- 0.051 deg, trans=0.023 +- 0.014 m, vel=0.067 +- 0.034 m/s
[2026-07-08 20:10:56.102] [odom] [warning] IMU better ratios rot=0.87, trans=0.04, vel=0.11
[2026-07-08 20:10:57.169] [odom] [warning] IMU bias estimation seems inaccurate.
[2026-07-08 20:10:57.169] [odom] [warning] Possibly T_lidar_imu is not accurate or LiDAR-IMU synchronization is not correct.
[2026-07-08 20:10:57.169] [odom] [warning] IMU bias validation results:
[2026-07-08 20:10:57.169] [odom] [warning] num_bias_validations=5888
[2026-07-08 20:10:57.169] [odom] [warning] bias_acc=[0.329, -1.046, 0.028] m/s^2, bias_gyro=[-0.020, 0.000, 0.001] rad/s
[2026-07-08 20:10:57.169] [odom] [warning] acc_stat ax=0.505 +- 0.248 [min=0.001, max=0.847], ay=-0.605 +- 0.336 [min=-1.046, max=0.015], az=0.025 +- 0.010 [min=0.011, max=0.055] m/s^2
[2026-07-08 20:10:57.169] [odom] [warning] gyro_stat wx=-0.020 +- 0.000 [min=-0.021, max=-0.017], wy=-0.000 +- 0.001 [min=-0.005, max=0.002], wz=0.001 +- 0.000 [min=0.001, max=0.002] rad/s
[2026-07-08 20:10:57.199] [odom] [warning] IMU prediction is not good.
[2026-07-08 20:10:57.199] [odom] [warning] Possibly T_lidar_imu is not accurate or IMU bias is not well estimated.
[2026-07-08 20:10:57.199] [odom] [warning] IMU validation results:
[2026-07-08 20:10:57.199] [odom] [warning] num_validations=5504
[2026-07-08 20:10:57.199] [odom] [warning] No-IMU errors rot=0.200 +- 0.249 deg, trans=0.020 +- 0.012 m, vel=0.027 +- 0.018 m/s
[2026-07-08 20:10:57.199] [odom] [warning] IMU errors rot=0.063 +- 0.051 deg, trans=0.023 +- 0.014 m, vel=0.067 +- 0.034 m/s
[2026-07-08 20:10:57.199] [odom] [warning] IMU better ratios rot=0.87, trans=0.04, vel=0.11
[2026-07-08 20:10:58.161] [glim] [info] playback speed: 3.406x
[2026-07-08 20:10:58.589] [odom] [warning] IMU bias estimation seems inaccurate.
[2026-07-08 20:10:58.589] [odom] [warning] Possibly T_lidar_imu is not accurate or LiDAR-IMU synchronization is not correct.
[2026-07-08 20:10:58.589] [odom] [warning] IMU bias validation results:
[2026-07-08 20:10:58.589] [odom] [warning] num_bias_validations=5952
[2026-07-08 20:10:58.589] [odom] [warning] bias_acc=[0.322, -1.049, 0.028] m/s^2, bias_gyro=[-0.019, 0.000, 0.001] rad/s
[2026-07-08 20:10:58.589] [odom] [warning] acc_stat ax=0.503 +- 0.247 [min=0.001, max=0.847], ay=-0.609 +- 0.337 [min=-1.049, max=0.015], az=0.025 +- 0.010 [min=0.011, max=0.055] m/s^2
[2026-07-08 20:10:58.589] [odom] [warning] gyro_stat wx=-0.020 +- 0.000 [min=-0.021, max=-0.017], wy=-0.000 +- 0.001 [min=-0.005, max=0.002], wz=0.001 +- 0.000 [min=0.001, max=0.002] rad/s
[2026-07-08 20:10:59.449] [odom] [warning] IMU prediction is not good.
[2026-07-08 20:10:59.449] [odom] [warning] Possibly T_lidar_imu is not accurate or IMU bias is not well estimated.
[2026-07-08 20:10:59.449] [odom] [warning] IMU validation results:
[2026-07-08 20:10:59.449] [odom] [warning] num_validations=5568
[2026-07-08 20:10:59.449] [odom] [warning] No-IMU errors rot=0.199 +- 0.248 deg, trans=0.020 +- 0.012 m, vel=0.027 +- 0.018 m/s
[2026-07-08 20:10:59.449] [odom] [warning] IMU errors rot=0.063 +- 0.051 deg, trans=0.023 +- 0.014 m, vel=0.066 +- 0.034 m/s
[2026-07-08 20:10:59.449] [odom] [warning] IMU better ratios rot=0.87, trans=0.04, vel=0.11
[2026-07-08 20:11:00.771] [odom] [warning] IMU bias estimation seems inaccurate.
[2026-07-08 20:11:00.771] [odom] [warning] Possibly T_lidar_imu is not accurate or LiDAR-IMU synchronization is not correct.
[2026-07-08 20:11:00.771] [odom] [warning] IMU bias validation results:
[2026-07-08 20:11:00.771] [odom] [warning] num_bias_validations=6016
[2026-07-08 20:11:00.771] [odom] [warning] bias_acc=[0.315, -1.051, 0.028] m/s^2, bias_gyro=[-0.019, 0.000, 0.001] rad/s
[2026-07-08 20:11:00.771] [odom] [warning] acc_stat ax=0.501 +- 0.247 [min=0.001, max=0.847], ay=-0.614 +- 0.339 [min=-1.051, max=0.015], az=0.025 +- 0.010 [min=0.011, max=0.055] m/s^2
[2026-07-08 20:11:00.771] [odom] [warning] gyro_stat wx=-0.020 +- 0.000 [min=-0.021, max=-0.017], wy=-0.000 +- 0.001 [min=-0.005, max=0.002], wz=0.001 +- 0.000 [min=0.001, max=0.002] rad/s
[2026-07-08 20:11:02.228] [odom] [warning] IMU prediction is not good.
[2026-07-08 20:11:02.228] [odom] [warning] Possibly T_lidar_imu is not accurate or IMU bias is not well estimated.
[2026-07-08 20:11:02.228] [odom] [warning] IMU validation results:
[2026-07-08 20:11:02.228] [odom] [warning] num_validations=5632
[2026-07-08 20:11:02.228] [odom] [warning] No-IMU errors rot=0.199 +- 0.247 deg, trans=0.020 +- 0.012 m, vel=0.027 +- 0.018 m/s
[2026-07-08 20:11:02.228] [odom] [warning] IMU errors rot=0.063 +- 0.051 deg, trans=0.023 +- 0.014 m, vel=0.066 +- 0.034 m/s
[2026-07-08 20:11:02.228] [odom] [warning] IMU better ratios rot=0.87, trans=0.04, vel=0.11
[2026-07-08 20:11:03.175] [glim] [info] playback speed: 3.116x
[2026-07-08 20:11:03.185] [odom] [warning] IMU bias estimation seems inaccurate.
[2026-07-08 20:11:03.185] [odom] [warning] Possibly T_lidar_imu is not accurate or LiDAR-IMU synchronization is not correct.
[2026-07-08 20:11:03.185] [odom] [warning] IMU bias validation results:
[2026-07-08 20:11:03.185] [odom] [warning] num_bias_validations=6080
[2026-07-08 20:11:03.185] [odom] [warning] bias_acc=[0.309, -1.052, 0.029] m/s^2, bias_gyro=[-0.019, 0.000, 0.001] rad/s
[2026-07-08 20:11:03.185] [odom] [warning] acc_stat ax=0.499 +- 0.246 [min=0.001, max=0.847], ay=-0.619 +- 0.340 [min=-1.052, max=0.015], az=0.025 +- 0.010 [min=0.011, max=0.055] m/s^2
[2026-07-08 20:11:03.185] [odom] [warning] gyro_stat wx=-0.020 +- 0.000 [min=-0.021, max=-0.017], wy=-0.000 +- 0.001 [min=-0.005, max=0.002], wz=0.001 +- 0.000 [min=0.001, max=0.002] rad/s
[2026-07-08 20:11:03.462] [odom] [warning] IMU prediction is not good.
[2026-07-08 20:11:03.462] [odom] [warning] Possibly T_lidar_imu is not accurate or IMU bias is not well estimated.
[2026-07-08 20:11:03.462] [odom] [warning] IMU validation results:
[2026-07-08 20:11:03.462] [odom] [warning] num_validations=5696
[2026-07-08 20:11:03.462] [odom] [warning] No-IMU errors rot=0.199 +- 0.246 deg, trans=0.020 +- 0.012 m, vel=0.027 +- 0.018 m/s
[2026-07-08 20:11:03.462] [odom] [warning] IMU errors rot=0.063 +- 0.050 deg, trans=0.023 +- 0.014 m, vel=0.066 +- 0.034 m/s
[2026-07-08 20:11:03.462] [odom] [warning] IMU better ratios rot=0.87, trans=0.04, vel=0.11
[2026-07-08 20:11:04.224] [odom] [warning] IMU bias estimation seems inaccurate.
[2026-07-08 20:11:04.224] [odom] [warning] Possibly T_lidar_imu is not accurate or LiDAR-IMU synchronization is not correct.
[2026-07-08 20:11:04.224] [odom] [warning] IMU bias validation results:
[2026-07-08 20:11:04.224] [odom] [warning] num_bias_validations=6144
[2026-07-08 20:11:04.224] [odom] [warning] bias_acc=[0.302, -1.053, 0.029] m/s^2, bias_gyro=[-0.020, 0.001, 0.001] rad/s
[2026-07-08 20:11:04.224] [odom] [warning] acc_stat ax=0.497 +- 0.246 [min=0.001, max=0.847], ay=-0.623 +- 0.341 [min=-1.053, max=0.015], az=0.025 +- 0.010 [min=0.011, max=0.055] m/s^2
[2026-07-08 20:11:04.224] [odom] [warning] gyro_stat wx=-0.020 +- 0.000 [min=-0.021, max=-0.017], wy=-0.000 +- 0.001 [min=-0.005, max=0.002], wz=0.001 +- 0.000 [min=0.001, max=0.002] rad/s
[2026-07-08 20:11:05.279] [odom] [warning] IMU prediction is not good.
[2026-07-08 20:11:05.279] [odom] [warning] Possibly T_lidar_imu is not accurate or IMU bias is not well estimated.
[2026-07-08 20:11:05.279] [odom] [warning] IMU validation results:
[2026-07-08 20:11:05.279] [odom] [warning] num_validations=5760
[2026-07-08 20:11:05.279] [odom] [warning] No-IMU errors rot=0.198 +- 0.245 deg, trans=0.020 +- 0.012 m, vel=0.027 +- 0.018 m/s
[2026-07-08 20:11:05.279] [odom] [warning] IMU errors rot=0.063 +- 0.050 deg, trans=0.023 +- 0.014 m, vel=0.065 +- 0.034 m/s
[2026-07-08 20:11:05.279] [odom] [warning] IMU better ratios rot=0.87, trans=0.04, vel=0.11
[2026-07-08 20:11:05.544] [odom] [warning] IMU bias estimation seems inaccurate.
[2026-07-08 20:11:05.544] [odom] [warning] Possibly T_lidar_imu is not accurate or LiDAR-IMU synchronization is not correct.
[2026-07-08 20:11:05.544] [odom] [warning] IMU bias validation results:
[2026-07-08 20:11:05.544] [odom] [warning] num_bias_validations=6208
[2026-07-08 20:11:05.544] [odom] [warning] bias_acc=[0.292, -1.056, 0.030] m/s^2, bias_gyro=[-0.020, 0.001, 0.001] rad/s
[2026-07-08 20:11:05.544] [odom] [warning] acc_stat ax=0.495 +- 0.245 [min=0.001, max=0.847], ay=-0.628 +- 0.342 [min=-1.056, max=0.015], az=0.025 +- 0.010 [min=0.011, max=0.055] m/s^2
[2026-07-08 20:11:05.544] [odom] [warning] gyro_stat wx=-0.020 +- 0.000 [min=-0.021, max=-0.017], wy=-0.000 +- 0.001 [min=-0.005, max=0.002], wz=0.001 +- 0.000 [min=0.001, max=0.002] rad/s
[2026-07-08 20:11:07.065] [odom] [warning] IMU prediction is not good.
[2026-07-08 20:11:07.065] [odom] [warning] Possibly T_lidar_imu is not accurate or IMU bias is not well estimated.
[2026-07-08 20:11:07.065] [odom] [warning] IMU validation results:
[2026-07-08 20:11:07.065] [odom] [warning] num_validations=5824
[2026-07-08 20:11:07.065] [odom] [warning] No-IMU errors rot=0.197 +- 0.244 deg, trans=0.020 +- 0.012 m, vel=0.027 +- 0.018 m/s
[2026-07-08 20:11:07.065] [odom] [warning] IMU errors rot=0.063 +- 0.050 deg, trans=0.023 +- 0.014 m, vel=0.065 +- 0.034 m/s
[2026-07-08 20:11:07.065] [odom] [warning] IMU better ratios rot=0.87, trans=0.04, vel=0.11
[2026-07-08 20:11:07.957] [odom] [warning] IMU bias estimation seems inaccurate.
[2026-07-08 20:11:07.957] [odom] [warning] Possibly T_lidar_imu is not accurate or LiDAR-IMU synchronization is not correct.
[2026-07-08 20:11:07.957] [odom] [warning] IMU bias validation results:
[2026-07-08 20:11:07.957] [odom] [warning] num_bias_validations=6272
[2026-07-08 20:11:07.957] [odom] [warning] bias_acc=[0.283, -1.059, 0.031] m/s^2, bias_gyro=[-0.020, 0.001, 0.001] rad/s
[2026-07-08 20:11:07.957] [odom] [warning] acc_stat ax=0.493 +- 0.245 [min=0.001, max=0.847], ay=-0.632 +- 0.343 [min=-1.059, max=0.015], az=0.025 +- 0.010 [min=0.011, max=0.055] m/s^2
[2026-07-08 20:11:07.957] [odom] [warning] gyro_stat wx=-0.020 +- 0.000 [min=-0.021, max=-0.017], wy=-0.000 +- 0.001 [min=-0.005, max=0.002], wz=0.001 +- 0.000 [min=0.001, max=0.002] rad/s
[2026-07-08 20:11:08.212] [glim] [info] playback speed: 4.128x
[2026-07-08 20:11:08.579] [odom] [warning] IMU prediction is not good.
[2026-07-08 20:11:08.579] [odom] [warning] Possibly T_lidar_imu is not accurate or IMU bias is not well estimated.
[2026-07-08 20:11:08.579] [odom] [warning] IMU validation results:
[2026-07-08 20:11:08.579] [odom] [warning] num_validations=5888
[2026-07-08 20:11:08.579] [odom] [warning] No-IMU errors rot=0.196 +- 0.243 deg, trans=0.020 +- 0.012 m, vel=0.027 +- 0.018 m/s
[2026-07-08 20:11:08.579] [odom] [warning] IMU errors rot=0.062 +- 0.050 deg, trans=0.023 +- 0.014 m, vel=0.065 +- 0.034 m/s
[2026-07-08 20:11:08.579] [odom] [warning] IMU better ratios rot=0.87, trans=0.04, vel=0.11
[2026-07-08 20:11:08.982] [odom] [warning] IMU bias estimation seems inaccurate.
[2026-07-08 20:11:08.982] [odom] [warning] Possibly T_lidar_imu is not accurate or LiDAR-IMU synchronization is not correct.
[2026-07-08 20:11:08.982] [odom] [warning] IMU bias validation results:
[2026-07-08 20:11:08.982] [odom] [warning] num_bias_validations=6336
[2026-07-08 20:11:08.982] [odom] [warning] bias_acc=[0.275, -1.062, 0.031] m/s^2, bias_gyro=[-0.020, 0.001, 0.002] rad/s
[2026-07-08 20:11:08.982] [odom] [warning] acc_stat ax=0.490 +- 0.245 [min=0.001, max=0.847], ay=-0.636 +- 0.344 [min=-1.062, max=0.015], az=0.025 +- 0.010 [min=0.011, max=0.055] m/s^2
[2026-07-08 20:11:08.982] [odom] [warning] gyro_stat wx=-0.020 +- 0.000 [min=-0.021, max=-0.017], wy=-0.000 +- 0.001 [min=-0.005, max=0.002], wz=0.001 +- 0.000 [min=0.001, max=0.002] rad/s
[2026-07-08 20:11:10.746] [odom] [warning] IMU prediction is not good.
[2026-07-08 20:11:10.746] [odom] [warning] Possibly T_lidar_imu is not accurate or IMU bias is not well estimated.
[2026-07-08 20:11:10.746] [odom] [warning] IMU validation results:
[2026-07-08 20:11:10.746] [odom] [warning] num_validations=5952
[2026-07-08 20:11:10.746] [odom] [warning] No-IMU errors rot=0.196 +- 0.242 deg, trans=0.020 +- 0.012 m, vel=0.027 +- 0.018 m/s
[2026-07-08 20:11:10.746] [odom] [warning] IMU errors rot=0.062 +- 0.050 deg, trans=0.023 +- 0.014 m, vel=0.064 +- 0.034 m/s
[2026-07-08 20:11:10.746] [odom] [warning] IMU better ratios rot=0.88, trans=0.04, vel=0.11
[2026-07-08 20:11:11.596] [odom] [warning] IMU bias estimation seems inaccurate.
[2026-07-08 20:11:11.596] [odom] [warning] Possibly T_lidar_imu is not accurate or LiDAR-IMU synchronization is not correct.
[2026-07-08 20:11:11.596] [odom] [warning] IMU bias validation results:
[2026-07-08 20:11:11.596] [odom] [warning] num_bias_validations=6400
[2026-07-08 20:11:11.596] [odom] [warning] bias_acc=[0.266, -1.067, 0.032] m/s^2, bias_gyro=[-0.020, 0.001, 0.002] rad/s
[2026-07-08 20:11:11.596] [odom] [warning] acc_stat ax=0.488 +- 0.245 [min=0.001, max=0.847], ay=-0.641 +- 0.345 [min=-1.067, max=0.015], az=0.025 +- 0.009 [min=0.011, max=0.055] m/s^2
[2026-07-08 20:11:11.596] [odom] [warning] gyro_stat wx=-0.020 +- 0.000 [min=-0.021, max=-0.017], wy=-0.000 +- 0.001 [min=-0.005, max=0.002], wz=0.001 +- 0.000 [min=0.001, max=0.002] rad/s
[2026-07-08 20:11:12.608] [odom] [warning] IMU prediction is not good.
[2026-07-08 20:11:12.608] [odom] [warning] Possibly T_lidar_imu is not accurate or IMU bias is not well estimated.
[2026-07-08 20:11:12.608] [odom] [warning] IMU validation results:
[2026-07-08 20:11:12.608] [odom] [warning] num_validations=6016
[2026-07-08 20:11:12.608] [odom] [warning] No-IMU errors rot=0.195 +- 0.241 deg, trans=0.020 +- 0.012 m, vel=0.027 +- 0.018 m/s
[2026-07-08 20:11:12.608] [odom] [warning] IMU errors rot=0.062 +- 0.050 deg, trans=0.022 +- 0.014 m, vel=0.064 +- 0.034 m/s
[2026-07-08 20:11:12.608] [odom] [warning] IMU better ratios rot=0.88, trans=0.04, vel=0.11
[2026-07-08 20:11:13.243] [glim] [info] playback speed: 3.630x
[2026-07-08 20:11:13.504] [odom] [warning] IMU bias estimation seems inaccurate.
[2026-07-08 20:11:13.504] [odom] [warning] Possibly T_lidar_imu is not accurate or LiDAR-IMU synchronization is not correct.
[2026-07-08 20:11:13.504] [odom] [warning] IMU bias validation results:
[2026-07-08 20:11:13.504] [odom] [warning] num_bias_validations=6464
[2026-07-08 20:11:13.504] [odom] [warning] bias_acc=[0.258, -1.072, 0.032] m/s^2, bias_gyro=[-0.020, 0.001, 0.002] rad/s
[2026-07-08 20:11:13.504] [odom] [warning] acc_stat ax=0.486 +- 0.244 [min=0.001, max=0.847], ay=-0.645 +- 0.346 [min=-1.072, max=0.015], az=0.025 +- 0.009 [min=0.011, max=0.055] m/s^2
[2026-07-08 20:11:13.504] [odom] [warning] gyro_stat wx=-0.020 +- 0.000 [min=-0.021, max=-0.017], wy=-0.000 +- 0.001 [min=-0.005, max=0.002], wz=0.001 +- 0.000 [min=0.001, max=0.002] rad/s
[2026-07-08 20:11:13.982] [odom] [warning] IMU prediction is not good.
[2026-07-08 20:11:13.982] [odom] [warning] Possibly T_lidar_imu is not accurate or IMU bias is not well estimated.
[2026-07-08 20:11:13.982] [odom] [warning] IMU validation results:
[2026-07-08 20:11:13.982] [odom] [warning] num_validations=6080
[2026-07-08 20:11:13.982] [odom] [warning] No-IMU errors rot=0.194 +- 0.240 deg, trans=0.020 +- 0.012 m, vel=0.027 +- 0.018 m/s
[2026-07-08 20:11:13.982] [odom] [warning] IMU errors rot=0.062 +- 0.050 deg, trans=0.022 +- 0.014 m, vel=0.064 +- 0.034 m/s
[2026-07-08 20:11:13.982] [odom] [warning] IMU better ratios rot=0.87, trans=0.04, vel=0.11
[2026-07-08 20:11:14.420] [odom] [warning] IMU bias estimation seems inaccurate.
[2026-07-08 20:11:14.420] [odom] [warning] Possibly T_lidar_imu is not accurate or LiDAR-IMU synchronization is not correct.
[2026-07-08 20:11:14.420] [odom] [warning] IMU bias validation results:
[2026-07-08 20:11:14.420] [odom] [warning] num_bias_validations=6528
[2026-07-08 20:11:14.420] [odom] [warning] bias_acc=[0.251, -1.076, 0.032] m/s^2, bias_gyro=[-0.020, 0.000, 0.002] rad/s
[2026-07-08 20:11:14.420] [odom] [warning] acc_stat ax=0.484 +- 0.244 [min=0.001, max=0.847], ay=-0.649 +- 0.347 [min=-1.076, max=0.015], az=0.026 +- 0.009 [min=0.011, max=0.055] m/s^2
[2026-07-08 20:11:14.420] [odom] [warning] gyro_stat wx=-0.020 +- 0.000 [min=-0.021, max=-0.017], wy=-0.000 +- 0.001 [min=-0.005, max=0.002], wz=0.001 +- 0.000 [min=0.001, max=0.002] rad/s
[2026-07-08 20:11:15.566] [odom] [warning] IMU prediction is not good.
[2026-07-08 20:11:15.566] [odom] [warning] Possibly T_lidar_imu is not accurate or IMU bias is not well estimated.
[2026-07-08 20:11:15.566] [odom] [warning] IMU validation results:
[2026-07-08 20:11:15.566] [odom] [warning] num_validations=6144
[2026-07-08 20:11:15.566] [odom] [warning] No-IMU errors rot=0.195 +- 0.241 deg, trans=0.020 +- 0.012 m, vel=0.027 +- 0.017 m/s
[2026-07-08 20:11:15.566] [odom] [warning] IMU errors rot=0.062 +- 0.049 deg, trans=0.022 +- 0.014 m, vel=0.064 +- 0.034 m/s
[2026-07-08 20:11:15.566] [odom] [warning] IMU better ratios rot=0.87, trans=0.04, vel=0.11
[2026-07-08 20:11:16.154] [odom] [warning] IMU bias estimation seems inaccurate.
[2026-07-08 20:11:16.154] [odom] [warning] Possibly T_lidar_imu is not accurate or LiDAR-IMU synchronization is not correct.
[2026-07-08 20:11:16.154] [odom] [warning] IMU bias validation results:
[2026-07-08 20:11:16.154] [odom] [warning] num_bias_validations=6592
[2026-07-08 20:11:16.154] [odom] [warning] bias_acc=[0.246, -1.077, 0.032] m/s^2, bias_gyro=[-0.019, -0.001, 0.001] rad/s
[2026-07-08 20:11:16.154] [odom] [warning] acc_stat ax=0.481 +- 0.244 [min=0.001, max=0.847], ay=-0.653 +- 0.347 [min=-1.077, max=0.015], az=0.026 +- 0.009 [min=0.011, max=0.055] m/s^2
[2026-07-08 20:11:16.154] [odom] [warning] gyro_stat wx=-0.020 +- 0.000 [min=-0.021, max=-0.017], wy=-0.000 +- 0.001 [min=-0.005, max=0.002], wz=0.001 +- 0.000 [min=0.001, max=0.002] rad/s
[2026-07-08 20:11:17.513] [odom] [warning] IMU prediction is not good.
[2026-07-08 20:11:17.513] [odom] [warning] Possibly T_lidar_imu is not accurate or IMU bias is not well estimated.
[2026-07-08 20:11:17.513] [odom] [warning] IMU validation results:
[2026-07-08 20:11:17.513] [odom] [warning] num_validations=6208
[2026-07-08 20:11:17.513] [odom] [warning] No-IMU errors rot=0.200 +- 0.247 deg, trans=0.019 +- 0.012 m, vel=0.027 +- 0.017 m/s
[2026-07-08 20:11:17.513] [odom] [warning] IMU errors rot=0.062 +- 0.050 deg, trans=0.022 +- 0.014 m, vel=0.063 +- 0.034 m/s
[2026-07-08 20:11:17.513] [odom] [warning] IMU better ratios rot=0.88, trans=0.04, vel=0.12
[2026-07-08 20:11:18.143] [odom] [warning] IMU bias estimation seems inaccurate.
[2026-07-08 20:11:18.143] [odom] [warning] Possibly T_lidar_imu is not accurate or LiDAR-IMU synchronization is not correct.
[2026-07-08 20:11:18.143] [odom] [warning] IMU bias validation results:
[2026-07-08 20:11:18.143] [odom] [warning] num_bias_validations=6656
[2026-07-08 20:11:18.143] [odom] [warning] bias_acc=[0.244, -1.076, 0.032] m/s^2, bias_gyro=[-0.019, -0.004, 0.001] rad/s
[2026-07-08 20:11:18.143] [odom] [warning] acc_stat ax=0.479 +- 0.244 [min=0.001, max=0.847], ay=-0.658 +- 0.348 [min=-1.077, max=0.015], az=0.026 +- 0.009 [min=0.011, max=0.055] m/s^2
[2026-07-08 20:11:18.143] [odom] [warning] gyro_stat wx=-0.020 +- 0.000 [min=-0.021, max=-0.017], wy=-0.000 +- 0.001 [min=-0.005, max=0.002], wz=0.001 +- 0.000 [min=0.001, max=0.002] rad/s
[2026-07-08 20:11:18.271] [glim] [info] playback speed: 4.034x
[2026-07-08 20:11:19.644] [odom] [warning] IMU prediction is not good.
[2026-07-08 20:11:19.644] [odom] [warning] Possibly T_lidar_imu is not accurate or IMU bias is not well estimated.
[2026-07-08 20:11:19.644] [odom] [warning] IMU validation results:
[2026-07-08 20:11:19.644] [odom] [warning] num_validations=6272
[2026-07-08 20:11:19.644] [odom] [warning] No-IMU errors rot=0.204 +- 0.252 deg, trans=0.019 +- 0.012 m, vel=0.027 +- 0.017 m/s
[2026-07-08 20:11:19.644] [odom] [warning] IMU errors rot=0.063 +- 0.050 deg, trans=0.022 +- 0.014 m, vel=0.063 +- 0.034 m/s
[2026-07-08 20:11:19.644] [odom] [warning] IMU better ratios rot=0.88, trans=0.04, vel=0.12
[2026-07-08 20:11:20.676] [odom] [warning] IMU bias estimation seems inaccurate.
[2026-07-08 20:11:20.676] [odom] [warning] Possibly T_lidar_imu is not accurate or LiDAR-IMU synchronization is not correct.
[2026-07-08 20:11:20.676] [odom] [warning] IMU bias validation results:
[2026-07-08 20:11:20.676] [odom] [warning] num_bias_validations=6720
[2026-07-08 20:11:20.676] [odom] [warning] bias_acc=[0.251, -1.071, 0.031] m/s^2, bias_gyro=[-0.018, -0.004, 0.001] rad/s
[2026-07-08 20:11:20.676] [odom] [warning] acc_stat ax=0.477 +- 0.244 [min=0.001, max=0.847], ay=-0.661 +- 0.349 [min=-1.077, max=0.015], az=0.026 +- 0.009 [min=0.011, max=0.055] m/s^2
[2026-07-08 20:11:20.676] [odom] [warning] gyro_stat wx=-0.020 +- 0.000 [min=-0.021, max=-0.017], wy=-0.000 +- 0.001 [min=-0.005, max=0.002], wz=0.001 +- 0.000 [min=0.001, max=0.002] rad/s
[2026-07-08 20:11:22.389] [odom] [warning] IMU prediction is not good.
[2026-07-08 20:11:22.389] [odom] [warning] Possibly T_lidar_imu is not accurate or IMU bias is not well estimated.
[2026-07-08 20:11:22.389] [odom] [warning] IMU validation results:
[2026-07-08 20:11:22.389] [odom] [warning] num_validations=6336
[2026-07-08 20:11:22.389] [odom] [warning] No-IMU errors rot=0.203 +- 0.251 deg, trans=0.019 +- 0.012 m, vel=0.027 +- 0.017 m/s
[2026-07-08 20:11:22.389] [odom] [warning] IMU errors rot=0.062 +- 0.050 deg, trans=0.022 +- 0.014 m, vel=0.063 +- 0.034 m/s
[2026-07-08 20:11:22.389] [odom] [warning] IMU better ratios rot=0.88, trans=0.04, vel=0.12
[2026-07-08 20:11:22.530] [odom] [warning] IMU bias estimation seems inaccurate.
[2026-07-08 20:11:22.530] [odom] [warning] Possibly T_lidar_imu is not accurate or LiDAR-IMU synchronization is not correct.
[2026-07-08 20:11:22.530] [odom] [warning] IMU bias validation results:
[2026-07-08 20:11:22.530] [odom] [warning] num_bias_validations=6784
[2026-07-08 20:11:22.530] [odom] [warning] bias_acc=[0.261, -1.066, 0.030] m/s^2, bias_gyro=[-0.019, -0.004, 0.001] rad/s
[2026-07-08 20:11:22.530] [odom] [warning] acc_stat ax=0.475 +- 0.244 [min=0.001, max=0.847], ay=-0.665 +- 0.349 [min=-1.077, max=0.015], az=0.026 +- 0.009 [min=0.011, max=0.055] m/s^2
[2026-07-08 20:11:22.530] [odom] [warning] gyro_stat wx=-0.020 +- 0.000 [min=-0.021, max=-0.017], wy=-0.000 +- 0.001 [min=-0.005, max=0.002], wz=0.001 +- 0.000 [min=0.001, max=0.002] rad/s
[2026-07-08 20:11:23.299] [glim] [info] playback speed: 3.147x
[2026-07-08 20:11:23.726] [odom] [warning] IMU prediction is not good.
[2026-07-08 20:11:23.726] [odom] [warning] Possibly T_lidar_imu is not accurate or IMU bias is not well estimated.
[2026-07-08 20:11:23.726] [odom] [warning] IMU validation results:
[2026-07-08 20:11:23.726] [odom] [warning] num_validations=6400
[2026-07-08 20:11:23.726] [odom] [warning] No-IMU errors rot=0.202 +- 0.250 deg, trans=0.019 +- 0.012 m, vel=0.027 +- 0.017 m/s
[2026-07-08 20:11:23.726] [odom] [warning] IMU errors rot=0.062 +- 0.049 deg, trans=0.022 +- 0.013 m, vel=0.063 +- 0.034 m/s
[2026-07-08 20:11:23.726] [odom] [warning] IMU better ratios rot=0.88, trans=0.04, vel=0.12
[2026-07-08 20:11:24.703] [odom] [warning] IMU bias estimation seems inaccurate.
[2026-07-08 20:11:24.703] [odom] [warning] Possibly T_lidar_imu is not accurate or LiDAR-IMU synchronization is not correct.
[2026-07-08 20:11:24.703] [odom] [warning] IMU bias validation results:
[2026-07-08 20:11:24.703] [odom] [warning] num_bias_validations=6848
[2026-07-08 20:11:24.703] [odom] [warning] bias_acc=[0.272, -1.062, 0.029] m/s^2, bias_gyro=[-0.019, -0.003, 0.001] rad/s
[2026-07-08 20:11:24.703] [odom] [warning] acc_stat ax=0.473 +- 0.243 [min=0.001, max=0.847], ay=-0.669 +- 0.350 [min=-1.077, max=0.015], az=0.026 +- 0.009 [min=0.011, max=0.055] m/s^2
[2026-07-08 20:11:24.703] [odom] [warning] gyro_stat wx=-0.020 +- 0.000 [min=-0.021, max=-0.017], wy=-0.000 +- 0.001 [min=-0.005, max=0.002], wz=0.001 +- 0.000 [min=0.001, max=0.002] rad/s
[2026-07-08 20:11:26.977] [odom] [warning] IMU prediction is not good.
[2026-07-08 20:11:26.977] [odom] [warning] Possibly T_lidar_imu is not accurate or IMU bias is not well estimated.
[2026-07-08 20:11:26.977] [odom] [warning] IMU validation results:
[2026-07-08 20:11:26.977] [odom] [warning] num_validations=6464
[2026-07-08 20:11:26.977] [odom] [warning] No-IMU errors rot=0.203 +- 0.250 deg, trans=0.019 +- 0.012 m, vel=0.027 +- 0.017 m/s
[2026-07-08 20:11:26.977] [odom] [warning] IMU errors rot=0.062 +- 0.049 deg, trans=0.022 +- 0.013 m, vel=0.062 +- 0.033 m/s
[2026-07-08 20:11:26.977] [odom] [warning] IMU better ratios rot=0.88, trans=0.04, vel=0.12
[2026-07-08 20:11:28.050] [odom] [warning] IMU bias estimation seems inaccurate.
[2026-07-08 20:11:28.050] [odom] [warning] Possibly T_lidar_imu is not accurate or LiDAR-IMU synchronization is not correct.
[2026-07-08 20:11:28.050] [odom] [warning] IMU bias validation results:
[2026-07-08 20:11:28.050] [odom] [warning] num_bias_validations=6912
[2026-07-08 20:11:28.050] [odom] [warning] bias_acc=[0.281, -1.055, 0.028] m/s^2, bias_gyro=[-0.019, -0.002, 0.001] rad/s
[2026-07-08 20:11:28.050] [odom] [warning] acc_stat ax=0.471 +- 0.243 [min=0.001, max=0.847], ay=-0.673 +- 0.350 [min=-1.077, max=0.015], az=0.026 +- 0.009 [min=0.011, max=0.055] m/s^2
[2026-07-08 20:11:28.050] [odom] [warning] gyro_stat wx=-0.020 +- 0.000 [min=-0.021, max=-0.017], wy=-0.000 +- 0.001 [min=-0.005, max=0.002], wz=0.001 +- 0.000 [min=0.001, max=0.002] rad/s
[2026-07-08 20:11:28.299] [glim] [info] playback speed: 2.132x
[2026-07-08 20:11:30.161] [odom] [warning] IMU prediction is not good.
[2026-07-08 20:11:30.161] [odom] [warning] Possibly T_lidar_imu is not accurate or IMU bias is not well estimated.
[2026-07-08 20:11:30.161] [odom] [warning] IMU validation results:
[2026-07-08 20:11:30.161] [odom] [warning] num_validations=6528
[2026-07-08 20:11:30.161] [odom] [warning] No-IMU errors rot=0.201 +- 0.249 deg, trans=0.019 +- 0.012 m, vel=0.027 +- 0.017 m/s
[2026-07-08 20:11:30.161] [odom] [warning] IMU errors rot=0.062 +- 0.049 deg, trans=0.022 +- 0.013 m, vel=0.062 +- 0.033 m/s
[2026-07-08 20:11:30.161] [odom] [warning] IMU better ratios rot=0.87, trans=0.04, vel=0.12
[2026-07-08 20:11:31.160] [odom] [warning] IMU bias estimation seems inaccurate.
[2026-07-08 20:11:31.160] [odom] [warning] Possibly T_lidar_imu is not accurate or LiDAR-IMU synchronization is not correct.
[2026-07-08 20:11:31.160] [odom] [warning] IMU bias validation results:
[2026-07-08 20:11:31.160] [odom] [warning] num_bias_validations=6976
[2026-07-08 20:11:31.160] [odom] [warning] bias_acc=[0.289, -1.048, 0.027] m/s^2, bias_gyro=[-0.019, -0.002, 0.001] rad/s
[2026-07-08 20:11:31.160] [odom] [warning] acc_stat ax=0.469 +- 0.242 [min=0.001, max=0.847], ay=-0.676 +- 0.350 [min=-1.077, max=0.015], az=0.026 +- 0.009 [min=0.011, max=0.055] m/s^2
[2026-07-08 20:11:31.160] [odom] [warning] gyro_stat wx=-0.020 +- 0.000 [min=-0.021, max=-0.017], wy=-0.000 +- 0.001 [min=-0.005, max=0.002], wz=0.001 +- 0.000 [min=0.001, max=0.002] rad/s
[2026-07-08 20:11:33.308] [glim] [info] playback speed: 2.064x
[2026-07-08 20:11:33.318] [odom] [warning] IMU prediction is not good.
[2026-07-08 20:11:33.318] [odom] [warning] Possibly T_lidar_imu is not accurate or IMU bias is not well estimated.
[2026-07-08 20:11:33.318] [odom] [warning] IMU validation results:
[2026-07-08 20:11:33.318] [odom] [warning] num_validations=6592
[2026-07-08 20:11:33.318] [odom] [warning] No-IMU errors rot=0.201 +- 0.249 deg, trans=0.019 +- 0.012 m, vel=0.026 +- 0.017 m/s
[2026-07-08 20:11:33.318] [odom] [warning] IMU errors rot=0.062 +- 0.049 deg, trans=0.022 +- 0.013 m, vel=0.062 +- 0.033 m/s
[2026-07-08 20:11:33.318] [odom] [warning] IMU better ratios rot=0.87, trans=0.04, vel=0.12
[2026-07-08 20:11:33.483] [odom] [warning] IMU bias estimation seems inaccurate.
[2026-07-08 20:11:33.483] [odom] [warning] Possibly T_lidar_imu is not accurate or LiDAR-IMU synchronization is not correct.
[2026-07-08 20:11:33.483] [odom] [warning] IMU bias validation results:
[2026-07-08 20:11:33.483] [odom] [warning] num_bias_validations=7040
[2026-07-08 20:11:33.483] [odom] [warning] bias_acc=[0.299, -1.042, 0.026] m/s^2, bias_gyro=[-0.019, -0.002, 0.001] rad/s
[2026-07-08 20:11:33.483] [odom] [warning] acc_stat ax=0.468 +- 0.242 [min=0.001, max=0.847], ay=-0.679 +- 0.351 [min=-1.077, max=0.015], az=0.026 +- 0.009 [min=0.011, max=0.055] m/s^2
[2026-07-08 20:11:33.483] [odom] [warning] gyro_stat wx=-0.020 +- 0.000 [min=-0.021, max=-0.017], wy=-0.000 +- 0.001 [min=-0.005, max=0.002], wz=0.001 +- 0.000 [min=0.001, max=0.002] rad/s
[2026-07-08 20:11:34.344] [odom] [warning] IMU prediction is not good.
[2026-07-08 20:11:34.344] [odom] [warning] Possibly T_lidar_imu is not accurate or IMU bias is not well estimated.
[2026-07-08 20:11:34.344] [odom] [warning] IMU validation results:
[2026-07-08 20:11:34.344] [odom] [warning] num_validations=6656
[2026-07-08 20:11:34.344] [odom] [warning] No-IMU errors rot=0.200 +- 0.248 deg, trans=0.019 +- 0.012 m, vel=0.026 +- 0.017 m/s
[2026-07-08 20:11:34.344] [odom] [warning] IMU errors rot=0.062 +- 0.049 deg, trans=0.022 +- 0.013 m, vel=0.062 +- 0.033 m/s
[2026-07-08 20:11:34.344] [odom] [warning] IMU better ratios rot=0.87, trans=0.04, vel=0.11
[2026-07-08 20:11:35.074] [odom] [warning] IMU bias estimation seems inaccurate.
[2026-07-08 20:11:35.074] [odom] [warning] Possibly T_lidar_imu is not accurate or LiDAR-IMU synchronization is not correct.
[2026-07-08 20:11:35.074] [odom] [warning] IMU bias validation results:
[2026-07-08 20:11:35.074] [odom] [warning] num_bias_validations=7104
[2026-07-08 20:11:35.074] [odom] [warning] bias_acc=[0.310, -1.036, 0.025] m/s^2, bias_gyro=[-0.019, -0.002, 0.001] rad/s
[2026-07-08 20:11:35.074] [odom] [warning] acc_stat ax=0.466 +- 0.241 [min=0.001, max=0.847], ay=-0.683 +- 0.351 [min=-1.077, max=0.015], az=0.026 +- 0.009 [min=0.011, max=0.055] m/s^2
[2026-07-08 20:11:35.074] [odom] [warning] gyro_stat wx=-0.020 +- 0.000 [min=-0.021, max=-0.017], wy=-0.000 +- 0.001 [min=-0.005, max=0.002], wz=0.001 +- 0.000 [min=0.001, max=0.002] rad/s
[2026-07-08 20:11:36.111] [odom] [warning] IMU prediction is not good.
[2026-07-08 20:11:36.111] [odom] [warning] Possibly T_lidar_imu is not accurate or IMU bias is not well estimated.
[2026-07-08 20:11:36.111] [odom] [warning] IMU validation results:
[2026-07-08 20:11:36.111] [odom] [warning] num_validations=6720
[2026-07-08 20:11:36.111] [odom] [warning] No-IMU errors rot=0.201 +- 0.247 deg, trans=0.019 +- 0.012 m, vel=0.026 +- 0.017 m/s
[2026-07-08 20:11:36.111] [odom] [warning] IMU errors rot=0.062 +- 0.049 deg, trans=0.022 +- 0.013 m, vel=0.062 +- 0.033 m/s
[2026-07-08 20:11:36.111] [odom] [warning] IMU better ratios rot=0.87, trans=0.04, vel=0.11
[2026-07-08 20:11:36.922] [odom] [warning] IMU bias estimation seems inaccurate.
[2026-07-08 20:11:36.922] [odom] [warning] Possibly T_lidar_imu is not accurate or LiDAR-IMU synchronization is not correct.
[2026-07-08 20:11:36.922] [odom] [warning] IMU bias validation results:
[2026-07-08 20:11:36.922] [odom] [warning] num_bias_validations=7168
[2026-07-08 20:11:36.922] [odom] [warning] bias_acc=[0.318, -1.029, 0.023] m/s^2, bias_gyro=[-0.019, -0.001, 0.001] rad/s
[2026-07-08 20:11:36.922] [odom] [warning] acc_stat ax=0.465 +- 0.241 [min=0.001, max=0.847], ay=-0.686 +- 0.351 [min=-1.077, max=0.015], az=0.026 +- 0.009 [min=0.011, max=0.055] m/s^2
[2026-07-08 20:11:36.922] [odom] [warning] gyro_stat wx=-0.020 +- 0.000 [min=-0.021, max=-0.017], wy=-0.000 +- 0.001 [min=-0.005, max=0.002], wz=0.001 +- 0.000 [min=0.001, max=0.002] rad/s
[2026-07-08 20:11:37.509] [odom] [warning] IMU prediction is not good.
[2026-07-08 20:11:37.509] [odom] [warning] Possibly T_lidar_imu is not accurate or IMU bias is not well estimated.
[2026-07-08 20:11:37.509] [odom] [warning] IMU validation results:
[2026-07-08 20:11:37.509] [odom] [warning] num_validations=6784
[2026-07-08 20:11:37.509] [odom] [warning] No-IMU errors rot=0.200 +- 0.246 deg, trans=0.019 +- 0.012 m, vel=0.026 +- 0.017 m/s
[2026-07-08 20:11:37.509] [odom] [warning] IMU errors rot=0.062 +- 0.049 deg, trans=0.022 +- 0.013 m, vel=0.062 +- 0.033 m/s
[2026-07-08 20:11:37.509] [odom] [warning] IMU better ratios rot=0.87, trans=0.04, vel=0.11
[2026-07-08 20:11:38.113] [odom] [warning] IMU bias estimation seems inaccurate.
[2026-07-08 20:11:38.113] [odom] [warning] Possibly T_lidar_imu is not accurate or LiDAR-IMU synchronization is not correct.
[2026-07-08 20:11:38.113] [odom] [warning] IMU bias validation results:
[2026-07-08 20:11:38.113] [odom] [warning] num_bias_validations=7232
[2026-07-08 20:11:38.113] [odom] [warning] bias_acc=[0.327, -1.023, 0.022] m/s^2, bias_gyro=[-0.019, -0.001, 0.001] rad/s
[2026-07-08 20:11:38.113] [odom] [warning] acc_stat ax=0.464 +- 0.240 [min=0.001, max=0.847], ay=-0.689 +- 0.350 [min=-1.077, max=0.015], az=0.026 +- 0.009 [min=0.011, max=0.055] m/s^2
[2026-07-08 20:11:38.113] [odom] [warning] gyro_stat wx=-0.020 +- 0.000 [min=-0.021, max=-0.017], wy=-0.000 +- 0.001 [min=-0.005, max=0.002], wz=0.001 +- 0.000 [min=0.001, max=0.002] rad/s
[2026-07-08 20:11:38.342] [glim] [info] playback speed: 4.353x
[2026-07-08 20:11:39.816] [odom] [warning] IMU prediction is not good.
[2026-07-08 20:11:39.816] [odom] [warning] Possibly T_lidar_imu is not accurate or IMU bias is not well estimated.
[2026-07-08 20:11:39.816] [odom] [warning] IMU validation results:
[2026-07-08 20:11:39.816] [odom] [warning] num_validations=6848
[2026-07-08 20:11:39.816] [odom] [warning] No-IMU errors rot=0.200 +- 0.245 deg, trans=0.019 +- 0.012 m, vel=0.026 +- 0.017 m/s
[2026-07-08 20:11:39.816] [odom] [warning] IMU errors rot=0.062 +- 0.049 deg, trans=0.022 +- 0.013 m, vel=0.062 +- 0.033 m/s
[2026-07-08 20:11:39.816] [odom] [warning] IMU better ratios rot=0.87, trans=0.04, vel=0.11
[2026-07-08 20:11:40.626] [odom] [warning] IMU bias estimation seems inaccurate.
[2026-07-08 20:11:40.626] [odom] [warning] Possibly T_lidar_imu is not accurate or LiDAR-IMU synchronization is not correct.
[2026-07-08 20:11:40.626] [odom] [warning] IMU bias validation results:
[2026-07-08 20:11:40.626] [odom] [warning] num_bias_validations=7296
[2026-07-08 20:11:40.626] [odom] [warning] bias_acc=[0.333, -1.016, 0.021] m/s^2, bias_gyro=[-0.020, -0.000, 0.002] rad/s
[2026-07-08 20:11:40.626] [odom] [warning] acc_stat ax=0.463 +- 0.239 [min=0.001, max=0.847], ay=-0.691 +- 0.350 [min=-1.077, max=0.015], az=0.026 +- 0.009 [min=0.011, max=0.055] m/s^2
[2026-07-08 20:11:40.626] [odom] [warning] gyro_stat wx=-0.020 +- 0.000 [min=-0.021, max=-0.017], wy=-0.000 +- 0.001 [min=-0.005, max=0.002], wz=0.001 +- 0.000 [min=0.001, max=0.002] rad/s
[2026-07-08 20:11:41.903] [odom] [warning] IMU prediction is not good.
[2026-07-08 20:11:41.903] [odom] [warning] Possibly T_lidar_imu is not accurate or IMU bias is not well estimated.
[2026-07-08 20:11:41.903] [odom] [warning] IMU validation results:
[2026-07-08 20:11:41.903] [odom] [warning] num_validations=6912
[2026-07-08 20:11:41.903] [odom] [warning] No-IMU errors rot=0.199 +- 0.244 deg, trans=0.019 +- 0.012 m, vel=0.026 +- 0.017 m/s
[2026-07-08 20:11:41.903] [odom] [warning] IMU errors rot=0.062 +- 0.049 deg, trans=0.021 +- 0.013 m, vel=0.061 +- 0.033 m/s
[2026-07-08 20:11:41.903] [odom] [warning] IMU better ratios rot=0.87, trans=0.04, vel=0.11
[2026-07-08 20:11:42.727] [odom] [warning] IMU bias estimation seems inaccurate.
[2026-07-08 20:11:42.727] [odom] [warning] Possibly T_lidar_imu is not accurate or LiDAR-IMU synchronization is not correct.
[2026-07-08 20:11:42.727] [odom] [warning] IMU bias validation results:
[2026-07-08 20:11:42.727] [odom] [warning] num_bias_validations=7360
[2026-07-08 20:11:42.727] [odom] [warning] bias_acc=[0.339, -1.009, 0.021] m/s^2, bias_gyro=[-0.020, -0.001, 0.001] rad/s
[2026-07-08 20:11:42.727] [odom] [warning] acc_stat ax=0.462 +- 0.238 [min=0.001, max=0.847], ay=-0.694 +- 0.350 [min=-1.077, max=0.015], az=0.026 +- 0.009 [min=0.011, max=0.055] m/s^2
[2026-07-08 20:11:42.727] [odom] [warning] gyro_stat wx=-0.020 +- 0.000 [min=-0.021, max=-0.017], wy=-0.000 +- 0.001 [min=-0.005, max=0.002], wz=0.001 +- 0.000 [min=0.001, max=0.002] rad/s
[2026-07-08 20:11:43.370] [glim] [info] playback speed: 2.865x
[2026-07-08 20:11:44.253] [odom] [warning] IMU prediction is not good.
[2026-07-08 20:11:44.253] [odom] [warning] Possibly T_lidar_imu is not accurate or IMU bias is not well estimated.
[2026-07-08 20:11:44.253] [odom] [warning] IMU validation results:
[2026-07-08 20:11:44.253] [odom] [warning] num_validations=6976
[2026-07-08 20:11:44.253] [odom] [warning] No-IMU errors rot=0.199 +- 0.244 deg, trans=0.019 +- 0.012 m, vel=0.026 +- 0.017 m/s
[2026-07-08 20:11:44.253] [odom] [warning] IMU errors rot=0.062 +- 0.049 deg, trans=0.021 +- 0.013 m, vel=0.061 +- 0.033 m/s
[2026-07-08 20:11:44.253] [odom] [warning] IMU better ratios rot=0.87, trans=0.04, vel=0.11
[2026-07-08 20:11:44.707] [odom] [warning] IMU bias estimation seems inaccurate.
[2026-07-08 20:11:44.707] [odom] [warning] Possibly T_lidar_imu is not accurate or LiDAR-IMU synchronization is not correct.
[2026-07-08 20:11:44.707] [odom] [warning] IMU bias validation results:
[2026-07-08 20:11:44.707] [odom] [warning] num_bias_validations=7424
[2026-07-08 20:11:44.707] [odom] [warning] bias_acc=[0.344, -1.002, 0.020] m/s^2, bias_gyro=[-0.020, -0.000, 0.002] rad/s
[2026-07-08 20:11:44.707] [odom] [warning] acc_stat ax=0.461 +- 0.238 [min=0.001, max=0.847], ay=-0.697 +- 0.350 [min=-1.077, max=0.015], az=0.026 +- 0.009 [min=0.011, max=0.055] m/s^2
[2026-07-08 20:11:44.707] [odom] [warning] gyro_stat wx=-0.020 +- 0.000 [min=-0.021, max=-0.017], wy=-0.000 +- 0.001 [min=-0.005, max=0.002], wz=0.001 +- 0.000 [min=0.001, max=0.002] rad/s
[2026-07-08 20:11:45.959] [odom] [warning] IMU prediction is not good.
[2026-07-08 20:11:45.959] [odom] [warning] Possibly T_lidar_imu is not accurate or IMU bias is not well estimated.
[2026-07-08 20:11:45.959] [odom] [warning] IMU validation results:
[2026-07-08 20:11:45.959] [odom] [warning] num_validations=7040
[2026-07-08 20:11:45.959] [odom] [warning] No-IMU errors rot=0.199 +- 0.243 deg, trans=0.019 +- 0.012 m, vel=0.026 +- 0.017 m/s
[2026-07-08 20:11:45.959] [odom] [warning] IMU errors rot=0.062 +- 0.049 deg, trans=0.021 +- 0.013 m, vel=0.061 +- 0.032 m/s
[2026-07-08 20:11:45.959] [odom] [warning] IMU better ratios rot=0.87, trans=0.04, vel=0.11
[2026-07-08 20:11:46.300] [odom] [warning] IMU bias estimation seems inaccurate.
[2026-07-08 20:11:46.300] [odom] [warning] Possibly T_lidar_imu is not accurate or LiDAR-IMU synchronization is not correct.
[2026-07-08 20:11:46.300] [odom] [warning] IMU bias validation results:
[2026-07-08 20:11:46.300] [odom] [warning] num_bias_validations=7488
[2026-07-08 20:11:46.300] [odom] [warning] bias_acc=[0.351, -0.997, 0.019] m/s^2, bias_gyro=[-0.020, -0.000, 0.002] rad/s
[2026-07-08 20:11:46.300] [odom] [warning] acc_stat ax=0.460 +- 0.237 [min=0.001, max=0.847], ay=-0.699 +- 0.349 [min=-1.077, max=0.015], az=0.026 +- 0.009 [min=0.011, max=0.055] m/s^2
[2026-07-08 20:11:46.300] [odom] [warning] gyro_stat wx=-0.020 +- 0.000 [min=-0.021, max=-0.017], wy=-0.000 +- 0.001 [min=-0.005, max=0.002], wz=0.001 +- 0.000 [min=0.001, max=0.002] rad/s
[2026-07-08 20:11:47.483] [odom] [warning] IMU prediction is not good.
[2026-07-08 20:11:47.483] [odom] [warning] Possibly T_lidar_imu is not accurate or IMU bias is not well estimated.
[2026-07-08 20:11:47.483] [odom] [warning] IMU validation results:
[2026-07-08 20:11:47.483] [odom] [warning] num_validations=7104
[2026-07-08 20:11:47.483] [odom] [warning] No-IMU errors rot=0.200 +- 0.244 deg, trans=0.019 +- 0.012 m, vel=0.026 +- 0.018 m/s
[2026-07-08 20:11:47.483] [odom] [warning] IMU errors rot=0.062 +- 0.050 deg, trans=0.021 +- 0.013 m, vel=0.061 +- 0.032 m/s
[2026-07-08 20:11:47.483] [odom] [warning] IMU better ratios rot=0.87, trans=0.04, vel=0.12
[2026-07-08 20:11:47.624] [odom] [warning] IMU bias estimation seems inaccurate.
[2026-07-08 20:11:47.624] [odom] [warning] Possibly T_lidar_imu is not accurate or LiDAR-IMU synchronization is not correct.
[2026-07-08 20:11:47.624] [odom] [warning] IMU bias validation results:
[2026-07-08 20:11:47.624] [odom] [warning] num_bias_validations=7552
[2026-07-08 20:11:47.624] [odom] [warning] bias_acc=[0.353, -0.992, 0.019] m/s^2, bias_gyro=[-0.020, 0.000, 0.002] rad/s
[2026-07-08 20:11:47.624] [odom] [warning] acc_stat ax=0.459 +- 0.236 [min=0.001, max=0.847], ay=-0.702 +- 0.349 [min=-1.077, max=0.015], az=0.026 +- 0.009 [min=0.011, max=0.055] m/s^2
[2026-07-08 20:11:47.624] [odom] [warning] gyro_stat wx=-0.020 +- 0.000 [min=-0.021, max=-0.017], wy=-0.000 +- 0.001 [min=-0.005, max=0.002], wz=0.001 +- 0.000 [min=0.001, max=0.002] rad/s
[2026-07-08 20:11:48.370] [glim] [info] playback speed: 4.155x
[2026-07-08 20:11:48.726] [odom] [warning] IMU prediction is not good.
[2026-07-08 20:11:48.726] [odom] [warning] Possibly T_lidar_imu is not accurate or IMU bias is not well estimated.
[2026-07-08 20:11:48.726] [odom] [warning] IMU validation results:
[2026-07-08 20:11:48.726] [odom] [warning] num_validations=7168
[2026-07-08 20:11:48.726] [odom] [warning] No-IMU errors rot=0.200 +- 0.243 deg, trans=0.019 +- 0.011 m, vel=0.026 +- 0.018 m/s
[2026-07-08 20:11:48.726] [odom] [warning] IMU errors rot=0.062 +- 0.049 deg, trans=0.021 +- 0.013 m, vel=0.060 +- 0.032 m/s
[2026-07-08 20:11:48.726] [odom] [warning] IMU better ratios rot=0.87, trans=0.04, vel=0.12
[2026-07-08 20:11:49.238] [odom] [warning] IMU bias estimation seems inaccurate.
[2026-07-08 20:11:49.238] [odom] [warning] Possibly T_lidar_imu is not accurate or LiDAR-IMU synchronization is not correct.
[2026-07-08 20:11:49.238] [odom] [warning] IMU bias validation results:
[2026-07-08 20:11:49.238] [odom] [warning] num_bias_validations=7616
[2026-07-08 20:11:49.238] [odom] [warning] bias_acc=[0.355, -0.986, 0.019] m/s^2, bias_gyro=[-0.020, 0.000, 0.002] rad/s
[2026-07-08 20:11:49.238] [odom] [warning] acc_stat ax=0.458 +- 0.235 [min=0.001, max=0.847], ay=-0.704 +- 0.348 [min=-1.077, max=0.015], az=0.025 +- 0.009 [min=0.011, max=0.055] m/s^2
[2026-07-08 20:11:49.238] [odom] [warning] gyro_stat wx=-0.020 +- 0.000 [min=-0.021, max=-0.017], wy=-0.000 +- 0.001 [min=-0.005, max=0.002], wz=0.001 +- 0.000 [min=0.001, max=0.002] rad/s
[2026-07-08 20:11:50.167] [odom] [warning] IMU prediction is not good.
[2026-07-08 20:11:50.167] [odom] [warning] Possibly T_lidar_imu is not accurate or IMU bias is not well estimated.
[2026-07-08 20:11:50.167] [odom] [warning] IMU validation results:
[2026-07-08 20:11:50.167] [odom] [warning] num_validations=7232
[2026-07-08 20:11:50.167] [odom] [warning] No-IMU errors rot=0.199 +- 0.243 deg, trans=0.018 +- 0.011 m, vel=0.026 +- 0.018 m/s
[2026-07-08 20:11:50.167] [odom] [warning] IMU errors rot=0.062 +- 0.049 deg, trans=0.021 +- 0.013 m, vel=0.060 +- 0.032 m/s
[2026-07-08 20:11:50.167] [odom] [warning] IMU better ratios rot=0.87, trans=0.04, vel=0.12
[2026-07-08 20:11:50.711] [odom] [warning] IMU bias estimation seems inaccurate.
[2026-07-08 20:11:50.712] [odom] [warning] Possibly T_lidar_imu is not accurate or LiDAR-IMU synchronization is not correct.
[2026-07-08 20:11:50.712] [odom] [warning] IMU bias validation results:
[2026-07-08 20:11:50.712] [odom] [warning] num_bias_validations=7680
[2026-07-08 20:11:50.712] [odom] [warning] bias_acc=[0.358, -0.980, 0.019] m/s^2, bias_gyro=[-0.020, 0.000, 0.002] rad/s
[2026-07-08 20:11:50.712] [odom] [warning] acc_stat ax=0.457 +- 0.234 [min=0.001, max=0.847], ay=-0.707 +- 0.348 [min=-1.077, max=0.015], az=0.025 +- 0.009 [min=0.011, max=0.055] m/s^2
[2026-07-08 20:11:50.712] [odom] [warning] gyro_stat wx=-0.020 +- 0.000 [min=-0.021, max=-0.017], wy=-0.000 +- 0.001 [min=-0.005, max=0.002], wz=0.001 +- 0.000 [min=0.001, max=0.002] rad/s
[2026-07-08 20:11:51.505] [odom] [warning] IMU prediction is not good.
[2026-07-08 20:11:51.505] [odom] [warning] Possibly T_lidar_imu is not accurate or IMU bias is not well estimated.
[2026-07-08 20:11:51.505] [odom] [warning] IMU validation results:
[2026-07-08 20:11:51.505] [odom] [warning] num_validations=7296
[2026-07-08 20:11:51.505] [odom] [warning] No-IMU errors rot=0.199 +- 0.242 deg, trans=0.018 +- 0.011 m, vel=0.026 +- 0.018 m/s
[2026-07-08 20:11:51.505] [odom] [warning] IMU errors rot=0.062 +- 0.049 deg, trans=0.021 +- 0.013 m, vel=0.060 +- 0.032 m/s
[2026-07-08 20:11:51.505] [odom] [warning] IMU better ratios rot=0.87, trans=0.04, vel=0.12
[2026-07-08 20:11:52.110] [odom] [warning] IMU bias estimation seems inaccurate.
[2026-07-08 20:11:52.110] [odom] [warning] Possibly T_lidar_imu is not accurate or LiDAR-IMU synchronization is not correct.
[2026-07-08 20:11:52.110] [odom] [warning] IMU bias validation results:
[2026-07-08 20:11:52.110] [odom] [warning] num_bias_validations=7744
[2026-07-08 20:11:52.110] [odom] [warning] bias_acc=[0.360, -0.975, 0.018] m/s^2, bias_gyro=[-0.020, 0.001, 0.002] rad/s
[2026-07-08 20:11:52.110] [odom] [warning] acc_stat ax=0.456 +- 0.234 [min=0.001, max=0.847], ay=-0.709 +- 0.347 [min=-1.077, max=0.015], az=0.025 +- 0.009 [min=0.011, max=0.055] m/s^2
[2026-07-08 20:11:52.110] [odom] [warning] gyro_stat wx=-0.020 +- 0.000 [min=-0.021, max=-0.017], wy=-0.000 +- 0.001 [min=-0.005, max=0.002], wz=0.001 +- 0.000 [min=0.001, max=0.002] rad/s
[2026-07-08 20:11:53.141] [odom] [warning] IMU prediction is not good.
[2026-07-08 20:11:53.141] [odom] [warning] Possibly T_lidar_imu is not accurate or IMU bias is not well estimated.
[2026-07-08 20:11:53.141] [odom] [warning] IMU validation results:
[2026-07-08 20:11:53.141] [odom] [warning] num_validations=7360
[2026-07-08 20:11:53.141] [odom] [warning] No-IMU errors rot=0.201 +- 0.243 deg, trans=0.018 +- 0.011 m, vel=0.026 +- 0.018 m/s
[2026-07-08 20:11:53.141] [odom] [warning] IMU errors rot=0.063 +- 0.049 deg, trans=0.021 +- 0.013 m, vel=0.060 +- 0.032 m/s
[2026-07-08 20:11:53.141] [odom] [warning] IMU better ratios rot=0.87, trans=0.05, vel=0.12
[2026-07-08 20:11:53.385] [glim] [info] playback speed: 4.231x
[2026-07-08 20:11:53.794] [odom] [warning] IMU bias estimation seems inaccurate.
[2026-07-08 20:11:53.794] [odom] [warning] Possibly T_lidar_imu is not accurate or LiDAR-IMU synchronization is not correct.
[2026-07-08 20:11:53.794] [odom] [warning] IMU bias validation results:
[2026-07-08 20:11:53.794] [odom] [warning] num_bias_validations=7808
[2026-07-08 20:11:53.794] [odom] [warning] bias_acc=[0.362, -0.971, 0.018] m/s^2, bias_gyro=[-0.019, -0.000, 0.002] rad/s
[2026-07-08 20:11:53.794] [odom] [warning] acc_stat ax=0.456 +- 0.233 [min=0.001, max=0.847], ay=-0.711 +- 0.346 [min=-1.077, max=0.015], az=0.025 +- 0.009 [min=0.011, max=0.055] m/s^2
[2026-07-08 20:11:53.794] [odom] [warning] gyro_stat wx=-0.020 +- 0.000 [min=-0.021, max=-0.017], wy=-0.000 +- 0.001 [min=-0.005, max=0.002], wz=0.001 +- 0.000 [min=0.001, max=0.002] rad/s
[2026-07-08 20:11:54.344] [odom] [warning] IMU prediction is not good.
[2026-07-08 20:11:54.344] [odom] [warning] Possibly T_lidar_imu is not accurate or IMU bias is not well estimated.
[2026-07-08 20:11:54.344] [odom] [warning] IMU validation results:
[2026-07-08 20:11:54.344] [odom] [warning] num_validations=7424
[2026-07-08 20:11:54.344] [odom] [warning] No-IMU errors rot=0.202 +- 0.243 deg, trans=0.018 +- 0.011 m, vel=0.026 +- 0.018 m/s
[2026-07-08 20:11:54.344] [odom] [warning] IMU errors rot=0.063 +- 0.049 deg, trans=0.021 +- 0.013 m, vel=0.059 +- 0.032 m/s
[2026-07-08 20:11:54.344] [odom] [warning] IMU better ratios rot=0.87, trans=0.05, vel=0.12
[2026-07-08 20:11:54.771] [odom] [warning] IMU bias estimation seems inaccurate.
[2026-07-08 20:11:54.771] [odom] [warning] Possibly T_lidar_imu is not accurate or LiDAR-IMU synchronization is not correct.
[2026-07-08 20:11:54.771] [odom] [warning] IMU bias validation results:
[2026-07-08 20:11:54.771] [odom] [warning] num_bias_validations=7872
[2026-07-08 20:11:54.771] [odom] [warning] bias_acc=[0.365, -0.964, 0.017] m/s^2, bias_gyro=[-0.020, 0.001, 0.002] rad/s
[2026-07-08 20:11:54.771] [odom] [warning] acc_stat ax=0.455 +- 0.232 [min=0.001, max=0.847], ay=-0.713 +- 0.346 [min=-1.077, max=0.015], az=0.025 +- 0.009 [min=0.011, max=0.055] m/s^2
[2026-07-08 20:11:54.771] [odom] [warning] gyro_stat wx=-0.020 +- 0.000 [min=-0.021, max=-0.017], wy=-0.000 +- 0.001 [min=-0.005, max=0.002], wz=0.001 +- 0.000 [min=0.001, max=0.002] rad/s
[2026-07-08 20:11:56.219] [odom] [warning] IMU prediction is not good.
[2026-07-08 20:11:56.219] [odom] [warning] Possibly T_lidar_imu is not accurate or IMU bias is not well estimated.
[2026-07-08 20:11:56.219] [odom] [warning] IMU validation results:
[2026-07-08 20:11:56.219] [odom] [warning] num_validations=7488
[2026-07-08 20:11:56.219] [odom] [warning] No-IMU errors rot=0.201 +- 0.242 deg, trans=0.018 +- 0.011 m, vel=0.026 +- 0.018 m/s
[2026-07-08 20:11:56.219] [odom] [warning] IMU errors rot=0.063 +- 0.049 deg, trans=0.021 +- 0.013 m, vel=0.059 +- 0.032 m/s
[2026-07-08 20:11:56.219] [odom] [warning] IMU better ratios rot=0.87, trans=0.05, vel=0.12
[2026-07-08 20:11:56.678] [odom] [warning] IMU bias estimation seems inaccurate.
[2026-07-08 20:11:56.679] [odom] [warning] Possibly T_lidar_imu is not accurate or LiDAR-IMU synchronization is not correct.
[2026-07-08 20:11:56.679] [odom] [warning] IMU bias validation results:
[2026-07-08 20:11:56.679] [odom] [warning] num_bias_validations=7936
[2026-07-08 20:11:56.679] [odom] [warning] bias_acc=[0.365, -0.959, 0.017] m/s^2, bias_gyro=[-0.020, 0.001, 0.002] rad/s
[2026-07-08 20:11:56.679] [odom] [warning] acc_stat ax=0.454 +- 0.231 [min=0.001, max=0.847], ay=-0.715 +- 0.345 [min=-1.077, max=0.015], az=0.025 +- 0.009 [min=0.011, max=0.055] m/s^2
[2026-07-08 20:11:56.679] [odom] [warning] gyro_stat wx=-0.020 +- 0.000 [min=-0.021, max=-0.017], wy=-0.000 +- 0.001 [min=-0.005, max=0.002], wz=0.001 +- 0.000 [min=0.001, max=0.002] rad/s
[2026-07-08 20:11:57.126] [odom] [warning] IMU prediction is not good.
[2026-07-08 20:11:57.126] [odom] [warning] Possibly T_lidar_imu is not accurate or IMU bias is not well estimated.
[2026-07-08 20:11:57.126] [odom] [warning] IMU validation results:
[2026-07-08 20:11:57.126] [odom] [warning] num_validations=7552
[2026-07-08 20:11:57.126] [odom] [warning] No-IMU errors rot=0.201 +- 0.241 deg, trans=0.018 +- 0.011 m, vel=0.026 +- 0.018 m/s
[2026-07-08 20:11:57.126] [odom] [warning] IMU errors rot=0.063 +- 0.049 deg, trans=0.020 +- 0.013 m, vel=0.059 +- 0.032 m/s
[2026-07-08 20:11:57.126] [odom] [warning] IMU better ratios rot=0.87, trans=0.05, vel=0.12
[2026-07-08 20:11:57.702] [odom] [warning] IMU bias estimation seems inaccurate.
[2026-07-08 20:11:57.702] [odom] [warning] Possibly T_lidar_imu is not accurate or LiDAR-IMU synchronization is not correct.
[2026-07-08 20:11:57.702] [odom] [warning] IMU bias validation results:
[2026-07-08 20:11:57.702] [odom] [warning] num_bias_validations=8000
[2026-07-08 20:11:57.702] [odom] [warning] bias_acc=[0.364, -0.952, 0.017] m/s^2, bias_gyro=[-0.020, 0.001, 0.002] rad/s
[2026-07-08 20:11:57.702] [odom] [warning] acc_stat ax=0.453 +- 0.230 [min=0.001, max=0.847], ay=-0.717 +- 0.344 [min=-1.077, max=0.015], az=0.025 +- 0.009 [min=0.011, max=0.055] m/s^2
[2026-07-08 20:11:57.702] [odom] [warning] gyro_stat wx=-0.020 +- 0.000 [min=-0.021, max=-0.017], wy=-0.000 +- 0.001 [min=-0.005, max=0.002], wz=0.001 +- 0.000 [min=0.001, max=0.002] rad/s
[2026-07-08 20:11:58.389] [glim] [info] playback speed: 4.805x
[2026-07-08 20:11:58.476] [odom] [warning] IMU prediction is not good.
[2026-07-08 20:11:58.476] [odom] [warning] Possibly T_lidar_imu is not accurate or IMU bias is not well estimated.
[2026-07-08 20:11:58.476] [odom] [warning] IMU validation results:
[2026-07-08 20:11:58.476] [odom] [warning] num_validations=7616
[2026-07-08 20:11:58.476] [odom] [warning] No-IMU errors rot=0.201 +- 0.241 deg, trans=0.018 +- 0.011 m, vel=0.026 +- 0.018 m/s
[2026-07-08 20:11:58.476] [odom] [warning] IMU errors rot=0.063 +- 0.049 deg, trans=0.020 +- 0.013 m, vel=0.059 +- 0.032 m/s
[2026-07-08 20:11:58.476] [odom] [warning] IMU better ratios rot=0.87, trans=0.05, vel=0.12
[2026-07-08 20:11:58.666] [odom] [warning] IMU bias estimation seems inaccurate.
[2026-07-08 20:11:58.666] [odom] [warning] Possibly T_lidar_imu is not accurate or LiDAR-IMU synchronization is not correct.
[2026-07-08 20:11:58.666] [odom] [warning] IMU bias validation results:
[2026-07-08 20:11:58.666] [odom] [warning] num_bias_validations=8064
[2026-07-08 20:11:58.666] [odom] [warning] bias_acc=[0.363, -0.948, 0.017] m/s^2, bias_gyro=[-0.020, 0.001, 0.002] rad/s
[2026-07-08 20:11:58.666] [odom] [warning] acc_stat ax=0.453 +- 0.230 [min=0.001, max=0.847], ay=-0.719 +- 0.344 [min=-1.077, max=0.015], az=0.025 +- 0.009 [min=0.011, max=0.055] m/s^2
[2026-07-08 20:11:58.666] [odom] [warning] gyro_stat wx=-0.020 +- 0.000 [min=-0.021, max=-0.017], wy=-0.000 +- 0.001 [min=-0.005, max=0.002], wz=0.001 +- 0.000 [min=0.001, max=0.002] rad/s
[2026-07-08 20:12:00.700] [odom] [warning] IMU prediction is not good.
[2026-07-08 20:12:00.700] [odom] [warning] Possibly T_lidar_imu is not accurate or IMU bias is not well estimated.
[2026-07-08 20:12:00.700] [odom] [warning] IMU validation results:
[2026-07-08 20:12:00.700] [odom] [warning] num_validations=7680
[2026-07-08 20:12:00.700] [odom] [warning] No-IMU errors rot=0.202 +- 0.241 deg, trans=0.018 +- 0.011 m, vel=0.026 +- 0.018 m/s
[2026-07-08 20:12:00.700] [odom] [warning] IMU errors rot=0.063 +- 0.049 deg, trans=0.020 +- 0.013 m, vel=0.059 +- 0.032 m/s
[2026-07-08 20:12:00.700] [odom] [warning] IMU better ratios rot=0.87, trans=0.05, vel=0.12
[2026-07-08 20:12:00.979] [odom] [warning] IMU bias estimation seems inaccurate.
[2026-07-08 20:12:00.979] [odom] [warning] Possibly T_lidar_imu is not accurate or LiDAR-IMU synchronization is not correct.
[2026-07-08 20:12:00.979] [odom] [warning] IMU bias validation results:
[2026-07-08 20:12:00.979] [odom] [warning] num_bias_validations=8128
[2026-07-08 20:12:00.979] [odom] [warning] bias_acc=[0.365, -0.937, 0.017] m/s^2, bias_gyro=[-0.019, 0.000, 0.002] rad/s
[2026-07-08 20:12:00.979] [odom] [warning] acc_stat ax=0.452 +- 0.229 [min=0.001, max=0.847], ay=-0.720 +- 0.343 [min=-1.077, max=0.015], az=0.025 +- 0.009 [min=0.011, max=0.055] m/s^2
[2026-07-08 20:12:00.979] [odom] [warning] gyro_stat wx=-0.020 +- 0.000 [min=-0.021, max=-0.017], wy=-0.000 +- 0.001 [min=-0.005, max=0.002], wz=0.001 +- 0.000 [min=0.001, max=0.002] rad/s
[2026-07-08 20:12:02.244] [odom] [warning] IMU prediction is not good.
[2026-07-08 20:12:02.244] [odom] [warning] Possibly T_lidar_imu is not accurate or IMU bias is not well estimated.
[2026-07-08 20:12:02.244] [odom] [warning] IMU validation results:
[2026-07-08 20:12:02.244] [odom] [warning] num_validations=7744
[2026-07-08 20:12:02.244] [odom] [warning] No-IMU errors rot=0.202 +- 0.241 deg, trans=0.018 +- 0.011 m, vel=0.026 +- 0.018 m/s
[2026-07-08 20:12:02.244] [odom] [warning] IMU errors rot=0.063 +- 0.049 deg, trans=0.020 +- 0.013 m, vel=0.058 +- 0.032 m/s
[2026-07-08 20:12:02.244] [odom] [warning] IMU better ratios rot=0.87, trans=0.05, vel=0.13
[2026-07-08 20:12:02.369] [odom] [warning] IMU bias estimation seems inaccurate.
[2026-07-08 20:12:02.369] [odom] [warning] Possibly T_lidar_imu is not accurate or LiDAR-IMU synchronization is not correct.
[2026-07-08 20:12:02.369] [odom] [warning] IMU bias validation results:
[2026-07-08 20:12:02.369] [odom] [warning] num_bias_validations=8192
[2026-07-08 20:12:02.369] [odom] [warning] bias_acc=[0.368, -0.931, 0.016] m/s^2, bias_gyro=[-0.019, 0.000, 0.002] rad/s
[2026-07-08 20:12:02.369] [odom] [warning] acc_stat ax=0.451 +- 0.228 [min=0.001, max=0.847], ay=-0.722 +- 0.342 [min=-1.077, max=0.015], az=0.025 +- 0.009 [min=0.011, max=0.055] m/s^2
[2026-07-08 20:12:02.369] [odom] [warning] gyro_stat wx=-0.020 +- 0.000 [min=-0.021, max=-0.017], wy=-0.000 +- 0.001 [min=-0.005, max=0.002], wz=0.001 +- 0.000 [min=0.001, max=0.002] rad/s
[2026-07-08 20:12:03.403] [glim] [info] playback speed: 3.966x
[2026-07-08 20:12:03.824] [odom] [warning] IMU prediction is not good.
[2026-07-08 20:12:03.824] [odom] [warning] Possibly T_lidar_imu is not accurate or IMU bias is not well estimated.
[2026-07-08 20:12:03.824] [odom] [warning] IMU validation results:
[2026-07-08 20:12:03.824] [odom] [warning] num_validations=7808
[2026-07-08 20:12:03.824] [odom] [warning] No-IMU errors rot=0.203 +- 0.241 deg, trans=0.018 +- 0.011 m, vel=0.026 +- 0.018 m/s
[2026-07-08 20:12:03.824] [odom] [warning] IMU errors rot=0.063 +- 0.049 deg, trans=0.020 +- 0.013 m, vel=0.058 +- 0.032 m/s
[2026-07-08 20:12:03.824] [odom] [warning] IMU better ratios rot=0.87, trans=0.05, vel=0.13
[2026-07-08 20:12:04.487] [odom] [warning] IMU bias estimation seems inaccurate.
[2026-07-08 20:12:04.487] [odom] [warning] Possibly T_lidar_imu is not accurate or LiDAR-IMU synchronization is not correct.
[2026-07-08 20:12:04.487] [odom] [warning] IMU bias validation results:
[2026-07-08 20:12:04.487] [odom] [warning] num_bias_validations=8256
[2026-07-08 20:12:04.487] [odom] [warning] bias_acc=[0.370, -0.921, 0.015] m/s^2, bias_gyro=[-0.019, 0.001, 0.002] rad/s
[2026-07-08 20:12:04.487] [odom] [warning] acc_stat ax=0.451 +- 0.227 [min=0.001, max=0.847], ay=-0.724 +- 0.341 [min=-1.077, max=0.015], az=0.025 +- 0.009 [min=0.011, max=0.055] m/s^2
[2026-07-08 20:12:04.487] [odom] [warning] gyro_stat wx=-0.020 +- 0.000 [min=-0.021, max=-0.017], wy=-0.000 +- 0.001 [min=-0.005, max=0.002], wz=0.001 +- 0.000 [min=0.001, max=0.002] rad/s
[2026-07-08 20:12:05.587] [odom] [warning] IMU bias estimation seems inaccurate.
[2026-07-08 20:12:05.587] [odom] [warning] Possibly T_lidar_imu is not accurate or LiDAR-IMU synchronization is not correct.
[2026-07-08 20:12:05.587] [odom] [warning] IMU bias validation results:
[2026-07-08 20:12:05.587] [odom] [warning] num_bias_validations=8320
[2026-07-08 20:12:05.587] [odom] [warning] bias_acc=[0.371, -0.912, 0.016] m/s^2, bias_gyro=[-0.019, 0.001, 0.002] rad/s
[2026-07-08 20:12:05.587] [odom] [warning] acc_stat ax=0.450 +- 0.227 [min=0.001, max=0.847], ay=-0.725 +- 0.340 [min=-1.077, max=0.015], az=0.025 +- 0.009 [min=0.011, max=0.055] m/s^2
[2026-07-08 20:12:05.587] [odom] [warning] gyro_stat wx=-0.020 +- 0.000 [min=-0.021, max=-0.017], wy=-0.000 +- 0.001 [min=-0.005, max=0.002], wz=0.001 +- 0.000 [min=0.001, max=0.002] rad/s
[2026-07-08 20:12:06.187] [odom] [warning] IMU prediction is not good.
[2026-07-08 20:12:06.187] [odom] [warning] Possibly T_lidar_imu is not accurate or IMU bias is not well estimated.
[2026-07-08 20:12:06.187] [odom] [warning] IMU validation results:
[2026-07-08 20:12:06.187] [odom] [warning] num_validations=7872
[2026-07-08 20:12:06.187] [odom] [warning] No-IMU errors rot=0.203 +- 0.240 deg, trans=0.018 +- 0.011 m, vel=0.026 +- 0.018 m/s
[2026-07-08 20:12:06.187] [odom] [warning] IMU errors rot=0.063 +- 0.049 deg, trans=0.020 +- 0.013 m, vel=0.058 +- 0.032 m/s
[2026-07-08 20:12:06.187] [odom] [warning] IMU better ratios rot=0.87, trans=0.05, vel=0.13
[2026-07-08 20:12:07.588] [odom] [warning] IMU bias estimation seems inaccurate.
[2026-07-08 20:12:07.588] [odom] [warning] Possibly T_lidar_imu is not accurate or LiDAR-IMU synchronization is not correct.
[2026-07-08 20:12:07.588] [odom] [warning] IMU bias validation results:
[2026-07-08 20:12:07.588] [odom] [warning] num_bias_validations=8384
[2026-07-08 20:12:07.588] [odom] [warning] bias_acc=[0.372, -0.901, 0.015] m/s^2, bias_gyro=[-0.019, 0.001, 0.001] rad/s
[2026-07-08 20:12:07.588] [odom] [warning] acc_stat ax=0.449 +- 0.226 [min=0.001, max=0.847], ay=-0.726 +- 0.339 [min=-1.077, max=0.015], az=0.025 +- 0.009 [min=0.011, max=0.055] m/s^2
[2026-07-08 20:12:07.588] [odom] [warning] gyro_stat wx=-0.020 +- 0.000 [min=-0.021, max=-0.017], wy=-0.000 +- 0.001 [min=-0.005, max=0.002], wz=0.001 +- 0.000 [min=0.001, max=0.002] rad/s
[2026-07-08 20:12:07.743] [odom] [warning] IMU prediction is not good.
[2026-07-08 20:12:07.743] [odom] [warning] Possibly T_lidar_imu is not accurate or IMU bias is not well estimated.
[2026-07-08 20:12:07.743] [odom] [warning] IMU validation results:
[2026-07-08 20:12:07.743] [odom] [warning] num_validations=7936
[2026-07-08 20:12:07.743] [odom] [warning] No-IMU errors rot=0.205 +- 0.244 deg, trans=0.018 +- 0.011 m, vel=0.026 +- 0.018 m/s
[2026-07-08 20:12:07.743] [odom] [warning] IMU errors rot=0.063 +- 0.049 deg, trans=0.020 +- 0.013 m, vel=0.058 +- 0.032 m/s
[2026-07-08 20:12:07.743] [odom] [warning] IMU better ratios rot=0.87, trans=0.05, vel=0.13
[2026-07-08 20:12:08.404] [glim] [info] playback speed: 4.016x
[2026-07-08 20:12:09.365] [odom] [warning] IMU bias estimation seems inaccurate.
[2026-07-08 20:12:09.366] [odom] [warning] Possibly T_lidar_imu is not accurate or LiDAR-IMU synchronization is not correct.
[2026-07-08 20:12:09.366] [odom] [warning] IMU bias validation results:
[2026-07-08 20:12:09.366] [odom] [warning] num_bias_validations=8448
[2026-07-08 20:12:09.366] [odom] [warning] bias_acc=[0.380, -0.899, 0.016] m/s^2, bias_gyro=[-0.019, -0.003, 0.001] rad/s
[2026-07-08 20:12:09.366] [odom] [warning] acc_stat ax=0.449 +- 0.225 [min=0.001, max=0.847], ay=-0.728 +- 0.338 [min=-1.077, max=0.015], az=0.025 +- 0.009 [min=0.011, max=0.055] m/s^2
[2026-07-08 20:12:09.366] [odom] [warning] gyro_stat wx=-0.020 +- 0.000 [min=-0.021, max=-0.017], wy=-0.000 +- 0.001 [min=-0.005, max=0.002], wz=0.001 +- 0.000 [min=0.001, max=0.002] rad/s
[2026-07-08 20:12:09.745] [odom] [warning] IMU prediction is not good.
[2026-07-08 20:12:09.745] [odom] [warning] Possibly T_lidar_imu is not accurate or IMU bias is not well estimated.
[2026-07-08 20:12:09.745] [odom] [warning] IMU validation results:
[2026-07-08 20:12:09.745] [odom] [warning] num_validations=8000
[2026-07-08 20:12:09.745] [odom] [warning] No-IMU errors rot=0.211 +- 0.254 deg, trans=0.018 +- 0.011 m, vel=0.026 +- 0.018 m/s
[2026-07-08 20:12:09.745] [odom] [warning] IMU errors rot=0.064 +- 0.051 deg, trans=0.020 +- 0.013 m, vel=0.058 +- 0.032 m/s
[2026-07-08 20:12:09.745] [odom] [warning] IMU better ratios rot=0.88, trans=0.05, vel=0.13
[2026-07-08 20:12:11.771] [odom] [warning] IMU bias estimation seems inaccurate.
[2026-07-08 20:12:11.771] [odom] [warning] Possibly T_lidar_imu is not accurate or LiDAR-IMU synchronization is not correct.
[2026-07-08 20:12:11.771] [odom] [warning] IMU bias validation results:
[2026-07-08 20:12:11.771] [odom] [warning] num_bias_validations=8512
[2026-07-08 20:12:11.771] [odom] [warning] bias_acc=[0.394, -0.907, 0.014] m/s^2, bias_gyro=[-0.018, -0.004, 0.001] rad/s
[2026-07-08 20:12:11.771] [odom] [warning] acc_stat ax=0.449 +- 0.224 [min=0.001, max=0.847], ay=-0.729 +- 0.337 [min=-1.077, max=0.015], az=0.025 +- 0.009 [min=0.011, max=0.055] m/s^2
[2026-07-08 20:12:11.771] [odom] [warning] gyro_stat wx=-0.020 +- 0.000 [min=-0.021, max=-0.017], wy=-0.000 +- 0.001 [min=-0.005, max=0.002], wz=0.001 +- 0.000 [min=0.001, max=0.002] rad/s
[2026-07-08 20:12:12.694] [odom] [warning] IMU prediction is not good.
[2026-07-08 20:12:12.694] [odom] [warning] Possibly T_lidar_imu is not accurate or IMU bias is not well estimated.
[2026-07-08 20:12:12.694] [odom] [warning] IMU validation results:
[2026-07-08 20:12:12.694] [odom] [warning] num_validations=8064
[2026-07-08 20:12:12.694] [odom] [warning] No-IMU errors rot=0.211 +- 0.253 deg, trans=0.018 +- 0.011 m, vel=0.026 +- 0.018 m/s
[2026-07-08 20:12:12.694] [odom] [warning] IMU errors rot=0.064 +- 0.051 deg, trans=0.020 +- 0.013 m, vel=0.058 +- 0.032 m/s
[2026-07-08 20:12:12.694] [odom] [warning] IMU better ratios rot=0.88, trans=0.05, vel=0.13
[2026-07-08 20:12:13.422] [glim] [info] playback speed: 2.406x
[2026-07-08 20:12:15.527] [odom] [warning] IMU bias estimation seems inaccurate.
[2026-07-08 20:12:15.527] [odom] [warning] Possibly T_lidar_imu is not accurate or LiDAR-IMU synchronization is not correct.
[2026-07-08 20:12:15.527] [odom] [warning] IMU bias validation results:
[2026-07-08 20:12:15.527] [odom] [warning] num_bias_validations=8576
[2026-07-08 20:12:15.527] [odom] [warning] bias_acc=[0.410, -0.911, 0.012] m/s^2, bias_gyro=[-0.018, -0.003, 0.001] rad/s
[2026-07-08 20:12:15.527] [odom] [warning] acc_stat ax=0.448 +- 0.223 [min=0.001, max=0.847], ay=-0.730 +- 0.336 [min=-1.077, max=0.015], az=0.024 +- 0.009 [min=0.011, max=0.055] m/s^2
[2026-07-08 20:12:15.527] [odom] [warning] gyro_stat wx=-0.020 +- 0.000 [min=-0.021, max=-0.017], wy=-0.000 +- 0.001 [min=-0.005, max=0.002], wz=0.001 +- 0.000 [min=0.001, max=0.002] rad/s
[2026-07-08 20:12:16.060] [odom] [warning] IMU prediction is not good.
[2026-07-08 20:12:16.060] [odom] [warning] Possibly T_lidar_imu is not accurate or IMU bias is not well estimated.
[2026-07-08 20:12:16.060] [odom] [warning] IMU validation results:
[2026-07-08 20:12:16.060] [odom] [warning] num_validations=8128
[2026-07-08 20:12:16.060] [odom] [warning] No-IMU errors rot=0.212 +- 0.253 deg, trans=0.018 +- 0.011 m, vel=0.026 +- 0.018 m/s
[2026-07-08 20:12:16.060] [odom] [warning] IMU errors rot=0.065 +- 0.051 deg, trans=0.020 +- 0.013 m, vel=0.058 +- 0.032 m/s
[2026-07-08 20:12:16.061] [odom] [warning] IMU better ratios rot=0.88, trans=0.05, vel=0.13
[2026-07-08 20:12:16.835] [odom] [warning] IMU bias estimation seems inaccurate.
[2026-07-08 20:12:16.835] [odom] [warning] Possibly T_lidar_imu is not accurate or LiDAR-IMU synchronization is not correct.
[2026-07-08 20:12:16.835] [odom] [warning] IMU bias validation results:
[2026-07-08 20:12:16.835] [odom] [warning] num_bias_validations=8640
[2026-07-08 20:12:16.835] [odom] [warning] bias_acc=[0.422, -0.917, 0.011] m/s^2, bias_gyro=[-0.019, -0.002, 0.001] rad/s
[2026-07-08 20:12:16.835] [odom] [warning] acc_stat ax=0.448 +- 0.223 [min=0.001, max=0.847], ay=-0.732 +- 0.336 [min=-1.077, max=0.015], az=0.024 +- 0.009 [min=0.011, max=0.055] m/s^2
[2026-07-08 20:12:16.835] [odom] [warning] gyro_stat wx=-0.020 +- 0.000 [min=-0.021, max=-0.017], wy=-0.000 +- 0.001 [min=-0.005, max=0.002], wz=0.001 +- 0.000 [min=0.001, max=0.002] rad/s
[2026-07-08 20:12:17.256] [odom] [warning] IMU prediction is not good.
[2026-07-08 20:12:17.256] [odom] [warning] Possibly T_lidar_imu is not accurate or IMU bias is not well estimated.
[2026-07-08 20:12:17.256] [odom] [warning] IMU validation results:
[2026-07-08 20:12:17.256] [odom] [warning] num_validations=8192
[2026-07-08 20:12:17.256] [odom] [warning] No-IMU errors rot=0.211 +- 0.252 deg, trans=0.018 +- 0.011 m, vel=0.026 +- 0.018 m/s
[2026-07-08 20:12:17.256] [odom] [warning] IMU errors rot=0.064 +- 0.051 deg, trans=0.020 +- 0.013 m, vel=0.058 +- 0.032 m/s
[2026-07-08 20:12:17.256] [odom] [warning] IMU better ratios rot=0.87, trans=0.05, vel=0.13
[2026-07-08 20:12:18.466] [glim] [info] playback speed: 2.755x
[2026-07-08 20:12:19.626] [odom] [warning] IMU bias estimation seems inaccurate.
[2026-07-08 20:12:19.626] [odom] [warning] Possibly T_lidar_imu is not accurate or LiDAR-IMU synchronization is not correct.
[2026-07-08 20:12:19.626] [odom] [warning] IMU bias validation results:
[2026-07-08 20:12:19.626] [odom] [warning] num_bias_validations=8704
[2026-07-08 20:12:19.626] [odom] [warning] bias_acc=[0.432, -0.922, 0.009] m/s^2, bias_gyro=[-0.019, -0.002, 0.001] rad/s
[2026-07-08 20:12:19.626] [odom] [warning] acc_stat ax=0.448 +- 0.222 [min=0.001, max=0.847], ay=-0.733 +- 0.335 [min=-1.077, max=0.015], az=0.024 +- 0.009 [min=0.009, max=0.055] m/s^2
[2026-07-08 20:12:19.626] [odom] [warning] gyro_stat wx=-0.020 +- 0.000 [min=-0.021, max=-0.017], wy=-0.000 +- 0.001 [min=-0.005, max=0.002], wz=0.001 +- 0.000 [min=0.001, max=0.002] rad/s
[2026-07-08 20:12:19.724] [odom] [warning] IMU prediction is not good.
[2026-07-08 20:12:19.724] [odom] [warning] Possibly T_lidar_imu is not accurate or IMU bias is not well estimated.
[2026-07-08 20:12:19.724] [odom] [warning] IMU validation results:
[2026-07-08 20:12:19.724] [odom] [warning] num_validations=8256
[2026-07-08 20:12:19.724] [odom] [warning] No-IMU errors rot=0.210 +- 0.251 deg, trans=0.018 +- 0.011 m, vel=0.026 +- 0.018 m/s
[2026-07-08 20:12:19.724] [odom] [warning] IMU errors rot=0.064 +- 0.051 deg, trans=0.020 +- 0.013 m, vel=0.058 +- 0.032 m/s
[2026-07-08 20:12:19.724] [odom] [warning] IMU better ratios rot=0.87, trans=0.05, vel=0.12
[2026-07-08 20:12:20.786] [odom] [warning] IMU bias estimation seems inaccurate.
[2026-07-08 20:12:20.786] [odom] [warning] Possibly T_lidar_imu is not accurate or LiDAR-IMU synchronization is not correct.
[2026-07-08 20:12:20.786] [odom] [warning] IMU bias validation results:
[2026-07-08 20:12:20.786] [odom] [warning] num_bias_validations=8768
[2026-07-08 20:12:20.786] [odom] [warning] bias_acc=[0.442, -0.921, 0.008] m/s^2, bias_gyro=[-0.018, -0.001, 0.001] rad/s
[2026-07-08 20:12:20.786] [odom] [warning] acc_stat ax=0.448 +- 0.221 [min=0.001, max=0.847], ay=-0.735 +- 0.334 [min=-1.077, max=0.015], az=0.024 +- 0.009 [min=0.008, max=0.055] m/s^2
[2026-07-08 20:12:20.787] [odom] [warning] gyro_stat wx=-0.020 +- 0.000 [min=-0.021, max=-0.017], wy=-0.000 +- 0.001 [min=-0.005, max=0.002], wz=0.001 +- 0.000 [min=0.001, max=0.002] rad/s
[2026-07-08 20:12:21.520] [odom] [warning] IMU prediction is not good.
[2026-07-08 20:12:21.520] [odom] [warning] Possibly T_lidar_imu is not accurate or IMU bias is not well estimated.
[2026-07-08 20:12:21.520] [odom] [warning] IMU validation results:
[2026-07-08 20:12:21.520] [odom] [warning] num_validations=8320
[2026-07-08 20:12:21.520] [odom] [warning] No-IMU errors rot=0.210 +- 0.251 deg, trans=0.018 +- 0.011 m, vel=0.026 +- 0.018 m/s
[2026-07-08 20:12:21.520] [odom] [warning] IMU errors rot=0.065 +- 0.052 deg, trans=0.020 +- 0.013 m, vel=0.058 +- 0.032 m/s
[2026-07-08 20:12:21.520] [odom] [warning] IMU better ratios rot=0.87, trans=0.05, vel=0.13
[2026-07-08 20:12:22.314] [odom] [warning] IMU bias estimation seems inaccurate.
[2026-07-08 20:12:22.314] [odom] [warning] Possibly T_lidar_imu is not accurate or LiDAR-IMU synchronization is not correct.
[2026-07-08 20:12:22.314] [odom] [warning] IMU bias validation results:
[2026-07-08 20:12:22.314] [odom] [warning] num_bias_validations=8832
[2026-07-08 20:12:22.314] [odom] [warning] bias_acc=[0.449, -0.915, 0.008] m/s^2, bias_gyro=[-0.018, -0.001, 0.001] rad/s
[2026-07-08 20:12:22.314] [odom] [warning] acc_stat ax=0.448 +- 0.220 [min=0.001, max=0.847], ay=-0.736 +- 0.333 [min=-1.077, max=0.015], az=0.024 +- 0.009 [min=0.008, max=0.055] m/s^2
[2026-07-08 20:12:22.314] [odom] [warning] gyro_stat wx=-0.020 +- 0.001 [min=-0.021, max=-0.017], wy=-0.000 +- 0.001 [min=-0.005, max=0.002], wz=0.001 +- 0.000 [min=0.001, max=0.002] rad/s
[2026-07-08 20:12:22.612] [odom] [warning] IMU prediction is not good.
[2026-07-08 20:12:22.612] [odom] [warning] Possibly T_lidar_imu is not accurate or IMU bias is not well estimated.
[2026-07-08 20:12:22.612] [odom] [warning] IMU validation results:
[2026-07-08 20:12:22.612] [odom] [warning] num_validations=8384
[2026-07-08 20:12:22.612] [odom] [warning] No-IMU errors rot=0.209 +- 0.250 deg, trans=0.018 +- 0.011 m, vel=0.026 +- 0.018 m/s
[2026-07-08 20:12:22.612] [odom] [warning] IMU errors rot=0.065 +- 0.052 deg, trans=0.020 +- 0.013 m, vel=0.058 +- 0.031 m/s
[2026-07-08 20:12:22.612] [odom] [warning] IMU better ratios rot=0.87, trans=0.05, vel=0.13
[2026-07-08 20:12:23.499] [glim] [info] playback speed: 3.849x
[2026-07-08 20:12:24.345] [odom] [warning] IMU bias estimation seems inaccurate.
[2026-07-08 20:12:24.345] [odom] [warning] Possibly T_lidar_imu is not accurate or LiDAR-IMU synchronization is not correct.
[2026-07-08 20:12:24.345] [odom] [warning] IMU bias validation results:
[2026-07-08 20:12:24.345] [odom] [warning] num_bias_validations=8896
[2026-07-08 20:12:24.345] [odom] [warning] bias_acc=[0.457, -0.901, 0.008] m/s^2, bias_gyro=[-0.018, -0.000, 0.001] rad/s
[2026-07-08 20:12:24.345] [odom] [warning] acc_stat ax=0.448 +- 0.219 [min=0.001, max=0.847], ay=-0.737 +- 0.332 [min=-1.077, max=0.015], az=0.024 +- 0.009 [min=0.008, max=0.055] m/s^2
[2026-07-08 20:12:24.345] [odom] [warning] gyro_stat wx=-0.020 +- 0.001 [min=-0.021, max=-0.017], wy=-0.000 +- 0.001 [min=-0.005, max=0.002], wz=0.001 +- 0.000 [min=0.001, max=0.002] rad/s
[2026-07-08 20:12:24.494] [odom] [warning] IMU prediction is not good.
[2026-07-08 20:12:24.494] [odom] [warning] Possibly T_lidar_imu is not accurate or IMU bias is not well estimated.
[2026-07-08 20:12:24.494] [odom] [warning] IMU validation results:
[2026-07-08 20:12:24.494] [odom] [warning] num_validations=8448
[2026-07-08 20:12:24.494] [odom] [warning] No-IMU errors rot=0.209 +- 0.250 deg, trans=0.018 +- 0.011 m, vel=0.027 +- 0.018 m/s
[2026-07-08 20:12:24.494] [odom] [warning] IMU errors rot=0.065 +- 0.052 deg, trans=0.020 +- 0.013 m, vel=0.058 +- 0.031 m/s
[2026-07-08 20:12:24.494] [odom] [warning] IMU better ratios rot=0.87, trans=0.05, vel=0.12
[2026-07-08 20:12:25.634] [odom] [warning] IMU bias estimation seems inaccurate.
[2026-07-08 20:12:25.634] [odom] [warning] Possibly T_lidar_imu is not accurate or LiDAR-IMU synchronization is not correct.
[2026-07-08 20:12:25.634] [odom] [warning] IMU bias validation results:
[2026-07-08 20:12:25.634] [odom] [warning] num_bias_validations=8960
[2026-07-08 20:12:25.634] [odom] [warning] bias_acc=[0.463, -0.888, 0.008] m/s^2, bias_gyro=[-0.018, -0.001, 0.001] rad/s
[2026-07-08 20:12:25.634] [odom] [warning] acc_stat ax=0.448 +- 0.219 [min=0.001, max=0.847], ay=-0.738 +- 0.331 [min=-1.077, max=0.015], az=0.024 +- 0.009 [min=0.008, max=0.055] m/s^2
[2026-07-08 20:12:25.634] [odom] [warning] gyro_stat wx=-0.019 +- 0.001 [min=-0.021, max=-0.017], wy=-0.000 +- 0.001 [min=-0.005, max=0.002], wz=0.001 +- 0.000 [min=0.001, max=0.002] rad/s
[2026-07-08 20:12:26.368] [odom] [warning] IMU prediction is not good.
[2026-07-08 20:12:26.368] [odom] [warning] Possibly T_lidar_imu is not accurate or IMU bias is not well estimated.
[2026-07-08 20:12:26.368] [odom] [warning] IMU validation results:
[2026-07-08 20:12:26.368] [odom] [warning] num_validations=8512
[2026-07-08 20:12:26.368] [odom] [warning] No-IMU errors rot=0.209 +- 0.249 deg, trans=0.018 +- 0.011 m, vel=0.027 +- 0.018 m/s
[2026-07-08 20:12:26.368] [odom] [warning] IMU errors rot=0.065 +- 0.052 deg, trans=0.020 +- 0.013 m, vel=0.058 +- 0.031 m/s
[2026-07-08 20:12:26.368] [odom] [warning] IMU better ratios rot=0.87, trans=0.05, vel=0.12
[2026-07-08 20:12:27.204] [odom] [warning] IMU bias estimation seems inaccurate.
[2026-07-08 20:12:27.204] [odom] [warning] Possibly T_lidar_imu is not accurate or LiDAR-IMU synchronization is not correct.
[2026-07-08 20:12:27.204] [odom] [warning] IMU bias validation results:
[2026-07-08 20:12:27.204] [odom] [warning] num_bias_validations=9024
[2026-07-08 20:12:27.204] [odom] [warning] bias_acc=[0.470, -0.877, 0.009] m/s^2, bias_gyro=[-0.018, -0.000, 0.001] rad/s
[2026-07-08 20:12:27.204] [odom] [warning] acc_stat ax=0.448 +- 0.218 [min=0.001, max=0.847], ay=-0.739 +- 0.330 [min=-1.077, max=0.015], az=0.024 +- 0.009 [min=0.008, max=0.055] m/s^2
[2026-07-08 20:12:27.204] [odom] [warning] gyro_stat wx=-0.019 +- 0.001 [min=-0.021, max=-0.017], wy=-0.000 +- 0.001 [min=-0.005, max=0.002], wz=0.001 +- 0.000 [min=0.001, max=0.002] rad/s
[2026-07-08 20:12:27.596] [odom] [warning] IMU prediction is not good.
[2026-07-08 20:12:27.596] [odom] [warning] Possibly T_lidar_imu is not accurate or IMU bias is not well estimated.
[2026-07-08 20:12:27.596] [odom] [warning] IMU validation results:
[2026-07-08 20:12:27.596] [odom] [warning] num_validations=8576
[2026-07-08 20:12:27.596] [odom] [warning] No-IMU errors rot=0.208 +- 0.248 deg, trans=0.018 +- 0.011 m, vel=0.027 +- 0.018 m/s
[2026-07-08 20:12:27.596] [odom] [warning] IMU errors rot=0.065 +- 0.052 deg, trans=0.020 +- 0.012 m, vel=0.058 +- 0.031 m/s
[2026-07-08 20:12:27.596] [odom] [warning] IMU better ratios rot=0.87, trans=0.05, vel=0.12
[2026-07-08 20:12:28.526] [glim] [info] playback speed: 3.834x
[2026-07-08 20:12:28.994] [odom] [warning] IMU bias estimation seems inaccurate.
[2026-07-08 20:12:28.994] [odom] [warning] Possibly T_lidar_imu is not accurate or LiDAR-IMU synchronization is not correct.
[2026-07-08 20:12:28.994] [odom] [warning] IMU bias validation results:
[2026-07-08 20:12:28.994] [odom] [warning] num_bias_validations=9088
[2026-07-08 20:12:28.994] [odom] [warning] bias_acc=[0.476, -0.866, 0.009] m/s^2, bias_gyro=[-0.019, -0.001, 0.001] rad/s
[2026-07-08 20:12:28.994] [odom] [warning] acc_stat ax=0.448 +- 0.217 [min=0.001, max=0.847], ay=-0.740 +- 0.329 [min=-1.077, max=0.015], az=0.024 +- 0.009 [min=0.008, max=0.055] m/s^2
[2026-07-08 20:12:28.994] [odom] [warning] gyro_stat wx=-0.019 +- 0.001 [min=-0.021, max=-0.017], wy=-0.000 +- 0.001 [min=-0.005, max=0.002], wz=0.001 +- 0.000 [min=0.001, max=0.002] rad/s
[2026-07-08 20:12:29.116] [odom] [warning] IMU prediction is not good.
[2026-07-08 20:12:29.116] [odom] [warning] Possibly T_lidar_imu is not accurate or IMU bias is not well estimated.
[2026-07-08 20:12:29.116] [odom] [warning] IMU validation results:
[2026-07-08 20:12:29.116] [odom] [warning] num_validations=8640
[2026-07-08 20:12:29.116] [odom] [warning] No-IMU errors rot=0.209 +- 0.248 deg, trans=0.018 +- 0.011 m, vel=0.027 +- 0.018 m/s
[2026-07-08 20:12:29.116] [odom] [warning] IMU errors rot=0.065 +- 0.052 deg, trans=0.020 +- 0.012 m, vel=0.058 +- 0.031 m/s
[2026-07-08 20:12:29.116] [odom] [warning] IMU better ratios rot=0.87, trans=0.05, vel=0.12
[2026-07-08 20:12:30.905] [odom] [warning] IMU bias estimation seems inaccurate.
[2026-07-08 20:12:30.905] [odom] [warning] Possibly T_lidar_imu is not accurate or LiDAR-IMU synchronization is not correct.
[2026-07-08 20:12:30.905] [odom] [warning] IMU bias validation results:
[2026-07-08 20:12:30.905] [odom] [warning] num_bias_validations=9152
[2026-07-08 20:12:30.905] [odom] [warning] bias_acc=[0.485, -0.855, 0.008] m/s^2, bias_gyro=[-0.018, 0.000, 0.001] rad/s
[2026-07-08 20:12:30.905] [odom] [warning] acc_stat ax=0.449 +- 0.216 [min=0.001, max=0.847], ay=-0.741 +- 0.328 [min=-1.077, max=0.015], az=0.023 +- 0.009 [min=0.008, max=0.055] m/s^2
[2026-07-08 20:12:30.905] [odom] [warning] gyro_stat wx=-0.019 +- 0.001 [min=-0.021, max=-0.017], wy=-0.000 +- 0.001 [min=-0.005, max=0.002], wz=0.001 +- 0.000 [min=0.001, max=0.002] rad/s
[2026-07-08 20:12:31.357] [odom] [warning] IMU prediction is not good.
[2026-07-08 20:12:31.357] [odom] [warning] Possibly T_lidar_imu is not accurate or IMU bias is not well estimated.
[2026-07-08 20:12:31.357] [odom] [warning] IMU validation results:
[2026-07-08 20:12:31.357] [odom] [warning] num_validations=8704
[2026-07-08 20:12:31.357] [odom] [warning] No-IMU errors rot=0.209 +- 0.248 deg, trans=0.018 +- 0.011 m, vel=0.027 +- 0.018 m/s
[2026-07-08 20:12:31.357] [odom] [warning] IMU errors rot=0.065 +- 0.052 deg, trans=0.020 +- 0.012 m, vel=0.058 +- 0.031 m/s
[2026-07-08 20:12:31.357] [odom] [warning] IMU better ratios rot=0.87, trans=0.05, vel=0.12
[2026-07-08 20:12:32.700] [odom] [warning] IMU bias estimation seems inaccurate.
[2026-07-08 20:12:32.700] [odom] [warning] Possibly T_lidar_imu is not accurate or LiDAR-IMU synchronization is not correct.
[2026-07-08 20:12:32.700] [odom] [warning] IMU bias validation results:
[2026-07-08 20:12:32.700] [odom] [warning] num_bias_validations=9216
[2026-07-08 20:12:32.700] [odom] [warning] bias_acc=[0.490, -0.840, 0.008] m/s^2, bias_gyro=[-0.019, 0.000, 0.001] rad/s
[2026-07-08 20:12:32.700] [odom] [warning] acc_stat ax=0.449 +- 0.216 [min=0.001, max=0.847], ay=-0.742 +- 0.327 [min=-1.077, max=0.015], az=0.023 +- 0.009 [min=0.008, max=0.055] m/s^2
[2026-07-08 20:12:32.700] [odom] [warning] gyro_stat wx=-0.019 +- 0.001 [min=-0.021, max=-0.017], wy=-0.000 +- 0.001 [min=-0.005, max=0.002], wz=0.001 +- 0.000 [min=0.001, max=0.002] rad/s
[2026-07-08 20:12:33.475] [odom] [warning] IMU prediction is not good.
[2026-07-08 20:12:33.475] [odom] [warning] Possibly T_lidar_imu is not accurate or IMU bias is not well estimated.
[2026-07-08 20:12:33.475] [odom] [warning] IMU validation results:
[2026-07-08 20:12:33.475] [odom] [warning] num_validations=8768
[2026-07-08 20:12:33.475] [odom] [warning] No-IMU errors rot=0.208 +- 0.248 deg, trans=0.018 +- 0.011 m, vel=0.026 +- 0.018 m/s
[2026-07-08 20:12:33.475] [odom] [warning] IMU errors rot=0.064 +- 0.052 deg, trans=0.020 +- 0.012 m, vel=0.058 +- 0.031 m/s
[2026-07-08 20:12:33.475] [odom] [warning] IMU better ratios rot=0.87, trans=0.05, vel=0.12
[2026-07-08 20:12:33.568] [glim] [info] playback speed: 3.500x
[2026-07-08 20:12:35.742] [odom] [warning] IMU bias estimation seems inaccurate.
[2026-07-08 20:12:35.742] [odom] [warning] Possibly T_lidar_imu is not accurate or LiDAR-IMU synchronization is not correct.
[2026-07-08 20:12:35.742] [odom] [warning] IMU bias validation results:
[2026-07-08 20:12:35.742] [odom] [warning] num_bias_validations=9280
[2026-07-08 20:12:35.742] [odom] [warning] bias_acc=[0.495, -0.826, 0.008] m/s^2, bias_gyro=[-0.019, 0.000, 0.001] rad/s
[2026-07-08 20:12:35.742] [odom] [warning] acc_stat ax=0.449 +- 0.215 [min=0.001, max=0.847], ay=-0.742 +- 0.326 [min=-1.077, max=0.015], az=0.023 +- 0.010 [min=0.008, max=0.055] m/s^2
[2026-07-08 20:12:35.742] [odom] [warning] gyro_stat wx=-0.019 +- 0.001 [min=-0.021, max=-0.017], wy=-0.000 +- 0.001 [min=-0.005, max=0.002], wz=0.001 +- 0.000 [min=0.001, max=0.002] rad/s
[2026-07-08 20:12:36.496] [odom] [warning] IMU prediction is not good.
[2026-07-08 20:12:36.496] [odom] [warning] Possibly T_lidar_imu is not accurate or IMU bias is not well estimated.
[2026-07-08 20:12:36.496] [odom] [warning] IMU validation results:
[2026-07-08 20:12:36.496] [odom] [warning] num_validations=8832
[2026-07-08 20:12:36.496] [odom] [warning] No-IMU errors rot=0.207 +- 0.247 deg, trans=0.018 +- 0.011 m, vel=0.026 +- 0.018 m/s
[2026-07-08 20:12:36.496] [odom] [warning] IMU errors rot=0.064 +- 0.052 deg, trans=0.020 +- 0.012 m, vel=0.058 +- 0.031 m/s
[2026-07-08 20:12:36.496] [odom] [warning] IMU better ratios rot=0.87, trans=0.05, vel=0.12
[2026-07-08 20:12:38.572] [glim] [info] playback speed: 2.149x
[2026-07-08 20:12:38.809] [odom] [warning] IMU bias estimation seems inaccurate.
[2026-07-08 20:12:38.809] [odom] [warning] Possibly T_lidar_imu is not accurate or LiDAR-IMU synchronization is not correct.
[2026-07-08 20:12:38.809] [odom] [warning] IMU bias validation results:
[2026-07-08 20:12:38.809] [odom] [warning] num_bias_validations=9344
[2026-07-08 20:12:38.809] [odom] [warning] bias_acc=[0.498, -0.812, 0.008] m/s^2, bias_gyro=[-0.019, 0.001, 0.001] rad/s
[2026-07-08 20:12:38.809] [odom] [warning] acc_stat ax=0.450 +- 0.214 [min=0.001, max=0.847], ay=-0.743 +- 0.325 [min=-1.077, max=0.015], az=0.023 +- 0.010 [min=0.008, max=0.055] m/s^2
[2026-07-08 20:12:38.809] [odom] [warning] gyro_stat wx=-0.019 +- 0.001 [min=-0.021, max=-0.017], wy=-0.000 +- 0.001 [min=-0.005, max=0.002], wz=0.001 +- 0.000 [min=0.001, max=0.002] rad/s
[2026-07-08 20:12:39.206] [odom] [warning] IMU prediction is not good.
[2026-07-08 20:12:39.206] [odom] [warning] Possibly T_lidar_imu is not accurate or IMU bias is not well estimated.
[2026-07-08 20:12:39.206] [odom] [warning] IMU validation results:
[2026-07-08 20:12:39.206] [odom] [warning] num_validations=8896
[2026-07-08 20:12:39.206] [odom] [warning] No-IMU errors rot=0.207 +- 0.248 deg, trans=0.018 +- 0.011 m, vel=0.026 +- 0.018 m/s
[2026-07-08 20:12:39.206] [odom] [warning] IMU errors rot=0.064 +- 0.052 deg, trans=0.020 +- 0.012 m, vel=0.058 +- 0.031 m/s
[2026-07-08 20:12:39.206] [odom] [warning] IMU better ratios rot=0.87, trans=0.05, vel=0.12
[2026-07-08 20:12:39.911] [odom] [warning] IMU bias estimation seems inaccurate.
[2026-07-08 20:12:39.911] [odom] [warning] Possibly T_lidar_imu is not accurate or LiDAR-IMU synchronization is not correct.
[2026-07-08 20:12:39.911] [odom] [warning] IMU bias validation results:
[2026-07-08 20:12:39.911] [odom] [warning] num_bias_validations=9408
[2026-07-08 20:12:39.911] [odom] [warning] bias_acc=[0.500, -0.795, 0.009] m/s^2, bias_gyro=[-0.019, 0.001, 0.001] rad/s
[2026-07-08 20:12:39.911] [odom] [warning] acc_stat ax=0.450 +- 0.213 [min=0.001, max=0.847], ay=-0.743 +- 0.324 [min=-1.077, max=0.015], az=0.023 +- 0.010 [min=0.008, max=0.055] m/s^2
[2026-07-08 20:12:39.911] [odom] [warning] gyro_stat wx=-0.019 +- 0.001 [min=-0.021, max=-0.017], wy=-0.000 +- 0.001 [min=-0.005, max=0.002], wz=0.001 +- 0.000 [min=0.001, max=0.002] rad/s
[2026-07-08 20:12:40.649] [odom] [warning] IMU prediction is not good.
[2026-07-08 20:12:40.649] [odom] [warning] Possibly T_lidar_imu is not accurate or IMU bias is not well estimated.
[2026-07-08 20:12:40.649] [odom] [warning] IMU validation results:
[2026-07-08 20:12:40.649] [odom] [warning] num_validations=8960
[2026-07-08 20:12:40.649] [odom] [warning] No-IMU errors rot=0.207 +- 0.247 deg, trans=0.018 +- 0.011 m, vel=0.027 +- 0.018 m/s
[2026-07-08 20:12:40.649] [odom] [warning] IMU errors rot=0.065 +- 0.052 deg, trans=0.020 +- 0.012 m, vel=0.058 +- 0.031 m/s
[2026-07-08 20:12:40.649] [odom] [warning] IMU better ratios rot=0.86, trans=0.04, vel=0.12
[2026-07-08 20:12:42.032] [odom] [warning] IMU bias estimation seems inaccurate.
[2026-07-08 20:12:42.032] [odom] [warning] Possibly T_lidar_imu is not accurate or LiDAR-IMU synchronization is not correct.
[2026-07-08 20:12:42.032] [odom] [warning] IMU bias validation results:
[2026-07-08 20:12:42.032] [odom] [warning] num_bias_validations=9472
[2026-07-08 20:12:42.032] [odom] [warning] bias_acc=[0.503, -0.775, 0.010] m/s^2, bias_gyro=[-0.019, 0.000, 0.001] rad/s
[2026-07-08 20:12:42.032] [odom] [warning] acc_stat ax=0.450 +- 0.213 [min=0.001, max=0.847], ay=-0.743 +- 0.323 [min=-1.077, max=0.015], az=0.023 +- 0.010 [min=0.008, max=0.055] m/s^2
[2026-07-08 20:12:42.032] [odom] [warning] gyro_stat wx=-0.019 +- 0.001 [min=-0.021, max=-0.017], wy=-0.000 +- 0.001 [min=-0.005, max=0.002], wz=0.001 +- 0.000 [min=0.001, max=0.002] rad/s
[2026-07-08 20:12:42.187] [odom] [warning] IMU prediction is not good.
[2026-07-08 20:12:42.187] [odom] [warning] Possibly T_lidar_imu is not accurate or IMU bias is not well estimated.
[2026-07-08 20:12:42.187] [odom] [warning] IMU validation results:
[2026-07-08 20:12:42.187] [odom] [warning] num_validations=9024
[2026-07-08 20:12:42.187] [odom] [warning] No-IMU errors rot=0.209 +- 0.250 deg, trans=0.018 +- 0.011 m, vel=0.027 +- 0.018 m/s
[2026-07-08 20:12:42.187] [odom] [warning] IMU errors rot=0.065 +- 0.053 deg, trans=0.020 +- 0.012 m, vel=0.059 +- 0.031 m/s
[2026-07-08 20:12:42.187] [odom] [warning] IMU better ratios rot=0.86, trans=0.04, vel=0.12
[2026-07-08 20:12:43.270] [odom] [warning] IMU bias estimation seems inaccurate.
[2026-07-08 20:12:43.270] [odom] [warning] Possibly T_lidar_imu is not accurate or LiDAR-IMU synchronization is not correct.
[2026-07-08 20:12:43.270] [odom] [warning] IMU bias validation results:
[2026-07-08 20:12:43.270] [odom] [warning] num_bias_validations=9536
[2026-07-08 20:12:43.270] [odom] [warning] bias_acc=[0.519, -0.759, 0.011] m/s^2, bias_gyro=[-0.019, -0.001, 0.001] rad/s
[2026-07-08 20:12:43.270] [odom] [warning] acc_stat ax=0.451 +- 0.212 [min=0.001, max=0.847], ay=-0.743 +- 0.322 [min=-1.077, max=0.015], az=0.023 +- 0.010 [min=0.008, max=0.055] m/s^2
[2026-07-08 20:12:43.270] [odom] [warning] gyro_stat wx=-0.019 +- 0.001 [min=-0.021, max=-0.017], wy=-0.000 +- 0.001 [min=-0.005, max=0.002], wz=0.001 +- 0.000 [min=0.001, max=0.002] rad/s
[2026-07-08 20:12:43.581] [glim] [info] playback speed: 4.152x
[2026-07-08 20:12:43.700] [odom] [warning] IMU prediction is not good.
[2026-07-08 20:12:43.701] [odom] [warning] Possibly T_lidar_imu is not accurate or IMU bias is not well estimated.
[2026-07-08 20:12:43.701] [odom] [warning] IMU validation results:
[2026-07-08 20:12:43.701] [odom] [warning] num_validations=9088
[2026-07-08 20:12:43.701] [odom] [warning] No-IMU errors rot=0.211 +- 0.251 deg, trans=0.018 +- 0.011 m, vel=0.027 +- 0.019 m/s
[2026-07-08 20:12:43.701] [odom] [warning] IMU errors rot=0.066 +- 0.054 deg, trans=0.020 +- 0.012 m, vel=0.059 +- 0.031 m/s
[2026-07-08 20:12:43.701] [odom] [warning] IMU better ratios rot=0.86, trans=0.04, vel=0.12
[2026-07-08 20:12:45.048] [odom] [warning] IMU bias estimation seems inaccurate.
[2026-07-08 20:12:45.048] [odom] [warning] Possibly T_lidar_imu is not accurate or LiDAR-IMU synchronization is not correct.
[2026-07-08 20:12:45.048] [odom] [warning] IMU bias validation results:
[2026-07-08 20:12:45.048] [odom] [warning] num_bias_validations=9600
[2026-07-08 20:12:45.048] [odom] [warning] bias_acc=[0.534, -0.741, 0.010] m/s^2, bias_gyro=[-0.019, 0.000, 0.001] rad/s
[2026-07-08 20:12:45.048] [odom] [warning] acc_stat ax=0.451 +- 0.212 [min=0.001, max=0.847], ay=-0.743 +- 0.321 [min=-1.077, max=0.015], az=0.023 +- 0.010 [min=0.008, max=0.055] m/s^2
[2026-07-08 20:12:45.048] [odom] [warning] gyro_stat wx=-0.019 +- 0.001 [min=-0.021, max=-0.017], wy=-0.000 +- 0.001 [min=-0.005, max=0.002], wz=0.001 +- 0.000 [min=0.001, max=0.002] rad/s
[2026-07-08 20:12:45.626] [odom] [warning] IMU prediction is not good.
[2026-07-08 20:12:45.626] [odom] [warning] Possibly T_lidar_imu is not accurate or IMU bias is not well estimated.
[2026-07-08 20:12:45.626] [odom] [warning] IMU validation results:
[2026-07-08 20:12:45.626] [odom] [warning] num_validations=9152
[2026-07-08 20:12:45.626] [odom] [warning] No-IMU errors rot=0.210 +- 0.250 deg, trans=0.018 +- 0.011 m, vel=0.027 +- 0.019 m/s
[2026-07-08 20:12:45.626] [odom] [warning] IMU errors rot=0.066 +- 0.054 deg, trans=0.020 +- 0.012 m, vel=0.059 +- 0.031 m/s
[2026-07-08 20:12:45.626] [odom] [warning] IMU better ratios rot=0.86, trans=0.04, vel=0.12
[2026-07-08 20:12:47.352] [odom] [warning] IMU bias estimation seems inaccurate.
[2026-07-08 20:12:47.352] [odom] [warning] Possibly T_lidar_imu is not accurate or LiDAR-IMU synchronization is not correct.
[2026-07-08 20:12:47.352] [odom] [warning] IMU bias validation results:
[2026-07-08 20:12:47.352] [odom] [warning] num_bias_validations=9664
[2026-07-08 20:12:47.352] [odom] [warning] bias_acc=[0.543, -0.725, 0.010] m/s^2, bias_gyro=[-0.020, 0.001, 0.001] rad/s
[2026-07-08 20:12:47.352] [odom] [warning] acc_stat ax=0.452 +- 0.211 [min=0.001, max=0.847], ay=-0.743 +- 0.320 [min=-1.077, max=0.015], az=0.023 +- 0.010 [min=0.008, max=0.055] m/s^2
[2026-07-08 20:12:47.352] [odom] [warning] gyro_stat wx=-0.019 +- 0.001 [min=-0.021, max=-0.017], wy=-0.000 +- 0.001 [min=-0.005, max=0.002], wz=0.001 +- 0.000 [min=0.001, max=0.002] rad/s
[2026-07-08 20:12:47.867] [odom] [warning] IMU prediction is not good.
[2026-07-08 20:12:47.867] [odom] [warning] Possibly T_lidar_imu is not accurate or IMU bias is not well estimated.
[2026-07-08 20:12:47.867] [odom] [warning] IMU validation results:
[2026-07-08 20:12:47.867] [odom] [warning] num_validations=9216
[2026-07-08 20:12:47.867] [odom] [warning] No-IMU errors rot=0.210 +- 0.250 deg, trans=0.018 +- 0.011 m, vel=0.027 +- 0.019 m/s
[2026-07-08 20:12:47.867] [odom] [warning] IMU errors rot=0.066 +- 0.054 deg, trans=0.020 +- 0.012 m, vel=0.059 +- 0.031 m/s
[2026-07-08 20:12:47.867] [odom] [warning] IMU better ratios rot=0.86, trans=0.04, vel=0.12
[2026-07-08 20:12:48.610] [glim] [info] playback speed: 3.046x
[2026-07-08 20:12:49.394] [odom] [warning] IMU bias estimation seems inaccurate.
[2026-07-08 20:12:49.394] [odom] [warning] Possibly T_lidar_imu is not accurate or LiDAR-IMU synchronization is not correct.
[2026-07-08 20:12:49.394] [odom] [warning] IMU bias validation results:
[2026-07-08 20:12:49.394] [odom] [warning] num_bias_validations=9728
[2026-07-08 20:12:49.394] [odom] [warning] bias_acc=[0.546, -0.711, 0.011] m/s^2, bias_gyro=[-0.019, 0.001, 0.001] rad/s
[2026-07-08 20:12:49.394] [odom] [warning] acc_stat ax=0.453 +- 0.210 [min=0.001, max=0.847], ay=-0.743 +- 0.319 [min=-1.077, max=0.015], az=0.023 +- 0.010 [min=0.008, max=0.055] m/s^2
[2026-07-08 20:12:49.394] [odom] [warning] gyro_stat wx=-0.019 +- 0.001 [min=-0.021, max=-0.017], wy=-0.000 +- 0.001 [min=-0.005, max=0.002], wz=0.001 +- 0.000 [min=0.001, max=0.002] rad/s
[2026-07-08 20:12:49.778] [odom] [warning] IMU prediction is not good.
[2026-07-08 20:12:49.778] [odom] [warning] Possibly T_lidar_imu is not accurate or IMU bias is not well estimated.
[2026-07-08 20:12:49.778] [odom] [warning] IMU validation results:
[2026-07-08 20:12:49.778] [odom] [warning] num_validations=9280
[2026-07-08 20:12:49.778] [odom] [warning] No-IMU errors rot=0.210 +- 0.250 deg, trans=0.018 +- 0.011 m, vel=0.027 +- 0.019 m/s
[2026-07-08 20:12:49.778] [odom] [warning] IMU errors rot=0.066 +- 0.054 deg, trans=0.020 +- 0.012 m, vel=0.059 +- 0.031 m/s
[2026-07-08 20:12:49.778] [odom] [warning] IMU better ratios rot=0.86, trans=0.04, vel=0.12
[2026-07-08 20:12:52.212] [odom] [warning] IMU bias estimation seems inaccurate.
[2026-07-08 20:12:52.212] [odom] [warning] Possibly T_lidar_imu is not accurate or LiDAR-IMU synchronization is not correct.
[2026-07-08 20:12:52.212] [odom] [warning] IMU bias validation results:
[2026-07-08 20:12:52.212] [odom] [warning] num_bias_validations=9792
[2026-07-08 20:12:52.212] [odom] [warning] bias_acc=[0.545, -0.693, 0.012] m/s^2, bias_gyro=[-0.019, 0.001, 0.001] rad/s
[2026-07-08 20:12:52.212] [odom] [warning] acc_stat ax=0.453 +- 0.210 [min=0.001, max=0.847], ay=-0.743 +- 0.318 [min=-1.077, max=0.015], az=0.023 +- 0.010 [min=0.008, max=0.055] m/s^2
[2026-07-08 20:12:52.212] [odom] [warning] gyro_stat wx=-0.019 +- 0.001 [min=-0.021, max=-0.017], wy=-0.000 +- 0.001 [min=-0.005, max=0.002], wz=0.001 +- 0.000 [min=0.001, max=0.002] rad/s
[2026-07-08 20:12:53.090] [odom] [warning] IMU prediction is not good.
[2026-07-08 20:12:53.090] [odom] [warning] Possibly T_lidar_imu is not accurate or IMU bias is not well estimated.
[2026-07-08 20:12:53.090] [odom] [warning] IMU validation results:
[2026-07-08 20:12:53.090] [odom] [warning] num_validations=9344
[2026-07-08 20:12:53.090] [odom] [warning] No-IMU errors rot=0.210 +- 0.249 deg, trans=0.018 +- 0.011 m, vel=0.027 +- 0.019 m/s
[2026-07-08 20:12:53.090] [odom] [warning] IMU errors rot=0.066 +- 0.054 deg, trans=0.020 +- 0.012 m, vel=0.059 +- 0.031 m/s
[2026-07-08 20:12:53.090] [odom] [warning] IMU better ratios rot=0.86, trans=0.04, vel=0.12
[2026-07-08 20:12:53.647] [glim] [info] playback speed: 2.477x
[2026-07-08 20:12:55.577] [odom] [warning] IMU bias estimation seems inaccurate.
[2026-07-08 20:12:55.577] [odom] [warning] Possibly T_lidar_imu is not accurate or LiDAR-IMU synchronization is not correct.
[2026-07-08 20:12:55.577] [odom] [warning] IMU bias validation results:
[2026-07-08 20:12:55.577] [odom] [warning] num_bias_validations=9856
[2026-07-08 20:12:55.577] [odom] [warning] bias_acc=[0.549, -0.678, 0.012] m/s^2, bias_gyro=[-0.019, 0.001, 0.001] rad/s
[2026-07-08 20:12:55.577] [odom] [warning] acc_stat ax=0.454 +- 0.209 [min=0.001, max=0.847], ay=-0.742 +- 0.317 [min=-1.077, max=0.015], az=0.022 +- 0.010 [min=0.008, max=0.055] m/s^2
[2026-07-08 20:12:55.577] [odom] [warning] gyro_stat wx=-0.019 +- 0.001 [min=-0.021, max=-0.017], wy=-0.000 +- 0.001 [min=-0.005, max=0.002], wz=0.001 +- 0.000 [min=0.001, max=0.002] rad/s
[2026-07-08 20:12:55.960] [odom] [warning] IMU prediction is not good.
[2026-07-08 20:12:55.960] [odom] [warning] Possibly T_lidar_imu is not accurate or IMU bias is not well estimated.
[2026-07-08 20:12:55.960] [odom] [warning] IMU validation results:
[2026-07-08 20:12:55.960] [odom] [warning] num_validations=9408
[2026-07-08 20:12:55.960] [odom] [warning] No-IMU errors rot=0.210 +- 0.249 deg, trans=0.018 +- 0.011 m, vel=0.027 +- 0.019 m/s
[2026-07-08 20:12:55.960] [odom] [warning] IMU errors rot=0.066 +- 0.054 deg, trans=0.020 +- 0.012 m, vel=0.059 +- 0.031 m/s
[2026-07-08 20:12:55.960] [odom] [warning] IMU better ratios rot=0.86, trans=0.04, vel=0.12
[2026-07-08 20:12:56.685] [odom] [warning] IMU bias estimation seems inaccurate.
[2026-07-08 20:12:56.685] [odom] [warning] Possibly T_lidar_imu is not accurate or LiDAR-IMU synchronization is not correct.
[2026-07-08 20:12:56.685] [odom] [warning] IMU bias validation results:
[2026-07-08 20:12:56.685] [odom] [warning] num_bias_validations=9920
[2026-07-08 20:12:56.685] [odom] [warning] bias_acc=[0.552, -0.662, 0.013] m/s^2, bias_gyro=[-0.019, 0.001, 0.001] rad/s
[2026-07-08 20:12:56.685] [odom] [warning] acc_stat ax=0.454 +- 0.209 [min=0.001, max=0.847], ay=-0.742 +- 0.316 [min=-1.077, max=0.015], az=0.022 +- 0.010 [min=0.008, max=0.055] m/s^2
[2026-07-08 20:12:56.685] [odom] [warning] gyro_stat wx=-0.019 +- 0.001 [min=-0.021, max=-0.017], wy=-0.000 +- 0.001 [min=-0.005, max=0.002], wz=0.001 +- 0.000 [min=0.001, max=0.002] rad/s
[2026-07-08 20:12:57.389] [odom] [warning] IMU prediction is not good.
[2026-07-08 20:12:57.389] [odom] [warning] Possibly T_lidar_imu is not accurate or IMU bias is not well estimated.
[2026-07-08 20:12:57.389] [odom] [warning] IMU validation results:
[2026-07-08 20:12:57.389] [odom] [warning] num_validations=9472
[2026-07-08 20:12:57.389] [odom] [warning] No-IMU errors rot=0.210 +- 0.248 deg, trans=0.018 +- 0.011 m, vel=0.027 +- 0.019 m/s
[2026-07-08 20:12:57.389] [odom] [warning] IMU errors rot=0.067 +- 0.054 deg, trans=0.020 +- 0.012 m, vel=0.060 +- 0.031 m/s
[2026-07-08 20:12:57.389] [odom] [warning] IMU better ratios rot=0.86, trans=0.04, vel=0.12
[2026-07-08 20:12:58.655] [glim] [info] playback speed: 2.877x
[2026-07-08 20:12:59.884] [odom] [warning] IMU bias estimation seems inaccurate.
[2026-07-08 20:12:59.884] [odom] [warning] Possibly T_lidar_imu is not accurate or LiDAR-IMU synchronization is not correct.
[2026-07-08 20:12:59.884] [odom] [warning] IMU bias validation results:
[2026-07-08 20:12:59.884] [odom] [warning] num_bias_validations=9984
[2026-07-08 20:12:59.884] [odom] [warning] bias_acc=[0.555, -0.643, 0.013] m/s^2, bias_gyro=[-0.019, 0.001, 0.001] rad/s
[2026-07-08 20:12:59.884] [odom] [warning] acc_stat ax=0.455 +- 0.208 [min=0.001, max=0.847], ay=-0.741 +- 0.315 [min=-1.077, max=0.015], az=0.022 +- 0.010 [min=0.008, max=0.055] m/s^2
[2026-07-08 20:12:59.884] [odom] [warning] gyro_stat wx=-0.019 +- 0.001 [min=-0.021, max=-0.017], wy=-0.000 +- 0.001 [min=-0.005, max=0.002], wz=0.001 +- 0.000 [min=0.001, max=0.002] rad/s
[2026-07-08 20:13:00.037] [odom] [warning] IMU prediction is not good.
[2026-07-08 20:13:00.037] [odom] [warning] Possibly T_lidar_imu is not accurate or IMU bias is not well estimated.
[2026-07-08 20:13:00.037] [odom] [warning] IMU validation results:
[2026-07-08 20:13:00.037] [odom] [warning] num_validations=9536
[2026-07-08 20:13:00.037] [odom] [warning] No-IMU errors rot=0.209 +- 0.248 deg, trans=0.018 +- 0.011 m, vel=0.027 +- 0.019 m/s
[2026-07-08 20:13:00.037] [odom] [warning] IMU errors rot=0.066 +- 0.054 deg, trans=0.020 +- 0.012 m, vel=0.060 +- 0.031 m/s
[2026-07-08 20:13:00.037] [odom] [warning] IMU better ratios rot=0.86, trans=0.04, vel=0.11
[2026-07-08 20:13:00.971] [odom] [warning] IMU bias estimation seems inaccurate.
[2026-07-08 20:13:00.971] [odom] [warning] Possibly T_lidar_imu is not accurate or LiDAR-IMU synchronization is not correct.
[2026-07-08 20:13:00.971] [odom] [warning] IMU bias validation results:
[2026-07-08 20:13:00.971] [odom] [warning] num_bias_validations=10048
[2026-07-08 20:13:00.971] [odom] [warning] bias_acc=[0.560, -0.626, 0.014] m/s^2, bias_gyro=[-0.019, 0.001, 0.001] rad/s
[2026-07-08 20:13:00.971] [odom] [warning] acc_stat ax=0.456 +- 0.208 [min=0.001, max=0.847], ay=-0.740 +- 0.314 [min=-1.077, max=0.015], az=0.022 +- 0.010 [min=0.008, max=0.055] m/s^2
[2026-07-08 20:13:00.971] [odom] [warning] gyro_stat wx=-0.019 +- 0.001 [min=-0.021, max=-0.017], wy=-0.000 +- 0.001 [min=-0.005, max=0.002], wz=0.001 +- 0.000 [min=0.001, max=0.002] rad/s
[2026-07-08 20:13:01.811] [odom] [warning] IMU prediction is not good.
[2026-07-08 20:13:01.811] [odom] [warning] Possibly T_lidar_imu is not accurate or IMU bias is not well estimated.
[2026-07-08 20:13:01.811] [odom] [warning] IMU validation results:
[2026-07-08 20:13:01.811] [odom] [warning] num_validations=9600
[2026-07-08 20:13:01.811] [odom] [warning] No-IMU errors rot=0.208 +- 0.247 deg, trans=0.018 +- 0.011 m, vel=0.027 +- 0.019 m/s
[2026-07-08 20:13:01.811] [odom] [warning] IMU errors rot=0.066 +- 0.054 deg, trans=0.020 +- 0.012 m, vel=0.060 +- 0.031 m/s
[2026-07-08 20:13:01.811] [odom] [warning] IMU better ratios rot=0.86, trans=0.04, vel=0.11
[2026-07-08 20:13:03.663] [glim] [info] playback speed: 2.795x
[2026-07-08 20:13:04.455] [odom] [warning] IMU bias estimation seems inaccurate.
[2026-07-08 20:13:04.455] [odom] [warning] Possibly T_lidar_imu is not accurate or LiDAR-IMU synchronization is not correct.
[2026-07-08 20:13:04.455] [odom] [warning] IMU bias validation results:
[2026-07-08 20:13:04.455] [odom] [warning] num_bias_validations=10112
[2026-07-08 20:13:04.455] [odom] [warning] bias_acc=[0.564, -0.607, 0.015] m/s^2, bias_gyro=[-0.019, 0.001, 0.001] rad/s
[2026-07-08 20:13:04.455] [odom] [warning] acc_stat ax=0.456 +- 0.207 [min=0.001, max=0.847], ay=-0.739 +- 0.313 [min=-1.077, max=0.015], az=0.022 +- 0.010 [min=0.008, max=0.055] m/s^2
[2026-07-08 20:13:04.455] [odom] [warning] gyro_stat wx=-0.019 +- 0.001 [min=-0.021, max=-0.017], wy=-0.000 +- 0.001 [min=-0.005, max=0.002], wz=0.001 +- 0.000 [min=0.001, max=0.002] rad/s
[2026-07-08 20:13:05.325] [odom] [warning] IMU prediction is not good.
[2026-07-08 20:13:05.325] [odom] [warning] Possibly T_lidar_imu is not accurate or IMU bias is not well estimated.
[2026-07-08 20:13:05.325] [odom] [warning] IMU validation results:
[2026-07-08 20:13:05.325] [odom] [warning] num_validations=9664
[2026-07-08 20:13:05.325] [odom] [warning] No-IMU errors rot=0.208 +- 0.247 deg, trans=0.018 +- 0.011 m, vel=0.027 +- 0.018 m/s
[2026-07-08 20:13:05.325] [odom] [warning] IMU errors rot=0.066 +- 0.054 deg, trans=0.020 +- 0.012 m, vel=0.060 +- 0.031 m/s
[2026-07-08 20:13:05.325] [odom] [warning] IMU better ratios rot=0.86, trans=0.04, vel=0.11
[2026-07-08 20:13:07.960] [odom] [warning] IMU bias estimation seems inaccurate.
[2026-07-08 20:13:07.960] [odom] [warning] Possibly T_lidar_imu is not accurate or LiDAR-IMU synchronization is not correct.
[2026-07-08 20:13:07.960] [odom] [warning] IMU bias validation results:
[2026-07-08 20:13:07.960] [odom] [warning] num_bias_validations=10176
[2026-07-08 20:13:07.960] [odom] [warning] bias_acc=[0.568, -0.590, 0.016] m/s^2, bias_gyro=[-0.020, 0.001, 0.001] rad/s
[2026-07-08 20:13:07.960] [odom] [warning] acc_stat ax=0.457 +- 0.207 [min=0.001, max=0.847], ay=-0.739 +- 0.312 [min=-1.077, max=0.015], az=0.022 +- 0.010 [min=0.008, max=0.055] m/s^2
[2026-07-08 20:13:07.960] [odom] [warning] gyro_stat wx=-0.019 +- 0.001 [min=-0.021, max=-0.017], wy=-0.000 +- 0.001 [min=-0.005, max=0.002], wz=0.001 +- 0.000 [min=0.001, max=0.002] rad/s
[2026-07-08 20:13:08.324] [odom] [warning] IMU prediction is not good.
[2026-07-08 20:13:08.325] [odom] [warning] Possibly T_lidar_imu is not accurate or IMU bias is not well estimated.
[2026-07-08 20:13:08.325] [odom] [warning] IMU validation results:
[2026-07-08 20:13:08.325] [odom] [warning] num_validations=9728
[2026-07-08 20:13:08.325] [odom] [warning] No-IMU errors rot=0.208 +- 0.246 deg, trans=0.018 +- 0.011 m, vel=0.027 +- 0.018 m/s
[2026-07-08 20:13:08.325] [odom] [warning] IMU errors rot=0.066 +- 0.054 deg, trans=0.020 +- 0.012 m, vel=0.060 +- 0.030 m/s
[2026-07-08 20:13:08.325] [odom] [warning] IMU better ratios rot=0.86, trans=0.04, vel=0.11
[2026-07-08 20:13:08.674] [glim] [info] playback speed: 2.470x
[2026-07-08 20:13:09.110] [odom] [warning] IMU bias estimation seems inaccurate.
[2026-07-08 20:13:09.110] [odom] [warning] Possibly T_lidar_imu is not accurate or LiDAR-IMU synchronization is not correct.
[2026-07-08 20:13:09.110] [odom] [warning] IMU bias validation results:
[2026-07-08 20:13:09.110] [odom] [warning] num_bias_validations=10240
[2026-07-08 20:13:09.110] [odom] [warning] bias_acc=[0.571, -0.574, 0.016] m/s^2, bias_gyro=[-0.020, 0.001, 0.001] rad/s
[2026-07-08 20:13:09.110] [odom] [warning] acc_stat ax=0.458 +- 0.206 [min=0.001, max=0.847], ay=-0.737 +- 0.312 [min=-1.077, max=0.015], az=0.022 +- 0.010 [min=0.008, max=0.055] m/s^2
[2026-07-08 20:13:09.110] [odom] [warning] gyro_stat wx=-0.019 +- 0.001 [min=-0.021, max=-0.017], wy=-0.000 +- 0.001 [min=-0.005, max=0.002], wz=0.001 +- 0.000 [min=0.001, max=0.002] rad/s
[2026-07-08 20:13:09.882] [odom] [warning] IMU prediction is not good.
[2026-07-08 20:13:09.882] [odom] [warning] Possibly T_lidar_imu is not accurate or IMU bias is not well estimated.
[2026-07-08 20:13:09.882] [odom] [warning] IMU validation results:
[2026-07-08 20:13:09.882] [odom] [warning] num_validations=9792
[2026-07-08 20:13:09.882] [odom] [warning] No-IMU errors rot=0.207 +- 0.245 deg, trans=0.018 +- 0.011 m, vel=0.027 +- 0.018 m/s
[2026-07-08 20:13:09.882] [odom] [warning] IMU errors rot=0.066 +- 0.054 deg, trans=0.020 +- 0.012 m, vel=0.060 +- 0.030 m/s
[2026-07-08 20:13:09.882] [odom] [warning] IMU better ratios rot=0.86, trans=0.04, vel=0.11
[2026-07-08 20:13:12.334] [odom] [warning] IMU bias estimation seems inaccurate.
[2026-07-08 20:13:12.334] [odom] [warning] Possibly T_lidar_imu is not accurate or LiDAR-IMU synchronization is not correct.
[2026-07-08 20:13:12.334] [odom] [warning] IMU bias validation results:
[2026-07-08 20:13:12.334] [odom] [warning] num_bias_validations=10304
[2026-07-08 20:13:12.334] [odom] [warning] bias_acc=[0.573, -0.561, 0.017] m/s^2, bias_gyro=[-0.020, 0.001, 0.001] rad/s
[2026-07-08 20:13:12.334] [odom] [warning] acc_stat ax=0.459 +- 0.206 [min=0.001, max=0.847], ay=-0.736 +- 0.311 [min=-1.077, max=0.015], az=0.022 +- 0.010 [min=0.008, max=0.055] m/s^2
[2026-07-08 20:13:12.334] [odom] [warning] gyro_stat wx=-0.019 +- 0.001 [min=-0.021, max=-0.017], wy=-0.000 +- 0.001 [min=-0.005, max=0.002], wz=0.001 +- 0.000 [min=0.001, max=0.002] rad/s
[2026-07-08 20:13:13.172] [odom] [warning] IMU prediction is not good.
[2026-07-08 20:13:13.172] [odom] [warning] Possibly T_lidar_imu is not accurate or IMU bias is not well estimated.
[2026-07-08 20:13:13.172] [odom] [warning] IMU validation results:
[2026-07-08 20:13:13.172] [odom] [warning] num_validations=9856
[2026-07-08 20:13:13.172] [odom] [warning] No-IMU errors rot=0.207 +- 0.245 deg, trans=0.018 +- 0.011 m, vel=0.027 +- 0.018 m/s
[2026-07-08 20:13:13.172] [odom] [warning] IMU errors rot=0.066 +- 0.054 deg, trans=0.020 +- 0.012 m, vel=0.060 +- 0.030 m/s
[2026-07-08 20:13:13.172] [odom] [warning] IMU better ratios rot=0.86, trans=0.04, vel=0.11
[2026-07-08 20:13:13.707] [glim] [info] playback speed: 2.217x
[2026-07-08 20:13:14.415] [odom] [warning] IMU bias estimation seems inaccurate.
[2026-07-08 20:13:14.415] [odom] [warning] Possibly T_lidar_imu is not accurate or LiDAR-IMU synchronization is not correct.
[2026-07-08 20:13:14.415] [odom] [warning] IMU bias validation results:
[2026-07-08 20:13:14.415] [odom] [warning] num_bias_validations=10368
[2026-07-08 20:13:14.415] [odom] [warning] bias_acc=[0.574, -0.549, 0.017] m/s^2, bias_gyro=[-0.020, 0.001, 0.001] rad/s
[2026-07-08 20:13:14.415] [odom] [warning] acc_stat ax=0.459 +- 0.206 [min=0.001, max=0.847], ay=-0.735 +- 0.310 [min=-1.077, max=0.015], az=0.022 +- 0.010 [min=0.008, max=0.055] m/s^2
[2026-07-08 20:13:14.415] [odom] [warning] gyro_stat wx=-0.019 +- 0.001 [min=-0.021, max=-0.017], wy=-0.000 +- 0.001 [min=-0.005, max=0.002], wz=0.001 +- 0.000 [min=0.001, max=0.002] rad/s
[2026-07-08 20:13:14.571] [odom] [warning] IMU prediction is not good.
[2026-07-08 20:13:14.571] [odom] [warning] Possibly T_lidar_imu is not accurate or IMU bias is not well estimated.
[2026-07-08 20:13:14.571] [odom] [warning] IMU validation results:
[2026-07-08 20:13:14.571] [odom] [warning] num_validations=9920
[2026-07-08 20:13:14.571] [odom] [warning] No-IMU errors rot=0.206 +- 0.244 deg, trans=0.018 +- 0.011 m, vel=0.027 +- 0.018 m/s
[2026-07-08 20:13:14.571] [odom] [warning] IMU errors rot=0.065 +- 0.054 deg, trans=0.020 +- 0.012 m, vel=0.060 +- 0.030 m/s
[2026-07-08 20:13:14.571] [odom] [warning] IMU better ratios rot=0.87, trans=0.04, vel=0.11
[2026-07-08 20:13:16.212] [odom] [warning] IMU bias estimation seems inaccurate.
[2026-07-08 20:13:16.212] [odom] [warning] Possibly T_lidar_imu is not accurate or LiDAR-IMU synchronization is not correct.
[2026-07-08 20:13:16.212] [odom] [warning] IMU bias validation results:
[2026-07-08 20:13:16.212] [odom] [warning] num_bias_validations=10432
[2026-07-08 20:13:16.212] [odom] [warning] bias_acc=[0.573, -0.535, 0.018] m/s^2, bias_gyro=[-0.020, 0.001, 0.001] rad/s
[2026-07-08 20:13:16.212] [odom] [warning] acc_stat ax=0.460 +- 0.205 [min=0.001, max=0.847], ay=-0.734 +- 0.310 [min=-1.077, max=0.015], az=0.022 +- 0.010 [min=0.008, max=0.055] m/s^2
[2026-07-08 20:13:16.212] [odom] [warning] gyro_stat wx=-0.019 +- 0.001 [min=-0.021, max=-0.017], wy=-0.000 +- 0.001 [min=-0.005, max=0.002], wz=0.001 +- 0.000 [min=0.001, max=0.002] rad/s
[2026-07-08 20:13:16.965] [odom] [warning] IMU prediction is not good.
[2026-07-08 20:13:16.965] [odom] [warning] Possibly T_lidar_imu is not accurate or IMU bias is not well estimated.
[2026-07-08 20:13:16.965] [odom] [warning] IMU validation results:
[2026-07-08 20:13:16.965] [odom] [warning] num_validations=9984
[2026-07-08 20:13:16.965] [odom] [warning] No-IMU errors rot=0.206 +- 0.243 deg, trans=0.018 +- 0.011 m, vel=0.027 +- 0.018 m/s
[2026-07-08 20:13:16.965] [odom] [warning] IMU errors rot=0.065 +- 0.053 deg, trans=0.020 +- 0.012 m, vel=0.060 +- 0.030 m/s
[2026-07-08 20:13:16.965] [odom] [warning] IMU better ratios rot=0.87, trans=0.04, vel=0.11
[2026-07-08 20:13:18.726] [glim] [info] playback speed: 3.113x
[2026-07-08 20:13:19.174] [odom] [warning] IMU bias estimation seems inaccurate.
[2026-07-08 20:13:19.174] [odom] [warning] Possibly T_lidar_imu is not accurate or LiDAR-IMU synchronization is not correct.
[2026-07-08 20:13:19.174] [odom] [warning] IMU bias validation results:
[2026-07-08 20:13:19.174] [odom] [warning] num_bias_validations=10496
[2026-07-08 20:13:19.174] [odom] [warning] bias_acc=[0.574, -0.523, 0.019] m/s^2, bias_gyro=[-0.020, 0.001, 0.001] rad/s
[2026-07-08 20:13:19.174] [odom] [warning] acc_stat ax=0.461 +- 0.205 [min=0.001, max=0.847], ay=-0.733 +- 0.309 [min=-1.077, max=0.015], az=0.022 +- 0.010 [min=0.008, max=0.055] m/s^2
[2026-07-08 20:13:19.174] [odom] [warning] gyro_stat wx=-0.019 +- 0.001 [min=-0.021, max=-0.017], wy=-0.000 +- 0.001 [min=-0.005, max=0.002], wz=0.001 +- 0.000 [min=0.001, max=0.002] rad/s
[2026-07-08 20:13:19.940] [odom] [warning] IMU prediction is not good.
[2026-07-08 20:13:19.940] [odom] [warning] Possibly T_lidar_imu is not accurate or IMU bias is not well estimated.
[2026-07-08 20:13:19.940] [odom] [warning] IMU validation results:
[2026-07-08 20:13:19.940] [odom] [warning] num_validations=10048
[2026-07-08 20:13:19.940] [odom] [warning] No-IMU errors rot=0.206 +- 0.243 deg, trans=0.017 +- 0.010 m, vel=0.027 +- 0.018 m/s
[2026-07-08 20:13:19.940] [odom] [warning] IMU errors rot=0.066 +- 0.054 deg, trans=0.020 +- 0.012 m, vel=0.060 +- 0.030 m/s
[2026-07-08 20:13:19.940] [odom] [warning] IMU better ratios rot=0.87, trans=0.04, vel=0.11
[2026-07-08 20:13:21.047] [odom] [warning] IMU bias estimation seems inaccurate.
[2026-07-08 20:13:21.047] [odom] [warning] Possibly T_lidar_imu is not accurate or LiDAR-IMU synchronization is not correct.
[2026-07-08 20:13:21.047] [odom] [warning] IMU bias validation results:
[2026-07-08 20:13:21.047] [odom] [warning] num_bias_validations=10560
[2026-07-08 20:13:21.047] [odom] [warning] bias_acc=[0.574, -0.512, 0.019] m/s^2, bias_gyro=[-0.020, 0.001, 0.001] rad/s
[2026-07-08 20:13:21.047] [odom] [warning] acc_stat ax=0.461 +- 0.204 [min=0.001, max=0.847], ay=-0.731 +- 0.309 [min=-1.077, max=0.015], az=0.022 +- 0.010 [min=0.008, max=0.055] m/s^2
[2026-07-08 20:13:21.047] [odom] [warning] gyro_stat wx=-0.019 +- 0.001 [min=-0.021, max=-0.017], wy=-0.000 +- 0.001 [min=-0.005, max=0.002], wz=0.001 +- 0.000 [min=0.001, max=0.002] rad/s
[2026-07-08 20:13:21.184] [odom] [warning] IMU prediction is not good.
[2026-07-08 20:13:21.184] [odom] [warning] Possibly T_lidar_imu is not accurate or IMU bias is not well estimated.
[2026-07-08 20:13:21.184] [odom] [warning] IMU validation results:
[2026-07-08 20:13:21.184] [odom] [warning] num_validations=10112
[2026-07-08 20:13:21.184] [odom] [warning] No-IMU errors rot=0.205 +- 0.242 deg, trans=0.017 +- 0.010 m, vel=0.027 +- 0.018 m/s
[2026-07-08 20:13:21.184] [odom] [warning] IMU errors rot=0.065 +- 0.053 deg, trans=0.020 +- 0.012 m, vel=0.060 +- 0.030 m/s
[2026-07-08 20:13:21.184] [odom] [warning] IMU better ratios rot=0.87, trans=0.04, vel=0.11
[2026-07-08 20:13:22.580] [odom] [warning] IMU bias estimation seems inaccurate.
[2026-07-08 20:13:22.580] [odom] [warning] Possibly T_lidar_imu is not accurate or LiDAR-IMU synchronization is not correct.
[2026-07-08 20:13:22.580] [odom] [warning] IMU bias validation results:
[2026-07-08 20:13:22.580] [odom] [warning] num_bias_validations=10624
[2026-07-08 20:13:22.580] [odom] [warning] bias_acc=[0.575, -0.503, 0.019] m/s^2, bias_gyro=[-0.020, 0.001, 0.001] rad/s
[2026-07-08 20:13:22.580] [odom] [warning] acc_stat ax=0.462 +- 0.204 [min=0.001, max=0.847], ay=-0.730 +- 0.308 [min=-1.077, max=0.015], az=0.022 +- 0.010 [min=0.008, max=0.055] m/s^2
[2026-07-08 20:13:22.580] [odom] [warning] gyro_stat wx=-0.019 +- 0.001 [min=-0.021, max=-0.017], wy=-0.000 +- 0.001 [min=-0.005, max=0.002], wz=0.001 +- 0.000 [min=0.001, max=0.002] rad/s
[2026-07-08 20:13:22.699] [odom] [warning] IMU prediction is not good.
[2026-07-08 20:13:22.699] [odom] [warning] Possibly T_lidar_imu is not accurate or IMU bias is not well estimated.
[2026-07-08 20:13:22.699] [odom] [warning] IMU validation results:
[2026-07-08 20:13:22.699] [odom] [warning] num_validations=10176
[2026-07-08 20:13:22.699] [odom] [warning] No-IMU errors rot=0.205 +- 0.242 deg, trans=0.017 +- 0.010 m, vel=0.027 +- 0.018 m/s
[2026-07-08 20:13:22.699] [odom] [warning] IMU errors rot=0.065 +- 0.053 deg, trans=0.020 +- 0.012 m, vel=0.060 +- 0.030 m/s
[2026-07-08 20:13:22.699] [odom] [warning] IMU better ratios rot=0.87, trans=0.04, vel=0.11
[2026-07-08 20:13:23.633] [odom] [warning] IMU bias estimation seems inaccurate.
[2026-07-08 20:13:23.633] [odom] [warning] Possibly T_lidar_imu is not accurate or LiDAR-IMU synchronization is not correct.
[2026-07-08 20:13:23.633] [odom] [warning] IMU bias validation results:
[2026-07-08 20:13:23.633] [odom] [warning] num_bias_validations=10688
[2026-07-08 20:13:23.633] [odom] [warning] bias_acc=[0.575, -0.492, 0.020] m/s^2, bias_gyro=[-0.020, 0.001, 0.001] rad/s
[2026-07-08 20:13:23.633] [odom] [warning] acc_stat ax=0.463 +- 0.203 [min=0.001, max=0.847], ay=-0.729 +- 0.308 [min=-1.077, max=0.015], az=0.022 +- 0.010 [min=0.008, max=0.055] m/s^2
[2026-07-08 20:13:23.633] [odom] [warning] gyro_stat wx=-0.019 +- 0.001 [min=-0.021, max=-0.017], wy=-0.000 +- 0.001 [min=-0.005, max=0.002], wz=0.001 +- 0.000 [min=0.001, max=0.002] rad/s
[2026-07-08 20:13:23.747] [glim] [info] playback speed: 4.101x
[2026-07-08 20:13:24.382] [odom] [warning] IMU prediction is not good.
[2026-07-08 20:13:24.382] [odom] [warning] Possibly T_lidar_imu is not accurate or IMU bias is not well estimated.
[2026-07-08 20:13:24.382] [odom] [warning] IMU validation results:
[2026-07-08 20:13:24.382] [odom] [warning] num_validations=10240
[2026-07-08 20:13:24.382] [odom] [warning] No-IMU errors rot=0.204 +- 0.241 deg, trans=0.017 +- 0.010 m, vel=0.027 +- 0.018 m/s
[2026-07-08 20:13:24.382] [odom] [warning] IMU errors rot=0.065 +- 0.053 deg, trans=0.020 +- 0.012 m, vel=0.060 +- 0.030 m/s
[2026-07-08 20:13:24.382] [odom] [warning] IMU better ratios rot=0.87, trans=0.04, vel=0.11
[2026-07-08 20:13:25.152] [odom] [warning] IMU bias estimation seems inaccurate.
[2026-07-08 20:13:25.152] [odom] [warning] Possibly T_lidar_imu is not accurate or LiDAR-IMU synchronization is not correct.
[2026-07-08 20:13:25.152] [odom] [warning] IMU bias validation results:
[2026-07-08 20:13:25.152] [odom] [warning] num_bias_validations=10752
[2026-07-08 20:13:25.152] [odom] [warning] bias_acc=[0.576, -0.480, 0.020] m/s^2, bias_gyro=[-0.019, 0.001, 0.001] rad/s
[2026-07-08 20:13:25.152] [odom] [warning] acc_stat ax=0.463 +- 0.203 [min=0.001, max=0.847], ay=-0.727 +- 0.308 [min=-1.077, max=0.015], az=0.022 +- 0.009 [min=0.008, max=0.055] m/s^2
[2026-07-08 20:13:25.152] [odom] [warning] gyro_stat wx=-0.019 +- 0.001 [min=-0.021, max=-0.017], wy=-0.000 +- 0.001 [min=-0.005, max=0.002], wz=0.001 +- 0.000 [min=0.001, max=0.002] rad/s
[2026-07-08 20:13:25.438] [odom] [warning] IMU prediction is not good.
[2026-07-08 20:13:25.438] [odom] [warning] Possibly T_lidar_imu is not accurate or IMU bias is not well estimated.
[2026-07-08 20:13:25.438] [odom] [warning] IMU validation results:
[2026-07-08 20:13:25.438] [odom] [warning] num_validations=10304
[2026-07-08 20:13:25.438] [odom] [warning] No-IMU errors rot=0.204 +- 0.241 deg, trans=0.017 +- 0.010 m, vel=0.027 +- 0.018 m/s
[2026-07-08 20:13:25.438] [odom] [warning] IMU errors rot=0.065 +- 0.053 deg, trans=0.020 +- 0.012 m, vel=0.059 +- 0.030 m/s
[2026-07-08 20:13:25.438] [odom] [warning] IMU better ratios rot=0.87, trans=0.04, vel=0.11
[2026-07-08 20:13:27.091] [odom] [warning] IMU bias estimation seems inaccurate.
[2026-07-08 20:13:27.091] [odom] [warning] Possibly T_lidar_imu is not accurate or LiDAR-IMU synchronization is not correct.
[2026-07-08 20:13:27.091] [odom] [warning] IMU bias validation results:
[2026-07-08 20:13:27.091] [odom] [warning] num_bias_validations=10816
[2026-07-08 20:13:27.091] [odom] [warning] bias_acc=[0.575, -0.469, 0.021] m/s^2, bias_gyro=[-0.020, 0.001, 0.001] rad/s
[2026-07-08 20:13:27.091] [odom] [warning] acc_stat ax=0.464 +- 0.203 [min=0.001, max=0.847], ay=-0.726 +- 0.307 [min=-1.077, max=0.015], az=0.022 +- 0.009 [min=0.008, max=0.055] m/s^2
[2026-07-08 20:13:27.091] [odom] [warning] gyro_stat wx=-0.019 +- 0.001 [min=-0.021, max=-0.017], wy=-0.000 +- 0.001 [min=-0.005, max=0.002], wz=0.001 +- 0.000 [min=0.001, max=0.002] rad/s
[2026-07-08 20:13:28.758] [glim] [info] playback speed: 3.563x
[2026-07-08 20:13:29.408] [odom] [warning] IMU bias estimation seems inaccurate.
[2026-07-08 20:13:29.408] [odom] [warning] Possibly T_lidar_imu is not accurate or LiDAR-IMU synchronization is not correct.
[2026-07-08 20:13:29.408] [odom] [warning] IMU bias validation results:
[2026-07-08 20:13:29.408] [odom] [warning] num_bias_validations=10880
[2026-07-08 20:13:29.408] [odom] [warning] bias_acc=[0.575, -0.458, 0.022] m/s^2, bias_gyro=[-0.020, 0.001, 0.001] rad/s
[2026-07-08 20:13:29.408] [odom] [warning] acc_stat ax=0.465 +- 0.202 [min=0.001, max=0.847], ay=-0.724 +- 0.307 [min=-1.077, max=0.015], az=0.022 +- 0.009 [min=0.008, max=0.055] m/s^2
[2026-07-08 20:13:29.408] [odom] [warning] gyro_stat wx=-0.019 +- 0.001 [min=-0.021, max=-0.017], wy=-0.000 +- 0.001 [min=-0.005, max=0.002], wz=0.001 +- 0.000 [min=0.001, max=0.002] rad/s
[2026-07-08 20:13:29.807] [odom] [warning] IMU prediction is not good.
[2026-07-08 20:13:29.807] [odom] [warning] Possibly T_lidar_imu is not accurate or IMU bias is not well estimated.
[2026-07-08 20:13:29.807] [odom] [warning] IMU validation results:
[2026-07-08 20:13:29.807] [odom] [warning] num_validations=10368
[2026-07-08 20:13:29.807] [odom] [warning] No-IMU errors rot=0.203 +- 0.240 deg, trans=0.017 +- 0.010 m, vel=0.027 +- 0.018 m/s
[2026-07-08 20:13:29.807] [odom] [warning] IMU errors rot=0.065 +- 0.053 deg, trans=0.020 +- 0.012 m, vel=0.059 +- 0.030 m/s
[2026-07-08 20:13:29.807] [odom] [warning] IMU better ratios rot=0.87, trans=0.04, vel=0.11
[2026-07-08 20:13:31.271] [odom] [warning] IMU bias estimation seems inaccurate.
[2026-07-08 20:13:31.271] [odom] [warning] Possibly T_lidar_imu is not accurate or LiDAR-IMU synchronization is not correct.
[2026-07-08 20:13:31.271] [odom] [warning] IMU bias validation results:
[2026-07-08 20:13:31.271] [odom] [warning] num_bias_validations=10944
[2026-07-08 20:13:31.271] [odom] [warning] bias_acc=[0.577, -0.448, 0.022] m/s^2, bias_gyro=[-0.020, 0.000, 0.001] rad/s
[2026-07-08 20:13:31.271] [odom] [warning] acc_stat ax=0.465 +- 0.202 [min=0.001, max=0.847], ay=-0.722 +- 0.307 [min=-1.077, max=0.015], az=0.022 +- 0.009 [min=0.008, max=0.055] m/s^2
[2026-07-08 20:13:31.271] [odom] [warning] gyro_stat wx=-0.019 +- 0.001 [min=-0.021, max=-0.017], wy=-0.000 +- 0.001 [min=-0.005, max=0.002], wz=0.001 +- 0.000 [min=0.001, max=0.002] rad/s
[2026-07-08 20:13:31.334] [odom] [warning] IMU prediction is not good.
[2026-07-08 20:13:31.334] [odom] [warning] Possibly T_lidar_imu is not accurate or IMU bias is not well estimated.
[2026-07-08 20:13:31.334] [odom] [warning] IMU validation results:
[2026-07-08 20:13:31.334] [odom] [warning] num_validations=10432
[2026-07-08 20:13:31.334] [odom] [warning] No-IMU errors rot=0.206 +- 0.245 deg, trans=0.017 +- 0.010 m, vel=0.027 +- 0.019 m/s
[2026-07-08 20:13:31.334] [odom] [warning] IMU errors rot=0.066 +- 0.055 deg, trans=0.020 +- 0.012 m, vel=0.059 +- 0.030 m/s
[2026-07-08 20:13:31.334] [odom] [warning] IMU better ratios rot=0.87, trans=0.04, vel=0.11
[2026-07-08 20:13:33.055] [odom] [warning] IMU bias estimation seems inaccurate.
[2026-07-08 20:13:33.055] [odom] [warning] Possibly T_lidar_imu is not accurate or LiDAR-IMU synchronization is not correct.
[2026-07-08 20:13:33.055] [odom] [warning] IMU bias validation results:
[2026-07-08 20:13:33.055] [odom] [warning] num_bias_validations=11008
[2026-07-08 20:13:33.055] [odom] [warning] bias_acc=[0.592, -0.453, 0.022] m/s^2, bias_gyro=[-0.019, -0.004, 0.001] rad/s
[2026-07-08 20:13:33.055] [odom] [warning] acc_stat ax=0.466 +- 0.201 [min=0.001, max=0.847], ay=-0.721 +- 0.307 [min=-1.077, max=0.015], az=0.022 +- 0.009 [min=0.008, max=0.055] m/s^2
[2026-07-08 20:13:33.055] [odom] [warning] gyro_stat wx=-0.019 +- 0.001 [min=-0.021, max=-0.017], wy=-0.000 +- 0.001 [min=-0.005, max=0.002], wz=0.001 +- 0.000 [min=0.001, max=0.002] rad/s
[2026-07-08 20:13:33.582] [odom] [warning] IMU prediction is not good.
[2026-07-08 20:13:33.582] [odom] [warning] Possibly T_lidar_imu is not accurate or IMU bias is not well estimated.
[2026-07-08 20:13:33.582] [odom] [warning] IMU validation results:
[2026-07-08 20:13:33.582] [odom] [warning] num_validations=10496
[2026-07-08 20:13:33.582] [odom] [warning] No-IMU errors rot=0.212 +- 0.256 deg, trans=0.017 +- 0.010 m, vel=0.027 +- 0.019 m/s
[2026-07-08 20:13:33.582] [odom] [warning] IMU errors rot=0.066 +- 0.055 deg, trans=0.020 +- 0.012 m, vel=0.060 +- 0.030 m/s
[2026-07-08 20:13:33.582] [odom] [warning] IMU better ratios rot=0.87, trans=0.04, vel=0.11
[2026-07-08 20:13:33.758] [glim] [info] playback speed: 3.215x
[2026-07-08 20:13:34.663] [odom] [warning] IMU bias estimation seems inaccurate.
[2026-07-08 20:13:34.663] [odom] [warning] Possibly T_lidar_imu is not accurate or LiDAR-IMU synchronization is not correct.
[2026-07-08 20:13:34.663] [odom] [warning] IMU bias validation results:
[2026-07-08 20:13:34.663] [odom] [warning] num_bias_validations=11072
[2026-07-08 20:13:34.663] [odom] [warning] bias_acc=[0.608, -0.477, 0.020] m/s^2, bias_gyro=[-0.019, -0.003, 0.001] rad/s
[2026-07-08 20:13:34.663] [odom] [warning] acc_stat ax=0.467 +- 0.201 [min=0.001, max=0.847], ay=-0.719 +- 0.306 [min=-1.077, max=0.015], az=0.022 +- 0.009 [min=0.008, max=0.055] m/s^2
[2026-07-08 20:13:34.663] [odom] [warning] gyro_stat wx=-0.019 +- 0.001 [min=-0.021, max=-0.017], wy=-0.000 +- 0.001 [min=-0.005, max=0.002], wz=0.001 +- 0.000 [min=0.001, max=0.002] rad/s
[2026-07-08 20:13:34.933] [odom] [warning] IMU prediction is not good.
[2026-07-08 20:13:34.933] [odom] [warning] Possibly T_lidar_imu is not accurate or IMU bias is not well estimated.
[2026-07-08 20:13:34.933] [odom] [warning] IMU validation results:
[2026-07-08 20:13:34.933] [odom] [warning] num_validations=10560
[2026-07-08 20:13:34.933] [odom] [warning] No-IMU errors rot=0.211 +- 0.256 deg, trans=0.017 +- 0.010 m, vel=0.027 +- 0.019 m/s
[2026-07-08 20:13:34.933] [odom] [warning] IMU errors rot=0.066 +- 0.055 deg, trans=0.020 +- 0.012 m, vel=0.060 +- 0.030 m/s
[2026-07-08 20:13:34.933] [odom] [warning] IMU better ratios rot=0.87, trans=0.04, vel=0.11
[2026-07-08 20:13:37.182] [odom] [warning] IMU bias estimation seems inaccurate.
[2026-07-08 20:13:37.183] [odom] [warning] Possibly T_lidar_imu is not accurate or LiDAR-IMU synchronization is not correct.
[2026-07-08 20:13:37.183] [odom] [warning] IMU bias validation results:
[2026-07-08 20:13:37.183] [odom] [warning] num_bias_validations=11136
[2026-07-08 20:13:37.183] [odom] [warning] bias_acc=[0.623, -0.502, 0.019] m/s^2, bias_gyro=[-0.019, -0.003, 0.001] rad/s
[2026-07-08 20:13:37.183] [odom] [warning] acc_stat ax=0.468 +- 0.201 [min=0.001, max=0.847], ay=-0.718 +- 0.306 [min=-1.077, max=0.015], az=0.022 +- 0.009 [min=0.008, max=0.055] m/s^2
[2026-07-08 20:13:37.183] [odom] [warning] gyro_stat wx=-0.019 +- 0.001 [min=-0.021, max=-0.017], wy=-0.000 +- 0.001 [min=-0.005, max=0.002], wz=0.001 +- 0.000 [min=0.001, max=0.002] rad/s
[2026-07-08 20:13:37.724] [odom] [warning] IMU prediction is not good.
[2026-07-08 20:13:37.724] [odom] [warning] Possibly T_lidar_imu is not accurate or IMU bias is not well estimated.
[2026-07-08 20:13:37.724] [odom] [warning] IMU validation results:
[2026-07-08 20:13:37.724] [odom] [warning] num_validations=10624
[2026-07-08 20:13:37.724] [odom] [warning] No-IMU errors rot=0.211 +- 0.255 deg, trans=0.017 +- 0.010 m, vel=0.027 +- 0.019 m/s
[2026-07-08 20:13:37.724] [odom] [warning] IMU errors rot=0.066 +- 0.055 deg, trans=0.020 +- 0.012 m, vel=0.060 +- 0.030 m/s
[2026-07-08 20:13:37.724] [odom] [warning] IMU better ratios rot=0.86, trans=0.04, vel=0.11
[2026-07-08 20:13:38.782] [glim] [info] playback speed: 2.918x
[2026-07-08 20:13:40.381] [odom] [warning] IMU bias estimation seems inaccurate.
[2026-07-08 20:13:40.381] [odom] [warning] Possibly T_lidar_imu is not accurate or LiDAR-IMU synchronization is not correct.
[2026-07-08 20:13:40.381] [odom] [warning] IMU bias validation results:
[2026-07-08 20:13:40.381] [odom] [warning] num_bias_validations=11200
[2026-07-08 20:13:40.381] [odom] [warning] bias_acc=[0.636, -0.526, 0.018] m/s^2, bias_gyro=[-0.019, -0.002, 0.001] rad/s
[2026-07-08 20:13:40.381] [odom] [warning] acc_stat ax=0.469 +- 0.201 [min=0.001, max=0.847], ay=-0.717 +- 0.305 [min=-1.077, max=0.015], az=0.022 +- 0.009 [min=0.008, max=0.055] m/s^2
[2026-07-08 20:13:40.381] [odom] [warning] gyro_stat wx=-0.019 +- 0.001 [min=-0.021, max=-0.017], wy=-0.000 +- 0.001 [min=-0.005, max=0.002], wz=0.001 +- 0.000 [min=0.001, max=0.002] rad/s
[2026-07-08 20:13:40.461] [odom] [warning] IMU prediction is not good.
[2026-07-08 20:13:40.461] [odom] [warning] Possibly T_lidar_imu is not accurate or IMU bias is not well estimated.
[2026-07-08 20:13:40.461] [odom] [warning] IMU validation results:
[2026-07-08 20:13:40.461] [odom] [warning] num_validations=10688
[2026-07-08 20:13:40.461] [odom] [warning] No-IMU errors rot=0.210 +- 0.255 deg, trans=0.018 +- 0.010 m, vel=0.027 +- 0.019 m/s
[2026-07-08 20:13:40.461] [odom] [warning] IMU errors rot=0.066 +- 0.055 deg, trans=0.020 +- 0.012 m, vel=0.061 +- 0.031 m/s
[2026-07-08 20:13:40.461] [odom] [warning] IMU better ratios rot=0.86, trans=0.04, vel=0.11
[2026-07-08 20:13:41.662] [odom] [warning] IMU bias estimation seems inaccurate.
[2026-07-08 20:13:41.662] [odom] [warning] Possibly T_lidar_imu is not accurate or LiDAR-IMU synchronization is not correct.
[2026-07-08 20:13:41.662] [odom] [warning] IMU bias validation results:
[2026-07-08 20:13:41.662] [odom] [warning] num_bias_validations=11264
[2026-07-08 20:13:41.662] [odom] [warning] bias_acc=[0.647, -0.550, 0.017] m/s^2, bias_gyro=[-0.019, -0.002, 0.001] rad/s
[2026-07-08 20:13:41.662] [odom] [warning] acc_stat ax=0.470 +- 0.201 [min=0.001, max=0.847], ay=-0.716 +- 0.305 [min=-1.077, max=0.015], az=0.022 +- 0.009 [min=0.008, max=0.055] m/s^2
[2026-07-08 20:13:41.662] [odom] [warning] gyro_stat wx=-0.019 +- 0.001 [min=-0.021, max=-0.017], wy=-0.000 +- 0.001 [min=-0.005, max=0.002], wz=0.001 +- 0.000 [min=0.001, max=0.002] rad/s
[2026-07-08 20:13:42.180] [odom] [warning] IMU prediction is not good.
[2026-07-08 20:13:42.180] [odom] [warning] Possibly T_lidar_imu is not accurate or IMU bias is not well estimated.
[2026-07-08 20:13:42.180] [odom] [warning] IMU validation results:
[2026-07-08 20:13:42.180] [odom] [warning] num_validations=10752
[2026-07-08 20:13:42.180] [odom] [warning] No-IMU errors rot=0.210 +- 0.254 deg, trans=0.018 +- 0.010 m, vel=0.027 +- 0.019 m/s
[2026-07-08 20:13:42.180] [odom] [warning] IMU errors rot=0.066 +- 0.055 deg, trans=0.020 +- 0.012 m, vel=0.061 +- 0.031 m/s
[2026-07-08 20:13:42.180] [odom] [warning] IMU better ratios rot=0.86, trans=0.04, vel=0.11
[2026-07-08 20:13:43.623] [odom] [warning] IMU bias estimation seems inaccurate.
[2026-07-08 20:13:43.623] [odom] [warning] Possibly T_lidar_imu is not accurate or LiDAR-IMU synchronization is not correct.
[2026-07-08 20:13:43.623] [odom] [warning] IMU bias validation results:
[2026-07-08 20:13:43.623] [odom] [warning] num_bias_validations=11328
[2026-07-08 20:13:43.623] [odom] [warning] bias_acc=[0.657, -0.569, 0.015] m/s^2, bias_gyro=[-0.019, -0.001, 0.001] rad/s
[2026-07-08 20:13:43.623] [odom] [warning] acc_stat ax=0.471 +- 0.200 [min=0.001, max=0.847], ay=-0.715 +- 0.304 [min=-1.077, max=0.015], az=0.022 +- 0.009 [min=0.008, max=0.055] m/s^2
[2026-07-08 20:13:43.623] [odom] [warning] gyro_stat wx=-0.019 +- 0.001 [min=-0.021, max=-0.017], wy=-0.000 +- 0.001 [min=-0.005, max=0.002], wz=0.001 +- 0.000 [min=0.001, max=0.002] rad/s
[2026-07-08 20:13:43.809] [glim] [info] playback speed: 3.289x
[2026-07-08 20:13:44.001] [odom] [warning] IMU prediction is not good.
[2026-07-08 20:13:44.001] [odom] [warning] Possibly T_lidar_imu is not accurate or IMU bias is not well estimated.
[2026-07-08 20:13:44.001] [odom] [warning] IMU validation results:
[2026-07-08 20:13:44.001] [odom] [warning] num_validations=10816
[2026-07-08 20:13:44.001] [odom] [warning] No-IMU errors rot=0.209 +- 0.254 deg, trans=0.018 +- 0.010 m, vel=0.027 +- 0.019 m/s
[2026-07-08 20:13:44.001] [odom] [warning] IMU errors rot=0.066 +- 0.055 deg, trans=0.020 +- 0.012 m, vel=0.061 +- 0.031 m/s
[2026-07-08 20:13:44.001] [odom] [warning] IMU better ratios rot=0.86, trans=0.04, vel=0.11
[2026-07-08 20:13:45.819] [odom] [warning] IMU bias estimation seems inaccurate.
[2026-07-08 20:13:45.819] [odom] [warning] Possibly T_lidar_imu is not accurate or LiDAR-IMU synchronization is not correct.
[2026-07-08 20:13:45.819] [odom] [warning] IMU bias validation results:
[2026-07-08 20:13:45.819] [odom] [warning] num_bias_validations=11392
[2026-07-08 20:13:45.819] [odom] [warning] bias_acc=[0.666, -0.588, 0.013] m/s^2, bias_gyro=[-0.019, -0.001, 0.001] rad/s
[2026-07-08 20:13:45.819] [odom] [warning] acc_stat ax=0.472 +- 0.200 [min=0.001, max=0.847], ay=-0.715 +- 0.303 [min=-1.077, max=0.015], az=0.022 +- 0.009 [min=0.008, max=0.055] m/s^2
[2026-07-08 20:13:45.819] [odom] [warning] gyro_stat wx=-0.019 +- 0.001 [min=-0.021, max=-0.017], wy=-0.000 +- 0.001 [min=-0.005, max=0.002], wz=0.001 +- 0.000 [min=0.001, max=0.002] rad/s
[2026-07-08 20:13:46.271] [odom] [warning] IMU prediction is not good.
[2026-07-08 20:13:46.271] [odom] [warning] Possibly T_lidar_imu is not accurate or IMU bias is not well estimated.
[2026-07-08 20:13:46.271] [odom] [warning] IMU validation results:
[2026-07-08 20:13:46.271] [odom] [warning] num_validations=10880
[2026-07-08 20:13:46.271] [odom] [warning] No-IMU errors rot=0.209 +- 0.253 deg, trans=0.018 +- 0.010 m, vel=0.027 +- 0.019 m/s
[2026-07-08 20:13:46.271] [odom] [warning] IMU errors rot=0.066 +- 0.055 deg, trans=0.020 +- 0.012 m, vel=0.061 +- 0.031 m/s
[2026-07-08 20:13:46.271] [odom] [warning] IMU better ratios rot=0.86, trans=0.04, vel=0.11
[2026-07-08 20:13:48.127] [odom] [warning] IMU bias estimation seems inaccurate.
[2026-07-08 20:13:48.127] [odom] [warning] Possibly T_lidar_imu is not accurate or LiDAR-IMU synchronization is not correct.
[2026-07-08 20:13:48.127] [odom] [warning] IMU bias validation results:
[2026-07-08 20:13:48.127] [odom] [warning] num_bias_validations=11456
[2026-07-08 20:13:48.127] [odom] [warning] bias_acc=[0.673, -0.605, 0.011] m/s^2, bias_gyro=[-0.019, -0.000, 0.001] rad/s
[2026-07-08 20:13:48.127] [odom] [warning] acc_stat ax=0.473 +- 0.200 [min=0.001, max=0.847], ay=-0.714 +- 0.303 [min=-1.077, max=0.015], az=0.022 +- 0.009 [min=0.008, max=0.055] m/s^2
[2026-07-08 20:13:48.127] [odom] [warning] gyro_stat wx=-0.019 +- 0.001 [min=-0.021, max=-0.017], wy=-0.000 +- 0.001 [min=-0.005, max=0.002], wz=0.001 +- 0.000 [min=0.001, max=0.002] rad/s
[2026-07-08 20:13:48.617] [odom] [warning] IMU prediction is not good.
[2026-07-08 20:13:48.617] [odom] [warning] Possibly T_lidar_imu is not accurate or IMU bias is not well estimated.
[2026-07-08 20:13:48.617] [odom] [warning] IMU validation results:
[2026-07-08 20:13:48.617] [odom] [warning] num_validations=10944
[2026-07-08 20:13:48.617] [odom] [warning] No-IMU errors rot=0.209 +- 0.253 deg, trans=0.018 +- 0.010 m, vel=0.027 +- 0.019 m/s
[2026-07-08 20:13:48.617] [odom] [warning] IMU errors rot=0.066 +- 0.055 deg, trans=0.020 +- 0.012 m, vel=0.061 +- 0.031 m/s
[2026-07-08 20:13:48.617] [odom] [warning] IMU better ratios rot=0.86, trans=0.04, vel=0.11
[2026-07-08 20:13:48.814] [glim] [info] playback speed: 2.838x
[2026-07-08 20:13:50.313] [odom] [warning] IMU bias estimation seems inaccurate.
[2026-07-08 20:13:50.313] [odom] [warning] Possibly T_lidar_imu is not accurate or LiDAR-IMU synchronization is not correct.
[2026-07-08 20:13:50.313] [odom] [warning] IMU bias validation results:
[2026-07-08 20:13:50.313] [odom] [warning] num_bias_validations=11520
[2026-07-08 20:13:50.313] [odom] [warning] bias_acc=[0.677, -0.626, 0.011] m/s^2, bias_gyro=[-0.019, -0.003, 0.001] rad/s
[2026-07-08 20:13:50.313] [odom] [warning] acc_stat ax=0.474 +- 0.200 [min=0.001, max=0.847], ay=-0.713 +- 0.302 [min=-1.077, max=0.015], az=0.022 +- 0.009 [min=0.008, max=0.055] m/s^2
[2026-07-08 20:13:50.313] [odom] [warning] gyro_stat wx=-0.019 +- 0.001 [min=-0.021, max=-0.017], wy=-0.000 +- 0.001 [min=-0.005, max=0.002], wz=0.001 +- 0.000 [min=0.001, max=0.002] rad/s
[2026-07-08 20:13:50.858] [odom] [warning] IMU prediction is not good.
[2026-07-08 20:13:50.858] [odom] [warning] Possibly T_lidar_imu is not accurate or IMU bias is not well estimated.
[2026-07-08 20:13:50.858] [odom] [warning] IMU validation results:
[2026-07-08 20:13:50.858] [odom] [warning] num_validations=11008
[2026-07-08 20:13:50.858] [odom] [warning] No-IMU errors rot=0.212 +- 0.256 deg, trans=0.018 +- 0.010 m, vel=0.027 +- 0.020 m/s
[2026-07-08 20:13:50.858] [odom] [warning] IMU errors rot=0.067 +- 0.055 deg, trans=0.020 +- 0.012 m, vel=0.062 +- 0.031 m/s
[2026-07-08 20:13:50.858] [odom] [warning] IMU better ratios rot=0.86, trans=0.04, vel=0.11
[2026-07-08 20:13:52.106] [odom] [warning] IMU bias estimation seems inaccurate.
[2026-07-08 20:13:52.106] [odom] [warning] Possibly T_lidar_imu is not accurate or LiDAR-IMU synchronization is not correct.
[2026-07-08 20:13:52.106] [odom] [warning] IMU bias validation results:
[2026-07-08 20:13:52.106] [odom] [warning] num_bias_validations=11584
[2026-07-08 20:13:52.106] [odom] [warning] bias_acc=[0.679, -0.654, 0.012] m/s^2, bias_gyro=[-0.019, -0.004, 0.001] rad/s
[2026-07-08 20:13:52.106] [odom] [warning] acc_stat ax=0.475 +- 0.200 [min=0.001, max=0.847], ay=-0.713 +- 0.301 [min=-1.077, max=0.015], az=0.022 +- 0.009 [min=0.008, max=0.055] m/s^2
[2026-07-08 20:13:52.106] [odom] [warning] gyro_stat wx=-0.019 +- 0.001 [min=-0.021, max=-0.017], wy=-0.000 +- 0.001 [min=-0.005, max=0.002], wz=0.001 +- 0.000 [min=0.001, max=0.002] rad/s
[2026-07-08 20:13:52.495] [odom] [warning] IMU prediction is not good.
[2026-07-08 20:13:52.495] [odom] [warning] Possibly T_lidar_imu is not accurate or IMU bias is not well estimated.
[2026-07-08 20:13:52.495] [odom] [warning] IMU validation results:
[2026-07-08 20:13:52.495] [odom] [warning] num_validations=11072
[2026-07-08 20:13:52.495] [odom] [warning] No-IMU errors rot=0.214 +- 0.258 deg, trans=0.018 +- 0.010 m, vel=0.028 +- 0.020 m/s
[2026-07-08 20:13:52.495] [odom] [warning] IMU errors rot=0.067 +- 0.056 deg, trans=0.020 +- 0.012 m, vel=0.062 +- 0.031 m/s
[2026-07-08 20:13:52.495] [odom] [warning] IMU better ratios rot=0.86, trans=0.04, vel=0.11
[2026-07-08 20:13:53.854] [glim] [info] playback speed: 3.040x
[2026-07-08 20:13:54.318] [odom] [warning] IMU bias estimation seems inaccurate.
[2026-07-08 20:13:54.318] [odom] [warning] Possibly T_lidar_imu is not accurate or LiDAR-IMU synchronization is not correct.
[2026-07-08 20:13:54.318] [odom] [warning] IMU bias validation results:
[2026-07-08 20:13:54.318] [odom] [warning] num_bias_validations=11648
[2026-07-08 20:13:54.318] [odom] [warning] bias_acc=[0.678, -0.683, 0.012] m/s^2, bias_gyro=[-0.018, -0.004, 0.001] rad/s
[2026-07-08 20:13:54.318] [odom] [warning] acc_stat ax=0.476 +- 0.200 [min=0.001, max=0.847], ay=-0.713 +- 0.300 [min=-1.077, max=0.015], az=0.022 +- 0.009 [min=0.008, max=0.055] m/s^2
[2026-07-08 20:13:54.318] [odom] [warning] gyro_stat wx=-0.019 +- 0.001 [min=-0.021, max=-0.017], wy=-0.000 +- 0.001 [min=-0.005, max=0.002], wz=0.001 +- 0.000 [min=0.001, max=0.002] rad/s
[2026-07-08 20:13:54.407] [odom] [warning] IMU prediction is not good.
[2026-07-08 20:13:54.407] [odom] [warning] Possibly T_lidar_imu is not accurate or IMU bias is not well estimated.
[2026-07-08 20:13:54.407] [odom] [warning] IMU validation results:
[2026-07-08 20:13:54.407] [odom] [warning] num_validations=11136
[2026-07-08 20:13:54.407] [odom] [warning] No-IMU errors rot=0.215 +- 0.259 deg, trans=0.018 +- 0.010 m, vel=0.028 +- 0.020 m/s
[2026-07-08 20:13:54.407] [odom] [warning] IMU errors rot=0.067 +- 0.056 deg, trans=0.020 +- 0.012 m, vel=0.062 +- 0.031 m/s
[2026-07-08 20:13:54.407] [odom] [warning] IMU better ratios rot=0.86, trans=0.04, vel=0.11
[2026-07-08 20:13:56.409] [odom] [warning] IMU bias estimation seems inaccurate.
[2026-07-08 20:13:56.409] [odom] [warning] Possibly T_lidar_imu is not accurate or LiDAR-IMU synchronization is not correct.
[2026-07-08 20:13:56.409] [odom] [warning] IMU bias validation results:
[2026-07-08 20:13:56.409] [odom] [warning] num_bias_validations=11712
[2026-07-08 20:13:56.409] [odom] [warning] bias_acc=[0.674, -0.711, 0.012] m/s^2, bias_gyro=[-0.018, -0.003, 0.001] rad/s
[2026-07-08 20:13:56.409] [odom] [warning] acc_stat ax=0.478 +- 0.200 [min=0.001, max=0.847], ay=-0.713 +- 0.300 [min=-1.077, max=0.015], az=0.022 +- 0.009 [min=0.008, max=0.055] m/s^2
[2026-07-08 20:13:56.409] [odom] [warning] gyro_stat wx=-0.019 +- 0.001 [min=-0.021, max=-0.017], wy=-0.000 +- 0.001 [min=-0.005, max=0.002], wz=0.001 +- 0.000 [min=0.001, max=0.002] rad/s
[2026-07-08 20:13:56.776] [odom] [warning] IMU prediction is not good.
[2026-07-08 20:13:56.776] [odom] [warning] Possibly T_lidar_imu is not accurate or IMU bias is not well estimated.
[2026-07-08 20:13:56.776] [odom] [warning] IMU validation results:
[2026-07-08 20:13:56.776] [odom] [warning] num_validations=11200
[2026-07-08 20:13:56.776] [odom] [warning] No-IMU errors rot=0.214 +- 0.259 deg, trans=0.018 +- 0.010 m, vel=0.028 +- 0.020 m/s
[2026-07-08 20:13:56.776] [odom] [warning] IMU errors rot=0.067 +- 0.056 deg, trans=0.020 +- 0.012 m, vel=0.063 +- 0.032 m/s
[2026-07-08 20:13:56.776] [odom] [warning] IMU better ratios rot=0.86, trans=0.04, vel=0.10
[2026-07-08 20:13:58.155] [odom] [warning] IMU bias estimation seems inaccurate.
[2026-07-08 20:13:58.155] [odom] [warning] Possibly T_lidar_imu is not accurate or LiDAR-IMU synchronization is not correct.
[2026-07-08 20:13:58.155] [odom] [warning] IMU bias validation results:
[2026-07-08 20:13:58.155] [odom] [warning] num_bias_validations=11776
[2026-07-08 20:13:58.155] [odom] [warning] bias_acc=[0.666, -0.740, 0.012] m/s^2, bias_gyro=[-0.019, -0.003, 0.001] rad/s
[2026-07-08 20:13:58.155] [odom] [warning] acc_stat ax=0.479 +- 0.200 [min=0.001, max=0.847], ay=-0.713 +- 0.299 [min=-1.077, max=0.015], az=0.021 +- 0.009 [min=0.008, max=0.055] m/s^2
[2026-07-08 20:13:58.155] [odom] [warning] gyro_stat wx=-0.019 +- 0.001 [min=-0.021, max=-0.017], wy=-0.000 +- 0.001 [min=-0.005, max=0.002], wz=0.001 +- 0.000 [min=0.001, max=0.002] rad/s
[2026-07-08 20:13:58.677] [odom] [warning] IMU prediction is not good.
[2026-07-08 20:13:58.677] [odom] [warning] Possibly T_lidar_imu is not accurate or IMU bias is not well estimated.
[2026-07-08 20:13:58.677] [odom] [warning] IMU validation results:
[2026-07-08 20:13:58.677] [odom] [warning] num_validations=11264
[2026-07-08 20:13:58.677] [odom] [warning] No-IMU errors rot=0.214 +- 0.258 deg, trans=0.018 +- 0.010 m, vel=0.028 +- 0.020 m/s
[2026-07-08 20:13:58.677] [odom] [warning] IMU errors rot=0.067 +- 0.055 deg, trans=0.021 +- 0.012 m, vel=0.063 +- 0.032 m/s
[2026-07-08 20:13:58.677] [odom] [warning] IMU better ratios rot=0.86, trans=0.04, vel=0.10
[2026-07-08 20:13:58.871] [glim] [info] playback speed: 3.419x
[2026-07-08 20:13:59.784] [odom] [warning] IMU bias estimation seems inaccurate.
[2026-07-08 20:13:59.784] [odom] [warning] Possibly T_lidar_imu is not accurate or LiDAR-IMU synchronization is not correct.
[2026-07-08 20:13:59.784] [odom] [warning] IMU bias validation results:
[2026-07-08 20:13:59.784] [odom] [warning] num_bias_validations=11840
[2026-07-08 20:13:59.784] [odom] [warning] bias_acc=[0.656, -0.768, 0.013] m/s^2, bias_gyro=[-0.019, -0.002, 0.001] rad/s
[2026-07-08 20:13:59.784] [odom] [warning] acc_stat ax=0.479 +- 0.200 [min=0.001, max=0.847], ay=-0.713 +- 0.298 [min=-1.077, max=0.015], az=0.021 +- 0.009 [min=0.008, max=0.055] m/s^2
[2026-07-08 20:13:59.784] [odom] [warning] gyro_stat wx=-0.019 +- 0.001 [min=-0.021, max=-0.017], wy=-0.000 +- 0.001 [min=-0.005, max=0.002], wz=0.001 +- 0.000 [min=0.001, max=0.002] rad/s
[2026-07-08 20:14:00.234] [odom] [warning] IMU prediction is not good.
[2026-07-08 20:14:00.234] [odom] [warning] Possibly T_lidar_imu is not accurate or IMU bias is not well estimated.
[2026-07-08 20:14:00.234] [odom] [warning] IMU validation results:
[2026-07-08 20:14:00.234] [odom] [warning] num_validations=11328
[2026-07-08 20:14:00.234] [odom] [warning] No-IMU errors rot=0.214 +- 0.258 deg, trans=0.018 +- 0.010 m, vel=0.028 +- 0.020 m/s
[2026-07-08 20:14:00.234] [odom] [warning] IMU errors rot=0.067 +- 0.055 deg, trans=0.021 +- 0.012 m, vel=0.063 +- 0.032 m/s
[2026-07-08 20:14:00.234] [odom] [warning] IMU better ratios rot=0.86, trans=0.04, vel=0.10
[2026-07-08 20:14:02.076] [odom] [warning] IMU bias estimation seems inaccurate.
[2026-07-08 20:14:02.076] [odom] [warning] Possibly T_lidar_imu is not accurate or LiDAR-IMU synchronization is not correct.
[2026-07-08 20:14:02.076] [odom] [warning] IMU bias validation results:
[2026-07-08 20:14:02.076] [odom] [warning] num_bias_validations=11904
[2026-07-08 20:14:02.076] [odom] [warning] bias_acc=[0.645, -0.796, 0.015] m/s^2, bias_gyro=[-0.019, -0.002, 0.001] rad/s
[2026-07-08 20:14:02.076] [odom] [warning] acc_stat ax=0.480 +- 0.200 [min=0.001, max=0.847], ay=-0.714 +- 0.297 [min=-1.077, max=0.015], az=0.021 +- 0.009 [min=0.008, max=0.055] m/s^2
[2026-07-08 20:14:02.076] [odom] [warning] gyro_stat wx=-0.019 +- 0.001 [min=-0.021, max=-0.017], wy=-0.000 +- 0.001 [min=-0.005, max=0.002], wz=0.001 +- 0.000 [min=0.001, max=0.002] rad/s
[2026-07-08 20:14:02.180] [odom] [warning] IMU prediction is not good.
[2026-07-08 20:14:02.180] [odom] [warning] Possibly T_lidar_imu is not accurate or IMU bias is not well estimated.
[2026-07-08 20:14:02.180] [odom] [warning] IMU validation results:
[2026-07-08 20:14:02.180] [odom] [warning] num_validations=11392
[2026-07-08 20:14:02.180] [odom] [warning] No-IMU errors rot=0.214 +- 0.258 deg, trans=0.018 +- 0.010 m, vel=0.028 +- 0.020 m/s
[2026-07-08 20:14:02.180] [odom] [warning] IMU errors rot=0.067 +- 0.055 deg, trans=0.021 +- 0.012 m, vel=0.064 +- 0.032 m/s
[2026-07-08 20:14:02.180] [odom] [warning] IMU better ratios rot=0.86, trans=0.04, vel=0.10
[2026-07-08 20:14:03.894] [glim] [info] playback speed: 3.536x
[2026-07-08 20:14:04.054] [odom] [warning] IMU bias estimation seems inaccurate.
[2026-07-08 20:14:04.054] [odom] [warning] Possibly T_lidar_imu is not accurate or LiDAR-IMU synchronization is not correct.
[2026-07-08 20:14:04.054] [odom] [warning] IMU bias validation results:
[2026-07-08 20:14:04.054] [odom] [warning] num_bias_validations=11968
[2026-07-08 20:14:04.054] [odom] [warning] bias_acc=[0.635, -0.822, 0.015] m/s^2, bias_gyro=[-0.019, -0.001, 0.001] rad/s
[2026-07-08 20:14:04.054] [odom] [warning] acc_stat ax=0.481 +- 0.200 [min=0.001, max=0.847], ay=-0.714 +- 0.296 [min=-1.077, max=0.015], az=0.021 +- 0.009 [min=0.008, max=0.055] m/s^2
[2026-07-08 20:14:04.054] [odom] [warning] gyro_stat wx=-0.019 +- 0.001 [min=-0.021, max=-0.017], wy=-0.000 +- 0.001 [min=-0.005, max=0.002], wz=0.001 +- 0.000 [min=0.001, max=0.002] rad/s
[2026-07-08 20:14:04.598] [odom] [warning] IMU prediction is not good.
[2026-07-08 20:14:04.598] [odom] [warning] Possibly T_lidar_imu is not accurate or IMU bias is not well estimated.
[2026-07-08 20:14:04.598] [odom] [warning] IMU validation results:
[2026-07-08 20:14:04.598] [odom] [warning] num_validations=11456
[2026-07-08 20:14:04.598] [odom] [warning] No-IMU errors rot=0.213 +- 0.257 deg, trans=0.018 +- 0.010 m, vel=0.028 +- 0.020 m/s
[2026-07-08 20:14:04.598] [odom] [warning] IMU errors rot=0.067 +- 0.055 deg, trans=0.021 +- 0.012 m, vel=0.064 +- 0.032 m/s
[2026-07-08 20:14:04.598] [odom] [warning] IMU better ratios rot=0.86, trans=0.04, vel=0.10
[2026-07-08 20:14:06.839] [odom] [warning] IMU bias estimation seems inaccurate.
[2026-07-08 20:14:06.839] [odom] [warning] Possibly T_lidar_imu is not accurate or LiDAR-IMU synchronization is not correct.
[2026-07-08 20:14:06.839] [odom] [warning] IMU bias validation results:
[2026-07-08 20:14:06.839] [odom] [warning] num_bias_validations=12032
[2026-07-08 20:14:06.839] [odom] [warning] bias_acc=[0.626, -0.849, 0.016] m/s^2, bias_gyro=[-0.019, -0.001, 0.001] rad/s
[2026-07-08 20:14:06.839] [odom] [warning] acc_stat ax=0.482 +- 0.200 [min=0.001, max=0.847], ay=-0.715 +- 0.296 [min=-1.077, max=0.015], az=0.021 +- 0.009 [min=0.008, max=0.055] m/s^2
[2026-07-08 20:14:06.839] [odom] [warning] gyro_stat wx=-0.019 +- 0.001 [min=-0.021, max=-0.017], wy=-0.000 +- 0.001 [min=-0.005, max=0.002], wz=0.001 +- 0.000 [min=0.001, max=0.002] rad/s
[2026-07-08 20:14:06.933] [odom] [warning] IMU prediction is not good.
[2026-07-08 20:14:06.933] [odom] [warning] Possibly T_lidar_imu is not accurate or IMU bias is not well estimated.
[2026-07-08 20:14:06.933] [odom] [warning] IMU validation results:
[2026-07-08 20:14:06.933] [odom] [warning] num_validations=11520
[2026-07-08 20:14:06.933] [odom] [warning] No-IMU errors rot=0.213 +- 0.257 deg, trans=0.018 +- 0.010 m, vel=0.028 +- 0.020 m/s
[2026-07-08 20:14:06.933] [odom] [warning] IMU errors rot=0.067 +- 0.055 deg, trans=0.021 +- 0.012 m, vel=0.064 +- 0.032 m/s
[2026-07-08 20:14:06.933] [odom] [warning] IMU better ratios rot=0.86, trans=0.04, vel=0.10
[2026-07-08 20:14:08.748] [odom] [warning] IMU bias estimation seems inaccurate.
[2026-07-08 20:14:08.748] [odom] [warning] Possibly T_lidar_imu is not accurate or LiDAR-IMU synchronization is not correct.
[2026-07-08 20:14:08.748] [odom] [warning] IMU bias validation results:
[2026-07-08 20:14:08.748] [odom] [warning] num_bias_validations=12096
[2026-07-08 20:14:08.748] [odom] [warning] bias_acc=[0.615, -0.874, 0.017] m/s^2, bias_gyro=[-0.019, -0.001, 0.001] rad/s
[2026-07-08 20:14:08.748] [odom] [warning] acc_stat ax=0.483 +- 0.199 [min=0.001, max=0.847], ay=-0.716 +- 0.295 [min=-1.077, max=0.015], az=0.021 +- 0.009 [min=0.008, max=0.055] m/s^2
[2026-07-08 20:14:08.748] [odom] [warning] gyro_stat wx=-0.019 +- 0.001 [min=-0.021, max=-0.017], wy=-0.000 +- 0.001 [min=-0.005, max=0.002], wz=0.001 +- 0.000 [min=0.001, max=0.002] rad/s
[2026-07-08 20:14:08.921] [glim] [info] playback speed: 2.725x
[2026-07-08 20:14:09.327] [odom] [warning] IMU prediction is not good.
[2026-07-08 20:14:09.327] [odom] [warning] Possibly T_lidar_imu is not accurate or IMU bias is not well estimated.
[2026-07-08 20:14:09.327] [odom] [warning] IMU validation results:
[2026-07-08 20:14:09.327] [odom] [warning] num_validations=11584
[2026-07-08 20:14:09.327] [odom] [warning] No-IMU errors rot=0.213 +- 0.256 deg, trans=0.018 +- 0.010 m, vel=0.028 +- 0.020 m/s
[2026-07-08 20:14:09.327] [odom] [warning] IMU errors rot=0.067 +- 0.055 deg, trans=0.021 +- 0.012 m, vel=0.064 +- 0.033 m/s
[2026-07-08 20:14:09.327] [odom] [warning] IMU better ratios rot=0.86, trans=0.04, vel=0.10
[2026-07-08 20:14:10.714] [odom] [warning] IMU bias estimation seems inaccurate.
[2026-07-08 20:14:10.714] [odom] [warning] Possibly T_lidar_imu is not accurate or LiDAR-IMU synchronization is not correct.
[2026-07-08 20:14:10.714] [odom] [warning] IMU bias validation results:
[2026-07-08 20:14:10.714] [odom] [warning] num_bias_validations=12160
[2026-07-08 20:14:10.714] [odom] [warning] bias_acc=[0.603, -0.900, 0.019] m/s^2, bias_gyro=[-0.019, -0.000, 0.001] rad/s
[2026-07-08 20:14:10.714] [odom] [warning] acc_stat ax=0.483 +- 0.199 [min=0.001, max=0.847], ay=-0.717 +- 0.295 [min=-1.077, max=0.015], az=0.021 +- 0.009 [min=0.008, max=0.055] m/s^2
[2026-07-08 20:14:10.714] [odom] [warning] gyro_stat wx=-0.019 +- 0.001 [min=-0.021, max=-0.017], wy=-0.000 +- 0.001 [min=-0.005, max=0.002], wz=0.001 +- 0.000 [min=0.001, max=0.002] rad/s
[2026-07-08 20:14:10.832] [odom] [warning] IMU prediction is not good.
[2026-07-08 20:14:10.832] [odom] [warning] Possibly T_lidar_imu is not accurate or IMU bias is not well estimated.
[2026-07-08 20:14:10.832] [odom] [warning] IMU validation results:
[2026-07-08 20:14:10.832] [odom] [warning] num_validations=11648
[2026-07-08 20:14:10.832] [odom] [warning] No-IMU errors rot=0.213 +- 0.256 deg, trans=0.018 +- 0.010 m, vel=0.028 +- 0.020 m/s
[2026-07-08 20:14:10.832] [odom] [warning] IMU errors rot=0.066 +- 0.055 deg, trans=0.021 +- 0.012 m, vel=0.065 +- 0.033 m/s
[2026-07-08 20:14:10.832] [odom] [warning] IMU better ratios rot=0.86, trans=0.04, vel=0.10
[2026-07-08 20:14:13.073] [odom] [warning] IMU bias estimation seems inaccurate.
[2026-07-08 20:14:13.073] [odom] [warning] Possibly T_lidar_imu is not accurate or LiDAR-IMU synchronization is not correct.
[2026-07-08 20:14:13.073] [odom] [warning] IMU bias validation results:
[2026-07-08 20:14:13.073] [odom] [warning] num_bias_validations=12224
[2026-07-08 20:14:13.073] [odom] [warning] bias_acc=[0.592, -0.924, 0.020] m/s^2, bias_gyro=[-0.020, -0.000, 0.001] rad/s
[2026-07-08 20:14:13.073] [odom] [warning] acc_stat ax=0.484 +- 0.199 [min=0.001, max=0.847], ay=-0.718 +- 0.294 [min=-1.077, max=0.015], az=0.021 +- 0.009 [min=0.008, max=0.055] m/s^2
[2026-07-08 20:14:13.073] [odom] [warning] gyro_stat wx=-0.019 +- 0.001 [min=-0.021, max=-0.017], wy=-0.000 +- 0.001 [min=-0.005, max=0.002], wz=0.001 +- 0.000 [min=0.001, max=0.002] rad/s
[2026-07-08 20:14:13.315] [odom] [warning] IMU prediction is not good.
[2026-07-08 20:14:13.315] [odom] [warning] Possibly T_lidar_imu is not accurate or IMU bias is not well estimated.
[2026-07-08 20:14:13.315] [odom] [warning] IMU validation results:
[2026-07-08 20:14:13.315] [odom] [warning] num_validations=11712
[2026-07-08 20:14:13.315] [odom] [warning] No-IMU errors rot=0.212 +- 0.255 deg, trans=0.018 +- 0.010 m, vel=0.028 +- 0.020 m/s
[2026-07-08 20:14:13.315] [odom] [warning] IMU errors rot=0.066 +- 0.055 deg, trans=0.021 +- 0.012 m, vel=0.065 +- 0.033 m/s
[2026-07-08 20:14:13.315] [odom] [warning] IMU better ratios rot=0.86, trans=0.04, vel=0.10
[2026-07-08 20:14:13.933] [glim] [info] playback speed: 3.584x
[2026-07-08 20:14:14.233] [odom] [warning] IMU bias estimation seems inaccurate.
[2026-07-08 20:14:14.233] [odom] [warning] Possibly T_lidar_imu is not accurate or LiDAR-IMU synchronization is not correct.
[2026-07-08 20:14:14.233] [odom] [warning] IMU bias validation results:
[2026-07-08 20:14:14.233] [odom] [warning] num_bias_validations=12288
[2026-07-08 20:14:14.233] [odom] [warning] bias_acc=[0.579, -0.949, 0.021] m/s^2, bias_gyro=[-0.020, -0.000, 0.001] rad/s
[2026-07-08 20:14:14.233] [odom] [warning] acc_stat ax=0.484 +- 0.198 [min=0.001, max=0.847], ay=-0.719 +- 0.294 [min=-1.077, max=0.015], az=0.021 +- 0.009 [min=0.008, max=0.055] m/s^2
[2026-07-08 20:14:14.233] [odom] [warning] gyro_stat wx=-0.019 +- 0.001 [min=-0.021, max=-0.017], wy=-0.000 +- 0.001 [min=-0.005, max=0.002], wz=0.001 +- 0.000 [min=0.001, max=0.002] rad/s
[2026-07-08 20:14:14.681] [odom] [warning] IMU prediction is not good.
[2026-07-08 20:14:14.681] [odom] [warning] Possibly T_lidar_imu is not accurate or IMU bias is not well estimated.
[2026-07-08 20:14:14.681] [odom] [warning] IMU validation results:
[2026-07-08 20:14:14.681] [odom] [warning] num_validations=11776
[2026-07-08 20:14:14.681] [odom] [warning] No-IMU errors rot=0.212 +- 0.255 deg, trans=0.018 +- 0.010 m, vel=0.028 +- 0.020 m/s
[2026-07-08 20:14:14.681] [odom] [warning] IMU errors rot=0.066 +- 0.055 deg, trans=0.021 +- 0.012 m, vel=0.065 +- 0.033 m/s
[2026-07-08 20:14:14.681] [odom] [warning] IMU better ratios rot=0.86, trans=0.04, vel=0.10
[2026-07-08 20:14:16.880] [odom] [warning] IMU bias estimation seems inaccurate.
[2026-07-08 20:14:16.880] [odom] [warning] Possibly T_lidar_imu is not accurate or LiDAR-IMU synchronization is not correct.
[2026-07-08 20:14:16.880] [odom] [warning] IMU bias validation results:
[2026-07-08 20:14:16.880] [odom] [warning] num_bias_validations=12352
[2026-07-08 20:14:16.880] [odom] [warning] bias_acc=[0.566, -0.971, 0.022] m/s^2, bias_gyro=[-0.020, -0.000, 0.001] rad/s
[2026-07-08 20:14:16.880] [odom] [warning] acc_stat ax=0.485 +- 0.198 [min=0.001, max=0.847], ay=-0.721 +- 0.294 [min=-1.077, max=0.015], az=0.021 +- 0.009 [min=0.008, max=0.055] m/s^2
[2026-07-08 20:14:16.880] [odom] [warning] gyro_stat wx=-0.019 +- 0.001 [min=-0.021, max=-0.017], wy=-0.000 +- 0.001 [min=-0.005, max=0.002], wz=0.001 +- 0.000 [min=0.001, max=0.002] rad/s
[2026-07-08 20:14:16.990] [odom] [warning] IMU prediction is not good.
[2026-07-08 20:14:16.990] [odom] [warning] Possibly T_lidar_imu is not accurate or IMU bias is not well estimated.
[2026-07-08 20:14:16.990] [odom] [warning] IMU validation results:
[2026-07-08 20:14:16.990] [odom] [warning] num_validations=11840
[2026-07-08 20:14:16.990] [odom] [warning] No-IMU errors rot=0.211 +- 0.254 deg, trans=0.018 +- 0.010 m, vel=0.028 +- 0.020 m/s
[2026-07-08 20:14:16.990] [odom] [warning] IMU errors rot=0.066 +- 0.055 deg, trans=0.021 +- 0.012 m, vel=0.065 +- 0.033 m/s
[2026-07-08 20:14:16.990] [odom] [warning] IMU better ratios rot=0.86, trans=0.04, vel=0.10
[2026-07-08 20:14:18.805] [odom] [warning] IMU bias estimation seems inaccurate.
[2026-07-08 20:14:18.805] [odom] [warning] Possibly T_lidar_imu is not accurate or LiDAR-IMU synchronization is not correct.
[2026-07-08 20:14:18.805] [odom] [warning] IMU bias validation results:
[2026-07-08 20:14:18.805] [odom] [warning] num_bias_validations=12416
[2026-07-08 20:14:18.805] [odom] [warning] bias_acc=[0.554, -0.994, 0.023] m/s^2, bias_gyro=[-0.020, 0.000, 0.001] rad/s
[2026-07-08 20:14:18.805] [odom] [warning] acc_stat ax=0.485 +- 0.197 [min=0.001, max=0.847], ay=-0.722 +- 0.294 [min=-1.077, max=0.015], az=0.021 +- 0.009 [min=0.008, max=0.055] m/s^2
[2026-07-08 20:14:18.805] [odom] [warning] gyro_stat wx=-0.019 +- 0.001 [min=-0.021, max=-0.017], wy=-0.000 +- 0.001 [min=-0.005, max=0.002], wz=0.001 +- 0.000 [min=0.001, max=0.002] rad/s
[2026-07-08 20:14:18.979] [glim] [info] playback speed: 2.876x
[2026-07-08 20:14:19.371] [odom] [warning] IMU prediction is not good.
[2026-07-08 20:14:19.371] [odom] [warning] Possibly T_lidar_imu is not accurate or IMU bias is not well estimated.
[2026-07-08 20:14:19.371] [odom] [warning] IMU validation results:
[2026-07-08 20:14:19.371] [odom] [warning] num_validations=11904
[2026-07-08 20:14:19.371] [odom] [warning] No-IMU errors rot=0.210 +- 0.254 deg, trans=0.018 +- 0.010 m, vel=0.028 +- 0.020 m/s
[2026-07-08 20:14:19.371] [odom] [warning] IMU errors rot=0.066 +- 0.055 deg, trans=0.021 +- 0.012 m, vel=0.066 +- 0.033 m/s
[2026-07-08 20:14:19.371] [odom] [warning] IMU better ratios rot=0.86, trans=0.04, vel=0.10
[2026-07-08 20:14:21.239] [odom] [warning] IMU bias estimation seems inaccurate.
[2026-07-08 20:14:21.239] [odom] [warning] Possibly T_lidar_imu is not accurate or LiDAR-IMU synchronization is not correct.
[2026-07-08 20:14:21.239] [odom] [warning] IMU bias validation results:
[2026-07-08 20:14:21.239] [odom] [warning] num_bias_validations=12480
[2026-07-08 20:14:21.239] [odom] [warning] bias_acc=[0.542, -1.016, 0.023] m/s^2, bias_gyro=[-0.020, 0.000, 0.001] rad/s
[2026-07-08 20:14:21.239] [odom] [warning] acc_stat ax=0.485 +- 0.197 [min=0.001, max=0.847], ay=-0.723 +- 0.294 [min=-1.077, max=0.015], az=0.021 +- 0.009 [min=0.008, max=0.055] m/s^2
[2026-07-08 20:14:21.239] [odom] [warning] gyro_stat wx=-0.019 +- 0.001 [min=-0.021, max=-0.017], wy=-0.000 +- 0.001 [min=-0.005, max=0.002], wz=0.001 +- 0.000 [min=0.001, max=0.002] rad/s
[2026-07-08 20:14:21.334] [odom] [warning] IMU prediction is not good.
[2026-07-08 20:14:21.334] [odom] [warning] Possibly T_lidar_imu is not accurate or IMU bias is not well estimated.
[2026-07-08 20:14:21.334] [odom] [warning] IMU validation results:
[2026-07-08 20:14:21.334] [odom] [warning] num_validations=11968
[2026-07-08 20:14:21.334] [odom] [warning] No-IMU errors rot=0.210 +- 0.253 deg, trans=0.018 +- 0.010 m, vel=0.028 +- 0.020 m/s
[2026-07-08 20:14:21.334] [odom] [warning] IMU errors rot=0.066 +- 0.054 deg, trans=0.021 +- 0.012 m, vel=0.066 +- 0.033 m/s
[2026-07-08 20:14:21.334] [odom] [warning] IMU better ratios rot=0.86, trans=0.04, vel=0.10
[2026-07-08 20:14:23.455] [odom] [warning] IMU bias estimation seems inaccurate.
[2026-07-08 20:14:23.455] [odom] [warning] Possibly T_lidar_imu is not accurate or LiDAR-IMU synchronization is not correct.
[2026-07-08 20:14:23.455] [odom] [warning] IMU bias validation results:
[2026-07-08 20:14:23.455] [odom] [warning] num_bias_validations=12544
[2026-07-08 20:14:23.455] [odom] [warning] bias_acc=[0.530, -1.035, 0.024] m/s^2, bias_gyro=[-0.019, 0.000, 0.002] rad/s
[2026-07-08 20:14:23.455] [odom] [warning] acc_stat ax=0.486 +- 0.196 [min=0.001, max=0.847], ay=-0.725 +- 0.294 [min=-1.077, max=0.015], az=0.021 +- 0.009 [min=0.008, max=0.055] m/s^2
[2026-07-08 20:14:23.455] [odom] [warning] gyro_stat wx=-0.019 +- 0.001 [min=-0.021, max=-0.017], wy=-0.000 +- 0.001 [min=-0.005, max=0.002], wz=0.001 +- 0.000 [min=0.001, max=0.002] rad/s
[2026-07-08 20:14:23.602] [odom] [warning] IMU prediction is not good.
[2026-07-08 20:14:23.602] [odom] [warning] Possibly T_lidar_imu is not accurate or IMU bias is not well estimated.
[2026-07-08 20:14:23.602] [odom] [warning] IMU validation results:
[2026-07-08 20:14:23.602] [odom] [warning] num_validations=12032
[2026-07-08 20:14:23.602] [odom] [warning] No-IMU errors rot=0.210 +- 0.252 deg, trans=0.018 +- 0.010 m, vel=0.028 +- 0.020 m/s
[2026-07-08 20:14:23.602] [odom] [warning] IMU errors rot=0.066 +- 0.054 deg, trans=0.021 +- 0.012 m, vel=0.066 +- 0.033 m/s
[2026-07-08 20:14:23.602] [odom] [warning] IMU better ratios rot=0.86, trans=0.04, vel=0.10
[2026-07-08 20:14:23.996] [glim] [info] playback speed: 3.256x
[2026-07-08 20:14:24.919] [odom] [warning] IMU bias estimation seems inaccurate.
[2026-07-08 20:14:24.919] [odom] [warning] Possibly T_lidar_imu is not accurate or LiDAR-IMU synchronization is not correct.
[2026-07-08 20:14:24.919] [odom] [warning] IMU bias validation results:
[2026-07-08 20:14:24.919] [odom] [warning] num_bias_validations=12608
[2026-07-08 20:14:24.919] [odom] [warning] bias_acc=[0.517, -1.050, 0.025] m/s^2, bias_gyro=[-0.019, 0.000, 0.001] rad/s
[2026-07-08 20:14:24.919] [odom] [warning] acc_stat ax=0.486 +- 0.196 [min=0.001, max=0.847], ay=-0.727 +- 0.294 [min=-1.077, max=0.015], az=0.021 +- 0.009 [min=0.008, max=0.055] m/s^2
[2026-07-08 20:14:24.919] [odom] [warning] gyro_stat wx=-0.019 +- 0.001 [min=-0.021, max=-0.017], wy=-0.000 +- 0.001 [min=-0.005, max=0.002], wz=0.001 +- 0.000 [min=0.001, max=0.002] rad/s
[2026-07-08 20:14:25.483] [odom] [warning] IMU prediction is not good.
[2026-07-08 20:14:25.483] [odom] [warning] Possibly T_lidar_imu is not accurate or IMU bias is not well estimated.
[2026-07-08 20:14:25.483] [odom] [warning] IMU validation results:
[2026-07-08 20:14:25.483] [odom] [warning] num_validations=12096
[2026-07-08 20:14:25.483] [odom] [warning] No-IMU errors rot=0.209 +- 0.252 deg, trans=0.018 +- 0.010 m, vel=0.028 +- 0.020 m/s
[2026-07-08 20:14:25.483] [odom] [warning] IMU errors rot=0.066 +- 0.054 deg, trans=0.021 +- 0.012 m, vel=0.066 +- 0.033 m/s
[2026-07-08 20:14:25.483] [odom] [warning] IMU better ratios rot=0.86, trans=0.04, vel=0.10
[2026-07-08 20:14:26.497] [odom] [warning] IMU bias estimation seems inaccurate.
[2026-07-08 20:14:26.497] [odom] [warning] Possibly T_lidar_imu is not accurate or LiDAR-IMU synchronization is not correct.
[2026-07-08 20:14:26.497] [odom] [warning] IMU bias validation results:
[2026-07-08 20:14:26.497] [odom] [warning] num_bias_validations=12672
[2026-07-08 20:14:26.497] [odom] [warning] bias_acc=[0.504, -1.063, 0.026] m/s^2, bias_gyro=[-0.019, 0.000, 0.002] rad/s
[2026-07-08 20:14:26.497] [odom] [warning] acc_stat ax=0.486 +- 0.195 [min=0.001, max=0.847], ay=-0.728 +- 0.294 [min=-1.077, max=0.015], az=0.021 +- 0.009 [min=0.008, max=0.055] m/s^2
[2026-07-08 20:14:26.497] [odom] [warning] gyro_stat wx=-0.019 +- 0.001 [min=-0.021, max=-0.017], wy=-0.000 +- 0.001 [min=-0.005, max=0.002], wz=0.001 +- 0.000 [min=0.001, max=0.002] rad/s
[2026-07-08 20:14:26.726] [odom] [warning] IMU prediction is not good.
[2026-07-08 20:14:26.726] [odom] [warning] Possibly T_lidar_imu is not accurate or IMU bias is not well estimated.
[2026-07-08 20:14:26.726] [odom] [warning] IMU validation results:
[2026-07-08 20:14:26.726] [odom] [warning] num_validations=12160
[2026-07-08 20:14:26.726] [odom] [warning] No-IMU errors rot=0.209 +- 0.251 deg, trans=0.018 +- 0.010 m, vel=0.028 +- 0.019 m/s
[2026-07-08 20:14:26.726] [odom] [warning] IMU errors rot=0.066 +- 0.054 deg, trans=0.021 +- 0.012 m, vel=0.066 +- 0.033 m/s
[2026-07-08 20:14:26.726] [odom] [warning] IMU better ratios rot=0.86, trans=0.04, vel=0.10
[2026-07-08 20:14:28.448] [odom] [warning] IMU bias estimation seems inaccurate.
[2026-07-08 20:14:28.448] [odom] [warning] Possibly T_lidar_imu is not accurate or LiDAR-IMU synchronization is not correct.
[2026-07-08 20:14:28.448] [odom] [warning] IMU bias validation results:
[2026-07-08 20:14:28.448] [odom] [warning] num_bias_validations=12736
[2026-07-08 20:14:28.448] [odom] [warning] bias_acc=[0.493, -1.075, 0.026] m/s^2, bias_gyro=[-0.019, 0.000, 0.002] rad/s
[2026-07-08 20:14:28.448] [odom] [warning] acc_stat ax=0.486 +- 0.195 [min=0.001, max=0.847], ay=-0.730 +- 0.295 [min=-1.077, max=0.015], az=0.021 +- 0.009 [min=0.008, max=0.055] m/s^2
[2026-07-08 20:14:28.448] [odom] [warning] gyro_stat wx=-0.019 +- 0.001 [min=-0.021, max=-0.017], wy=-0.000 +- 0.001 [min=-0.005, max=0.002], wz=0.001 +- 0.000 [min=0.001, max=0.002] rad/s
[2026-07-08 20:14:28.645] [odom] [warning] IMU prediction is not good.
[2026-07-08 20:14:28.645] [odom] [warning] Possibly T_lidar_imu is not accurate or IMU bias is not well estimated.
[2026-07-08 20:14:28.645] [odom] [warning] IMU validation results:
[2026-07-08 20:14:28.645] [odom] [warning] num_validations=12224
[2026-07-08 20:14:28.645] [odom] [warning] No-IMU errors rot=0.208 +- 0.251 deg, trans=0.018 +- 0.010 m, vel=0.027 +- 0.019 m/s
[2026-07-08 20:14:28.645] [odom] [warning] IMU errors rot=0.065 +- 0.054 deg, trans=0.021 +- 0.012 m, vel=0.066 +- 0.033 m/s
[2026-07-08 20:14:28.645] [odom] [warning] IMU better ratios rot=0.86, trans=0.03, vel=0.10
[2026-07-08 20:14:29.013] [glim] [info] playback speed: 3.499x
[2026-07-08 20:14:30.936] [odom] [warning] IMU bias estimation seems inaccurate.
[2026-07-08 20:14:30.936] [odom] [warning] Possibly T_lidar_imu is not accurate or LiDAR-IMU synchronization is not correct.
[2026-07-08 20:14:30.936] [odom] [warning] IMU bias validation results:
[2026-07-08 20:14:30.936] [odom] [warning] num_bias_validations=12800
[2026-07-08 20:14:30.936] [odom] [warning] bias_acc=[0.480, -1.085, 0.027] m/s^2, bias_gyro=[-0.019, 0.000, 0.002] rad/s
[2026-07-08 20:14:30.936] [odom] [warning] acc_stat ax=0.486 +- 0.194 [min=0.001, max=0.847], ay=-0.732 +- 0.295 [min=-1.085, max=0.015], az=0.021 +- 0.009 [min=0.008, max=0.055] m/s^2
[2026-07-08 20:14:30.936] [odom] [warning] gyro_stat wx=-0.019 +- 0.001 [min=-0.021, max=-0.017], wy=-0.000 +- 0.001 [min=-0.005, max=0.002], wz=0.001 +- 0.000 [min=0.001, max=0.002] rad/s
[2026-07-08 20:14:31.501] [odom] [warning] IMU prediction is not good.
[2026-07-08 20:14:31.501] [odom] [warning] Possibly T_lidar_imu is not accurate or IMU bias is not well estimated.
[2026-07-08 20:14:31.501] [odom] [warning] IMU validation results:
[2026-07-08 20:14:31.501] [odom] [warning] num_validations=12288
[2026-07-08 20:14:31.501] [odom] [warning] No-IMU errors rot=0.208 +- 0.250 deg, trans=0.018 +- 0.010 m, vel=0.027 +- 0.019 m/s
[2026-07-08 20:14:31.501] [odom] [warning] IMU errors rot=0.065 +- 0.054 deg, trans=0.021 +- 0.012 m, vel=0.066 +- 0.033 m/s
[2026-07-08 20:14:31.501] [odom] [warning] IMU better ratios rot=0.86, trans=0.03, vel=0.10
[2026-07-08 20:14:34.019] [glim] [info] playback speed: 2.108x
[2026-07-08 20:14:34.089] [odom] [warning] IMU bias estimation seems inaccurate.
[2026-07-08 20:14:34.089] [odom] [warning] Possibly T_lidar_imu is not accurate or LiDAR-IMU synchronization is not correct.
[2026-07-08 20:14:34.089] [odom] [warning] IMU bias validation results:
[2026-07-08 20:14:34.089] [odom] [warning] num_bias_validations=12864
[2026-07-08 20:14:34.089] [odom] [warning] bias_acc=[0.468, -1.094, 0.027] m/s^2, bias_gyro=[-0.019, 0.000, 0.002] rad/s
[2026-07-08 20:14:34.089] [odom] [warning] acc_stat ax=0.486 +- 0.194 [min=0.001, max=0.847], ay=-0.734 +- 0.295 [min=-1.094, max=0.015], az=0.021 +- 0.009 [min=0.008, max=0.055] m/s^2
[2026-07-08 20:14:34.089] [odom] [warning] gyro_stat wx=-0.019 +- 0.001 [min=-0.021, max=-0.017], wy=-0.000 +- 0.001 [min=-0.005, max=0.002], wz=0.001 +- 0.000 [min=0.001, max=0.002] rad/s
[2026-07-08 20:14:34.169] [odom] [warning] IMU prediction is not good.
[2026-07-08 20:14:34.169] [odom] [warning] Possibly T_lidar_imu is not accurate or IMU bias is not well estimated.
[2026-07-08 20:14:34.169] [odom] [warning] IMU validation results:
[2026-07-08 20:14:34.169] [odom] [warning] num_validations=12352
[2026-07-08 20:14:34.169] [odom] [warning] No-IMU errors rot=0.207 +- 0.250 deg, trans=0.018 +- 0.010 m, vel=0.027 +- 0.019 m/s
[2026-07-08 20:14:34.169] [odom] [warning] IMU errors rot=0.065 +- 0.054 deg, trans=0.021 +- 0.012 m, vel=0.066 +- 0.033 m/s
[2026-07-08 20:14:34.169] [odom] [warning] IMU better ratios rot=0.86, trans=0.03, vel=0.10
[2026-07-08 20:14:35.253] [odom] [warning] IMU bias estimation seems inaccurate.
[2026-07-08 20:14:35.253] [odom] [warning] Possibly T_lidar_imu is not accurate or LiDAR-IMU synchronization is not correct.
[2026-07-08 20:14:35.253] [odom] [warning] IMU bias validation results:
[2026-07-08 20:14:35.253] [odom] [warning] num_bias_validations=12928
[2026-07-08 20:14:35.253] [odom] [warning] bias_acc=[0.455, -1.100, 0.028] m/s^2, bias_gyro=[-0.019, 0.000, 0.002] rad/s
[2026-07-08 20:14:35.253] [odom] [warning] acc_stat ax=0.486 +- 0.193 [min=0.001, max=0.847], ay=-0.736 +- 0.296 [min=-1.100, max=0.015], az=0.021 +- 0.009 [min=0.008, max=0.055] m/s^2
[2026-07-08 20:14:35.253] [odom] [warning] gyro_stat wx=-0.019 +- 0.001 [min=-0.021, max=-0.017], wy=-0.000 +- 0.001 [min=-0.005, max=0.002], wz=0.001 +- 0.000 [min=0.001, max=0.002] rad/s
[2026-07-08 20:14:35.785] [odom] [warning] IMU prediction is not good.
[2026-07-08 20:14:35.785] [odom] [warning] Possibly T_lidar_imu is not accurate or IMU bias is not well estimated.
[2026-07-08 20:14:35.785] [odom] [warning] IMU validation results:
[2026-07-08 20:14:35.785] [odom] [warning] num_validations=12416
[2026-07-08 20:14:35.785] [odom] [warning] No-IMU errors rot=0.207 +- 0.249 deg, trans=0.018 +- 0.010 m, vel=0.027 +- 0.019 m/s
[2026-07-08 20:14:35.785] [odom] [warning] IMU errors rot=0.065 +- 0.054 deg, trans=0.021 +- 0.012 m, vel=0.066 +- 0.033 m/s
[2026-07-08 20:14:35.785] [odom] [warning] IMU better ratios rot=0.86, trans=0.03, vel=0.09
[2026-07-08 20:14:37.296] [odom] [warning] IMU bias estimation seems inaccurate.
[2026-07-08 20:14:37.296] [odom] [warning] Possibly T_lidar_imu is not accurate or LiDAR-IMU synchronization is not correct.
[2026-07-08 20:14:37.296] [odom] [warning] IMU bias validation results:
[2026-07-08 20:14:37.296] [odom] [warning] num_bias_validations=12992
[2026-07-08 20:14:37.296] [odom] [warning] bias_acc=[0.442, -1.103, 0.028] m/s^2, bias_gyro=[-0.019, 0.000, 0.002] rad/s
[2026-07-08 20:14:37.296] [odom] [warning] acc_stat ax=0.485 +- 0.193 [min=0.001, max=0.847], ay=-0.737 +- 0.296 [min=-1.103, max=0.015], az=0.022 +- 0.009 [min=0.008, max=0.055] m/s^2
[2026-07-08 20:14:37.296] [odom] [warning] gyro_stat wx=-0.019 +- 0.001 [min=-0.021, max=-0.017], wy=-0.000 +- 0.001 [min=-0.005, max=0.002], wz=0.001 +- 0.000 [min=0.001, max=0.002] rad/s
[2026-07-08 20:14:37.793] [odom] [warning] IMU prediction is not good.
[2026-07-08 20:14:37.793] [odom] [warning] Possibly T_lidar_imu is not accurate or IMU bias is not well estimated.
[2026-07-08 20:14:37.793] [odom] [warning] IMU validation results:
[2026-07-08 20:14:37.794] [odom] [warning] num_validations=12480
[2026-07-08 20:14:37.794] [odom] [warning] No-IMU errors rot=0.207 +- 0.249 deg, trans=0.018 +- 0.010 m, vel=0.027 +- 0.019 m/s
[2026-07-08 20:14:37.794] [odom] [warning] IMU errors rot=0.065 +- 0.054 deg, trans=0.021 +- 0.012 m, vel=0.066 +- 0.033 m/s
[2026-07-08 20:14:37.794] [odom] [warning] IMU better ratios rot=0.86, trans=0.03, vel=0.09
[2026-07-08 20:14:39.029] [glim] [info] playback speed: 3.585x
[2026-07-08 20:14:39.901] [odom] [warning] IMU bias estimation seems inaccurate.
[2026-07-08 20:14:39.901] [odom] [warning] Possibly T_lidar_imu is not accurate or LiDAR-IMU synchronization is not correct.
[2026-07-08 20:14:39.901] [odom] [warning] IMU bias validation results:
[2026-07-08 20:14:39.901] [odom] [warning] num_bias_validations=13056
[2026-07-08 20:14:39.901] [odom] [warning] bias_acc=[0.431, -1.104, 0.029] m/s^2, bias_gyro=[-0.019, 0.000, 0.002] rad/s
[2026-07-08 20:14:39.901] [odom] [warning] acc_stat ax=0.485 +- 0.193 [min=0.001, max=0.847], ay=-0.739 +- 0.296 [min=-1.104, max=0.015], az=0.022 +- 0.009 [min=0.008, max=0.055] m/s^2
[2026-07-08 20:14:39.901] [odom] [warning] gyro_stat wx=-0.019 +- 0.001 [min=-0.021, max=-0.017], wy=-0.000 +- 0.001 [min=-0.005, max=0.002], wz=0.001 +- 0.000 [min=0.001, max=0.002] rad/s
[2026-07-08 20:14:39.974] [odom] [warning] IMU prediction is not good.
[2026-07-08 20:14:39.974] [odom] [warning] Possibly T_lidar_imu is not accurate or IMU bias is not well estimated.
[2026-07-08 20:14:39.974] [odom] [warning] IMU validation results:
[2026-07-08 20:14:39.974] [odom] [warning] num_validations=12544
[2026-07-08 20:14:39.974] [odom] [warning] No-IMU errors rot=0.207 +- 0.249 deg, trans=0.018 +- 0.010 m, vel=0.027 +- 0.019 m/s
[2026-07-08 20:14:39.974] [odom] [warning] IMU errors rot=0.065 +- 0.054 deg, trans=0.021 +- 0.011 m, vel=0.066 +- 0.033 m/s
[2026-07-08 20:14:39.974] [odom] [warning] IMU better ratios rot=0.86, trans=0.03, vel=0.09
[2026-07-08 20:14:41.584] [odom] [warning] IMU bias estimation seems inaccurate.
[2026-07-08 20:14:41.584] [odom] [warning] Possibly T_lidar_imu is not accurate or LiDAR-IMU synchronization is not correct.
[2026-07-08 20:14:41.584] [odom] [warning] IMU bias validation results:
[2026-07-08 20:14:41.584] [odom] [warning] num_bias_validations=13120
[2026-07-08 20:14:41.584] [odom] [warning] bias_acc=[0.420, -1.106, 0.030] m/s^2, bias_gyro=[-0.019, 0.000, 0.002] rad/s
[2026-07-08 20:14:41.584] [odom] [warning] acc_stat ax=0.485 +- 0.192 [min=0.001, max=0.847], ay=-0.741 +- 0.297 [min=-1.106, max=0.015], az=0.022 +- 0.009 [min=0.008, max=0.055] m/s^2
[2026-07-08 20:14:41.584] [odom] [warning] gyro_stat wx=-0.019 +- 0.001 [min=-0.021, max=-0.017], wy=-0.000 +- 0.001 [min=-0.005, max=0.002], wz=0.001 +- 0.000 [min=0.001, max=0.002] rad/s
[2026-07-08 20:14:42.030] [odom] [warning] IMU prediction is not good.
[2026-07-08 20:14:42.030] [odom] [warning] Possibly T_lidar_imu is not accurate or IMU bias is not well estimated.
[2026-07-08 20:14:42.030] [odom] [warning] IMU validation results:
[2026-07-08 20:14:42.030] [odom] [warning] num_validations=12608
[2026-07-08 20:14:42.030] [odom] [warning] No-IMU errors rot=0.206 +- 0.248 deg, trans=0.018 +- 0.010 m, vel=0.027 +- 0.019 m/s
[2026-07-08 20:14:42.030] [odom] [warning] IMU errors rot=0.065 +- 0.054 deg, trans=0.021 +- 0.011 m, vel=0.066 +- 0.032 m/s
[2026-07-08 20:14:42.030] [odom] [warning] IMU better ratios rot=0.87, trans=0.03, vel=0.09
[2026-07-08 20:14:44.066] [glim] [info] playback speed: 2.881x
[2026-07-08 20:14:44.216] [odom] [warning] IMU bias estimation seems inaccurate.
[2026-07-08 20:14:44.216] [odom] [warning] Possibly T_lidar_imu is not accurate or LiDAR-IMU synchronization is not correct.
[2026-07-08 20:14:44.216] [odom] [warning] IMU bias validation results:
[2026-07-08 20:14:44.216] [odom] [warning] num_bias_validations=13184
[2026-07-08 20:14:44.216] [odom] [warning] bias_acc=[0.409, -1.104, 0.030] m/s^2, bias_gyro=[-0.019, 0.000, 0.002] rad/s
[2026-07-08 20:14:44.216] [odom] [warning] acc_stat ax=0.485 +- 0.192 [min=0.001, max=0.847], ay=-0.743 +- 0.297 [min=-1.106, max=0.015], az=0.022 +- 0.009 [min=0.008, max=0.055] m/s^2
[2026-07-08 20:14:44.216] [odom] [warning] gyro_stat wx=-0.019 +- 0.001 [min=-0.021, max=-0.017], wy=-0.000 +- 0.001 [min=-0.005, max=0.002], wz=0.001 +- 0.000 [min=0.001, max=0.002] rad/s
[2026-07-08 20:14:44.500] [odom] [warning] IMU prediction is not good.
[2026-07-08 20:14:44.500] [odom] [warning] Possibly T_lidar_imu is not accurate or IMU bias is not well estimated.
[2026-07-08 20:14:44.500] [odom] [warning] IMU validation results:
[2026-07-08 20:14:44.500] [odom] [warning] num_validations=12672
[2026-07-08 20:14:44.500] [odom] [warning] No-IMU errors rot=0.206 +- 0.248 deg, trans=0.018 +- 0.010 m, vel=0.027 +- 0.019 m/s
[2026-07-08 20:14:44.500] [odom] [warning] IMU errors rot=0.065 +- 0.054 deg, trans=0.021 +- 0.011 m, vel=0.066 +- 0.032 m/s
[2026-07-08 20:14:44.500] [odom] [warning] IMU better ratios rot=0.87, trans=0.03, vel=0.09
[2026-07-08 20:14:45.953] [odom] [warning] IMU bias estimation seems inaccurate.
[2026-07-08 20:14:45.953] [odom] [warning] Possibly T_lidar_imu is not accurate or LiDAR-IMU synchronization is not correct.
[2026-07-08 20:14:45.953] [odom] [warning] IMU bias validation results:
[2026-07-08 20:14:45.953] [odom] [warning] num_bias_validations=13248
[2026-07-08 20:14:45.953] [odom] [warning] bias_acc=[0.398, -1.105, 0.031] m/s^2, bias_gyro=[-0.019, 0.000, 0.002] rad/s
[2026-07-08 20:14:45.953] [odom] [warning] acc_stat ax=0.484 +- 0.191 [min=0.001, max=0.847], ay=-0.744 +- 0.298 [min=-1.106, max=0.015], az=0.022 +- 0.009 [min=0.008, max=0.055] m/s^2
[2026-07-08 20:14:45.953] [odom] [warning] gyro_stat wx=-0.019 +- 0.001 [min=-0.021, max=-0.017], wy=-0.000 +- 0.001 [min=-0.005, max=0.002], wz=0.001 +- 0.000 [min=0.001, max=0.002] rad/s
[2026-07-08 20:14:46.228] [odom] [warning] IMU prediction is not good.
[2026-07-08 20:14:46.228] [odom] [warning] Possibly T_lidar_imu is not accurate or IMU bias is not well estimated.
[2026-07-08 20:14:46.228] [odom] [warning] IMU validation results:
[2026-07-08 20:14:46.228] [odom] [warning] num_validations=12736
[2026-07-08 20:14:46.228] [odom] [warning] No-IMU errors rot=0.205 +- 0.247 deg, trans=0.018 +- 0.010 m, vel=0.027 +- 0.019 m/s
[2026-07-08 20:14:46.228] [odom] [warning] IMU errors rot=0.064 +- 0.053 deg, trans=0.021 +- 0.011 m, vel=0.066 +- 0.032 m/s
[2026-07-08 20:14:46.228] [odom] [warning] IMU better ratios rot=0.87, trans=0.03, vel=0.09
[2026-07-08 20:14:48.768] [odom] [warning] IMU bias estimation seems inaccurate.
[2026-07-08 20:14:48.768] [odom] [warning] Possibly T_lidar_imu is not accurate or LiDAR-IMU synchronization is not correct.
[2026-07-08 20:14:48.768] [odom] [warning] IMU bias validation results:
[2026-07-08 20:14:48.768] [odom] [warning] num_bias_validations=13312
[2026-07-08 20:14:48.768] [odom] [warning] bias_acc=[0.386, -1.105, 0.032] m/s^2, bias_gyro=[-0.019, 0.001, 0.002] rad/s
[2026-07-08 20:14:48.768] [odom] [warning] acc_stat ax=0.484 +- 0.191 [min=0.001, max=0.847], ay=-0.746 +- 0.298 [min=-1.106, max=0.015], az=0.022 +- 0.009 [min=0.008, max=0.055] m/s^2
[2026-07-08 20:14:48.768] [odom] [warning] gyro_stat wx=-0.019 +- 0.001 [min=-0.021, max=-0.017], wy=-0.000 +- 0.001 [min=-0.005, max=0.002], wz=0.001 +- 0.000 [min=0.001, max=0.002] rad/s
[2026-07-08 20:14:48.842] [odom] [warning] IMU prediction is not good.
[2026-07-08 20:14:48.842] [odom] [warning] Possibly T_lidar_imu is not accurate or IMU bias is not well estimated.
[2026-07-08 20:14:48.842] [odom] [warning] IMU validation results:
[2026-07-08 20:14:48.842] [odom] [warning] num_validations=12800
[2026-07-08 20:14:48.842] [odom] [warning] No-IMU errors rot=0.205 +- 0.247 deg, trans=0.018 +- 0.010 m, vel=0.027 +- 0.019 m/s
[2026-07-08 20:14:48.842] [odom] [warning] IMU errors rot=0.064 +- 0.053 deg, trans=0.021 +- 0.011 m, vel=0.065 +- 0.032 m/s
[2026-07-08 20:14:48.842] [odom] [warning] IMU better ratios rot=0.87, trans=0.03, vel=0.09
[2026-07-08 20:14:49.066] [glim] [info] playback speed: 3.308x
[2026-07-08 20:14:49.884] [odom] [warning] IMU bias estimation seems inaccurate.
[2026-07-08 20:14:49.885] [odom] [warning] Possibly T_lidar_imu is not accurate or LiDAR-IMU synchronization is not correct.
[2026-07-08 20:14:49.885] [odom] [warning] IMU bias validation results:
[2026-07-08 20:14:49.885] [odom] [warning] num_bias_validations=13376
[2026-07-08 20:14:49.885] [odom] [warning] bias_acc=[0.374, -1.105, 0.033] m/s^2, bias_gyro=[-0.019, 0.000, 0.002] rad/s
[2026-07-08 20:14:49.885] [odom] [warning] acc_stat ax=0.483 +- 0.191 [min=0.001, max=0.847], ay=-0.748 +- 0.298 [min=-1.106, max=0.015], az=0.022 +- 0.009 [min=0.008, max=0.055] m/s^2
[2026-07-08 20:14:49.885] [odom] [warning] gyro_stat wx=-0.019 +- 0.001 [min=-0.021, max=-0.017], wy=-0.000 +- 0.001 [min=-0.005, max=0.002], wz=0.001 +- 0.000 [min=0.001, max=0.002] rad/s
[2026-07-08 20:14:50.244] [odom] [warning] IMU prediction is not good.
[2026-07-08 20:14:50.244] [odom] [warning] Possibly T_lidar_imu is not accurate or IMU bias is not well estimated.
[2026-07-08 20:14:50.244] [odom] [warning] IMU validation results:
[2026-07-08 20:14:50.244] [odom] [warning] num_validations=12864
[2026-07-08 20:14:50.244] [odom] [warning] No-IMU errors rot=0.206 +- 0.247 deg, trans=0.018 +- 0.010 m, vel=0.027 +- 0.019 m/s
[2026-07-08 20:14:50.244] [odom] [warning] IMU errors rot=0.064 +- 0.053 deg, trans=0.021 +- 0.011 m, vel=0.065 +- 0.032 m/s
[2026-07-08 20:14:50.244] [odom] [warning] IMU better ratios rot=0.87, trans=0.03, vel=0.09
[2026-07-08 20:14:51.645] [odom] [warning] IMU bias estimation seems inaccurate.
[2026-07-08 20:14:51.645] [odom] [warning] Possibly T_lidar_imu is not accurate or LiDAR-IMU synchronization is not correct.
[2026-07-08 20:14:51.645] [odom] [warning] IMU bias validation results:
[2026-07-08 20:14:51.645] [odom] [warning] num_bias_validations=13440
[2026-07-08 20:14:51.645] [odom] [warning] bias_acc=[0.363, -1.105, 0.033] m/s^2, bias_gyro=[-0.020, 0.001, 0.002] rad/s
[2026-07-08 20:14:51.645] [odom] [warning] acc_stat ax=0.483 +- 0.190 [min=0.001, max=0.847], ay=-0.750 +- 0.298 [min=-1.106, max=0.015], az=0.022 +- 0.009 [min=0.008, max=0.055] m/s^2
[2026-07-08 20:14:51.645] [odom] [warning] gyro_stat wx=-0.019 +- 0.001 [min=-0.021, max=-0.017], wy=-0.000 +- 0.001 [min=-0.005, max=0.002], wz=0.001 +- 0.000 [min=0.001, max=0.002] rad/s
[2026-07-08 20:14:52.005] [odom] [warning] IMU prediction is not good.
[2026-07-08 20:14:52.005] [odom] [warning] Possibly T_lidar_imu is not accurate or IMU bias is not well estimated.
[2026-07-08 20:14:52.005] [odom] [warning] IMU validation results:
[2026-07-08 20:14:52.005] [odom] [warning] num_validations=12928
[2026-07-08 20:14:52.005] [odom] [warning] No-IMU errors rot=0.205 +- 0.246 deg, trans=0.018 +- 0.010 m, vel=0.027 +- 0.019 m/s
[2026-07-08 20:14:52.005] [odom] [warning] IMU errors rot=0.064 +- 0.053 deg, trans=0.021 +- 0.011 m, vel=0.065 +- 0.032 m/s
[2026-07-08 20:14:52.005] [odom] [warning] IMU better ratios rot=0.87, trans=0.03, vel=0.09
[2026-07-08 20:14:54.073] [glim] [info] playback speed: 3.060x
[2026-07-08 20:14:54.768] [odom] [warning] IMU bias estimation seems inaccurate.
[2026-07-08 20:14:54.768] [odom] [warning] Possibly T_lidar_imu is not accurate or LiDAR-IMU synchronization is not correct.
[2026-07-08 20:14:54.768] [odom] [warning] IMU bias validation results:
[2026-07-08 20:14:54.768] [odom] [warning] num_bias_validations=13504
[2026-07-08 20:14:54.768] [odom] [warning] bias_acc=[0.351, -1.106, 0.034] m/s^2, bias_gyro=[-0.020, 0.001, 0.002] rad/s
[2026-07-08 20:14:54.768] [odom] [warning] acc_stat ax=0.482 +- 0.190 [min=0.001, max=0.847], ay=-0.751 +- 0.299 [min=-1.106, max=0.015], az=0.022 +- 0.009 [min=0.008, max=0.055] m/s^2
[2026-07-08 20:14:54.768] [odom] [warning] gyro_stat wx=-0.019 +- 0.001 [min=-0.021, max=-0.017], wy=-0.000 +- 0.001 [min=-0.005, max=0.002], wz=0.001 +- 0.000 [min=0.001, max=0.002] rad/s
[2026-07-08 20:14:54.854] [odom] [warning] IMU prediction is not good.
[2026-07-08 20:14:54.854] [odom] [warning] Possibly T_lidar_imu is not accurate or IMU bias is not well estimated.
[2026-07-08 20:14:54.854] [odom] [warning] IMU validation results:
[2026-07-08 20:14:54.854] [odom] [warning] num_validations=12992
[2026-07-08 20:14:54.854] [odom] [warning] No-IMU errors rot=0.205 +- 0.246 deg, trans=0.018 +- 0.010 m, vel=0.027 +- 0.019 m/s
[2026-07-08 20:14:54.854] [odom] [warning] IMU errors rot=0.064 +- 0.053 deg, trans=0.021 +- 0.011 m, vel=0.065 +- 0.032 m/s
[2026-07-08 20:14:54.854] [odom] [warning] IMU better ratios rot=0.87, trans=0.03, vel=0.09
[2026-07-08 20:14:55.910] [odom] [warning] IMU bias estimation seems inaccurate.
[2026-07-08 20:14:55.910] [odom] [warning] Possibly T_lidar_imu is not accurate or LiDAR-IMU synchronization is not correct.
[2026-07-08 20:14:55.910] [odom] [warning] IMU bias validation results:
[2026-07-08 20:14:55.910] [odom] [warning] num_bias_validations=13568
[2026-07-08 20:14:55.910] [odom] [warning] bias_acc=[0.338, -1.107, 0.035] m/s^2, bias_gyro=[-0.019, 0.001, 0.002] rad/s
[2026-07-08 20:14:55.910] [odom] [warning] acc_stat ax=0.481 +- 0.190 [min=0.001, max=0.847], ay=-0.753 +- 0.299 [min=-1.107, max=0.015], az=0.022 +- 0.009 [min=0.008, max=0.055] m/s^2
[2026-07-08 20:14:55.910] [odom] [warning] gyro_stat wx=-0.019 +- 0.001 [min=-0.021, max=-0.017], wy=-0.000 +- 0.001 [min=-0.005, max=0.002], wz=0.001 +- 0.000 [min=0.001, max=0.002] rad/s
[2026-07-08 20:14:56.325] [odom] [warning] IMU prediction is not good.
[2026-07-08 20:14:56.325] [odom] [warning] Possibly T_lidar_imu is not accurate or IMU bias is not well estimated.
[2026-07-08 20:14:56.325] [odom] [warning] IMU validation results:
[2026-07-08 20:14:56.325] [odom] [warning] num_validations=13056
[2026-07-08 20:14:56.325] [odom] [warning] No-IMU errors rot=0.205 +- 0.245 deg, trans=0.018 +- 0.010 m, vel=0.027 +- 0.019 m/s
[2026-07-08 20:14:56.325] [odom] [warning] IMU errors rot=0.065 +- 0.053 deg, trans=0.021 +- 0.011 m, vel=0.065 +- 0.032 m/s
[2026-07-08 20:14:56.325] [odom] [warning] IMU better ratios rot=0.87, trans=0.03, vel=0.09
[2026-07-08 20:14:57.856] [odom] [warning] IMU bias estimation seems inaccurate.
[2026-07-08 20:14:57.856] [odom] [warning] Possibly T_lidar_imu is not accurate or LiDAR-IMU synchronization is not correct.
[2026-07-08 20:14:57.856] [odom] [warning] IMU bias validation results:
[2026-07-08 20:14:57.856] [odom] [warning] num_bias_validations=13632
[2026-07-08 20:14:57.856] [odom] [warning] bias_acc=[0.326, -1.102, 0.035] m/s^2, bias_gyro=[-0.019, 0.001, 0.001] rad/s
[2026-07-08 20:14:57.856] [odom] [warning] acc_stat ax=0.481 +- 0.190 [min=0.001, max=0.847], ay=-0.755 +- 0.299 [min=-1.107, max=0.015], az=0.022 +- 0.009 [min=0.008, max=0.055] m/s^2
[2026-07-08 20:14:57.856] [odom] [warning] gyro_stat wx=-0.019 +- 0.001 [min=-0.021, max=-0.017], wy=-0.000 +- 0.001 [min=-0.005, max=0.002], wz=0.001 +- 0.000 [min=0.001, max=0.002] rad/s
[2026-07-08 20:14:58.276] [odom] [warning] IMU prediction is not good.
[2026-07-08 20:14:58.276] [odom] [warning] Possibly T_lidar_imu is not accurate or IMU bias is not well estimated.
[2026-07-08 20:14:58.276] [odom] [warning] IMU validation results:
[2026-07-08 20:14:58.276] [odom] [warning] num_validations=13120
[2026-07-08 20:14:58.276] [odom] [warning] No-IMU errors rot=0.205 +- 0.245 deg, trans=0.018 +- 0.010 m, vel=0.027 +- 0.019 m/s
[2026-07-08 20:14:58.276] [odom] [warning] IMU errors rot=0.065 +- 0.053 deg, trans=0.021 +- 0.011 m, vel=0.065 +- 0.032 m/s
[2026-07-08 20:14:58.276] [odom] [warning] IMU better ratios rot=0.87, trans=0.03, vel=0.09
[2026-07-08 20:14:59.097] [glim] [info] playback speed: 3.373x
[2026-07-08 20:15:00.422] [odom] [warning] IMU bias estimation seems inaccurate.
[2026-07-08 20:15:00.422] [odom] [warning] Possibly T_lidar_imu is not accurate or LiDAR-IMU synchronization is not correct.
[2026-07-08 20:15:00.422] [odom] [warning] IMU bias validation results:
[2026-07-08 20:15:00.422] [odom] [warning] num_bias_validations=13696
[2026-07-08 20:15:00.422] [odom] [warning] bias_acc=[0.311, -1.096, 0.037] m/s^2, bias_gyro=[-0.019, 0.001, 0.002] rad/s
[2026-07-08 20:15:00.422] [odom] [warning] acc_stat ax=0.480 +- 0.190 [min=0.001, max=0.847], ay=-0.756 +- 0.299 [min=-1.107, max=0.015], az=0.022 +- 0.009 [min=0.008, max=0.055] m/s^2
[2026-07-08 20:15:00.422] [odom] [warning] gyro_stat wx=-0.019 +- 0.001 [min=-0.021, max=-0.017], wy=-0.000 +- 0.001 [min=-0.005, max=0.002], wz=0.001 +- 0.000 [min=0.001, max=0.002] rad/s
[2026-07-08 20:15:00.947] [odom] [warning] IMU prediction is not good.
[2026-07-08 20:15:00.947] [odom] [warning] Possibly T_lidar_imu is not accurate or IMU bias is not well estimated.
[2026-07-08 20:15:00.947] [odom] [warning] IMU validation results:
[2026-07-08 20:15:00.947] [odom] [warning] num_validations=13184
[2026-07-08 20:15:00.947] [odom] [warning] No-IMU errors rot=0.204 +- 0.244 deg, trans=0.018 +- 0.010 m, vel=0.027 +- 0.019 m/s
[2026-07-08 20:15:00.947] [odom] [warning] IMU errors rot=0.065 +- 0.053 deg, trans=0.021 +- 0.011 m, vel=0.065 +- 0.032 m/s
[2026-07-08 20:15:00.947] [odom] [warning] IMU better ratios rot=0.86, trans=0.03, vel=0.09
[2026-07-08 20:15:02.845] [odom] [warning] IMU bias estimation seems inaccurate.
[2026-07-08 20:15:02.845] [odom] [warning] Possibly T_lidar_imu is not accurate or LiDAR-IMU synchronization is not correct.
[2026-07-08 20:15:02.845] [odom] [warning] IMU bias validation results:
[2026-07-08 20:15:02.845] [odom] [warning] num_bias_validations=13760
[2026-07-08 20:15:02.845] [odom] [warning] bias_acc=[0.296, -1.088, 0.038] m/s^2, bias_gyro=[-0.019, 0.000, 0.001] rad/s
[2026-07-08 20:15:02.845] [odom] [warning] acc_stat ax=0.479 +- 0.190 [min=0.001, max=0.847], ay=-0.758 +- 0.300 [min=-1.107, max=0.015], az=0.022 +- 0.009 [min=0.008, max=0.055] m/s^2
[2026-07-08 20:15:02.845] [odom] [warning] gyro_stat wx=-0.019 +- 0.001 [min=-0.021, max=-0.017], wy=-0.000 +- 0.001 [min=-0.005, max=0.002], wz=0.001 +- 0.000 [min=0.001, max=0.002] rad/s
[2026-07-08 20:15:03.322] [odom] [warning] IMU prediction is not good.
[2026-07-08 20:15:03.322] [odom] [warning] Possibly T_lidar_imu is not accurate or IMU bias is not well estimated.
[2026-07-08 20:15:03.322] [odom] [warning] IMU validation results:
[2026-07-08 20:15:03.322] [odom] [warning] num_validations=13248
[2026-07-08 20:15:03.322] [odom] [warning] No-IMU errors rot=0.204 +- 0.244 deg, trans=0.019 +- 0.010 m, vel=0.027 +- 0.019 m/s
[2026-07-08 20:15:03.322] [odom] [warning] IMU errors rot=0.065 +- 0.053 deg, trans=0.021 +- 0.011 m, vel=0.065 +- 0.032 m/s
[2026-07-08 20:15:03.322] [odom] [warning] IMU better ratios rot=0.86, trans=0.03, vel=0.09
[2026-07-08 20:15:04.111] [glim] [info] playback speed: 2.651x
[2026-07-08 20:15:05.637] [odom] [warning] IMU bias estimation seems inaccurate.
[2026-07-08 20:15:05.637] [odom] [warning] Possibly T_lidar_imu is not accurate or LiDAR-IMU synchronization is not correct.
[2026-07-08 20:15:05.637] [odom] [warning] IMU bias validation results:
[2026-07-08 20:15:05.637] [odom] [warning] num_bias_validations=13824
[2026-07-08 20:15:05.637] [odom] [warning] bias_acc=[0.285, -1.077, 0.040] m/s^2, bias_gyro=[-0.019, -0.002, 0.001] rad/s
[2026-07-08 20:15:05.637] [odom] [warning] acc_stat ax=0.478 +- 0.190 [min=0.001, max=0.847], ay=-0.759 +- 0.300 [min=-1.107, max=0.015], az=0.022 +- 0.009 [min=0.008, max=0.055] m/s^2
[2026-07-08 20:15:05.637] [odom] [warning] gyro_stat wx=-0.019 +- 0.001 [min=-0.021, max=-0.017], wy=-0.000 +- 0.001 [min=-0.005, max=0.002], wz=0.001 +- 0.000 [min=0.001, max=0.002] rad/s
[2026-07-08 20:15:06.161] [odom] [warning] IMU prediction is not good.
[2026-07-08 20:15:06.161] [odom] [warning] Possibly T_lidar_imu is not accurate or IMU bias is not well estimated.
[2026-07-08 20:15:06.161] [odom] [warning] IMU validation results:
[2026-07-08 20:15:06.161] [odom] [warning] num_validations=13312
[2026-07-08 20:15:06.161] [odom] [warning] No-IMU errors rot=0.207 +- 0.250 deg, trans=0.019 +- 0.010 m, vel=0.027 +- 0.019 m/s
[2026-07-08 20:15:06.161] [odom] [warning] IMU errors rot=0.065 +- 0.054 deg, trans=0.021 +- 0.011 m, vel=0.065 +- 0.032 m/s
[2026-07-08 20:15:06.161] [odom] [warning] IMU better ratios rot=0.87, trans=0.03, vel=0.09
[2026-07-08 20:15:09.030] [odom] [warning] IMU bias estimation seems inaccurate.
[2026-07-08 20:15:09.030] [odom] [warning] Possibly T_lidar_imu is not accurate or LiDAR-IMU synchronization is not correct.
[2026-07-08 20:15:09.030] [odom] [warning] IMU bias validation results:
[2026-07-08 20:15:09.030] [odom] [warning] num_bias_validations=13888
[2026-07-08 20:15:09.030] [odom] [warning] bias_acc=[0.287, -1.066, 0.039] m/s^2, bias_gyro=[-0.019, -0.004, 0.001] rad/s
[2026-07-08 20:15:09.030] [odom] [warning] acc_stat ax=0.477 +- 0.190 [min=0.001, max=0.847], ay=-0.761 +- 0.300 [min=-1.107, max=0.015], az=0.022 +- 0.009 [min=0.008, max=0.055] m/s^2
[2026-07-08 20:15:09.030] [odom] [warning] gyro_stat wx=-0.019 +- 0.001 [min=-0.021, max=-0.017], wy=-0.000 +- 0.001 [min=-0.005, max=0.002], wz=0.001 +- 0.000 [min=0.001, max=0.002] rad/s
[2026-07-08 20:15:09.136] [glim] [info] playback speed: 2.039x
[2026-07-08 20:15:09.524] [odom] [warning] IMU prediction is not good.
[2026-07-08 20:15:09.524] [odom] [warning] Possibly T_lidar_imu is not accurate or IMU bias is not well estimated.
[2026-07-08 20:15:09.524] [odom] [warning] IMU validation results:
[2026-07-08 20:15:09.524] [odom] [warning] num_validations=13376
[2026-07-08 20:15:09.524] [odom] [warning] No-IMU errors rot=0.209 +- 0.252 deg, trans=0.018 +- 0.010 m, vel=0.027 +- 0.019 m/s
[2026-07-08 20:15:09.524] [odom] [warning] IMU errors rot=0.065 +- 0.054 deg, trans=0.021 +- 0.011 m, vel=0.065 +- 0.032 m/s
[2026-07-08 20:15:09.524] [odom] [warning] IMU better ratios rot=0.87, trans=0.03, vel=0.09
[2026-07-08 20:15:10.303] [odom] [warning] IMU bias estimation seems inaccurate.
[2026-07-08 20:15:10.303] [odom] [warning] Possibly T_lidar_imu is not accurate or LiDAR-IMU synchronization is not correct.
[2026-07-08 20:15:10.303] [odom] [warning] IMU bias validation results:
[2026-07-08 20:15:10.303] [odom] [warning] num_bias_validations=13952
[2026-07-08 20:15:10.303] [odom] [warning] bias_acc=[0.296, -1.052, 0.038] m/s^2, bias_gyro=[-0.019, -0.004, 0.001] rad/s
[2026-07-08 20:15:10.303] [odom] [warning] acc_stat ax=0.476 +- 0.190 [min=0.001, max=0.847], ay=-0.762 +- 0.300 [min=-1.107, max=0.015], az=0.022 +- 0.009 [min=0.008, max=0.055] m/s^2
[2026-07-08 20:15:10.303] [odom] [warning] gyro_stat wx=-0.019 +- 0.001 [min=-0.021, max=-0.017], wy=-0.000 +- 0.001 [min=-0.005, max=0.002], wz=0.001 +- 0.000 [min=0.001, max=0.002] rad/s
[2026-07-08 20:15:10.684] [odom] [warning] IMU prediction is not good.
[2026-07-08 20:15:10.684] [odom] [warning] Possibly T_lidar_imu is not accurate or IMU bias is not well estimated.
[2026-07-08 20:15:10.684] [odom] [warning] IMU validation results:
[2026-07-08 20:15:10.684] [odom] [warning] num_validations=13440
[2026-07-08 20:15:10.684] [odom] [warning] No-IMU errors rot=0.208 +- 0.251 deg, trans=0.018 +- 0.010 m, vel=0.027 +- 0.019 m/s
[2026-07-08 20:15:10.684] [odom] [warning] IMU errors rot=0.065 +- 0.054 deg, trans=0.021 +- 0.011 m, vel=0.065 +- 0.032 m/s
[2026-07-08 20:15:10.684] [odom] [warning] IMU better ratios rot=0.87, trans=0.03, vel=0.09
[2026-07-08 20:15:12.942] [odom] [warning] IMU bias estimation seems inaccurate.
[2026-07-08 20:15:12.942] [odom] [warning] Possibly T_lidar_imu is not accurate or LiDAR-IMU synchronization is not correct.
[2026-07-08 20:15:12.942] [odom] [warning] IMU bias validation results:
[2026-07-08 20:15:12.942] [odom] [warning] num_bias_validations=14016
[2026-07-08 20:15:12.942] [odom] [warning] bias_acc=[0.307, -1.039, 0.037] m/s^2, bias_gyro=[-0.019, -0.003, 0.001] rad/s
[2026-07-08 20:15:12.942] [odom] [warning] acc_stat ax=0.475 +- 0.190 [min=0.001, max=0.847], ay=-0.763 +- 0.300 [min=-1.107, max=0.015], az=0.022 +- 0.009 [min=0.008, max=0.055] m/s^2
[2026-07-08 20:15:12.942] [odom] [warning] gyro_stat wx=-0.019 +- 0.001 [min=-0.021, max=-0.017], wy=-0.000 +- 0.001 [min=-0.005, max=0.002], wz=0.001 +- 0.000 [min=0.001, max=0.002] rad/s
[2026-07-08 20:15:13.014] [odom] [warning] IMU prediction is not good.
[2026-07-08 20:15:13.014] [odom] [warning] Possibly T_lidar_imu is not accurate or IMU bias is not well estimated.
[2026-07-08 20:15:13.014] [odom] [warning] IMU validation results:
[2026-07-08 20:15:13.014] [odom] [warning] num_validations=13504
[2026-07-08 20:15:13.014] [odom] [warning] No-IMU errors rot=0.208 +- 0.251 deg, trans=0.018 +- 0.010 m, vel=0.027 +- 0.019 m/s
[2026-07-08 20:15:13.014] [odom] [warning] IMU errors rot=0.065 +- 0.054 deg, trans=0.021 +- 0.011 m, vel=0.065 +- 0.032 m/s
[2026-07-08 20:15:13.014] [odom] [warning] IMU better ratios rot=0.87, trans=0.03, vel=0.09
[2026-07-08 20:15:14.136] [glim] [info] playback speed: 3.693x
[2026-07-08 20:15:14.388] [odom] [warning] IMU bias estimation seems inaccurate.
[2026-07-08 20:15:14.388] [odom] [warning] Possibly T_lidar_imu is not accurate or LiDAR-IMU synchronization is not correct.
[2026-07-08 20:15:14.388] [odom] [warning] IMU bias validation results:
[2026-07-08 20:15:14.388] [odom] [warning] num_bias_validations=14080
[2026-07-08 20:15:14.388] [odom] [warning] bias_acc=[0.319, -1.027, 0.035] m/s^2, bias_gyro=[-0.018, -0.003, 0.001] rad/s
[2026-07-08 20:15:14.388] [odom] [warning] acc_stat ax=0.475 +- 0.190 [min=0.001, max=0.847], ay=-0.764 +- 0.299 [min=-1.107, max=0.015], az=0.023 +- 0.009 [min=0.008, max=0.055] m/s^2
[2026-07-08 20:15:14.388] [odom] [warning] gyro_stat wx=-0.019 +- 0.001 [min=-0.021, max=-0.017], wy=-0.000 +- 0.001 [min=-0.005, max=0.002], wz=0.001 +- 0.000 [min=0.001, max=0.002] rad/s
[2026-07-08 20:15:14.972] [odom] [warning] IMU prediction is not good.
[2026-07-08 20:15:14.973] [odom] [warning] Possibly T_lidar_imu is not accurate or IMU bias is not well estimated.
[2026-07-08 20:15:14.973] [odom] [warning] IMU validation results:
[2026-07-08 20:15:14.973] [odom] [warning] num_validations=13568
[2026-07-08 20:15:14.973] [odom] [warning] No-IMU errors rot=0.208 +- 0.250 deg, trans=0.018 +- 0.010 m, vel=0.027 +- 0.019 m/s
[2026-07-08 20:15:14.973] [odom] [warning] IMU errors rot=0.065 +- 0.054 deg, trans=0.021 +- 0.011 m, vel=0.065 +- 0.032 m/s
[2026-07-08 20:15:14.973] [odom] [warning] IMU better ratios rot=0.87, trans=0.03, vel=0.09
[2026-07-08 20:15:17.143] [odom] [warning] IMU bias estimation seems inaccurate.
[2026-07-08 20:15:17.143] [odom] [warning] Possibly T_lidar_imu is not accurate or LiDAR-IMU synchronization is not correct.
[2026-07-08 20:15:17.143] [odom] [warning] IMU bias validation results:
[2026-07-08 20:15:17.143] [odom] [warning] num_bias_validations=14144
[2026-07-08 20:15:17.143] [odom] [warning] bias_acc=[0.332, -1.011, 0.034] m/s^2, bias_gyro=[-0.019, -0.002, 0.001] rad/s
[2026-07-08 20:15:17.143] [odom] [warning] acc_stat ax=0.474 +- 0.189 [min=0.001, max=0.847], ay=-0.766 +- 0.299 [min=-1.107, max=0.015], az=0.023 +- 0.009 [min=0.008, max=0.055] m/s^2
[2026-07-08 20:15:17.143] [odom] [warning] gyro_stat wx=-0.019 +- 0.001 [min=-0.021, max=-0.017], wy=-0.000 +- 0.001 [min=-0.005, max=0.002], wz=0.001 +- 0.000 [min=0.001, max=0.002] rad/s
[2026-07-08 20:15:17.685] [odom] [warning] IMU prediction is not good.
[2026-07-08 20:15:17.685] [odom] [warning] Possibly T_lidar_imu is not accurate or IMU bias is not well estimated.
[2026-07-08 20:15:17.685] [odom] [warning] IMU validation results:
[2026-07-08 20:15:17.685] [odom] [warning] num_validations=13632
[2026-07-08 20:15:17.685] [odom] [warning] No-IMU errors rot=0.208 +- 0.251 deg, trans=0.019 +- 0.010 m, vel=0.027 +- 0.019 m/s
[2026-07-08 20:15:17.685] [odom] [warning] IMU errors rot=0.066 +- 0.054 deg, trans=0.021 +- 0.011 m, vel=0.065 +- 0.032 m/s
[2026-07-08 20:15:17.685] [odom] [warning] IMU better ratios rot=0.87, trans=0.03, vel=0.09
[2026-07-08 20:15:18.952] [odom] [warning] IMU bias estimation seems inaccurate.
[2026-07-08 20:15:18.952] [odom] [warning] Possibly T_lidar_imu is not accurate or LiDAR-IMU synchronization is not correct.
[2026-07-08 20:15:18.952] [odom] [warning] IMU bias validation results:
[2026-07-08 20:15:18.952] [odom] [warning] num_bias_validations=14208
[2026-07-08 20:15:18.952] [odom] [warning] bias_acc=[0.342, -1.000, 0.032] m/s^2, bias_gyro=[-0.019, -0.002, 0.001] rad/s
[2026-07-08 20:15:18.952] [odom] [warning] acc_stat ax=0.474 +- 0.189 [min=0.001, max=0.847], ay=-0.767 +- 0.299 [min=-1.107, max=0.015], az=0.023 +- 0.009 [min=0.008, max=0.055] m/s^2
[2026-07-08 20:15:18.952] [odom] [warning] gyro_stat wx=-0.019 +- 0.001 [min=-0.021, max=-0.017], wy=-0.000 +- 0.001 [min=-0.005, max=0.002], wz=0.001 +- 0.000 [min=0.001, max=0.002] rad/s
[2026-07-08 20:15:19.164] [glim] [info] playback speed: 2.845x
[2026-07-08 20:15:19.213] [odom] [warning] IMU prediction is not good.
[2026-07-08 20:15:19.213] [odom] [warning] Possibly T_lidar_imu is not accurate or IMU bias is not well estimated.
[2026-07-08 20:15:19.213] [odom] [warning] IMU validation results:
[2026-07-08 20:15:19.213] [odom] [warning] num_validations=13696
[2026-07-08 20:15:19.213] [odom] [warning] No-IMU errors rot=0.208 +- 0.251 deg, trans=0.019 +- 0.010 m, vel=0.027 +- 0.019 m/s
[2026-07-08 20:15:19.213] [odom] [warning] IMU errors rot=0.066 +- 0.054 deg, trans=0.021 +- 0.011 m, vel=0.065 +- 0.031 m/s
[2026-07-08 20:15:19.213] [odom] [warning] IMU better ratios rot=0.87, trans=0.03, vel=0.09
[2026-07-08 20:15:20.598] [odom] [warning] IMU bias estimation seems inaccurate.
[2026-07-08 20:15:20.598] [odom] [warning] Possibly T_lidar_imu is not accurate or LiDAR-IMU synchronization is not correct.
[2026-07-08 20:15:20.598] [odom] [warning] IMU bias validation results:
[2026-07-08 20:15:20.598] [odom] [warning] num_bias_validations=14272
[2026-07-08 20:15:20.598] [odom] [warning] bias_acc=[0.353, -0.989, 0.032] m/s^2, bias_gyro=[-0.019, -0.001, 0.001] rad/s
[2026-07-08 20:15:20.598] [odom] [warning] acc_stat ax=0.473 +- 0.189 [min=0.001, max=0.847], ay=-0.768 +- 0.299 [min=-1.107, max=0.015], az=0.023 +- 0.009 [min=0.008, max=0.055] m/s^2
[2026-07-08 20:15:20.598] [odom] [warning] gyro_stat wx=-0.019 +- 0.001 [min=-0.021, max=-0.017], wy=-0.000 +- 0.001 [min=-0.005, max=0.002], wz=0.001 +- 0.000 [min=0.001, max=0.002] rad/s
[2026-07-08 20:15:20.780] [odom] [warning] IMU prediction is not good.
[2026-07-08 20:15:20.780] [odom] [warning] Possibly T_lidar_imu is not accurate or IMU bias is not well estimated.
[2026-07-08 20:15:20.780] [odom] [warning] IMU validation results:
[2026-07-08 20:15:20.780] [odom] [warning] num_validations=13760
[2026-07-08 20:15:20.780] [odom] [warning] No-IMU errors rot=0.208 +- 0.250 deg, trans=0.018 +- 0.010 m, vel=0.027 +- 0.019 m/s
[2026-07-08 20:15:20.780] [odom] [warning] IMU errors rot=0.065 +- 0.054 deg, trans=0.021 +- 0.011 m, vel=0.065 +- 0.031 m/s
[2026-07-08 20:15:20.780] [odom] [warning] IMU better ratios rot=0.87, trans=0.03, vel=0.09
[2026-07-08 20:15:22.643] [odom] [warning] IMU bias estimation seems inaccurate.
[2026-07-08 20:15:22.643] [odom] [warning] Possibly T_lidar_imu is not accurate or LiDAR-IMU synchronization is not correct.
[2026-07-08 20:15:22.643] [odom] [warning] IMU bias validation results:
[2026-07-08 20:15:22.643] [odom] [warning] num_bias_validations=14336
[2026-07-08 20:15:22.643] [odom] [warning] bias_acc=[0.364, -0.978, 0.031] m/s^2, bias_gyro=[-0.019, -0.001, 0.001] rad/s
[2026-07-08 20:15:22.643] [odom] [warning] acc_stat ax=0.472 +- 0.189 [min=0.001, max=0.847], ay=-0.769 +- 0.298 [min=-1.107, max=0.015], az=0.023 +- 0.009 [min=0.008, max=0.055] m/s^2
[2026-07-08 20:15:22.643] [odom] [warning] gyro_stat wx=-0.019 +- 0.001 [min=-0.021, max=-0.017], wy=-0.000 +- 0.001 [min=-0.005, max=0.002], wz=0.001 +- 0.000 [min=0.001, max=0.002] rad/s
[2026-07-08 20:15:22.820] [odom] [warning] IMU prediction is not good.
[2026-07-08 20:15:22.820] [odom] [warning] Possibly T_lidar_imu is not accurate or IMU bias is not well estimated.
[2026-07-08 20:15:22.820] [odom] [warning] IMU validation results:
[2026-07-08 20:15:22.820] [odom] [warning] num_validations=13824
[2026-07-08 20:15:22.820] [odom] [warning] No-IMU errors rot=0.207 +- 0.250 deg, trans=0.018 +- 0.010 m, vel=0.027 +- 0.019 m/s
[2026-07-08 20:15:22.820] [odom] [warning] IMU errors rot=0.065 +- 0.054 deg, trans=0.021 +- 0.011 m, vel=0.065 +- 0.031 m/s
[2026-07-08 20:15:22.820] [odom] [warning] IMU better ratios rot=0.87, trans=0.03, vel=0.09
[2026-07-08 20:15:24.188] [glim] [info] playback speed: 3.434x
[2026-07-08 20:15:24.656] [odom] [warning] IMU bias estimation seems inaccurate.
[2026-07-08 20:15:24.656] [odom] [warning] Possibly T_lidar_imu is not accurate or LiDAR-IMU synchronization is not correct.
[2026-07-08 20:15:24.656] [odom] [warning] IMU bias validation results:
[2026-07-08 20:15:24.656] [odom] [warning] num_bias_validations=14400
[2026-07-08 20:15:24.656] [odom] [warning] bias_acc=[0.375, -0.968, 0.030] m/s^2, bias_gyro=[-0.020, -0.001, 0.001] rad/s
[2026-07-08 20:15:24.656] [odom] [warning] acc_stat ax=0.472 +- 0.188 [min=0.001, max=0.847], ay=-0.769 +- 0.298 [min=-1.107, max=0.015], az=0.023 +- 0.009 [min=0.008, max=0.055] m/s^2
[2026-07-08 20:15:24.656] [odom] [warning] gyro_stat wx=-0.019 +- 0.001 [min=-0.021, max=-0.017], wy=-0.000 +- 0.001 [min=-0.005, max=0.002], wz=0.001 +- 0.000 [min=0.001, max=0.002] rad/s
[2026-07-08 20:15:24.739] [odom] [warning] IMU prediction is not good.
[2026-07-08 20:15:24.739] [odom] [warning] Possibly T_lidar_imu is not accurate or IMU bias is not well estimated.
[2026-07-08 20:15:24.739] [odom] [warning] IMU validation results:
[2026-07-08 20:15:24.739] [odom] [warning] num_validations=13888
[2026-07-08 20:15:24.739] [odom] [warning] No-IMU errors rot=0.207 +- 0.250 deg, trans=0.018 +- 0.010 m, vel=0.027 +- 0.019 m/s
[2026-07-08 20:15:24.739] [odom] [warning] IMU errors rot=0.065 +- 0.054 deg, trans=0.021 +- 0.011 m, vel=0.065 +- 0.031 m/s
[2026-07-08 20:15:24.739] [odom] [warning] IMU better ratios rot=0.87, trans=0.03, vel=0.09
[2026-07-08 20:15:26.447] [odom] [warning] IMU bias estimation seems inaccurate.
[2026-07-08 20:15:26.447] [odom] [warning] Possibly T_lidar_imu is not accurate or LiDAR-IMU synchronization is not correct.
[2026-07-08 20:15:26.447] [odom] [warning] IMU bias validation results:
[2026-07-08 20:15:26.447] [odom] [warning] num_bias_validations=14464
[2026-07-08 20:15:26.447] [odom] [warning] bias_acc=[0.388, -0.963, 0.029] m/s^2, bias_gyro=[-0.019, -0.002, 0.001] rad/s
[2026-07-08 20:15:26.447] [odom] [warning] acc_stat ax=0.472 +- 0.188 [min=0.001, max=0.847], ay=-0.770 +- 0.298 [min=-1.107, max=0.015], az=0.023 +- 0.009 [min=0.008, max=0.055] m/s^2
[2026-07-08 20:15:26.447] [odom] [warning] gyro_stat wx=-0.019 +- 0.001 [min=-0.021, max=-0.017], wy=-0.000 +- 0.001 [min=-0.005, max=0.002], wz=0.001 +- 0.000 [min=0.001, max=0.002] rad/s
[2026-07-08 20:15:26.945] [odom] [warning] IMU prediction is not good.
[2026-07-08 20:15:26.945] [odom] [warning] Possibly T_lidar_imu is not accurate or IMU bias is not well estimated.
[2026-07-08 20:15:26.945] [odom] [warning] IMU validation results:
[2026-07-08 20:15:26.945] [odom] [warning] num_validations=13952
[2026-07-08 20:15:26.945] [odom] [warning] No-IMU errors rot=0.208 +- 0.250 deg, trans=0.018 +- 0.010 m, vel=0.027 +- 0.019 m/s
[2026-07-08 20:15:26.945] [odom] [warning] IMU errors rot=0.066 +- 0.054 deg, trans=0.021 +- 0.011 m, vel=0.065 +- 0.031 m/s
[2026-07-08 20:15:26.945] [odom] [warning] IMU better ratios rot=0.87, trans=0.03, vel=0.09
[2026-07-08 20:15:28.289] [odom] [warning] IMU bias estimation seems inaccurate.
[2026-07-08 20:15:28.289] [odom] [warning] Possibly T_lidar_imu is not accurate or LiDAR-IMU synchronization is not correct.
[2026-07-08 20:15:28.289] [odom] [warning] IMU bias validation results:
[2026-07-08 20:15:28.289] [odom] [warning] num_bias_validations=14528
[2026-07-08 20:15:28.289] [odom] [warning] bias_acc=[0.398, -0.951, 0.027] m/s^2, bias_gyro=[-0.019, -0.001, 0.002] rad/s
[2026-07-08 20:15:28.289] [odom] [warning] acc_stat ax=0.471 +- 0.188 [min=0.001, max=0.847], ay=-0.771 +- 0.297 [min=-1.107, max=0.015], az=0.023 +- 0.009 [min=0.008, max=0.055] m/s^2
[2026-07-08 20:15:28.289] [odom] [warning] gyro_stat wx=-0.019 +- 0.001 [min=-0.021, max=-0.017], wy=-0.000 +- 0.001 [min=-0.005, max=0.002], wz=0.001 +- 0.000 [min=0.001, max=0.002] rad/s
[2026-07-08 20:15:28.371] [odom] [warning] IMU prediction is not good.
[2026-07-08 20:15:28.371] [odom] [warning] Possibly T_lidar_imu is not accurate or IMU bias is not well estimated.
[2026-07-08 20:15:28.371] [odom] [warning] IMU validation results:
[2026-07-08 20:15:28.371] [odom] [warning] num_validations=14016
[2026-07-08 20:15:28.371] [odom] [warning] No-IMU errors rot=0.209 +- 0.251 deg, trans=0.018 +- 0.010 m, vel=0.027 +- 0.019 m/s
[2026-07-08 20:15:28.371] [odom] [warning] IMU errors rot=0.066 +- 0.054 deg, trans=0.021 +- 0.011 m, vel=0.065 +- 0.031 m/s
[2026-07-08 20:15:28.371] [odom] [warning] IMU better ratios rot=0.87, trans=0.03, vel=0.09
[2026-07-08 20:15:29.217] [glim] [info] playback speed: 3.651x
[2026-07-08 20:15:30.406] [odom] [warning] IMU bias estimation seems inaccurate.
[2026-07-08 20:15:30.406] [odom] [warning] Possibly T_lidar_imu is not accurate or LiDAR-IMU synchronization is not correct.
[2026-07-08 20:15:30.406] [odom] [warning] IMU bias validation results:
[2026-07-08 20:15:30.406] [odom] [warning] num_bias_validations=14592
[2026-07-08 20:15:30.406] [odom] [warning] bias_acc=[0.406, -0.941, 0.026] m/s^2, bias_gyro=[-0.020, -0.000, 0.002] rad/s
[2026-07-08 20:15:30.406] [odom] [warning] acc_stat ax=0.471 +- 0.187 [min=0.001, max=0.847], ay=-0.772 +- 0.297 [min=-1.107, max=0.015], az=0.023 +- 0.009 [min=0.008, max=0.055] m/s^2
[2026-07-08 20:15:30.406] [odom] [warning] gyro_stat wx=-0.019 +- 0.001 [min=-0.021, max=-0.017], wy=-0.000 +- 0.001 [min=-0.005, max=0.002], wz=0.001 +- 0.000 [min=0.001, max=0.002] rad/s
[2026-07-08 20:15:30.878] [odom] [warning] IMU prediction is not good.
[2026-07-08 20:15:30.878] [odom] [warning] Possibly T_lidar_imu is not accurate or IMU bias is not well estimated.
[2026-07-08 20:15:30.878] [odom] [warning] IMU validation results:
[2026-07-08 20:15:30.878] [odom] [warning] num_validations=14080
[2026-07-08 20:15:30.878] [odom] [warning] No-IMU errors rot=0.209 +- 0.250 deg, trans=0.018 +- 0.010 m, vel=0.027 +- 0.019 m/s
[2026-07-08 20:15:30.878] [odom] [warning] IMU errors rot=0.065 +- 0.054 deg, trans=0.021 +- 0.011 m, vel=0.065 +- 0.031 m/s
[2026-07-08 20:15:30.878] [odom] [warning] IMU better ratios rot=0.87, trans=0.03, vel=0.09
[2026-07-08 20:15:33.762] [odom] [warning] IMU bias estimation seems inaccurate.
[2026-07-08 20:15:33.762] [odom] [warning] Possibly T_lidar_imu is not accurate or LiDAR-IMU synchronization is not correct.
[2026-07-08 20:15:33.762] [odom] [warning] IMU bias validation results:
[2026-07-08 20:15:33.762] [odom] [warning] num_bias_validations=14656
[2026-07-08 20:15:33.762] [odom] [warning] bias_acc=[0.414, -0.931, 0.025] m/s^2, bias_gyro=[-0.020, -0.000, 0.002] rad/s
[2026-07-08 20:15:33.762] [odom] [warning] acc_stat ax=0.471 +- 0.187 [min=0.001, max=0.847], ay=-0.773 +- 0.296 [min=-1.107, max=0.015], az=0.023 +- 0.009 [min=0.008, max=0.055] m/s^2
[2026-07-08 20:15:33.762] [odom] [warning] gyro_stat wx=-0.019 +- 0.001 [min=-0.021, max=-0.017], wy=-0.000 +- 0.001 [min=-0.005, max=0.002], wz=0.001 +- 0.000 [min=0.001, max=0.002] rad/s
[2026-07-08 20:15:34.219] [glim] [info] playback speed: 2.029x
[2026-07-08 20:15:34.447] [odom] [warning] IMU prediction is not good.
[2026-07-08 20:15:34.447] [odom] [warning] Possibly T_lidar_imu is not accurate or IMU bias is not well estimated.
[2026-07-08 20:15:34.447] [odom] [warning] IMU validation results:
[2026-07-08 20:15:34.447] [odom] [warning] num_validations=14144
[2026-07-08 20:15:34.447] [odom] [warning] No-IMU errors rot=0.208 +- 0.250 deg, trans=0.018 +- 0.010 m, vel=0.027 +- 0.019 m/s
[2026-07-08 20:15:34.447] [odom] [warning] IMU errors rot=0.065 +- 0.054 deg, trans=0.021 +- 0.011 m, vel=0.065 +- 0.031 m/s
[2026-07-08 20:15:34.447] [odom] [warning] IMU better ratios rot=0.87, trans=0.03, vel=0.09
[2026-07-08 20:15:37.239] [odom] [warning] IMU bias estimation seems inaccurate.
[2026-07-08 20:15:37.239] [odom] [warning] Possibly T_lidar_imu is not accurate or LiDAR-IMU synchronization is not correct.
[2026-07-08 20:15:37.239] [odom] [warning] IMU bias validation results:
[2026-07-08 20:15:37.239] [odom] [warning] num_bias_validations=14720
[2026-07-08 20:15:37.239] [odom] [warning] bias_acc=[0.421, -0.921, 0.024] m/s^2, bias_gyro=[-0.020, -0.000, 0.002] rad/s
[2026-07-08 20:15:37.239] [odom] [warning] acc_stat ax=0.471 +- 0.186 [min=0.001, max=0.847], ay=-0.773 +- 0.296 [min=-1.107, max=0.015], az=0.023 +- 0.009 [min=0.008, max=0.055] m/s^2
[2026-07-08 20:15:37.239] [odom] [warning] gyro_stat wx=-0.019 +- 0.001 [min=-0.021, max=-0.017], wy=-0.000 +- 0.001 [min=-0.005, max=0.002], wz=0.001 +- 0.000 [min=0.001, max=0.002] rad/s
[2026-07-08 20:15:37.722] [odom] [warning] IMU prediction is not good.
[2026-07-08 20:15:37.722] [odom] [warning] Possibly T_lidar_imu is not accurate or IMU bias is not well estimated.
[2026-07-08 20:15:37.722] [odom] [warning] IMU validation results:
[2026-07-08 20:15:37.722] [odom] [warning] num_validations=14208
[2026-07-08 20:15:37.722] [odom] [warning] No-IMU errors rot=0.207 +- 0.250 deg, trans=0.018 +- 0.010 m, vel=0.027 +- 0.019 m/s
[2026-07-08 20:15:37.722] [odom] [warning] IMU errors rot=0.065 +- 0.054 deg, trans=0.021 +- 0.011 m, vel=0.065 +- 0.031 m/s
[2026-07-08 20:15:37.722] [odom] [warning] IMU better ratios rot=0.87, trans=0.03, vel=0.09
[2026-07-08 20:15:38.420] [odom] [warning] IMU bias estimation seems inaccurate.
[2026-07-08 20:15:38.420] [odom] [warning] Possibly T_lidar_imu is not accurate or LiDAR-IMU synchronization is not correct.
[2026-07-08 20:15:38.420] [odom] [warning] IMU bias validation results:
[2026-07-08 20:15:38.420] [odom] [warning] num_bias_validations=14784
[2026-07-08 20:15:38.420] [odom] [warning] bias_acc=[0.424, -0.909, 0.024] m/s^2, bias_gyro=[-0.020, -0.000, 0.002] rad/s
[2026-07-08 20:15:38.420] [odom] [warning] acc_stat ax=0.470 +- 0.186 [min=0.001, max=0.847], ay=-0.774 +- 0.295 [min=-1.107, max=0.015], az=0.023 +- 0.009 [min=0.008, max=0.055] m/s^2
[2026-07-08 20:15:38.420] [odom] [warning] gyro_stat wx=-0.019 +- 0.001 [min=-0.021, max=-0.017], wy=-0.000 +- 0.001 [min=-0.005, max=0.002], wz=0.001 +- 0.000 [min=0.001, max=0.002] rad/s
[2026-07-08 20:15:38.781] [odom] [warning] IMU prediction is not good.
[2026-07-08 20:15:38.781] [odom] [warning] Possibly T_lidar_imu is not accurate or IMU bias is not well estimated.
[2026-07-08 20:15:38.781] [odom] [warning] IMU validation results:
[2026-07-08 20:15:38.781] [odom] [warning] num_validations=14272
[2026-07-08 20:15:38.781] [odom] [warning] No-IMU errors rot=0.208 +- 0.250 deg, trans=0.018 +- 0.010 m, vel=0.027 +- 0.019 m/s
[2026-07-08 20:15:38.781] [odom] [warning] IMU errors rot=0.065 +- 0.054 deg, trans=0.021 +- 0.011 m, vel=0.065 +- 0.031 m/s
[2026-07-08 20:15:38.781] [odom] [warning] IMU better ratios rot=0.86, trans=0.03, vel=0.09
[2026-07-08 20:15:39.227] [glim] [info] playback speed: 2.856x
[2026-07-08 20:15:40.247] [odom] [warning] IMU bias estimation seems inaccurate.
[2026-07-08 20:15:40.247] [odom] [warning] Possibly T_lidar_imu is not accurate or LiDAR-IMU synchronization is not correct.
[2026-07-08 20:15:40.247] [odom] [warning] IMU bias validation results:
[2026-07-08 20:15:40.247] [odom] [warning] num_bias_validations=14848
[2026-07-08 20:15:40.247] [odom] [warning] bias_acc=[0.430, -0.901, 0.023] m/s^2, bias_gyro=[-0.020, -0.000, 0.002] rad/s
[2026-07-08 20:15:40.247] [odom] [warning] acc_stat ax=0.470 +- 0.186 [min=0.001, max=0.847], ay=-0.774 +- 0.295 [min=-1.107, max=0.015], az=0.023 +- 0.009 [min=0.008, max=0.055] m/s^2
[2026-07-08 20:15:40.247] [odom] [warning] gyro_stat wx=-0.019 +- 0.001 [min=-0.021, max=-0.017], wy=-0.000 +- 0.001 [min=-0.005, max=0.002], wz=0.001 +- 0.000 [min=0.001, max=0.002] rad/s
[2026-07-08 20:15:40.344] [odom] [warning] IMU prediction is not good.
[2026-07-08 20:15:40.344] [odom] [warning] Possibly T_lidar_imu is not accurate or IMU bias is not well estimated.
[2026-07-08 20:15:40.344] [odom] [warning] IMU validation results:
[2026-07-08 20:15:40.344] [odom] [warning] num_validations=14336
[2026-07-08 20:15:40.344] [odom] [warning] No-IMU errors rot=0.208 +- 0.249 deg, trans=0.018 +- 0.010 m, vel=0.027 +- 0.019 m/s
[2026-07-08 20:15:40.344] [odom] [warning] IMU errors rot=0.065 +- 0.054 deg, trans=0.021 +- 0.011 m, vel=0.065 +- 0.031 m/s
[2026-07-08 20:15:40.344] [odom] [warning] IMU better ratios rot=0.86, trans=0.03, vel=0.09
[2026-07-08 20:15:41.916] [odom] [warning] IMU bias estimation seems inaccurate.
[2026-07-08 20:15:41.916] [odom] [warning] Possibly T_lidar_imu is not accurate or LiDAR-IMU synchronization is not correct.
[2026-07-08 20:15:41.916] [odom] [warning] IMU bias validation results:
[2026-07-08 20:15:41.916] [odom] [warning] num_bias_validations=14912
[2026-07-08 20:15:41.916] [odom] [warning] bias_acc=[0.437, -0.893, 0.022] m/s^2, bias_gyro=[-0.020, -0.000, 0.002] rad/s
[2026-07-08 20:15:41.916] [odom] [warning] acc_stat ax=0.470 +- 0.185 [min=0.001, max=0.847], ay=-0.775 +- 0.294 [min=-1.107, max=0.015], az=0.023 +- 0.009 [min=0.008, max=0.055] m/s^2
[2026-07-08 20:15:41.916] [odom] [warning] gyro_stat wx=-0.019 +- 0.001 [min=-0.021, max=-0.017], wy=-0.000 +- 0.001 [min=-0.005, max=0.002], wz=0.001 +- 0.000 [min=0.001, max=0.002] rad/s
[2026-07-08 20:15:42.424] [odom] [warning] IMU prediction is not good.
[2026-07-08 20:15:42.424] [odom] [warning] Possibly T_lidar_imu is not accurate or IMU bias is not well estimated.
[2026-07-08 20:15:42.424] [odom] [warning] IMU validation results:
[2026-07-08 20:15:42.424] [odom] [warning] num_validations=14400
[2026-07-08 20:15:42.424] [odom] [warning] No-IMU errors rot=0.208 +- 0.250 deg, trans=0.018 +- 0.010 m, vel=0.027 +- 0.019 m/s
[2026-07-08 20:15:42.424] [odom] [warning] IMU errors rot=0.066 +- 0.054 deg, trans=0.021 +- 0.011 m, vel=0.065 +- 0.031 m/s
[2026-07-08 20:15:42.424] [odom] [warning] IMU better ratios rot=0.86, trans=0.03, vel=0.09
[2026-07-08 20:15:43.692] [odom] [warning] IMU bias estimation seems inaccurate.
[2026-07-08 20:15:43.692] [odom] [warning] Possibly T_lidar_imu is not accurate or LiDAR-IMU synchronization is not correct.
[2026-07-08 20:15:43.692] [odom] [warning] IMU bias validation results:
[2026-07-08 20:15:43.692] [odom] [warning] num_bias_validations=14976
[2026-07-08 20:15:43.692] [odom] [warning] bias_acc=[0.439, -0.883, 0.021] m/s^2, bias_gyro=[-0.020, 0.001, 0.002] rad/s
[2026-07-08 20:15:43.692] [odom] [warning] acc_stat ax=0.470 +- 0.185 [min=0.001, max=0.847], ay=-0.775 +- 0.294 [min=-1.107, max=0.015], az=0.023 +- 0.009 [min=0.008, max=0.055] m/s^2
[2026-07-08 20:15:43.692] [odom] [warning] gyro_stat wx=-0.019 +- 0.001 [min=-0.021, max=-0.017], wy=-0.000 +- 0.001 [min=-0.005, max=0.002], wz=0.001 +- 0.000 [min=0.001, max=0.002] rad/s
[2026-07-08 20:15:43.796] [odom] [warning] IMU prediction is not good.
[2026-07-08 20:15:43.796] [odom] [warning] Possibly T_lidar_imu is not accurate or IMU bias is not well estimated.
[2026-07-08 20:15:43.796] [odom] [warning] IMU validation results:
[2026-07-08 20:15:43.796] [odom] [warning] num_validations=14464
[2026-07-08 20:15:43.796] [odom] [warning] No-IMU errors rot=0.209 +- 0.250 deg, trans=0.018 +- 0.010 m, vel=0.027 +- 0.019 m/s
[2026-07-08 20:15:43.796] [odom] [warning] IMU errors rot=0.066 +- 0.054 deg, trans=0.021 +- 0.011 m, vel=0.065 +- 0.031 m/s
[2026-07-08 20:15:43.796] [odom] [warning] IMU better ratios rot=0.86, trans=0.03, vel=0.09
[2026-07-08 20:15:44.238] [glim] [info] playback speed: 3.948x
[2026-07-08 20:15:45.389] [odom] [warning] IMU bias estimation seems inaccurate.
[2026-07-08 20:15:45.389] [odom] [warning] Possibly T_lidar_imu is not accurate or LiDAR-IMU synchronization is not correct.
[2026-07-08 20:15:45.389] [odom] [warning] IMU bias validation results:
[2026-07-08 20:15:45.389] [odom] [warning] num_bias_validations=15040
[2026-07-08 20:15:45.389] [odom] [warning] bias_acc=[0.436, -0.878, 0.022] m/s^2, bias_gyro=[-0.020, 0.000, 0.002] rad/s
[2026-07-08 20:15:45.389] [odom] [warning] acc_stat ax=0.470 +- 0.185 [min=0.001, max=0.847], ay=-0.776 +- 0.293 [min=-1.107, max=0.015], az=0.023 +- 0.009 [min=0.008, max=0.055] m/s^2
[2026-07-08 20:15:45.389] [odom] [warning] gyro_stat wx=-0.019 +- 0.001 [min=-0.021, max=-0.017], wy=-0.000 +- 0.001 [min=-0.005, max=0.002], wz=0.001 +- 0.000 [min=0.001, max=0.002] rad/s
[2026-07-08 20:15:45.743] [odom] [warning] IMU prediction is not good.
[2026-07-08 20:15:45.743] [odom] [warning] Possibly T_lidar_imu is not accurate or IMU bias is not well estimated.
[2026-07-08 20:15:45.743] [odom] [warning] IMU validation results:
[2026-07-08 20:15:45.743] [odom] [warning] num_validations=14528
[2026-07-08 20:15:45.743] [odom] [warning] No-IMU errors rot=0.209 +- 0.251 deg, trans=0.018 +- 0.010 m, vel=0.027 +- 0.019 m/s
[2026-07-08 20:15:45.743] [odom] [warning] IMU errors rot=0.066 +- 0.054 deg, trans=0.021 +- 0.011 m, vel=0.065 +- 0.031 m/s
[2026-07-08 20:15:45.743] [odom] [warning] IMU better ratios rot=0.86, trans=0.03, vel=0.09
[2026-07-08 20:15:46.353] [odom] [warning] IMU bias estimation seems inaccurate.
[2026-07-08 20:15:46.353] [odom] [warning] Possibly T_lidar_imu is not accurate or LiDAR-IMU synchronization is not correct.
[2026-07-08 20:15:46.353] [odom] [warning] IMU bias validation results:
[2026-07-08 20:15:46.353] [odom] [warning] num_bias_validations=15104
[2026-07-08 20:15:46.353] [odom] [warning] bias_acc=[0.431, -0.874, 0.023] m/s^2, bias_gyro=[-0.020, 0.001, 0.002] rad/s
[2026-07-08 20:15:46.353] [odom] [warning] acc_stat ax=0.470 +- 0.184 [min=0.001, max=0.847], ay=-0.776 +- 0.293 [min=-1.107, max=0.015], az=0.023 +- 0.009 [min=0.008, max=0.055] m/s^2
[2026-07-08 20:15:46.353] [odom] [warning] gyro_stat wx=-0.019 +- 0.001 [min=-0.021, max=-0.017], wy=-0.000 +- 0.001 [min=-0.005, max=0.002], wz=0.001 +- 0.000 [min=0.001, max=0.002] rad/s
[2026-07-08 20:15:46.776] [odom] [warning] IMU prediction is not good.
[2026-07-08 20:15:46.776] [odom] [warning] Possibly T_lidar_imu is not accurate or IMU bias is not well estimated.
[2026-07-08 20:15:46.776] [odom] [warning] IMU validation results:
[2026-07-08 20:15:46.776] [odom] [warning] num_validations=14592
[2026-07-08 20:15:46.776] [odom] [warning] No-IMU errors rot=0.209 +- 0.250 deg, trans=0.018 +- 0.010 m, vel=0.027 +- 0.019 m/s
[2026-07-08 20:15:46.776] [odom] [warning] IMU errors rot=0.066 +- 0.054 deg, trans=0.021 +- 0.011 m, vel=0.065 +- 0.031 m/s
[2026-07-08 20:15:46.776] [odom] [warning] IMU better ratios rot=0.86, trans=0.03, vel=0.09
[2026-07-08 20:15:48.351] [odom] [warning] IMU bias estimation seems inaccurate.
[2026-07-08 20:15:48.351] [odom] [warning] Possibly T_lidar_imu is not accurate or LiDAR-IMU synchronization is not correct.
[2026-07-08 20:15:48.351] [odom] [warning] IMU bias validation results:
[2026-07-08 20:15:48.351] [odom] [warning] num_bias_validations=15168
[2026-07-08 20:15:48.351] [odom] [warning] bias_acc=[0.422, -0.870, 0.025] m/s^2, bias_gyro=[-0.020, 0.001, 0.002] rad/s
[2026-07-08 20:15:48.351] [odom] [warning] acc_stat ax=0.469 +- 0.184 [min=0.001, max=0.847], ay=-0.777 +- 0.292 [min=-1.107, max=0.015], az=0.023 +- 0.009 [min=0.008, max=0.055] m/s^2
[2026-07-08 20:15:48.351] [odom] [warning] gyro_stat wx=-0.019 +- 0.001 [min=-0.021, max=-0.017], wy=-0.000 +- 0.001 [min=-0.005, max=0.002], wz=0.001 +- 0.000 [min=0.001, max=0.002] rad/s
[2026-07-08 20:15:48.620] [odom] [warning] IMU prediction is not good.
[2026-07-08 20:15:48.620] [odom] [warning] Possibly T_lidar_imu is not accurate or IMU bias is not well estimated.
[2026-07-08 20:15:48.620] [odom] [warning] IMU validation results:
[2026-07-08 20:15:48.620] [odom] [warning] num_validations=14656
[2026-07-08 20:15:48.620] [odom] [warning] No-IMU errors rot=0.209 +- 0.250 deg, trans=0.018 +- 0.010 m, vel=0.027 +- 0.019 m/s
[2026-07-08 20:15:48.620] [odom] [warning] IMU errors rot=0.066 +- 0.054 deg, trans=0.021 +- 0.011 m, vel=0.064 +- 0.031 m/s
[2026-07-08 20:15:48.620] [odom] [warning] IMU better ratios rot=0.86, trans=0.03, vel=0.09
[2026-07-08 20:15:49.260] [glim] [info] playback speed: 4.081x
[2026-07-08 20:15:50.522] [odom] [warning] IMU bias estimation seems inaccurate.
[2026-07-08 20:15:50.522] [odom] [warning] Possibly T_lidar_imu is not accurate or LiDAR-IMU synchronization is not correct.
[2026-07-08 20:15:50.522] [odom] [warning] IMU bias validation results:
[2026-07-08 20:15:50.522] [odom] [warning] num_bias_validations=15232
[2026-07-08 20:15:50.522] [odom] [warning] bias_acc=[0.414, -0.866, 0.026] m/s^2, bias_gyro=[-0.020, 0.001, 0.002] rad/s
[2026-07-08 20:15:50.522] [odom] [warning] acc_stat ax=0.469 +- 0.183 [min=0.001, max=0.847], ay=-0.777 +- 0.291 [min=-1.107, max=0.015], az=0.023 +- 0.009 [min=0.008, max=0.055] m/s^2
[2026-07-08 20:15:50.522] [odom] [warning] gyro_stat wx=-0.019 +- 0.001 [min=-0.021, max=-0.017], wy=-0.000 +- 0.001 [min=-0.005, max=0.002], wz=0.001 +- 0.000 [min=0.001, max=0.002] rad/s
[2026-07-08 20:15:50.932] [odom] [warning] IMU prediction is not good.
[2026-07-08 20:15:50.932] [odom] [warning] Possibly T_lidar_imu is not accurate or IMU bias is not well estimated.
[2026-07-08 20:15:50.932] [odom] [warning] IMU validation results:
[2026-07-08 20:15:50.932] [odom] [warning] num_validations=14720
[2026-07-08 20:15:50.932] [odom] [warning] No-IMU errors rot=0.209 +- 0.250 deg, trans=0.018 +- 0.010 m, vel=0.027 +- 0.019 m/s
[2026-07-08 20:15:50.932] [odom] [warning] IMU errors rot=0.066 +- 0.054 deg, trans=0.021 +- 0.011 m, vel=0.064 +- 0.031 m/s
[2026-07-08 20:15:50.932] [odom] [warning] IMU better ratios rot=0.86, trans=0.03, vel=0.09
[2026-07-08 20:15:51.709] [odom] [warning] IMU bias estimation seems inaccurate.
[2026-07-08 20:15:51.709] [odom] [warning] Possibly T_lidar_imu is not accurate or LiDAR-IMU synchronization is not correct.
[2026-07-08 20:15:51.709] [odom] [warning] IMU bias validation results:
[2026-07-08 20:15:51.709] [odom] [warning] num_bias_validations=15296
[2026-07-08 20:15:51.709] [odom] [warning] bias_acc=[0.404, -0.862, 0.029] m/s^2, bias_gyro=[-0.020, 0.001, 0.002] rad/s
[2026-07-08 20:15:51.709] [odom] [warning] acc_stat ax=0.469 +- 0.183 [min=0.001, max=0.847], ay=-0.777 +- 0.291 [min=-1.107, max=0.015], az=0.023 +- 0.009 [min=0.008, max=0.055] m/s^2
[2026-07-08 20:15:51.709] [odom] [warning] gyro_stat wx=-0.019 +- 0.001 [min=-0.021, max=-0.017], wy=-0.000 +- 0.001 [min=-0.005, max=0.002], wz=0.001 +- 0.000 [min=0.001, max=0.002] rad/s
[2026-07-08 20:15:52.014] [odom] [warning] IMU prediction is not good.
[2026-07-08 20:15:52.014] [odom] [warning] Possibly T_lidar_imu is not accurate or IMU bias is not well estimated.
[2026-07-08 20:15:52.014] [odom] [warning] IMU validation results:
[2026-07-08 20:15:52.014] [odom] [warning] num_validations=14784
[2026-07-08 20:15:52.014] [odom] [warning] No-IMU errors rot=0.210 +- 0.250 deg, trans=0.018 +- 0.010 m, vel=0.027 +- 0.019 m/s
[2026-07-08 20:15:52.014] [odom] [warning] IMU errors rot=0.066 +- 0.054 deg, trans=0.021 +- 0.011 m, vel=0.064 +- 0.031 m/s
[2026-07-08 20:15:52.014] [odom] [warning] IMU better ratios rot=0.86, trans=0.03, vel=0.09
[2026-07-08 20:15:54.178] [odom] [warning] IMU bias estimation seems inaccurate.
[2026-07-08 20:15:54.178] [odom] [warning] Possibly T_lidar_imu is not accurate or LiDAR-IMU synchronization is not correct.
[2026-07-08 20:15:54.178] [odom] [warning] IMU bias validation results:
[2026-07-08 20:15:54.178] [odom] [warning] num_bias_validations=15360
[2026-07-08 20:15:54.178] [odom] [warning] bias_acc=[0.393, -0.860, 0.031] m/s^2, bias_gyro=[-0.020, 0.001, 0.002] rad/s
[2026-07-08 20:15:54.178] [odom] [warning] acc_stat ax=0.469 +- 0.183 [min=0.001, max=0.847], ay=-0.778 +- 0.290 [min=-1.107, max=0.015], az=0.023 +- 0.009 [min=0.008, max=0.055] m/s^2
[2026-07-08 20:15:54.178] [odom] [warning] gyro_stat wx=-0.019 +- 0.001 [min=-0.021, max=-0.017], wy=-0.000 +- 0.001 [min=-0.005, max=0.002], wz=0.001 +- 0.000 [min=0.001, max=0.002] rad/s
[2026-07-08 20:15:54.258] [odom] [warning] IMU prediction is not good.
[2026-07-08 20:15:54.258] [odom] [warning] Possibly T_lidar_imu is not accurate or IMU bias is not well estimated.
[2026-07-08 20:15:54.258] [odom] [warning] IMU validation results:
[2026-07-08 20:15:54.258] [odom] [warning] num_validations=14848
[2026-07-08 20:15:54.258] [odom] [warning] No-IMU errors rot=0.209 +- 0.249 deg, trans=0.018 +- 0.010 m, vel=0.027 +- 0.019 m/s
[2026-07-08 20:15:54.258] [odom] [warning] IMU errors rot=0.066 +- 0.054 deg, trans=0.021 +- 0.011 m, vel=0.064 +- 0.031 m/s
[2026-07-08 20:15:54.258] [odom] [warning] IMU better ratios rot=0.86, trans=0.03, vel=0.09
[2026-07-08 20:15:54.260] [glim] [info] playback speed: 3.287x
[2026-07-08 20:15:55.266] [odom] [warning] IMU bias estimation seems inaccurate.
[2026-07-08 20:15:55.266] [odom] [warning] Possibly T_lidar_imu is not accurate or LiDAR-IMU synchronization is not correct.
[2026-07-08 20:15:55.266] [odom] [warning] IMU bias validation results:
[2026-07-08 20:15:55.266] [odom] [warning] num_bias_validations=15424
[2026-07-08 20:15:55.266] [odom] [warning] bias_acc=[0.382, -0.858, 0.033] m/s^2, bias_gyro=[-0.021, 0.001, 0.002] rad/s
[2026-07-08 20:15:55.266] [odom] [warning] acc_stat ax=0.468 +- 0.183 [min=0.001, max=0.847], ay=-0.778 +- 0.290 [min=-1.107, max=0.015], az=0.023 +- 0.009 [min=0.008, max=0.055] m/s^2
[2026-07-08 20:15:55.266] [odom] [warning] gyro_stat wx=-0.019 +- 0.001 [min=-0.021, max=-0.017], wy=-0.000 +- 0.001 [min=-0.005, max=0.002], wz=0.001 +- 0.000 [min=0.001, max=0.002] rad/s
[2026-07-08 20:15:55.635] [odom] [warning] IMU prediction is not good.
[2026-07-08 20:15:55.635] [odom] [warning] Possibly T_lidar_imu is not accurate or IMU bias is not well estimated.
[2026-07-08 20:15:55.635] [odom] [warning] IMU validation results:
[2026-07-08 20:15:55.635] [odom] [warning] num_validations=14912
[2026-07-08 20:15:55.635] [odom] [warning] No-IMU errors rot=0.210 +- 0.249 deg, trans=0.018 +- 0.010 m, vel=0.027 +- 0.019 m/s
[2026-07-08 20:15:55.635] [odom] [warning] IMU errors rot=0.066 +- 0.054 deg, trans=0.021 +- 0.011 m, vel=0.064 +- 0.031 m/s
[2026-07-08 20:15:55.635] [odom] [warning] IMU better ratios rot=0.86, trans=0.03, vel=0.09
[2026-07-08 20:15:56.822] [odom] [warning] IMU bias estimation seems inaccurate.
[2026-07-08 20:15:56.822] [odom] [warning] Possibly T_lidar_imu is not accurate or LiDAR-IMU synchronization is not correct.
[2026-07-08 20:15:56.822] [odom] [warning] IMU bias validation results:
[2026-07-08 20:15:56.822] [odom] [warning] num_bias_validations=15488
[2026-07-08 20:15:56.822] [odom] [warning] bias_acc=[0.375, -0.858, 0.033] m/s^2, bias_gyro=[-0.020, -0.001, 0.002] rad/s
[2026-07-08 20:15:56.822] [odom] [warning] acc_stat ax=0.468 +- 0.182 [min=0.001, max=0.847], ay=-0.778 +- 0.289 [min=-1.107, max=0.015], az=0.023 +- 0.009 [min=0.008, max=0.055] m/s^2
[2026-07-08 20:15:56.822] [odom] [warning] gyro_stat wx=-0.019 +- 0.001 [min=-0.021, max=-0.017], wy=-0.000 +- 0.001 [min=-0.005, max=0.002], wz=0.001 +- 0.000 [min=0.001, max=0.002] rad/s
[2026-07-08 20:15:57.263] [odom] [warning] IMU prediction is not good.
[2026-07-08 20:15:57.263] [odom] [warning] Possibly T_lidar_imu is not accurate or IMU bias is not well estimated.
[2026-07-08 20:15:57.263] [odom] [warning] IMU validation results:
[2026-07-08 20:15:57.263] [odom] [warning] num_validations=14976
[2026-07-08 20:15:57.263] [odom] [warning] No-IMU errors rot=0.211 +- 0.250 deg, trans=0.018 +- 0.009 m, vel=0.027 +- 0.019 m/s
[2026-07-08 20:15:57.263] [odom] [warning] IMU errors rot=0.067 +- 0.054 deg, trans=0.021 +- 0.011 m, vel=0.064 +- 0.031 m/s
[2026-07-08 20:15:57.263] [odom] [warning] IMU better ratios rot=0.87, trans=0.03, vel=0.09
[2026-07-08 20:15:59.129] [odom] [warning] IMU bias estimation seems inaccurate.
[2026-07-08 20:15:59.129] [odom] [warning] Possibly T_lidar_imu is not accurate or LiDAR-IMU synchronization is not correct.
[2026-07-08 20:15:59.129] [odom] [warning] IMU bias validation results:
[2026-07-08 20:15:59.129] [odom] [warning] num_bias_validations=15552
[2026-07-08 20:15:59.129] [odom] [warning] bias_acc=[0.370, -0.852, 0.034] m/s^2, bias_gyro=[-0.019, -0.000, 0.001] rad/s
[2026-07-08 20:15:59.129] [odom] [warning] acc_stat ax=0.467 +- 0.182 [min=0.001, max=0.847], ay=-0.779 +- 0.289 [min=-1.107, max=0.015], az=0.023 +- 0.009 [min=0.008, max=0.055] m/s^2
[2026-07-08 20:15:59.129] [odom] [warning] gyro_stat wx=-0.019 +- 0.001 [min=-0.021, max=-0.017], wy=-0.000 +- 0.001 [min=-0.005, max=0.002], wz=0.001 +- 0.000 [min=0.001, max=0.002] rad/s
[2026-07-08 20:15:59.276] [glim] [info] playback speed: 3.843x
[2026-07-08 20:15:59.781] [odom] [warning] IMU prediction is not good.
[2026-07-08 20:15:59.781] [odom] [warning] Possibly T_lidar_imu is not accurate or IMU bias is not well estimated.
[2026-07-08 20:15:59.781] [odom] [warning] IMU validation results:
[2026-07-08 20:15:59.781] [odom] [warning] num_validations=15040
[2026-07-08 20:15:59.781] [odom] [warning] No-IMU errors rot=0.211 +- 0.249 deg, trans=0.018 +- 0.009 m, vel=0.027 +- 0.019 m/s
[2026-07-08 20:15:59.781] [odom] [warning] IMU errors rot=0.067 +- 0.054 deg, trans=0.021 +- 0.011 m, vel=0.064 +- 0.031 m/s
[2026-07-08 20:15:59.781] [odom] [warning] IMU better ratios rot=0.87, trans=0.03, vel=0.09
[2026-07-08 20:16:00.818] [odom] [warning] IMU bias estimation seems inaccurate.
[2026-07-08 20:16:00.818] [odom] [warning] Possibly T_lidar_imu is not accurate or LiDAR-IMU synchronization is not correct.
[2026-07-08 20:16:00.818] [odom] [warning] IMU bias validation results:
[2026-07-08 20:16:00.818] [odom] [warning] num_bias_validations=15616
[2026-07-08 20:16:00.818] [odom] [warning] bias_acc=[0.360, -0.847, 0.035] m/s^2, bias_gyro=[-0.020, -0.000, 0.001] rad/s
[2026-07-08 20:16:00.818] [odom] [warning] acc_stat ax=0.467 +- 0.182 [min=0.001, max=0.847], ay=-0.779 +- 0.288 [min=-1.107, max=0.015], az=0.023 +- 0.009 [min=0.008, max=0.055] m/s^2
[2026-07-08 20:16:00.818] [odom] [warning] gyro_stat wx=-0.019 +- 0.001 [min=-0.021, max=-0.017], wy=-0.000 +- 0.001 [min=-0.005, max=0.002], wz=0.001 +- 0.000 [min=0.001, max=0.002] rad/s
[2026-07-08 20:16:01.025] [odom] [warning] IMU prediction is not good.
[2026-07-08 20:16:01.025] [odom] [warning] Possibly T_lidar_imu is not accurate or IMU bias is not well estimated.
[2026-07-08 20:16:01.025] [odom] [warning] IMU validation results:
[2026-07-08 20:16:01.025] [odom] [warning] num_validations=15104
[2026-07-08 20:16:01.025] [odom] [warning] No-IMU errors rot=0.211 +- 0.249 deg, trans=0.018 +- 0.010 m, vel=0.027 +- 0.019 m/s
[2026-07-08 20:16:01.025] [odom] [warning] IMU errors rot=0.067 +- 0.054 deg, trans=0.021 +- 0.011 m, vel=0.064 +- 0.031 m/s
[2026-07-08 20:16:01.025] [odom] [warning] IMU better ratios rot=0.87, trans=0.03, vel=0.09
[2026-07-08 20:16:02.436] [odom] [warning] IMU bias estimation seems inaccurate.
[2026-07-08 20:16:02.436] [odom] [warning] Possibly T_lidar_imu is not accurate or LiDAR-IMU synchronization is not correct.
[2026-07-08 20:16:02.436] [odom] [warning] IMU bias validation results:
[2026-07-08 20:16:02.436] [odom] [warning] num_bias_validations=15680
[2026-07-08 20:16:02.436] [odom] [warning] bias_acc=[0.347, -0.846, 0.037] m/s^2, bias_gyro=[-0.020, 0.001, 0.002] rad/s
[2026-07-08 20:16:02.436] [odom] [warning] acc_stat ax=0.467 +- 0.182 [min=0.001, max=0.847], ay=-0.779 +- 0.288 [min=-1.107, max=0.015], az=0.023 +- 0.009 [min=0.008, max=0.055] m/s^2
[2026-07-08 20:16:02.436] [odom] [warning] gyro_stat wx=-0.019 +- 0.001 [min=-0.021, max=-0.017], wy=-0.000 +- 0.001 [min=-0.005, max=0.002], wz=0.001 +- 0.000 [min=0.001, max=0.002] rad/s
[2026-07-08 20:16:02.690] [odom] [warning] IMU prediction is not good.
[2026-07-08 20:16:02.690] [odom] [warning] Possibly T_lidar_imu is not accurate or IMU bias is not well estimated.
[2026-07-08 20:16:02.690] [odom] [warning] IMU validation results:
[2026-07-08 20:16:02.690] [odom] [warning] num_validations=15168
[2026-07-08 20:16:02.690] [odom] [warning] No-IMU errors rot=0.211 +- 0.249 deg, trans=0.018 +- 0.010 m, vel=0.027 +- 0.019 m/s
[2026-07-08 20:16:02.690] [odom] [warning] IMU errors rot=0.067 +- 0.055 deg, trans=0.021 +- 0.011 m, vel=0.064 +- 0.031 m/s
[2026-07-08 20:16:02.690] [odom] [warning] IMU better ratios rot=0.86, trans=0.03, vel=0.09
[2026-07-08 20:16:04.284] [glim] [info] playback speed: 3.586x
[2026-07-08 20:16:04.877] [odom] [warning] IMU bias estimation seems inaccurate.
[2026-07-08 20:16:04.877] [odom] [warning] Possibly T_lidar_imu is not accurate or LiDAR-IMU synchronization is not correct.
[2026-07-08 20:16:04.877] [odom] [warning] IMU bias validation results:
[2026-07-08 20:16:04.877] [odom] [warning] num_bias_validations=15744
[2026-07-08 20:16:04.877] [odom] [warning] bias_acc=[0.332, -0.845, 0.039] m/s^2, bias_gyro=[-0.020, 0.000, 0.001] rad/s
[2026-07-08 20:16:04.877] [odom] [warning] acc_stat ax=0.466 +- 0.181 [min=0.001, max=0.847], ay=-0.779 +- 0.287 [min=-1.107, max=0.015], az=0.023 +- 0.009 [min=0.008, max=0.055] m/s^2
[2026-07-08 20:16:04.877] [odom] [warning] gyro_stat wx=-0.019 +- 0.001 [min=-0.021, max=-0.017], wy=-0.000 +- 0.001 [min=-0.005, max=0.002], wz=0.001 +- 0.000 [min=0.001, max=0.002] rad/s
[2026-07-08 20:16:05.793] [odom] [warning] IMU prediction is not good.
[2026-07-08 20:16:05.793] [odom] [warning] Possibly T_lidar_imu is not accurate or IMU bias is not well estimated.
[2026-07-08 20:16:05.793] [odom] [warning] IMU validation results:
[2026-07-08 20:16:05.793] [odom] [warning] num_validations=15232
[2026-07-08 20:16:05.793] [odom] [warning] No-IMU errors rot=0.212 +- 0.251 deg, trans=0.018 +- 0.010 m, vel=0.027 +- 0.020 m/s
[2026-07-08 20:16:05.793] [odom] [warning] IMU errors rot=0.067 +- 0.055 deg, trans=0.021 +- 0.011 m, vel=0.064 +- 0.031 m/s
[2026-07-08 20:16:05.793] [odom] [warning] IMU better ratios rot=0.86, trans=0.03, vel=0.09
[2026-07-08 20:16:07.750] [odom] [warning] IMU bias estimation seems inaccurate.
[2026-07-08 20:16:07.750] [odom] [warning] Possibly T_lidar_imu is not accurate or LiDAR-IMU synchronization is not correct.
[2026-07-08 20:16:07.750] [odom] [warning] IMU bias validation results:
[2026-07-08 20:16:07.750] [odom] [warning] num_bias_validations=15808
[2026-07-08 20:16:07.750] [odom] [warning] bias_acc=[0.323, -0.844, 0.041] m/s^2, bias_gyro=[-0.020, -0.002, 0.001] rad/s
[2026-07-08 20:16:07.750] [odom] [warning] acc_stat ax=0.465 +- 0.181 [min=0.001, max=0.847], ay=-0.780 +- 0.286 [min=-1.107, max=0.015], az=0.023 +- 0.009 [min=0.008, max=0.055] m/s^2
[2026-07-08 20:16:07.750] [odom] [warning] gyro_stat wx=-0.019 +- 0.001 [min=-0.021, max=-0.017], wy=-0.000 +- 0.001 [min=-0.005, max=0.002], wz=0.001 +- 0.000 [min=0.001, max=0.002] rad/s
[2026-07-08 20:16:07.862] [odom] [warning] IMU prediction is not good.
[2026-07-08 20:16:07.862] [odom] [warning] Possibly T_lidar_imu is not accurate or IMU bias is not well estimated.
[2026-07-08 20:16:07.862] [odom] [warning] IMU validation results:
[2026-07-08 20:16:07.862] [odom] [warning] num_validations=15296
[2026-07-08 20:16:07.862] [odom] [warning] No-IMU errors rot=0.214 +- 0.257 deg, trans=0.018 +- 0.010 m, vel=0.027 +- 0.020 m/s
[2026-07-08 20:16:07.862] [odom] [warning] IMU errors rot=0.067 +- 0.055 deg, trans=0.021 +- 0.011 m, vel=0.064 +- 0.031 m/s
[2026-07-08 20:16:07.862] [odom] [warning] IMU better ratios rot=0.86, trans=0.03, vel=0.09
[2026-07-08 20:16:08.361] [glim] [warning] large time gap between consecutive IMU data!!
[2026-07-08 20:16:08.361] [glim] [warning] current=1783505957.307097 last=1783505954.596893 diff=2.710204
[2026-07-08 20:16:08.361] [glim] [warning] large time difference between points and imu!!
[2026-07-08 20:16:08.361] [glim] [warning] points=1783505954.485944 imu=1783505957.307097 diff=2.821152
[2026-07-08 20:16:08.361] [glim] [warning] large time difference between points and imu!!
[2026-07-08 20:16:08.361] [glim] [warning] points=1783505954.485944 imu=1783505957.317147 diff=2.831203
[2026-07-08 20:16:08.362] [glim] [warning] large time difference between points and imu!!
[2026-07-08 20:16:08.362] [glim] [warning] points=1783505954.485944 imu=1783505957.327147 diff=2.841203
[2026-07-08 20:16:08.362] [glim] [warning] large time gap between consecutive LiDAR frames!!
[2026-07-08 20:16:08.362] [glim] [warning] current=1783505956.312050 last=1783505954.485944 diff=1.826106
[2026-07-08 20:16:08.637] [odom] [warning] insufficient number of IMU data between LiDAR scans!! (odometry_estimation)
[2026-07-08 20:16:08.637] [odom] [warning] t_last=1783505956.312050 t_current=1783505956.413471 num_imu=0
[2026-07-08 20:16:08.682] [odom] [warning] insufficient number of IMU data between LiDAR scans!! (odometry_estimation)
[2026-07-08 20:16:08.682] [odom] [warning] t_last=1783505956.413471 t_current=1783505956.514938 num_imu=0
[2026-07-08 20:16:08.707] [odom] [warning] insufficient number of IMU data between LiDAR scans!! (odometry_estimation)
[2026-07-08 20:16:08.707] [odom] [warning] t_last=1783505956.514938 t_current=1783505956.616367 num_imu=0
[2026-07-08 20:16:08.729] [odom] [warning] insufficient number of IMU data between LiDAR scans!! (odometry_estimation)
[2026-07-08 20:16:08.729] [odom] [warning] t_last=1783505956.616367 t_current=1783505956.717825 num_imu=0
[2026-07-08 20:16:08.751] [odom] [warning] insufficient number of IMU data between LiDAR scans!! (odometry_estimation)
[2026-07-08 20:16:08.752] [odom] [warning] t_last=1783505956.717825 t_current=1783505956.819438 num_imu=0
[2026-07-08 20:16:08.774] [odom] [warning] insufficient number of IMU data between LiDAR scans!! (odometry_estimation)
[2026-07-08 20:16:08.774] [odom] [warning] t_last=1783505956.819438 t_current=1783505956.920768 num_imu=0
[2026-07-08 20:16:08.796] [odom] [warning] insufficient number of IMU data between LiDAR scans!! (odometry_estimation)
[2026-07-08 20:16:08.796] [odom] [warning] t_last=1783505956.920768 t_current=1783505957.022210 num_imu=0
[2026-07-08 20:16:08.819] [odom] [warning] insufficient number of IMU data between LiDAR scans!! (odometry_estimation)
[2026-07-08 20:16:08.819] [odom] [warning] t_last=1783505957.022210 t_current=1783505957.123663 num_imu=0
[2026-07-08 20:16:08.840] [odom] [warning] insufficient number of IMU data between LiDAR scans!! (odometry_estimation)
[2026-07-08 20:16:08.840] [odom] [warning] t_last=1783505957.123663 t_current=1783505957.225097 num_imu=0
[2026-07-08 20:16:08.862] [odom] [warning] IMU bias estimation seems inaccurate.
[2026-07-08 20:16:08.862] [odom] [warning] Possibly T_lidar_imu is not accurate or LiDAR-IMU synchronization is not correct.
[2026-07-08 20:16:08.862] [odom] [warning] IMU bias validation results:
[2026-07-08 20:16:08.862] [odom] [warning] num_bias_validations=15872
[2026-07-08 20:16:08.862] [odom] [warning] bias_acc=[0.315, -0.836, 0.042] m/s^2, bias_gyro=[-0.020, -0.002, 0.000] rad/s
[2026-07-08 20:16:08.862] [odom] [warning] acc_stat ax=0.465 +- 0.181 [min=0.001, max=0.847], ay=-0.780 +- 0.286 [min=-1.107, max=0.015], az=0.023 +- 0.009 [min=0.008, max=0.055] m/s^2
[2026-07-08 20:16:08.862] [odom] [warning] gyro_stat wx=-0.019 +- 0.001 [min=-0.021, max=-0.017], wy=-0.000 +- 0.001 [min=-0.005, max=0.002], wz=0.001 +- 0.000 [min=0.000, max=0.002] rad/s
[2026-07-08 20:16:09.232] [odom] [warning] IMU prediction is not good.
[2026-07-08 20:16:09.232] [odom] [warning] Possibly T_lidar_imu is not accurate or IMU bias is not well estimated.
[2026-07-08 20:16:09.232] [odom] [warning] IMU validation results:
[2026-07-08 20:16:09.232] [odom] [warning] num_validations=15360
[2026-07-08 20:16:09.232] [odom] [warning] No-IMU errors rot=0.215 +- 0.258 deg, trans=0.018 +- 0.011 m, vel=0.027 +- 0.021 m/s
[2026-07-08 20:16:09.232] [odom] [warning] IMU errors rot=0.068 +- 0.057 deg, trans=0.021 +- 0.014 m, vel=0.064 +- 0.031 m/s
[2026-07-08 20:16:09.232] [odom] [warning] IMU better ratios rot=0.86, trans=0.03, vel=0.09
[2026-07-08 20:16:09.292] [glim] [info] playback speed: 3.484x
[2026-07-08 20:16:09.538] [submap] [warning] insufficient IMU data between LiDAR frames!! (sub_mapping)
[2026-07-08 20:16:09.559] [submap] [warning] insufficient IMU data between LiDAR frames!! (sub_mapping)
[2026-07-08 20:16:09.613] [submap] [warning] insufficient IMU data between LiDAR frames!! (sub_mapping)
[2026-07-08 20:16:09.634] [submap] [warning] insufficient IMU data between LiDAR frames!! (sub_mapping)
[2026-07-08 20:16:09.695] [submap] [warning] insufficient IMU data between LiDAR frames!! (sub_mapping)
[2026-07-08 20:16:09.726] [submap] [warning] insufficient IMU data between LiDAR frames!! (sub_mapping)
[2026-07-08 20:16:09.757] [submap] [warning] insufficient IMU data between LiDAR frames!! (sub_mapping)
[2026-07-08 20:16:09.788] [submap] [warning] insufficient IMU data between LiDAR frames!! (sub_mapping)
[2026-07-08 20:16:09.818] [submap] [warning] insufficient IMU data between LiDAR frames!! (sub_mapping)
[2026-07-08 20:16:09.905] [odom] [warning] IMU bias estimation seems inaccurate.
[2026-07-08 20:16:09.905] [odom] [warning] Possibly T_lidar_imu is not accurate or LiDAR-IMU synchronization is not correct.
[2026-07-08 20:16:09.905] [odom] [warning] IMU bias validation results:
[2026-07-08 20:16:09.905] [odom] [warning] num_bias_validations=15936
[2026-07-08 20:16:09.905] [odom] [warning] bias_acc=[0.312, -0.834, 0.043] m/s^2, bias_gyro=[-0.020, -0.001, 0.001] rad/s
[2026-07-08 20:16:09.905] [odom] [warning] acc_stat ax=0.464 +- 0.181 [min=0.001, max=0.847], ay=-0.780 +- 0.285 [min=-1.107, max=0.015], az=0.023 +- 0.009 [min=0.008, max=0.055] m/s^2
[2026-07-08 20:16:09.905] [odom] [warning] gyro_stat wx=-0.019 +- 0.001 [min=-0.021, max=-0.017], wy=-0.000 +- 0.001 [min=-0.005, max=0.002], wz=0.001 +- 0.000 [min=0.000, max=0.002] rad/s
[2026-07-08 20:16:10.021] [odom] [warning] IMU prediction is not good.
[2026-07-08 20:16:10.021] [odom] [warning] Possibly T_lidar_imu is not accurate or IMU bias is not well estimated.
[2026-07-08 20:16:10.021] [odom] [warning] IMU validation results:
[2026-07-08 20:16:10.021] [odom] [warning] num_validations=15424
[2026-07-08 20:16:10.021] [odom] [warning] No-IMU errors rot=0.215 +- 0.257 deg, trans=0.018 +- 0.011 m, vel=0.027 +- 0.021 m/s
[2026-07-08 20:16:10.021] [odom] [warning] IMU errors rot=0.068 +- 0.057 deg, trans=0.021 +- 0.014 m, vel=0.064 +- 0.031 m/s
[2026-07-08 20:16:10.021] [odom] [warning] IMU better ratios rot=0.86, trans=0.03, vel=0.09
[2026-07-08 20:16:10.914] [odom] [warning] IMU bias estimation seems inaccurate.
[2026-07-08 20:16:10.914] [odom] [warning] Possibly T_lidar_imu is not accurate or LiDAR-IMU synchronization is not correct.
[2026-07-08 20:16:10.914] [odom] [warning] IMU bias validation results:
[2026-07-08 20:16:10.914] [odom] [warning] num_bias_validations=16000
[2026-07-08 20:16:10.914] [odom] [warning] bias_acc=[0.305, -0.832, 0.044] m/s^2, bias_gyro=[-0.020, -0.001, 0.001] rad/s
[2026-07-08 20:16:10.914] [odom] [warning] acc_stat ax=0.464 +- 0.181 [min=0.001, max=0.847], ay=-0.780 +- 0.285 [min=-1.107, max=0.015], az=0.023 +- 0.009 [min=0.008, max=0.055] m/s^2
[2026-07-08 20:16:10.914] [odom] [warning] gyro_stat wx=-0.019 +- 0.001 [min=-0.021, max=-0.017], wy=-0.000 +- 0.001 [min=-0.005, max=0.002], wz=0.001 +- 0.000 [min=0.000, max=0.002] rad/s
[2026-07-08 20:16:11.746] [odom] [warning] IMU prediction is not good.
[2026-07-08 20:16:11.746] [odom] [warning] Possibly T_lidar_imu is not accurate or IMU bias is not well estimated.
[2026-07-08 20:16:11.746] [odom] [warning] IMU validation results:
[2026-07-08 20:16:11.746] [odom] [warning] num_validations=15488
[2026-07-08 20:16:11.746] [odom] [warning] No-IMU errors rot=0.215 +- 0.257 deg, trans=0.018 +- 0.011 m, vel=0.027 +- 0.021 m/s
[2026-07-08 20:16:11.746] [odom] [warning] IMU errors rot=0.068 +- 0.057 deg, trans=0.021 +- 0.014 m, vel=0.064 +- 0.031 m/s
[2026-07-08 20:16:11.746] [odom] [warning] IMU better ratios rot=0.86, trans=0.03, vel=0.10
[2026-07-08 20:16:13.359] [odom] [warning] IMU bias estimation seems inaccurate.
[2026-07-08 20:16:13.359] [odom] [warning] Possibly T_lidar_imu is not accurate or LiDAR-IMU synchronization is not correct.
[2026-07-08 20:16:13.359] [odom] [warning] IMU bias validation results:
[2026-07-08 20:16:13.359] [odom] [warning] num_bias_validations=16064
[2026-07-08 20:16:13.359] [odom] [warning] bias_acc=[0.297, -0.831, 0.045] m/s^2, bias_gyro=[-0.020, -0.000, 0.001] rad/s
[2026-07-08 20:16:13.359] [odom] [warning] acc_stat ax=0.463 +- 0.181 [min=0.001, max=0.847], ay=-0.781 +- 0.284 [min=-1.107, max=0.015], az=0.024 +- 0.009 [min=0.008, max=0.055] m/s^2
[2026-07-08 20:16:13.359] [odom] [warning] gyro_stat wx=-0.019 +- 0.001 [min=-0.021, max=-0.017], wy=-0.000 +- 0.001 [min=-0.005, max=0.002], wz=0.001 +- 0.000 [min=0.000, max=0.002] rad/s
[2026-07-08 20:16:13.512] [odom] [warning] IMU prediction is not good.
[2026-07-08 20:16:13.512] [odom] [warning] Possibly T_lidar_imu is not accurate or IMU bias is not well estimated.
[2026-07-08 20:16:13.512] [odom] [warning] IMU validation results:
[2026-07-08 20:16:13.512] [odom] [warning] num_validations=15552
[2026-07-08 20:16:13.512] [odom] [warning] No-IMU errors rot=0.214 +- 0.256 deg, trans=0.018 +- 0.011 m, vel=0.027 +- 0.020 m/s
[2026-07-08 20:16:13.512] [odom] [warning] IMU errors rot=0.068 +- 0.057 deg, trans=0.021 +- 0.014 m, vel=0.064 +- 0.031 m/s
[2026-07-08 20:16:13.512] [odom] [warning] IMU better ratios rot=0.86, trans=0.03, vel=0.10
[2026-07-08 20:16:14.302] [glim] [info] playback speed: 4.475x
[2026-07-08 20:16:15.039] [odom] [warning] IMU bias estimation seems inaccurate.
[2026-07-08 20:16:15.039] [odom] [warning] Possibly T_lidar_imu is not accurate or LiDAR-IMU synchronization is not correct.
[2026-07-08 20:16:15.039] [odom] [warning] IMU bias validation results:
[2026-07-08 20:16:15.039] [odom] [warning] num_bias_validations=16128
[2026-07-08 20:16:15.039] [odom] [warning] bias_acc=[0.286, -0.835, 0.047] m/s^2, bias_gyro=[-0.021, -0.000, 0.001] rad/s
[2026-07-08 20:16:15.039] [odom] [warning] acc_stat ax=0.462 +- 0.181 [min=0.001, max=0.847], ay=-0.781 +- 0.284 [min=-1.107, max=0.015], az=0.024 +- 0.010 [min=0.008, max=0.055] m/s^2
[2026-07-08 20:16:15.039] [odom] [warning] gyro_stat wx=-0.019 +- 0.001 [min=-0.021, max=-0.017], wy=-0.000 +- 0.001 [min=-0.005, max=0.002], wz=0.001 +- 0.000 [min=0.000, max=0.002] rad/s
[2026-07-08 20:16:15.562] [odom] [warning] IMU prediction is not good.
[2026-07-08 20:16:15.562] [odom] [warning] Possibly T_lidar_imu is not accurate or IMU bias is not well estimated.
[2026-07-08 20:16:15.562] [odom] [warning] IMU validation results:
[2026-07-08 20:16:15.562] [odom] [warning] num_validations=15616
[2026-07-08 20:16:15.562] [odom] [warning] No-IMU errors rot=0.215 +- 0.256 deg, trans=0.018 +- 0.011 m, vel=0.027 +- 0.021 m/s
[2026-07-08 20:16:15.562] [odom] [warning] IMU errors rot=0.068 +- 0.057 deg, trans=0.021 +- 0.014 m, vel=0.064 +- 0.031 m/s
[2026-07-08 20:16:15.562] [odom] [warning] IMU better ratios rot=0.86, trans=0.03, vel=0.10
[2026-07-08 20:16:16.224] [odom] [warning] IMU bias estimation seems inaccurate.
[2026-07-08 20:16:16.224] [odom] [warning] Possibly T_lidar_imu is not accurate or LiDAR-IMU synchronization is not correct.
[2026-07-08 20:16:16.224] [odom] [warning] IMU bias validation results:
[2026-07-08 20:16:16.224] [odom] [warning] num_bias_validations=16192
[2026-07-08 20:16:16.224] [odom] [warning] bias_acc=[0.276, -0.841, 0.048] m/s^2, bias_gyro=[-0.020, -0.000, 0.001] rad/s
[2026-07-08 20:16:16.224] [odom] [warning] acc_stat ax=0.461 +- 0.181 [min=0.001, max=0.847], ay=-0.781 +- 0.283 [min=-1.107, max=0.015], az=0.024 +- 0.010 [min=0.008, max=0.055] m/s^2
[2026-07-08 20:16:16.224] [odom] [warning] gyro_stat wx=-0.019 +- 0.001 [min=-0.021, max=-0.017], wy=-0.000 +- 0.001 [min=-0.005, max=0.002], wz=0.001 +- 0.000 [min=0.000, max=0.002] rad/s
[2026-07-08 20:16:16.898] [odom] [warning] IMU prediction is not good.
[2026-07-08 20:16:16.898] [odom] [warning] Possibly T_lidar_imu is not accurate or IMU bias is not well estimated.
[2026-07-08 20:16:16.898] [odom] [warning] IMU validation results:
[2026-07-08 20:16:16.898] [odom] [warning] num_validations=15680
[2026-07-08 20:16:16.898] [odom] [warning] No-IMU errors rot=0.215 +- 0.256 deg, trans=0.018 +- 0.011 m, vel=0.027 +- 0.021 m/s
[2026-07-08 20:16:16.898] [odom] [warning] IMU errors rot=0.068 +- 0.057 deg, trans=0.021 +- 0.014 m, vel=0.064 +- 0.031 m/s
[2026-07-08 20:16:16.898] [odom] [warning] IMU better ratios rot=0.86, trans=0.03, vel=0.10
[2026-07-08 20:16:18.360] [odom] [warning] IMU bias estimation seems inaccurate.
[2026-07-08 20:16:18.360] [odom] [warning] Possibly T_lidar_imu is not accurate or LiDAR-IMU synchronization is not correct.
[2026-07-08 20:16:18.360] [odom] [warning] IMU bias validation results:
[2026-07-08 20:16:18.360] [odom] [warning] num_bias_validations=16256
[2026-07-08 20:16:18.360] [odom] [warning] bias_acc=[0.263, -0.846, 0.049] m/s^2, bias_gyro=[-0.020, 0.000, 0.001] rad/s
[2026-07-08 20:16:18.360] [odom] [warning] acc_stat ax=0.461 +- 0.181 [min=0.001, max=0.847], ay=-0.781 +- 0.283 [min=-1.107, max=0.015], az=0.024 +- 0.010 [min=0.008, max=0.055] m/s^2
[2026-07-08 20:16:18.360] [odom] [warning] gyro_stat wx=-0.019 +- 0.001 [min=-0.021, max=-0.017], wy=-0.000 +- 0.001 [min=-0.005, max=0.002], wz=0.001 +- 0.000 [min=0.000, max=0.002] rad/s
[2026-07-08 20:16:18.501] [odom] [warning] IMU prediction is not good.
[2026-07-08 20:16:18.501] [odom] [warning] Possibly T_lidar_imu is not accurate or IMU bias is not well estimated.
[2026-07-08 20:16:18.501] [odom] [warning] IMU validation results:
[2026-07-08 20:16:18.501] [odom] [warning] num_validations=15744
[2026-07-08 20:16:18.501] [odom] [warning] No-IMU errors rot=0.215 +- 0.256 deg, trans=0.018 +- 0.011 m, vel=0.027 +- 0.021 m/s
[2026-07-08 20:16:18.501] [odom] [warning] IMU errors rot=0.068 +- 0.057 deg, trans=0.021 +- 0.013 m, vel=0.064 +- 0.031 m/s
[2026-07-08 20:16:18.501] [odom] [warning] IMU better ratios rot=0.86, trans=0.03, vel=0.10
[2026-07-08 20:16:19.339] [glim] [info] playback speed: 3.908x
[2026-07-08 20:16:20.091] [odom] [warning] IMU bias estimation seems inaccurate.
[2026-07-08 20:16:20.091] [odom] [warning] Possibly T_lidar_imu is not accurate or LiDAR-IMU synchronization is not correct.
[2026-07-08 20:16:20.091] [odom] [warning] IMU bias validation results:
[2026-07-08 20:16:20.091] [odom] [warning] num_bias_validations=16320
[2026-07-08 20:16:20.091] [odom] [warning] bias_acc=[0.249, -0.852, 0.050] m/s^2, bias_gyro=[-0.021, 0.001, 0.001] rad/s
[2026-07-08 20:16:20.091] [odom] [warning] acc_stat ax=0.460 +- 0.181 [min=0.001, max=0.847], ay=-0.781 +- 0.282 [min=-1.107, max=0.015], az=0.024 +- 0.010 [min=0.008, max=0.055] m/s^2
[2026-07-08 20:16:20.091] [odom] [warning] gyro_stat wx=-0.019 +- 0.001 [min=-0.021, max=-0.017], wy=-0.000 +- 0.001 [min=-0.005, max=0.002], wz=0.001 +- 0.000 [min=0.000, max=0.002] rad/s
[2026-07-08 20:16:20.588] [odom] [warning] IMU prediction is not good.
[2026-07-08 20:16:20.588] [odom] [warning] Possibly T_lidar_imu is not accurate or IMU bias is not well estimated.
[2026-07-08 20:16:20.588] [odom] [warning] IMU validation results:
[2026-07-08 20:16:20.588] [odom] [warning] num_validations=15808
[2026-07-08 20:16:20.588] [odom] [warning] No-IMU errors rot=0.215 +- 0.255 deg, trans=0.018 +- 0.011 m, vel=0.027 +- 0.021 m/s
[2026-07-08 20:16:20.588] [odom] [warning] IMU errors rot=0.068 +- 0.057 deg, trans=0.021 +- 0.013 m, vel=0.064 +- 0.031 m/s
[2026-07-08 20:16:20.588] [odom] [warning] IMU better ratios rot=0.86, trans=0.03, vel=0.10
[2026-07-08 20:16:21.300] [odom] [warning] IMU bias estimation seems inaccurate.
[2026-07-08 20:16:21.300] [odom] [warning] Possibly T_lidar_imu is not accurate or LiDAR-IMU synchronization is not correct.
[2026-07-08 20:16:21.300] [odom] [warning] IMU bias validation results:
[2026-07-08 20:16:21.300] [odom] [warning] num_bias_validations=16384
[2026-07-08 20:16:21.300] [odom] [warning] bias_acc=[0.235, -0.859, 0.052] m/s^2, bias_gyro=[-0.020, 0.000, 0.001] rad/s
[2026-07-08 20:16:21.300] [odom] [warning] acc_stat ax=0.459 +- 0.181 [min=0.001, max=0.847], ay=-0.782 +- 0.282 [min=-1.107, max=0.015], az=0.024 +- 0.010 [min=0.008, max=0.055] m/s^2
[2026-07-08 20:16:21.300] [odom] [warning] gyro_stat wx=-0.019 +- 0.001 [min=-0.021, max=-0.017], wy=-0.000 +- 0.001 [min=-0.005, max=0.002], wz=0.001 +- 0.000 [min=0.000, max=0.002] rad/s
[2026-07-08 20:16:22.012] [odom] [warning] IMU prediction is not good.
[2026-07-08 20:16:22.012] [odom] [warning] Possibly T_lidar_imu is not accurate or IMU bias is not well estimated.
[2026-07-08 20:16:22.012] [odom] [warning] IMU validation results:
[2026-07-08 20:16:22.012] [odom] [warning] num_validations=15872
[2026-07-08 20:16:22.012] [odom] [warning] No-IMU errors rot=0.214 +- 0.255 deg, trans=0.018 +- 0.011 m, vel=0.027 +- 0.021 m/s
[2026-07-08 20:16:22.012] [odom] [warning] IMU errors rot=0.068 +- 0.057 deg, trans=0.021 +- 0.013 m, vel=0.064 +- 0.031 m/s
[2026-07-08 20:16:22.012] [odom] [warning] IMU better ratios rot=0.86, trans=0.03, vel=0.09
[2026-07-08 20:16:23.205] [odom] [warning] IMU bias estimation seems inaccurate.
[2026-07-08 20:16:23.205] [odom] [warning] Possibly T_lidar_imu is not accurate or LiDAR-IMU synchronization is not correct.
[2026-07-08 20:16:23.205] [odom] [warning] IMU bias validation results:
[2026-07-08 20:16:23.205] [odom] [warning] num_bias_validations=16448
[2026-07-08 20:16:23.205] [odom] [warning] bias_acc=[0.222, -0.864, 0.054] m/s^2, bias_gyro=[-0.020, 0.001, 0.001] rad/s
[2026-07-08 20:16:23.205] [odom] [warning] acc_stat ax=0.458 +- 0.182 [min=0.001, max=0.847], ay=-0.782 +- 0.281 [min=-1.107, max=0.015], az=0.024 +- 0.010 [min=0.008, max=0.055] m/s^2
[2026-07-08 20:16:23.205] [odom] [warning] gyro_stat wx=-0.019 +- 0.001 [min=-0.021, max=-0.017], wy=-0.000 +- 0.001 [min=-0.005, max=0.002], wz=0.001 +- 0.000 [min=0.000, max=0.002] rad/s
[2026-07-08 20:16:23.914] [odom] [warning] IMU prediction is not good.
[2026-07-08 20:16:23.914] [odom] [warning] Possibly T_lidar_imu is not accurate or IMU bias is not well estimated.
[2026-07-08 20:16:23.914] [odom] [warning] IMU validation results:
[2026-07-08 20:16:23.914] [odom] [warning] num_validations=15936
[2026-07-08 20:16:23.914] [odom] [warning] No-IMU errors rot=0.215 +- 0.256 deg, trans=0.018 +- 0.011 m, vel=0.027 +- 0.021 m/s
[2026-07-08 20:16:23.914] [odom] [warning] IMU errors rot=0.068 +- 0.057 deg, trans=0.021 +- 0.013 m, vel=0.064 +- 0.031 m/s
[2026-07-08 20:16:23.914] [odom] [warning] IMU better ratios rot=0.87, trans=0.03, vel=0.09
[2026-07-08 20:16:24.351] [glim] [info] playback speed: 3.481x
[2026-07-08 20:16:25.746] [odom] [warning] IMU bias estimation seems inaccurate.
[2026-07-08 20:16:25.746] [odom] [warning] Possibly T_lidar_imu is not accurate or LiDAR-IMU synchronization is not correct.
[2026-07-08 20:16:25.746] [odom] [warning] IMU bias validation results:
[2026-07-08 20:16:25.746] [odom] [warning] num_bias_validations=16512
[2026-07-08 20:16:25.746] [odom] [warning] bias_acc=[0.207, -0.870, 0.057] m/s^2, bias_gyro=[-0.020, 0.000, 0.001] rad/s
[2026-07-08 20:16:25.746] [odom] [warning] acc_stat ax=0.457 +- 0.182 [min=0.001, max=0.847], ay=-0.782 +- 0.281 [min=-1.107, max=0.015], az=0.024 +- 0.010 [min=0.008, max=0.057] m/s^2
[2026-07-08 20:16:25.746] [odom] [warning] gyro_stat wx=-0.019 +- 0.001 [min=-0.021, max=-0.017], wy=-0.000 +- 0.001 [min=-0.005, max=0.002], wz=0.001 +- 0.000 [min=0.000, max=0.002] rad/s
[2026-07-08 20:16:26.278] [odom] [warning] IMU prediction is not good.
[2026-07-08 20:16:26.278] [odom] [warning] Possibly T_lidar_imu is not accurate or IMU bias is not well estimated.
[2026-07-08 20:16:26.278] [odom] [warning] IMU validation results:
[2026-07-08 20:16:26.278] [odom] [warning] num_validations=16000
[2026-07-08 20:16:26.278] [odom] [warning] No-IMU errors rot=0.216 +- 0.257 deg, trans=0.018 +- 0.011 m, vel=0.027 +- 0.021 m/s
[2026-07-08 20:16:26.278] [odom] [warning] IMU errors rot=0.068 +- 0.057 deg, trans=0.021 +- 0.013 m, vel=0.064 +- 0.031 m/s
[2026-07-08 20:16:26.278] [odom] [warning] IMU better ratios rot=0.87, trans=0.03, vel=0.10
[2026-07-08 20:16:27.227] [odom] [warning] IMU bias estimation seems inaccurate.
[2026-07-08 20:16:27.227] [odom] [warning] Possibly T_lidar_imu is not accurate or LiDAR-IMU synchronization is not correct.
[2026-07-08 20:16:27.227] [odom] [warning] IMU bias validation results:
[2026-07-08 20:16:27.227] [odom] [warning] num_bias_validations=16576
[2026-07-08 20:16:27.227] [odom] [warning] bias_acc=[0.194, -0.873, 0.059] m/s^2, bias_gyro=[-0.020, 0.000, 0.001] rad/s
[2026-07-08 20:16:27.227] [odom] [warning] acc_stat ax=0.456 +- 0.182 [min=0.001, max=0.847], ay=-0.783 +- 0.280 [min=-1.107, max=0.015], az=0.024 +- 0.011 [min=0.008, max=0.059] m/s^2
[2026-07-08 20:16:27.227] [odom] [warning] gyro_stat wx=-0.019 +- 0.001 [min=-0.021, max=-0.017], wy=-0.000 +- 0.001 [min=-0.005, max=0.002], wz=0.001 +- 0.000 [min=0.000, max=0.002] rad/s
[2026-07-08 20:16:27.506] [odom] [warning] IMU prediction is not good.
[2026-07-08 20:16:27.506] [odom] [warning] Possibly T_lidar_imu is not accurate or IMU bias is not well estimated.
[2026-07-08 20:16:27.506] [odom] [warning] IMU validation results:
[2026-07-08 20:16:27.506] [odom] [warning] num_validations=16064
[2026-07-08 20:16:27.506] [odom] [warning] No-IMU errors rot=0.216 +- 0.257 deg, trans=0.018 +- 0.011 m, vel=0.028 +- 0.021 m/s
[2026-07-08 20:16:27.506] [odom] [warning] IMU errors rot=0.068 +- 0.057 deg, trans=0.021 +- 0.013 m, vel=0.064 +- 0.031 m/s
[2026-07-08 20:16:27.506] [odom] [warning] IMU better ratios rot=0.87, trans=0.03, vel=0.09
[2026-07-08 20:16:29.352] [glim] [info] playback speed: 3.246x
[2026-07-08 20:16:29.411] [odom] [warning] IMU bias estimation seems inaccurate.
[2026-07-08 20:16:29.411] [odom] [warning] Possibly T_lidar_imu is not accurate or LiDAR-IMU synchronization is not correct.
[2026-07-08 20:16:29.411] [odom] [warning] IMU bias validation results:
[2026-07-08 20:16:29.411] [odom] [warning] num_bias_validations=16640
[2026-07-08 20:16:29.411] [odom] [warning] bias_acc=[0.178, -0.876, 0.062] m/s^2, bias_gyro=[-0.020, 0.000, 0.001] rad/s
[2026-07-08 20:16:29.411] [odom] [warning] acc_stat ax=0.455 +- 0.183 [min=0.001, max=0.847], ay=-0.783 +- 0.280 [min=-1.107, max=0.015], az=0.025 +- 0.011 [min=0.008, max=0.062] m/s^2
[2026-07-08 20:16:29.411] [odom] [warning] gyro_stat wx=-0.019 +- 0.001 [min=-0.021, max=-0.017], wy=-0.000 +- 0.001 [min=-0.005, max=0.002], wz=0.001 +- 0.000 [min=0.000, max=0.002] rad/s
[2026-07-08 20:16:30.059] [odom] [warning] IMU prediction is not good.
[2026-07-08 20:16:30.059] [odom] [warning] Possibly T_lidar_imu is not accurate or IMU bias is not well estimated.
[2026-07-08 20:16:30.059] [odom] [warning] IMU validation results:
[2026-07-08 20:16:30.059] [odom] [warning] num_validations=16128
[2026-07-08 20:16:30.059] [odom] [warning] No-IMU errors rot=0.216 +- 0.258 deg, trans=0.018 +- 0.011 m, vel=0.028 +- 0.021 m/s
[2026-07-08 20:16:30.059] [odom] [warning] IMU errors rot=0.068 +- 0.057 deg, trans=0.021 +- 0.013 m, vel=0.064 +- 0.031 m/s
[2026-07-08 20:16:30.059] [odom] [warning] IMU better ratios rot=0.87, trans=0.03, vel=0.09
[2026-07-08 20:16:32.376] [odom] [warning] IMU bias estimation seems inaccurate.
[2026-07-08 20:16:32.377] [odom] [warning] Possibly T_lidar_imu is not accurate or LiDAR-IMU synchronization is not correct.
[2026-07-08 20:16:32.377] [odom] [warning] IMU bias validation results:
[2026-07-08 20:16:32.377] [odom] [warning] num_bias_validations=16704
[2026-07-08 20:16:32.377] [odom] [warning] bias_acc=[0.165, -0.876, 0.064] m/s^2, bias_gyro=[-0.020, 0.001, 0.001] rad/s
[2026-07-08 20:16:32.377] [odom] [warning] acc_stat ax=0.454 +- 0.183 [min=0.001, max=0.847], ay=-0.784 +- 0.279 [min=-1.107, max=0.015], az=0.025 +- 0.011 [min=0.008, max=0.064] m/s^2
[2026-07-08 20:16:32.377] [odom] [warning] gyro_stat wx=-0.019 +- 0.001 [min=-0.021, max=-0.017], wy=-0.000 +- 0.001 [min=-0.005, max=0.002], wz=0.001 +- 0.000 [min=0.000, max=0.002] rad/s
[2026-07-08 20:16:33.292] [odom] [warning] IMU prediction is not good.
[2026-07-08 20:16:33.292] [odom] [warning] Possibly T_lidar_imu is not accurate or IMU bias is not well estimated.
[2026-07-08 20:16:33.292] [odom] [warning] IMU validation results:
[2026-07-08 20:16:33.293] [odom] [warning] num_validations=16192
[2026-07-08 20:16:33.293] [odom] [warning] No-IMU errors rot=0.217 +- 0.258 deg, trans=0.018 +- 0.011 m, vel=0.028 +- 0.021 m/s
[2026-07-08 20:16:33.293] [odom] [warning] IMU errors rot=0.069 +- 0.057 deg, trans=0.021 +- 0.013 m, vel=0.064 +- 0.031 m/s
[2026-07-08 20:16:33.293] [odom] [warning] IMU better ratios rot=0.87, trans=0.03, vel=0.09
[2026-07-08 20:16:33.855] [odom] [warning] IMU bias estimation seems inaccurate.
[2026-07-08 20:16:33.855] [odom] [warning] Possibly T_lidar_imu is not accurate or LiDAR-IMU synchronization is not correct.
[2026-07-08 20:16:33.855] [odom] [warning] IMU bias validation results:
[2026-07-08 20:16:33.855] [odom] [warning] num_bias_validations=16768
[2026-07-08 20:16:33.855] [odom] [warning] bias_acc=[0.146, -0.877, 0.068] m/s^2, bias_gyro=[-0.020, 0.001, 0.001] rad/s
[2026-07-08 20:16:33.855] [odom] [warning] acc_stat ax=0.453 +- 0.184 [min=0.001, max=0.847], ay=-0.784 +- 0.279 [min=-1.107, max=0.015], az=0.025 +- 0.011 [min=0.008, max=0.068] m/s^2
[2026-07-08 20:16:33.855] [odom] [warning] gyro_stat wx=-0.019 +- 0.001 [min=-0.021, max=-0.017], wy=-0.000 +- 0.001 [min=-0.005, max=0.002], wz=0.001 +- 0.000 [min=0.000, max=0.002] rad/s
[2026-07-08 20:16:34.364] [glim] [info] playback speed: 2.955x
[2026-07-08 20:16:34.504] [odom] [warning] IMU prediction is not good.
[2026-07-08 20:16:34.505] [odom] [warning] Possibly T_lidar_imu is not accurate or IMU bias is not well estimated.
[2026-07-08 20:16:34.505] [odom] [warning] IMU validation results:
[2026-07-08 20:16:34.505] [odom] [warning] num_validations=16256
[2026-07-08 20:16:34.505] [odom] [warning] No-IMU errors rot=0.217 +- 0.257 deg, trans=0.018 +- 0.011 m, vel=0.028 +- 0.021 m/s
[2026-07-08 20:16:34.505] [odom] [warning] IMU errors rot=0.069 +- 0.057 deg, trans=0.021 +- 0.013 m, vel=0.064 +- 0.031 m/s
[2026-07-08 20:16:34.505] [odom] [warning] IMU better ratios rot=0.87, trans=0.03, vel=0.09
[2026-07-08 20:16:36.226] [odom] [warning] IMU bias estimation seems inaccurate.
[2026-07-08 20:16:36.226] [odom] [warning] Possibly T_lidar_imu is not accurate or LiDAR-IMU synchronization is not correct.
[2026-07-08 20:16:36.226] [odom] [warning] IMU bias validation results:
[2026-07-08 20:16:36.226] [odom] [warning] num_bias_validations=16832
[2026-07-08 20:16:36.226] [odom] [warning] bias_acc=[0.126, -0.874, 0.071] m/s^2, bias_gyro=[-0.019, 0.001, 0.001] rad/s
[2026-07-08 20:16:36.226] [odom] [warning] acc_stat ax=0.451 +- 0.185 [min=0.001, max=0.847], ay=-0.784 +- 0.278 [min=-1.107, max=0.015], az=0.025 +- 0.012 [min=0.008, max=0.071] m/s^2
[2026-07-08 20:16:36.226] [odom] [warning] gyro_stat wx=-0.019 +- 0.001 [min=-0.021, max=-0.017], wy=-0.000 +- 0.001 [min=-0.005, max=0.002], wz=0.001 +- 0.000 [min=0.000, max=0.002] rad/s
[2026-07-08 20:16:36.440] [odom] [warning] IMU prediction is not good.
[2026-07-08 20:16:36.440] [odom] [warning] Possibly T_lidar_imu is not accurate or IMU bias is not well estimated.
[2026-07-08 20:16:36.440] [odom] [warning] IMU validation results:
[2026-07-08 20:16:36.440] [odom] [warning] num_validations=16320
[2026-07-08 20:16:36.440] [odom] [warning] No-IMU errors rot=0.217 +- 0.257 deg, trans=0.018 +- 0.011 m, vel=0.028 +- 0.021 m/s
[2026-07-08 20:16:36.440] [odom] [warning] IMU errors rot=0.069 +- 0.057 deg, trans=0.021 +- 0.013 m, vel=0.064 +- 0.031 m/s
[2026-07-08 20:16:36.440] [odom] [warning] IMU better ratios rot=0.87, trans=0.03, vel=0.09
[2026-07-08 20:16:38.099] [odom] [warning] IMU bias estimation seems inaccurate.
[2026-07-08 20:16:38.099] [odom] [warning] Possibly T_lidar_imu is not accurate or LiDAR-IMU synchronization is not correct.
[2026-07-08 20:16:38.099] [odom] [warning] IMU bias validation results:
[2026-07-08 20:16:38.099] [odom] [warning] num_bias_validations=16896
[2026-07-08 20:16:38.099] [odom] [warning] bias_acc=[0.109, -0.867, 0.074] m/s^2, bias_gyro=[-0.019, 0.001, 0.001] rad/s
[2026-07-08 20:16:38.099] [odom] [warning] acc_stat ax=0.450 +- 0.185 [min=0.001, max=0.847], ay=-0.785 +- 0.278 [min=-1.107, max=0.015], az=0.025 +- 0.012 [min=0.008, max=0.074] m/s^2
[2026-07-08 20:16:38.099] [odom] [warning] gyro_stat wx=-0.019 +- 0.001 [min=-0.021, max=-0.017], wy=-0.000 +- 0.001 [min=-0.005, max=0.002], wz=0.001 +- 0.000 [min=0.000, max=0.002] rad/s
[2026-07-08 20:16:39.008] [odom] [warning] IMU prediction is not good.
[2026-07-08 20:16:39.008] [odom] [warning] Possibly T_lidar_imu is not accurate or IMU bias is not well estimated.
[2026-07-08 20:16:39.008] [odom] [warning] IMU validation results:
[2026-07-08 20:16:39.008] [odom] [warning] num_validations=16384
[2026-07-08 20:16:39.008] [odom] [warning] No-IMU errors rot=0.218 +- 0.258 deg, trans=0.018 +- 0.011 m, vel=0.028 +- 0.021 m/s
[2026-07-08 20:16:39.008] [odom] [warning] IMU errors rot=0.069 +- 0.057 deg, trans=0.021 +- 0.013 m, vel=0.064 +- 0.031 m/s
[2026-07-08 20:16:39.008] [odom] [warning] IMU better ratios rot=0.87, trans=0.03, vel=0.09
[2026-07-08 20:16:39.382] [glim] [info] playback speed: 2.850x
[2026-07-08 20:16:40.500] [odom] [warning] IMU bias estimation seems inaccurate.
[2026-07-08 20:16:40.500] [odom] [warning] Possibly T_lidar_imu is not accurate or LiDAR-IMU synchronization is not correct.
[2026-07-08 20:16:40.500] [odom] [warning] IMU bias validation results:
[2026-07-08 20:16:40.500] [odom] [warning] num_bias_validations=16960
[2026-07-08 20:16:40.500] [odom] [warning] bias_acc=[0.090, -0.861, 0.077] m/s^2, bias_gyro=[-0.019, 0.001, 0.001] rad/s
[2026-07-08 20:16:40.500] [odom] [warning] acc_stat ax=0.449 +- 0.186 [min=0.001, max=0.847], ay=-0.785 +- 0.277 [min=-1.107, max=0.015], az=0.025 +- 0.012 [min=0.008, max=0.077] m/s^2
[2026-07-08 20:16:40.500] [odom] [warning] gyro_stat wx=-0.019 +- 0.001 [min=-0.021, max=-0.017], wy=-0.000 +- 0.001 [min=-0.005, max=0.002], wz=0.001 +- 0.000 [min=0.000, max=0.002] rad/s
[2026-07-08 20:16:40.666] [odom] [warning] IMU prediction is not good.
[2026-07-08 20:16:40.666] [odom] [warning] Possibly T_lidar_imu is not accurate or IMU bias is not well estimated.
[2026-07-08 20:16:40.666] [odom] [warning] IMU validation results:
[2026-07-08 20:16:40.666] [odom] [warning] num_validations=16448
[2026-07-08 20:16:40.666] [odom] [warning] No-IMU errors rot=0.218 +- 0.258 deg, trans=0.019 +- 0.011 m, vel=0.028 +- 0.021 m/s
[2026-07-08 20:16:40.666] [odom] [warning] IMU errors rot=0.069 +- 0.057 deg, trans=0.021 +- 0.013 m, vel=0.064 +- 0.031 m/s
[2026-07-08 20:16:40.666] [odom] [warning] IMU better ratios rot=0.87, trans=0.03, vel=0.09
[2026-07-08 20:16:42.500] [odom] [warning] IMU bias estimation seems inaccurate.
[2026-07-08 20:16:42.500] [odom] [warning] Possibly T_lidar_imu is not accurate or LiDAR-IMU synchronization is not correct.
[2026-07-08 20:16:42.500] [odom] [warning] IMU bias validation results:
[2026-07-08 20:16:42.500] [odom] [warning] num_bias_validations=17024
[2026-07-08 20:16:42.500] [odom] [warning] bias_acc=[0.068, -0.858, 0.079] m/s^2, bias_gyro=[-0.019, 0.001, 0.001] rad/s
[2026-07-08 20:16:42.500] [odom] [warning] acc_stat ax=0.447 +- 0.188 [min=0.001, max=0.847], ay=-0.785 +- 0.277 [min=-1.107, max=0.015], az=0.026 +- 0.013 [min=0.008, max=0.079] m/s^2
[2026-07-08 20:16:42.500] [odom] [warning] gyro_stat wx=-0.019 +- 0.001 [min=-0.021, max=-0.017], wy=-0.000 +- 0.001 [min=-0.005, max=0.002], wz=0.001 +- 0.000 [min=0.000, max=0.002] rad/s
[2026-07-08 20:16:43.365] [odom] [warning] IMU prediction is not good.
[2026-07-08 20:16:43.365] [odom] [warning] Possibly T_lidar_imu is not accurate or IMU bias is not well estimated.
[2026-07-08 20:16:43.365] [odom] [warning] IMU validation results:
[2026-07-08 20:16:43.365] [odom] [warning] num_validations=16512
[2026-07-08 20:16:43.365] [odom] [warning] No-IMU errors rot=0.218 +- 0.257 deg, trans=0.019 +- 0.011 m, vel=0.028 +- 0.021 m/s
[2026-07-08 20:16:43.365] [odom] [warning] IMU errors rot=0.069 +- 0.057 deg, trans=0.021 +- 0.013 m, vel=0.064 +- 0.031 m/s
[2026-07-08 20:16:43.365] [odom] [warning] IMU better ratios rot=0.87, trans=0.03, vel=0.09
[2026-07-08 20:16:44.415] [glim] [info] playback speed: 2.842x
[2026-07-08 20:16:44.771] [odom] [warning] IMU bias estimation seems inaccurate.
[2026-07-08 20:16:44.771] [odom] [warning] Possibly T_lidar_imu is not accurate or LiDAR-IMU synchronization is not correct.
[2026-07-08 20:16:44.771] [odom] [warning] IMU bias validation results:
[2026-07-08 20:16:44.771] [odom] [warning] num_bias_validations=17088
[2026-07-08 20:16:44.771] [odom] [warning] bias_acc=[0.046, -0.855, 0.083] m/s^2, bias_gyro=[-0.019, 0.001, 0.001] rad/s
[2026-07-08 20:16:44.771] [odom] [warning] acc_stat ax=0.446 +- 0.189 [min=0.001, max=0.847], ay=-0.785 +- 0.276 [min=-1.107, max=0.015], az=0.026 +- 0.013 [min=0.008, max=0.083] m/s^2
[2026-07-08 20:16:44.771] [odom] [warning] gyro_stat wx=-0.019 +- 0.001 [min=-0.021, max=-0.017], wy=-0.000 +- 0.001 [min=-0.005, max=0.002], wz=0.001 +- 0.000 [min=0.000, max=0.002] rad/s
[2026-07-08 20:16:45.039] [odom] [warning] IMU prediction is not good.
[2026-07-08 20:16:45.039] [odom] [warning] Possibly T_lidar_imu is not accurate or IMU bias is not well estimated.
[2026-07-08 20:16:45.039] [odom] [warning] IMU validation results:
[2026-07-08 20:16:45.039] [odom] [warning] num_validations=16576
[2026-07-08 20:16:45.039] [odom] [warning] No-IMU errors rot=0.218 +- 0.257 deg, trans=0.019 +- 0.011 m, vel=0.028 +- 0.021 m/s
[2026-07-08 20:16:45.039] [odom] [warning] IMU errors rot=0.070 +- 0.057 deg, trans=0.022 +- 0.013 m, vel=0.064 +- 0.031 m/s
[2026-07-08 20:16:45.039] [odom] [warning] IMU better ratios rot=0.87, trans=0.03, vel=0.09
[2026-07-08 20:16:46.931] [odom] [warning] IMU bias estimation seems inaccurate.
[2026-07-08 20:16:46.931] [odom] [warning] Possibly T_lidar_imu is not accurate or LiDAR-IMU synchronization is not correct.
[2026-07-08 20:16:46.931] [odom] [warning] IMU bias validation results:
[2026-07-08 20:16:46.931] [odom] [warning] num_bias_validations=17152
[2026-07-08 20:16:46.931] [odom] [warning] bias_acc=[0.025, -0.849, 0.086] m/s^2, bias_gyro=[-0.020, 0.001, 0.001] rad/s
[2026-07-08 20:16:46.931] [odom] [warning] acc_stat ax=0.444 +- 0.190 [min=0.001, max=0.847], ay=-0.786 +- 0.276 [min=-1.107, max=0.015], az=0.026 +- 0.014 [min=0.008, max=0.086] m/s^2
[2026-07-08 20:16:46.931] [odom] [warning] gyro_stat wx=-0.019 +- 0.001 [min=-0.021, max=-0.017], wy=-0.000 +- 0.001 [min=-0.005, max=0.002], wz=0.001 +- 0.000 [min=0.000, max=0.002] rad/s
[2026-07-08 20:16:47.820] [odom] [warning] IMU prediction is not good.
[2026-07-08 20:16:47.820] [odom] [warning] Possibly T_lidar_imu is not accurate or IMU bias is not well estimated.
[2026-07-08 20:16:47.820] [odom] [warning] IMU validation results:
[2026-07-08 20:16:47.820] [odom] [warning] num_validations=16640
[2026-07-08 20:16:47.820] [odom] [warning] No-IMU errors rot=0.219 +- 0.257 deg, trans=0.019 +- 0.011 m, vel=0.028 +- 0.021 m/s
[2026-07-08 20:16:47.820] [odom] [warning] IMU errors rot=0.070 +- 0.057 deg, trans=0.022 +- 0.014 m, vel=0.064 +- 0.031 m/s
[2026-07-08 20:16:47.820] [odom] [warning] IMU better ratios rot=0.87, trans=0.03, vel=0.09
[2026-07-08 20:16:48.886] [odom] [warning] IMU bias estimation seems inaccurate.
[2026-07-08 20:16:48.886] [odom] [warning] Possibly T_lidar_imu is not accurate or LiDAR-IMU synchronization is not correct.
[2026-07-08 20:16:48.886] [odom] [warning] IMU bias validation results:
[2026-07-08 20:16:48.886] [odom] [warning] num_bias_validations=17216
[2026-07-08 20:16:48.886] [odom] [warning] bias_acc=[-0.002, -0.845, 0.090] m/s^2, bias_gyro=[-0.020, 0.001, 0.001] rad/s
[2026-07-08 20:16:48.886] [odom] [warning] acc_stat ax=0.443 +- 0.192 [min=-0.002, max=0.847], ay=-0.786 +- 0.275 [min=-1.107, max=0.015], az=0.026 +- 0.014 [min=0.008, max=0.090] m/s^2
[2026-07-08 20:16:48.886] [odom] [warning] gyro_stat wx=-0.019 +- 0.001 [min=-0.021, max=-0.017], wy=-0.000 +- 0.001 [min=-0.005, max=0.002], wz=0.001 +- 0.000 [min=0.000, max=0.002] rad/s
[2026-07-08 20:16:49.188] [odom] [warning] IMU prediction is not good.
[2026-07-08 20:16:49.188] [odom] [warning] Possibly T_lidar_imu is not accurate or IMU bias is not well estimated.
[2026-07-08 20:16:49.188] [odom] [warning] IMU validation results:
[2026-07-08 20:16:49.188] [odom] [warning] num_validations=16704
[2026-07-08 20:16:49.188] [odom] [warning] No-IMU errors rot=0.219 +- 0.257 deg, trans=0.019 +- 0.011 m, vel=0.028 +- 0.021 m/s
[2026-07-08 20:16:49.188] [odom] [warning] IMU errors rot=0.070 +- 0.057 deg, trans=0.022 +- 0.014 m, vel=0.064 +- 0.031 m/s
[2026-07-08 20:16:49.188] [odom] [warning] IMU better ratios rot=0.87, trans=0.03, vel=0.09
[2026-07-08 20:16:49.443] [glim] [info] playback speed: 3.531x
[2026-07-08 20:16:51.676] [odom] [warning] IMU bias estimation seems inaccurate.
[2026-07-08 20:16:51.676] [odom] [warning] Possibly T_lidar_imu is not accurate or LiDAR-IMU synchronization is not correct.
[2026-07-08 20:16:51.676] [odom] [warning] IMU bias validation results:
[2026-07-08 20:16:51.676] [odom] [warning] num_bias_validations=17280
[2026-07-08 20:16:51.676] [odom] [warning] bias_acc=[-0.030, -0.843, 0.095] m/s^2, bias_gyro=[-0.020, 0.002, 0.001] rad/s
[2026-07-08 20:16:51.676] [odom] [warning] acc_stat ax=0.441 +- 0.194 [min=-0.030, max=0.847], ay=-0.786 +- 0.275 [min=-1.107, max=0.015], az=0.027 +- 0.015 [min=0.008, max=0.095] m/s^2
[2026-07-08 20:16:51.676] [odom] [warning] gyro_stat wx=-0.019 +- 0.001 [min=-0.021, max=-0.017], wy=-0.000 +- 0.001 [min=-0.005, max=0.002], wz=0.001 +- 0.000 [min=0.000, max=0.002] rad/s
[2026-07-08 20:16:51.823] [odom] [warning] IMU prediction is not good.
[2026-07-08 20:16:51.823] [odom] [warning] Possibly T_lidar_imu is not accurate or IMU bias is not well estimated.
[2026-07-08 20:16:51.823] [odom] [warning] IMU validation results:
[2026-07-08 20:16:51.823] [odom] [warning] num_validations=16768
[2026-07-08 20:16:51.823] [odom] [warning] No-IMU errors rot=0.219 +- 0.257 deg, trans=0.019 +- 0.012 m, vel=0.028 +- 0.021 m/s
[2026-07-08 20:16:51.823] [odom] [warning] IMU errors rot=0.070 +- 0.057 deg, trans=0.022 +- 0.014 m, vel=0.065 +- 0.031 m/s
[2026-07-08 20:16:51.823] [odom] [warning] IMU better ratios rot=0.87, trans=0.03, vel=0.09
[2026-07-08 20:16:52.812] [odom] [warning] IMU bias estimation seems inaccurate.
[2026-07-08 20:16:52.812] [odom] [warning] Possibly T_lidar_imu is not accurate or LiDAR-IMU synchronization is not correct.
[2026-07-08 20:16:52.812] [odom] [warning] IMU bias validation results:
[2026-07-08 20:16:52.812] [odom] [warning] num_bias_validations=17344
[2026-07-08 20:16:52.812] [odom] [warning] bias_acc=[-0.059, -0.849, 0.100] m/s^2, bias_gyro=[-0.020, 0.001, 0.001] rad/s
[2026-07-08 20:16:52.812] [odom] [warning] acc_stat ax=0.439 +- 0.196 [min=-0.059, max=0.847], ay=-0.786 +- 0.274 [min=-1.107, max=0.015], az=0.027 +- 0.015 [min=0.008, max=0.100] m/s^2
[2026-07-08 20:16:52.812] [odom] [warning] gyro_stat wx=-0.019 +- 0.001 [min=-0.021, max=-0.017], wy=-0.000 +- 0.001 [min=-0.005, max=0.002], wz=0.001 +- 0.000 [min=0.000, max=0.002] rad/s
[2026-07-08 20:16:53.693] [odom] [warning] IMU prediction is not good.
[2026-07-08 20:16:53.693] [odom] [warning] Possibly T_lidar_imu is not accurate or IMU bias is not well estimated.
[2026-07-08 20:16:53.693] [odom] [warning] IMU validation results:
[2026-07-08 20:16:53.693] [odom] [warning] num_validations=16832
[2026-07-08 20:16:53.693] [odom] [warning] No-IMU errors rot=0.219 +- 0.257 deg, trans=0.019 +- 0.012 m, vel=0.028 +- 0.021 m/s
[2026-07-08 20:16:53.693] [odom] [warning] IMU errors rot=0.070 +- 0.058 deg, trans=0.022 +- 0.014 m, vel=0.065 +- 0.031 m/s
[2026-07-08 20:16:53.693] [odom] [warning] IMU better ratios rot=0.87, trans=0.03, vel=0.09
[2026-07-08 20:16:54.455] [glim] [info] playback speed: 2.874x
[2026-07-08 20:16:55.903] [odom] [warning] IMU bias estimation seems inaccurate.
[2026-07-08 20:16:55.903] [odom] [warning] Possibly T_lidar_imu is not accurate or LiDAR-IMU synchronization is not correct.
[2026-07-08 20:16:55.903] [odom] [warning] IMU bias validation results:
[2026-07-08 20:16:55.903] [odom] [warning] num_bias_validations=17408
[2026-07-08 20:16:55.903] [odom] [warning] bias_acc=[-0.084, -0.851, 0.104] m/s^2, bias_gyro=[-0.020, 0.001, 0.001] rad/s
[2026-07-08 20:16:55.903] [odom] [warning] acc_stat ax=0.437 +- 0.198 [min=-0.084, max=0.847], ay=-0.787 +- 0.274 [min=-1.107, max=0.015], az=0.027 +- 0.016 [min=0.008, max=0.104] m/s^2
[2026-07-08 20:16:55.903] [odom] [warning] gyro_stat wx=-0.019 +- 0.001 [min=-0.021, max=-0.017], wy=-0.000 +- 0.001 [min=-0.005, max=0.002], wz=0.001 +- 0.000 [min=0.000, max=0.002] rad/s
[2026-07-08 20:16:56.857] [odom] [warning] IMU prediction is not good.
[2026-07-08 20:16:56.857] [odom] [warning] Possibly T_lidar_imu is not accurate or IMU bias is not well estimated.
[2026-07-08 20:16:56.857] [odom] [warning] IMU validation results:
[2026-07-08 20:16:56.857] [odom] [warning] num_validations=16896
[2026-07-08 20:16:56.857] [odom] [warning] No-IMU errors rot=0.219 +- 0.257 deg, trans=0.019 +- 0.012 m, vel=0.028 +- 0.021 m/s
[2026-07-08 20:16:56.857] [odom] [warning] IMU errors rot=0.070 +- 0.058 deg, trans=0.022 +- 0.014 m, vel=0.065 +- 0.031 m/s
[2026-07-08 20:16:56.857] [odom] [warning] IMU better ratios rot=0.86, trans=0.03, vel=0.09
[2026-07-08 20:16:59.040] [odom] [warning] IMU bias estimation seems inaccurate.
[2026-07-08 20:16:59.040] [odom] [warning] Possibly T_lidar_imu is not accurate or LiDAR-IMU synchronization is not correct.
[2026-07-08 20:16:59.040] [odom] [warning] IMU bias validation results:
[2026-07-08 20:16:59.040] [odom] [warning] num_bias_validations=17472
[2026-07-08 20:16:59.040] [odom] [warning] bias_acc=[-0.109, -0.852, 0.108] m/s^2, bias_gyro=[-0.020, 0.001, 0.001] rad/s
[2026-07-08 20:16:59.040] [odom] [warning] acc_stat ax=0.435 +- 0.200 [min=-0.109, max=0.847], ay=-0.787 +- 0.273 [min=-1.107, max=0.015], az=0.027 +- 0.017 [min=0.008, max=0.108] m/s^2
[2026-07-08 20:16:59.040] [odom] [warning] gyro_stat wx=-0.019 +- 0.001 [min=-0.021, max=-0.017], wy=-0.000 +- 0.001 [min=-0.005, max=0.002], wz=0.001 +- 0.000 [min=0.000, max=0.002] rad/s
[2026-07-08 20:16:59.478] [glim] [info] playback speed: 2.060x
[2026-07-08 20:16:59.910] [odom] [warning] IMU prediction is not good.
[2026-07-08 20:16:59.910] [odom] [warning] Possibly T_lidar_imu is not accurate or IMU bias is not well estimated.
[2026-07-08 20:16:59.910] [odom] [warning] IMU validation results:
[2026-07-08 20:16:59.910] [odom] [warning] num_validations=16960
[2026-07-08 20:16:59.910] [odom] [warning] No-IMU errors rot=0.218 +- 0.257 deg, trans=0.019 +- 0.012 m, vel=0.028 +- 0.021 m/s
[2026-07-08 20:16:59.910] [odom] [warning] IMU errors rot=0.070 +- 0.058 deg, trans=0.022 +- 0.014 m, vel=0.065 +- 0.031 m/s
[2026-07-08 20:16:59.910] [odom] [warning] IMU better ratios rot=0.86, trans=0.03, vel=0.09
[2026-07-08 20:17:00.334] [odom] [warning] IMU bias estimation seems inaccurate.
[2026-07-08 20:17:00.334] [odom] [warning] Possibly T_lidar_imu is not accurate or LiDAR-IMU synchronization is not correct.
[2026-07-08 20:17:00.334] [odom] [warning] IMU bias validation results:
[2026-07-08 20:17:00.334] [odom] [warning] num_bias_validations=17536
[2026-07-08 20:17:00.334] [odom] [warning] bias_acc=[-0.138, -0.854, 0.114] m/s^2, bias_gyro=[-0.020, 0.002, 0.001] rad/s
[2026-07-08 20:17:00.334] [odom] [warning] acc_stat ax=0.433 +- 0.203 [min=-0.138, max=0.847], ay=-0.787 +- 0.273 [min=-1.107, max=0.015], az=0.028 +- 0.018 [min=0.008, max=0.114] m/s^2
[2026-07-08 20:17:00.334] [odom] [warning] gyro_stat wx=-0.019 +- 0.001 [min=-0.021, max=-0.017], wy=-0.000 +- 0.001 [min=-0.005, max=0.002], wz=0.001 +- 0.000 [min=0.000, max=0.002] rad/s
[2026-07-08 20:17:01.271] [odom] [warning] IMU prediction is not good.
[2026-07-08 20:17:01.271] [odom] [warning] Possibly T_lidar_imu is not accurate or IMU bias is not well estimated.
[2026-07-08 20:17:01.271] [odom] [warning] IMU validation results:
[2026-07-08 20:17:01.271] [odom] [warning] num_validations=17024
[2026-07-08 20:17:01.271] [odom] [warning] No-IMU errors rot=0.218 +- 0.256 deg, trans=0.019 +- 0.012 m, vel=0.028 +- 0.021 m/s
[2026-07-08 20:17:01.271] [odom] [warning] IMU errors rot=0.070 +- 0.058 deg, trans=0.022 +- 0.014 m, vel=0.065 +- 0.032 m/s
[2026-07-08 20:17:01.271] [odom] [warning] IMU better ratios rot=0.86, trans=0.03, vel=0.09
[2026-07-08 20:17:02.487] [odom] [warning] IMU bias estimation seems inaccurate.
[2026-07-08 20:17:02.487] [odom] [warning] Possibly T_lidar_imu is not accurate or LiDAR-IMU synchronization is not correct.
[2026-07-08 20:17:02.487] [odom] [warning] IMU bias validation results:
[2026-07-08 20:17:02.487] [odom] [warning] num_bias_validations=17600
[2026-07-08 20:17:02.487] [odom] [warning] bias_acc=[-0.170, -0.854, 0.121] m/s^2, bias_gyro=[-0.020, 0.002, 0.001] rad/s
[2026-07-08 20:17:02.487] [odom] [warning] acc_stat ax=0.431 +- 0.206 [min=-0.170, max=0.847], ay=-0.787 +- 0.272 [min=-1.107, max=0.015], az=0.028 +- 0.018 [min=0.008, max=0.121] m/s^2
[2026-07-08 20:17:02.487] [odom] [warning] gyro_stat wx=-0.019 +- 0.001 [min=-0.021, max=-0.017], wy=-0.000 +- 0.001 [min=-0.005, max=0.002], wz=0.001 +- 0.000 [min=0.000, max=0.002] rad/s
[2026-07-08 20:17:03.193] [odom] [warning] IMU prediction is not good.
[2026-07-08 20:17:03.193] [odom] [warning] Possibly T_lidar_imu is not accurate or IMU bias is not well estimated.
[2026-07-08 20:17:03.193] [odom] [warning] IMU validation results:
[2026-07-08 20:17:03.193] [odom] [warning] num_validations=17088
[2026-07-08 20:17:03.193] [odom] [warning] No-IMU errors rot=0.218 +- 0.256 deg, trans=0.019 +- 0.012 m, vel=0.028 +- 0.021 m/s
[2026-07-08 20:17:03.193] [odom] [warning] IMU errors rot=0.070 +- 0.058 deg, trans=0.022 +- 0.014 m, vel=0.066 +- 0.032 m/s
[2026-07-08 20:17:03.193] [odom] [warning] IMU better ratios rot=0.86, trans=0.03, vel=0.09
[2026-07-08 20:17:04.497] [glim] [info] playback speed: 3.456x
[2026-07-08 20:17:05.237] [odom] [warning] IMU bias estimation seems inaccurate.
[2026-07-08 20:17:05.237] [odom] [warning] Possibly T_lidar_imu is not accurate or LiDAR-IMU synchronization is not correct.
[2026-07-08 20:17:05.237] [odom] [warning] IMU bias validation results:
[2026-07-08 20:17:05.237] [odom] [warning] num_bias_validations=17664
[2026-07-08 20:17:05.237] [odom] [warning] bias_acc=[-0.202, -0.857, 0.127] m/s^2, bias_gyro=[-0.020, 0.001, 0.001] rad/s
[2026-07-08 20:17:05.237] [odom] [warning] acc_stat ax=0.429 +- 0.209 [min=-0.202, max=0.847], ay=-0.787 +- 0.272 [min=-1.107, max=0.015], az=0.028 +- 0.019 [min=0.008, max=0.127] m/s^2
[2026-07-08 20:17:05.237] [odom] [warning] gyro_stat wx=-0.019 +- 0.001 [min=-0.021, max=-0.017], wy=-0.000 +- 0.001 [min=-0.005, max=0.002], wz=0.001 +- 0.000 [min=0.000, max=0.002] rad/s
[2026-07-08 20:17:06.722] [odom] [warning] IMU prediction is not good.
[2026-07-08 20:17:06.722] [odom] [warning] Possibly T_lidar_imu is not accurate or IMU bias is not well estimated.
[2026-07-08 20:17:06.722] [odom] [warning] IMU validation results:
[2026-07-08 20:17:06.722] [odom] [warning] num_validations=17152
[2026-07-08 20:17:06.722] [odom] [warning] No-IMU errors rot=0.218 +- 0.256 deg, trans=0.019 +- 0.012 m, vel=0.028 +- 0.021 m/s
[2026-07-08 20:17:06.722] [odom] [warning] IMU errors rot=0.070 +- 0.058 deg, trans=0.022 +- 0.014 m, vel=0.066 +- 0.032 m/s
[2026-07-08 20:17:06.722] [odom] [warning] IMU better ratios rot=0.86, trans=0.03, vel=0.09
[2026-07-08 20:17:08.841] [odom] [warning] IMU bias estimation seems inaccurate.
[2026-07-08 20:17:08.841] [odom] [warning] Possibly T_lidar_imu is not accurate or LiDAR-IMU synchronization is not correct.
[2026-07-08 20:17:08.841] [odom] [warning] IMU bias validation results:
[2026-07-08 20:17:08.841] [odom] [warning] num_bias_validations=17728
[2026-07-08 20:17:08.841] [odom] [warning] bias_acc=[-0.234, -0.862, 0.134] m/s^2, bias_gyro=[-0.020, 0.001, 0.001] rad/s
[2026-07-08 20:17:08.841] [odom] [warning] acc_stat ax=0.426 +- 0.212 [min=-0.234, max=0.847], ay=-0.788 +- 0.272 [min=-1.107, max=0.015], az=0.029 +- 0.020 [min=0.008, max=0.134] m/s^2
[2026-07-08 20:17:08.841] [odom] [warning] gyro_stat wx=-0.019 +- 0.001 [min=-0.021, max=-0.017], wy=-0.000 +- 0.001 [min=-0.005, max=0.002], wz=0.001 +- 0.000 [min=0.000, max=0.002] rad/s
[2026-07-08 20:17:09.498] [glim] [info] playback speed: 1.805x
[2026-07-08 20:17:10.296] [odom] [warning] IMU prediction is not good.
[2026-07-08 20:17:10.297] [odom] [warning] Possibly T_lidar_imu is not accurate or IMU bias is not well estimated.
[2026-07-08 20:17:10.297] [odom] [warning] IMU validation results:
[2026-07-08 20:17:10.297] [odom] [warning] num_validations=17216
[2026-07-08 20:17:10.297] [odom] [warning] No-IMU errors rot=0.217 +- 0.256 deg, trans=0.019 +- 0.012 m, vel=0.028 +- 0.021 m/s
[2026-07-08 20:17:10.297] [odom] [warning] IMU errors rot=0.070 +- 0.058 deg, trans=0.022 +- 0.014 m, vel=0.066 +- 0.032 m/s
[2026-07-08 20:17:10.297] [odom] [warning] IMU better ratios rot=0.86, trans=0.03, vel=0.09
[2026-07-08 20:17:12.397] [odom] [warning] IMU bias estimation seems inaccurate.
[2026-07-08 20:17:12.397] [odom] [warning] Possibly T_lidar_imu is not accurate or LiDAR-IMU synchronization is not correct.
[2026-07-08 20:17:12.397] [odom] [warning] IMU bias validation results:
[2026-07-08 20:17:12.397] [odom] [warning] num_bias_validations=17792
[2026-07-08 20:17:12.397] [odom] [warning] bias_acc=[-0.264, -0.867, 0.140] m/s^2, bias_gyro=[-0.020, 0.001, 0.001] rad/s
[2026-07-08 20:17:12.397] [odom] [warning] acc_stat ax=0.424 +- 0.216 [min=-0.264, max=0.847], ay=-0.788 +- 0.271 [min=-1.107, max=0.015], az=0.029 +- 0.021 [min=0.008, max=0.140] m/s^2
[2026-07-08 20:17:12.397] [odom] [warning] gyro_stat wx=-0.019 +- 0.001 [min=-0.021, max=-0.017], wy=-0.000 +- 0.001 [min=-0.005, max=0.002], wz=0.001 +- 0.000 [min=0.000, max=0.002] rad/s
[2026-07-08 20:17:13.989] [odom] [warning] IMU prediction is not good.
[2026-07-08 20:17:13.989] [odom] [warning] Possibly T_lidar_imu is not accurate or IMU bias is not well estimated.
[2026-07-08 20:17:13.989] [odom] [warning] IMU validation results:
[2026-07-08 20:17:13.989] [odom] [warning] num_validations=17280
[2026-07-08 20:17:13.989] [odom] [warning] No-IMU errors rot=0.216 +- 0.255 deg, trans=0.019 +- 0.012 m, vel=0.028 +- 0.021 m/s
[2026-07-08 20:17:13.989] [odom] [warning] IMU errors rot=0.070 +- 0.058 deg, trans=0.022 +- 0.014 m, vel=0.066 +- 0.032 m/s
[2026-07-08 20:17:13.989] [odom] [warning] IMU better ratios rot=0.86, trans=0.03, vel=0.09
[2026-07-08 20:17:14.518] [glim] [info] playback speed: 1.819x
[2026-07-08 20:17:16.038] [odom] [warning] IMU bias estimation seems inaccurate.
[2026-07-08 20:17:16.038] [odom] [warning] Possibly T_lidar_imu is not accurate or LiDAR-IMU synchronization is not correct.
[2026-07-08 20:17:16.038] [odom] [warning] IMU bias validation results:
[2026-07-08 20:17:16.038] [odom] [warning] num_bias_validations=17856
[2026-07-08 20:17:16.038] [odom] [warning] bias_acc=[-0.293, -0.869, 0.146] m/s^2, bias_gyro=[-0.020, 0.001, 0.001] rad/s
[2026-07-08 20:17:16.038] [odom] [warning] acc_stat ax=0.421 +- 0.220 [min=-0.293, max=0.847], ay=-0.788 +- 0.271 [min=-1.107, max=0.015], az=0.030 +- 0.022 [min=0.008, max=0.146] m/s^2
[2026-07-08 20:17:16.038] [odom] [warning] gyro_stat wx=-0.019 +- 0.001 [min=-0.021, max=-0.017], wy=-0.000 +- 0.001 [min=-0.005, max=0.002], wz=0.001 +- 0.000 [min=0.000, max=0.002] rad/s
[2026-07-08 20:17:17.624] [odom] [warning] IMU prediction is not good.
[2026-07-08 20:17:17.624] [odom] [warning] Possibly T_lidar_imu is not accurate or IMU bias is not well estimated.
[2026-07-08 20:17:17.624] [odom] [warning] IMU validation results:
[2026-07-08 20:17:17.624] [odom] [warning] num_validations=17344
[2026-07-08 20:17:17.624] [odom] [warning] No-IMU errors rot=0.216 +- 0.255 deg, trans=0.020 +- 0.012 m, vel=0.028 +- 0.021 m/s
[2026-07-08 20:17:17.624] [odom] [warning] IMU errors rot=0.070 +- 0.058 deg, trans=0.022 +- 0.014 m, vel=0.067 +- 0.032 m/s
[2026-07-08 20:17:17.624] [odom] [warning] IMU better ratios rot=0.86, trans=0.03, vel=0.09
[2026-07-08 20:17:18.889] [odom] [warning] IMU bias estimation seems inaccurate.
[2026-07-08 20:17:18.889] [odom] [warning] Possibly T_lidar_imu is not accurate or LiDAR-IMU synchronization is not correct.
[2026-07-08 20:17:18.889] [odom] [warning] IMU bias validation results:
[2026-07-08 20:17:18.889] [odom] [warning] num_bias_validations=17920
[2026-07-08 20:17:18.889] [odom] [warning] bias_acc=[-0.322, -0.866, 0.151] m/s^2, bias_gyro=[-0.020, 0.001, 0.001] rad/s
[2026-07-08 20:17:18.889] [odom] [warning] acc_stat ax=0.418 +- 0.224 [min=-0.322, max=0.847], ay=-0.789 +- 0.270 [min=-1.107, max=0.015], az=0.030 +- 0.024 [min=0.008, max=0.151] m/s^2
[2026-07-08 20:17:18.889] [odom] [warning] gyro_stat wx=-0.019 +- 0.001 [min=-0.021, max=-0.017], wy=-0.000 +- 0.001 [min=-0.005, max=0.002], wz=0.001 +- 0.000 [min=0.000, max=0.002] rad/s
[2026-07-08 20:17:19.238] [odom] [warning] IMU prediction is not good.
[2026-07-08 20:17:19.238] [odom] [warning] Possibly T_lidar_imu is not accurate or IMU bias is not well estimated.
[2026-07-08 20:17:19.238] [odom] [warning] IMU validation results:
[2026-07-08 20:17:19.238] [odom] [warning] num_validations=17408
[2026-07-08 20:17:19.238] [odom] [warning] No-IMU errors rot=0.216 +- 0.255 deg, trans=0.020 +- 0.012 m, vel=0.028 +- 0.021 m/s
[2026-07-08 20:17:19.238] [odom] [warning] IMU errors rot=0.070 +- 0.058 deg, trans=0.023 +- 0.014 m, vel=0.067 +- 0.032 m/s
[2026-07-08 20:17:19.238] [odom] [warning] IMU better ratios rot=0.86, trans=0.03, vel=0.09
[2026-07-08 20:17:19.518] [glim] [info] playback speed: 2.496x
[2026-07-08 20:17:20.726] [odom] [warning] IMU bias estimation seems inaccurate.
[2026-07-08 20:17:20.726] [odom] [warning] Possibly T_lidar_imu is not accurate or LiDAR-IMU synchronization is not correct.
[2026-07-08 20:17:20.726] [odom] [warning] IMU bias validation results:
[2026-07-08 20:17:20.726] [odom] [warning] num_bias_validations=17984
[2026-07-08 20:17:20.726] [odom] [warning] bias_acc=[-0.351, -0.866, 0.157] m/s^2, bias_gyro=[-0.020, 0.001, 0.001] rad/s
[2026-07-08 20:17:20.726] [odom] [warning] acc_stat ax=0.416 +- 0.228 [min=-0.351, max=0.847], ay=-0.789 +- 0.270 [min=-1.107, max=0.015], az=0.031 +- 0.025 [min=0.008, max=0.157] m/s^2
[2026-07-08 20:17:20.726] [odom] [warning] gyro_stat wx=-0.019 +- 0.001 [min=-0.021, max=-0.017], wy=-0.000 +- 0.001 [min=-0.005, max=0.002], wz=0.001 +- 0.000 [min=0.000, max=0.002] rad/s
[2026-07-08 20:17:21.596] [odom] [warning] IMU prediction is not good.
[2026-07-08 20:17:21.596] [odom] [warning] Possibly T_lidar_imu is not accurate or IMU bias is not well estimated.
[2026-07-08 20:17:21.596] [odom] [warning] IMU validation results:
[2026-07-08 20:17:21.596] [odom] [warning] num_validations=17472
[2026-07-08 20:17:21.596] [odom] [warning] No-IMU errors rot=0.217 +- 0.255 deg, trans=0.020 +- 0.012 m, vel=0.028 +- 0.021 m/s
[2026-07-08 20:17:21.596] [odom] [warning] IMU errors rot=0.071 +- 0.058 deg, trans=0.023 +- 0.014 m, vel=0.067 +- 0.033 m/s
[2026-07-08 20:17:21.596] [odom] [warning] IMU better ratios rot=0.86, trans=0.03, vel=0.09
[2026-07-08 20:17:22.552] [odom] [warning] IMU bias estimation seems inaccurate.
[2026-07-08 20:17:22.552] [odom] [warning] Possibly T_lidar_imu is not accurate or LiDAR-IMU synchronization is not correct.
[2026-07-08 20:17:22.552] [odom] [warning] IMU bias validation results:
[2026-07-08 20:17:22.552] [odom] [warning] num_bias_validations=18048
[2026-07-08 20:17:22.552] [odom] [warning] bias_acc=[-0.381, -0.867, 0.163] m/s^2, bias_gyro=[-0.020, 0.001, 0.001] rad/s
[2026-07-08 20:17:22.552] [odom] [warning] acc_stat ax=0.413 +- 0.232 [min=-0.381, max=0.847], ay=-0.789 +- 0.269 [min=-1.107, max=0.015], az=0.031 +- 0.026 [min=0.008, max=0.163] m/s^2
[2026-07-08 20:17:22.552] [odom] [warning] gyro_stat wx=-0.019 +- 0.001 [min=-0.021, max=-0.017], wy=-0.000 +- 0.001 [min=-0.005, max=0.002], wz=0.001 +- 0.000 [min=0.000, max=0.002] rad/s
[2026-07-08 20:17:23.894] [odom] [warning] IMU prediction is not good.
[2026-07-08 20:17:23.894] [odom] [warning] Possibly T_lidar_imu is not accurate or IMU bias is not well estimated.
[2026-07-08 20:17:23.894] [odom] [warning] IMU validation results:
[2026-07-08 20:17:23.894] [odom] [warning] num_validations=17536
[2026-07-08 20:17:23.894] [odom] [warning] No-IMU errors rot=0.216 +- 0.254 deg, trans=0.020 +- 0.012 m, vel=0.028 +- 0.021 m/s
[2026-07-08 20:17:23.894] [odom] [warning] IMU errors rot=0.071 +- 0.058 deg, trans=0.023 +- 0.014 m, vel=0.067 +- 0.033 m/s
[2026-07-08 20:17:23.894] [odom] [warning] IMU better ratios rot=0.86, trans=0.03, vel=0.09
[2026-07-08 20:17:24.546] [glim] [info] playback speed: 3.067x
[2026-07-08 20:17:24.709] [odom] [warning] IMU bias estimation seems inaccurate.
[2026-07-08 20:17:24.709] [odom] [warning] Possibly T_lidar_imu is not accurate or LiDAR-IMU synchronization is not correct.
[2026-07-08 20:17:24.709] [odom] [warning] IMU bias validation results:
[2026-07-08 20:17:24.709] [odom] [warning] num_bias_validations=18112
[2026-07-08 20:17:24.709] [odom] [warning] bias_acc=[-0.409, -0.867, 0.169] m/s^2, bias_gyro=[-0.019, 0.001, 0.001] rad/s
[2026-07-08 20:17:24.709] [odom] [warning] acc_stat ax=0.410 +- 0.237 [min=-0.409, max=0.847], ay=-0.789 +- 0.269 [min=-1.107, max=0.015], az=0.032 +- 0.027 [min=0.008, max=0.169] m/s^2
[2026-07-08 20:17:24.709] [odom] [warning] gyro_stat wx=-0.019 +- 0.001 [min=-0.021, max=-0.017], wy=-0.000 +- 0.001 [min=-0.005, max=0.002], wz=0.001 +- 0.000 [min=0.000, max=0.002] rad/s
[2026-07-08 20:17:25.827] [odom] [warning] IMU prediction is not good.
[2026-07-08 20:17:25.827] [odom] [warning] Possibly T_lidar_imu is not accurate or IMU bias is not well estimated.
[2026-07-08 20:17:25.827] [odom] [warning] IMU validation results:
[2026-07-08 20:17:25.827] [odom] [warning] num_validations=17600
[2026-07-08 20:17:25.827] [odom] [warning] No-IMU errors rot=0.217 +- 0.254 deg, trans=0.020 +- 0.012 m, vel=0.028 +- 0.021 m/s
[2026-07-08 20:17:25.827] [odom] [warning] IMU errors rot=0.071 +- 0.058 deg, trans=0.023 +- 0.014 m, vel=0.067 +- 0.033 m/s
[2026-07-08 20:17:25.827] [odom] [warning] IMU better ratios rot=0.86, trans=0.03, vel=0.09
[2026-07-08 20:17:27.114] [odom] [warning] IMU bias estimation seems inaccurate.
[2026-07-08 20:17:27.114] [odom] [warning] Possibly T_lidar_imu is not accurate or LiDAR-IMU synchronization is not correct.
[2026-07-08 20:17:27.114] [odom] [warning] IMU bias validation results:
[2026-07-08 20:17:27.114] [odom] [warning] num_bias_validations=18176
[2026-07-08 20:17:27.114] [odom] [warning] bias_acc=[-0.438, -0.866, 0.176] m/s^2, bias_gyro=[-0.020, 0.001, 0.001] rad/s
[2026-07-08 20:17:27.114] [odom] [warning] acc_stat ax=0.407 +- 0.242 [min=-0.438, max=0.847], ay=-0.790 +- 0.268 [min=-1.107, max=0.015], az=0.032 +- 0.028 [min=0.008, max=0.176] m/s^2
[2026-07-08 20:17:27.114] [odom] [warning] gyro_stat wx=-0.019 +- 0.001 [min=-0.021, max=-0.017], wy=-0.000 +- 0.001 [min=-0.005, max=0.002], wz=0.001 +- 0.000 [min=0.000, max=0.002] rad/s
[2026-07-08 20:17:28.714] [odom] [warning] IMU prediction is not good.
[2026-07-08 20:17:28.714] [odom] [warning] Possibly T_lidar_imu is not accurate or IMU bias is not well estimated.
[2026-07-08 20:17:28.714] [odom] [warning] IMU validation results:
[2026-07-08 20:17:28.714] [odom] [warning] num_validations=17664
[2026-07-08 20:17:28.714] [odom] [warning] No-IMU errors rot=0.221 +- 0.268 deg, trans=0.020 +- 0.012 m, vel=0.028 +- 0.022 m/s
[2026-07-08 20:17:28.714] [odom] [warning] IMU errors rot=0.071 +- 0.059 deg, trans=0.023 +- 0.014 m, vel=0.068 +- 0.033 m/s
[2026-07-08 20:17:28.714] [odom] [warning] IMU better ratios rot=0.86, trans=0.03, vel=0.09
[2026-07-08 20:17:29.549] [glim] [info] playback speed: 2.555x
[2026-07-08 20:17:29.568] [odom] [warning] IMU bias estimation seems inaccurate.
[2026-07-08 20:17:29.568] [odom] [warning] Possibly T_lidar_imu is not accurate or LiDAR-IMU synchronization is not correct.
[2026-07-08 20:17:29.568] [odom] [warning] IMU bias validation results:
[2026-07-08 20:17:29.568] [odom] [warning] num_bias_validations=18240
[2026-07-08 20:17:29.568] [odom] [warning] bias_acc=[-0.441, -0.840, 0.180] m/s^2, bias_gyro=[-0.019, -0.004, 0.001] rad/s
[2026-07-08 20:17:29.568] [odom] [warning] acc_stat ax=0.404 +- 0.247 [min=-0.441, max=0.847], ay=-0.790 +- 0.268 [min=-1.107, max=0.015], az=0.033 +- 0.030 [min=0.008, max=0.180] m/s^2
[2026-07-08 20:17:29.568] [odom] [warning] gyro_stat wx=-0.019 +- 0.001 [min=-0.021, max=-0.017], wy=-0.000 +- 0.001 [min=-0.005, max=0.002], wz=0.001 +- 0.000 [min=0.000, max=0.002] rad/s
[2026-07-08 20:17:30.170] [odom] [warning] IMU prediction is not good.
[2026-07-08 20:17:30.170] [odom] [warning] Possibly T_lidar_imu is not accurate or IMU bias is not well estimated.
[2026-07-08 20:17:30.170] [odom] [warning] IMU validation results:
[2026-07-08 20:17:30.170] [odom] [warning] num_validations=17728
[2026-07-08 20:17:30.170] [odom] [warning] No-IMU errors rot=0.222 +- 0.274 deg, trans=0.020 +- 0.012 m, vel=0.028 +- 0.022 m/s
[2026-07-08 20:17:30.170] [odom] [warning] IMU errors rot=0.072 +- 0.060 deg, trans=0.023 +- 0.015 m, vel=0.068 +- 0.034 m/s
[2026-07-08 20:17:30.170] [odom] [warning] IMU better ratios rot=0.86, trans=0.03, vel=0.09
[2026-07-08 20:17:31.663] [odom] [warning] IMU bias estimation seems inaccurate.
[2026-07-08 20:17:31.663] [odom] [warning] Possibly T_lidar_imu is not accurate or LiDAR-IMU synchronization is not correct.
[2026-07-08 20:17:31.663] [odom] [warning] IMU bias validation results:
[2026-07-08 20:17:31.663] [odom] [warning] num_bias_validations=18304
[2026-07-08 20:17:31.663] [odom] [warning] bias_acc=[-0.411, -0.803, 0.179] m/s^2, bias_gyro=[-0.019, -0.003, 0.001] rad/s
[2026-07-08 20:17:31.663] [odom] [warning] acc_stat ax=0.401 +- 0.251 [min=-0.441, max=0.847], ay=-0.790 +- 0.268 [min=-1.107, max=0.015], az=0.033 +- 0.031 [min=0.008, max=0.180] m/s^2
[2026-07-08 20:17:31.663] [odom] [warning] gyro_stat wx=-0.019 +- 0.001 [min=-0.021, max=-0.017], wy=-0.000 +- 0.001 [min=-0.005, max=0.002], wz=0.001 +- 0.000 [min=0.000, max=0.002] rad/s
[2026-07-08 20:17:32.502] [odom] [warning] IMU prediction is not good.
[2026-07-08 20:17:32.502] [odom] [warning] Possibly T_lidar_imu is not accurate or IMU bias is not well estimated.
[2026-07-08 20:17:32.502] [odom] [warning] IMU validation results:
[2026-07-08 20:17:32.502] [odom] [warning] num_validations=17792
[2026-07-08 20:17:32.502] [odom] [warning] No-IMU errors rot=0.221 +- 0.273 deg, trans=0.020 +- 0.013 m, vel=0.028 +- 0.022 m/s
[2026-07-08 20:17:32.502] [odom] [warning] IMU errors rot=0.072 +- 0.060 deg, trans=0.023 +- 0.015 m, vel=0.068 +- 0.034 m/s
[2026-07-08 20:17:32.502] [odom] [warning] IMU better ratios rot=0.86, trans=0.03, vel=0.09
[2026-07-08 20:17:33.582] [odom] [warning] IMU bias estimation seems inaccurate.
[2026-07-08 20:17:33.582] [odom] [warning] Possibly T_lidar_imu is not accurate or LiDAR-IMU synchronization is not correct.
[2026-07-08 20:17:33.582] [odom] [warning] IMU bias validation results:
[2026-07-08 20:17:33.582] [odom] [warning] num_bias_validations=18368
[2026-07-08 20:17:33.582] [odom] [warning] bias_acc=[-0.386, -0.769, 0.177] m/s^2, bias_gyro=[-0.020, -0.002, 0.001] rad/s
[2026-07-08 20:17:33.582] [odom] [warning] acc_stat ax=0.398 +- 0.255 [min=-0.441, max=0.847], ay=-0.790 +- 0.267 [min=-1.107, max=0.015], az=0.034 +- 0.032 [min=0.008, max=0.180] m/s^2
[2026-07-08 20:17:33.582] [odom] [warning] gyro_stat wx=-0.019 +- 0.001 [min=-0.021, max=-0.017], wy=-0.000 +- 0.001 [min=-0.005, max=0.002], wz=0.001 +- 0.000 [min=0.000, max=0.002] rad/s
[2026-07-08 20:17:34.579] [glim] [info] playback speed: 3.126x
[2026-07-08 20:17:34.945] [odom] [warning] IMU prediction is not good.
[2026-07-08 20:17:34.945] [odom] [warning] Possibly T_lidar_imu is not accurate or IMU bias is not well estimated.
[2026-07-08 20:17:34.945] [odom] [warning] IMU validation results:
[2026-07-08 20:17:34.945] [odom] [warning] num_validations=17856
[2026-07-08 20:17:34.945] [odom] [warning] No-IMU errors rot=0.221 +- 0.273 deg, trans=0.020 +- 0.013 m, vel=0.028 +- 0.022 m/s
[2026-07-08 20:17:34.945] [odom] [warning] IMU errors rot=0.072 +- 0.060 deg, trans=0.023 +- 0.015 m, vel=0.069 +- 0.035 m/s
[2026-07-08 20:17:34.945] [odom] [warning] IMU better ratios rot=0.86, trans=0.03, vel=0.09
[2026-07-08 20:17:35.565] [odom] [warning] IMU bias estimation seems inaccurate.
[2026-07-08 20:17:35.565] [odom] [warning] Possibly T_lidar_imu is not accurate or LiDAR-IMU synchronization is not correct.
[2026-07-08 20:17:35.565] [odom] [warning] IMU bias validation results:
[2026-07-08 20:17:35.565] [odom] [warning] num_bias_validations=18432
[2026-07-08 20:17:35.565] [odom] [warning] bias_acc=[-0.362, -0.740, 0.175] m/s^2, bias_gyro=[-0.020, -0.002, 0.001] rad/s
[2026-07-08 20:17:35.565] [odom] [warning] acc_stat ax=0.396 +- 0.258 [min=-0.441, max=0.847], ay=-0.790 +- 0.267 [min=-1.107, max=0.015], az=0.034 +- 0.033 [min=0.008, max=0.180] m/s^2
[2026-07-08 20:17:35.565] [odom] [warning] gyro_stat wx=-0.019 +- 0.001 [min=-0.021, max=-0.017], wy=-0.000 +- 0.001 [min=-0.005, max=0.002], wz=0.001 +- 0.000 [min=0.000, max=0.002] rad/s
[2026-07-08 20:17:37.350] [odom] [warning] IMU prediction is not good.
[2026-07-08 20:17:37.350] [odom] [warning] Possibly T_lidar_imu is not accurate or IMU bias is not well estimated.
[2026-07-08 20:17:37.350] [odom] [warning] IMU validation results:
[2026-07-08 20:17:37.350] [odom] [warning] num_validations=17920
[2026-07-08 20:17:37.351] [odom] [warning] No-IMU errors rot=0.221 +- 0.272 deg, trans=0.020 +- 0.013 m, vel=0.028 +- 0.021 m/s
[2026-07-08 20:17:37.351] [odom] [warning] IMU errors rot=0.072 +- 0.060 deg, trans=0.024 +- 0.015 m, vel=0.069 +- 0.035 m/s
[2026-07-08 20:17:37.351] [odom] [warning] IMU better ratios rot=0.86, trans=0.03, vel=0.09
[2026-07-08 20:17:38.863] [odom] [warning] IMU bias estimation seems inaccurate.
[2026-07-08 20:17:38.863] [odom] [warning] Possibly T_lidar_imu is not accurate or LiDAR-IMU synchronization is not correct.
[2026-07-08 20:17:38.863] [odom] [warning] IMU bias validation results:
[2026-07-08 20:17:38.863] [odom] [warning] num_bias_validations=18496
[2026-07-08 20:17:38.863] [odom] [warning] bias_acc=[-0.338, -0.712, 0.173] m/s^2, bias_gyro=[-0.020, -0.002, 0.001] rad/s
[2026-07-08 20:17:38.863] [odom] [warning] acc_stat ax=0.393 +- 0.261 [min=-0.441, max=0.847], ay=-0.789 +- 0.266 [min=-1.107, max=0.015], az=0.035 +- 0.034 [min=0.008, max=0.180] m/s^2
[2026-07-08 20:17:38.863] [odom] [warning] gyro_stat wx=-0.019 +- 0.001 [min=-0.021, max=-0.017], wy=-0.000 +- 0.001 [min=-0.005, max=0.002], wz=0.001 +- 0.000 [min=0.000, max=0.002] rad/s
[2026-07-08 20:17:39.636] [glim] [info] playback speed: 2.488x
[2026-07-08 20:17:39.843] [odom] [warning] IMU prediction is not good.
[2026-07-08 20:17:39.843] [odom] [warning] Possibly T_lidar_imu is not accurate or IMU bias is not well estimated.
[2026-07-08 20:17:39.843] [odom] [warning] IMU validation results:
[2026-07-08 20:17:39.843] [odom] [warning] num_validations=17984
[2026-07-08 20:17:39.843] [odom] [warning] No-IMU errors rot=0.221 +- 0.272 deg, trans=0.021 +- 0.013 m, vel=0.028 +- 0.021 m/s
[2026-07-08 20:17:39.843] [odom] [warning] IMU errors rot=0.072 +- 0.060 deg, trans=0.024 +- 0.015 m, vel=0.069 +- 0.035 m/s
[2026-07-08 20:17:39.843] [odom] [warning] IMU better ratios rot=0.86, trans=0.03, vel=0.09
[2026-07-08 20:17:40.585] [odom] [warning] IMU bias estimation seems inaccurate.
[2026-07-08 20:17:40.585] [odom] [warning] Possibly T_lidar_imu is not accurate or LiDAR-IMU synchronization is not correct.
[2026-07-08 20:17:40.585] [odom] [warning] IMU bias validation results:
[2026-07-08 20:17:40.585] [odom] [warning] num_bias_validations=18560
[2026-07-08 20:17:40.585] [odom] [warning] bias_acc=[-0.312, -0.682, 0.170] m/s^2, bias_gyro=[-0.019, -0.002, 0.001] rad/s
[2026-07-08 20:17:40.585] [odom] [warning] acc_stat ax=0.391 +- 0.264 [min=-0.441, max=0.847], ay=-0.789 +- 0.266 [min=-1.107, max=0.015], az=0.035 +- 0.035 [min=0.008, max=0.180] m/s^2
[2026-07-08 20:17:40.585] [odom] [warning] gyro_stat wx=-0.019 +- 0.001 [min=-0.021, max=-0.017], wy=-0.000 +- 0.001 [min=-0.005, max=0.002], wz=0.001 +- 0.000 [min=0.000, max=0.002] rad/s
[2026-07-08 20:17:41.697] [odom] [warning] IMU prediction is not good.
[2026-07-08 20:17:41.697] [odom] [warning] Possibly T_lidar_imu is not accurate or IMU bias is not well estimated.
[2026-07-08 20:17:41.697] [odom] [warning] IMU validation results:
[2026-07-08 20:17:41.697] [odom] [warning] num_validations=18048
[2026-07-08 20:17:41.697] [odom] [warning] No-IMU errors rot=0.220 +- 0.272 deg, trans=0.021 +- 0.013 m, vel=0.028 +- 0.021 m/s
[2026-07-08 20:17:41.697] [odom] [warning] IMU errors rot=0.072 +- 0.060 deg, trans=0.024 +- 0.015 m, vel=0.070 +- 0.036 m/s
[2026-07-08 20:17:41.697] [odom] [warning] IMU better ratios rot=0.86, trans=0.03, vel=0.09
[2026-07-08 20:17:41.994] [odom] [warning] IMU bias estimation seems inaccurate.
[2026-07-08 20:17:41.994] [odom] [warning] Possibly T_lidar_imu is not accurate or LiDAR-IMU synchronization is not correct.
[2026-07-08 20:17:41.994] [odom] [warning] IMU bias validation results:
[2026-07-08 20:17:41.994] [odom] [warning] num_bias_validations=18624
[2026-07-08 20:17:41.994] [odom] [warning] bias_acc=[-0.286, -0.649, 0.169] m/s^2, bias_gyro=[-0.019, -0.001, 0.001] rad/s
[2026-07-08 20:17:41.994] [odom] [warning] acc_stat ax=0.388 +- 0.266 [min=-0.441, max=0.847], ay=-0.789 +- 0.265 [min=-1.107, max=0.015], az=0.035 +- 0.036 [min=0.008, max=0.180] m/s^2
[2026-07-08 20:17:41.994] [odom] [warning] gyro_stat wx=-0.019 +- 0.001 [min=-0.021, max=-0.017], wy=-0.000 +- 0.001 [min=-0.005, max=0.002], wz=0.001 +- 0.000 [min=0.000, max=0.002] rad/s
[2026-07-08 20:17:43.286] [odom] [warning] IMU prediction is not good.
[2026-07-08 20:17:43.286] [odom] [warning] Possibly T_lidar_imu is not accurate or IMU bias is not well estimated.
[2026-07-08 20:17:43.286] [odom] [warning] IMU validation results:
[2026-07-08 20:17:43.286] [odom] [warning] num_validations=18112
[2026-07-08 20:17:43.286] [odom] [warning] No-IMU errors rot=0.221 +- 0.272 deg, trans=0.021 +- 0.013 m, vel=0.028 +- 0.021 m/s
[2026-07-08 20:17:43.286] [odom] [warning] IMU errors rot=0.072 +- 0.060 deg, trans=0.024 +- 0.015 m, vel=0.070 +- 0.036 m/s
[2026-07-08 20:17:43.286] [odom] [warning] IMU better ratios rot=0.86, trans=0.03, vel=0.09
[2026-07-08 20:17:44.389] [odom] [warning] IMU bias estimation seems inaccurate.
[2026-07-08 20:17:44.389] [odom] [warning] Possibly T_lidar_imu is not accurate or LiDAR-IMU synchronization is not correct.
[2026-07-08 20:17:44.389] [odom] [warning] IMU bias validation results:
[2026-07-08 20:17:44.389] [odom] [warning] num_bias_validations=18688
[2026-07-08 20:17:44.389] [odom] [warning] bias_acc=[-0.269, -0.617, 0.168] m/s^2, bias_gyro=[-0.020, -0.000, 0.001] rad/s
[2026-07-08 20:17:44.389] [odom] [warning] acc_stat ax=0.386 +- 0.269 [min=-0.441, max=0.847], ay=-0.788 +- 0.265 [min=-1.107, max=0.015], az=0.036 +- 0.036 [min=0.008, max=0.180] m/s^2
[2026-07-08 20:17:44.389] [odom] [warning] gyro_stat wx=-0.019 +- 0.001 [min=-0.021, max=-0.017], wy=-0.000 +- 0.001 [min=-0.005, max=0.002], wz=0.001 +- 0.000 [min=0.000, max=0.002] rad/s
[2026-07-08 20:17:44.644] [glim] [info] playback speed: 3.687x
[2026-07-08 20:17:45.634] [odom] [warning] IMU prediction is not good.
[2026-07-08 20:17:45.635] [odom] [warning] Possibly T_lidar_imu is not accurate or IMU bias is not well estimated.
[2026-07-08 20:17:45.635] [odom] [warning] IMU validation results:
[2026-07-08 20:17:45.635] [odom] [warning] num_validations=18176
[2026-07-08 20:17:45.635] [odom] [warning] No-IMU errors rot=0.220 +- 0.271 deg, trans=0.021 +- 0.013 m, vel=0.028 +- 0.021 m/s
[2026-07-08 20:17:45.635] [odom] [warning] IMU errors rot=0.072 +- 0.060 deg, trans=0.024 +- 0.015 m, vel=0.070 +- 0.036 m/s
[2026-07-08 20:17:45.635] [odom] [warning] IMU better ratios rot=0.86, trans=0.03, vel=0.09
[2026-07-08 20:17:46.107] [odom] [warning] IMU bias estimation seems inaccurate.
[2026-07-08 20:17:46.107] [odom] [warning] Possibly T_lidar_imu is not accurate or LiDAR-IMU synchronization is not correct.
[2026-07-08 20:17:46.107] [odom] [warning] IMU bias validation results:
[2026-07-08 20:17:46.107] [odom] [warning] num_bias_validations=18752
[2026-07-08 20:17:46.107] [odom] [warning] bias_acc=[-0.252, -0.586, 0.168] m/s^2, bias_gyro=[-0.020, -0.000, 0.001] rad/s
[2026-07-08 20:17:46.107] [odom] [warning] acc_stat ax=0.384 +- 0.271 [min=-0.441, max=0.847], ay=-0.787 +- 0.265 [min=-1.107, max=0.015], az=0.036 +- 0.037 [min=0.008, max=0.180] m/s^2
[2026-07-08 20:17:46.107] [odom] [warning] gyro_stat wx=-0.019 +- 0.001 [min=-0.021, max=-0.017], wy=-0.000 +- 0.001 [min=-0.005, max=0.002], wz=0.001 +- 0.000 [min=0.000, max=0.002] rad/s
[2026-07-08 20:17:47.637] [odom] [warning] IMU prediction is not good.
[2026-07-08 20:17:47.637] [odom] [warning] Possibly T_lidar_imu is not accurate or IMU bias is not well estimated.
[2026-07-08 20:17:47.637] [odom] [warning] IMU validation results:
[2026-07-08 20:17:47.637] [odom] [warning] num_validations=18240
[2026-07-08 20:17:47.637] [odom] [warning] No-IMU errors rot=0.220 +- 0.271 deg, trans=0.021 +- 0.013 m, vel=0.028 +- 0.021 m/s
[2026-07-08 20:17:47.637] [odom] [warning] IMU errors rot=0.072 +- 0.060 deg, trans=0.024 +- 0.015 m, vel=0.071 +- 0.036 m/s
[2026-07-08 20:17:47.637] [odom] [warning] IMU better ratios rot=0.86, trans=0.03, vel=0.09
[2026-07-08 20:17:48.003] [odom] [warning] IMU bias estimation seems inaccurate.
[2026-07-08 20:17:48.003] [odom] [warning] Possibly T_lidar_imu is not accurate or LiDAR-IMU synchronization is not correct.
[2026-07-08 20:17:48.003] [odom] [warning] IMU bias validation results:
[2026-07-08 20:17:48.003] [odom] [warning] num_bias_validations=18816
[2026-07-08 20:17:48.003] [odom] [warning] bias_acc=[-0.238, -0.557, 0.167] m/s^2, bias_gyro=[-0.020, 0.000, 0.001] rad/s
[2026-07-08 20:17:48.003] [odom] [warning] acc_stat ax=0.382 +- 0.273 [min=-0.441, max=0.847], ay=-0.786 +- 0.265 [min=-1.107, max=0.015], az=0.037 +- 0.038 [min=0.008, max=0.180] m/s^2
[2026-07-08 20:17:48.003] [odom] [warning] gyro_stat wx=-0.019 +- 0.001 [min=-0.021, max=-0.017], wy=-0.000 +- 0.001 [min=-0.005, max=0.002], wz=0.001 +- 0.000 [min=0.000, max=0.002] rad/s
[2026-07-08 20:17:49.447] [odom] [warning] IMU prediction is not good.
[2026-07-08 20:17:49.447] [odom] [warning] Possibly T_lidar_imu is not accurate or IMU bias is not well estimated.
[2026-07-08 20:17:49.447] [odom] [warning] IMU validation results:
[2026-07-08 20:17:49.447] [odom] [warning] num_validations=18304
[2026-07-08 20:17:49.447] [odom] [warning] No-IMU errors rot=0.220 +- 0.271 deg, trans=0.021 +- 0.013 m, vel=0.028 +- 0.021 m/s
[2026-07-08 20:17:49.447] [odom] [warning] IMU errors rot=0.072 +- 0.060 deg, trans=0.024 +- 0.015 m, vel=0.071 +- 0.037 m/s
[2026-07-08 20:17:49.447] [odom] [warning] IMU better ratios rot=0.86, trans=0.03, vel=0.09
[2026-07-08 20:17:49.647] [glim] [info] playback speed: 3.265x
[2026-07-08 20:17:50.312] [odom] [warning] IMU bias estimation seems inaccurate.
[2026-07-08 20:17:50.312] [odom] [warning] Possibly T_lidar_imu is not accurate or LiDAR-IMU synchronization is not correct.
[2026-07-08 20:17:50.312] [odom] [warning] IMU bias validation results:
[2026-07-08 20:17:50.312] [odom] [warning] num_bias_validations=18880
[2026-07-08 20:17:50.312] [odom] [warning] bias_acc=[-0.219, -0.527, 0.166] m/s^2, bias_gyro=[-0.019, -0.000, 0.001] rad/s
[2026-07-08 20:17:50.312] [odom] [warning] acc_stat ax=0.380 +- 0.275 [min=-0.441, max=0.847], ay=-0.786 +- 0.265 [min=-1.107, max=0.015], az=0.037 +- 0.038 [min=0.008, max=0.180] m/s^2
[2026-07-08 20:17:50.312] [odom] [warning] gyro_stat wx=-0.019 +- 0.001 [min=-0.021, max=-0.017], wy=-0.000 +- 0.001 [min=-0.005, max=0.002], wz=0.001 +- 0.000 [min=0.000, max=0.002] rad/s
[2026-07-08 20:17:50.795] [odom] [warning] IMU prediction is not good.
[2026-07-08 20:17:50.795] [odom] [warning] Possibly T_lidar_imu is not accurate or IMU bias is not well estimated.
[2026-07-08 20:17:50.795] [odom] [warning] IMU validation results:
[2026-07-08 20:17:50.795] [odom] [warning] num_validations=18368
[2026-07-08 20:17:50.795] [odom] [warning] No-IMU errors rot=0.220 +- 0.270 deg, trans=0.021 +- 0.013 m, vel=0.028 +- 0.021 m/s
[2026-07-08 20:17:50.795] [odom] [warning] IMU errors rot=0.072 +- 0.060 deg, trans=0.024 +- 0.015 m, vel=0.071 +- 0.037 m/s
[2026-07-08 20:17:50.795] [odom] [warning] IMU better ratios rot=0.86, trans=0.03, vel=0.09
[2026-07-08 20:17:53.446] [odom] [warning] IMU prediction is not good.
[2026-07-08 20:17:53.446] [odom] [warning] Possibly T_lidar_imu is not accurate or IMU bias is not well estimated.
[2026-07-08 20:17:53.446] [odom] [warning] IMU validation results:
[2026-07-08 20:17:53.446] [odom] [warning] num_validations=18432
[2026-07-08 20:17:53.446] [odom] [warning] No-IMU errors rot=0.219 +- 0.270 deg, trans=0.021 +- 0.013 m, vel=0.028 +- 0.021 m/s
[2026-07-08 20:17:53.446] [odom] [warning] IMU errors rot=0.072 +- 0.060 deg, trans=0.024 +- 0.015 m, vel=0.071 +- 0.037 m/s
[2026-07-08 20:17:53.446] [odom] [warning] IMU better ratios rot=0.86, trans=0.03, vel=0.08
[2026-07-08 20:17:54.666] [glim] [info] playback speed: 3.598x
[2026-07-08 20:17:55.098] [odom] [warning] IMU prediction is not good.
[2026-07-08 20:17:55.098] [odom] [warning] Possibly T_lidar_imu is not accurate or IMU bias is not well estimated.
[2026-07-08 20:17:55.098] [odom] [warning] IMU validation results:
[2026-07-08 20:17:55.098] [odom] [warning] num_validations=18496
[2026-07-08 20:17:55.098] [odom] [warning] No-IMU errors rot=0.219 +- 0.270 deg, trans=0.021 +- 0.013 m, vel=0.028 +- 0.021 m/s
[2026-07-08 20:17:55.098] [odom] [warning] IMU errors rot=0.071 +- 0.059 deg, trans=0.024 +- 0.015 m, vel=0.071 +- 0.037 m/s
[2026-07-08 20:17:55.098] [odom] [warning] IMU better ratios rot=0.86, trans=0.03, vel=0.08
[2026-07-08 20:17:56.464] [odom] [warning] IMU prediction is not good.
[2026-07-08 20:17:56.464] [odom] [warning] Possibly T_lidar_imu is not accurate or IMU bias is not well estimated.
[2026-07-08 20:17:56.464] [odom] [warning] IMU validation results:
[2026-07-08 20:17:56.464] [odom] [warning] num_validations=18560
[2026-07-08 20:17:56.464] [odom] [warning] No-IMU errors rot=0.218 +- 0.269 deg, trans=0.021 +- 0.013 m, vel=0.028 +- 0.021 m/s
[2026-07-08 20:17:56.464] [odom] [warning] IMU errors rot=0.071 +- 0.059 deg, trans=0.024 +- 0.015 m, vel=0.072 +- 0.037 m/s
[2026-07-08 20:17:56.464] [odom] [warning] IMU better ratios rot=0.86, trans=0.03, vel=0.08
[2026-07-08 20:17:58.486] [odom] [warning] IMU prediction is not good.
[2026-07-08 20:17:58.486] [odom] [warning] Possibly T_lidar_imu is not accurate or IMU bias is not well estimated.
[2026-07-08 20:17:58.486] [odom] [warning] IMU validation results:
[2026-07-08 20:17:58.486] [odom] [warning] num_validations=18624
[2026-07-08 20:17:58.486] [odom] [warning] No-IMU errors rot=0.218 +- 0.269 deg, trans=0.021 +- 0.013 m, vel=0.028 +- 0.021 m/s
[2026-07-08 20:17:58.486] [odom] [warning] IMU errors rot=0.071 +- 0.059 deg, trans=0.024 +- 0.015 m, vel=0.072 +- 0.037 m/s
[2026-07-08 20:17:58.486] [odom] [warning] IMU better ratios rot=0.86, trans=0.03, vel=0.08
[2026-07-08 20:17:59.695] [glim] [info] playback speed: 3.611x
[2026-07-08 20:18:00.894] [odom] [warning] IMU prediction is not good.
[2026-07-08 20:18:00.894] [odom] [warning] Possibly T_lidar_imu is not accurate or IMU bias is not well estimated.
[2026-07-08 20:18:00.894] [odom] [warning] IMU validation results:
[2026-07-08 20:18:00.894] [odom] [warning] num_validations=18688
[2026-07-08 20:18:00.894] [odom] [warning] No-IMU errors rot=0.218 +- 0.269 deg, trans=0.021 +- 0.013 m, vel=0.028 +- 0.021 m/s
[2026-07-08 20:18:00.894] [odom] [warning] IMU errors rot=0.071 +- 0.059 deg, trans=0.024 +- 0.015 m, vel=0.072 +- 0.037 m/s
[2026-07-08 20:18:00.894] [odom] [warning] IMU better ratios rot=0.86, trans=0.03, vel=0.08
[2026-07-08 20:18:02.250] [odom] [warning] IMU prediction is not good.
[2026-07-08 20:18:02.250] [odom] [warning] Possibly T_lidar_imu is not accurate or IMU bias is not well estimated.
[2026-07-08 20:18:02.250] [odom] [warning] IMU validation results:
[2026-07-08 20:18:02.250] [odom] [warning] num_validations=18752
[2026-07-08 20:18:02.250] [odom] [warning] No-IMU errors rot=0.218 +- 0.269 deg, trans=0.021 +- 0.013 m, vel=0.028 +- 0.021 m/s
[2026-07-08 20:18:02.250] [odom] [warning] IMU errors rot=0.071 +- 0.059 deg, trans=0.024 +- 0.015 m, vel=0.072 +- 0.037 m/s
[2026-07-08 20:18:02.250] [odom] [warning] IMU better ratios rot=0.86, trans=0.03, vel=0.08
[2026-07-08 20:18:03.823] [odom] [warning] IMU prediction is not good.
[2026-07-08 20:18:03.823] [odom] [warning] Possibly T_lidar_imu is not accurate or IMU bias is not well estimated.
[2026-07-08 20:18:03.823] [odom] [warning] IMU validation results:
[2026-07-08 20:18:03.823] [odom] [warning] num_validations=18816
[2026-07-08 20:18:03.823] [odom] [warning] No-IMU errors rot=0.218 +- 0.269 deg, trans=0.021 +- 0.013 m, vel=0.028 +- 0.021 m/s
[2026-07-08 20:18:03.823] [odom] [warning] IMU errors rot=0.071 +- 0.059 deg, trans=0.024 +- 0.015 m, vel=0.072 +- 0.037 m/s
[2026-07-08 20:18:03.823] [odom] [warning] IMU better ratios rot=0.86, trans=0.03, vel=0.08
[2026-07-08 20:18:04.731] [glim] [info] playback speed: 3.525x
[2026-07-08 20:18:06.929] [odom] [warning] IMU prediction is not good.
[2026-07-08 20:18:06.929] [odom] [warning] Possibly T_lidar_imu is not accurate or IMU bias is not well estimated.
[2026-07-08 20:18:06.929] [odom] [warning] IMU validation results:
[2026-07-08 20:18:06.929] [odom] [warning] num_validations=18880
[2026-07-08 20:18:06.929] [odom] [warning] No-IMU errors rot=0.218 +- 0.268 deg, trans=0.021 +- 0.013 m, vel=0.028 +- 0.021 m/s
[2026-07-08 20:18:06.929] [odom] [warning] IMU errors rot=0.071 +- 0.059 deg, trans=0.024 +- 0.015 m, vel=0.072 +- 0.037 m/s
[2026-07-08 20:18:06.929] [odom] [warning] IMU better ratios rot=0.86, trans=0.03, vel=0.08
[2026-07-08 20:18:08.169] [odom] [warning] IMU prediction is not good.
[2026-07-08 20:18:08.169] [odom] [warning] Possibly T_lidar_imu is not accurate or IMU bias is not well estimated.
[2026-07-08 20:18:08.169] [odom] [warning] IMU validation results:
[2026-07-08 20:18:08.169] [odom] [warning] num_validations=18944
[2026-07-08 20:18:08.169] [odom] [warning] No-IMU errors rot=0.218 +- 0.268 deg, trans=0.021 +- 0.013 m, vel=0.028 +- 0.021 m/s
[2026-07-08 20:18:08.169] [odom] [warning] IMU errors rot=0.071 +- 0.059 deg, trans=0.024 +- 0.015 m, vel=0.072 +- 0.037 m/s
[2026-07-08 20:18:08.169] [odom] [warning] IMU better ratios rot=0.85, trans=0.03, vel=0.08
[2026-07-08 20:18:09.766] [glim] [info] playback speed: 2.800x
[2026-07-08 20:18:10.169] [odom] [warning] IMU prediction is not good.
[2026-07-08 20:18:10.169] [odom] [warning] Possibly T_lidar_imu is not accurate or IMU bias is not well estimated.
[2026-07-08 20:18:10.170] [odom] [warning] IMU validation results:
[2026-07-08 20:18:10.170] [odom] [warning] num_validations=19008
[2026-07-08 20:18:10.170] [odom] [warning] No-IMU errors rot=0.217 +- 0.268 deg, trans=0.021 +- 0.013 m, vel=0.028 +- 0.021 m/s
[2026-07-08 20:18:10.170] [odom] [warning] IMU errors rot=0.071 +- 0.059 deg, trans=0.024 +- 0.015 m, vel=0.073 +- 0.037 m/s
[2026-07-08 20:18:10.170] [odom] [warning] IMU better ratios rot=0.85, trans=0.03, vel=0.08
[2026-07-08 20:18:12.504] [odom] [warning] IMU prediction is not good.
[2026-07-08 20:18:12.504] [odom] [warning] Possibly T_lidar_imu is not accurate or IMU bias is not well estimated.
[2026-07-08 20:18:12.504] [odom] [warning] IMU validation results:
[2026-07-08 20:18:12.504] [odom] [warning] num_validations=19072
[2026-07-08 20:18:12.504] [odom] [warning] No-IMU errors rot=0.217 +- 0.267 deg, trans=0.021 +- 0.013 m, vel=0.028 +- 0.021 m/s
[2026-07-08 20:18:12.504] [odom] [warning] IMU errors rot=0.071 +- 0.059 deg, trans=0.024 +- 0.015 m, vel=0.073 +- 0.037 m/s
[2026-07-08 20:18:12.504] [odom] [warning] IMU better ratios rot=0.85, trans=0.03, vel=0.08
[2026-07-08 20:18:14.579] [odom] [warning] IMU prediction is not good.
[2026-07-08 20:18:14.579] [odom] [warning] Possibly T_lidar_imu is not accurate or IMU bias is not well estimated.
[2026-07-08 20:18:14.579] [odom] [warning] IMU validation results:
[2026-07-08 20:18:14.579] [odom] [warning] num_validations=19136
[2026-07-08 20:18:14.579] [odom] [warning] No-IMU errors rot=0.217 +- 0.267 deg, trans=0.021 +- 0.013 m, vel=0.028 +- 0.021 m/s
[2026-07-08 20:18:14.579] [odom] [warning] IMU errors rot=0.071 +- 0.059 deg, trans=0.024 +- 0.015 m, vel=0.073 +- 0.037 m/s
[2026-07-08 20:18:14.579] [odom] [warning] IMU better ratios rot=0.85, trans=0.03, vel=0.08
[2026-07-08 20:18:14.792] [glim] [info] playback speed: 3.270x
[2026-07-08 20:18:16.555] [odom] [warning] IMU prediction is not good.
[2026-07-08 20:18:16.555] [odom] [warning] Possibly T_lidar_imu is not accurate or IMU bias is not well estimated.
[2026-07-08 20:18:16.555] [odom] [warning] IMU validation results:
[2026-07-08 20:18:16.555] [odom] [warning] num_validations=19200
[2026-07-08 20:18:16.555] [odom] [warning] No-IMU errors rot=0.217 +- 0.267 deg, trans=0.021 +- 0.013 m, vel=0.028 +- 0.021 m/s
[2026-07-08 20:18:16.555] [odom] [warning] IMU errors rot=0.071 +- 0.059 deg, trans=0.024 +- 0.015 m, vel=0.073 +- 0.037 m/s
[2026-07-08 20:18:16.555] [odom] [warning] IMU better ratios rot=0.85, trans=0.03, vel=0.08
[2026-07-08 20:18:19.187] [odom] [warning] IMU prediction is not good.
[2026-07-08 20:18:19.187] [odom] [warning] Possibly T_lidar_imu is not accurate or IMU bias is not well estimated.
[2026-07-08 20:18:19.187] [odom] [warning] IMU validation results:
[2026-07-08 20:18:19.187] [odom] [warning] num_validations=19264
[2026-07-08 20:18:19.187] [odom] [warning] No-IMU errors rot=0.217 +- 0.267 deg, trans=0.021 +- 0.013 m, vel=0.028 +- 0.021 m/s
[2026-07-08 20:18:19.187] [odom] [warning] IMU errors rot=0.071 +- 0.059 deg, trans=0.024 +- 0.015 m, vel=0.073 +- 0.037 m/s
[2026-07-08 20:18:19.187] [odom] [warning] IMU better ratios rot=0.85, trans=0.03, vel=0.08
[2026-07-08 20:18:19.815] [glim] [info] playback speed: 2.929x
[2026-07-08 20:18:21.480] [odom] [warning] IMU prediction is not good.
[2026-07-08 20:18:21.480] [odom] [warning] Possibly T_lidar_imu is not accurate or IMU bias is not well estimated.
[2026-07-08 20:18:21.480] [odom] [warning] IMU validation results:
[2026-07-08 20:18:21.480] [odom] [warning] num_validations=19328
[2026-07-08 20:18:21.480] [odom] [warning] No-IMU errors rot=0.217 +- 0.267 deg, trans=0.021 +- 0.013 m, vel=0.028 +- 0.021 m/s
[2026-07-08 20:18:21.480] [odom] [warning] IMU errors rot=0.072 +- 0.059 deg, trans=0.025 +- 0.015 m, vel=0.073 +- 0.038 m/s
[2026-07-08 20:18:21.480] [odom] [warning] IMU better ratios rot=0.85, trans=0.03, vel=0.08
[2026-07-08 20:18:23.665] [odom] [warning] IMU prediction is not good.
[2026-07-08 20:18:23.665] [odom] [warning] Possibly T_lidar_imu is not accurate or IMU bias is not well estimated.
[2026-07-08 20:18:23.665] [odom] [warning] IMU validation results:
[2026-07-08 20:18:23.665] [odom] [warning] num_validations=19392
[2026-07-08 20:18:23.665] [odom] [warning] No-IMU errors rot=0.219 +- 0.273 deg, trans=0.021 +- 0.013 m, vel=0.029 +- 0.021 m/s
[2026-07-08 20:18:23.665] [odom] [warning] IMU errors rot=0.072 +- 0.060 deg, trans=0.025 +- 0.015 m, vel=0.074 +- 0.038 m/s
[2026-07-08 20:18:23.665] [odom] [warning] IMU better ratios rot=0.85, trans=0.03, vel=0.08
[2026-07-08 20:18:24.867] [glim] [info] playback speed: 2.590x
[2026-07-08 20:18:26.125] [odom] [warning] IMU prediction is not good.
[2026-07-08 20:18:26.126] [odom] [warning] Possibly T_lidar_imu is not accurate or IMU bias is not well estimated.
[2026-07-08 20:18:26.126] [odom] [warning] IMU validation results:
[2026-07-08 20:18:26.126] [odom] [warning] num_validations=19456
[2026-07-08 20:18:26.126] [odom] [warning] No-IMU errors rot=0.222 +- 0.281 deg, trans=0.021 +- 0.013 m, vel=0.029 +- 0.021 m/s
[2026-07-08 20:18:26.126] [odom] [warning] IMU errors rot=0.072 +- 0.060 deg, trans=0.025 +- 0.015 m, vel=0.074 +- 0.039 m/s
[2026-07-08 20:18:26.126] [odom] [warning] IMU better ratios rot=0.85, trans=0.03, vel=0.08
[2026-07-08 20:18:28.227] [odom] [warning] IMU prediction is not good.
[2026-07-08 20:18:28.227] [odom] [warning] Possibly T_lidar_imu is not accurate or IMU bias is not well estimated.
[2026-07-08 20:18:28.227] [odom] [warning] IMU validation results:
[2026-07-08 20:18:28.227] [odom] [warning] num_validations=19520
[2026-07-08 20:18:28.227] [odom] [warning] No-IMU errors rot=0.221 +- 0.280 deg, trans=0.021 +- 0.013 m, vel=0.029 +- 0.021 m/s
[2026-07-08 20:18:28.227] [odom] [warning] IMU errors rot=0.072 +- 0.060 deg, trans=0.025 +- 0.015 m, vel=0.075 +- 0.040 m/s
[2026-07-08 20:18:28.227] [odom] [warning] IMU better ratios rot=0.85, trans=0.03, vel=0.08
[2026-07-08 20:18:29.903] [glim] [info] playback speed: 2.820x
[2026-07-08 20:18:30.798] [odom] [warning] IMU prediction is not good.
[2026-07-08 20:18:30.798] [odom] [warning] Possibly T_lidar_imu is not accurate or IMU bias is not well estimated.
[2026-07-08 20:18:30.798] [odom] [warning] IMU validation results:
[2026-07-08 20:18:30.798] [odom] [warning] num_validations=19584
[2026-07-08 20:18:30.798] [odom] [warning] No-IMU errors rot=0.221 +- 0.280 deg, trans=0.022 +- 0.013 m, vel=0.029 +- 0.021 m/s
[2026-07-08 20:18:30.798] [odom] [warning] IMU errors rot=0.072 +- 0.060 deg, trans=0.025 +- 0.016 m, vel=0.075 +- 0.041 m/s
[2026-07-08 20:18:30.798] [odom] [warning] IMU better ratios rot=0.85, trans=0.03, vel=0.08
[2026-07-08 20:18:33.391] [odom] [warning] IMU prediction is not good.
[2026-07-08 20:18:33.391] [odom] [warning] Possibly T_lidar_imu is not accurate or IMU bias is not well estimated.
[2026-07-08 20:18:33.391] [odom] [warning] IMU validation results:
[2026-07-08 20:18:33.391] [odom] [warning] num_validations=19648
[2026-07-08 20:18:33.391] [odom] [warning] No-IMU errors rot=0.221 +- 0.280 deg, trans=0.022 +- 0.013 m, vel=0.029 +- 0.021 m/s
[2026-07-08 20:18:33.391] [odom] [warning] IMU errors rot=0.072 +- 0.060 deg, trans=0.025 +- 0.016 m, vel=0.076 +- 0.042 m/s
[2026-07-08 20:18:33.391] [odom] [warning] IMU better ratios rot=0.85, trans=0.03, vel=0.08
[2026-07-08 20:18:34.916] [glim] [info] playback speed: 2.995x
[2026-07-08 20:18:35.465] [odom] [warning] IMU prediction is not good.
[2026-07-08 20:18:35.465] [odom] [warning] Possibly T_lidar_imu is not accurate or IMU bias is not well estimated.
[2026-07-08 20:18:35.465] [odom] [warning] IMU validation results:
[2026-07-08 20:18:35.465] [odom] [warning] num_validations=19712
[2026-07-08 20:18:35.465] [odom] [warning] No-IMU errors rot=0.221 +- 0.279 deg, trans=0.022 +- 0.014 m, vel=0.029 +- 0.021 m/s
[2026-07-08 20:18:35.465] [odom] [warning] IMU errors rot=0.072 +- 0.060 deg, trans=0.025 +- 0.016 m, vel=0.076 +- 0.043 m/s
[2026-07-08 20:18:35.465] [odom] [warning] IMU better ratios rot=0.85, trans=0.03, vel=0.08
[2026-07-08 20:18:37.434] [odom] [warning] IMU prediction is not good.
[2026-07-08 20:18:37.434] [odom] [warning] Possibly T_lidar_imu is not accurate or IMU bias is not well estimated.
[2026-07-08 20:18:37.434] [odom] [warning] IMU validation results:
[2026-07-08 20:18:37.434] [odom] [warning] num_validations=19776
[2026-07-08 20:18:37.434] [odom] [warning] No-IMU errors rot=0.221 +- 0.280 deg, trans=0.022 +- 0.014 m, vel=0.029 +- 0.021 m/s
[2026-07-08 20:18:37.434] [odom] [warning] IMU errors rot=0.072 +- 0.060 deg, trans=0.025 +- 0.016 m, vel=0.077 +- 0.043 m/s
[2026-07-08 20:18:37.434] [odom] [warning] IMU better ratios rot=0.85, trans=0.03, vel=0.08
[2026-07-08 20:18:39.960] [glim] [info] playback speed: 2.575x
[2026-07-08 20:18:40.639] [odom] [warning] IMU prediction is not good.
[2026-07-08 20:18:40.639] [odom] [warning] Possibly T_lidar_imu is not accurate or IMU bias is not well estimated.
[2026-07-08 20:18:40.639] [odom] [warning] IMU validation results:
[2026-07-08 20:18:40.639] [odom] [warning] num_validations=19840
[2026-07-08 20:18:40.639] [odom] [warning] No-IMU errors rot=0.220 +- 0.279 deg, trans=0.022 +- 0.014 m, vel=0.029 +- 0.021 m/s
[2026-07-08 20:18:40.639] [odom] [warning] IMU errors rot=0.072 +- 0.060 deg, trans=0.026 +- 0.016 m, vel=0.077 +- 0.043 m/s
[2026-07-08 20:18:40.639] [odom] [warning] IMU better ratios rot=0.85, trans=0.03, vel=0.08
[2026-07-08 20:18:42.584] [odom] [warning] IMU prediction is not good.
[2026-07-08 20:18:42.584] [odom] [warning] Possibly T_lidar_imu is not accurate or IMU bias is not well estimated.
[2026-07-08 20:18:42.584] [odom] [warning] IMU validation results:
[2026-07-08 20:18:42.584] [odom] [warning] num_validations=19904
[2026-07-08 20:18:42.584] [odom] [warning] No-IMU errors rot=0.220 +- 0.279 deg, trans=0.022 +- 0.014 m, vel=0.029 +- 0.021 m/s
[2026-07-08 20:18:42.584] [odom] [warning] IMU errors rot=0.072 +- 0.060 deg, trans=0.026 +- 0.016 m, vel=0.077 +- 0.044 m/s
[2026-07-08 20:18:42.584] [odom] [warning] IMU better ratios rot=0.85, trans=0.03, vel=0.08
[2026-07-08 20:18:44.998] [glim] [info] playback speed: 2.497x
[2026-07-08 20:18:45.793] [odom] [warning] IMU prediction is not good.
[2026-07-08 20:18:45.794] [odom] [warning] Possibly T_lidar_imu is not accurate or IMU bias is not well estimated.
[2026-07-08 20:18:45.794] [odom] [warning] IMU validation results:
[2026-07-08 20:18:45.794] [odom] [warning] num_validations=19968
[2026-07-08 20:18:45.794] [odom] [warning] No-IMU errors rot=0.220 +- 0.279 deg, trans=0.022 +- 0.014 m, vel=0.029 +- 0.021 m/s
[2026-07-08 20:18:45.794] [odom] [warning] IMU errors rot=0.072 +- 0.060 deg, trans=0.026 +- 0.017 m, vel=0.078 +- 0.044 m/s
[2026-07-08 20:18:45.794] [odom] [warning] IMU better ratios rot=0.85, trans=0.03, vel=0.08
[2026-07-08 20:18:47.270] [odom] [warning] IMU prediction is not good.
[2026-07-08 20:18:47.270] [odom] [warning] Possibly T_lidar_imu is not accurate or IMU bias is not well estimated.
[2026-07-08 20:18:47.270] [odom] [warning] IMU validation results:
[2026-07-08 20:18:47.270] [odom] [warning] num_validations=20032
[2026-07-08 20:18:47.270] [odom] [warning] No-IMU errors rot=0.219 +- 0.278 deg, trans=0.022 +- 0.014 m, vel=0.029 +- 0.021 m/s
[2026-07-08 20:18:47.270] [odom] [warning] IMU errors rot=0.072 +- 0.060 deg, trans=0.026 +- 0.017 m, vel=0.078 +- 0.044 m/s
[2026-07-08 20:18:47.270] [odom] [warning] IMU better ratios rot=0.85, trans=0.03, vel=0.08
[2026-07-08 20:18:49.603] [odom] [warning] IMU prediction is not good.
[2026-07-08 20:18:49.603] [odom] [warning] Possibly T_lidar_imu is not accurate or IMU bias is not well estimated.
[2026-07-08 20:18:49.603] [odom] [warning] IMU validation results:
[2026-07-08 20:18:49.603] [odom] [warning] num_validations=20096
[2026-07-08 20:18:49.603] [odom] [warning] No-IMU errors rot=0.219 +- 0.278 deg, trans=0.022 +- 0.014 m, vel=0.029 +- 0.021 m/s
[2026-07-08 20:18:49.603] [odom] [warning] IMU errors rot=0.072 +- 0.060 deg, trans=0.026 +- 0.017 m, vel=0.078 +- 0.045 m/s
[2026-07-08 20:18:49.603] [odom] [warning] IMU better ratios rot=0.85, trans=0.03, vel=0.08
[2026-07-08 20:18:50.004] [glim] [info] playback speed: 3.242x
[2026-07-08 20:18:52.173] [odom] [warning] IMU prediction is not good.
[2026-07-08 20:18:52.173] [odom] [warning] Possibly T_lidar_imu is not accurate or IMU bias is not well estimated.
[2026-07-08 20:18:52.173] [odom] [warning] IMU validation results:
[2026-07-08 20:18:52.173] [odom] [warning] num_validations=20160
[2026-07-08 20:18:52.173] [odom] [warning] No-IMU errors rot=0.219 +- 0.278 deg, trans=0.022 +- 0.014 m, vel=0.029 +- 0.021 m/s
[2026-07-08 20:18:52.173] [odom] [warning] IMU errors rot=0.071 +- 0.060 deg, trans=0.026 +- 0.017 m, vel=0.078 +- 0.045 m/s
[2026-07-08 20:18:52.173] [odom] [warning] IMU better ratios rot=0.85, trans=0.03, vel=0.08
[2026-07-08 20:18:53.614] [odom] [warning] IMU prediction is not good.
[2026-07-08 20:18:53.614] [odom] [warning] Possibly T_lidar_imu is not accurate or IMU bias is not well estimated.
[2026-07-08 20:18:53.614] [odom] [warning] IMU validation results:
[2026-07-08 20:18:53.614] [odom] [warning] num_validations=20224
[2026-07-08 20:18:53.614] [odom] [warning] No-IMU errors rot=0.218 +- 0.277 deg, trans=0.023 +- 0.014 m, vel=0.029 +- 0.021 m/s
[2026-07-08 20:18:53.614] [odom] [warning] IMU errors rot=0.071 +- 0.060 deg, trans=0.026 +- 0.017 m, vel=0.079 +- 0.045 m/s
[2026-07-08 20:18:53.614] [odom] [warning] IMU better ratios rot=0.85, trans=0.03, vel=0.08
[2026-07-08 20:18:55.044] [glim] [info] playback speed: 2.778x
[2026-07-08 20:18:55.176] [odom] [warning] IMU bias estimation seems inaccurate.
[2026-07-08 20:18:55.176] [odom] [warning] Possibly T_lidar_imu is not accurate or LiDAR-IMU synchronization is not correct.
[2026-07-08 20:18:55.176] [odom] [warning] IMU bias validation results:
[2026-07-08 20:18:55.176] [odom] [warning] num_bias_validations=20800
[2026-07-08 20:18:55.176] [odom] [warning] bias_acc=[0.519, -0.257, 0.124] m/s^2, bias_gyro=[-0.020, -0.000, 0.002] rad/s
[2026-07-08 20:18:55.176] [odom] [warning] acc_stat ax=0.349 +- 0.287 [min=-0.441, max=0.847], ay=-0.735 +- 0.301 [min=-1.107, max=0.015], az=0.049 +- 0.052 [min=0.008, max=0.182] m/s^2
[2026-07-08 20:18:55.176] [odom] [warning] gyro_stat wx=-0.019 +- 0.001 [min=-0.021, max=-0.017], wy=-0.000 +- 0.001 [min=-0.005, max=0.002], wz=0.001 +- 0.000 [min=0.000, max=0.002] rad/s
[2026-07-08 20:18:55.905] [odom] [warning] IMU prediction is not good.
[2026-07-08 20:18:55.905] [odom] [warning] Possibly T_lidar_imu is not accurate or IMU bias is not well estimated.
[2026-07-08 20:18:55.905] [odom] [warning] IMU validation results:
[2026-07-08 20:18:55.905] [odom] [warning] num_validations=20288
[2026-07-08 20:18:55.905] [odom] [warning] No-IMU errors rot=0.218 +- 0.277 deg, trans=0.023 +- 0.014 m, vel=0.029 +- 0.021 m/s
[2026-07-08 20:18:55.905] [odom] [warning] IMU errors rot=0.071 +- 0.060 deg, trans=0.026 +- 0.017 m, vel=0.079 +- 0.045 m/s
[2026-07-08 20:18:55.905] [odom] [warning] IMU better ratios rot=0.85, trans=0.03, vel=0.08
[2026-07-08 20:18:57.015] [odom] [warning] IMU bias estimation seems inaccurate.
[2026-07-08 20:18:57.015] [odom] [warning] Possibly T_lidar_imu is not accurate or LiDAR-IMU synchronization is not correct.
[2026-07-08 20:18:57.015] [odom] [warning] IMU bias validation results:
[2026-07-08 20:18:57.015] [odom] [warning] num_bias_validations=20864
[2026-07-08 20:18:57.015] [odom] [warning] bias_acc=[0.554, -0.272, 0.120] m/s^2, bias_gyro=[-0.020, 0.000, 0.002] rad/s
[2026-07-08 20:18:57.015] [odom] [warning] acc_stat ax=0.350 +- 0.287 [min=-0.441, max=0.847], ay=-0.733 +- 0.302 [min=-1.107, max=0.015], az=0.049 +- 0.052 [min=0.008, max=0.182] m/s^2
[2026-07-08 20:18:57.015] [odom] [warning] gyro_stat wx=-0.019 +- 0.001 [min=-0.021, max=-0.017], wy=-0.000 +- 0.001 [min=-0.005, max=0.002], wz=0.001 +- 0.000 [min=0.000, max=0.002] rad/s
[2026-07-08 20:18:59.027] [odom] [warning] IMU prediction is not good.
[2026-07-08 20:18:59.027] [odom] [warning] Possibly T_lidar_imu is not accurate or IMU bias is not well estimated.
[2026-07-08 20:18:59.027] [odom] [warning] IMU validation results:
[2026-07-08 20:18:59.027] [odom] [warning] num_validations=20352
[2026-07-08 20:18:59.027] [odom] [warning] No-IMU errors rot=0.218 +- 0.277 deg, trans=0.023 +- 0.014 m, vel=0.029 +- 0.021 m/s
[2026-07-08 20:18:59.027] [odom] [warning] IMU errors rot=0.071 +- 0.060 deg, trans=0.026 +- 0.017 m, vel=0.079 +- 0.045 m/s
[2026-07-08 20:18:59.027] [odom] [warning] IMU better ratios rot=0.85, trans=0.03, vel=0.08
[2026-07-08 20:18:59.939] [odom] [warning] IMU bias estimation seems inaccurate.
[2026-07-08 20:18:59.939] [odom] [warning] Possibly T_lidar_imu is not accurate or LiDAR-IMU synchronization is not correct.
[2026-07-08 20:18:59.939] [odom] [warning] IMU bias validation results:
[2026-07-08 20:18:59.939] [odom] [warning] num_bias_validations=20928
[2026-07-08 20:18:59.939] [odom] [warning] bias_acc=[0.588, -0.286, 0.116] m/s^2, bias_gyro=[-0.020, -0.000, 0.002] rad/s
[2026-07-08 20:18:59.939] [odom] [warning] acc_stat ax=0.351 +- 0.287 [min=-0.441, max=0.847], ay=-0.732 +- 0.302 [min=-1.107, max=0.015], az=0.049 +- 0.052 [min=0.008, max=0.182] m/s^2
[2026-07-08 20:18:59.939] [odom] [warning] gyro_stat wx=-0.019 +- 0.000 [min=-0.021, max=-0.017], wy=-0.000 +- 0.001 [min=-0.005, max=0.002], wz=0.001 +- 0.000 [min=0.000, max=0.002] rad/s
[2026-07-08 20:19:00.047] [glim] [info] playback speed: 2.676x
[2026-07-08 20:19:00.467] [odom] [warning] IMU prediction is not good.
[2026-07-08 20:19:00.467] [odom] [warning] Possibly T_lidar_imu is not accurate or IMU bias is not well estimated.
[2026-07-08 20:19:00.467] [odom] [warning] IMU validation results:
[2026-07-08 20:19:00.467] [odom] [warning] num_validations=20416
[2026-07-08 20:19:00.467] [odom] [warning] No-IMU errors rot=0.218 +- 0.276 deg, trans=0.023 +- 0.014 m, vel=0.029 +- 0.021 m/s
[2026-07-08 20:19:00.467] [odom] [warning] IMU errors rot=0.071 +- 0.060 deg, trans=0.026 +- 0.017 m, vel=0.079 +- 0.045 m/s
[2026-07-08 20:19:00.467] [odom] [warning] IMU better ratios rot=0.85, trans=0.03, vel=0.08
[2026-07-08 20:19:01.928] [odom] [warning] IMU bias estimation seems inaccurate.
[2026-07-08 20:19:01.928] [odom] [warning] Possibly T_lidar_imu is not accurate or LiDAR-IMU synchronization is not correct.
[2026-07-08 20:19:01.928] [odom] [warning] IMU bias validation results:
[2026-07-08 20:19:01.928] [odom] [warning] num_bias_validations=20992
[2026-07-08 20:19:01.928] [odom] [warning] bias_acc=[0.620, -0.293, 0.112] m/s^2, bias_gyro=[-0.019, 0.000, 0.002] rad/s
[2026-07-08 20:19:01.928] [odom] [warning] acc_stat ax=0.351 +- 0.287 [min=-0.441, max=0.847], ay=-0.730 +- 0.303 [min=-1.107, max=0.015], az=0.049 +- 0.052 [min=0.008, max=0.182] m/s^2
[2026-07-08 20:19:01.928] [odom] [warning] gyro_stat wx=-0.019 +- 0.000 [min=-0.021, max=-0.017], wy=-0.000 +- 0.001 [min=-0.005, max=0.002], wz=0.001 +- 0.000 [min=0.000, max=0.002] rad/s
[2026-07-08 20:19:02.789] [odom] [warning] IMU prediction is not good.
[2026-07-08 20:19:02.789] [odom] [warning] Possibly T_lidar_imu is not accurate or IMU bias is not well estimated.
[2026-07-08 20:19:02.789] [odom] [warning] IMU validation results:
[2026-07-08 20:19:02.789] [odom] [warning] num_validations=20480
[2026-07-08 20:19:02.789] [odom] [warning] No-IMU errors rot=0.218 +- 0.276 deg, trans=0.023 +- 0.014 m, vel=0.029 +- 0.021 m/s
[2026-07-08 20:19:02.789] [odom] [warning] IMU errors rot=0.071 +- 0.060 deg, trans=0.026 +- 0.017 m, vel=0.079 +- 0.045 m/s
[2026-07-08 20:19:02.789] [odom] [warning] IMU better ratios rot=0.85, trans=0.03, vel=0.08
[2026-07-08 20:19:03.317] [odom] [warning] IMU bias estimation seems inaccurate.
[2026-07-08 20:19:03.317] [odom] [warning] Possibly T_lidar_imu is not accurate or LiDAR-IMU synchronization is not correct.
[2026-07-08 20:19:03.317] [odom] [warning] IMU bias validation results:
[2026-07-08 20:19:03.317] [odom] [warning] num_bias_validations=21056
[2026-07-08 20:19:03.317] [odom] [warning] bias_acc=[0.649, -0.296, 0.108] m/s^2, bias_gyro=[-0.019, 0.000, 0.002] rad/s
[2026-07-08 20:19:03.317] [odom] [warning] acc_stat ax=0.352 +- 0.287 [min=-0.441, max=0.847], ay=-0.729 +- 0.303 [min=-1.107, max=0.015], az=0.049 +- 0.052 [min=0.008, max=0.182] m/s^2
[2026-07-08 20:19:03.317] [odom] [warning] gyro_stat wx=-0.019 +- 0.000 [min=-0.021, max=-0.017], wy=-0.000 +- 0.001 [min=-0.005, max=0.002], wz=0.001 +- 0.000 [min=0.000, max=0.002] rad/s
[2026-07-08 20:19:05.028] [odom] [warning] IMU prediction is not good.
[2026-07-08 20:19:05.028] [odom] [warning] Possibly T_lidar_imu is not accurate or IMU bias is not well estimated.
[2026-07-08 20:19:05.028] [odom] [warning] IMU validation results:
[2026-07-08 20:19:05.028] [odom] [warning] num_validations=20544
[2026-07-08 20:19:05.028] [odom] [warning] No-IMU errors rot=0.217 +- 0.276 deg, trans=0.023 +- 0.014 m, vel=0.029 +- 0.021 m/s
[2026-07-08 20:19:05.028] [odom] [warning] IMU errors rot=0.071 +- 0.060 deg, trans=0.026 +- 0.017 m, vel=0.080 +- 0.045 m/s
[2026-07-08 20:19:05.028] [odom] [warning] IMU better ratios rot=0.85, trans=0.03, vel=0.08
[2026-07-08 20:19:05.070] [glim] [info] playback speed: 3.252x
[2026-07-08 20:19:05.816] [odom] [warning] IMU bias estimation seems inaccurate.
[2026-07-08 20:19:05.816] [odom] [warning] Possibly T_lidar_imu is not accurate or LiDAR-IMU synchronization is not correct.
[2026-07-08 20:19:05.816] [odom] [warning] IMU bias validation results:
[2026-07-08 20:19:05.816] [odom] [warning] num_bias_validations=21120
[2026-07-08 20:19:05.816] [odom] [warning] bias_acc=[0.680, -0.299, 0.105] m/s^2, bias_gyro=[-0.019, 0.000, 0.002] rad/s
[2026-07-08 20:19:05.816] [odom] [warning] acc_stat ax=0.353 +- 0.287 [min=-0.441, max=0.847], ay=-0.728 +- 0.304 [min=-1.107, max=0.015], az=0.050 +- 0.052 [min=0.008, max=0.182] m/s^2
[2026-07-08 20:19:05.816] [odom] [warning] gyro_stat wx=-0.019 +- 0.000 [min=-0.021, max=-0.017], wy=-0.000 +- 0.001 [min=-0.005, max=0.002], wz=0.001 +- 0.000 [min=0.000, max=0.002] rad/s
[2026-07-08 20:19:07.600] [odom] [warning] IMU prediction is not good.
[2026-07-08 20:19:07.600] [odom] [warning] Possibly T_lidar_imu is not accurate or IMU bias is not well estimated.
[2026-07-08 20:19:07.600] [odom] [warning] IMU validation results:
[2026-07-08 20:19:07.600] [odom] [warning] num_validations=20608
[2026-07-08 20:19:07.600] [odom] [warning] No-IMU errors rot=0.217 +- 0.275 deg, trans=0.023 +- 0.014 m, vel=0.029 +- 0.021 m/s
[2026-07-08 20:19:07.600] [odom] [warning] IMU errors rot=0.071 +- 0.059 deg, trans=0.026 +- 0.017 m, vel=0.080 +- 0.045 m/s
[2026-07-08 20:19:07.600] [odom] [warning] IMU better ratios rot=0.85, trans=0.03, vel=0.08
[2026-07-08 20:19:08.068] [odom] [warning] IMU bias estimation seems inaccurate.
[2026-07-08 20:19:08.068] [odom] [warning] Possibly T_lidar_imu is not accurate or LiDAR-IMU synchronization is not correct.
[2026-07-08 20:19:08.068] [odom] [warning] IMU bias validation results:
[2026-07-08 20:19:08.068] [odom] [warning] num_bias_validations=21184
[2026-07-08 20:19:08.068] [odom] [warning] bias_acc=[0.710, -0.302, 0.102] m/s^2, bias_gyro=[-0.019, 0.000, 0.002] rad/s
[2026-07-08 20:19:08.068] [odom] [warning] acc_stat ax=0.354 +- 0.287 [min=-0.441, max=0.847], ay=-0.727 +- 0.304 [min=-1.107, max=0.015], az=0.050 +- 0.052 [min=0.008, max=0.182] m/s^2
[2026-07-08 20:19:08.068] [odom] [warning] gyro_stat wx=-0.019 +- 0.000 [min=-0.021, max=-0.017], wy=-0.000 +- 0.001 [min=-0.005, max=0.002], wz=0.001 +- 0.000 [min=0.000, max=0.002] rad/s
[2026-07-08 20:19:09.756] [odom] [warning] IMU prediction is not good.
[2026-07-08 20:19:09.756] [odom] [warning] Possibly T_lidar_imu is not accurate or IMU bias is not well estimated.
[2026-07-08 20:19:09.756] [odom] [warning] IMU validation results:
[2026-07-08 20:19:09.756] [odom] [warning] num_validations=20672
[2026-07-08 20:19:09.756] [odom] [warning] No-IMU errors rot=0.217 +- 0.275 deg, trans=0.023 +- 0.014 m, vel=0.029 +- 0.021 m/s
[2026-07-08 20:19:09.756] [odom] [warning] IMU errors rot=0.071 +- 0.059 deg, trans=0.027 +- 0.017 m, vel=0.080 +- 0.045 m/s
[2026-07-08 20:19:09.756] [odom] [warning] IMU better ratios rot=0.85, trans=0.03, vel=0.08
[2026-07-08 20:19:10.124] [glim] [info] playback speed: 2.690x
[2026-07-08 20:19:11.406] [odom] [warning] IMU bias estimation seems inaccurate.
[2026-07-08 20:19:11.406] [odom] [warning] Possibly T_lidar_imu is not accurate or LiDAR-IMU synchronization is not correct.
[2026-07-08 20:19:11.406] [odom] [warning] IMU bias validation results:
[2026-07-08 20:19:11.406] [odom] [warning] num_bias_validations=21248
[2026-07-08 20:19:11.406] [odom] [warning] bias_acc=[0.739, -0.307, 0.099] m/s^2, bias_gyro=[-0.019, -0.000, 0.002] rad/s
[2026-07-08 20:19:11.406] [odom] [warning] acc_stat ax=0.356 +- 0.288 [min=-0.441, max=0.847], ay=-0.725 +- 0.305 [min=-1.107, max=0.015], az=0.050 +- 0.052 [min=0.008, max=0.182] m/s^2
[2026-07-08 20:19:11.406] [odom] [warning] gyro_stat wx=-0.019 +- 0.000 [min=-0.021, max=-0.017], wy=-0.000 +- 0.001 [min=-0.005, max=0.002], wz=0.001 +- 0.000 [min=0.000, max=0.002] rad/s
[2026-07-08 20:19:13.329] [odom] [warning] IMU prediction is not good.
[2026-07-08 20:19:13.329] [odom] [warning] Possibly T_lidar_imu is not accurate or IMU bias is not well estimated.
[2026-07-08 20:19:13.329] [odom] [warning] IMU validation results:
[2026-07-08 20:19:13.329] [odom] [warning] num_validations=20736
[2026-07-08 20:19:13.329] [odom] [warning] No-IMU errors rot=0.216 +- 0.275 deg, trans=0.023 +- 0.014 m, vel=0.029 +- 0.021 m/s
[2026-07-08 20:19:13.329] [odom] [warning] IMU errors rot=0.071 +- 0.059 deg, trans=0.027 +- 0.017 m, vel=0.080 +- 0.045 m/s
[2026-07-08 20:19:13.329] [odom] [warning] IMU better ratios rot=0.85, trans=0.03, vel=0.08
[2026-07-08 20:19:15.132] [glim] [info] playback speed: 1.783x
[2026-07-08 20:19:15.206] [odom] [warning] IMU bias estimation seems inaccurate.
[2026-07-08 20:19:15.206] [odom] [warning] Possibly T_lidar_imu is not accurate or LiDAR-IMU synchronization is not correct.
[2026-07-08 20:19:15.206] [odom] [warning] IMU bias validation results:
[2026-07-08 20:19:15.206] [odom] [warning] num_bias_validations=21312
[2026-07-08 20:19:15.206] [odom] [warning] bias_acc=[0.769, -0.313, 0.096] m/s^2, bias_gyro=[-0.019, 0.000, 0.002] rad/s
[2026-07-08 20:19:15.206] [odom] [warning] acc_stat ax=0.357 +- 0.288 [min=-0.441, max=0.847], ay=-0.724 +- 0.305 [min=-1.107, max=0.015], az=0.050 +- 0.052 [min=0.008, max=0.182] m/s^2
[2026-07-08 20:19:15.206] [odom] [warning] gyro_stat wx=-0.019 +- 0.000 [min=-0.021, max=-0.017], wy=-0.000 +- 0.001 [min=-0.005, max=0.002], wz=0.001 +- 0.000 [min=0.000, max=0.002] rad/s
[2026-07-08 20:19:15.607] [odom] [warning] IMU prediction is not good.
[2026-07-08 20:19:15.607] [odom] [warning] Possibly T_lidar_imu is not accurate or IMU bias is not well estimated.
[2026-07-08 20:19:15.607] [odom] [warning] IMU validation results:
[2026-07-08 20:19:15.607] [odom] [warning] num_validations=20800
[2026-07-08 20:19:15.607] [odom] [warning] No-IMU errors rot=0.216 +- 0.274 deg, trans=0.023 +- 0.014 m, vel=0.029 +- 0.021 m/s
[2026-07-08 20:19:15.607] [odom] [warning] IMU errors rot=0.071 +- 0.059 deg, trans=0.027 +- 0.017 m, vel=0.080 +- 0.045 m/s
[2026-07-08 20:19:15.607] [odom] [warning] IMU better ratios rot=0.85, trans=0.03, vel=0.08
[2026-07-08 20:19:16.352] [odom] [warning] IMU bias estimation seems inaccurate.
[2026-07-08 20:19:16.353] [odom] [warning] Possibly T_lidar_imu is not accurate or LiDAR-IMU synchronization is not correct.
[2026-07-08 20:19:16.353] [odom] [warning] IMU bias validation results:
[2026-07-08 20:19:16.353] [odom] [warning] num_bias_validations=21376
[2026-07-08 20:19:16.353] [odom] [warning] bias_acc=[0.797, -0.312, 0.093] m/s^2, bias_gyro=[-0.019, 0.000, 0.002] rad/s
[2026-07-08 20:19:16.353] [odom] [warning] acc_stat ax=0.358 +- 0.289 [min=-0.441, max=0.847], ay=-0.723 +- 0.305 [min=-1.107, max=0.015], az=0.050 +- 0.052 [min=0.008, max=0.182] m/s^2
[2026-07-08 20:19:16.353] [odom] [warning] gyro_stat wx=-0.019 +- 0.000 [min=-0.021, max=-0.017], wy=-0.000 +- 0.001 [min=-0.005, max=0.002], wz=0.001 +- 0.000 [min=0.000, max=0.002] rad/s
[2026-07-08 20:19:17.453] [odom] [warning] IMU prediction is not good.
[2026-07-08 20:19:17.453] [odom] [warning] Possibly T_lidar_imu is not accurate or IMU bias is not well estimated.
[2026-07-08 20:19:17.453] [odom] [warning] IMU validation results:
[2026-07-08 20:19:17.453] [odom] [warning] num_validations=20864
[2026-07-08 20:19:17.453] [odom] [warning] No-IMU errors rot=0.216 +- 0.274 deg, trans=0.023 +- 0.014 m, vel=0.029 +- 0.021 m/s
[2026-07-08 20:19:17.453] [odom] [warning] IMU errors rot=0.071 +- 0.059 deg, trans=0.027 +- 0.017 m, vel=0.080 +- 0.045 m/s
[2026-07-08 20:19:17.453] [odom] [warning] IMU better ratios rot=0.85, trans=0.03, vel=0.08
[2026-07-08 20:19:18.795] [odom] [warning] IMU bias estimation seems inaccurate.
[2026-07-08 20:19:18.795] [odom] [warning] Possibly T_lidar_imu is not accurate or LiDAR-IMU synchronization is not correct.
[2026-07-08 20:19:18.795] [odom] [warning] IMU bias validation results:
[2026-07-08 20:19:18.795] [odom] [warning] num_bias_validations=21440
[2026-07-08 20:19:18.795] [odom] [warning] bias_acc=[0.827, -0.312, 0.090] m/s^2, bias_gyro=[-0.019, -0.000, 0.002] rad/s
[2026-07-08 20:19:18.795] [odom] [warning] acc_stat ax=0.360 +- 0.289 [min=-0.441, max=0.847], ay=-0.722 +- 0.306 [min=-1.107, max=0.015], az=0.050 +- 0.052 [min=0.008, max=0.182] m/s^2
[2026-07-08 20:19:18.795] [odom] [warning] gyro_stat wx=-0.019 +- 0.000 [min=-0.021, max=-0.017], wy=-0.000 +- 0.001 [min=-0.005, max=0.002], wz=0.001 +- 0.000 [min=0.000, max=0.002] rad/s
[2026-07-08 20:19:20.173] [glim] [info] playback speed: 3.119x
[2026-07-08 20:19:20.455] [odom] [warning] IMU prediction is not good.
[2026-07-08 20:19:20.456] [odom] [warning] Possibly T_lidar_imu is not accurate or IMU bias is not well estimated.
[2026-07-08 20:19:20.456] [odom] [warning] IMU validation results:
[2026-07-08 20:19:20.456] [odom] [warning] num_validations=20928
[2026-07-08 20:19:20.456] [odom] [warning] No-IMU errors rot=0.215 +- 0.274 deg, trans=0.023 +- 0.014 m, vel=0.029 +- 0.021 m/s
[2026-07-08 20:19:20.456] [odom] [warning] IMU errors rot=0.071 +- 0.059 deg, trans=0.027 +- 0.017 m, vel=0.080 +- 0.045 m/s
[2026-07-08 20:19:20.456] [odom] [warning] IMU better ratios rot=0.86, trans=0.03, vel=0.08
[2026-07-08 20:19:20.955] [odom] [warning] IMU bias estimation seems inaccurate.
[2026-07-08 20:19:20.955] [odom] [warning] Possibly T_lidar_imu is not accurate or LiDAR-IMU synchronization is not correct.
[2026-07-08 20:19:20.955] [odom] [warning] IMU bias validation results:
[2026-07-08 20:19:20.955] [odom] [warning] num_bias_validations=21504
[2026-07-08 20:19:20.955] [odom] [warning] bias_acc=[0.856, -0.313, 0.088] m/s^2, bias_gyro=[-0.019, 0.000, 0.002] rad/s
[2026-07-08 20:19:20.955] [odom] [warning] acc_stat ax=0.361 +- 0.290 [min=-0.441, max=0.856], ay=-0.720 +- 0.306 [min=-1.107, max=0.015], az=0.050 +- 0.052 [min=0.008, max=0.182] m/s^2
[2026-07-08 20:19:20.955] [odom] [warning] gyro_stat wx=-0.019 +- 0.000 [min=-0.021, max=-0.017], wy=-0.000 +- 0.001 [min=-0.005, max=0.002], wz=0.001 +- 0.000 [min=0.000, max=0.002] rad/s
[2026-07-08 20:19:22.659] [odom] [warning] IMU prediction is not good.
[2026-07-08 20:19:22.659] [odom] [warning] Possibly T_lidar_imu is not accurate or IMU bias is not well estimated.
[2026-07-08 20:19:22.659] [odom] [warning] IMU validation results:
[2026-07-08 20:19:22.659] [odom] [warning] num_validations=20992
[2026-07-08 20:19:22.659] [odom] [warning] No-IMU errors rot=0.215 +- 0.273 deg, trans=0.023 +- 0.014 m, vel=0.029 +- 0.021 m/s
[2026-07-08 20:19:22.659] [odom] [warning] IMU errors rot=0.070 +- 0.059 deg, trans=0.027 +- 0.017 m, vel=0.080 +- 0.045 m/s
[2026-07-08 20:19:22.659] [odom] [warning] IMU better ratios rot=0.86, trans=0.03, vel=0.07
[2026-07-08 20:19:23.956] [odom] [warning] IMU bias estimation seems inaccurate.
[2026-07-08 20:19:23.956] [odom] [warning] Possibly T_lidar_imu is not accurate or LiDAR-IMU synchronization is not correct.
[2026-07-08 20:19:23.956] [odom] [warning] IMU bias validation results:
[2026-07-08 20:19:23.956] [odom] [warning] num_bias_validations=21568
[2026-07-08 20:19:23.956] [odom] [warning] bias_acc=[0.884, -0.309, 0.086] m/s^2, bias_gyro=[-0.019, 0.000, 0.002] rad/s
[2026-07-08 20:19:23.956] [odom] [warning] acc_stat ax=0.363 +- 0.291 [min=-0.441, max=0.884], ay=-0.719 +- 0.306 [min=-1.107, max=0.015], az=0.051 +- 0.052 [min=0.008, max=0.182] m/s^2
[2026-07-08 20:19:23.956] [odom] [warning] gyro_stat wx=-0.019 +- 0.000 [min=-0.021, max=-0.017], wy=-0.000 +- 0.001 [min=-0.005, max=0.002], wz=0.001 +- 0.000 [min=0.000, max=0.002] rad/s
[2026-07-08 20:19:25.188] [glim] [info] playback speed: 2.508x
[2026-07-08 20:19:25.497] [odom] [warning] IMU prediction is not good.
[2026-07-08 20:19:25.497] [odom] [warning] Possibly T_lidar_imu is not accurate or IMU bias is not well estimated.
[2026-07-08 20:19:25.497] [odom] [warning] IMU validation results:
[2026-07-08 20:19:25.497] [odom] [warning] num_validations=21056
[2026-07-08 20:19:25.497] [odom] [warning] No-IMU errors rot=0.215 +- 0.273 deg, trans=0.023 +- 0.014 m, vel=0.029 +- 0.021 m/s
[2026-07-08 20:19:25.497] [odom] [warning] IMU errors rot=0.070 +- 0.059 deg, trans=0.027 +- 0.017 m, vel=0.080 +- 0.045 m/s
[2026-07-08 20:19:25.497] [odom] [warning] IMU better ratios rot=0.86, trans=0.03, vel=0.07
[2026-07-08 20:19:26.819] [odom] [warning] IMU bias estimation seems inaccurate.
[2026-07-08 20:19:26.819] [odom] [warning] Possibly T_lidar_imu is not accurate or LiDAR-IMU synchronization is not correct.
[2026-07-08 20:19:26.819] [odom] [warning] IMU bias validation results:
[2026-07-08 20:19:26.819] [odom] [warning] num_bias_validations=21632
[2026-07-08 20:19:26.819] [odom] [warning] bias_acc=[0.910, -0.306, 0.084] m/s^2, bias_gyro=[-0.020, 0.000, 0.002] rad/s
[2026-07-08 20:19:26.819] [odom] [warning] acc_stat ax=0.364 +- 0.292 [min=-0.441, max=0.910], ay=-0.718 +- 0.307 [min=-1.107, max=0.015], az=0.051 +- 0.052 [min=0.008, max=0.182] m/s^2
[2026-07-08 20:19:26.819] [odom] [warning] gyro_stat wx=-0.019 +- 0.000 [min=-0.021, max=-0.017], wy=-0.000 +- 0.001 [min=-0.005, max=0.002], wz=0.001 +- 0.000 [min=0.000, max=0.002] rad/s
[2026-07-08 20:19:27.231] [odom] [warning] IMU prediction is not good.
[2026-07-08 20:19:27.231] [odom] [warning] Possibly T_lidar_imu is not accurate or IMU bias is not well estimated.
[2026-07-08 20:19:27.231] [odom] [warning] IMU validation results:
[2026-07-08 20:19:27.231] [odom] [warning] num_validations=21120
[2026-07-08 20:19:27.231] [odom] [warning] No-IMU errors rot=0.215 +- 0.273 deg, trans=0.023 +- 0.014 m, vel=0.028 +- 0.021 m/s
[2026-07-08 20:19:27.231] [odom] [warning] IMU errors rot=0.070 +- 0.059 deg, trans=0.027 +- 0.017 m, vel=0.081 +- 0.045 m/s
[2026-07-08 20:19:27.231] [odom] [warning] IMU better ratios rot=0.86, trans=0.03, vel=0.07
[2026-07-08 20:19:28.593] [odom] [warning] IMU bias estimation seems inaccurate.
[2026-07-08 20:19:28.593] [odom] [warning] Possibly T_lidar_imu is not accurate or LiDAR-IMU synchronization is not correct.
[2026-07-08 20:19:28.593] [odom] [warning] IMU bias validation results:
[2026-07-08 20:19:28.593] [odom] [warning] num_bias_validations=21696
[2026-07-08 20:19:28.593] [odom] [warning] bias_acc=[0.935, -0.305, 0.081] m/s^2, bias_gyro=[-0.020, 0.001, 0.002] rad/s
[2026-07-08 20:19:28.593] [odom] [warning] acc_stat ax=0.366 +- 0.293 [min=-0.441, max=0.935], ay=-0.717 +- 0.307 [min=-1.107, max=0.015], az=0.051 +- 0.051 [min=0.008, max=0.182] m/s^2
[2026-07-08 20:19:28.593] [odom] [warning] gyro_stat wx=-0.019 +- 0.000 [min=-0.021, max=-0.017], wy=-0.000 +- 0.001 [min=-0.005, max=0.002], wz=0.001 +- 0.000 [min=0.000, max=0.002] rad/s
[2026-07-08 20:19:30.000] [odom] [warning] IMU prediction is not good.
[2026-07-08 20:19:30.000] [odom] [warning] Possibly T_lidar_imu is not accurate or IMU bias is not well estimated.
[2026-07-08 20:19:30.000] [odom] [warning] IMU validation results:
[2026-07-08 20:19:30.000] [odom] [warning] num_validations=21184
[2026-07-08 20:19:30.000] [odom] [warning] No-IMU errors rot=0.214 +- 0.272 deg, trans=0.023 +- 0.014 m, vel=0.028 +- 0.021 m/s
[2026-07-08 20:19:30.000] [odom] [warning] IMU errors rot=0.070 +- 0.059 deg, trans=0.027 +- 0.017 m, vel=0.081 +- 0.045 m/s
[2026-07-08 20:19:30.000] [odom] [warning] IMU better ratios rot=0.86, trans=0.03, vel=0.07
[2026-07-08 20:19:30.202] [glim] [info] playback speed: 2.995x
[2026-07-08 20:19:30.332] [odom] [warning] IMU bias estimation seems inaccurate.
[2026-07-08 20:19:30.332] [odom] [warning] Possibly T_lidar_imu is not accurate or LiDAR-IMU synchronization is not correct.
[2026-07-08 20:19:30.332] [odom] [warning] IMU bias validation results:
[2026-07-08 20:19:30.332] [odom] [warning] num_bias_validations=21760
[2026-07-08 20:19:30.332] [odom] [warning] bias_acc=[0.957, -0.305, 0.079] m/s^2, bias_gyro=[-0.020, 0.001, 0.002] rad/s
[2026-07-08 20:19:30.332] [odom] [warning] acc_stat ax=0.368 +- 0.295 [min=-0.441, max=0.957], ay=-0.715 +- 0.307 [min=-1.107, max=0.015], az=0.051 +- 0.051 [min=0.008, max=0.182] m/s^2
[2026-07-08 20:19:30.332] [odom] [warning] gyro_stat wx=-0.019 +- 0.000 [min=-0.021, max=-0.017], wy=-0.000 +- 0.001 [min=-0.005, max=0.002], wz=0.001 +- 0.000 [min=0.000, max=0.002] rad/s
[2026-07-08 20:19:31.537] [odom] [warning] IMU prediction is not good.
[2026-07-08 20:19:31.537] [odom] [warning] Possibly T_lidar_imu is not accurate or IMU bias is not well estimated.
[2026-07-08 20:19:31.537] [odom] [warning] IMU validation results:
[2026-07-08 20:19:31.537] [odom] [warning] num_validations=21248
[2026-07-08 20:19:31.537] [odom] [warning] No-IMU errors rot=0.214 +- 0.272 deg, trans=0.023 +- 0.014 m, vel=0.028 +- 0.021 m/s
[2026-07-08 20:19:31.537] [odom] [warning] IMU errors rot=0.070 +- 0.059 deg, trans=0.027 +- 0.017 m, vel=0.081 +- 0.045 m/s
[2026-07-08 20:19:31.537] [odom] [warning] IMU better ratios rot=0.85, trans=0.03, vel=0.07
[2026-07-08 20:19:32.507] [odom] [warning] IMU bias estimation seems inaccurate.
[2026-07-08 20:19:32.507] [odom] [warning] Possibly T_lidar_imu is not accurate or LiDAR-IMU synchronization is not correct.
[2026-07-08 20:19:32.507] [odom] [warning] IMU bias validation results:
[2026-07-08 20:19:32.507] [odom] [warning] num_bias_validations=21824
[2026-07-08 20:19:32.507] [odom] [warning] bias_acc=[0.977, -0.307, 0.076] m/s^2, bias_gyro=[-0.020, 0.001, 0.002] rad/s
[2026-07-08 20:19:32.507] [odom] [warning] acc_stat ax=0.369 +- 0.296 [min=-0.441, max=0.977], ay=-0.714 +- 0.308 [min=-1.107, max=0.015], az=0.051 +- 0.051 [min=0.008, max=0.182] m/s^2
[2026-07-08 20:19:32.507] [odom] [warning] gyro_stat wx=-0.019 +- 0.000 [min=-0.021, max=-0.017], wy=-0.000 +- 0.001 [min=-0.005, max=0.002], wz=0.001 +- 0.000 [min=0.000, max=0.002] rad/s
[2026-07-08 20:19:33.500] [odom] [warning] IMU prediction is not good.
[2026-07-08 20:19:33.500] [odom] [warning] Possibly T_lidar_imu is not accurate or IMU bias is not well estimated.
[2026-07-08 20:19:33.500] [odom] [warning] IMU validation results:
[2026-07-08 20:19:33.500] [odom] [warning] num_validations=21312
[2026-07-08 20:19:33.500] [odom] [warning] No-IMU errors rot=0.214 +- 0.272 deg, trans=0.023 +- 0.014 m, vel=0.028 +- 0.021 m/s
[2026-07-08 20:19:33.500] [odom] [warning] IMU errors rot=0.070 +- 0.059 deg, trans=0.027 +- 0.017 m, vel=0.081 +- 0.045 m/s
[2026-07-08 20:19:33.500] [odom] [warning] IMU better ratios rot=0.85, trans=0.02, vel=0.07
[2026-07-08 20:19:34.765] [odom] [warning] IMU bias estimation seems inaccurate.
[2026-07-08 20:19:34.765] [odom] [warning] Possibly T_lidar_imu is not accurate or LiDAR-IMU synchronization is not correct.
[2026-07-08 20:19:34.765] [odom] [warning] IMU bias validation results:
[2026-07-08 20:19:34.765] [odom] [warning] num_bias_validations=21888
[2026-07-08 20:19:34.765] [odom] [warning] bias_acc=[0.994, -0.308, 0.073] m/s^2, bias_gyro=[-0.020, 0.001, 0.002] rad/s
[2026-07-08 20:19:34.765] [odom] [warning] acc_stat ax=0.371 +- 0.298 [min=-0.441, max=0.994], ay=-0.713 +- 0.308 [min=-1.107, max=0.015], az=0.051 +- 0.051 [min=0.008, max=0.182] m/s^2
[2026-07-08 20:19:34.765] [odom] [warning] gyro_stat wx=-0.019 +- 0.000 [min=-0.021, max=-0.017], wy=-0.000 +- 0.001 [min=-0.005, max=0.002], wz=0.001 +- 0.000 [min=0.000, max=0.002] rad/s
[2026-07-08 20:19:35.207] [glim] [info] playback speed: 3.484x
[2026-07-08 20:19:35.380] [odom] [warning] IMU prediction is not good.
[2026-07-08 20:19:35.380] [odom] [warning] Possibly T_lidar_imu is not accurate or IMU bias is not well estimated.
[2026-07-08 20:19:35.380] [odom] [warning] IMU validation results:
[2026-07-08 20:19:35.380] [odom] [warning] num_validations=21376
[2026-07-08 20:19:35.380] [odom] [warning] No-IMU errors rot=0.213 +- 0.271 deg, trans=0.023 +- 0.014 m, vel=0.028 +- 0.021 m/s
[2026-07-08 20:19:35.380] [odom] [warning] IMU errors rot=0.070 +- 0.059 deg, trans=0.027 +- 0.017 m, vel=0.081 +- 0.045 m/s
[2026-07-08 20:19:35.380] [odom] [warning] IMU better ratios rot=0.85, trans=0.02, vel=0.07
[2026-07-08 20:19:36.721] [odom] [warning] IMU bias estimation seems inaccurate.
[2026-07-08 20:19:36.721] [odom] [warning] Possibly T_lidar_imu is not accurate or LiDAR-IMU synchronization is not correct.
[2026-07-08 20:19:36.721] [odom] [warning] IMU bias validation results:
[2026-07-08 20:19:36.721] [odom] [warning] num_bias_validations=21952
[2026-07-08 20:19:36.721] [odom] [warning] bias_acc=[1.011, -0.312, 0.070] m/s^2, bias_gyro=[-0.020, 0.001, 0.002] rad/s
[2026-07-08 20:19:36.721] [odom] [warning] acc_stat ax=0.373 +- 0.299 [min=-0.441, max=1.011], ay=-0.712 +- 0.308 [min=-1.107, max=0.015], az=0.051 +- 0.051 [min=0.008, max=0.182] m/s^2
[2026-07-08 20:19:36.721] [odom] [warning] gyro_stat wx=-0.019 +- 0.000 [min=-0.021, max=-0.017], wy=-0.000 +- 0.001 [min=-0.005, max=0.002], wz=0.001 +- 0.000 [min=0.000, max=0.002] rad/s
[2026-07-08 20:19:38.353] [odom] [warning] IMU prediction is not good.
[2026-07-08 20:19:38.353] [odom] [warning] Possibly T_lidar_imu is not accurate or IMU bias is not well estimated.
[2026-07-08 20:19:38.353] [odom] [warning] IMU validation results:
[2026-07-08 20:19:38.353] [odom] [warning] num_validations=21440
[2026-07-08 20:19:38.353] [odom] [warning] No-IMU errors rot=0.213 +- 0.271 deg, trans=0.023 +- 0.014 m, vel=0.028 +- 0.021 m/s
[2026-07-08 20:19:38.353] [odom] [warning] IMU errors rot=0.070 +- 0.059 deg, trans=0.027 +- 0.017 m, vel=0.081 +- 0.045 m/s
[2026-07-08 20:19:38.353] [odom] [warning] IMU better ratios rot=0.85, trans=0.02, vel=0.07
[2026-07-08 20:19:39.805] [odom] [warning] IMU bias estimation seems inaccurate.
[2026-07-08 20:19:39.805] [odom] [warning] Possibly T_lidar_imu is not accurate or LiDAR-IMU synchronization is not correct.
[2026-07-08 20:19:39.805] [odom] [warning] IMU bias validation results:
[2026-07-08 20:19:39.805] [odom] [warning] num_bias_validations=22016
[2026-07-08 20:19:39.805] [odom] [warning] bias_acc=[1.026, -0.317, 0.067] m/s^2, bias_gyro=[-0.020, 0.001, 0.002] rad/s
[2026-07-08 20:19:39.805] [odom] [warning] acc_stat ax=0.375 +- 0.301 [min=-0.441, max=1.026], ay=-0.711 +- 0.309 [min=-1.107, max=0.015], az=0.051 +- 0.051 [min=0.008, max=0.182] m/s^2
[2026-07-08 20:19:39.805] [odom] [warning] gyro_stat wx=-0.019 +- 0.000 [min=-0.021, max=-0.017], wy=-0.000 +- 0.001 [min=-0.005, max=0.002], wz=0.001 +- 0.000 [min=0.000, max=0.002] rad/s
[2026-07-08 20:19:40.233] [glim] [info] playback speed: 2.260x
[2026-07-08 20:19:41.289] [odom] [warning] IMU prediction is not good.
[2026-07-08 20:19:41.289] [odom] [warning] Possibly T_lidar_imu is not accurate or IMU bias is not well estimated.
[2026-07-08 20:19:41.289] [odom] [warning] IMU validation results:
[2026-07-08 20:19:41.289] [odom] [warning] num_validations=21504
[2026-07-08 20:19:41.289] [odom] [warning] No-IMU errors rot=0.212 +- 0.271 deg, trans=0.023 +- 0.014 m, vel=0.028 +- 0.021 m/s
[2026-07-08 20:19:41.289] [odom] [warning] IMU errors rot=0.070 +- 0.059 deg, trans=0.027 +- 0.017 m, vel=0.080 +- 0.045 m/s
[2026-07-08 20:19:41.289] [odom] [warning] IMU better ratios rot=0.85, trans=0.02, vel=0.07
[2026-07-08 20:19:41.513] [odom] [warning] IMU bias estimation seems inaccurate.
[2026-07-08 20:19:41.513] [odom] [warning] Possibly T_lidar_imu is not accurate or LiDAR-IMU synchronization is not correct.
[2026-07-08 20:19:41.513] [odom] [warning] IMU bias validation results:
[2026-07-08 20:19:41.513] [odom] [warning] num_bias_validations=22080
[2026-07-08 20:19:41.513] [odom] [warning] bias_acc=[1.040, -0.324, 0.064] m/s^2, bias_gyro=[-0.020, 0.001, 0.002] rad/s
[2026-07-08 20:19:41.513] [odom] [warning] acc_stat ax=0.377 +- 0.302 [min=-0.441, max=1.040], ay=-0.710 +- 0.309 [min=-1.107, max=0.015], az=0.051 +- 0.051 [min=0.008, max=0.182] m/s^2
[2026-07-08 20:19:41.513] [odom] [warning] gyro_stat wx=-0.020 +- 0.000 [min=-0.021, max=-0.017], wy=-0.000 +- 0.001 [min=-0.005, max=0.002], wz=0.001 +- 0.000 [min=0.000, max=0.002] rad/s
[2026-07-08 20:19:42.442] [odom] [warning] IMU prediction is not good.
[2026-07-08 20:19:42.442] [odom] [warning] Possibly T_lidar_imu is not accurate or IMU bias is not well estimated.
[2026-07-08 20:19:42.442] [odom] [warning] IMU validation results:
[2026-07-08 20:19:42.442] [odom] [warning] num_validations=21568
[2026-07-08 20:19:42.442] [odom] [warning] No-IMU errors rot=0.212 +- 0.271 deg, trans=0.023 +- 0.014 m, vel=0.028 +- 0.021 m/s
[2026-07-08 20:19:42.442] [odom] [warning] IMU errors rot=0.070 +- 0.059 deg, trans=0.027 +- 0.017 m, vel=0.080 +- 0.045 m/s
[2026-07-08 20:19:42.442] [odom] [warning] IMU better ratios rot=0.85, trans=0.02, vel=0.07
[2026-07-08 20:19:43.639] [odom] [warning] IMU bias estimation seems inaccurate.
[2026-07-08 20:19:43.639] [odom] [warning] Possibly T_lidar_imu is not accurate or LiDAR-IMU synchronization is not correct.
[2026-07-08 20:19:43.639] [odom] [warning] IMU bias validation results:
[2026-07-08 20:19:43.639] [odom] [warning] num_bias_validations=22144
[2026-07-08 20:19:43.639] [odom] [warning] bias_acc=[1.051, -0.324, 0.061] m/s^2, bias_gyro=[-0.020, 0.001, 0.002] rad/s
[2026-07-08 20:19:43.639] [odom] [warning] acc_stat ax=0.379 +- 0.304 [min=-0.441, max=1.051], ay=-0.709 +- 0.309 [min=-1.107, max=0.015], az=0.051 +- 0.051 [min=0.008, max=0.182] m/s^2
[2026-07-08 20:19:43.639] [odom] [warning] gyro_stat wx=-0.020 +- 0.000 [min=-0.021, max=-0.017], wy=-0.000 +- 0.001 [min=-0.005, max=0.002], wz=0.001 +- 0.000 [min=0.000, max=0.002] rad/s
[2026-07-08 20:19:44.732] [odom] [warning] IMU prediction is not good.
[2026-07-08 20:19:44.732] [odom] [warning] Possibly T_lidar_imu is not accurate or IMU bias is not well estimated.
[2026-07-08 20:19:44.732] [odom] [warning] IMU validation results:
[2026-07-08 20:19:44.732] [odom] [warning] num_validations=21632
[2026-07-08 20:19:44.732] [odom] [warning] No-IMU errors rot=0.212 +- 0.270 deg, trans=0.023 +- 0.014 m, vel=0.028 +- 0.021 m/s
[2026-07-08 20:19:44.732] [odom] [warning] IMU errors rot=0.070 +- 0.059 deg, trans=0.027 +- 0.017 m, vel=0.080 +- 0.045 m/s
[2026-07-08 20:19:44.732] [odom] [warning] IMU better ratios rot=0.85, trans=0.02, vel=0.07
[2026-07-08 20:19:45.237] [glim] [info] playback speed: 3.304x
[2026-07-08 20:19:45.985] [odom] [warning] IMU bias estimation seems inaccurate.
[2026-07-08 20:19:45.985] [odom] [warning] Possibly T_lidar_imu is not accurate or LiDAR-IMU synchronization is not correct.
[2026-07-08 20:19:45.985] [odom] [warning] IMU bias validation results:
[2026-07-08 20:19:45.985] [odom] [warning] num_bias_validations=22208
[2026-07-08 20:19:45.985] [odom] [warning] bias_acc=[1.061, -0.324, 0.060] m/s^2, bias_gyro=[-0.019, 0.001, 0.002] rad/s
[2026-07-08 20:19:45.985] [odom] [warning] acc_stat ax=0.381 +- 0.306 [min=-0.441, max=1.061], ay=-0.707 +- 0.309 [min=-1.107, max=0.015], az=0.051 +- 0.051 [min=0.008, max=0.182] m/s^2
[2026-07-08 20:19:45.985] [odom] [warning] gyro_stat wx=-0.020 +- 0.000 [min=-0.021, max=-0.017], wy=-0.000 +- 0.001 [min=-0.005, max=0.002], wz=0.001 +- 0.000 [min=0.000, max=0.002] rad/s
[2026-07-08 20:19:47.063] [odom] [warning] IMU prediction is not good.
[2026-07-08 20:19:47.063] [odom] [warning] Possibly T_lidar_imu is not accurate or IMU bias is not well estimated.
[2026-07-08 20:19:47.063] [odom] [warning] IMU validation results:
[2026-07-08 20:19:47.063] [odom] [warning] num_validations=21696
[2026-07-08 20:19:47.064] [odom] [warning] No-IMU errors rot=0.212 +- 0.270 deg, trans=0.023 +- 0.014 m, vel=0.028 +- 0.021 m/s
[2026-07-08 20:19:47.064] [odom] [warning] IMU errors rot=0.070 +- 0.059 deg, trans=0.027 +- 0.017 m, vel=0.080 +- 0.045 m/s
[2026-07-08 20:19:47.064] [odom] [warning] IMU better ratios rot=0.85, trans=0.02, vel=0.07
[2026-07-08 20:19:48.020] [odom] [warning] IMU bias estimation seems inaccurate.
[2026-07-08 20:19:48.020] [odom] [warning] Possibly T_lidar_imu is not accurate or LiDAR-IMU synchronization is not correct.
[2026-07-08 20:19:48.020] [odom] [warning] IMU bias validation results:
[2026-07-08 20:19:48.020] [odom] [warning] num_bias_validations=22272
[2026-07-08 20:19:48.020] [odom] [warning] bias_acc=[1.074, -0.323, 0.058] m/s^2, bias_gyro=[-0.019, 0.000, 0.002] rad/s
[2026-07-08 20:19:48.020] [odom] [warning] acc_stat ax=0.383 +- 0.308 [min=-0.441, max=1.074], ay=-0.706 +- 0.310 [min=-1.107, max=0.015], az=0.051 +- 0.051 [min=0.008, max=0.182] m/s^2
[2026-07-08 20:19:48.020] [odom] [warning] gyro_stat wx=-0.019 +- 0.000 [min=-0.021, max=-0.017], wy=-0.000 +- 0.001 [min=-0.005, max=0.002], wz=0.001 +- 0.000 [min=0.000, max=0.002] rad/s
[2026-07-08 20:19:49.459] [odom] [warning] IMU prediction is not good.
[2026-07-08 20:19:49.459] [odom] [warning] Possibly T_lidar_imu is not accurate or IMU bias is not well estimated.
[2026-07-08 20:19:49.459] [odom] [warning] IMU validation results:
[2026-07-08 20:19:49.459] [odom] [warning] num_validations=21760
[2026-07-08 20:19:49.459] [odom] [warning] No-IMU errors rot=0.213 +- 0.270 deg, trans=0.023 +- 0.014 m, vel=0.028 +- 0.021 m/s
[2026-07-08 20:19:49.459] [odom] [warning] IMU errors rot=0.070 +- 0.059 deg, trans=0.027 +- 0.017 m, vel=0.080 +- 0.044 m/s
[2026-07-08 20:19:49.459] [odom] [warning] IMU better ratios rot=0.85, trans=0.02, vel=0.07
[2026-07-08 20:19:50.266] [glim] [info] playback speed: 2.702x
[2026-07-08 20:19:51.049] [odom] [warning] IMU bias estimation seems inaccurate.
[2026-07-08 20:19:51.049] [odom] [warning] Possibly T_lidar_imu is not accurate or LiDAR-IMU synchronization is not correct.
[2026-07-08 20:19:51.049] [odom] [warning] IMU bias validation results:
[2026-07-08 20:19:51.049] [odom] [warning] num_bias_validations=22336
[2026-07-08 20:19:51.049] [odom] [warning] bias_acc=[1.088, -0.333, 0.056] m/s^2, bias_gyro=[-0.019, -0.002, 0.001] rad/s
[2026-07-08 20:19:51.049] [odom] [warning] acc_stat ax=0.385 +- 0.310 [min=-0.441, max=1.088], ay=-0.705 +- 0.310 [min=-1.107, max=0.015], az=0.051 +- 0.051 [min=0.008, max=0.182] m/s^2
[2026-07-08 20:19:51.049] [odom] [warning] gyro_stat wx=-0.019 +- 0.000 [min=-0.021, max=-0.017], wy=-0.000 +- 0.001 [min=-0.005, max=0.002], wz=0.001 +- 0.000 [min=0.000, max=0.002] rad/s
[2026-07-08 20:19:52.938] [odom] [warning] IMU prediction is not good.
[2026-07-08 20:19:52.938] [odom] [warning] Possibly T_lidar_imu is not accurate or IMU bias is not well estimated.
[2026-07-08 20:19:52.938] [odom] [warning] IMU validation results:
[2026-07-08 20:19:52.938] [odom] [warning] num_validations=21824
[2026-07-08 20:19:52.938] [odom] [warning] No-IMU errors rot=0.215 +- 0.274 deg, trans=0.023 +- 0.014 m, vel=0.028 +- 0.021 m/s
[2026-07-08 20:19:52.938] [odom] [warning] IMU errors rot=0.071 +- 0.059 deg, trans=0.027 +- 0.017 m, vel=0.080 +- 0.045 m/s
[2026-07-08 20:19:52.938] [odom] [warning] IMU better ratios rot=0.85, trans=0.02, vel=0.07
[2026-07-08 20:19:54.707] [odom] [warning] IMU bias estimation seems inaccurate.
[2026-07-08 20:19:54.707] [odom] [warning] Possibly T_lidar_imu is not accurate or LiDAR-IMU synchronization is not correct.
[2026-07-08 20:19:54.707] [odom] [warning] IMU bias validation results:
[2026-07-08 20:19:54.707] [odom] [warning] num_bias_validations=22400
[2026-07-08 20:19:54.707] [odom] [warning] bias_acc=[1.097, -0.379, 0.054] m/s^2, bias_gyro=[-0.019, -0.004, 0.001] rad/s
[2026-07-08 20:19:54.707] [odom] [warning] acc_stat ax=0.387 +- 0.311 [min=-0.441, max=1.097], ay=-0.704 +- 0.310 [min=-1.107, max=0.015], az=0.051 +- 0.051 [min=0.008, max=0.182] m/s^2
[2026-07-08 20:19:54.707] [odom] [warning] gyro_stat wx=-0.019 +- 0.000 [min=-0.021, max=-0.017], wy=-0.000 +- 0.001 [min=-0.005, max=0.002], wz=0.001 +- 0.000 [min=0.000, max=0.002] rad/s
[2026-07-08 20:19:55.284] [glim] [info] playback speed: 1.819x
[2026-07-08 20:19:55.824] [odom] [warning] IMU prediction is not good.
[2026-07-08 20:19:55.824] [odom] [warning] Possibly T_lidar_imu is not accurate or IMU bias is not well estimated.
[2026-07-08 20:19:55.824] [odom] [warning] IMU validation results:
[2026-07-08 20:19:55.824] [odom] [warning] num_validations=21888
[2026-07-08 20:19:55.824] [odom] [warning] No-IMU errors rot=0.215 +- 0.274 deg, trans=0.023 +- 0.014 m, vel=0.028 +- 0.021 m/s
[2026-07-08 20:19:55.824] [odom] [warning] IMU errors rot=0.070 +- 0.059 deg, trans=0.027 +- 0.017 m, vel=0.081 +- 0.045 m/s
[2026-07-08 20:19:55.824] [odom] [warning] IMU better ratios rot=0.85, trans=0.02, vel=0.07
[2026-07-08 20:19:56.271] [odom] [warning] IMU bias estimation seems inaccurate.
[2026-07-08 20:19:56.271] [odom] [warning] Possibly T_lidar_imu is not accurate or LiDAR-IMU synchronization is not correct.
[2026-07-08 20:19:56.271] [odom] [warning] IMU bias validation results:
[2026-07-08 20:19:56.271] [odom] [warning] num_bias_validations=22464
[2026-07-08 20:19:56.271] [odom] [warning] bias_acc=[1.106, -0.427, 0.052] m/s^2, bias_gyro=[-0.019, -0.003, 0.001] rad/s
[2026-07-08 20:19:56.271] [odom] [warning] acc_stat ax=0.389 +- 0.313 [min=-0.441, max=1.106], ay=-0.704 +- 0.310 [min=-1.107, max=0.015], az=0.051 +- 0.051 [min=0.008, max=0.182] m/s^2
[2026-07-08 20:19:56.271] [odom] [warning] gyro_stat wx=-0.019 +- 0.000 [min=-0.021, max=-0.017], wy=-0.000 +- 0.001 [min=-0.005, max=0.002], wz=0.001 +- 0.000 [min=0.000, max=0.002] rad/s
[2026-07-08 20:19:57.979] [odom] [warning] IMU prediction is not good.
[2026-07-08 20:19:57.979] [odom] [warning] Possibly T_lidar_imu is not accurate or IMU bias is not well estimated.
[2026-07-08 20:19:57.979] [odom] [warning] IMU validation results:
[2026-07-08 20:19:57.979] [odom] [warning] num_validations=21952
[2026-07-08 20:19:57.979] [odom] [warning] No-IMU errors rot=0.215 +- 0.274 deg, trans=0.024 +- 0.014 m, vel=0.028 +- 0.021 m/s
[2026-07-08 20:19:57.979] [odom] [warning] IMU errors rot=0.070 +- 0.059 deg, trans=0.027 +- 0.017 m, vel=0.081 +- 0.045 m/s
[2026-07-08 20:19:57.979] [odom] [warning] IMU better ratios rot=0.85, trans=0.02, vel=0.07
[2026-07-08 20:19:59.329] [odom] [warning] IMU bias estimation seems inaccurate.
[2026-07-08 20:19:59.329] [odom] [warning] Possibly T_lidar_imu is not accurate or LiDAR-IMU synchronization is not correct.
[2026-07-08 20:19:59.329] [odom] [warning] IMU bias validation results:
[2026-07-08 20:19:59.329] [odom] [warning] num_bias_validations=22528
[2026-07-08 20:19:59.329] [odom] [warning] bias_acc=[1.118, -0.470, 0.052] m/s^2, bias_gyro=[-0.020, -0.002, 0.001] rad/s
[2026-07-08 20:19:59.329] [odom] [warning] acc_stat ax=0.391 +- 0.315 [min=-0.441, max=1.118], ay=-0.703 +- 0.310 [min=-1.107, max=0.015], az=0.051 +- 0.051 [min=0.008, max=0.182] m/s^2
[2026-07-08 20:19:59.329] [odom] [warning] gyro_stat wx=-0.019 +- 0.000 [min=-0.021, max=-0.017], wy=-0.000 +- 0.001 [min=-0.005, max=0.002], wz=0.001 +- 0.000 [min=0.000, max=0.002] rad/s
[2026-07-08 20:19:59.780] [odom] [warning] IMU prediction is not good.
[2026-07-08 20:19:59.780] [odom] [warning] Possibly T_lidar_imu is not accurate or IMU bias is not well estimated.
[2026-07-08 20:19:59.780] [odom] [warning] IMU validation results:
[2026-07-08 20:19:59.780] [odom] [warning] num_validations=22016
[2026-07-08 20:19:59.780] [odom] [warning] No-IMU errors rot=0.214 +- 0.273 deg, trans=0.024 +- 0.014 m, vel=0.028 +- 0.021 m/s
[2026-07-08 20:19:59.780] [odom] [warning] IMU errors rot=0.070 +- 0.059 deg, trans=0.027 +- 0.017 m, vel=0.081 +- 0.046 m/s
[2026-07-08 20:19:59.780] [odom] [warning] IMU better ratios rot=0.85, trans=0.02, vel=0.07
[2026-07-08 20:20:00.295] [glim] [info] playback speed: 3.319x
[2026-07-08 20:20:00.991] [odom] [warning] IMU bias estimation seems inaccurate.
[2026-07-08 20:20:00.991] [odom] [warning] Possibly T_lidar_imu is not accurate or LiDAR-IMU synchronization is not correct.
[2026-07-08 20:20:00.991] [odom] [warning] IMU bias validation results:
[2026-07-08 20:20:00.991] [odom] [warning] num_bias_validations=22592
[2026-07-08 20:20:00.991] [odom] [warning] bias_acc=[1.124, -0.514, 0.050] m/s^2, bias_gyro=[-0.019, -0.002, 0.001] rad/s
[2026-07-08 20:20:00.991] [odom] [warning] acc_stat ax=0.393 +- 0.317 [min=-0.441, max=1.124], ay=-0.702 +- 0.309 [min=-1.107, max=0.015], az=0.051 +- 0.051 [min=0.008, max=0.182] m/s^2
[2026-07-08 20:20:00.991] [odom] [warning] gyro_stat wx=-0.019 +- 0.000 [min=-0.021, max=-0.017], wy=-0.000 +- 0.001 [min=-0.005, max=0.002], wz=0.001 +- 0.000 [min=0.000, max=0.002] rad/s
[2026-07-08 20:20:02.287] [odom] [warning] IMU prediction is not good.
[2026-07-08 20:20:02.287] [odom] [warning] Possibly T_lidar_imu is not accurate or IMU bias is not well estimated.
[2026-07-08 20:20:02.287] [odom] [warning] IMU validation results:
[2026-07-08 20:20:02.287] [odom] [warning] num_validations=22080
[2026-07-08 20:20:02.287] [odom] [warning] No-IMU errors rot=0.214 +- 0.273 deg, trans=0.024 +- 0.014 m, vel=0.028 +- 0.021 m/s
[2026-07-08 20:20:02.287] [odom] [warning] IMU errors rot=0.070 +- 0.059 deg, trans=0.027 +- 0.017 m, vel=0.082 +- 0.046 m/s
[2026-07-08 20:20:02.287] [odom] [warning] IMU better ratios rot=0.85, trans=0.02, vel=0.07
[2026-07-08 20:20:03.269] [odom] [warning] IMU bias estimation seems inaccurate.
[2026-07-08 20:20:03.269] [odom] [warning] Possibly T_lidar_imu is not accurate or LiDAR-IMU synchronization is not correct.
[2026-07-08 20:20:03.269] [odom] [warning] IMU bias validation results:
[2026-07-08 20:20:03.269] [odom] [warning] num_bias_validations=22656
[2026-07-08 20:20:03.269] [odom] [warning] bias_acc=[1.126, -0.555, 0.049] m/s^2, bias_gyro=[-0.019, -0.002, 0.001] rad/s
[2026-07-08 20:20:03.269] [odom] [warning] acc_stat ax=0.395 +- 0.319 [min=-0.441, max=1.126], ay=-0.702 +- 0.309 [min=-1.107, max=0.015], az=0.051 +- 0.050 [min=0.008, max=0.182] m/s^2
[2026-07-08 20:20:03.269] [odom] [warning] gyro_stat wx=-0.019 +- 0.000 [min=-0.021, max=-0.017], wy=-0.000 +- 0.001 [min=-0.005, max=0.002], wz=0.001 +- 0.000 [min=0.000, max=0.002] rad/s
[2026-07-08 20:20:04.911] [odom] [warning] IMU prediction is not good.
[2026-07-08 20:20:04.911] [odom] [warning] Possibly T_lidar_imu is not accurate or IMU bias is not well estimated.
[2026-07-08 20:20:04.911] [odom] [warning] IMU validation results:
[2026-07-08 20:20:04.911] [odom] [warning] num_validations=22144
[2026-07-08 20:20:04.911] [odom] [warning] No-IMU errors rot=0.214 +- 0.273 deg, trans=0.024 +- 0.015 m, vel=0.028 +- 0.021 m/s
[2026-07-08 20:20:04.911] [odom] [warning] IMU errors rot=0.071 +- 0.059 deg, trans=0.027 +- 0.017 m, vel=0.082 +- 0.046 m/s
[2026-07-08 20:20:04.911] [odom] [warning] IMU better ratios rot=0.85, trans=0.02, vel=0.07
[2026-07-08 20:20:05.297] [glim] [info] playback speed: 2.575x
[2026-07-08 20:20:05.939] [odom] [warning] IMU bias estimation seems inaccurate.
[2026-07-08 20:20:05.939] [odom] [warning] Possibly T_lidar_imu is not accurate or LiDAR-IMU synchronization is not correct.
[2026-07-08 20:20:05.939] [odom] [warning] IMU bias validation results:
[2026-07-08 20:20:05.939] [odom] [warning] num_bias_validations=22720
[2026-07-08 20:20:05.939] [odom] [warning] bias_acc=[1.122, -0.598, 0.048] m/s^2, bias_gyro=[-0.019, -0.002, 0.001] rad/s
[2026-07-08 20:20:05.939] [odom] [warning] acc_stat ax=0.397 +- 0.321 [min=-0.441, max=1.126], ay=-0.702 +- 0.309 [min=-1.107, max=0.015], az=0.051 +- 0.050 [min=0.008, max=0.182] m/s^2
[2026-07-08 20:20:05.939] [odom] [warning] gyro_stat wx=-0.019 +- 0.000 [min=-0.021, max=-0.017], wy=-0.000 +- 0.001 [min=-0.005, max=0.002], wz=0.001 +- 0.000 [min=0.000, max=0.002] rad/s
[2026-07-08 20:20:07.342] [odom] [warning] IMU prediction is not good.
[2026-07-08 20:20:07.342] [odom] [warning] Possibly T_lidar_imu is not accurate or IMU bias is not well estimated.
[2026-07-08 20:20:07.342] [odom] [warning] IMU validation results:
[2026-07-08 20:20:07.342] [odom] [warning] num_validations=22208
[2026-07-08 20:20:07.342] [odom] [warning] No-IMU errors rot=0.215 +- 0.273 deg, trans=0.024 +- 0.015 m, vel=0.028 +- 0.021 m/s
[2026-07-08 20:20:07.342] [odom] [warning] IMU errors rot=0.071 +- 0.059 deg, trans=0.028 +- 0.017 m, vel=0.082 +- 0.046 m/s
[2026-07-08 20:20:07.342] [odom] [warning] IMU better ratios rot=0.85, trans=0.02, vel=0.07
[2026-07-08 20:20:08.771] [odom] [warning] IMU bias estimation seems inaccurate.
[2026-07-08 20:20:08.771] [odom] [warning] Possibly T_lidar_imu is not accurate or LiDAR-IMU synchronization is not correct.
[2026-07-08 20:20:08.771] [odom] [warning] IMU bias validation results:
[2026-07-08 20:20:08.771] [odom] [warning] num_bias_validations=22784
[2026-07-08 20:20:08.771] [odom] [warning] bias_acc=[1.123, -0.630, 0.047] m/s^2, bias_gyro=[-0.019, 0.000, 0.001] rad/s
[2026-07-08 20:20:08.771] [odom] [warning] acc_stat ax=0.399 +- 0.323 [min=-0.441, max=1.126], ay=-0.701 +- 0.308 [min=-1.107, max=0.015], az=0.051 +- 0.050 [min=0.008, max=0.182] m/s^2
[2026-07-08 20:20:08.771] [odom] [warning] gyro_stat wx=-0.019 +- 0.000 [min=-0.021, max=-0.017], wy=-0.000 +- 0.001 [min=-0.005, max=0.002], wz=0.001 +- 0.000 [min=0.000, max=0.002] rad/s
[2026-07-08 20:20:09.716] [odom] [warning] IMU prediction is not good.
[2026-07-08 20:20:09.716] [odom] [warning] Possibly T_lidar_imu is not accurate or IMU bias is not well estimated.
[2026-07-08 20:20:09.716] [odom] [warning] IMU validation results:
[2026-07-08 20:20:09.716] [odom] [warning] num_validations=22272
[2026-07-08 20:20:09.716] [odom] [warning] No-IMU errors rot=0.215 +- 0.273 deg, trans=0.024 +- 0.014 m, vel=0.028 +- 0.021 m/s
[2026-07-08 20:20:09.716] [odom] [warning] IMU errors rot=0.071 +- 0.059 deg, trans=0.028 +- 0.017 m, vel=0.082 +- 0.046 m/s
[2026-07-08 20:20:09.716] [odom] [warning] IMU better ratios rot=0.85, trans=0.02, vel=0.07
[2026-07-08 20:20:10.321] [glim] [info] playback speed: 2.846x
[2026-07-08 20:20:10.363] [odom] [warning] IMU bias estimation seems inaccurate.
[2026-07-08 20:20:10.363] [odom] [warning] Possibly T_lidar_imu is not accurate or LiDAR-IMU synchronization is not correct.
[2026-07-08 20:20:10.363] [odom] [warning] IMU bias validation results:
[2026-07-08 20:20:10.363] [odom] [warning] num_bias_validations=22848
[2026-07-08 20:20:10.363] [odom] [warning] bias_acc=[1.123, -0.661, 0.046] m/s^2, bias_gyro=[-0.019, -0.000, 0.001] rad/s
[2026-07-08 20:20:10.363] [odom] [warning] acc_stat ax=0.401 +- 0.325 [min=-0.441, max=1.126], ay=-0.701 +- 0.308 [min=-1.107, max=0.015], az=0.051 +- 0.050 [min=0.008, max=0.182] m/s^2
[2026-07-08 20:20:10.363] [odom] [warning] gyro_stat wx=-0.019 +- 0.000 [min=-0.021, max=-0.017], wy=-0.000 +- 0.001 [min=-0.005, max=0.002], wz=0.001 +- 0.000 [min=0.000, max=0.002] rad/s
[2026-07-08 20:20:12.068] [odom] [warning] IMU prediction is not good.
[2026-07-08 20:20:12.068] [odom] [warning] Possibly T_lidar_imu is not accurate or IMU bias is not well estimated.
[2026-07-08 20:20:12.068] [odom] [warning] IMU validation results:
[2026-07-08 20:20:12.068] [odom] [warning] num_validations=22336
[2026-07-08 20:20:12.068] [odom] [warning] No-IMU errors rot=0.215 +- 0.273 deg, trans=0.024 +- 0.014 m, vel=0.028 +- 0.021 m/s
[2026-07-08 20:20:12.068] [odom] [warning] IMU errors rot=0.071 +- 0.059 deg, trans=0.028 +- 0.017 m, vel=0.082 +- 0.046 m/s
[2026-07-08 20:20:12.068] [odom] [warning] IMU better ratios rot=0.85, trans=0.02, vel=0.07
[2026-07-08 20:20:13.069] [odom] [warning] IMU bias estimation seems inaccurate.
[2026-07-08 20:20:13.069] [odom] [warning] Possibly T_lidar_imu is not accurate or LiDAR-IMU synchronization is not correct.
[2026-07-08 20:20:13.069] [odom] [warning] IMU bias validation results:
[2026-07-08 20:20:13.069] [odom] [warning] num_bias_validations=22912
[2026-07-08 20:20:13.069] [odom] [warning] bias_acc=[1.120, -0.693, 0.046] m/s^2, bias_gyro=[-0.019, -0.001, 0.001] rad/s
[2026-07-08 20:20:13.069] [odom] [warning] acc_stat ax=0.403 +- 0.326 [min=-0.441, max=1.126], ay=-0.701 +- 0.307 [min=-1.107, max=0.015], az=0.051 +- 0.050 [min=0.008, max=0.182] m/s^2
[2026-07-08 20:20:13.069] [odom] [warning] gyro_stat wx=-0.019 +- 0.000 [min=-0.021, max=-0.017], wy=-0.000 +- 0.001 [min=-0.005, max=0.002], wz=0.001 +- 0.000 [min=0.000, max=0.002] rad/s
[2026-07-08 20:20:14.840] [odom] [warning] IMU prediction is not good.
[2026-07-08 20:20:14.840] [odom] [warning] Possibly T_lidar_imu is not accurate or IMU bias is not well estimated.
[2026-07-08 20:20:14.840] [odom] [warning] IMU validation results:
[2026-07-08 20:20:14.840] [odom] [warning] num_validations=22400
[2026-07-08 20:20:14.840] [odom] [warning] No-IMU errors rot=0.215 +- 0.273 deg, trans=0.024 +- 0.014 m, vel=0.028 +- 0.021 m/s
[2026-07-08 20:20:14.840] [odom] [warning] IMU errors rot=0.071 +- 0.059 deg, trans=0.028 +- 0.017 m, vel=0.082 +- 0.046 m/s
[2026-07-08 20:20:14.840] [odom] [warning] IMU better ratios rot=0.85, trans=0.02, vel=0.07
[2026-07-08 20:20:15.266] [odom] [warning] IMU bias estimation seems inaccurate.
[2026-07-08 20:20:15.266] [odom] [warning] Possibly T_lidar_imu is not accurate or LiDAR-IMU synchronization is not correct.
[2026-07-08 20:20:15.266] [odom] [warning] IMU bias validation results:
[2026-07-08 20:20:15.266] [odom] [warning] num_bias_validations=22976
[2026-07-08 20:20:15.266] [odom] [warning] bias_acc=[1.118, -0.725, 0.046] m/s^2, bias_gyro=[-0.019, -0.000, 0.002] rad/s
[2026-07-08 20:20:15.266] [odom] [warning] acc_stat ax=0.405 +- 0.328 [min=-0.441, max=1.126], ay=-0.701 +- 0.307 [min=-1.107, max=0.015], az=0.051 +- 0.050 [min=0.008, max=0.182] m/s^2
[2026-07-08 20:20:15.266] [odom] [warning] gyro_stat wx=-0.019 +- 0.000 [min=-0.021, max=-0.017], wy=-0.000 +- 0.001 [min=-0.005, max=0.002], wz=0.001 +- 0.000 [min=0.000, max=0.002] rad/s
[2026-07-08 20:20:15.326] [glim] [info] playback speed: 2.675x
[2026-07-08 20:20:16.240] [odom] [warning] IMU prediction is not good.
[2026-07-08 20:20:16.240] [odom] [warning] Possibly T_lidar_imu is not accurate or IMU bias is not well estimated.
[2026-07-08 20:20:16.240] [odom] [warning] IMU validation results:
[2026-07-08 20:20:16.240] [odom] [warning] num_validations=22464
[2026-07-08 20:20:16.240] [odom] [warning] No-IMU errors rot=0.214 +- 0.272 deg, trans=0.024 +- 0.014 m, vel=0.028 +- 0.021 m/s
[2026-07-08 20:20:16.240] [odom] [warning] IMU errors rot=0.071 +- 0.059 deg, trans=0.028 +- 0.017 m, vel=0.083 +- 0.046 m/s
[2026-07-08 20:20:16.240] [odom] [warning] IMU better ratios rot=0.85, trans=0.02, vel=0.07
[2026-07-08 20:20:17.801] [odom] [warning] IMU bias estimation seems inaccurate.
[2026-07-08 20:20:17.801] [odom] [warning] Possibly T_lidar_imu is not accurate or LiDAR-IMU synchronization is not correct.
[2026-07-08 20:20:17.801] [odom] [warning] IMU bias validation results:
[2026-07-08 20:20:17.801] [odom] [warning] num_bias_validations=23040
[2026-07-08 20:20:17.801] [odom] [warning] bias_acc=[1.114, -0.756, 0.046] m/s^2, bias_gyro=[-0.020, 0.000, 0.002] rad/s
[2026-07-08 20:20:17.801] [odom] [warning] acc_stat ax=0.407 +- 0.330 [min=-0.441, max=1.126], ay=-0.702 +- 0.307 [min=-1.107, max=0.015], az=0.051 +- 0.050 [min=0.008, max=0.182] m/s^2
[2026-07-08 20:20:17.801] [odom] [warning] gyro_stat wx=-0.019 +- 0.000 [min=-0.021, max=-0.017], wy=-0.000 +- 0.001 [min=-0.005, max=0.002], wz=0.001 +- 0.000 [min=0.000, max=0.002] rad/s
[2026-07-08 20:20:19.596] [odom] [warning] IMU prediction is not good.
[2026-07-08 20:20:19.596] [odom] [warning] Possibly T_lidar_imu is not accurate or IMU bias is not well estimated.
[2026-07-08 20:20:19.596] [odom] [warning] IMU validation results:
[2026-07-08 20:20:19.596] [odom] [warning] num_validations=22528
[2026-07-08 20:20:19.596] [odom] [warning] No-IMU errors rot=0.214 +- 0.272 deg, trans=0.024 +- 0.014 m, vel=0.028 +- 0.021 m/s
[2026-07-08 20:20:19.596] [odom] [warning] IMU errors rot=0.071 +- 0.059 deg, trans=0.028 +- 0.017 m, vel=0.083 +- 0.046 m/s
[2026-07-08 20:20:19.596] [odom] [warning] IMU better ratios rot=0.85, trans=0.02, vel=0.07
[2026-07-08 20:20:20.370] [glim] [info] playback speed: 2.292x
[2026-07-08 20:20:21.137] [odom] [warning] IMU bias estimation seems inaccurate.
[2026-07-08 20:20:21.137] [odom] [warning] Possibly T_lidar_imu is not accurate or LiDAR-IMU synchronization is not correct.
[2026-07-08 20:20:21.137] [odom] [warning] IMU bias validation results:
[2026-07-08 20:20:21.137] [odom] [warning] num_bias_validations=23104
[2026-07-08 20:20:21.137] [odom] [warning] bias_acc=[1.111, -0.787, 0.046] m/s^2, bias_gyro=[-0.020, -0.000, 0.002] rad/s
[2026-07-08 20:20:21.137] [odom] [warning] acc_stat ax=0.409 +- 0.331 [min=-0.441, max=1.126], ay=-0.702 +- 0.306 [min=-1.107, max=0.015], az=0.051 +- 0.050 [min=0.008, max=0.182] m/s^2
[2026-07-08 20:20:21.137] [odom] [warning] gyro_stat wx=-0.019 +- 0.000 [min=-0.021, max=-0.017], wy=-0.000 +- 0.001 [min=-0.005, max=0.002], wz=0.001 +- 0.000 [min=0.000, max=0.002] rad/s
[2026-07-08 20:20:23.010] [odom] [warning] IMU prediction is not good.
[2026-07-08 20:20:23.010] [odom] [warning] Possibly T_lidar_imu is not accurate or IMU bias is not well estimated.
[2026-07-08 20:20:23.010] [odom] [warning] IMU validation results:
[2026-07-08 20:20:23.010] [odom] [warning] num_validations=22592
[2026-07-08 20:20:23.010] [odom] [warning] No-IMU errors rot=0.214 +- 0.272 deg, trans=0.024 +- 0.014 m, vel=0.028 +- 0.021 m/s
[2026-07-08 20:20:23.010] [odom] [warning] IMU errors rot=0.071 +- 0.059 deg, trans=0.028 +- 0.017 m, vel=0.083 +- 0.046 m/s
[2026-07-08 20:20:23.010] [odom] [warning] IMU better ratios rot=0.85, trans=0.02, vel=0.07
[2026-07-08 20:20:23.458] [odom] [warning] IMU bias estimation seems inaccurate.
[2026-07-08 20:20:23.458] [odom] [warning] Possibly T_lidar_imu is not accurate or LiDAR-IMU synchronization is not correct.
[2026-07-08 20:20:23.458] [odom] [warning] IMU bias validation results:
[2026-07-08 20:20:23.458] [odom] [warning] num_bias_validations=23168
[2026-07-08 20:20:23.458] [odom] [warning] bias_acc=[1.107, -0.816, 0.045] m/s^2, bias_gyro=[-0.019, 0.000, 0.002] rad/s
[2026-07-08 20:20:23.458] [odom] [warning] acc_stat ax=0.411 +- 0.333 [min=-0.441, max=1.126], ay=-0.702 +- 0.306 [min=-1.107, max=0.015], az=0.051 +- 0.050 [min=0.008, max=0.182] m/s^2
[2026-07-08 20:20:23.458] [odom] [warning] gyro_stat wx=-0.019 +- 0.000 [min=-0.021, max=-0.017], wy=-0.000 +- 0.001 [min=-0.005, max=0.002], wz=0.001 +- 0.000 [min=0.000, max=0.002] rad/s
[2026-07-08 20:20:24.155] [odom] [warning] IMU prediction is not good.
[2026-07-08 20:20:24.155] [odom] [warning] Possibly T_lidar_imu is not accurate or IMU bias is not well estimated.
[2026-07-08 20:20:24.155] [odom] [warning] IMU validation results:
[2026-07-08 20:20:24.155] [odom] [warning] num_validations=22656
[2026-07-08 20:20:24.155] [odom] [warning] No-IMU errors rot=0.213 +- 0.271 deg, trans=0.024 +- 0.014 m, vel=0.028 +- 0.021 m/s
[2026-07-08 20:20:24.155] [odom] [warning] IMU errors rot=0.071 +- 0.059 deg, trans=0.028 +- 0.017 m, vel=0.083 +- 0.046 m/s
[2026-07-08 20:20:24.155] [odom] [warning] IMU better ratios rot=0.85, trans=0.02, vel=0.07
[2026-07-08 20:20:25.371] [glim] [info] playback speed: 2.779x
[2026-07-08 20:20:25.676] [odom] [warning] IMU bias estimation seems inaccurate.
[2026-07-08 20:20:25.676] [odom] [warning] Possibly T_lidar_imu is not accurate or LiDAR-IMU synchronization is not correct.
[2026-07-08 20:20:25.676] [odom] [warning] IMU bias validation results:
[2026-07-08 20:20:25.676] [odom] [warning] num_bias_validations=23232
[2026-07-08 20:20:25.676] [odom] [warning] bias_acc=[1.101, -0.843, 0.045] m/s^2, bias_gyro=[-0.019, 0.000, 0.002] rad/s
[2026-07-08 20:20:25.676] [odom] [warning] acc_stat ax=0.413 +- 0.335 [min=-0.441, max=1.126], ay=-0.702 +- 0.305 [min=-1.107, max=0.015], az=0.051 +- 0.050 [min=0.008, max=0.182] m/s^2
[2026-07-08 20:20:25.676] [odom] [warning] gyro_stat wx=-0.019 +- 0.000 [min=-0.021, max=-0.017], wy=-0.000 +- 0.001 [min=-0.005, max=0.002], wz=0.001 +- 0.000 [min=0.000, max=0.002] rad/s
[2026-07-08 20:20:26.071] [odom] [warning] IMU prediction is not good.
[2026-07-08 20:20:26.071] [odom] [warning] Possibly T_lidar_imu is not accurate or IMU bias is not well estimated.
[2026-07-08 20:20:26.071] [odom] [warning] IMU validation results:
[2026-07-08 20:20:26.071] [odom] [warning] num_validations=22720
[2026-07-08 20:20:26.071] [odom] [warning] No-IMU errors rot=0.213 +- 0.271 deg, trans=0.024 +- 0.014 m, vel=0.028 +- 0.021 m/s
[2026-07-08 20:20:26.071] [odom] [warning] IMU errors rot=0.071 +- 0.059 deg, trans=0.028 +- 0.017 m, vel=0.083 +- 0.046 m/s
[2026-07-08 20:20:26.071] [odom] [warning] IMU better ratios rot=0.85, trans=0.02, vel=0.07
[2026-07-08 20:20:27.316] [odom] [warning] IMU bias estimation seems inaccurate.
[2026-07-08 20:20:27.316] [odom] [warning] Possibly T_lidar_imu is not accurate or LiDAR-IMU synchronization is not correct.
[2026-07-08 20:20:27.316] [odom] [warning] IMU bias validation results:
[2026-07-08 20:20:27.316] [odom] [warning] num_bias_validations=23296
[2026-07-08 20:20:27.316] [odom] [warning] bias_acc=[1.093, -0.867, 0.045] m/s^2, bias_gyro=[-0.019, 0.001, 0.002] rad/s
[2026-07-08 20:20:27.316] [odom] [warning] acc_stat ax=0.415 +- 0.336 [min=-0.441, max=1.126], ay=-0.703 +- 0.305 [min=-1.107, max=0.015], az=0.051 +- 0.050 [min=0.008, max=0.182] m/s^2
[2026-07-08 20:20:27.316] [odom] [warning] gyro_stat wx=-0.019 +- 0.000 [min=-0.021, max=-0.017], wy=-0.000 +- 0.001 [min=-0.005, max=0.002], wz=0.001 +- 0.000 [min=0.000, max=0.002] rad/s
[2026-07-08 20:20:28.859] [odom] [warning] IMU prediction is not good.
[2026-07-08 20:20:28.859] [odom] [warning] Possibly T_lidar_imu is not accurate or IMU bias is not well estimated.
[2026-07-08 20:20:28.859] [odom] [warning] IMU validation results:
[2026-07-08 20:20:28.859] [odom] [warning] num_validations=22784
[2026-07-08 20:20:28.859] [odom] [warning] No-IMU errors rot=0.213 +- 0.271 deg, trans=0.024 +- 0.014 m, vel=0.028 +- 0.021 m/s
[2026-07-08 20:20:28.859] [odom] [warning] IMU errors rot=0.071 +- 0.059 deg, trans=0.028 +- 0.017 m, vel=0.083 +- 0.046 m/s
[2026-07-08 20:20:28.859] [odom] [warning] IMU better ratios rot=0.85, trans=0.02, vel=0.07
[2026-07-08 20:20:29.167] [odom] [warning] IMU bias estimation seems inaccurate.
[2026-07-08 20:20:29.167] [odom] [warning] Possibly T_lidar_imu is not accurate or LiDAR-IMU synchronization is not correct.
[2026-07-08 20:20:29.167] [odom] [warning] IMU bias validation results:
[2026-07-08 20:20:29.167] [odom] [warning] num_bias_validations=23360
[2026-07-08 20:20:29.167] [odom] [warning] bias_acc=[1.082, -0.889, 0.045] m/s^2, bias_gyro=[-0.019, 0.001, 0.002] rad/s
[2026-07-08 20:20:29.167] [odom] [warning] acc_stat ax=0.417 +- 0.337 [min=-0.441, max=1.126], ay=-0.703 +- 0.305 [min=-1.107, max=0.015], az=0.051 +- 0.050 [min=0.008, max=0.182] m/s^2
[2026-07-08 20:20:29.167] [odom] [warning] gyro_stat wx=-0.019 +- 0.000 [min=-0.021, max=-0.017], wy=-0.000 +- 0.001 [min=-0.005, max=0.002], wz=0.001 +- 0.000 [min=0.000, max=0.002] rad/s
[2026-07-08 20:20:30.274] [odom] [warning] IMU prediction is not good.
[2026-07-08 20:20:30.274] [odom] [warning] Possibly T_lidar_imu is not accurate or IMU bias is not well estimated.
[2026-07-08 20:20:30.274] [odom] [warning] IMU validation results:
[2026-07-08 20:20:30.274] [odom] [warning] num_validations=22848
[2026-07-08 20:20:30.274] [odom] [warning] No-IMU errors rot=0.213 +- 0.270 deg, trans=0.024 +- 0.014 m, vel=0.028 +- 0.021 m/s
[2026-07-08 20:20:30.274] [odom] [warning] IMU errors rot=0.071 +- 0.059 deg, trans=0.028 +- 0.017 m, vel=0.083 +- 0.046 m/s
[2026-07-08 20:20:30.274] [odom] [warning] IMU better ratios rot=0.85, trans=0.02, vel=0.07
[2026-07-08 20:20:30.410] [glim] [info] playback speed: 3.402x
[2026-07-08 20:20:31.802] [odom] [warning] IMU bias estimation seems inaccurate.
[2026-07-08 20:20:31.802] [odom] [warning] Possibly T_lidar_imu is not accurate or LiDAR-IMU synchronization is not correct.
[2026-07-08 20:20:31.802] [odom] [warning] IMU bias validation results:
[2026-07-08 20:20:31.802] [odom] [warning] num_bias_validations=23424
[2026-07-08 20:20:31.802] [odom] [warning] bias_acc=[1.070, -0.909, 0.045] m/s^2, bias_gyro=[-0.019, 0.001, 0.002] rad/s
[2026-07-08 20:20:31.802] [odom] [warning] acc_stat ax=0.419 +- 0.339 [min=-0.441, max=1.126], ay=-0.704 +- 0.305 [min=-1.107, max=0.015], az=0.051 +- 0.050 [min=0.008, max=0.182] m/s^2
[2026-07-08 20:20:31.802] [odom] [warning] gyro_stat wx=-0.019 +- 0.000 [min=-0.021, max=-0.017], wy=-0.000 +- 0.001 [min=-0.005, max=0.002], wz=0.001 +- 0.000 [min=0.000, max=0.002] rad/s
[2026-07-08 20:20:32.496] [odom] [warning] IMU prediction is not good.
[2026-07-08 20:20:32.496] [odom] [warning] Possibly T_lidar_imu is not accurate or IMU bias is not well estimated.
[2026-07-08 20:20:32.496] [odom] [warning] IMU validation results:
[2026-07-08 20:20:32.496] [odom] [warning] num_validations=22912
[2026-07-08 20:20:32.496] [odom] [warning] No-IMU errors rot=0.213 +- 0.270 deg, trans=0.024 +- 0.014 m, vel=0.028 +- 0.021 m/s
[2026-07-08 20:20:32.496] [odom] [warning] IMU errors rot=0.071 +- 0.059 deg, trans=0.028 +- 0.017 m, vel=0.083 +- 0.046 m/s
[2026-07-08 20:20:32.496] [odom] [warning] IMU better ratios rot=0.85, trans=0.02, vel=0.07
[2026-07-08 20:20:33.064] [odom] [warning] IMU bias estimation seems inaccurate.
[2026-07-08 20:20:33.064] [odom] [warning] Possibly T_lidar_imu is not accurate or LiDAR-IMU synchronization is not correct.
[2026-07-08 20:20:33.064] [odom] [warning] IMU bias validation results:
[2026-07-08 20:20:33.064] [odom] [warning] num_bias_validations=23488
[2026-07-08 20:20:33.064] [odom] [warning] bias_acc=[1.054, -0.933, 0.046] m/s^2, bias_gyro=[-0.020, 0.001, 0.002] rad/s
[2026-07-08 20:20:33.064] [odom] [warning] acc_stat ax=0.420 +- 0.340 [min=-0.441, max=1.126], ay=-0.705 +- 0.305 [min=-1.107, max=0.015], az=0.051 +- 0.050 [min=0.008, max=0.182] m/s^2
[2026-07-08 20:20:33.064] [odom] [warning] gyro_stat wx=-0.019 +- 0.000 [min=-0.021, max=-0.017], wy=-0.000 +- 0.001 [min=-0.005, max=0.002], wz=0.001 +- 0.000 [min=0.000, max=0.002] rad/s
[2026-07-08 20:20:34.833] [odom] [warning] IMU prediction is not good.
[2026-07-08 20:20:34.833] [odom] [warning] Possibly T_lidar_imu is not accurate or IMU bias is not well estimated.
[2026-07-08 20:20:34.833] [odom] [warning] IMU validation results:
[2026-07-08 20:20:34.833] [odom] [warning] num_validations=22976
[2026-07-08 20:20:34.833] [odom] [warning] No-IMU errors rot=0.213 +- 0.270 deg, trans=0.024 +- 0.014 m, vel=0.028 +- 0.021 m/s
[2026-07-08 20:20:34.833] [odom] [warning] IMU errors rot=0.071 +- 0.059 deg, trans=0.028 +- 0.017 m, vel=0.083 +- 0.046 m/s
[2026-07-08 20:20:34.833] [odom] [warning] IMU better ratios rot=0.85, trans=0.02, vel=0.07
[2026-07-08 20:20:35.133] [odom] [warning] IMU bias estimation seems inaccurate.
[2026-07-08 20:20:35.133] [odom] [warning] Possibly T_lidar_imu is not accurate or LiDAR-IMU synchronization is not correct.
[2026-07-08 20:20:35.133] [odom] [warning] IMU bias validation results:
[2026-07-08 20:20:35.133] [odom] [warning] num_bias_validations=23552
[2026-07-08 20:20:35.133] [odom] [warning] bias_acc=[1.036, -0.955, 0.046] m/s^2, bias_gyro=[-0.019, 0.001, 0.002] rad/s
[2026-07-08 20:20:35.133] [odom] [warning] acc_stat ax=0.422 +- 0.341 [min=-0.441, max=1.126], ay=-0.705 +- 0.304 [min=-1.107, max=0.015], az=0.051 +- 0.050 [min=0.008, max=0.182] m/s^2
[2026-07-08 20:20:35.133] [odom] [warning] gyro_stat wx=-0.019 +- 0.000 [min=-0.021, max=-0.017], wy=-0.000 +- 0.001 [min=-0.005, max=0.002], wz=0.001 +- 0.000 [min=0.000, max=0.002] rad/s
[2026-07-08 20:20:35.442] [glim] [info] playback speed: 3.325x
[2026-07-08 20:20:36.547] [odom] [warning] IMU prediction is not good.
[2026-07-08 20:20:36.547] [odom] [warning] Possibly T_lidar_imu is not accurate or IMU bias is not well estimated.
[2026-07-08 20:20:36.547] [odom] [warning] IMU validation results:
[2026-07-08 20:20:36.547] [odom] [warning] num_validations=23040
[2026-07-08 20:20:36.547] [odom] [warning] No-IMU errors rot=0.212 +- 0.270 deg, trans=0.024 +- 0.014 m, vel=0.028 +- 0.021 m/s
[2026-07-08 20:20:36.547] [odom] [warning] IMU errors rot=0.071 +- 0.059 deg, trans=0.028 +- 0.017 m, vel=0.083 +- 0.046 m/s
[2026-07-08 20:20:36.547] [odom] [warning] IMU better ratios rot=0.85, trans=0.02, vel=0.07
[2026-07-08 20:20:38.254] [odom] [warning] IMU bias estimation seems inaccurate.
[2026-07-08 20:20:38.254] [odom] [warning] Possibly T_lidar_imu is not accurate or LiDAR-IMU synchronization is not correct.
[2026-07-08 20:20:38.254] [odom] [warning] IMU bias validation results:
[2026-07-08 20:20:38.254] [odom] [warning] num_bias_validations=23616
[2026-07-08 20:20:38.254] [odom] [warning] bias_acc=[1.019, -0.976, 0.047] m/s^2, bias_gyro=[-0.019, 0.001, 0.002] rad/s
[2026-07-08 20:20:38.254] [odom] [warning] acc_stat ax=0.424 +- 0.342 [min=-0.441, max=1.126], ay=-0.706 +- 0.304 [min=-1.107, max=0.015], az=0.051 +- 0.049 [min=0.008, max=0.182] m/s^2
[2026-07-08 20:20:38.254] [odom] [warning] gyro_stat wx=-0.019 +- 0.000 [min=-0.021, max=-0.017], wy=-0.000 +- 0.001 [min=-0.005, max=0.002], wz=0.001 +- 0.000 [min=0.000, max=0.002] rad/s
[2026-07-08 20:20:39.003] [odom] [warning] IMU prediction is not good.
[2026-07-08 20:20:39.003] [odom] [warning] Possibly T_lidar_imu is not accurate or IMU bias is not well estimated.
[2026-07-08 20:20:39.003] [odom] [warning] IMU validation results:
[2026-07-08 20:20:39.003] [odom] [warning] num_validations=23104
[2026-07-08 20:20:39.003] [odom] [warning] No-IMU errors rot=0.212 +- 0.270 deg, trans=0.024 +- 0.014 m, vel=0.028 +- 0.021 m/s
[2026-07-08 20:20:39.003] [odom] [warning] IMU errors rot=0.071 +- 0.059 deg, trans=0.028 +- 0.017 m, vel=0.083 +- 0.046 m/s
[2026-07-08 20:20:39.003] [odom] [warning] IMU better ratios rot=0.85, trans=0.02, vel=0.07
[2026-07-08 20:20:39.696] [odom] [warning] IMU bias estimation seems inaccurate.
[2026-07-08 20:20:39.696] [odom] [warning] Possibly T_lidar_imu is not accurate or LiDAR-IMU synchronization is not correct.
[2026-07-08 20:20:39.696] [odom] [warning] IMU bias validation results:
[2026-07-08 20:20:39.696] [odom] [warning] num_bias_validations=23680
[2026-07-08 20:20:39.696] [odom] [warning] bias_acc=[1.000, -0.995, 0.049] m/s^2, bias_gyro=[-0.020, 0.001, 0.002] rad/s
[2026-07-08 20:20:39.696] [odom] [warning] acc_stat ax=0.425 +- 0.343 [min=-0.441, max=1.126], ay=-0.707 +- 0.304 [min=-1.107, max=0.015], az=0.051 +- 0.049 [min=0.008, max=0.182] m/s^2
[2026-07-08 20:20:39.696] [odom] [warning] gyro_stat wx=-0.019 +- 0.000 [min=-0.021, max=-0.017], wy=-0.000 +- 0.001 [min=-0.005, max=0.002], wz=0.001 +- 0.000 [min=0.000, max=0.002] rad/s
[2026-07-08 20:20:40.464] [glim] [info] playback speed: 2.747x
[2026-07-08 20:20:41.359] [odom] [warning] IMU prediction is not good.
[2026-07-08 20:20:41.359] [odom] [warning] Possibly T_lidar_imu is not accurate or IMU bias is not well estimated.
[2026-07-08 20:20:41.359] [odom] [warning] IMU validation results:
[2026-07-08 20:20:41.359] [odom] [warning] num_validations=23168
[2026-07-08 20:20:41.359] [odom] [warning] No-IMU errors rot=0.212 +- 0.269 deg, trans=0.024 +- 0.014 m, vel=0.028 +- 0.021 m/s
[2026-07-08 20:20:41.359] [odom] [warning] IMU errors rot=0.071 +- 0.059 deg, trans=0.028 +- 0.017 m, vel=0.083 +- 0.046 m/s
[2026-07-08 20:20:41.359] [odom] [warning] IMU better ratios rot=0.85, trans=0.02, vel=0.07
[2026-07-08 20:20:42.788] [odom] [warning] IMU bias estimation seems inaccurate.
[2026-07-08 20:20:42.789] [odom] [warning] Possibly T_lidar_imu is not accurate or LiDAR-IMU synchronization is not correct.
[2026-07-08 20:20:42.789] [odom] [warning] IMU bias validation results:
[2026-07-08 20:20:42.789] [odom] [warning] num_bias_validations=23744
[2026-07-08 20:20:42.789] [odom] [warning] bias_acc=[0.981, -1.013, 0.050] m/s^2, bias_gyro=[-0.020, 0.001, 0.002] rad/s
[2026-07-08 20:20:42.789] [odom] [warning] acc_stat ax=0.427 +- 0.343 [min=-0.441, max=1.126], ay=-0.708 +- 0.304 [min=-1.107, max=0.015], az=0.051 +- 0.049 [min=0.008, max=0.182] m/s^2
[2026-07-08 20:20:42.789] [odom] [warning] gyro_stat wx=-0.019 +- 0.000 [min=-0.021, max=-0.017], wy=-0.000 +- 0.001 [min=-0.005, max=0.002], wz=0.001 +- 0.000 [min=0.000, max=0.002] rad/s
[2026-07-08 20:20:43.288] [odom] [warning] IMU prediction is not good.
[2026-07-08 20:20:43.288] [odom] [warning] Possibly T_lidar_imu is not accurate or IMU bias is not well estimated.
[2026-07-08 20:20:43.288] [odom] [warning] IMU validation results:
[2026-07-08 20:20:43.288] [odom] [warning] num_validations=23232
[2026-07-08 20:20:43.288] [odom] [warning] No-IMU errors rot=0.212 +- 0.269 deg, trans=0.024 +- 0.014 m, vel=0.028 +- 0.021 m/s
[2026-07-08 20:20:43.288] [odom] [warning] IMU errors rot=0.070 +- 0.059 deg, trans=0.028 +- 0.017 m, vel=0.083 +- 0.046 m/s
[2026-07-08 20:20:43.288] [odom] [warning] IMU better ratios rot=0.85, trans=0.02, vel=0.07
[2026-07-08 20:20:44.266] [odom] [warning] IMU bias estimation seems inaccurate.
[2026-07-08 20:20:44.266] [odom] [warning] Possibly T_lidar_imu is not accurate or LiDAR-IMU synchronization is not correct.
[2026-07-08 20:20:44.266] [odom] [warning] IMU bias validation results:
[2026-07-08 20:20:44.266] [odom] [warning] num_bias_validations=23808
[2026-07-08 20:20:44.266] [odom] [warning] bias_acc=[0.961, -1.030, 0.051] m/s^2, bias_gyro=[-0.020, 0.001, 0.002] rad/s
[2026-07-08 20:20:44.266] [odom] [warning] acc_stat ax=0.428 +- 0.344 [min=-0.441, max=1.126], ay=-0.708 +- 0.304 [min=-1.107, max=0.015], az=0.051 +- 0.049 [min=0.008, max=0.182] m/s^2
[2026-07-08 20:20:44.266] [odom] [warning] gyro_stat wx=-0.019 +- 0.000 [min=-0.021, max=-0.017], wy=-0.000 +- 0.001 [min=-0.005, max=0.002], wz=0.001 +- 0.000 [min=0.000, max=0.002] rad/s
[2026-07-08 20:20:45.478] [glim] [info] playback speed: 2.711x
[2026-07-08 20:20:46.195] [odom] [warning] IMU prediction is not good.
[2026-07-08 20:20:46.195] [odom] [warning] Possibly T_lidar_imu is not accurate or IMU bias is not well estimated.
[2026-07-08 20:20:46.195] [odom] [warning] IMU validation results:
[2026-07-08 20:20:46.195] [odom] [warning] num_validations=23296
[2026-07-08 20:20:46.195] [odom] [warning] No-IMU errors rot=0.212 +- 0.269 deg, trans=0.024 +- 0.014 m, vel=0.028 +- 0.021 m/s
[2026-07-08 20:20:46.195] [odom] [warning] IMU errors rot=0.070 +- 0.059 deg, trans=0.028 +- 0.017 m, vel=0.084 +- 0.046 m/s
[2026-07-08 20:20:46.195] [odom] [warning] IMU better ratios rot=0.85, trans=0.02, vel=0.07
[2026-07-08 20:20:48.004] [odom] [warning] IMU bias estimation seems inaccurate.
[2026-07-08 20:20:48.004] [odom] [warning] Possibly T_lidar_imu is not accurate or LiDAR-IMU synchronization is not correct.
[2026-07-08 20:20:48.004] [odom] [warning] IMU bias validation results:
[2026-07-08 20:20:48.004] [odom] [warning] num_bias_validations=23872
[2026-07-08 20:20:48.004] [odom] [warning] bias_acc=[0.943, -1.047, 0.052] m/s^2, bias_gyro=[-0.020, 0.001, 0.002] rad/s
[2026-07-08 20:20:48.004] [odom] [warning] acc_stat ax=0.429 +- 0.345 [min=-0.441, max=1.126], ay=-0.709 +- 0.304 [min=-1.107, max=0.015], az=0.051 +- 0.049 [min=0.008, max=0.182] m/s^2
[2026-07-08 20:20:48.004] [odom] [warning] gyro_stat wx=-0.019 +- 0.000 [min=-0.021, max=-0.017], wy=-0.000 +- 0.001 [min=-0.005, max=0.002], wz=0.001 +- 0.000 [min=0.000, max=0.002] rad/s
[2026-07-08 20:20:48.694] [odom] [warning] IMU prediction is not good.
[2026-07-08 20:20:48.694] [odom] [warning] Possibly T_lidar_imu is not accurate or IMU bias is not well estimated.
[2026-07-08 20:20:48.694] [odom] [warning] IMU validation results:
[2026-07-08 20:20:48.694] [odom] [warning] num_validations=23360
[2026-07-08 20:20:48.694] [odom] [warning] No-IMU errors rot=0.211 +- 0.269 deg, trans=0.024 +- 0.014 m, vel=0.028 +- 0.021 m/s
[2026-07-08 20:20:48.694] [odom] [warning] IMU errors rot=0.070 +- 0.058 deg, trans=0.028 +- 0.017 m, vel=0.084 +- 0.046 m/s
[2026-07-08 20:20:48.694] [odom] [warning] IMU better ratios rot=0.85, trans=0.02, vel=0.07
[2026-07-08 20:20:49.309] [odom] [warning] IMU bias estimation seems inaccurate.
[2026-07-08 20:20:49.309] [odom] [warning] Possibly T_lidar_imu is not accurate or LiDAR-IMU synchronization is not correct.
[2026-07-08 20:20:49.309] [odom] [warning] IMU bias validation results:
[2026-07-08 20:20:49.309] [odom] [warning] num_bias_validations=23936
[2026-07-08 20:20:49.309] [odom] [warning] bias_acc=[0.923, -1.063, 0.053] m/s^2, bias_gyro=[-0.020, 0.001, 0.002] rad/s
[2026-07-08 20:20:49.309] [odom] [warning] acc_stat ax=0.431 +- 0.345 [min=-0.441, max=1.126], ay=-0.710 +- 0.305 [min=-1.107, max=0.015], az=0.051 +- 0.049 [min=0.008, max=0.182] m/s^2
[2026-07-08 20:20:49.309] [odom] [warning] gyro_stat wx=-0.019 +- 0.000 [min=-0.021, max=-0.017], wy=-0.000 +- 0.001 [min=-0.005, max=0.002], wz=0.001 +- 0.000 [min=0.000, max=0.002] rad/s
[2026-07-08 20:20:50.500] [glim] [info] playback speed: 2.626x
[2026-07-08 20:20:50.973] [odom] [warning] IMU prediction is not good.
[2026-07-08 20:20:50.973] [odom] [warning] Possibly T_lidar_imu is not accurate or IMU bias is not well estimated.
[2026-07-08 20:20:50.973] [odom] [warning] IMU validation results:
[2026-07-08 20:20:50.973] [odom] [warning] num_validations=23424
[2026-07-08 20:20:50.973] [odom] [warning] No-IMU errors rot=0.211 +- 0.268 deg, trans=0.024 +- 0.014 m, vel=0.028 +- 0.021 m/s
[2026-07-08 20:20:50.973] [odom] [warning] IMU errors rot=0.070 +- 0.058 deg, trans=0.028 +- 0.017 m, vel=0.084 +- 0.045 m/s
[2026-07-08 20:20:50.973] [odom] [warning] IMU better ratios rot=0.85, trans=0.02, vel=0.07
[2026-07-08 20:20:51.544] [odom] [warning] IMU bias estimation seems inaccurate.
[2026-07-08 20:20:51.544] [odom] [warning] Possibly T_lidar_imu is not accurate or LiDAR-IMU synchronization is not correct.
[2026-07-08 20:20:51.544] [odom] [warning] IMU bias validation results:
[2026-07-08 20:20:51.544] [odom] [warning] num_bias_validations=24000
[2026-07-08 20:20:51.544] [odom] [warning] bias_acc=[0.903, -1.080, 0.055] m/s^2, bias_gyro=[-0.020, 0.001, 0.002] rad/s
[2026-07-08 20:20:51.544] [odom] [warning] acc_stat ax=0.432 +- 0.345 [min=-0.441, max=1.126], ay=-0.711 +- 0.305 [min=-1.107, max=0.015], az=0.051 +- 0.049 [min=0.008, max=0.182] m/s^2
[2026-07-08 20:20:51.544] [odom] [warning] gyro_stat wx=-0.019 +- 0.000 [min=-0.021, max=-0.017], wy=-0.000 +- 0.001 [min=-0.005, max=0.002], wz=0.001 +- 0.000 [min=0.000, max=0.002] rad/s
[2026-07-08 20:20:52.633] [odom] [warning] IMU prediction is not good.
[2026-07-08 20:20:52.633] [odom] [warning] Possibly T_lidar_imu is not accurate or IMU bias is not well estimated.
[2026-07-08 20:20:52.633] [odom] [warning] IMU validation results:
[2026-07-08 20:20:52.633] [odom] [warning] num_validations=23488
[2026-07-08 20:20:52.633] [odom] [warning] No-IMU errors rot=0.211 +- 0.268 deg, trans=0.024 +- 0.014 m, vel=0.028 +- 0.021 m/s
[2026-07-08 20:20:52.633] [odom] [warning] IMU errors rot=0.070 +- 0.058 deg, trans=0.028 +- 0.017 m, vel=0.084 +- 0.045 m/s
[2026-07-08 20:20:52.633] [odom] [warning] IMU better ratios rot=0.85, trans=0.02, vel=0.07
[2026-07-08 20:20:53.598] [odom] [warning] IMU bias estimation seems inaccurate.
[2026-07-08 20:20:53.598] [odom] [warning] Possibly T_lidar_imu is not accurate or LiDAR-IMU synchronization is not correct.
[2026-07-08 20:20:53.598] [odom] [warning] IMU bias validation results:
[2026-07-08 20:20:53.598] [odom] [warning] num_bias_validations=24064
[2026-07-08 20:20:53.598] [odom] [warning] bias_acc=[0.880, -1.098, 0.057] m/s^2, bias_gyro=[-0.020, -0.000, 0.002] rad/s
[2026-07-08 20:20:53.598] [odom] [warning] acc_stat ax=0.433 +- 0.346 [min=-0.441, max=1.126], ay=-0.712 +- 0.305 [min=-1.107, max=0.015], az=0.051 +- 0.049 [min=0.008, max=0.182] m/s^2
[2026-07-08 20:20:53.598] [odom] [warning] gyro_stat wx=-0.019 +- 0.000 [min=-0.021, max=-0.017], wy=-0.000 +- 0.001 [min=-0.005, max=0.002], wz=0.001 +- 0.000 [min=0.000, max=0.002] rad/s
[2026-07-08 20:20:54.916] [odom] [warning] IMU prediction is not good.
[2026-07-08 20:20:54.916] [odom] [warning] Possibly T_lidar_imu is not accurate or IMU bias is not well estimated.
[2026-07-08 20:20:54.916] [odom] [warning] IMU validation results:
[2026-07-08 20:20:54.916] [odom] [warning] num_validations=23552
[2026-07-08 20:20:54.916] [odom] [warning] No-IMU errors rot=0.211 +- 0.268 deg, trans=0.024 +- 0.014 m, vel=0.028 +- 0.021 m/s
[2026-07-08 20:20:54.916] [odom] [warning] IMU errors rot=0.070 +- 0.058 deg, trans=0.028 +- 0.017 m, vel=0.084 +- 0.045 m/s
[2026-07-08 20:20:54.916] [odom] [warning] IMU better ratios rot=0.85, trans=0.02, vel=0.07
[2026-07-08 20:20:55.521] [glim] [info] playback speed: 3.091x
[2026-07-08 20:20:55.767] [odom] [warning] IMU bias estimation seems inaccurate.
[2026-07-08 20:20:55.767] [odom] [warning] Possibly T_lidar_imu is not accurate or LiDAR-IMU synchronization is not correct.
[2026-07-08 20:20:55.767] [odom] [warning] IMU bias validation results:
[2026-07-08 20:20:55.767] [odom] [warning] num_bias_validations=24128
[2026-07-08 20:20:55.767] [odom] [warning] bias_acc=[0.852, -1.117, 0.059] m/s^2, bias_gyro=[-0.020, 0.000, 0.002] rad/s
[2026-07-08 20:20:55.767] [odom] [warning] acc_stat ax=0.434 +- 0.346 [min=-0.441, max=1.126], ay=-0.713 +- 0.305 [min=-1.117, max=0.015], az=0.051 +- 0.049 [min=0.008, max=0.182] m/s^2
[2026-07-08 20:20:55.767] [odom] [warning] gyro_stat wx=-0.019 +- 0.000 [min=-0.021, max=-0.017], wy=-0.000 +- 0.001 [min=-0.005, max=0.002], wz=0.001 +- 0.000 [min=0.000, max=0.002] rad/s
[2026-07-08 20:20:57.236] [odom] [warning] IMU prediction is not good.
[2026-07-08 20:20:57.236] [odom] [warning] Possibly T_lidar_imu is not accurate or IMU bias is not well estimated.
[2026-07-08 20:20:57.236] [odom] [warning] IMU validation results:
[2026-07-08 20:20:57.236] [odom] [warning] num_validations=23616
[2026-07-08 20:20:57.236] [odom] [warning] No-IMU errors rot=0.212 +- 0.268 deg, trans=0.024 +- 0.014 m, vel=0.028 +- 0.021 m/s
[2026-07-08 20:20:57.236] [odom] [warning] IMU errors rot=0.071 +- 0.059 deg, trans=0.028 +- 0.017 m, vel=0.084 +- 0.046 m/s
[2026-07-08 20:20:57.236] [odom] [warning] IMU better ratios rot=0.85, trans=0.02, vel=0.07
[2026-07-08 20:20:58.852] [odom] [warning] IMU bias estimation seems inaccurate.
[2026-07-08 20:20:58.852] [odom] [warning] Possibly T_lidar_imu is not accurate or LiDAR-IMU synchronization is not correct.
[2026-07-08 20:20:58.852] [odom] [warning] IMU bias validation results:
[2026-07-08 20:20:58.852] [odom] [warning] num_bias_validations=24192
[2026-07-08 20:20:58.852] [odom] [warning] bias_acc=[0.820, -1.131, 0.063] m/s^2, bias_gyro=[-0.020, -0.000, 0.002] rad/s
[2026-07-08 20:20:58.852] [odom] [warning] acc_stat ax=0.435 +- 0.346 [min=-0.441, max=1.126], ay=-0.715 +- 0.306 [min=-1.131, max=0.015], az=0.051 +- 0.049 [min=0.008, max=0.182] m/s^2
[2026-07-08 20:20:58.852] [odom] [warning] gyro_stat wx=-0.019 +- 0.000 [min=-0.021, max=-0.017], wy=-0.000 +- 0.001 [min=-0.005, max=0.002], wz=0.001 +- 0.000 [min=0.000, max=0.002] rad/s
[2026-07-08 20:20:59.581] [odom] [warning] IMU prediction is not good.
[2026-07-08 20:20:59.581] [odom] [warning] Possibly T_lidar_imu is not accurate or IMU bias is not well estimated.
[2026-07-08 20:20:59.581] [odom] [warning] IMU validation results:
[2026-07-08 20:20:59.581] [odom] [warning] num_validations=23680
[2026-07-08 20:20:59.581] [odom] [warning] No-IMU errors rot=0.212 +- 0.268 deg, trans=0.024 +- 0.014 m, vel=0.028 +- 0.021 m/s
[2026-07-08 20:20:59.581] [odom] [warning] IMU errors rot=0.071 +- 0.059 deg, trans=0.028 +- 0.017 m, vel=0.084 +- 0.046 m/s
[2026-07-08 20:20:59.581] [odom] [warning] IMU better ratios rot=0.85, trans=0.02, vel=0.07
[2026-07-08 20:21:00.132] [glim] [warning] large time gap between consecutive IMU data!!
[2026-07-08 20:21:00.132] [glim] [warning] current=1783506809.821614 last=1783506807.601893 diff=2.219720
[2026-07-08 20:21:00.132] [glim] [warning] large time difference between points and imu!!
[2026-07-08 20:21:00.132] [glim] [warning] points=1783506807.403428 imu=1783506809.821614 diff=2.418185
[2026-07-08 20:21:00.132] [glim] [warning] large time difference between points and imu!!
[2026-07-08 20:21:00.132] [glim] [warning] points=1783506807.403428 imu=1783506809.831604 diff=2.428176
[2026-07-08 20:21:00.132] [glim] [warning] large time difference between points and imu!!
[2026-07-08 20:21:00.132] [glim] [warning] points=1783506807.403428 imu=1783506809.841597 diff=2.438169
[2026-07-08 20:21:00.179] [glim] [warning] large time gap between consecutive LiDAR frames!!
[2026-07-08 20:21:00.179] [glim] [warning] current=1783506808.823618 last=1783506807.504888 diff=1.318731
[2026-07-08 20:21:00.557] [glim] [info] playback speed: 3.049x
[2026-07-08 20:21:00.808] [odom] [warning] insufficient number of IMU data between LiDAR scans!! (odometry_estimation)
[2026-07-08 20:21:00.808] [odom] [warning] t_last=1783506808.823618 t_current=1783506808.924992 num_imu=0
[2026-07-08 20:21:00.854] [odom] [warning] IMU bias estimation seems inaccurate.
[2026-07-08 20:21:00.854] [odom] [warning] Possibly T_lidar_imu is not accurate or LiDAR-IMU synchronization is not correct.
[2026-07-08 20:21:00.854] [odom] [warning] IMU bias validation results:
[2026-07-08 20:21:00.854] [odom] [warning] num_bias_validations=24256
[2026-07-08 20:21:00.854] [odom] [warning] bias_acc=[0.790, -1.143, 0.066] m/s^2, bias_gyro=[-0.020, -0.001, 0.001] rad/s
[2026-07-08 20:21:00.854] [odom] [warning] acc_stat ax=0.436 +- 0.346 [min=-0.441, max=1.126], ay=-0.716 +- 0.306 [min=-1.143, max=0.015], az=0.051 +- 0.049 [min=0.008, max=0.182] m/s^2
[2026-07-08 20:21:00.854] [odom] [warning] gyro_stat wx=-0.019 +- 0.000 [min=-0.021, max=-0.017], wy=-0.000 +- 0.001 [min=-0.005, max=0.002], wz=0.001 +- 0.000 [min=0.000, max=0.002] rad/s
[2026-07-08 20:21:00.854] [odom] [warning] insufficient number of IMU data between LiDAR scans!! (odometry_estimation)
[2026-07-08 20:21:00.854] [odom] [warning] t_last=1783506808.924992 t_current=1783506809.026419 num_imu=0
[2026-07-08 20:21:00.898] [odom] [warning] insufficient number of IMU data between LiDAR scans!! (odometry_estimation)
[2026-07-08 20:21:00.898] [odom] [warning] t_last=1783506809.026419 t_current=1783506809.127852 num_imu=0
[2026-07-08 20:21:00.923] [odom] [warning] insufficient number of IMU data between LiDAR scans!! (odometry_estimation)
[2026-07-08 20:21:00.923] [odom] [warning] t_last=1783506809.127852 t_current=1783506809.229285 num_imu=0
[2026-07-08 20:21:00.931] [odom] [warning] insufficient number of IMU data between LiDAR scans!! (odometry_estimation)
[2026-07-08 20:21:00.931] [odom] [warning] t_last=1783506809.229285 t_current=1783506809.330685 num_imu=0
[2026-07-08 20:21:00.940] [odom] [warning] insufficient number of IMU data between LiDAR scans!! (odometry_estimation)
[2026-07-08 20:21:00.940] [odom] [warning] t_last=1783506809.330685 t_current=1783506809.432221 num_imu=0
[2026-07-08 20:21:00.952] [odom] [warning] insufficient number of IMU data between LiDAR scans!! (odometry_estimation)
[2026-07-08 20:21:00.952] [odom] [warning] t_last=1783506809.432221 t_current=1783506809.533568 num_imu=0
[2026-07-08 20:21:00.966] [odom] [warning] insufficient number of IMU data between LiDAR scans!! (odometry_estimation)
[2026-07-08 20:21:00.966] [odom] [warning] t_last=1783506809.533568 t_current=1783506809.635107 num_imu=0
[2026-07-08 20:21:00.978] [odom] [warning] insufficient number of IMU data between LiDAR scans!! (odometry_estimation)
[2026-07-08 20:21:00.978] [odom] [warning] t_last=1783506809.635107 t_current=1783506809.736528 num_imu=0
[2026-07-08 20:21:01.993] [odom] [warning] IMU prediction is not good.
[2026-07-08 20:21:01.993] [odom] [warning] Possibly T_lidar_imu is not accurate or IMU bias is not well estimated.
[2026-07-08 20:21:01.993] [odom] [warning] IMU validation results:
[2026-07-08 20:21:01.993] [odom] [warning] num_validations=23744
[2026-07-08 20:21:01.993] [odom] [warning] No-IMU errors rot=0.212 +- 0.269 deg, trans=0.025 +- 0.018 m, vel=0.029 +- 0.028 m/s
[2026-07-08 20:21:01.993] [odom] [warning] IMU errors rot=0.071 +- 0.061 deg, trans=0.028 +- 0.018 m, vel=0.084 +- 0.048 m/s
[2026-07-08 20:21:01.993] [odom] [warning] IMU better ratios rot=0.85, trans=0.02, vel=0.07
[2026-07-08 20:21:02.370] [submap] [warning] insufficient IMU data between LiDAR frames!! (sub_mapping)
[2026-07-08 20:21:02.401] [submap] [warning] insufficient IMU data between LiDAR frames!! (sub_mapping)
[2026-07-08 20:21:02.442] [submap] [warning] insufficient IMU data between LiDAR frames!! (sub_mapping)
[2026-07-08 20:21:02.473] [submap] [warning] insufficient IMU data between LiDAR frames!! (sub_mapping)
[2026-07-08 20:21:02.514] [submap] [warning] insufficient IMU data between LiDAR frames!! (sub_mapping)
[2026-07-08 20:21:02.555] [submap] [warning] insufficient IMU data between LiDAR frames!! (sub_mapping)
[2026-07-08 20:21:02.627] [submap] [warning] insufficient IMU data between LiDAR frames!! (sub_mapping)
[2026-07-08 20:21:02.663] [submap] [warning] insufficient IMU data between LiDAR frames!! (sub_mapping)
[2026-07-08 20:21:02.885] [odom] [warning] IMU bias estimation seems inaccurate.
[2026-07-08 20:21:02.885] [odom] [warning] Possibly T_lidar_imu is not accurate or LiDAR-IMU synchronization is not correct.
[2026-07-08 20:21:02.885] [odom] [warning] IMU bias validation results:
[2026-07-08 20:21:02.885] [odom] [warning] num_bias_validations=24320
[2026-07-08 20:21:02.885] [odom] [warning] bias_acc=[0.757, -1.150, 0.069] m/s^2, bias_gyro=[-0.020, -0.002, -0.001] rad/s
[2026-07-08 20:21:02.885] [odom] [warning] acc_stat ax=0.437 +- 0.346 [min=-0.441, max=1.126], ay=-0.717 +- 0.306 [min=-1.150, max=0.015], az=0.051 +- 0.049 [min=0.008, max=0.182] m/s^2
[2026-07-08 20:21:02.885] [odom] [warning] gyro_stat wx=-0.019 +- 0.000 [min=-0.021, max=-0.017], wy=-0.000 +- 0.001 [min=-0.005, max=0.002], wz=0.001 +- 0.000 [min=-0.001, max=0.002] rad/s
[2026-07-08 20:21:05.078] [odom] [warning] IMU prediction is not good.
[2026-07-08 20:21:05.078] [odom] [warning] Possibly T_lidar_imu is not accurate or IMU bias is not well estimated.
[2026-07-08 20:21:05.078] [odom] [warning] IMU validation results:
[2026-07-08 20:21:05.078] [odom] [warning] num_validations=23808
[2026-07-08 20:21:05.078] [odom] [warning] No-IMU errors rot=0.212 +- 0.269 deg, trans=0.025 +- 0.018 m, vel=0.028 +- 0.028 m/s
[2026-07-08 20:21:05.078] [odom] [warning] IMU errors rot=0.071 +- 0.061 deg, trans=0.028 +- 0.018 m, vel=0.084 +- 0.048 m/s
[2026-07-08 20:21:05.078] [odom] [warning] IMU better ratios rot=0.85, trans=0.02, vel=0.07
[2026-07-08 20:21:05.396] [global] [warning] insufficient IMU data between submaps (global_mapping)!!
[2026-07-08 20:21:05.467] [odom] [warning] IMU bias estimation seems inaccurate.
[2026-07-08 20:21:05.467] [odom] [warning] Possibly T_lidar_imu is not accurate or LiDAR-IMU synchronization is not correct.
[2026-07-08 20:21:05.467] [odom] [warning] IMU bias validation results:
[2026-07-08 20:21:05.467] [odom] [warning] num_bias_validations=24384
[2026-07-08 20:21:05.467] [odom] [warning] bias_acc=[0.725, -1.155, 0.071] m/s^2, bias_gyro=[-0.020, -0.001, -0.000] rad/s
[2026-07-08 20:21:05.467] [odom] [warning] acc_stat ax=0.438 +- 0.346 [min=-0.441, max=1.126], ay=-0.718 +- 0.307 [min=-1.155, max=0.015], az=0.051 +- 0.049 [min=0.008, max=0.182] m/s^2
[2026-07-08 20:21:05.467] [odom] [warning] gyro_stat wx=-0.019 +- 0.000 [min=-0.021, max=-0.017], wy=-0.000 +- 0.001 [min=-0.005, max=0.002], wz=0.001 +- 0.000 [min=-0.001, max=0.002] rad/s
[2026-07-08 20:21:05.561] [glim] [info] playback speed: 2.628x
[2026-07-08 20:21:06.439] [odom] [warning] IMU prediction is not good.
[2026-07-08 20:21:06.439] [odom] [warning] Possibly T_lidar_imu is not accurate or IMU bias is not well estimated.
[2026-07-08 20:21:06.439] [odom] [warning] IMU validation results:
[2026-07-08 20:21:06.439] [odom] [warning] num_validations=23872
[2026-07-08 20:21:06.439] [odom] [warning] No-IMU errors rot=0.212 +- 0.269 deg, trans=0.025 +- 0.018 m, vel=0.028 +- 0.028 m/s
[2026-07-08 20:21:06.439] [odom] [warning] IMU errors rot=0.071 +- 0.061 deg, trans=0.028 +- 0.018 m, vel=0.085 +- 0.048 m/s
[2026-07-08 20:21:06.439] [odom] [warning] IMU better ratios rot=0.85, trans=0.02, vel=0.07
[2026-07-08 20:21:07.791] [odom] [warning] IMU bias estimation seems inaccurate.
[2026-07-08 20:21:07.791] [odom] [warning] Possibly T_lidar_imu is not accurate or LiDAR-IMU synchronization is not correct.
[2026-07-08 20:21:07.791] [odom] [warning] IMU bias validation results:
[2026-07-08 20:21:07.791] [odom] [warning] num_bias_validations=24448
[2026-07-08 20:21:07.791] [odom] [warning] bias_acc=[0.694, -1.164, 0.074] m/s^2, bias_gyro=[-0.020, -0.000, 0.000] rad/s
[2026-07-08 20:21:07.791] [odom] [warning] acc_stat ax=0.439 +- 0.346 [min=-0.441, max=1.126], ay=-0.719 +- 0.307 [min=-1.164, max=0.015], az=0.051 +- 0.049 [min=0.008, max=0.182] m/s^2
[2026-07-08 20:21:07.791] [odom] [warning] gyro_stat wx=-0.019 +- 0.000 [min=-0.021, max=-0.017], wy=-0.000 +- 0.001 [min=-0.005, max=0.002], wz=0.001 +- 0.000 [min=-0.001, max=0.002] rad/s
[2026-07-08 20:21:10.074] [odom] [warning] IMU prediction is not good.
[2026-07-08 20:21:10.074] [odom] [warning] Possibly T_lidar_imu is not accurate or IMU bias is not well estimated.
[2026-07-08 20:21:10.074] [odom] [warning] IMU validation results:
[2026-07-08 20:21:10.074] [odom] [warning] num_validations=23936
[2026-07-08 20:21:10.074] [odom] [warning] No-IMU errors rot=0.212 +- 0.268 deg, trans=0.025 +- 0.018 m, vel=0.028 +- 0.028 m/s
[2026-07-08 20:21:10.074] [odom] [warning] IMU errors rot=0.071 +- 0.061 deg, trans=0.029 +- 0.018 m, vel=0.085 +- 0.048 m/s
[2026-07-08 20:21:10.074] [odom] [warning] IMU better ratios rot=0.85, trans=0.02, vel=0.07
[2026-07-08 20:21:10.598] [glim] [info] playback speed: 2.316x
[2026-07-08 20:21:11.552] [odom] [warning] IMU bias estimation seems inaccurate.
[2026-07-08 20:21:11.552] [odom] [warning] Possibly T_lidar_imu is not accurate or LiDAR-IMU synchronization is not correct.
[2026-07-08 20:21:11.552] [odom] [warning] IMU bias validation results:
[2026-07-08 20:21:11.552] [odom] [warning] num_bias_validations=24512
[2026-07-08 20:21:11.552] [odom] [warning] bias_acc=[0.665, -1.175, 0.076] m/s^2, bias_gyro=[-0.020, -0.000, 0.000] rad/s
[2026-07-08 20:21:11.552] [odom] [warning] acc_stat ax=0.439 +- 0.345 [min=-0.441, max=1.126], ay=-0.720 +- 0.308 [min=-1.175, max=0.015], az=0.051 +- 0.049 [min=0.008, max=0.182] m/s^2
[2026-07-08 20:21:11.552] [odom] [warning] gyro_stat wx=-0.019 +- 0.000 [min=-0.021, max=-0.017], wy=-0.000 +- 0.001 [min=-0.005, max=0.002], wz=0.001 +- 0.000 [min=-0.001, max=0.002] rad/s
[2026-07-08 20:21:12.568] [odom] [warning] IMU prediction is not good.
[2026-07-08 20:21:12.568] [odom] [warning] Possibly T_lidar_imu is not accurate or IMU bias is not well estimated.
[2026-07-08 20:21:12.568] [odom] [warning] IMU validation results:
[2026-07-08 20:21:12.568] [odom] [warning] num_validations=24000
[2026-07-08 20:21:12.568] [odom] [warning] No-IMU errors rot=0.212 +- 0.268 deg, trans=0.025 +- 0.018 m, vel=0.028 +- 0.028 m/s
[2026-07-08 20:21:12.568] [odom] [warning] IMU errors rot=0.071 +- 0.061 deg, trans=0.029 +- 0.018 m, vel=0.085 +- 0.048 m/s
[2026-07-08 20:21:12.568] [odom] [warning] IMU better ratios rot=0.85, trans=0.02, vel=0.07
[2026-07-08 20:21:13.095] [odom] [warning] IMU bias estimation seems inaccurate.
[2026-07-08 20:21:13.095] [odom] [warning] Possibly T_lidar_imu is not accurate or LiDAR-IMU synchronization is not correct.
[2026-07-08 20:21:13.095] [odom] [warning] IMU bias validation results:
[2026-07-08 20:21:13.095] [odom] [warning] num_bias_validations=24576
[2026-07-08 20:21:13.095] [odom] [warning] bias_acc=[0.634, -1.182, 0.078] m/s^2, bias_gyro=[-0.020, -0.001, 0.000] rad/s
[2026-07-08 20:21:13.095] [odom] [warning] acc_stat ax=0.440 +- 0.345 [min=-0.441, max=1.126], ay=-0.722 +- 0.308 [min=-1.182, max=0.015], az=0.051 +- 0.049 [min=0.008, max=0.182] m/s^2
[2026-07-08 20:21:13.095] [odom] [warning] gyro_stat wx=-0.019 +- 0.000 [min=-0.021, max=-0.017], wy=-0.000 +- 0.001 [min=-0.005, max=0.002], wz=0.001 +- 0.000 [min=-0.001, max=0.002] rad/s
[2026-07-08 20:21:15.190] [odom] [warning] IMU prediction is not good.
[2026-07-08 20:21:15.190] [odom] [warning] Possibly T_lidar_imu is not accurate or IMU bias is not well estimated.
[2026-07-08 20:21:15.190] [odom] [warning] IMU validation results:
[2026-07-08 20:21:15.190] [odom] [warning] num_validations=24064
[2026-07-08 20:21:15.190] [odom] [warning] No-IMU errors rot=0.213 +- 0.268 deg, trans=0.025 +- 0.018 m, vel=0.028 +- 0.028 m/s
[2026-07-08 20:21:15.190] [odom] [warning] IMU errors rot=0.071 +- 0.061 deg, trans=0.029 +- 0.018 m, vel=0.085 +- 0.048 m/s
[2026-07-08 20:21:15.190] [odom] [warning] IMU better ratios rot=0.85, trans=0.02, vel=0.07
[2026-07-08 20:21:15.641] [glim] [info] playback speed: 2.554x
[2026-07-08 20:21:16.657] [odom] [warning] IMU bias estimation seems inaccurate.
[2026-07-08 20:21:16.657] [odom] [warning] Possibly T_lidar_imu is not accurate or LiDAR-IMU synchronization is not correct.
[2026-07-08 20:21:16.657] [odom] [warning] IMU bias validation results:
[2026-07-08 20:21:16.657] [odom] [warning] num_bias_validations=24640
[2026-07-08 20:21:16.658] [odom] [warning] bias_acc=[0.605, -1.179, 0.079] m/s^2, bias_gyro=[-0.020, -0.001, 0.001] rad/s
[2026-07-08 20:21:16.658] [odom] [warning] acc_stat ax=0.440 +- 0.345 [min=-0.441, max=1.126], ay=-0.723 +- 0.309 [min=-1.182, max=0.015], az=0.051 +- 0.049 [min=0.008, max=0.182] m/s^2
[2026-07-08 20:21:16.658] [odom] [warning] gyro_stat wx=-0.019 +- 0.000 [min=-0.021, max=-0.017], wy=-0.000 +- 0.001 [min=-0.005, max=0.002], wz=0.001 +- 0.000 [min=-0.001, max=0.002] rad/s
[2026-07-08 20:21:17.986] [odom] [warning] IMU prediction is not good.
[2026-07-08 20:21:17.986] [odom] [warning] Possibly T_lidar_imu is not accurate or IMU bias is not well estimated.
[2026-07-08 20:21:17.986] [odom] [warning] IMU validation results:
[2026-07-08 20:21:17.986] [odom] [warning] num_validations=24128
[2026-07-08 20:21:17.986] [odom] [warning] No-IMU errors rot=0.214 +- 0.269 deg, trans=0.025 +- 0.018 m, vel=0.028 +- 0.028 m/s
[2026-07-08 20:21:17.986] [odom] [warning] IMU errors rot=0.071 +- 0.061 deg, trans=0.029 +- 0.018 m, vel=0.085 +- 0.048 m/s
[2026-07-08 20:21:17.986] [odom] [warning] IMU better ratios rot=0.85, trans=0.02, vel=0.07
[2026-07-08 20:21:18.334] [odom] [warning] IMU bias estimation seems inaccurate.
[2026-07-08 20:21:18.334] [odom] [warning] Possibly T_lidar_imu is not accurate or LiDAR-IMU synchronization is not correct.
[2026-07-08 20:21:18.334] [odom] [warning] IMU bias validation results:
[2026-07-08 20:21:18.334] [odom] [warning] num_bias_validations=24704
[2026-07-08 20:21:18.334] [odom] [warning] bias_acc=[0.575, -1.187, 0.082] m/s^2, bias_gyro=[-0.021, 0.001, 0.001] rad/s
[2026-07-08 20:21:18.334] [odom] [warning] acc_stat ax=0.440 +- 0.344 [min=-0.441, max=1.126], ay=-0.724 +- 0.309 [min=-1.187, max=0.015], az=0.052 +- 0.048 [min=0.008, max=0.182] m/s^2
[2026-07-08 20:21:18.334] [odom] [warning] gyro_stat wx=-0.020 +- 0.000 [min=-0.021, max=-0.017], wy=-0.000 +- 0.001 [min=-0.005, max=0.002], wz=0.001 +- 0.000 [min=-0.001, max=0.002] rad/s
[2026-07-08 20:21:20.315] [odom] [warning] IMU prediction is not good.
[2026-07-08 20:21:20.315] [odom] [warning] Possibly T_lidar_imu is not accurate or IMU bias is not well estimated.
[2026-07-08 20:21:20.315] [odom] [warning] IMU validation results:
[2026-07-08 20:21:20.315] [odom] [warning] num_validations=24192
[2026-07-08 20:21:20.315] [odom] [warning] No-IMU errors rot=0.214 +- 0.269 deg, trans=0.025 +- 0.018 m, vel=0.028 +- 0.028 m/s
[2026-07-08 20:21:20.315] [odom] [warning] IMU errors rot=0.071 +- 0.061 deg, trans=0.029 +- 0.018 m, vel=0.085 +- 0.048 m/s
[2026-07-08 20:21:20.315] [odom] [warning] IMU better ratios rot=0.85, trans=0.02, vel=0.07
[2026-07-08 20:21:20.667] [glim] [info] playback speed: 2.543x
[2026-07-08 20:21:20.948] [odom] [warning] IMU bias estimation seems inaccurate.
[2026-07-08 20:21:20.948] [odom] [warning] Possibly T_lidar_imu is not accurate or LiDAR-IMU synchronization is not correct.
[2026-07-08 20:21:20.948] [odom] [warning] IMU bias validation results:
[2026-07-08 20:21:20.948] [odom] [warning] num_bias_validations=24768
[2026-07-08 20:21:20.948] [odom] [warning] bias_acc=[0.542, -1.204, 0.088] m/s^2, bias_gyro=[-0.020, 0.001, 0.001] rad/s
[2026-07-08 20:21:20.948] [odom] [warning] acc_stat ax=0.441 +- 0.344 [min=-0.441, max=1.126], ay=-0.725 +- 0.310 [min=-1.204, max=0.015], az=0.052 +- 0.048 [min=0.008, max=0.182] m/s^2
[2026-07-08 20:21:20.948] [odom] [warning] gyro_stat wx=-0.020 +- 0.000 [min=-0.021, max=-0.017], wy=-0.000 +- 0.001 [min=-0.005, max=0.002], wz=0.001 +- 0.000 [min=-0.001, max=0.002] rad/s
[2026-07-08 20:21:21.709] [odom] [warning] IMU prediction is not good.
[2026-07-08 20:21:21.709] [odom] [warning] Possibly T_lidar_imu is not accurate or IMU bias is not well estimated.
[2026-07-08 20:21:21.709] [odom] [warning] IMU validation results:
[2026-07-08 20:21:21.709] [odom] [warning] num_validations=24256
[2026-07-08 20:21:21.709] [odom] [warning] No-IMU errors rot=0.214 +- 0.269 deg, trans=0.025 +- 0.018 m, vel=0.028 +- 0.028 m/s
[2026-07-08 20:21:21.709] [odom] [warning] IMU errors rot=0.071 +- 0.061 deg, trans=0.029 +- 0.018 m, vel=0.085 +- 0.048 m/s
[2026-07-08 20:21:21.709] [odom] [warning] IMU better ratios rot=0.85, trans=0.02, vel=0.07
[2026-07-08 20:21:22.884] [odom] [warning] IMU bias estimation seems inaccurate.
[2026-07-08 20:21:22.884] [odom] [warning] Possibly T_lidar_imu is not accurate or LiDAR-IMU synchronization is not correct.
[2026-07-08 20:21:22.884] [odom] [warning] IMU bias validation results:
[2026-07-08 20:21:22.884] [odom] [warning] num_bias_validations=24832
[2026-07-08 20:21:22.884] [odom] [warning] bias_acc=[0.512, -1.221, 0.092] m/s^2, bias_gyro=[-0.020, 0.001, 0.001] rad/s
[2026-07-08 20:21:22.884] [odom] [warning] acc_stat ax=0.441 +- 0.344 [min=-0.441, max=1.126], ay=-0.726 +- 0.310 [min=-1.221, max=0.015], az=0.052 +- 0.048 [min=0.008, max=0.182] m/s^2
[2026-07-08 20:21:22.884] [odom] [warning] gyro_stat wx=-0.020 +- 0.000 [min=-0.021, max=-0.017], wy=-0.000 +- 0.001 [min=-0.005, max=0.002], wz=0.001 +- 0.000 [min=-0.001, max=0.002] rad/s
[2026-07-08 20:21:23.874] [glim] [warning] large time gap between consecutive LiDAR frames!!
[2026-07-08 20:21:23.874] [glim] [warning] current=1783506875.160208 last=1783506870.494329 diff=4.665880
[2026-07-08 20:21:24.079] [odom] [warning] waiting for IMU data (scan_end_time=1783506875.261535, last_imu_time=1783506870.605344 |frames|=11)
[2026-07-08 20:21:24.089] [odom] [warning] waiting for IMU data (scan_end_time=1783506875.261535, last_imu_time=1783506870.605344 |frames|=11)
[2026-07-08 20:21:24.099] [odom] [warning] waiting for IMU data (scan_end_time=1783506875.261535, last_imu_time=1783506870.605344 |frames|=11)
[2026-07-08 20:21:24.109] [odom] [warning] waiting for IMU data (scan_end_time=1783506875.261535, last_imu_time=1783506870.605344 |frames|=11)
[2026-07-08 20:21:24.119] [odom] [warning] waiting for IMU data (scan_end_time=1783506875.261535, last_imu_time=1783506870.605344 |frames|=12)
[2026-07-08 20:21:24.130] [odom] [warning] waiting for IMU data (scan_end_time=1783506875.261535, last_imu_time=1783506870.605344 |frames|=12)
[2026-07-08 20:21:24.140] [odom] [warning] waiting for IMU data (scan_end_time=1783506875.261535, last_imu_time=1783506870.605344 |frames|=12)
[2026-07-08 20:21:24.150] [odom] [warning] waiting for IMU data (scan_end_time=1783506875.261535, last_imu_time=1783506870.605344 |frames|=12)
[2026-07-08 20:21:24.160] [odom] [warning] waiting for IMU data (scan_end_time=1783506875.261535, last_imu_time=1783506870.605344 |frames|=13)
[2026-07-08 20:21:24.170] [odom] [warning] waiting for IMU data (scan_end_time=1783506875.261535, last_imu_time=1783506870.605344 |frames|=13)
[2026-07-08 20:21:24.180] [odom] [warning] waiting for IMU data (scan_end_time=1783506875.261535, last_imu_time=1783506870.605344 |frames|=13)
[2026-07-08 20:21:24.191] [odom] [warning] waiting for IMU data (scan_end_time=1783506875.261535, last_imu_time=1783506870.605344 |frames|=13)
[2026-07-08 20:21:24.201] [odom] [warning] waiting for IMU data (scan_end_time=1783506875.261535, last_imu_time=1783506870.605344 |frames|=13)
[2026-07-08 20:21:24.211] [odom] [warning] waiting for IMU data (scan_end_time=1783506875.261535, last_imu_time=1783506870.605344 |frames|=14)
[2026-07-08 20:21:24.221] [odom] [warning] waiting for IMU data (scan_end_time=1783506875.261535, last_imu_time=1783506870.605344 |frames|=14)
[2026-07-08 20:21:24.231] [odom] [warning] waiting for IMU data (scan_end_time=1783506875.261535, last_imu_time=1783506870.605344 |frames|=14)
[2026-07-08 20:21:24.241] [odom] [warning] waiting for IMU data (scan_end_time=1783506875.261535, last_imu_time=1783506870.605344 |frames|=14)
[2026-07-08 20:21:24.252] [odom] [warning] waiting for IMU data (scan_end_time=1783506875.261535, last_imu_time=1783506870.605344 |frames|=14)
[2026-07-08 20:21:24.262] [odom] [warning] waiting for IMU data (scan_end_time=1783506875.261535, last_imu_time=1783506870.605344 |frames|=15)
[2026-07-08 20:21:24.272] [odom] [warning] waiting for IMU data (scan_end_time=1783506875.261535, last_imu_time=1783506870.605344 |frames|=15)
[2026-07-08 20:21:24.282] [odom] [warning] waiting for IMU data (scan_end_time=1783506875.261535, last_imu_time=1783506870.605344 |frames|=15)
[2026-07-08 20:21:24.292] [odom] [warning] waiting for IMU data (scan_end_time=1783506875.261535, last_imu_time=1783506870.605344 |frames|=15)
[2026-07-08 20:21:24.302] [odom] [warning] waiting for IMU data (scan_end_time=1783506875.261535, last_imu_time=1783506870.605344 |frames|=15)
[2026-07-08 20:21:24.313] [odom] [warning] waiting for IMU data (scan_end_time=1783506875.261535, last_imu_time=1783506870.605344 |frames|=15)
[2026-07-08 20:21:24.323] [odom] [warning] waiting for IMU data (scan_end_time=1783506875.261535, last_imu_time=1783506870.605344 |frames|=16)
[2026-07-08 20:21:24.333] [odom] [warning] waiting for IMU data (scan_end_time=1783506875.261535, last_imu_time=1783506870.605344 |frames|=16)
[2026-07-08 20:21:24.343] [odom] [warning] waiting for IMU data (scan_end_time=1783506875.261535, last_imu_time=1783506870.605344 |frames|=16)
[2026-07-08 20:21:24.353] [odom] [warning] waiting for IMU data (scan_end_time=1783506875.261535, last_imu_time=1783506870.605344 |frames|=16)
[2026-07-08 20:21:24.364] [odom] [warning] waiting for IMU data (scan_end_time=1783506875.261535, last_imu_time=1783506870.605344 |frames|=16)
[2026-07-08 20:21:24.374] [odom] [warning] waiting for IMU data (scan_end_time=1783506875.261535, last_imu_time=1783506870.605344 |frames|=16)
[2026-07-08 20:21:24.384] [odom] [warning] waiting for IMU data (scan_end_time=1783506875.261535, last_imu_time=1783506870.605344 |frames|=17)
[2026-07-08 20:21:24.394] [odom] [warning] waiting for IMU data (scan_end_time=1783506875.261535, last_imu_time=1783506870.605344 |frames|=17)
[2026-07-08 20:21:24.404] [odom] [warning] waiting for IMU data (scan_end_time=1783506875.261535, last_imu_time=1783506870.605344 |frames|=17)
[2026-07-08 20:21:24.415] [odom] [warning] waiting for IMU data (scan_end_time=1783506875.261535, last_imu_time=1783506870.605344 |frames|=17)
[2026-07-08 20:21:24.425] [odom] [warning] waiting for IMU data (scan_end_time=1783506875.261535, last_imu_time=1783506870.605344 |frames|=17)
[2026-07-08 20:21:24.435] [odom] [warning] waiting for IMU data (scan_end_time=1783506875.261535, last_imu_time=1783506870.605344 |frames|=17)
[2026-07-08 20:21:24.445] [odom] [warning] waiting for IMU data (scan_end_time=1783506875.261535, last_imu_time=1783506870.605344 |frames|=17)
[2026-07-08 20:21:24.455] [odom] [warning] waiting for IMU data (scan_end_time=1783506875.261535, last_imu_time=1783506870.605344 |frames|=18)
[2026-07-08 20:21:24.466] [odom] [warning] waiting for IMU data (scan_end_time=1783506875.261535, last_imu_time=1783506870.605344 |frames|=18)
[2026-07-08 20:21:24.476] [odom] [warning] waiting for IMU data (scan_end_time=1783506875.261535, last_imu_time=1783506870.605344 |frames|=18)
[2026-07-08 20:21:24.486] [odom] [warning] waiting for IMU data (scan_end_time=1783506875.261535, last_imu_time=1783506870.605344 |frames|=18)
[2026-07-08 20:21:24.496] [odom] [warning] waiting for IMU data (scan_end_time=1783506875.261535, last_imu_time=1783506870.605344 |frames|=18)
[2026-07-08 20:21:24.506] [odom] [warning] waiting for IMU data (scan_end_time=1783506875.261535, last_imu_time=1783506870.605344 |frames|=18)
[2026-07-08 20:21:24.517] [odom] [warning] waiting for IMU data (scan_end_time=1783506875.261535, last_imu_time=1783506870.605344 |frames|=18)
[2026-07-08 20:21:24.527] [odom] [warning] waiting for IMU data (scan_end_time=1783506875.261535, last_imu_time=1783506870.605344 |frames|=18)
[2026-07-08 20:21:24.537] [odom] [warning] waiting for IMU data (scan_end_time=1783506875.261535, last_imu_time=1783506870.605344 |frames|=19)
[2026-07-08 20:21:24.547] [odom] [warning] waiting for IMU data (scan_end_time=1783506875.261535, last_imu_time=1783506870.605344 |frames|=19)
[2026-07-08 20:21:24.558] [odom] [warning] waiting for IMU data (scan_end_time=1783506875.261535, last_imu_time=1783506870.605344 |frames|=19)
[2026-07-08 20:21:24.568] [odom] [warning] waiting for IMU data (scan_end_time=1783506875.261535, last_imu_time=1783506870.605344 |frames|=19)
[2026-07-08 20:21:24.578] [odom] [warning] waiting for IMU data (scan_end_time=1783506875.261535, last_imu_time=1783506870.605344 |frames|=19)
[2026-07-08 20:21:24.588] [odom] [warning] waiting for IMU data (scan_end_time=1783506875.261535, last_imu_time=1783506870.605344 |frames|=19)
[2026-07-08 20:21:24.598] [odom] [warning] waiting for IMU data (scan_end_time=1783506875.261535, last_imu_time=1783506870.605344 |frames|=19)
[2026-07-08 20:21:24.608] [odom] [warning] waiting for IMU data (scan_end_time=1783506875.261535, last_imu_time=1783506870.605344 |frames|=19)
[2026-07-08 20:21:24.619] [odom] [warning] waiting for IMU data (scan_end_time=1783506875.261535, last_imu_time=1783506870.605344 |frames|=20)
[2026-07-08 20:21:24.629] [odom] [warning] waiting for IMU data (scan_end_time=1783506875.261535, last_imu_time=1783506870.605344 |frames|=20)
[2026-07-08 20:21:24.639] [odom] [warning] waiting for IMU data (scan_end_time=1783506875.261535, last_imu_time=1783506870.605344 |frames|=20)
[2026-07-08 20:21:24.649] [odom] [warning] waiting for IMU data (scan_end_time=1783506875.261535, last_imu_time=1783506870.605344 |frames|=20)
[2026-07-08 20:21:24.659] [odom] [warning] waiting for IMU data (scan_end_time=1783506875.261535, last_imu_time=1783506870.605344 |frames|=20)
[2026-07-08 20:21:24.670] [odom] [warning] waiting for IMU data (scan_end_time=1783506875.261535, last_imu_time=1783506870.605344 |frames|=20)
[2026-07-08 20:21:24.680] [odom] [warning] waiting for IMU data (scan_end_time=1783506875.261535, last_imu_time=1783506870.605344 |frames|=20)
[2026-07-08 20:21:24.690] [odom] [warning] waiting for IMU data (scan_end_time=1783506875.261535, last_imu_time=1783506870.605344 |frames|=20)
[2026-07-08 20:21:24.700] [odom] [warning] waiting for IMU data (scan_end_time=1783506875.261535, last_imu_time=1783506870.605344 |frames|=21)
[2026-07-08 20:21:24.710] [odom] [warning] waiting for IMU data (scan_end_time=1783506875.261535, last_imu_time=1783506870.605344 |frames|=21)
[2026-07-08 20:21:24.721] [odom] [warning] waiting for IMU data (scan_end_time=1783506875.261535, last_imu_time=1783506870.605344 |frames|=21)
[2026-07-08 20:21:24.731] [odom] [warning] waiting for IMU data (scan_end_time=1783506875.261535, last_imu_time=1783506870.605344 |frames|=21)
[2026-07-08 20:21:24.741] [odom] [warning] waiting for IMU data (scan_end_time=1783506875.261535, last_imu_time=1783506870.605344 |frames|=21)
[2026-07-08 20:21:24.751] [odom] [warning] waiting for IMU data (scan_end_time=1783506875.261535, last_imu_time=1783506870.605344 |frames|=21)
[2026-07-08 20:21:24.761] [odom] [warning] waiting for IMU data (scan_end_time=1783506875.261535, last_imu_time=1783506870.605344 |frames|=21)
[2026-07-08 20:21:24.771] [odom] [warning] waiting for IMU data (scan_end_time=1783506875.261535, last_imu_time=1783506870.605344 |frames|=21)
[2026-07-08 20:21:24.782] [odom] [warning] waiting for IMU data (scan_end_time=1783506875.261535, last_imu_time=1783506870.605344 |frames|=21)
[2026-07-08 20:21:24.792] [odom] [warning] waiting for IMU data (scan_end_time=1783506875.261535, last_imu_time=1783506870.605344 |frames|=22)
[2026-07-08 20:21:24.802] [odom] [warning] waiting for IMU data (scan_end_time=1783506875.261535, last_imu_time=1783506870.605344 |frames|=22)
[2026-07-08 20:21:24.812] [odom] [warning] waiting for IMU data (scan_end_time=1783506875.261535, last_imu_time=1783506870.605344 |frames|=22)
[2026-07-08 20:21:24.823] [odom] [warning] waiting for IMU data (scan_end_time=1783506875.261535, last_imu_time=1783506870.605344 |frames|=22)
[2026-07-08 20:21:24.833] [odom] [warning] waiting for IMU data (scan_end_time=1783506875.261535, last_imu_time=1783506870.605344 |frames|=22)
[2026-07-08 20:21:24.843] [odom] [warning] waiting for IMU data (scan_end_time=1783506875.261535, last_imu_time=1783506870.605344 |frames|=22)
[2026-07-08 20:21:24.853] [odom] [warning] waiting for IMU data (scan_end_time=1783506875.261535, last_imu_time=1783506870.605344 |frames|=22)
[2026-07-08 20:21:24.863] [odom] [warning] waiting for IMU data (scan_end_time=1783506875.261535, last_imu_time=1783506870.605344 |frames|=22)
[2026-07-08 20:21:24.873] [odom] [warning] waiting for IMU data (scan_end_time=1783506875.261535, last_imu_time=1783506870.605344 |frames|=22)
[2026-07-08 20:21:24.884] [odom] [warning] waiting for IMU data (scan_end_time=1783506875.261535, last_imu_time=1783506870.605344 |frames|=23)
[2026-07-08 20:21:24.894] [odom] [warning] waiting for IMU data (scan_end_time=1783506875.261535, last_imu_time=1783506870.605344 |frames|=23)
[2026-07-08 20:21:24.904] [odom] [warning] waiting for IMU data (scan_end_time=1783506875.261535, last_imu_time=1783506870.605344 |frames|=23)
[2026-07-08 20:21:24.914] [odom] [warning] waiting for IMU data (scan_end_time=1783506875.261535, last_imu_time=1783506870.605344 |frames|=23)
[2026-07-08 20:21:24.925] [odom] [warning] waiting for IMU data (scan_end_time=1783506875.261535, last_imu_time=1783506870.605344 |frames|=23)
[2026-07-08 20:21:24.935] [odom] [warning] waiting for IMU data (scan_end_time=1783506875.261535, last_imu_time=1783506870.605344 |frames|=23)
[2026-07-08 20:21:24.945] [odom] [warning] waiting for IMU data (scan_end_time=1783506875.261535, last_imu_time=1783506870.605344 |frames|=23)
[2026-07-08 20:21:24.955] [odom] [warning] waiting for IMU data (scan_end_time=1783506875.261535, last_imu_time=1783506870.605344 |frames|=23)
[2026-07-08 20:21:24.965] [odom] [warning] waiting for IMU data (scan_end_time=1783506875.261535, last_imu_time=1783506870.605344 |frames|=23)
[2026-07-08 20:21:24.975] [odom] [warning] waiting for IMU data (scan_end_time=1783506875.261535, last_imu_time=1783506870.605344 |frames|=23)
[2026-07-08 20:21:24.986] [odom] [warning] waiting for IMU data (scan_end_time=1783506875.261535, last_imu_time=1783506870.605344 |frames|=24)
[2026-07-08 20:21:24.996] [odom] [warning] waiting for IMU data (scan_end_time=1783506875.261535, last_imu_time=1783506870.605344 |frames|=24)
[2026-07-08 20:21:25.006] [odom] [warning] waiting for IMU data (scan_end_time=1783506875.261535, last_imu_time=1783506870.605344 |frames|=24)
[2026-07-08 20:21:25.016] [odom] [warning] waiting for IMU data (scan_end_time=1783506875.261535, last_imu_time=1783506870.605344 |frames|=24)
[2026-07-08 20:21:25.026] [odom] [warning] waiting for IMU data (scan_end_time=1783506875.261535, last_imu_time=1783506870.605344 |frames|=24)
[2026-07-08 20:21:25.037] [odom] [warning] waiting for IMU data (scan_end_time=1783506875.261535, last_imu_time=1783506870.605344 |frames|=24)
[2026-07-08 20:21:25.047] [odom] [warning] waiting for IMU data (scan_end_time=1783506875.261535, last_imu_time=1783506870.605344 |frames|=24)
[2026-07-08 20:21:25.057] [odom] [warning] waiting for IMU data (scan_end_time=1783506875.261535, last_imu_time=1783506870.605344 |frames|=24)
[2026-07-08 20:21:25.067] [odom] [warning] waiting for IMU data (scan_end_time=1783506875.261535, last_imu_time=1783506870.605344 |frames|=24)
[2026-07-08 20:21:25.077] [odom] [warning] waiting for IMU data (scan_end_time=1783506875.261535, last_imu_time=1783506870.605344 |frames|=24)
[2026-07-08 20:21:25.087] [odom] [warning] waiting for IMU data (scan_end_time=1783506875.261535, last_imu_time=1783506870.605344 |frames|=25)
[2026-07-08 20:21:25.098] [odom] [warning] waiting for IMU data (scan_end_time=1783506875.261535, last_imu_time=1783506870.605344 |frames|=25)
[2026-07-08 20:21:25.108] [odom] [warning] waiting for IMU data (scan_end_time=1783506875.261535, last_imu_time=1783506870.605344 |frames|=25)
[2026-07-08 20:21:25.118] [odom] [warning] waiting for IMU data (scan_end_time=1783506875.261535, last_imu_time=1783506870.605344 |frames|=25)
[2026-07-08 20:21:25.128] [odom] [warning] waiting for IMU data (scan_end_time=1783506875.261535, last_imu_time=1783506870.605344 |frames|=25)
[2026-07-08 20:21:25.138] [odom] [warning] waiting for IMU data (scan_end_time=1783506875.261535, last_imu_time=1783506870.605344 |frames|=25)
[2026-07-08 20:21:25.149] [odom] [warning] waiting for IMU data (scan_end_time=1783506875.261535, last_imu_time=1783506870.605344 |frames|=25)
[2026-07-08 20:21:25.159] [odom] [warning] waiting for IMU data (scan_end_time=1783506875.261535, last_imu_time=1783506870.605344 |frames|=25)
[2026-07-08 20:21:25.169] [odom] [warning] waiting for IMU data (scan_end_time=1783506875.261535, last_imu_time=1783506870.605344 |frames|=25)
[2026-07-08 20:21:25.179] [odom] [warning] waiting for IMU data (scan_end_time=1783506875.261535, last_imu_time=1783506870.605344 |frames|=25)
[2026-07-08 20:21:25.189] [odom] [warning] waiting for IMU data (scan_end_time=1783506875.261535, last_imu_time=1783506870.605344 |frames|=25)
[2026-07-08 20:21:25.200] [odom] [warning] waiting for IMU data (scan_end_time=1783506875.261535, last_imu_time=1783506870.605344 |frames|=26)
[2026-07-08 20:21:25.210] [odom] [warning] waiting for IMU data (scan_end_time=1783506875.261535, last_imu_time=1783506870.605344 |frames|=26)
[2026-07-08 20:21:25.220] [odom] [warning] waiting for IMU data (scan_end_time=1783506875.261535, last_imu_time=1783506870.605344 |frames|=26)
[2026-07-08 20:21:25.230] [odom] [warning] waiting for IMU data (scan_end_time=1783506875.261535, last_imu_time=1783506870.605344 |frames|=26)
[2026-07-08 20:21:25.240] [odom] [warning] waiting for IMU data (scan_end_time=1783506875.261535, last_imu_time=1783506870.605344 |frames|=26)
[2026-07-08 20:21:25.250] [odom] [warning] waiting for IMU data (scan_end_time=1783506875.261535, last_imu_time=1783506870.605344 |frames|=26)
[2026-07-08 20:21:25.261] [odom] [warning] waiting for IMU data (scan_end_time=1783506875.261535, last_imu_time=1783506870.605344 |frames|=26)
[2026-07-08 20:21:25.271] [odom] [warning] waiting for IMU data (scan_end_time=1783506875.261535, last_imu_time=1783506870.605344 |frames|=26)
[2026-07-08 20:21:25.281] [odom] [warning] waiting for IMU data (scan_end_time=1783506875.261535, last_imu_time=1783506870.605344 |frames|=26)
[2026-07-08 20:21:25.291] [odom] [warning] waiting for IMU data (scan_end_time=1783506875.261535, last_imu_time=1783506870.605344 |frames|=26)
[2026-07-08 20:21:25.301] [odom] [warning] waiting for IMU data (scan_end_time=1783506875.261535, last_imu_time=1783506870.605344 |frames|=26)
[2026-07-08 20:21:25.311] [odom] [warning] waiting for IMU data (scan_end_time=1783506875.261535, last_imu_time=1783506870.605344 |frames|=27)
[2026-07-08 20:21:25.321] [odom] [warning] waiting for IMU data (scan_end_time=1783506875.261535, last_imu_time=1783506870.605344 |frames|=27)
[2026-07-08 20:21:25.332] [odom] [warning] waiting for IMU data (scan_end_time=1783506875.261535, last_imu_time=1783506870.605344 |frames|=27)
[2026-07-08 20:21:25.342] [odom] [warning] waiting for IMU data (scan_end_time=1783506875.261535, last_imu_time=1783506870.605344 |frames|=27)
[2026-07-08 20:21:25.352] [odom] [warning] waiting for IMU data (scan_end_time=1783506875.261535, last_imu_time=1783506870.605344 |frames|=27)
[2026-07-08 20:21:25.362] [odom] [warning] waiting for IMU data (scan_end_time=1783506875.261535, last_imu_time=1783506870.605344 |frames|=27)
[2026-07-08 20:21:25.372] [odom] [warning] waiting for IMU data (scan_end_time=1783506875.261535, last_imu_time=1783506870.605344 |frames|=27)
[2026-07-08 20:21:25.382] [odom] [warning] waiting for IMU data (scan_end_time=1783506875.261535, last_imu_time=1783506870.605344 |frames|=27)
[2026-07-08 20:21:25.392] [odom] [warning] waiting for IMU data (scan_end_time=1783506875.261535, last_imu_time=1783506870.605344 |frames|=27)
[2026-07-08 20:21:25.403] [odom] [warning] waiting for IMU data (scan_end_time=1783506875.261535, last_imu_time=1783506870.605344 |frames|=27)
[2026-07-08 20:21:25.413] [odom] [warning] waiting for IMU data (scan_end_time=1783506875.261535, last_imu_time=1783506870.605344 |frames|=27)
[2026-07-08 20:21:25.423] [odom] [warning] waiting for IMU data (scan_end_time=1783506875.261535, last_imu_time=1783506870.605344 |frames|=27)
[2026-07-08 20:21:25.433] [odom] [warning] waiting for IMU data (scan_end_time=1783506875.261535, last_imu_time=1783506870.605344 |frames|=28)
[2026-07-08 20:21:25.443] [odom] [warning] waiting for IMU data (scan_end_time=1783506875.261535, last_imu_time=1783506870.605344 |frames|=28)
[2026-07-08 20:21:25.454] [odom] [warning] waiting for IMU data (scan_end_time=1783506875.261535, last_imu_time=1783506870.605344 |frames|=28)
[2026-07-08 20:21:25.464] [odom] [warning] waiting for IMU data (scan_end_time=1783506875.261535, last_imu_time=1783506870.605344 |frames|=28)
[2026-07-08 20:21:25.474] [odom] [warning] waiting for IMU data (scan_end_time=1783506875.261535, last_imu_time=1783506870.605344 |frames|=28)
[2026-07-08 20:21:25.484] [odom] [warning] waiting for IMU data (scan_end_time=1783506875.261535, last_imu_time=1783506870.605344 |frames|=28)
[2026-07-08 20:21:25.494] [odom] [warning] waiting for IMU data (scan_end_time=1783506875.261535, last_imu_time=1783506870.605344 |frames|=28)
[2026-07-08 20:21:25.504] [odom] [warning] waiting for IMU data (scan_end_time=1783506875.261535, last_imu_time=1783506870.605344 |frames|=28)
[2026-07-08 20:21:25.514] [odom] [warning] waiting for IMU data (scan_end_time=1783506875.261535, last_imu_time=1783506870.605344 |frames|=28)
[2026-07-08 20:21:25.524] [odom] [warning] waiting for IMU data (scan_end_time=1783506875.261535, last_imu_time=1783506870.605344 |frames|=28)
[2026-07-08 20:21:25.535] [odom] [warning] waiting for IMU data (scan_end_time=1783506875.261535, last_imu_time=1783506870.605344 |frames|=28)
[2026-07-08 20:21:25.545] [odom] [warning] waiting for IMU data (scan_end_time=1783506875.261535, last_imu_time=1783506870.605344 |frames|=28)
[2026-07-08 20:21:25.555] [odom] [warning] waiting for IMU data (scan_end_time=1783506875.261535, last_imu_time=1783506870.605344 |frames|=29)
[2026-07-08 20:21:25.565] [odom] [warning] waiting for IMU data (scan_end_time=1783506875.261535, last_imu_time=1783506870.605344 |frames|=29)
[2026-07-08 20:21:25.575] [odom] [warning] waiting for IMU data (scan_end_time=1783506875.261535, last_imu_time=1783506870.605344 |frames|=29)
[2026-07-08 20:21:25.585] [odom] [warning] waiting for IMU data (scan_end_time=1783506875.261535, last_imu_time=1783506870.605344 |frames|=29)
[2026-07-08 20:21:25.595] [odom] [warning] waiting for IMU data (scan_end_time=1783506875.261535, last_imu_time=1783506870.605344 |frames|=29)
[2026-07-08 20:21:25.606] [odom] [warning] waiting for IMU data (scan_end_time=1783506875.261535, last_imu_time=1783506870.605344 |frames|=29)
[2026-07-08 20:21:25.616] [odom] [warning] waiting for IMU data (scan_end_time=1783506875.261535, last_imu_time=1783506870.605344 |frames|=29)
[2026-07-08 20:21:25.626] [odom] [warning] waiting for IMU data (scan_end_time=1783506875.261535, last_imu_time=1783506870.605344 |frames|=29)
[2026-07-08 20:21:25.636] [odom] [warning] waiting for IMU data (scan_end_time=1783506875.261535, last_imu_time=1783506870.605344 |frames|=29)
[2026-07-08 20:21:25.647] [odom] [warning] waiting for IMU data (scan_end_time=1783506875.261535, last_imu_time=1783506870.605344 |frames|=29)
[2026-07-08 20:21:25.657] [odom] [warning] waiting for IMU data (scan_end_time=1783506875.261535, last_imu_time=1783506870.605344 |frames|=29)
[2026-07-08 20:21:25.667] [odom] [warning] waiting for IMU data (scan_end_time=1783506875.261535, last_imu_time=1783506870.605344 |frames|=29)
[2026-07-08 20:21:25.668] [glim] [info] playback speed: 3.549x
[2026-07-08 20:21:25.677] [odom] [warning] waiting for IMU data (scan_end_time=1783506875.261535, last_imu_time=1783506870.605344 |frames|=29)
[2026-07-08 20:21:25.687] [odom] [warning] waiting for IMU data (scan_end_time=1783506875.261535, last_imu_time=1783506870.605344 |frames|=30)
[2026-07-08 20:21:25.698] [odom] [warning] waiting for IMU data (scan_end_time=1783506875.261535, last_imu_time=1783506870.605344 |frames|=30)
[2026-07-08 20:21:25.708] [odom] [warning] waiting for IMU data (scan_end_time=1783506875.261535, last_imu_time=1783506870.605344 |frames|=30)
[2026-07-08 20:21:25.718] [odom] [warning] waiting for IMU data (scan_end_time=1783506875.261535, last_imu_time=1783506870.605344 |frames|=30)
[2026-07-08 20:21:25.728] [odom] [warning] waiting for IMU data (scan_end_time=1783506875.261535, last_imu_time=1783506870.605344 |frames|=30)
[2026-07-08 20:21:25.738] [odom] [warning] waiting for IMU data (scan_end_time=1783506875.261535, last_imu_time=1783506870.605344 |frames|=30)
[2026-07-08 20:21:25.749] [odom] [warning] waiting for IMU data (scan_end_time=1783506875.261535, last_imu_time=1783506870.605344 |frames|=30)
[2026-07-08 20:21:25.759] [odom] [warning] waiting for IMU data (scan_end_time=1783506875.261535, last_imu_time=1783506870.605344 |frames|=30)
[2026-07-08 20:21:25.769] [odom] [warning] waiting for IMU data (scan_end_time=1783506875.261535, last_imu_time=1783506870.605344 |frames|=30)
[2026-07-08 20:21:25.779] [odom] [warning] waiting for IMU data (scan_end_time=1783506875.261535, last_imu_time=1783506870.605344 |frames|=30)
[2026-07-08 20:21:25.789] [odom] [warning] waiting for IMU data (scan_end_time=1783506875.261535, last_imu_time=1783506870.605344 |frames|=30)
[2026-07-08 20:21:25.800] [odom] [warning] waiting for IMU data (scan_end_time=1783506875.261535, last_imu_time=1783506870.605344 |frames|=30)
[2026-07-08 20:21:25.810] [odom] [warning] waiting for IMU data (scan_end_time=1783506875.261535, last_imu_time=1783506870.605344 |frames|=30)
[2026-07-08 20:21:25.820] [odom] [warning] waiting for IMU data (scan_end_time=1783506875.261535, last_imu_time=1783506870.605344 |frames|=31)
[2026-07-08 20:21:25.830] [odom] [warning] waiting for IMU data (scan_end_time=1783506875.261535, last_imu_time=1783506870.605344 |frames|=31)
[2026-07-08 20:21:25.840] [odom] [warning] waiting for IMU data (scan_end_time=1783506875.261535, last_imu_time=1783506870.605344 |frames|=31)
[2026-07-08 20:21:25.851] [odom] [warning] waiting for IMU data (scan_end_time=1783506875.261535, last_imu_time=1783506870.605344 |frames|=31)
[2026-07-08 20:21:25.861] [odom] [warning] waiting for IMU data (scan_end_time=1783506875.261535, last_imu_time=1783506870.605344 |frames|=31)
[2026-07-08 20:21:25.871] [odom] [warning] waiting for IMU data (scan_end_time=1783506875.261535, last_imu_time=1783506870.605344 |frames|=31)
[2026-07-08 20:21:25.881] [odom] [warning] waiting for IMU data (scan_end_time=1783506875.261535, last_imu_time=1783506870.605344 |frames|=31)
[2026-07-08 20:21:25.891] [odom] [warning] waiting for IMU data (scan_end_time=1783506875.261535, last_imu_time=1783506870.605344 |frames|=31)
[2026-07-08 20:21:25.902] [odom] [warning] waiting for IMU data (scan_end_time=1783506875.261535, last_imu_time=1783506870.605344 |frames|=31)
[2026-07-08 20:21:25.912] [odom] [warning] waiting for IMU data (scan_end_time=1783506875.261535, last_imu_time=1783506870.605344 |frames|=31)
[2026-07-08 20:21:25.922] [odom] [warning] waiting for IMU data (scan_end_time=1783506875.261535, last_imu_time=1783506870.605344 |frames|=31)
[2026-07-08 20:21:25.932] [odom] [warning] waiting for IMU data (scan_end_time=1783506875.261535, last_imu_time=1783506870.605344 |frames|=31)
[2026-07-08 20:21:25.942] [odom] [warning] waiting for IMU data (scan_end_time=1783506875.261535, last_imu_time=1783506870.605344 |frames|=31)
[2026-07-08 20:21:25.953] [odom] [warning] waiting for IMU data (scan_end_time=1783506875.261535, last_imu_time=1783506870.605344 |frames|=31)
[2026-07-08 20:21:25.963] [odom] [warning] waiting for IMU data (scan_end_time=1783506875.261535, last_imu_time=1783506870.605344 |frames|=32)
[2026-07-08 20:21:25.973] [odom] [warning] waiting for IMU data (scan_end_time=1783506875.261535, last_imu_time=1783506870.605344 |frames|=32)
[2026-07-08 20:21:25.983] [odom] [warning] waiting for IMU data (scan_end_time=1783506875.261535, last_imu_time=1783506870.605344 |frames|=32)
[2026-07-08 20:21:25.993] [odom] [warning] waiting for IMU data (scan_end_time=1783506875.261535, last_imu_time=1783506870.605344 |frames|=32)
[2026-07-08 20:21:26.004] [odom] [warning] waiting for IMU data (scan_end_time=1783506875.261535, last_imu_time=1783506870.605344 |frames|=32)
[2026-07-08 20:21:26.014] [odom] [warning] waiting for IMU data (scan_end_time=1783506875.261535, last_imu_time=1783506870.605344 |frames|=32)
[2026-07-08 20:21:26.024] [odom] [warning] waiting for IMU data (scan_end_time=1783506875.261535, last_imu_time=1783506870.605344 |frames|=32)
[2026-07-08 20:21:26.034] [odom] [warning] waiting for IMU data (scan_end_time=1783506875.261535, last_imu_time=1783506870.605344 |frames|=32)
[2026-07-08 20:21:26.044] [odom] [warning] waiting for IMU data (scan_end_time=1783506875.261535, last_imu_time=1783506870.605344 |frames|=32)
[2026-07-08 20:21:26.055] [odom] [warning] waiting for IMU data (scan_end_time=1783506875.261535, last_imu_time=1783506870.605344 |frames|=32)
[2026-07-08 20:21:26.065] [odom] [warning] waiting for IMU data (scan_end_time=1783506875.261535, last_imu_time=1783506870.605344 |frames|=32)
[2026-07-08 20:21:26.075] [odom] [warning] waiting for IMU data (scan_end_time=1783506875.261535, last_imu_time=1783506870.605344 |frames|=32)
[2026-07-08 20:21:26.085] [odom] [warning] waiting for IMU data (scan_end_time=1783506875.261535, last_imu_time=1783506870.605344 |frames|=32)
[2026-07-08 20:21:26.095] [odom] [warning] waiting for IMU data (scan_end_time=1783506875.261535, last_imu_time=1783506870.605344 |frames|=32)
[2026-07-08 20:21:26.106] [odom] [warning] waiting for IMU data (scan_end_time=1783506875.261535, last_imu_time=1783506870.605344 |frames|=33)
[2026-07-08 20:21:26.116] [odom] [warning] waiting for IMU data (scan_end_time=1783506875.261535, last_imu_time=1783506870.605344 |frames|=33)
[2026-07-08 20:21:26.126] [odom] [warning] waiting for IMU data (scan_end_time=1783506875.261535, last_imu_time=1783506870.605344 |frames|=33)
[2026-07-08 20:21:26.136] [odom] [warning] waiting for IMU data (scan_end_time=1783506875.261535, last_imu_time=1783506870.605344 |frames|=33)
[2026-07-08 20:21:26.147] [odom] [warning] waiting for IMU data (scan_end_time=1783506875.261535, last_imu_time=1783506870.605344 |frames|=33)
[2026-07-08 20:21:26.157] [odom] [warning] waiting for IMU data (scan_end_time=1783506875.261535, last_imu_time=1783506870.605344 |frames|=33)
[2026-07-08 20:21:26.167] [odom] [warning] waiting for IMU data (scan_end_time=1783506875.261535, last_imu_time=1783506870.605344 |frames|=33)
[2026-07-08 20:21:26.177] [odom] [warning] waiting for IMU data (scan_end_time=1783506875.261535, last_imu_time=1783506870.605344 |frames|=33)
[2026-07-08 20:21:26.187] [odom] [warning] waiting for IMU data (scan_end_time=1783506875.261535, last_imu_time=1783506870.605344 |frames|=33)
[2026-07-08 20:21:26.197] [odom] [warning] waiting for IMU data (scan_end_time=1783506875.261535, last_imu_time=1783506870.605344 |frames|=33)
[2026-07-08 20:21:26.207] [odom] [warning] waiting for IMU data (scan_end_time=1783506875.261535, last_imu_time=1783506870.605344 |frames|=33)
[2026-07-08 20:21:26.218] [odom] [warning] waiting for IMU data (scan_end_time=1783506875.261535, last_imu_time=1783506870.605344 |frames|=33)
[2026-07-08 20:21:26.228] [odom] [warning] waiting for IMU data (scan_end_time=1783506875.261535, last_imu_time=1783506870.605344 |frames|=33)
[2026-07-08 20:21:26.238] [odom] [warning] waiting for IMU data (scan_end_time=1783506875.261535, last_imu_time=1783506870.605344 |frames|=33)
[2026-07-08 20:21:26.248] [odom] [warning] waiting for IMU data (scan_end_time=1783506875.261535, last_imu_time=1783506870.605344 |frames|=33)
[2026-07-08 20:21:26.258] [odom] [warning] waiting for IMU data (scan_end_time=1783506875.261535, last_imu_time=1783506870.605344 |frames|=34)
[2026-07-08 20:21:26.268] [odom] [warning] waiting for IMU data (scan_end_time=1783506875.261535, last_imu_time=1783506870.605344 |frames|=34)
[2026-07-08 20:21:26.278] [odom] [warning] waiting for IMU data (scan_end_time=1783506875.261535, last_imu_time=1783506870.605344 |frames|=34)
[2026-07-08 20:21:26.288] [odom] [warning] waiting for IMU data (scan_end_time=1783506875.261535, last_imu_time=1783506870.605344 |frames|=34)
[2026-07-08 20:21:26.298] [odom] [warning] waiting for IMU data (scan_end_time=1783506875.261535, last_imu_time=1783506870.605344 |frames|=34)
[2026-07-08 20:21:26.308] [odom] [warning] waiting for IMU data (scan_end_time=1783506875.261535, last_imu_time=1783506870.605344 |frames|=34)
[2026-07-08 20:21:26.319] [odom] [warning] waiting for IMU data (scan_end_time=1783506875.261535, last_imu_time=1783506870.605344 |frames|=34)
[2026-07-08 20:21:26.329] [odom] [warning] waiting for IMU data (scan_end_time=1783506875.261535, last_imu_time=1783506870.605344 |frames|=34)
[2026-07-08 20:21:26.339] [odom] [warning] waiting for IMU data (scan_end_time=1783506875.261535, last_imu_time=1783506870.605344 |frames|=34)
[2026-07-08 20:21:26.349] [odom] [warning] waiting for IMU data (scan_end_time=1783506875.261535, last_imu_time=1783506870.605344 |frames|=34)
[2026-07-08 20:21:26.359] [odom] [warning] waiting for IMU data (scan_end_time=1783506875.261535, last_imu_time=1783506870.605344 |frames|=34)
[2026-07-08 20:21:26.369] [odom] [warning] waiting for IMU data (scan_end_time=1783506875.261535, last_imu_time=1783506870.605344 |frames|=34)
[2026-07-08 20:21:26.379] [odom] [warning] waiting for IMU data (scan_end_time=1783506875.261535, last_imu_time=1783506870.605344 |frames|=34)
[2026-07-08 20:21:26.389] [odom] [warning] waiting for IMU data (scan_end_time=1783506875.261535, last_imu_time=1783506870.605344 |frames|=34)
[2026-07-08 20:21:26.399] [odom] [warning] waiting for IMU data (scan_end_time=1783506875.261535, last_imu_time=1783506870.605344 |frames|=34)
[2026-07-08 20:21:26.410] [odom] [warning] waiting for IMU data (scan_end_time=1783506875.261535, last_imu_time=1783506870.605344 |frames|=35)
[2026-07-08 20:21:26.420] [odom] [warning] waiting for IMU data (scan_end_time=1783506875.261535, last_imu_time=1783506870.605344 |frames|=35)
[2026-07-08 20:21:26.430] [odom] [warning] waiting for IMU data (scan_end_time=1783506875.261535, last_imu_time=1783506870.605344 |frames|=35)
[2026-07-08 20:21:26.440] [odom] [warning] waiting for IMU data (scan_end_time=1783506875.261535, last_imu_time=1783506870.605344 |frames|=35)
[2026-07-08 20:21:26.450] [odom] [warning] waiting for IMU data (scan_end_time=1783506875.261535, last_imu_time=1783506870.605344 |frames|=35)
[2026-07-08 20:21:26.460] [odom] [warning] waiting for IMU data (scan_end_time=1783506875.261535, last_imu_time=1783506870.605344 |frames|=35)
[2026-07-08 20:21:26.470] [odom] [warning] waiting for IMU data (scan_end_time=1783506875.261535, last_imu_time=1783506870.605344 |frames|=35)
[2026-07-08 20:21:26.480] [odom] [warning] waiting for IMU data (scan_end_time=1783506875.261535, last_imu_time=1783506870.605344 |frames|=35)
[2026-07-08 20:21:26.490] [odom] [warning] waiting for IMU data (scan_end_time=1783506875.261535, last_imu_time=1783506870.605344 |frames|=35)
[2026-07-08 20:21:26.500] [odom] [warning] waiting for IMU data (scan_end_time=1783506875.261535, last_imu_time=1783506870.605344 |frames|=35)
[2026-07-08 20:21:26.511] [odom] [warning] waiting for IMU data (scan_end_time=1783506875.261535, last_imu_time=1783506870.605344 |frames|=35)
[2026-07-08 20:21:26.521] [odom] [warning] waiting for IMU data (scan_end_time=1783506875.261535, last_imu_time=1783506870.605344 |frames|=35)
[2026-07-08 20:21:26.531] [odom] [warning] waiting for IMU data (scan_end_time=1783506875.261535, last_imu_time=1783506870.605344 |frames|=35)
[2026-07-08 20:21:26.541] [odom] [warning] waiting for IMU data (scan_end_time=1783506875.261535, last_imu_time=1783506870.605344 |frames|=35)
[2026-07-08 20:21:26.551] [odom] [warning] waiting for IMU data (scan_end_time=1783506875.261535, last_imu_time=1783506870.605344 |frames|=35)
[2026-07-08 20:21:26.561] [odom] [warning] waiting for IMU data (scan_end_time=1783506875.261535, last_imu_time=1783506870.605344 |frames|=35)
[2026-07-08 20:21:26.572] [odom] [warning] waiting for IMU data (scan_end_time=1783506875.261535, last_imu_time=1783506870.605344 |frames|=36)
[2026-07-08 20:21:26.582] [odom] [warning] waiting for IMU data (scan_end_time=1783506875.261535, last_imu_time=1783506870.605344 |frames|=36)
[2026-07-08 20:21:26.592] [odom] [warning] waiting for IMU data (scan_end_time=1783506875.261535, last_imu_time=1783506870.605344 |frames|=36)
[2026-07-08 20:21:26.602] [odom] [warning] waiting for IMU data (scan_end_time=1783506875.261535, last_imu_time=1783506870.605344 |frames|=36)
[2026-07-08 20:21:26.612] [odom] [warning] waiting for IMU data (scan_end_time=1783506875.261535, last_imu_time=1783506870.605344 |frames|=36)
[2026-07-08 20:21:26.622] [odom] [warning] waiting for IMU data (scan_end_time=1783506875.261535, last_imu_time=1783506870.605344 |frames|=36)
[2026-07-08 20:21:26.632] [odom] [warning] waiting for IMU data (scan_end_time=1783506875.261535, last_imu_time=1783506870.605344 |frames|=36)
[2026-07-08 20:21:26.643] [odom] [warning] waiting for IMU data (scan_end_time=1783506875.261535, last_imu_time=1783506870.605344 |frames|=36)
[2026-07-08 20:21:26.653] [odom] [warning] waiting for IMU data (scan_end_time=1783506875.261535, last_imu_time=1783506870.605344 |frames|=36)
[2026-07-08 20:21:26.663] [odom] [warning] waiting for IMU data (scan_end_time=1783506875.261535, last_imu_time=1783506870.605344 |frames|=36)
[2026-07-08 20:21:26.673] [odom] [warning] waiting for IMU data (scan_end_time=1783506875.261535, last_imu_time=1783506870.605344 |frames|=36)
[2026-07-08 20:21:26.683] [odom] [warning] waiting for IMU data (scan_end_time=1783506875.261535, last_imu_time=1783506870.605344 |frames|=36)
[2026-07-08 20:21:26.693] [odom] [warning] waiting for IMU data (scan_end_time=1783506875.261535, last_imu_time=1783506870.605344 |frames|=36)
[2026-07-08 20:21:26.703] [odom] [warning] waiting for IMU data (scan_end_time=1783506875.261535, last_imu_time=1783506870.605344 |frames|=36)
[2026-07-08 20:21:26.713] [odom] [warning] waiting for IMU data (scan_end_time=1783506875.261535, last_imu_time=1783506870.605344 |frames|=36)
[2026-07-08 20:21:26.723] [odom] [warning] waiting for IMU data (scan_end_time=1783506875.261535, last_imu_time=1783506870.605344 |frames|=36)
[2026-07-08 20:21:26.733] [odom] [warning] waiting for IMU data (scan_end_time=1783506875.261535, last_imu_time=1783506870.605344 |frames|=36)
[2026-07-08 20:21:26.743] [odom] [warning] waiting for IMU data (scan_end_time=1783506875.261535, last_imu_time=1783506870.605344 |frames|=37)
[2026-07-08 20:21:26.754] [odom] [warning] waiting for IMU data (scan_end_time=1783506875.261535, last_imu_time=1783506870.605344 |frames|=37)
[2026-07-08 20:21:26.764] [odom] [warning] waiting for IMU data (scan_end_time=1783506875.261535, last_imu_time=1783506870.605344 |frames|=37)
[2026-07-08 20:21:26.774] [odom] [warning] waiting for IMU data (scan_end_time=1783506875.261535, last_imu_time=1783506870.605344 |frames|=37)
[2026-07-08 20:21:26.784] [odom] [warning] waiting for IMU data (scan_end_time=1783506875.261535, last_imu_time=1783506870.605344 |frames|=37)
[2026-07-08 20:21:26.794] [odom] [warning] waiting for IMU data (scan_end_time=1783506875.261535, last_imu_time=1783506870.605344 |frames|=37)
[2026-07-08 20:21:26.804] [odom] [warning] waiting for IMU data (scan_end_time=1783506875.261535, last_imu_time=1783506870.605344 |frames|=37)
[2026-07-08 20:21:26.814] [odom] [warning] waiting for IMU data (scan_end_time=1783506875.261535, last_imu_time=1783506870.605344 |frames|=37)
[2026-07-08 20:21:26.824] [odom] [warning] waiting for IMU data (scan_end_time=1783506875.261535, last_imu_time=1783506870.605344 |frames|=37)
[2026-07-08 20:21:26.834] [odom] [warning] waiting for IMU data (scan_end_time=1783506875.261535, last_imu_time=1783506870.605344 |frames|=37)
[2026-07-08 20:21:26.844] [odom] [warning] waiting for IMU data (scan_end_time=1783506875.261535, last_imu_time=1783506870.605344 |frames|=37)
[2026-07-08 20:21:26.855] [odom] [warning] waiting for IMU data (scan_end_time=1783506875.261535, last_imu_time=1783506870.605344 |frames|=37)
[2026-07-08 20:21:26.865] [odom] [warning] waiting for IMU data (scan_end_time=1783506875.261535, last_imu_time=1783506870.605344 |frames|=37)
[2026-07-08 20:21:26.875] [odom] [warning] waiting for IMU data (scan_end_time=1783506875.261535, last_imu_time=1783506870.605344 |frames|=37)
[2026-07-08 20:21:26.885] [odom] [warning] waiting for IMU data (scan_end_time=1783506875.261535, last_imu_time=1783506870.605344 |frames|=37)
[2026-07-08 20:21:26.895] [odom] [warning] waiting for IMU data (scan_end_time=1783506875.261535, last_imu_time=1783506870.605344 |frames|=37)
[2026-07-08 20:21:26.905] [odom] [warning] waiting for IMU data (scan_end_time=1783506875.261535, last_imu_time=1783506870.605344 |frames|=38)
[2026-07-08 20:21:26.915] [odom] [warning] waiting for IMU data (scan_end_time=1783506875.261535, last_imu_time=1783506870.605344 |frames|=38)
[2026-07-08 20:21:26.926] [odom] [warning] waiting for IMU data (scan_end_time=1783506875.261535, last_imu_time=1783506870.605344 |frames|=38)
[2026-07-08 20:21:26.936] [odom] [warning] waiting for IMU data (scan_end_time=1783506875.261535, last_imu_time=1783506870.605344 |frames|=38)
[2026-07-08 20:21:26.946] [odom] [warning] waiting for IMU data (scan_end_time=1783506875.261535, last_imu_time=1783506870.605344 |frames|=38)
[2026-07-08 20:21:26.956] [odom] [warning] waiting for IMU data (scan_end_time=1783506875.261535, last_imu_time=1783506870.605344 |frames|=38)
[2026-07-08 20:21:26.966] [odom] [warning] waiting for IMU data (scan_end_time=1783506875.261535, last_imu_time=1783506870.605344 |frames|=38)
[2026-07-08 20:21:26.976] [odom] [warning] waiting for IMU data (scan_end_time=1783506875.261535, last_imu_time=1783506870.605344 |frames|=38)
[2026-07-08 20:21:26.986] [odom] [warning] waiting for IMU data (scan_end_time=1783506875.261535, last_imu_time=1783506870.605344 |frames|=38)
[2026-07-08 20:21:26.996] [odom] [warning] waiting for IMU data (scan_end_time=1783506875.261535, last_imu_time=1783506870.605344 |frames|=38)
[2026-07-08 20:21:27.006] [odom] [warning] waiting for IMU data (scan_end_time=1783506875.261535, last_imu_time=1783506870.605344 |frames|=38)
[2026-07-08 20:21:27.017] [odom] [warning] waiting for IMU data (scan_end_time=1783506875.261535, last_imu_time=1783506870.605344 |frames|=38)
[2026-07-08 20:21:27.027] [odom] [warning] waiting for IMU data (scan_end_time=1783506875.261535, last_imu_time=1783506870.605344 |frames|=38)
[2026-07-08 20:21:27.037] [odom] [warning] waiting for IMU data (scan_end_time=1783506875.261535, last_imu_time=1783506870.605344 |frames|=38)
[2026-07-08 20:21:27.047] [odom] [warning] waiting for IMU data (scan_end_time=1783506875.261535, last_imu_time=1783506870.605344 |frames|=38)
[2026-07-08 20:21:27.057] [odom] [warning] waiting for IMU data (scan_end_time=1783506875.261535, last_imu_time=1783506870.605344 |frames|=38)
[2026-07-08 20:21:27.067] [odom] [warning] waiting for IMU data (scan_end_time=1783506875.261535, last_imu_time=1783506870.605344 |frames|=38)
[2026-07-08 20:21:27.077] [odom] [warning] waiting for IMU data (scan_end_time=1783506875.261535, last_imu_time=1783506870.605344 |frames|=38)
[2026-07-08 20:21:27.087] [odom] [warning] waiting for IMU data (scan_end_time=1783506875.261535, last_imu_time=1783506870.605344 |frames|=39)
[2026-07-08 20:21:27.097] [odom] [warning] waiting for IMU data (scan_end_time=1783506875.261535, last_imu_time=1783506870.605344 |frames|=39)
[2026-07-08 20:21:27.108] [odom] [warning] waiting for IMU data (scan_end_time=1783506875.261535, last_imu_time=1783506870.605344 |frames|=39)
[2026-07-08 20:21:27.118] [odom] [warning] waiting for IMU data (scan_end_time=1783506875.261535, last_imu_time=1783506870.605344 |frames|=39)
[2026-07-08 20:21:27.128] [odom] [warning] waiting for IMU data (scan_end_time=1783506875.261535, last_imu_time=1783506870.605344 |frames|=39)
[2026-07-08 20:21:27.138] [odom] [warning] waiting for IMU data (scan_end_time=1783506875.261535, last_imu_time=1783506870.605344 |frames|=39)
[2026-07-08 20:21:27.148] [odom] [warning] waiting for IMU data (scan_end_time=1783506875.261535, last_imu_time=1783506870.605344 |frames|=39)
[2026-07-08 20:21:27.158] [odom] [warning] waiting for IMU data (scan_end_time=1783506875.261535, last_imu_time=1783506870.605344 |frames|=39)
[2026-07-08 20:21:27.168] [odom] [warning] waiting for IMU data (scan_end_time=1783506875.261535, last_imu_time=1783506870.605344 |frames|=39)
[2026-07-08 20:21:27.178] [odom] [warning] waiting for IMU data (scan_end_time=1783506875.261535, last_imu_time=1783506870.605344 |frames|=39)
[2026-07-08 20:21:27.188] [odom] [warning] waiting for IMU data (scan_end_time=1783506875.261535, last_imu_time=1783506870.605344 |frames|=39)
[2026-07-08 20:21:27.198] [odom] [warning] waiting for IMU data (scan_end_time=1783506875.261535, last_imu_time=1783506870.605344 |frames|=39)
[2026-07-08 20:21:27.208] [odom] [warning] waiting for IMU data (scan_end_time=1783506875.261535, last_imu_time=1783506870.605344 |frames|=39)
[2026-07-08 20:21:27.219] [odom] [warning] waiting for IMU data (scan_end_time=1783506875.261535, last_imu_time=1783506870.605344 |frames|=39)
[2026-07-08 20:21:27.229] [odom] [warning] waiting for IMU data (scan_end_time=1783506875.261535, last_imu_time=1783506870.605344 |frames|=39)
[2026-07-08 20:21:27.239] [odom] [warning] waiting for IMU data (scan_end_time=1783506875.261535, last_imu_time=1783506870.605344 |frames|=39)
[2026-07-08 20:21:27.249] [odom] [warning] waiting for IMU data (scan_end_time=1783506875.261535, last_imu_time=1783506870.605344 |frames|=39)
[2026-07-08 20:21:27.259] [odom] [warning] waiting for IMU data (scan_end_time=1783506875.261535, last_imu_time=1783506870.605344 |frames|=39)
[2026-07-08 20:21:27.269] [odom] [warning] waiting for IMU data (scan_end_time=1783506875.261535, last_imu_time=1783506870.605344 |frames|=40)
[2026-07-08 20:21:27.279] [odom] [warning] waiting for IMU data (scan_end_time=1783506875.261535, last_imu_time=1783506870.605344 |frames|=40)
[2026-07-08 20:21:27.289] [odom] [warning] waiting for IMU data (scan_end_time=1783506875.261535, last_imu_time=1783506870.605344 |frames|=40)
[2026-07-08 20:21:27.299] [odom] [warning] waiting for IMU data (scan_end_time=1783506875.261535, last_imu_time=1783506870.605344 |frames|=40)
[2026-07-08 20:21:27.309] [odom] [warning] waiting for IMU data (scan_end_time=1783506875.261535, last_imu_time=1783506870.605344 |frames|=40)
[2026-07-08 20:21:27.320] [odom] [warning] waiting for IMU data (scan_end_time=1783506875.261535, last_imu_time=1783506870.605344 |frames|=40)
[2026-07-08 20:21:27.330] [odom] [warning] waiting for IMU data (scan_end_time=1783506875.261535, last_imu_time=1783506870.605344 |frames|=40)
[2026-07-08 20:21:27.340] [odom] [warning] waiting for IMU data (scan_end_time=1783506875.261535, last_imu_time=1783506870.605344 |frames|=40)
[2026-07-08 20:21:27.350] [odom] [warning] waiting for IMU data (scan_end_time=1783506875.261535, last_imu_time=1783506870.605344 |frames|=40)
[2026-07-08 20:21:27.360] [odom] [warning] waiting for IMU data (scan_end_time=1783506875.261535, last_imu_time=1783506870.605344 |frames|=40)
[2026-07-08 20:21:27.370] [odom] [warning] waiting for IMU data (scan_end_time=1783506875.261535, last_imu_time=1783506870.605344 |frames|=40)
[2026-07-08 20:21:27.380] [odom] [warning] waiting for IMU data (scan_end_time=1783506875.261535, last_imu_time=1783506870.605344 |frames|=40)
[2026-07-08 20:21:27.390] [odom] [warning] waiting for IMU data (scan_end_time=1783506875.261535, last_imu_time=1783506870.605344 |frames|=40)
[2026-07-08 20:21:27.401] [odom] [warning] waiting for IMU data (scan_end_time=1783506875.261535, last_imu_time=1783506870.605344 |frames|=40)
[2026-07-08 20:21:27.411] [odom] [warning] waiting for IMU data (scan_end_time=1783506875.261535, last_imu_time=1783506870.605344 |frames|=40)
[2026-07-08 20:21:27.421] [odom] [warning] waiting for IMU data (scan_end_time=1783506875.261535, last_imu_time=1783506870.605344 |frames|=40)
[2026-07-08 20:21:27.431] [odom] [warning] waiting for IMU data (scan_end_time=1783506875.261535, last_imu_time=1783506870.605344 |frames|=40)
[2026-07-08 20:21:27.441] [odom] [warning] waiting for IMU data (scan_end_time=1783506875.261535, last_imu_time=1783506870.605344 |frames|=40)
[2026-07-08 20:21:27.451] [odom] [warning] waiting for IMU data (scan_end_time=1783506875.261535, last_imu_time=1783506870.605344 |frames|=41)
[2026-07-08 20:21:27.461] [odom] [warning] waiting for IMU data (scan_end_time=1783506875.261535, last_imu_time=1783506870.605344 |frames|=41)
[2026-07-08 20:21:27.471] [odom] [warning] waiting for IMU data (scan_end_time=1783506875.261535, last_imu_time=1783506870.605344 |frames|=41)
[2026-07-08 20:21:27.481] [odom] [warning] waiting for IMU data (scan_end_time=1783506875.261535, last_imu_time=1783506870.605344 |frames|=41)
[2026-07-08 20:21:27.491] [odom] [warning] waiting for IMU data (scan_end_time=1783506875.261535, last_imu_time=1783506870.605344 |frames|=41)
[2026-07-08 20:21:27.502] [odom] [warning] waiting for IMU data (scan_end_time=1783506875.261535, last_imu_time=1783506870.605344 |frames|=41)
[2026-07-08 20:21:27.512] [odom] [warning] waiting for IMU data (scan_end_time=1783506875.261535, last_imu_time=1783506870.605344 |frames|=41)
[2026-07-08 20:21:27.522] [odom] [warning] waiting for IMU data (scan_end_time=1783506875.261535, last_imu_time=1783506870.605344 |frames|=41)
[2026-07-08 20:21:27.532] [odom] [warning] waiting for IMU data (scan_end_time=1783506875.261535, last_imu_time=1783506870.605344 |frames|=41)
[2026-07-08 20:21:27.542] [odom] [warning] waiting for IMU data (scan_end_time=1783506875.261535, last_imu_time=1783506870.605344 |frames|=41)
[2026-07-08 20:21:27.552] [odom] [warning] waiting for IMU data (scan_end_time=1783506875.261535, last_imu_time=1783506870.605344 |frames|=41)
[2026-07-08 20:21:27.562] [odom] [warning] waiting for IMU data (scan_end_time=1783506875.261535, last_imu_time=1783506870.605344 |frames|=41)
[2026-07-08 20:21:27.572] [odom] [warning] waiting for IMU data (scan_end_time=1783506875.261535, last_imu_time=1783506870.605344 |frames|=41)
[2026-07-08 20:21:27.583] [odom] [warning] waiting for IMU data (scan_end_time=1783506875.261535, last_imu_time=1783506870.605344 |frames|=41)
[2026-07-08 20:21:27.593] [odom] [warning] waiting for IMU data (scan_end_time=1783506875.261535, last_imu_time=1783506870.605344 |frames|=41)
[2026-07-08 20:21:27.603] [odom] [warning] waiting for IMU data (scan_end_time=1783506875.261535, last_imu_time=1783506870.605344 |frames|=41)
[2026-07-08 20:21:27.613] [odom] [warning] waiting for IMU data (scan_end_time=1783506875.261535, last_imu_time=1783506870.605344 |frames|=41)
[2026-07-08 20:21:27.623] [odom] [warning] waiting for IMU data (scan_end_time=1783506875.261535, last_imu_time=1783506870.605344 |frames|=41)
[2026-07-08 20:21:27.633] [odom] [warning] waiting for IMU data (scan_end_time=1783506875.261535, last_imu_time=1783506870.605344 |frames|=41)
[2026-07-08 20:21:27.643] [odom] [warning] waiting for IMU data (scan_end_time=1783506875.261535, last_imu_time=1783506870.605344 |frames|=42)
[2026-07-08 20:21:27.654] [odom] [warning] waiting for IMU data (scan_end_time=1783506875.261535, last_imu_time=1783506870.605344 |frames|=42)
[2026-07-08 20:21:27.664] [odom] [warning] waiting for IMU data (scan_end_time=1783506875.261535, last_imu_time=1783506870.605344 |frames|=42)
[2026-07-08 20:21:27.674] [odom] [warning] waiting for IMU data (scan_end_time=1783506875.261535, last_imu_time=1783506870.605344 |frames|=42)
[2026-07-08 20:21:27.684] [odom] [warning] waiting for IMU data (scan_end_time=1783506875.261535, last_imu_time=1783506870.605344 |frames|=42)
[2026-07-08 20:21:27.694] [odom] [warning] waiting for IMU data (scan_end_time=1783506875.261535, last_imu_time=1783506870.605344 |frames|=42)
[2026-07-08 20:21:27.704] [odom] [warning] waiting for IMU data (scan_end_time=1783506875.261535, last_imu_time=1783506870.605344 |frames|=42)
[2026-07-08 20:21:27.715] [odom] [warning] waiting for IMU data (scan_end_time=1783506875.261535, last_imu_time=1783506870.605344 |frames|=42)
[2026-07-08 20:21:27.725] [odom] [warning] waiting for IMU data (scan_end_time=1783506875.261535, last_imu_time=1783506870.605344 |frames|=42)
[2026-07-08 20:21:27.735] [odom] [warning] waiting for IMU data (scan_end_time=1783506875.261535, last_imu_time=1783506870.605344 |frames|=42)
[2026-07-08 20:21:27.745] [odom] [warning] waiting for IMU data (scan_end_time=1783506875.261535, last_imu_time=1783506870.605344 |frames|=42)
[2026-07-08 20:21:27.755] [odom] [warning] waiting for IMU data (scan_end_time=1783506875.261535, last_imu_time=1783506870.605344 |frames|=42)
[2026-07-08 20:21:27.765] [odom] [warning] waiting for IMU data (scan_end_time=1783506875.261535, last_imu_time=1783506870.605344 |frames|=42)
[2026-07-08 20:21:27.776] [odom] [warning] waiting for IMU data (scan_end_time=1783506875.261535, last_imu_time=1783506870.605344 |frames|=42)
[2026-07-08 20:21:27.786] [odom] [warning] waiting for IMU data (scan_end_time=1783506875.261535, last_imu_time=1783506870.605344 |frames|=42)
[2026-07-08 20:21:27.796] [odom] [warning] waiting for IMU data (scan_end_time=1783506875.261535, last_imu_time=1783506870.605344 |frames|=42)
[2026-07-08 20:21:27.806] [odom] [warning] waiting for IMU data (scan_end_time=1783506875.261535, last_imu_time=1783506870.605344 |frames|=42)
[2026-07-08 20:21:27.816] [odom] [warning] waiting for IMU data (scan_end_time=1783506875.261535, last_imu_time=1783506870.605344 |frames|=42)
[2026-07-08 20:21:27.826] [odom] [warning] waiting for IMU data (scan_end_time=1783506875.261535, last_imu_time=1783506870.605344 |frames|=42)
[2026-07-08 20:21:27.836] [odom] [warning] waiting for IMU data (scan_end_time=1783506875.261535, last_imu_time=1783506870.605344 |frames|=43)
[2026-07-08 20:21:27.847] [odom] [warning] waiting for IMU data (scan_end_time=1783506875.261535, last_imu_time=1783506870.605344 |frames|=43)
[2026-07-08 20:21:27.857] [odom] [warning] waiting for IMU data (scan_end_time=1783506875.261535, last_imu_time=1783506870.605344 |frames|=43)
[2026-07-08 20:21:27.867] [odom] [warning] waiting for IMU data (scan_end_time=1783506875.261535, last_imu_time=1783506870.605344 |frames|=43)
[2026-07-08 20:21:27.877] [odom] [warning] waiting for IMU data (scan_end_time=1783506875.261535, last_imu_time=1783506870.605344 |frames|=43)
[2026-07-08 20:21:27.887] [odom] [warning] waiting for IMU data (scan_end_time=1783506875.261535, last_imu_time=1783506870.605344 |frames|=43)
[2026-07-08 20:21:27.897] [odom] [warning] waiting for IMU data (scan_end_time=1783506875.261535, last_imu_time=1783506870.605344 |frames|=43)
[2026-07-08 20:21:27.908] [odom] [warning] waiting for IMU data (scan_end_time=1783506875.261535, last_imu_time=1783506870.605344 |frames|=43)
[2026-07-08 20:21:27.918] [odom] [warning] waiting for IMU data (scan_end_time=1783506875.261535, last_imu_time=1783506870.605344 |frames|=43)
[2026-07-08 20:21:27.928] [odom] [warning] waiting for IMU data (scan_end_time=1783506875.261535, last_imu_time=1783506870.605344 |frames|=43)
[2026-07-08 20:21:27.938] [odom] [warning] waiting for IMU data (scan_end_time=1783506875.261535, last_imu_time=1783506870.605344 |frames|=43)
[2026-07-08 20:21:27.948] [odom] [warning] waiting for IMU data (scan_end_time=1783506875.261535, last_imu_time=1783506870.605344 |frames|=43)
[2026-07-08 20:21:27.959] [odom] [warning] waiting for IMU data (scan_end_time=1783506875.261535, last_imu_time=1783506870.605344 |frames|=43)
[2026-07-08 20:21:27.969] [odom] [warning] waiting for IMU data (scan_end_time=1783506875.261535, last_imu_time=1783506870.605344 |frames|=43)
[2026-07-08 20:21:27.979] [odom] [warning] waiting for IMU data (scan_end_time=1783506875.261535, last_imu_time=1783506870.605344 |frames|=43)
[2026-07-08 20:21:27.989] [odom] [warning] waiting for IMU data (scan_end_time=1783506875.261535, last_imu_time=1783506870.605344 |frames|=43)
[2026-07-08 20:21:27.999] [odom] [warning] waiting for IMU data (scan_end_time=1783506875.261535, last_imu_time=1783506870.605344 |frames|=43)
[2026-07-08 20:21:28.009] [odom] [warning] waiting for IMU data (scan_end_time=1783506875.261535, last_imu_time=1783506870.605344 |frames|=43)
[2026-07-08 20:21:28.020] [odom] [warning] waiting for IMU data (scan_end_time=1783506875.261535, last_imu_time=1783506870.605344 |frames|=43)
[2026-07-08 20:21:28.030] [odom] [warning] waiting for IMU data (scan_end_time=1783506875.261535, last_imu_time=1783506870.605344 |frames|=43)
[2026-07-08 20:21:28.040] [odom] [warning] waiting for IMU data (scan_end_time=1783506875.261535, last_imu_time=1783506870.605344 |frames|=44)
[2026-07-08 20:21:28.050] [odom] [warning] waiting for IMU data (scan_end_time=1783506875.261535, last_imu_time=1783506870.605344 |frames|=44)
[2026-07-08 20:21:28.060] [odom] [warning] waiting for IMU data (scan_end_time=1783506875.261535, last_imu_time=1783506870.605344 |frames|=44)
[2026-07-08 20:21:28.070] [odom] [warning] waiting for IMU data (scan_end_time=1783506875.261535, last_imu_time=1783506870.605344 |frames|=44)
[2026-07-08 20:21:28.080] [odom] [warning] waiting for IMU data (scan_end_time=1783506875.261535, last_imu_time=1783506870.605344 |frames|=44)
[2026-07-08 20:21:28.090] [odom] [warning] waiting for IMU data (scan_end_time=1783506875.261535, last_imu_time=1783506870.605344 |frames|=44)
[2026-07-08 20:21:28.101] [odom] [warning] waiting for IMU data (scan_end_time=1783506875.261535, last_imu_time=1783506870.605344 |frames|=44)
[2026-07-08 20:21:28.111] [odom] [warning] waiting for IMU data (scan_end_time=1783506875.261535, last_imu_time=1783506870.605344 |frames|=44)
[2026-07-08 20:21:28.121] [odom] [warning] waiting for IMU data (scan_end_time=1783506875.261535, last_imu_time=1783506870.605344 |frames|=44)
[2026-07-08 20:21:28.131] [odom] [warning] waiting for IMU data (scan_end_time=1783506875.261535, last_imu_time=1783506870.605344 |frames|=44)
[2026-07-08 20:21:28.141] [odom] [warning] waiting for IMU data (scan_end_time=1783506875.261535, last_imu_time=1783506870.605344 |frames|=44)
[2026-07-08 20:21:28.151] [odom] [warning] waiting for IMU data (scan_end_time=1783506875.261535, last_imu_time=1783506870.605344 |frames|=44)
[2026-07-08 20:21:28.162] [odom] [warning] waiting for IMU data (scan_end_time=1783506875.261535, last_imu_time=1783506870.605344 |frames|=44)
[2026-07-08 20:21:28.172] [odom] [warning] waiting for IMU data (scan_end_time=1783506875.261535, last_imu_time=1783506870.605344 |frames|=44)
[2026-07-08 20:21:28.182] [odom] [warning] waiting for IMU data (scan_end_time=1783506875.261535, last_imu_time=1783506870.605344 |frames|=44)
[2026-07-08 20:21:28.192] [odom] [warning] waiting for IMU data (scan_end_time=1783506875.261535, last_imu_time=1783506870.605344 |frames|=44)
[2026-07-08 20:21:28.202] [odom] [warning] waiting for IMU data (scan_end_time=1783506875.261535, last_imu_time=1783506870.605344 |frames|=44)
[2026-07-08 20:21:28.212] [odom] [warning] waiting for IMU data (scan_end_time=1783506875.261535, last_imu_time=1783506870.605344 |frames|=44)
[2026-07-08 20:21:28.222] [odom] [warning] waiting for IMU data (scan_end_time=1783506875.261535, last_imu_time=1783506870.605344 |frames|=44)
[2026-07-08 20:21:28.233] [odom] [warning] waiting for IMU data (scan_end_time=1783506875.261535, last_imu_time=1783506870.605344 |frames|=44)
[2026-07-08 20:21:28.243] [odom] [warning] waiting for IMU data (scan_end_time=1783506875.261535, last_imu_time=1783506870.605344 |frames|=45)
[2026-07-08 20:21:28.253] [odom] [warning] waiting for IMU data (scan_end_time=1783506875.261535, last_imu_time=1783506870.605344 |frames|=45)
[2026-07-08 20:21:28.263] [odom] [warning] waiting for IMU data (scan_end_time=1783506875.261535, last_imu_time=1783506870.605344 |frames|=45)
[2026-07-08 20:21:28.273] [odom] [warning] waiting for IMU data (scan_end_time=1783506875.261535, last_imu_time=1783506870.605344 |frames|=45)
[2026-07-08 20:21:28.283] [odom] [warning] waiting for IMU data (scan_end_time=1783506875.261535, last_imu_time=1783506870.605344 |frames|=45)
[2026-07-08 20:21:28.294] [odom] [warning] waiting for IMU data (scan_end_time=1783506875.261535, last_imu_time=1783506870.605344 |frames|=45)
[2026-07-08 20:21:28.304] [odom] [warning] waiting for IMU data (scan_end_time=1783506875.261535, last_imu_time=1783506870.605344 |frames|=45)
[2026-07-08 20:21:28.314] [odom] [warning] waiting for IMU data (scan_end_time=1783506875.261535, last_imu_time=1783506870.605344 |frames|=45)
[2026-07-08 20:21:28.324] [odom] [warning] waiting for IMU data (scan_end_time=1783506875.261535, last_imu_time=1783506870.605344 |frames|=45)
[2026-07-08 20:21:28.334] [odom] [warning] waiting for IMU data (scan_end_time=1783506875.261535, last_imu_time=1783506870.605344 |frames|=45)
[2026-07-08 20:21:28.344] [odom] [warning] waiting for IMU data (scan_end_time=1783506875.261535, last_imu_time=1783506870.605344 |frames|=45)
[2026-07-08 20:21:28.355] [odom] [warning] waiting for IMU data (scan_end_time=1783506875.261535, last_imu_time=1783506870.605344 |frames|=45)
[2026-07-08 20:21:28.365] [odom] [warning] waiting for IMU data (scan_end_time=1783506875.261535, last_imu_time=1783506870.605344 |frames|=45)
[2026-07-08 20:21:28.375] [odom] [warning] waiting for IMU data (scan_end_time=1783506875.261535, last_imu_time=1783506870.605344 |frames|=45)
[2026-07-08 20:21:28.385] [odom] [warning] waiting for IMU data (scan_end_time=1783506875.261535, last_imu_time=1783506870.605344 |frames|=45)
[2026-07-08 20:21:28.395] [odom] [warning] waiting for IMU data (scan_end_time=1783506875.261535, last_imu_time=1783506870.605344 |frames|=45)
[2026-07-08 20:21:28.406] [odom] [warning] waiting for IMU data (scan_end_time=1783506875.261535, last_imu_time=1783506870.605344 |frames|=45)
[2026-07-08 20:21:28.416] [odom] [warning] waiting for IMU data (scan_end_time=1783506875.261535, last_imu_time=1783506870.605344 |frames|=45)
[2026-07-08 20:21:28.426] [odom] [warning] waiting for IMU data (scan_end_time=1783506875.261535, last_imu_time=1783506870.605344 |frames|=45)
[2026-07-08 20:21:28.436] [odom] [warning] waiting for IMU data (scan_end_time=1783506875.261535, last_imu_time=1783506870.605344 |frames|=45)
[2026-07-08 20:21:28.446] [odom] [warning] waiting for IMU data (scan_end_time=1783506875.261535, last_imu_time=1783506870.605344 |frames|=46)
[2026-07-08 20:21:28.457] [odom] [warning] waiting for IMU data (scan_end_time=1783506875.261535, last_imu_time=1783506870.605344 |frames|=46)
[2026-07-08 20:21:28.467] [odom] [warning] waiting for IMU data (scan_end_time=1783506875.261535, last_imu_time=1783506870.605344 |frames|=46)
[2026-07-08 20:21:28.477] [odom] [warning] waiting for IMU data (scan_end_time=1783506875.261535, last_imu_time=1783506870.605344 |frames|=46)
[2026-07-08 20:21:28.487] [odom] [warning] waiting for IMU data (scan_end_time=1783506875.261535, last_imu_time=1783506870.605344 |frames|=46)
[2026-07-08 20:21:28.497] [odom] [warning] waiting for IMU data (scan_end_time=1783506875.261535, last_imu_time=1783506870.605344 |frames|=46)
[2026-07-08 20:21:28.508] [odom] [warning] waiting for IMU data (scan_end_time=1783506875.261535, last_imu_time=1783506870.605344 |frames|=46)
[2026-07-08 20:21:28.518] [odom] [warning] waiting for IMU data (scan_end_time=1783506875.261535, last_imu_time=1783506870.605344 |frames|=46)
[2026-07-08 20:21:28.528] [odom] [warning] waiting for IMU data (scan_end_time=1783506875.261535, last_imu_time=1783506870.605344 |frames|=46)
[2026-07-08 20:21:28.538] [odom] [warning] waiting for IMU data (scan_end_time=1783506875.261535, last_imu_time=1783506870.605344 |frames|=46)
[2026-07-08 20:21:28.549] [odom] [warning] waiting for IMU data (scan_end_time=1783506875.261535, last_imu_time=1783506870.605344 |frames|=46)
[2026-07-08 20:21:28.559] [odom] [warning] waiting for IMU data (scan_end_time=1783506875.261535, last_imu_time=1783506870.605344 |frames|=46)
[2026-07-08 20:21:28.569] [odom] [warning] waiting for IMU data (scan_end_time=1783506875.261535, last_imu_time=1783506870.605344 |frames|=46)
[2026-07-08 20:21:28.579] [odom] [warning] waiting for IMU data (scan_end_time=1783506875.261535, last_imu_time=1783506870.605344 |frames|=46)
[2026-07-08 20:21:28.589] [odom] [warning] waiting for IMU data (scan_end_time=1783506875.261535, last_imu_time=1783506870.605344 |frames|=46)
[2026-07-08 20:21:28.599] [odom] [warning] waiting for IMU data (scan_end_time=1783506875.261535, last_imu_time=1783506870.605344 |frames|=46)
[2026-07-08 20:21:28.610] [odom] [warning] waiting for IMU data (scan_end_time=1783506875.261535, last_imu_time=1783506870.605344 |frames|=46)
[2026-07-08 20:21:28.620] [odom] [warning] waiting for IMU data (scan_end_time=1783506875.261535, last_imu_time=1783506870.605344 |frames|=46)
[2026-07-08 20:21:28.630] [odom] [warning] waiting for IMU data (scan_end_time=1783506875.261535, last_imu_time=1783506870.605344 |frames|=46)
[2026-07-08 20:21:28.640] [odom] [warning] waiting for IMU data (scan_end_time=1783506875.261535, last_imu_time=1783506870.605344 |frames|=46)
[2026-07-08 20:21:28.650] [odom] [warning] waiting for IMU data (scan_end_time=1783506875.261535, last_imu_time=1783506870.605344 |frames|=46)
[2026-07-08 20:21:28.660] [odom] [warning] waiting for IMU data (scan_end_time=1783506875.261535, last_imu_time=1783506870.605344 |frames|=46)
[2026-07-08 20:21:28.671] [odom] [warning] waiting for IMU data (scan_end_time=1783506875.261535, last_imu_time=1783506870.605344 |frames|=47)
[2026-07-08 20:21:28.681] [odom] [warning] waiting for IMU data (scan_end_time=1783506875.261535, last_imu_time=1783506870.605344 |frames|=47)
[2026-07-08 20:21:28.691] [odom] [warning] waiting for IMU data (scan_end_time=1783506875.261535, last_imu_time=1783506870.605344 |frames|=47)
[2026-07-08 20:21:28.701] [odom] [warning] waiting for IMU data (scan_end_time=1783506875.261535, last_imu_time=1783506870.605344 |frames|=47)
[2026-07-08 20:21:28.711] [odom] [warning] waiting for IMU data (scan_end_time=1783506875.261535, last_imu_time=1783506870.605344 |frames|=47)
[2026-07-08 20:21:28.722] [odom] [warning] waiting for IMU data (scan_end_time=1783506875.261535, last_imu_time=1783506870.605344 |frames|=47)
[2026-07-08 20:21:28.732] [odom] [warning] waiting for IMU data (scan_end_time=1783506875.261535, last_imu_time=1783506870.605344 |frames|=47)
[2026-07-08 20:21:28.742] [odom] [warning] waiting for IMU data (scan_end_time=1783506875.261535, last_imu_time=1783506870.605344 |frames|=47)
[2026-07-08 20:21:28.752] [odom] [warning] waiting for IMU data (scan_end_time=1783506875.261535, last_imu_time=1783506870.605344 |frames|=47)
[2026-07-08 20:21:28.762] [odom] [warning] waiting for IMU data (scan_end_time=1783506875.261535, last_imu_time=1783506870.605344 |frames|=47)
[2026-07-08 20:21:28.773] [odom] [warning] waiting for IMU data (scan_end_time=1783506875.261535, last_imu_time=1783506870.605344 |frames|=47)
[2026-07-08 20:21:28.783] [odom] [warning] waiting for IMU data (scan_end_time=1783506875.261535, last_imu_time=1783506870.605344 |frames|=47)
[2026-07-08 20:21:28.793] [odom] [warning] waiting for IMU data (scan_end_time=1783506875.261535, last_imu_time=1783506870.605344 |frames|=47)
[2026-07-08 20:21:28.803] [odom] [warning] waiting for IMU data (scan_end_time=1783506875.261535, last_imu_time=1783506870.605344 |frames|=47)
[2026-07-08 20:21:28.813] [odom] [warning] waiting for IMU data (scan_end_time=1783506875.261535, last_imu_time=1783506870.605344 |frames|=47)
[2026-07-08 20:21:28.824] [odom] [warning] waiting for IMU data (scan_end_time=1783506875.261535, last_imu_time=1783506870.605344 |frames|=47)
[2026-07-08 20:21:28.834] [odom] [warning] waiting for IMU data (scan_end_time=1783506875.261535, last_imu_time=1783506870.605344 |frames|=47)
[2026-07-08 20:21:28.844] [odom] [warning] waiting for IMU data (scan_end_time=1783506875.261535, last_imu_time=1783506870.605344 |frames|=47)
[2026-07-08 20:21:28.854] [odom] [warning] waiting for IMU data (scan_end_time=1783506875.261535, last_imu_time=1783506870.605344 |frames|=47)
[2026-07-08 20:21:28.864] [odom] [warning] waiting for IMU data (scan_end_time=1783506875.261535, last_imu_time=1783506870.605344 |frames|=47)
[2026-07-08 20:21:28.875] [odom] [warning] waiting for IMU data (scan_end_time=1783506875.261535, last_imu_time=1783506870.605344 |frames|=47)
[2026-07-08 20:21:28.885] [odom] [warning] waiting for IMU data (scan_end_time=1783506875.261535, last_imu_time=1783506870.605344 |frames|=48)
[2026-07-08 20:21:28.895] [odom] [warning] waiting for IMU data (scan_end_time=1783506875.261535, last_imu_time=1783506870.605344 |frames|=48)
[2026-07-08 20:21:28.905] [odom] [warning] waiting for IMU data (scan_end_time=1783506875.261535, last_imu_time=1783506870.605344 |frames|=48)
[2026-07-08 20:21:28.915] [odom] [warning] waiting for IMU data (scan_end_time=1783506875.261535, last_imu_time=1783506870.605344 |frames|=48)
[2026-07-08 20:21:28.926] [odom] [warning] waiting for IMU data (scan_end_time=1783506875.261535, last_imu_time=1783506870.605344 |frames|=48)
[2026-07-08 20:21:28.936] [odom] [warning] waiting for IMU data (scan_end_time=1783506875.261535, last_imu_time=1783506870.605344 |frames|=48)
[2026-07-08 20:21:28.946] [odom] [warning] waiting for IMU data (scan_end_time=1783506875.261535, last_imu_time=1783506870.605344 |frames|=48)
[2026-07-08 20:21:28.956] [odom] [warning] waiting for IMU data (scan_end_time=1783506875.261535, last_imu_time=1783506870.605344 |frames|=48)
[2026-07-08 20:21:28.966] [odom] [warning] waiting for IMU data (scan_end_time=1783506875.261535, last_imu_time=1783506870.605344 |frames|=48)
[2026-07-08 20:21:28.976] [odom] [warning] waiting for IMU data (scan_end_time=1783506875.261535, last_imu_time=1783506870.605344 |frames|=48)
[2026-07-08 20:21:28.987] [odom] [warning] waiting for IMU data (scan_end_time=1783506875.261535, last_imu_time=1783506870.605344 |frames|=48)
[2026-07-08 20:21:28.997] [odom] [warning] waiting for IMU data (scan_end_time=1783506875.261535, last_imu_time=1783506870.605344 |frames|=48)
[2026-07-08 20:21:29.007] [odom] [warning] waiting for IMU data (scan_end_time=1783506875.261535, last_imu_time=1783506870.605344 |frames|=48)
[2026-07-08 20:21:29.017] [odom] [warning] waiting for IMU data (scan_end_time=1783506875.261535, last_imu_time=1783506870.605344 |frames|=48)
[2026-07-08 20:21:29.027] [odom] [warning] waiting for IMU data (scan_end_time=1783506875.261535, last_imu_time=1783506870.605344 |frames|=48)
[2026-07-08 20:21:29.038] [odom] [warning] waiting for IMU data (scan_end_time=1783506875.261535, last_imu_time=1783506870.605344 |frames|=48)
[2026-07-08 20:21:29.048] [odom] [warning] waiting for IMU data (scan_end_time=1783506875.261535, last_imu_time=1783506870.605344 |frames|=48)
[2026-07-08 20:21:29.058] [odom] [warning] waiting for IMU data (scan_end_time=1783506875.261535, last_imu_time=1783506870.605344 |frames|=48)
[2026-07-08 20:21:29.068] [odom] [warning] waiting for IMU data (scan_end_time=1783506875.261535, last_imu_time=1783506870.605344 |frames|=48)
[2026-07-08 20:21:29.078] [odom] [warning] waiting for IMU data (scan_end_time=1783506875.261535, last_imu_time=1783506870.605344 |frames|=48)
[2026-07-08 20:21:29.089] [odom] [warning] waiting for IMU data (scan_end_time=1783506875.261535, last_imu_time=1783506870.605344 |frames|=48)
[2026-07-08 20:21:29.099] [odom] [warning] waiting for IMU data (scan_end_time=1783506875.261535, last_imu_time=1783506870.605344 |frames|=48)
[2026-07-08 20:21:29.109] [odom] [warning] waiting for IMU data (scan_end_time=1783506875.261535, last_imu_time=1783506870.605344 |frames|=49)
[2026-07-08 20:21:29.119] [odom] [warning] waiting for IMU data (scan_end_time=1783506875.261535, last_imu_time=1783506870.605344 |frames|=49)
[2026-07-08 20:21:29.129] [odom] [warning] waiting for IMU data (scan_end_time=1783506875.261535, last_imu_time=1783506870.605344 |frames|=49)
[2026-07-08 20:21:29.139] [odom] [warning] waiting for IMU data (scan_end_time=1783506875.261535, last_imu_time=1783506870.605344 |frames|=49)
[2026-07-08 20:21:29.150] [odom] [warning] waiting for IMU data (scan_end_time=1783506875.261535, last_imu_time=1783506870.605344 |frames|=49)
[2026-07-08 20:21:29.160] [odom] [warning] waiting for IMU data (scan_end_time=1783506875.261535, last_imu_time=1783506870.605344 |frames|=49)
[2026-07-08 20:21:29.170] [odom] [warning] waiting for IMU data (scan_end_time=1783506875.261535, last_imu_time=1783506870.605344 |frames|=49)
[2026-07-08 20:21:29.180] [odom] [warning] waiting for IMU data (scan_end_time=1783506875.261535, last_imu_time=1783506870.605344 |frames|=49)
[2026-07-08 20:21:29.190] [odom] [warning] waiting for IMU data (scan_end_time=1783506875.261535, last_imu_time=1783506870.605344 |frames|=49)
[2026-07-08 20:21:29.200] [odom] [warning] waiting for IMU data (scan_end_time=1783506875.261535, last_imu_time=1783506870.605344 |frames|=49)
[2026-07-08 20:21:29.211] [odom] [warning] waiting for IMU data (scan_end_time=1783506875.261535, last_imu_time=1783506870.605344 |frames|=49)
[2026-07-08 20:21:29.221] [odom] [warning] waiting for IMU data (scan_end_time=1783506875.261535, last_imu_time=1783506870.605344 |frames|=49)
[2026-07-08 20:21:29.231] [odom] [warning] waiting for IMU data (scan_end_time=1783506875.261535, last_imu_time=1783506870.605344 |frames|=49)
[2026-07-08 20:21:29.241] [odom] [warning] waiting for IMU data (scan_end_time=1783506875.261535, last_imu_time=1783506870.605344 |frames|=49)
[2026-07-08 20:21:29.251] [odom] [warning] waiting for IMU data (scan_end_time=1783506875.261535, last_imu_time=1783506870.605344 |frames|=49)
[2026-07-08 20:21:29.262] [odom] [warning] waiting for IMU data (scan_end_time=1783506875.261535, last_imu_time=1783506870.605344 |frames|=49)
[2026-07-08 20:21:29.272] [odom] [warning] waiting for IMU data (scan_end_time=1783506875.261535, last_imu_time=1783506870.605344 |frames|=49)
[2026-07-08 20:21:29.282] [odom] [warning] waiting for IMU data (scan_end_time=1783506875.261535, last_imu_time=1783506870.605344 |frames|=49)
[2026-07-08 20:21:29.292] [odom] [warning] waiting for IMU data (scan_end_time=1783506875.261535, last_imu_time=1783506870.605344 |frames|=49)
[2026-07-08 20:21:29.302] [odom] [warning] waiting for IMU data (scan_end_time=1783506875.261535, last_imu_time=1783506870.605344 |frames|=49)
[2026-07-08 20:21:29.313] [odom] [warning] waiting for IMU data (scan_end_time=1783506875.261535, last_imu_time=1783506870.605344 |frames|=49)
[2026-07-08 20:21:29.323] [odom] [warning] waiting for IMU data (scan_end_time=1783506875.261535, last_imu_time=1783506870.605344 |frames|=49)
[2026-07-08 20:21:29.333] [odom] [warning] waiting for IMU data (scan_end_time=1783506875.261535, last_imu_time=1783506870.605344 |frames|=49)
[2026-07-08 20:21:29.343] [odom] [warning] waiting for IMU data (scan_end_time=1783506875.261535, last_imu_time=1783506870.605344 |frames|=50)
[2026-07-08 20:21:29.353] [odom] [warning] waiting for IMU data (scan_end_time=1783506875.261535, last_imu_time=1783506870.605344 |frames|=50)
[2026-07-08 20:21:29.363] [odom] [warning] waiting for IMU data (scan_end_time=1783506875.261535, last_imu_time=1783506870.605344 |frames|=50)
[2026-07-08 20:21:29.373] [odom] [warning] waiting for IMU data (scan_end_time=1783506875.261535, last_imu_time=1783506870.605344 |frames|=50)
[2026-07-08 20:21:29.384] [odom] [warning] waiting for IMU data (scan_end_time=1783506875.261535, last_imu_time=1783506870.605344 |frames|=50)
[2026-07-08 20:21:29.394] [odom] [warning] waiting for IMU data (scan_end_time=1783506875.261535, last_imu_time=1783506870.605344 |frames|=50)
[2026-07-08 20:21:29.404] [odom] [warning] waiting for IMU data (scan_end_time=1783506875.261535, last_imu_time=1783506870.605344 |frames|=50)
[2026-07-08 20:21:29.414] [odom] [warning] waiting for IMU data (scan_end_time=1783506875.261535, last_imu_time=1783506870.605344 |frames|=50)
[2026-07-08 20:21:29.424] [odom] [warning] waiting for IMU data (scan_end_time=1783506875.261535, last_imu_time=1783506870.605344 |frames|=50)
[2026-07-08 20:21:29.434] [odom] [warning] waiting for IMU data (scan_end_time=1783506875.261535, last_imu_time=1783506870.605344 |frames|=50)
[2026-07-08 20:21:29.444] [odom] [warning] waiting for IMU data (scan_end_time=1783506875.261535, last_imu_time=1783506870.605344 |frames|=50)
[2026-07-08 20:21:29.455] [odom] [warning] waiting for IMU data (scan_end_time=1783506875.261535, last_imu_time=1783506870.605344 |frames|=50)
[2026-07-08 20:21:29.465] [odom] [warning] waiting for IMU data (scan_end_time=1783506875.261535, last_imu_time=1783506870.605344 |frames|=50)
[2026-07-08 20:21:29.475] [odom] [warning] waiting for IMU data (scan_end_time=1783506875.261535, last_imu_time=1783506870.605344 |frames|=50)
[2026-07-08 20:21:29.485] [odom] [warning] waiting for IMU data (scan_end_time=1783506875.261535, last_imu_time=1783506870.605344 |frames|=50)
[2026-07-08 20:21:29.495] [odom] [warning] waiting for IMU data (scan_end_time=1783506875.261535, last_imu_time=1783506870.605344 |frames|=50)
[2026-07-08 20:21:29.505] [odom] [warning] waiting for IMU data (scan_end_time=1783506875.261535, last_imu_time=1783506870.605344 |frames|=50)
[2026-07-08 20:21:29.516] [odom] [warning] waiting for IMU data (scan_end_time=1783506875.261535, last_imu_time=1783506870.605344 |frames|=50)
[2026-07-08 20:21:29.526] [odom] [warning] waiting for IMU data (scan_end_time=1783506875.261535, last_imu_time=1783506870.605344 |frames|=50)
[2026-07-08 20:21:29.536] [odom] [warning] waiting for IMU data (scan_end_time=1783506875.261535, last_imu_time=1783506870.605344 |frames|=50)
[2026-07-08 20:21:29.546] [odom] [warning] waiting for IMU data (scan_end_time=1783506875.261535, last_imu_time=1783506870.605344 |frames|=50)
[2026-07-08 20:21:29.556] [odom] [warning] waiting for IMU data (scan_end_time=1783506875.261535, last_imu_time=1783506870.605344 |frames|=50)
[2026-07-08 20:21:29.566] [odom] [warning] waiting for IMU data (scan_end_time=1783506875.261535, last_imu_time=1783506870.605344 |frames|=50)
[2026-07-08 20:21:29.576] [odom] [warning] waiting for IMU data (scan_end_time=1783506875.261535, last_imu_time=1783506870.605344 |frames|=51)
[2026-07-08 20:21:29.586] [odom] [warning] waiting for IMU data (scan_end_time=1783506875.261535, last_imu_time=1783506870.605344 |frames|=51)
[2026-07-08 20:21:29.596] [odom] [warning] waiting for IMU data (scan_end_time=1783506875.261535, last_imu_time=1783506870.605344 |frames|=51)
[2026-07-08 20:21:29.607] [odom] [warning] waiting for IMU data (scan_end_time=1783506875.261535, last_imu_time=1783506870.605344 |frames|=51)
[2026-07-08 20:21:29.617] [odom] [warning] waiting for IMU data (scan_end_time=1783506875.261535, last_imu_time=1783506870.605344 |frames|=51)
[2026-07-08 20:21:29.627] [odom] [warning] waiting for IMU data (scan_end_time=1783506875.261535, last_imu_time=1783506870.605344 |frames|=51)
[2026-07-08 20:21:29.637] [odom] [warning] waiting for IMU data (scan_end_time=1783506875.261535, last_imu_time=1783506870.605344 |frames|=51)
[2026-07-08 20:21:29.647] [odom] [warning] waiting for IMU data (scan_end_time=1783506875.261535, last_imu_time=1783506870.605344 |frames|=51)
[2026-07-08 20:21:29.657] [odom] [warning] waiting for IMU data (scan_end_time=1783506875.261535, last_imu_time=1783506870.605344 |frames|=51)
[2026-07-08 20:21:29.668] [odom] [warning] waiting for IMU data (scan_end_time=1783506875.261535, last_imu_time=1783506870.605344 |frames|=51)
[2026-07-08 20:21:29.678] [odom] [warning] waiting for IMU data (scan_end_time=1783506875.261535, last_imu_time=1783506870.605344 |frames|=51)
[2026-07-08 20:21:29.688] [odom] [warning] waiting for IMU data (scan_end_time=1783506875.261535, last_imu_time=1783506870.605344 |frames|=51)
[2026-07-08 20:21:29.698] [odom] [warning] waiting for IMU data (scan_end_time=1783506875.261535, last_imu_time=1783506870.605344 |frames|=51)
[2026-07-08 20:21:29.708] [odom] [warning] waiting for IMU data (scan_end_time=1783506875.261535, last_imu_time=1783506870.605344 |frames|=51)
[2026-07-08 20:21:29.718] [odom] [warning] waiting for IMU data (scan_end_time=1783506875.261535, last_imu_time=1783506870.605344 |frames|=51)
[2026-07-08 20:21:29.729] [odom] [warning] waiting for IMU data (scan_end_time=1783506875.261535, last_imu_time=1783506870.605344 |frames|=51)
[2026-07-08 20:21:29.739] [odom] [warning] waiting for IMU data (scan_end_time=1783506875.261535, last_imu_time=1783506870.605344 |frames|=51)
[2026-07-08 20:21:29.749] [odom] [warning] waiting for IMU data (scan_end_time=1783506875.261535, last_imu_time=1783506870.605344 |frames|=51)
[2026-07-08 20:21:29.759] [odom] [warning] waiting for IMU data (scan_end_time=1783506875.261535, last_imu_time=1783506870.605344 |frames|=51)
[2026-07-08 20:21:29.769] [odom] [warning] waiting for IMU data (scan_end_time=1783506875.261535, last_imu_time=1783506870.605344 |frames|=51)
[2026-07-08 20:21:29.779] [odom] [warning] waiting for IMU data (scan_end_time=1783506875.261535, last_imu_time=1783506870.605344 |frames|=51)
[2026-07-08 20:21:29.790] [odom] [warning] waiting for IMU data (scan_end_time=1783506875.261535, last_imu_time=1783506870.605344 |frames|=51)
[2026-07-08 20:21:29.800] [odom] [warning] waiting for IMU data (scan_end_time=1783506875.261535, last_imu_time=1783506870.605344 |frames|=51)
[2026-07-08 20:21:29.810] [odom] [warning] waiting for IMU data (scan_end_time=1783506875.261535, last_imu_time=1783506870.605344 |frames|=51)
[2026-07-08 20:21:29.820] [odom] [warning] waiting for IMU data (scan_end_time=1783506875.261535, last_imu_time=1783506870.605344 |frames|=52)
[2026-07-08 20:21:29.830] [odom] [warning] waiting for IMU data (scan_end_time=1783506875.261535, last_imu_time=1783506870.605344 |frames|=52)
[2026-07-08 20:21:29.841] [odom] [warning] waiting for IMU data (scan_end_time=1783506875.261535, last_imu_time=1783506870.605344 |frames|=52)
[2026-07-08 20:21:29.851] [odom] [warning] waiting for IMU data (scan_end_time=1783506875.261535, last_imu_time=1783506870.605344 |frames|=52)
[2026-07-08 20:21:29.861] [odom] [warning] waiting for IMU data (scan_end_time=1783506875.261535, last_imu_time=1783506870.605344 |frames|=52)
[2026-07-08 20:21:29.871] [odom] [warning] waiting for IMU data (scan_end_time=1783506875.261535, last_imu_time=1783506870.605344 |frames|=52)
[2026-07-08 20:21:29.881] [odom] [warning] waiting for IMU data (scan_end_time=1783506875.261535, last_imu_time=1783506870.605344 |frames|=52)
[2026-07-08 20:21:29.892] [odom] [warning] waiting for IMU data (scan_end_time=1783506875.261535, last_imu_time=1783506870.605344 |frames|=52)
[2026-07-08 20:21:29.902] [odom] [warning] waiting for IMU data (scan_end_time=1783506875.261535, last_imu_time=1783506870.605344 |frames|=52)
[2026-07-08 20:21:29.912] [odom] [warning] waiting for IMU data (scan_end_time=1783506875.261535, last_imu_time=1783506870.605344 |frames|=52)
[2026-07-08 20:21:29.922] [odom] [warning] waiting for IMU data (scan_end_time=1783506875.261535, last_imu_time=1783506870.605344 |frames|=52)
[2026-07-08 20:21:29.932] [odom] [warning] waiting for IMU data (scan_end_time=1783506875.261535, last_imu_time=1783506870.605344 |frames|=52)
[2026-07-08 20:21:29.943] [odom] [warning] waiting for IMU data (scan_end_time=1783506875.261535, last_imu_time=1783506870.605344 |frames|=52)
[2026-07-08 20:21:29.953] [odom] [warning] waiting for IMU data (scan_end_time=1783506875.261535, last_imu_time=1783506870.605344 |frames|=52)
[2026-07-08 20:21:29.963] [odom] [warning] waiting for IMU data (scan_end_time=1783506875.261535, last_imu_time=1783506870.605344 |frames|=52)
[2026-07-08 20:21:29.973] [odom] [warning] waiting for IMU data (scan_end_time=1783506875.261535, last_imu_time=1783506870.605344 |frames|=52)
[2026-07-08 20:21:29.983] [odom] [warning] waiting for IMU data (scan_end_time=1783506875.261535, last_imu_time=1783506870.605344 |frames|=52)
[2026-07-08 20:21:29.994] [odom] [warning] waiting for IMU data (scan_end_time=1783506875.261535, last_imu_time=1783506870.605344 |frames|=52)
[2026-07-08 20:21:30.004] [odom] [warning] waiting for IMU data (scan_end_time=1783506875.261535, last_imu_time=1783506870.605344 |frames|=52)
[2026-07-08 20:21:30.014] [odom] [warning] waiting for IMU data (scan_end_time=1783506875.261535, last_imu_time=1783506870.605344 |frames|=52)
[2026-07-08 20:21:30.024] [odom] [warning] waiting for IMU data (scan_end_time=1783506875.261535, last_imu_time=1783506870.605344 |frames|=52)
[2026-07-08 20:21:30.034] [odom] [warning] waiting for IMU data (scan_end_time=1783506875.261535, last_imu_time=1783506870.605344 |frames|=52)
[2026-07-08 20:21:30.045] [odom] [warning] waiting for IMU data (scan_end_time=1783506875.261535, last_imu_time=1783506870.605344 |frames|=52)
[2026-07-08 20:21:30.055] [odom] [warning] waiting for IMU data (scan_end_time=1783506875.261535, last_imu_time=1783506870.605344 |frames|=53)
[2026-07-08 20:21:30.065] [odom] [warning] waiting for IMU data (scan_end_time=1783506875.261535, last_imu_time=1783506870.605344 |frames|=53)
[2026-07-08 20:21:30.075] [odom] [warning] waiting for IMU data (scan_end_time=1783506875.261535, last_imu_time=1783506870.605344 |frames|=53)
[2026-07-08 20:21:30.085] [odom] [warning] waiting for IMU data (scan_end_time=1783506875.261535, last_imu_time=1783506870.605344 |frames|=53)
[2026-07-08 20:21:30.095] [odom] [warning] waiting for IMU data (scan_end_time=1783506875.261535, last_imu_time=1783506870.605344 |frames|=53)
[2026-07-08 20:21:30.106] [odom] [warning] waiting for IMU data (scan_end_time=1783506875.261535, last_imu_time=1783506870.605344 |frames|=53)
[2026-07-08 20:21:30.116] [odom] [warning] waiting for IMU data (scan_end_time=1783506875.261535, last_imu_time=1783506870.605344 |frames|=53)
[2026-07-08 20:21:30.126] [odom] [warning] waiting for IMU data (scan_end_time=1783506875.261535, last_imu_time=1783506870.605344 |frames|=53)
[2026-07-08 20:21:30.136] [odom] [warning] waiting for IMU data (scan_end_time=1783506875.261535, last_imu_time=1783506870.605344 |frames|=53)
[2026-07-08 20:21:30.146] [odom] [warning] waiting for IMU data (scan_end_time=1783506875.261535, last_imu_time=1783506870.605344 |frames|=53)
[2026-07-08 20:21:30.157] [odom] [warning] waiting for IMU data (scan_end_time=1783506875.261535, last_imu_time=1783506870.605344 |frames|=53)
[2026-07-08 20:21:30.167] [odom] [warning] waiting for IMU data (scan_end_time=1783506875.261535, last_imu_time=1783506870.605344 |frames|=53)
[2026-07-08 20:21:30.177] [odom] [warning] waiting for IMU data (scan_end_time=1783506875.261535, last_imu_time=1783506870.605344 |frames|=53)
[2026-07-08 20:21:30.187] [odom] [warning] waiting for IMU data (scan_end_time=1783506875.261535, last_imu_time=1783506870.605344 |frames|=53)
[2026-07-08 20:21:30.197] [odom] [warning] waiting for IMU data (scan_end_time=1783506875.261535, last_imu_time=1783506870.605344 |frames|=53)
[2026-07-08 20:21:30.207] [odom] [warning] waiting for IMU data (scan_end_time=1783506875.261535, last_imu_time=1783506870.605344 |frames|=53)
[2026-07-08 20:21:30.218] [odom] [warning] waiting for IMU data (scan_end_time=1783506875.261535, last_imu_time=1783506870.605344 |frames|=53)
[2026-07-08 20:21:30.228] [odom] [warning] waiting for IMU data (scan_end_time=1783506875.261535, last_imu_time=1783506870.605344 |frames|=53)
[2026-07-08 20:21:30.238] [odom] [warning] waiting for IMU data (scan_end_time=1783506875.261535, last_imu_time=1783506870.605344 |frames|=53)
[2026-07-08 20:21:30.248] [odom] [warning] waiting for IMU data (scan_end_time=1783506875.261535, last_imu_time=1783506870.605344 |frames|=53)
[2026-07-08 20:21:30.258] [odom] [warning] waiting for IMU data (scan_end_time=1783506875.261535, last_imu_time=1783506870.605344 |frames|=53)
[2026-07-08 20:21:30.268] [odom] [warning] waiting for IMU data (scan_end_time=1783506875.261535, last_imu_time=1783506870.605344 |frames|=53)
[2026-07-08 20:21:30.279] [odom] [warning] waiting for IMU data (scan_end_time=1783506875.261535, last_imu_time=1783506870.605344 |frames|=53)
[2026-07-08 20:21:30.289] [odom] [warning] waiting for IMU data (scan_end_time=1783506875.261535, last_imu_time=1783506870.605344 |frames|=53)
[2026-07-08 20:21:30.290] [glim] [warning] large time gap between consecutive IMU data!!
[2026-07-08 20:21:30.290] [glim] [warning] current=1783506880.564401 last=1783506870.605344 diff=9.959058
[2026-07-08 20:21:30.299] [odom] [warning] waiting for IMU data (scan_end_time=1783506875.261535, last_imu_time=1783506870.605344 |frames|=53)
[2026-07-08 20:21:30.319] [odom] [warning] insufficient number of IMU data between LiDAR scans!! (odometry_estimation)
[2026-07-08 20:21:30.319] [odom] [warning] t_last=1783506875.160208 t_current=1783506875.261527 num_imu=0
[2026-07-08 20:21:30.333] [odom] [warning] insufficient number of IMU data between LiDAR scans!! (odometry_estimation)
[2026-07-08 20:21:30.333] [odom] [warning] t_last=1783506875.261527 t_current=1783506875.363145 num_imu=0
[2026-07-08 20:21:30.350] [odom] [warning] insufficient number of IMU data between LiDAR scans!! (odometry_estimation)
[2026-07-08 20:21:30.350] [odom] [warning] t_last=1783506875.363145 t_current=1783506875.464498 num_imu=0
[2026-07-08 20:21:30.369] [odom] [warning] insufficient number of IMU data between LiDAR scans!! (odometry_estimation)
[2026-07-08 20:21:30.369] [odom] [warning] t_last=1783506875.464498 t_current=1783506875.565974 num_imu=0
[2026-07-08 20:21:30.380] [odom] [warning] insufficient number of IMU data between LiDAR scans!! (odometry_estimation)
[2026-07-08 20:21:30.380] [odom] [warning] t_last=1783506875.565974 t_current=1783506875.667405 num_imu=0
[2026-07-08 20:21:30.387] [odom] [warning] insufficient number of IMU data between LiDAR scans!! (odometry_estimation)
[2026-07-08 20:21:30.387] [odom] [warning] t_last=1783506875.667405 t_current=1783506875.768848 num_imu=0
[2026-07-08 20:21:30.393] [odom] [warning] insufficient number of IMU data between LiDAR scans!! (odometry_estimation)
[2026-07-08 20:21:30.393] [odom] [warning] t_last=1783506875.768848 t_current=1783506875.870249 num_imu=0
[2026-07-08 20:21:30.398] [odom] [warning] IMU prediction is not good.
[2026-07-08 20:21:30.398] [odom] [warning] Possibly T_lidar_imu is not accurate or IMU bias is not well estimated.
[2026-07-08 20:21:30.398] [odom] [warning] IMU validation results:
[2026-07-08 20:21:30.398] [odom] [warning] num_validations=24320
[2026-07-08 20:21:30.398] [odom] [warning] No-IMU errors rot=0.214 +- 0.271 deg, trans=0.026 +- 0.117 m, vel=0.029 +- 0.057 m/s
[2026-07-08 20:21:30.398] [odom] [warning] IMU errors rot=0.071 +- 0.062 deg, trans=0.029 +- 0.019 m, vel=0.085 +- 0.048 m/s
[2026-07-08 20:21:30.398] [odom] [warning] IMU better ratios rot=0.85, trans=0.02, vel=0.07
[2026-07-08 20:21:30.398] [odom] [warning] insufficient number of IMU data between LiDAR scans!! (odometry_estimation)
[2026-07-08 20:21:30.398] [odom] [warning] t_last=1783506875.870249 t_current=1783506875.971567 num_imu=0
[2026-07-08 20:21:30.403] [odom] [warning] insufficient number of IMU data between LiDAR scans!! (odometry_estimation)
[2026-07-08 20:21:30.403] [odom] [warning] t_last=1783506875.971567 t_current=1783506876.073182 num_imu=0
[2026-07-08 20:21:30.408] [odom] [warning] insufficient number of IMU data between LiDAR scans!! (odometry_estimation)
[2026-07-08 20:21:30.408] [odom] [warning] t_last=1783506876.073182 t_current=1783506876.174461 num_imu=0
[2026-07-08 20:21:30.414] [odom] [warning] insufficient number of IMU data between LiDAR scans!! (odometry_estimation)
[2026-07-08 20:21:30.414] [odom] [warning] t_last=1783506876.174461 t_current=1783506876.276047 num_imu=0
[2026-07-08 20:21:30.419] [odom] [warning] insufficient number of IMU data between LiDAR scans!! (odometry_estimation)
[2026-07-08 20:21:30.419] [odom] [warning] t_last=1783506876.276047 t_current=1783506876.377398 num_imu=0
[2026-07-08 20:21:30.424] [odom] [warning] insufficient number of IMU data between LiDAR scans!! (odometry_estimation)
[2026-07-08 20:21:30.424] [odom] [warning] t_last=1783506876.377398 t_current=1783506876.478908 num_imu=0
[2026-07-08 20:21:30.430] [odom] [warning] insufficient number of IMU data between LiDAR scans!! (odometry_estimation)
[2026-07-08 20:21:30.430] [odom] [warning] t_last=1783506876.478908 t_current=1783506876.580245 num_imu=0
[2026-07-08 20:21:30.435] [odom] [warning] insufficient number of IMU data between LiDAR scans!! (odometry_estimation)
[2026-07-08 20:21:30.435] [odom] [warning] t_last=1783506876.580245 t_current=1783506876.681802 num_imu=0
[2026-07-08 20:21:30.440] [odom] [warning] insufficient number of IMU data between LiDAR scans!! (odometry_estimation)
[2026-07-08 20:21:30.440] [odom] [warning] t_last=1783506876.681802 t_current=1783506876.783175 num_imu=0
[2026-07-08 20:21:30.445] [odom] [warning] insufficient number of IMU data between LiDAR scans!! (odometry_estimation)
[2026-07-08 20:21:30.445] [odom] [warning] t_last=1783506876.783175 t_current=1783506876.884528 num_imu=0
[2026-07-08 20:21:30.451] [odom] [warning] insufficient number of IMU data between LiDAR scans!! (odometry_estimation)
[2026-07-08 20:21:30.451] [odom] [warning] t_last=1783506876.884528 t_current=1783506876.986059 num_imu=0
[2026-07-08 20:21:30.469] [odom] [warning] insufficient number of IMU data between LiDAR scans!! (odometry_estimation)
[2026-07-08 20:21:30.469] [odom] [warning] t_last=1783506876.986059 t_current=1783506877.087352 num_imu=0
[2026-07-08 20:21:30.485] [odom] [warning] insufficient number of IMU data between LiDAR scans!! (odometry_estimation)
[2026-07-08 20:21:30.485] [odom] [warning] t_last=1783506877.087352 t_current=1783506877.188807 num_imu=0
[2026-07-08 20:21:30.490] [odom] [warning] insufficient number of IMU data between LiDAR scans!! (odometry_estimation)
[2026-07-08 20:21:30.490] [odom] [warning] t_last=1783506877.188807 t_current=1783506877.290331 num_imu=0
[2026-07-08 20:21:30.496] [odom] [warning] insufficient number of IMU data between LiDAR scans!! (odometry_estimation)
[2026-07-08 20:21:30.496] [odom] [warning] t_last=1783506877.290331 t_current=1783506877.391699 num_imu=0
[2026-07-08 20:21:30.502] [odom] [warning] insufficient number of IMU data between LiDAR scans!! (odometry_estimation)
[2026-07-08 20:21:30.502] [odom] [warning] t_last=1783506877.391699 t_current=1783506877.493216 num_imu=0
[2026-07-08 20:21:30.508] [odom] [warning] insufficient number of IMU data between LiDAR scans!! (odometry_estimation)
[2026-07-08 20:21:30.508] [odom] [warning] t_last=1783506877.493216 t_current=1783506877.594533 num_imu=0
[2026-07-08 20:21:30.513] [odom] [warning] insufficient number of IMU data between LiDAR scans!! (odometry_estimation)
[2026-07-08 20:21:30.513] [odom] [warning] t_last=1783506877.594533 t_current=1783506877.695963 num_imu=0
[2026-07-08 20:21:30.519] [odom] [warning] insufficient number of IMU data between LiDAR scans!! (odometry_estimation)
[2026-07-08 20:21:30.519] [odom] [warning] t_last=1783506877.695963 t_current=1783506877.797405 num_imu=0
[2026-07-08 20:21:30.525] [odom] [warning] insufficient number of IMU data between LiDAR scans!! (odometry_estimation)
[2026-07-08 20:21:30.525] [odom] [warning] t_last=1783506877.797405 t_current=1783506877.898808 num_imu=0
[2026-07-08 20:21:30.531] [odom] [warning] insufficient number of IMU data between LiDAR scans!! (odometry_estimation)
[2026-07-08 20:21:30.531] [odom] [warning] t_last=1783506877.898808 t_current=1783506878.000267 num_imu=0
[2026-07-08 20:21:30.537] [odom] [warning] insufficient number of IMU data between LiDAR scans!! (odometry_estimation)
[2026-07-08 20:21:30.537] [odom] [warning] t_last=1783506878.000267 t_current=1783506878.101690 num_imu=0
[2026-07-08 20:21:30.543] [odom] [warning] insufficient number of IMU data between LiDAR scans!! (odometry_estimation)
[2026-07-08 20:21:30.544] [odom] [warning] t_last=1783506878.101690 t_current=1783506878.203257 num_imu=0
[2026-07-08 20:21:30.553] [odom] [warning] insufficient number of IMU data between LiDAR scans!! (odometry_estimation)
[2026-07-08 20:21:30.553] [odom] [warning] t_last=1783506878.203257 t_current=1783506878.304547 num_imu=0
[2026-07-08 20:21:30.560] [odom] [warning] insufficient number of IMU data between LiDAR scans!! (odometry_estimation)
[2026-07-08 20:21:30.560] [odom] [warning] t_last=1783506878.304547 t_current=1783506878.405978 num_imu=0
[2026-07-08 20:21:30.566] [odom] [warning] IMU bias estimation seems inaccurate.
[2026-07-08 20:21:30.566] [odom] [warning] Possibly T_lidar_imu is not accurate or LiDAR-IMU synchronization is not correct.
[2026-07-08 20:21:30.566] [odom] [warning] IMU bias validation results:
[2026-07-08 20:21:30.566] [odom] [warning] num_bias_validations=24896
[2026-07-08 20:21:30.566] [odom] [warning] bias_acc=[0.497, -1.229, 0.091] m/s^2, bias_gyro=[-0.020, 0.002, 0.001] rad/s
[2026-07-08 20:21:30.566] [odom] [warning] acc_stat ax=0.441 +- 0.343 [min=-0.441, max=1.126], ay=-0.728 +- 0.311 [min=-1.229, max=0.015], az=0.052 +- 0.048 [min=0.008, max=0.182] m/s^2
[2026-07-08 20:21:30.566] [odom] [warning] gyro_stat wx=-0.020 +- 0.000 [min=-0.021, max=-0.017], wy=-0.000 +- 0.001 [min=-0.005, max=0.002], wz=0.001 +- 0.000 [min=-0.001, max=0.002] rad/s
[2026-07-08 20:21:30.566] [odom] [warning] insufficient number of IMU data between LiDAR scans!! (odometry_estimation)
[2026-07-08 20:21:30.566] [odom] [warning] t_last=1783506878.405978 t_current=1783506878.507385 num_imu=0
[2026-07-08 20:21:30.572] [odom] [warning] insufficient number of IMU data between LiDAR scans!! (odometry_estimation)
[2026-07-08 20:21:30.572] [odom] [warning] t_last=1783506878.507385 t_current=1783506878.608844 num_imu=0
[2026-07-08 20:21:30.577] [odom] [warning] insufficient number of IMU data between LiDAR scans!! (odometry_estimation)
[2026-07-08 20:21:30.577] [odom] [warning] t_last=1783506878.608844 t_current=1783506878.710240 num_imu=0
[2026-07-08 20:21:30.583] [odom] [warning] insufficient number of IMU data between LiDAR scans!! (odometry_estimation)
[2026-07-08 20:21:30.583] [odom] [warning] t_last=1783506878.710240 t_current=1783506878.811741 num_imu=0
[2026-07-08 20:21:30.589] [odom] [warning] insufficient number of IMU data between LiDAR scans!! (odometry_estimation)
[2026-07-08 20:21:30.589] [odom] [warning] t_last=1783506878.811741 t_current=1783506878.913148 num_imu=0
[2026-07-08 20:21:30.595] [odom] [warning] insufficient number of IMU data between LiDAR scans!! (odometry_estimation)
[2026-07-08 20:21:30.595] [odom] [warning] t_last=1783506878.913148 t_current=1783506879.014568 num_imu=0
[2026-07-08 20:21:30.600] [odom] [warning] insufficient number of IMU data between LiDAR scans!! (odometry_estimation)
[2026-07-08 20:21:30.600] [odom] [warning] t_last=1783506879.014568 t_current=1783506879.115988 num_imu=0
[2026-07-08 20:21:30.606] [odom] [warning] insufficient number of IMU data between LiDAR scans!! (odometry_estimation)
[2026-07-08 20:21:30.606] [odom] [warning] t_last=1783506879.115988 t_current=1783506879.217414 num_imu=0
[2026-07-08 20:21:30.631] [odom] [warning] insufficient number of IMU data between LiDAR scans!! (odometry_estimation)
[2026-07-08 20:21:30.631] [odom] [warning] t_last=1783506879.217414 t_current=1783506879.318887 num_imu=0
[2026-07-08 20:21:30.657] [odom] [warning] insufficient number of IMU data between LiDAR scans!! (odometry_estimation)
[2026-07-08 20:21:30.657] [odom] [warning] t_last=1783506879.318887 t_current=1783506879.420304 num_imu=0
[2026-07-08 20:21:30.664] [odom] [warning] insufficient number of IMU data between LiDAR scans!! (odometry_estimation)
[2026-07-08 20:21:30.664] [odom] [warning] t_last=1783506879.420304 t_current=1783506879.521833 num_imu=0
[2026-07-08 20:21:30.671] [odom] [warning] insufficient number of IMU data between LiDAR scans!! (odometry_estimation)
[2026-07-08 20:21:30.671] [odom] [warning] t_last=1783506879.521833 t_current=1783506879.623273 num_imu=0
[2026-07-08 20:21:30.679] [odom] [warning] insufficient number of IMU data between LiDAR scans!! (odometry_estimation)
[2026-07-08 20:21:30.679] [odom] [warning] t_last=1783506879.623273 t_current=1783506879.724619 num_imu=0
[2026-07-08 20:21:30.685] [odom] [warning] insufficient number of IMU data between LiDAR scans!! (odometry_estimation)
[2026-07-08 20:21:30.685] [odom] [warning] t_last=1783506879.724619 t_current=1783506879.826041 num_imu=0
[2026-07-08 20:21:30.691] [odom] [warning] insufficient number of IMU data between LiDAR scans!! (odometry_estimation)
[2026-07-08 20:21:30.691] [odom] [warning] t_last=1783506879.826041 t_current=1783506879.927455 num_imu=0
[2026-07-08 20:21:30.700] [odom] [warning] insufficient number of IMU data between LiDAR scans!! (odometry_estimation)
[2026-07-08 20:21:30.700] [odom] [warning] t_last=1783506879.927455 t_current=1783506880.029039 num_imu=0
[2026-07-08 20:21:30.709] [glim] [info] playback speed: 0.543x
[2026-07-08 20:21:30.715] [odom] [warning] insufficient number of IMU data between LiDAR scans!! (odometry_estimation)
[2026-07-08 20:21:30.715] [odom] [warning] t_last=1783506880.029039 t_current=1783506880.130394 num_imu=0
[2026-07-08 20:21:30.724] [odom] [warning] insufficient number of IMU data between LiDAR scans!! (odometry_estimation)
[2026-07-08 20:21:30.724] [odom] [warning] t_last=1783506880.130394 t_current=1783506880.231784 num_imu=0
[2026-07-08 20:21:30.759] [odom] [warning] insufficient number of IMU data between LiDAR scans!! (odometry_estimation)
[2026-07-08 20:21:30.759] [odom] [warning] t_last=1783506880.231784 t_current=1783506880.333347 num_imu=0
[2026-07-08 20:21:30.794] [odom] [warning] insufficient number of IMU data between LiDAR scans!! (odometry_estimation)
[2026-07-08 20:21:30.794] [odom] [warning] t_last=1783506880.333347 t_current=1783506880.434664 num_imu=0
[2026-07-08 20:21:30.821] [submap] [warning] insufficient IMU data between LiDAR frames!! (sub_mapping)
[2026-07-08 20:21:30.834] [odom] [warning] insufficient number of IMU data between LiDAR scans!! (odometry_estimation)
[2026-07-08 20:21:30.835] [odom] [warning] t_last=1783506880.434664 t_current=1783506880.536060 num_imu=0
[2026-07-08 20:21:30.845] [submap] [warning] insufficient IMU data between LiDAR frames!! (sub_mapping)
[2026-07-08 20:21:30.880] [submap] [warning] insufficient IMU data between LiDAR frames!! (sub_mapping)
[2026-07-08 20:21:30.914] [submap] [warning] insufficient IMU data between LiDAR frames!! (sub_mapping)
[2026-07-08 20:21:30.978] [submap] [warning] insufficient IMU data between LiDAR frames!! (sub_mapping)
[2026-07-08 20:21:31.003] [submap] [warning] insufficient IMU data between LiDAR frames!! (sub_mapping)
[2026-07-08 20:21:31.050] [submap] [warning] insufficient IMU data between LiDAR frames!! (sub_mapping)
[2026-07-08 20:21:31.113] [submap] [warning] insufficient IMU data between LiDAR frames!! (sub_mapping)
[2026-07-08 20:21:31.148] [submap] [warning] insufficient IMU data between LiDAR frames!! (sub_mapping)
[2026-07-08 20:21:31.192] [submap] [warning] insufficient IMU data between LiDAR frames!! (sub_mapping)
[2026-07-08 20:21:31.228] [submap] [warning] insufficient IMU data between LiDAR frames!! (sub_mapping)
[2026-07-08 20:21:31.263] [submap] [warning] insufficient IMU data between LiDAR frames!! (sub_mapping)
[2026-07-08 20:21:31.298] [submap] [warning] insufficient IMU data between LiDAR frames!! (sub_mapping)
[2026-07-08 20:21:31.332] [submap] [warning] insufficient IMU data between LiDAR frames!! (sub_mapping)
[2026-07-08 20:21:31.366] [submap] [warning] insufficient IMU data between LiDAR frames!! (sub_mapping)
[2026-07-08 20:21:31.401] [submap] [warning] insufficient IMU data between LiDAR frames!! (sub_mapping)
[2026-07-08 20:21:31.437] [submap] [warning] insufficient IMU data between LiDAR frames!! (sub_mapping)
[2026-07-08 20:21:31.473] [submap] [warning] insufficient IMU data between LiDAR frames!! (sub_mapping)
[2026-07-08 20:21:31.508] [submap] [warning] insufficient IMU data between LiDAR frames!! (sub_mapping)
[2026-07-08 20:21:31.510] [odom] [warning] IMU prediction is not good.
[2026-07-08 20:21:31.510] [odom] [warning] Possibly T_lidar_imu is not accurate or IMU bias is not well estimated.
[2026-07-08 20:21:31.510] [odom] [warning] IMU validation results:
[2026-07-08 20:21:31.510] [odom] [warning] num_validations=24384
[2026-07-08 20:21:31.510] [odom] [warning] No-IMU errors rot=0.213 +- 0.271 deg, trans=0.028 +- 0.122 m, vel=0.029 +- 0.077 m/s
[2026-07-08 20:21:31.510] [odom] [warning] IMU errors rot=0.071 +- 0.062 deg, trans=0.029 +- 0.020 m, vel=0.086 +- 0.071 m/s
[2026-07-08 20:21:31.510] [odom] [warning] IMU better ratios rot=0.85, trans=0.02, vel=0.07
[2026-07-08 20:21:31.542] [submap] [warning] insufficient IMU data between LiDAR frames!! (sub_mapping)
[2026-07-08 20:21:31.576] [submap] [warning] insufficient IMU data between LiDAR frames!! (sub_mapping)
[2026-07-08 20:21:31.616] [global] [warning] insufficient IMU data between submaps (global_mapping)!!
[2026-07-08 20:21:31.646] [submap] [warning] insufficient IMU data between LiDAR frames!! (sub_mapping)
[2026-07-08 20:21:31.681] [submap] [warning] insufficient IMU data between LiDAR frames!! (sub_mapping)
[2026-07-08 20:21:31.715] [submap] [warning] insufficient IMU data between LiDAR frames!! (sub_mapping)
[2026-07-08 20:21:31.760] [submap] [warning] insufficient IMU data between LiDAR frames!! (sub_mapping)
[2026-07-08 20:21:31.795] [submap] [warning] insufficient IMU data between LiDAR frames!! (sub_mapping)
[2026-07-08 20:21:31.831] [submap] [warning] insufficient IMU data between LiDAR frames!! (sub_mapping)
[2026-07-08 20:21:31.864] [submap] [warning] insufficient IMU data between LiDAR frames!! (sub_mapping)
[2026-07-08 20:21:31.898] [submap] [warning] insufficient IMU data between LiDAR frames!! (sub_mapping)
[2026-07-08 20:21:31.932] [submap] [warning] insufficient IMU data between LiDAR frames!! (sub_mapping)
[2026-07-08 20:21:31.976] [submap] [warning] insufficient IMU data between LiDAR frames!! (sub_mapping)
[2026-07-08 20:21:32.010] [submap] [warning] insufficient IMU data between LiDAR frames!! (sub_mapping)
[2026-07-08 20:21:32.045] [submap] [warning] insufficient IMU data between LiDAR frames!! (sub_mapping)
[2026-07-08 20:21:32.080] [submap] [warning] insufficient IMU data between LiDAR frames!! (sub_mapping)
[2026-07-08 20:21:32.124] [submap] [warning] insufficient IMU data between LiDAR frames!! (sub_mapping)
[2026-07-08 20:21:32.192] [submap] [warning] insufficient IMU data between LiDAR frames!! (sub_mapping)
[2026-07-08 20:21:32.227] [submap] [warning] insufficient IMU data between LiDAR frames!! (sub_mapping)
[2026-07-08 20:21:32.235] [global] [warning] insufficient IMU data between submaps (global_mapping)!!
[2026-07-08 20:21:32.274] [submap] [warning] insufficient IMU data between LiDAR frames!! (sub_mapping)
[2026-07-08 20:21:32.307] [submap] [warning] insufficient IMU data between LiDAR frames!! (sub_mapping)
[2026-07-08 20:21:32.342] [submap] [warning] insufficient IMU data between LiDAR frames!! (sub_mapping)
[2026-07-08 20:21:32.376] [submap] [warning] insufficient IMU data between LiDAR frames!! (sub_mapping)
[2026-07-08 20:21:32.420] [submap] [warning] insufficient IMU data between LiDAR frames!! (sub_mapping)
[2026-07-08 20:21:32.439] [odom] [warning] IMU bias estimation seems inaccurate.
[2026-07-08 20:21:32.439] [odom] [warning] Possibly T_lidar_imu is not accurate or LiDAR-IMU synchronization is not correct.
[2026-07-08 20:21:32.439] [odom] [warning] IMU bias validation results:
[2026-07-08 20:21:32.439] [odom] [warning] num_bias_validations=24960
[2026-07-08 20:21:32.439] [odom] [warning] bias_acc=[0.479, -1.237, 0.093] m/s^2, bias_gyro=[-0.021, 0.001, 0.001] rad/s
[2026-07-08 20:21:32.439] [odom] [warning] acc_stat ax=0.441 +- 0.343 [min=-0.441, max=1.126], ay=-0.729 +- 0.312 [min=-1.237, max=0.015], az=0.052 +- 0.048 [min=0.008, max=0.182] m/s^2
[2026-07-08 20:21:32.439] [odom] [warning] gyro_stat wx=-0.020 +- 0.000 [min=-0.021, max=-0.017], wy=-0.000 +- 0.001 [min=-0.005, max=0.002], wz=0.001 +- 0.000 [min=-0.001, max=0.002] rad/s
[2026-07-08 20:21:32.454] [submap] [warning] insufficient IMU data between LiDAR frames!! (sub_mapping)
[2026-07-08 20:21:32.529] [submap] [warning] insufficient IMU data between LiDAR frames!! (sub_mapping)
[2026-07-08 20:21:32.574] [submap] [warning] insufficient IMU data between LiDAR frames!! (sub_mapping)
[2026-07-08 20:21:32.618] [submap] [warning] insufficient IMU data between LiDAR frames!! (sub_mapping)
[2026-07-08 20:21:32.703] [submap] [warning] insufficient IMU data between LiDAR frames!! (sub_mapping)
[2026-07-08 20:21:32.758] [submap] [warning] insufficient IMU data between LiDAR frames!! (sub_mapping)
[2026-07-08 20:21:32.803] [submap] [warning] insufficient IMU data between LiDAR frames!! (sub_mapping)
[2026-07-08 20:21:32.950] [global] [warning] insufficient IMU data between submaps (global_mapping)!!
[2026-07-08 20:21:34.216] [odom] [warning] IMU prediction is not good.
[2026-07-08 20:21:34.216] [odom] [warning] Possibly T_lidar_imu is not accurate or IMU bias is not well estimated.
[2026-07-08 20:21:34.216] [odom] [warning] IMU validation results:
[2026-07-08 20:21:34.216] [odom] [warning] num_validations=24448
[2026-07-08 20:21:34.216] [odom] [warning] No-IMU errors rot=0.214 +- 0.273 deg, trans=0.028 +- 0.122 m, vel=0.029 +- 0.076 m/s
[2026-07-08 20:21:34.216] [odom] [warning] IMU errors rot=0.071 +- 0.062 deg, trans=0.029 +- 0.020 m, vel=0.086 +- 0.071 m/s
[2026-07-08 20:21:34.216] [odom] [warning] IMU better ratios rot=0.85, trans=0.02, vel=0.07
[2026-07-08 20:21:34.507] [odom] [warning] IMU bias estimation seems inaccurate.
[2026-07-08 20:21:34.507] [odom] [warning] Possibly T_lidar_imu is not accurate or LiDAR-IMU synchronization is not correct.
[2026-07-08 20:21:34.507] [odom] [warning] IMU bias validation results:
[2026-07-08 20:21:34.507] [odom] [warning] num_bias_validations=25024
[2026-07-08 20:21:34.507] [odom] [warning] bias_acc=[0.452, -1.238, 0.095] m/s^2, bias_gyro=[-0.020, -0.001, 0.001] rad/s
[2026-07-08 20:21:34.507] [odom] [warning] acc_stat ax=0.441 +- 0.342 [min=-0.441, max=1.126], ay=-0.730 +- 0.312 [min=-1.238, max=0.015], az=0.052 +- 0.048 [min=0.008, max=0.182] m/s^2
[2026-07-08 20:21:34.507] [odom] [warning] gyro_stat wx=-0.020 +- 0.000 [min=-0.021, max=-0.017], wy=-0.000 +- 0.001 [min=-0.005, max=0.002], wz=0.001 +- 0.000 [min=-0.001, max=0.002] rad/s
[2026-07-08 20:21:34.967] [global] [warning] insufficient IMU data between submaps (global_mapping)!!
[2026-07-08 20:21:35.709] [glim] [info] playback speed: 2.941x
[2026-07-08 20:21:36.267] [odom] [warning] IMU prediction is not good.
[2026-07-08 20:21:36.267] [odom] [warning] Possibly T_lidar_imu is not accurate or IMU bias is not well estimated.
[2026-07-08 20:21:36.267] [odom] [warning] IMU validation results:
[2026-07-08 20:21:36.267] [odom] [warning] num_validations=24512
[2026-07-08 20:21:36.267] [odom] [warning] No-IMU errors rot=0.214 +- 0.273 deg, trans=0.028 +- 0.122 m, vel=0.029 +- 0.076 m/s
[2026-07-08 20:21:36.267] [odom] [warning] IMU errors rot=0.071 +- 0.062 deg, trans=0.029 +- 0.020 m, vel=0.086 +- 0.071 m/s
[2026-07-08 20:21:36.267] [odom] [warning] IMU better ratios rot=0.85, trans=0.02, vel=0.07
[2026-07-08 20:21:37.200] [odom] [warning] IMU bias estimation seems inaccurate.
[2026-07-08 20:21:37.200] [odom] [warning] Possibly T_lidar_imu is not accurate or LiDAR-IMU synchronization is not correct.
[2026-07-08 20:21:37.200] [odom] [warning] IMU bias validation results:
[2026-07-08 20:21:37.200] [odom] [warning] num_bias_validations=25088
[2026-07-08 20:21:37.200] [odom] [warning] bias_acc=[0.431, -1.228, 0.096] m/s^2, bias_gyro=[-0.020, -0.002, 0.001] rad/s
[2026-07-08 20:21:37.200] [odom] [warning] acc_stat ax=0.441 +- 0.342 [min=-0.441, max=1.126], ay=-0.732 +- 0.313 [min=-1.238, max=0.015], az=0.052 +- 0.048 [min=0.008, max=0.182] m/s^2
[2026-07-08 20:21:37.200] [odom] [warning] gyro_stat wx=-0.020 +- 0.000 [min=-0.021, max=-0.017], wy=-0.000 +- 0.001 [min=-0.005, max=0.002], wz=0.001 +- 0.000 [min=-0.001, max=0.002] rad/s
[2026-07-08 20:21:37.684] [odom] [warning] IMU prediction is not good.
[2026-07-08 20:21:37.684] [odom] [warning] Possibly T_lidar_imu is not accurate or IMU bias is not well estimated.
[2026-07-08 20:21:37.684] [odom] [warning] IMU validation results:
[2026-07-08 20:21:37.684] [odom] [warning] num_validations=24576
[2026-07-08 20:21:37.684] [odom] [warning] No-IMU errors rot=0.214 +- 0.273 deg, trans=0.028 +- 0.122 m, vel=0.029 +- 0.076 m/s
[2026-07-08 20:21:37.684] [odom] [warning] IMU errors rot=0.071 +- 0.062 deg, trans=0.029 +- 0.020 m, vel=0.086 +- 0.070 m/s
[2026-07-08 20:21:37.684] [odom] [warning] IMU better ratios rot=0.85, trans=0.02, vel=0.06
[2026-07-08 20:21:38.773] [odom] [warning] IMU bias estimation seems inaccurate.
[2026-07-08 20:21:38.773] [odom] [warning] Possibly T_lidar_imu is not accurate or LiDAR-IMU synchronization is not correct.
[2026-07-08 20:21:38.773] [odom] [warning] IMU bias validation results:
[2026-07-08 20:21:38.773] [odom] [warning] num_bias_validations=25152
[2026-07-08 20:21:38.773] [odom] [warning] bias_acc=[0.412, -1.217, 0.097] m/s^2, bias_gyro=[-0.020, -0.001, 0.001] rad/s
[2026-07-08 20:21:38.773] [odom] [warning] acc_stat ax=0.441 +- 0.341 [min=-0.441, max=1.126], ay=-0.733 +- 0.314 [min=-1.238, max=0.015], az=0.052 +- 0.048 [min=0.008, max=0.182] m/s^2
[2026-07-08 20:21:38.773] [odom] [warning] gyro_stat wx=-0.020 +- 0.000 [min=-0.021, max=-0.017], wy=-0.000 +- 0.001 [min=-0.005, max=0.002], wz=0.001 +- 0.000 [min=-0.001, max=0.002] rad/s
[2026-07-08 20:21:40.709] [glim] [info] playback speed: 2.746x
[2026-07-08 20:21:40.942] [odom] [warning] IMU prediction is not good.
[2026-07-08 20:21:40.942] [odom] [warning] Possibly T_lidar_imu is not accurate or IMU bias is not well estimated.
[2026-07-08 20:21:40.942] [odom] [warning] IMU validation results:
[2026-07-08 20:21:40.942] [odom] [warning] num_validations=24640
[2026-07-08 20:21:40.942] [odom] [warning] No-IMU errors rot=0.214 +- 0.272 deg, trans=0.028 +- 0.122 m, vel=0.029 +- 0.076 m/s
[2026-07-08 20:21:40.942] [odom] [warning] IMU errors rot=0.071 +- 0.062 deg, trans=0.029 +- 0.020 m, vel=0.086 +- 0.070 m/s
[2026-07-08 20:21:40.942] [odom] [warning] IMU better ratios rot=0.85, trans=0.02, vel=0.06
[2026-07-08 20:21:42.335] [odom] [warning] IMU bias estimation seems inaccurate.
[2026-07-08 20:21:42.335] [odom] [warning] Possibly T_lidar_imu is not accurate or LiDAR-IMU synchronization is not correct.
[2026-07-08 20:21:42.335] [odom] [warning] IMU bias validation results:
[2026-07-08 20:21:42.335] [odom] [warning] num_bias_validations=25216
[2026-07-08 20:21:42.335] [odom] [warning] bias_acc=[0.391, -1.209, 0.098] m/s^2, bias_gyro=[-0.020, -0.000, 0.001] rad/s
[2026-07-08 20:21:42.335] [odom] [warning] acc_stat ax=0.441 +- 0.341 [min=-0.441, max=1.126], ay=-0.734 +- 0.314 [min=-1.238, max=0.015], az=0.052 +- 0.048 [min=0.008, max=0.182] m/s^2
[2026-07-08 20:21:42.335] [odom] [warning] gyro_stat wx=-0.020 +- 0.000 [min=-0.021, max=-0.017], wy=-0.000 +- 0.001 [min=-0.005, max=0.002], wz=0.001 +- 0.000 [min=-0.001, max=0.002] rad/s
[2026-07-08 20:21:43.085] [odom] [warning] IMU prediction is not good.
[2026-07-08 20:21:43.085] [odom] [warning] Possibly T_lidar_imu is not accurate or IMU bias is not well estimated.
[2026-07-08 20:21:43.085] [odom] [warning] IMU validation results:
[2026-07-08 20:21:43.085] [odom] [warning] num_validations=24704
[2026-07-08 20:21:43.085] [odom] [warning] No-IMU errors rot=0.214 +- 0.272 deg, trans=0.028 +- 0.121 m, vel=0.029 +- 0.076 m/s
[2026-07-08 20:21:43.085] [odom] [warning] IMU errors rot=0.071 +- 0.062 deg, trans=0.029 +- 0.020 m, vel=0.086 +- 0.070 m/s
[2026-07-08 20:21:43.085] [odom] [warning] IMU better ratios rot=0.85, trans=0.02, vel=0.06
[2026-07-08 20:21:43.756] [odom] [warning] IMU bias estimation seems inaccurate.
[2026-07-08 20:21:43.756] [odom] [warning] Possibly T_lidar_imu is not accurate or LiDAR-IMU synchronization is not correct.
[2026-07-08 20:21:43.756] [odom] [warning] IMU bias validation results:
[2026-07-08 20:21:43.756] [odom] [warning] num_bias_validations=25280
[2026-07-08 20:21:43.756] [odom] [warning] bias_acc=[0.369, -1.204, 0.100] m/s^2, bias_gyro=[-0.020, -0.000, 0.001] rad/s
[2026-07-08 20:21:43.756] [odom] [warning] acc_stat ax=0.441 +- 0.341 [min=-0.441, max=1.126], ay=-0.735 +- 0.315 [min=-1.238, max=0.015], az=0.053 +- 0.048 [min=0.008, max=0.182] m/s^2
[2026-07-08 20:21:43.756] [odom] [warning] gyro_stat wx=-0.020 +- 0.000 [min=-0.021, max=-0.017], wy=-0.000 +- 0.001 [min=-0.005, max=0.002], wz=0.001 +- 0.000 [min=-0.001, max=0.002] rad/s
[2026-07-08 20:21:45.751] [glim] [info] playback speed: 2.608x
[2026-07-08 20:21:45.891] [odom] [warning] IMU prediction is not good.
[2026-07-08 20:21:45.891] [odom] [warning] Possibly T_lidar_imu is not accurate or IMU bias is not well estimated.
[2026-07-08 20:21:45.891] [odom] [warning] IMU validation results:
[2026-07-08 20:21:45.891] [odom] [warning] num_validations=24768
[2026-07-08 20:21:45.891] [odom] [warning] No-IMU errors rot=0.214 +- 0.272 deg, trans=0.028 +- 0.121 m, vel=0.029 +- 0.076 m/s
[2026-07-08 20:21:45.891] [odom] [warning] IMU errors rot=0.071 +- 0.062 deg, trans=0.029 +- 0.020 m, vel=0.086 +- 0.070 m/s
[2026-07-08 20:21:45.891] [odom] [warning] IMU better ratios rot=0.85, trans=0.02, vel=0.06
[2026-07-08 20:21:47.379] [odom] [warning] IMU bias estimation seems inaccurate.
[2026-07-08 20:21:47.379] [odom] [warning] Possibly T_lidar_imu is not accurate or LiDAR-IMU synchronization is not correct.
[2026-07-08 20:21:47.379] [odom] [warning] IMU bias validation results:
[2026-07-08 20:21:47.379] [odom] [warning] num_bias_validations=25344
[2026-07-08 20:21:47.379] [odom] [warning] bias_acc=[0.350, -1.201, 0.101] m/s^2, bias_gyro=[-0.020, -0.001, 0.001] rad/s
[2026-07-08 20:21:47.379] [odom] [warning] acc_stat ax=0.440 +- 0.340 [min=-0.441, max=1.126], ay=-0.736 +- 0.315 [min=-1.238, max=0.015], az=0.053 +- 0.048 [min=0.008, max=0.182] m/s^2
[2026-07-08 20:21:47.379] [odom] [warning] gyro_stat wx=-0.020 +- 0.000 [min=-0.021, max=-0.017], wy=-0.000 +- 0.001 [min=-0.005, max=0.002], wz=0.001 +- 0.000 [min=-0.001, max=0.002] rad/s
[2026-07-08 20:21:48.048] [odom] [warning] IMU prediction is not good.
[2026-07-08 20:21:48.048] [odom] [warning] Possibly T_lidar_imu is not accurate or IMU bias is not well estimated.
[2026-07-08 20:21:48.048] [odom] [warning] IMU validation results:
[2026-07-08 20:21:48.048] [odom] [warning] num_validations=24832
[2026-07-08 20:21:48.048] [odom] [warning] No-IMU errors rot=0.214 +- 0.272 deg, trans=0.028 +- 0.121 m, vel=0.029 +- 0.076 m/s
[2026-07-08 20:21:48.048] [odom] [warning] IMU errors rot=0.071 +- 0.062 deg, trans=0.029 +- 0.020 m, vel=0.086 +- 0.070 m/s
[2026-07-08 20:21:48.048] [odom] [warning] IMU better ratios rot=0.85, trans=0.02, vel=0.06
[2026-07-08 20:21:48.624] [odom] [warning] IMU bias estimation seems inaccurate.
[2026-07-08 20:21:48.624] [odom] [warning] Possibly T_lidar_imu is not accurate or LiDAR-IMU synchronization is not correct.
[2026-07-08 20:21:48.624] [odom] [warning] IMU bias validation results:
[2026-07-08 20:21:48.624] [odom] [warning] num_bias_validations=25408
[2026-07-08 20:21:48.625] [odom] [warning] bias_acc=[0.330, -1.198, 0.103] m/s^2, bias_gyro=[-0.020, -0.001, 0.001] rad/s
[2026-07-08 20:21:48.625] [odom] [warning] acc_stat ax=0.440 +- 0.340 [min=-0.441, max=1.126], ay=-0.738 +- 0.315 [min=-1.238, max=0.015], az=0.053 +- 0.048 [min=0.008, max=0.182] m/s^2
[2026-07-08 20:21:48.625] [odom] [warning] gyro_stat wx=-0.020 +- 0.000 [min=-0.021, max=-0.017], wy=-0.000 +- 0.001 [min=-0.005, max=0.002], wz=0.001 +- 0.000 [min=-0.001, max=0.002] rad/s
[2026-07-08 20:21:50.197] [odom] [warning] IMU prediction is not good.
[2026-07-08 20:21:50.197] [odom] [warning] Possibly T_lidar_imu is not accurate or IMU bias is not well estimated.
[2026-07-08 20:21:50.197] [odom] [warning] IMU validation results:
[2026-07-08 20:21:50.197] [odom] [warning] num_validations=24896
[2026-07-08 20:21:50.197] [odom] [warning] No-IMU errors rot=0.214 +- 0.272 deg, trans=0.028 +- 0.121 m, vel=0.029 +- 0.076 m/s
[2026-07-08 20:21:50.197] [odom] [warning] IMU errors rot=0.071 +- 0.061 deg, trans=0.029 +- 0.020 m, vel=0.086 +- 0.070 m/s
[2026-07-08 20:21:50.197] [odom] [warning] IMU better ratios rot=0.85, trans=0.02, vel=0.06
[2026-07-08 20:21:50.489] [odom] [warning] IMU bias estimation seems inaccurate.
[2026-07-08 20:21:50.489] [odom] [warning] Possibly T_lidar_imu is not accurate or LiDAR-IMU synchronization is not correct.
[2026-07-08 20:21:50.489] [odom] [warning] IMU bias validation results:
[2026-07-08 20:21:50.489] [odom] [warning] num_bias_validations=25472
[2026-07-08 20:21:50.489] [odom] [warning] bias_acc=[0.311, -1.194, 0.105] m/s^2, bias_gyro=[-0.020, -0.001, 0.001] rad/s
[2026-07-08 20:21:50.489] [odom] [warning] acc_stat ax=0.440 +- 0.339 [min=-0.441, max=1.126], ay=-0.739 +- 0.316 [min=-1.238, max=0.015], az=0.053 +- 0.048 [min=0.008, max=0.182] m/s^2
[2026-07-08 20:21:50.489] [odom] [warning] gyro_stat wx=-0.020 +- 0.000 [min=-0.021, max=-0.017], wy=-0.000 +- 0.001 [min=-0.005, max=0.002], wz=0.001 +- 0.000 [min=-0.001, max=0.002] rad/s
[2026-07-08 20:21:50.751] [glim] [info] playback speed: 3.386x
[2026-07-08 20:21:51.651] [odom] [warning] IMU prediction is not good.
[2026-07-08 20:21:51.651] [odom] [warning] Possibly T_lidar_imu is not accurate or IMU bias is not well estimated.
[2026-07-08 20:21:51.651] [odom] [warning] IMU validation results:
[2026-07-08 20:21:51.651] [odom] [warning] num_validations=24960
[2026-07-08 20:21:51.651] [odom] [warning] No-IMU errors rot=0.213 +- 0.271 deg, trans=0.028 +- 0.121 m, vel=0.029 +- 0.076 m/s
[2026-07-08 20:21:51.651] [odom] [warning] IMU errors rot=0.071 +- 0.061 deg, trans=0.029 +- 0.020 m, vel=0.086 +- 0.070 m/s
[2026-07-08 20:21:51.651] [odom] [warning] IMU better ratios rot=0.85, trans=0.02, vel=0.06
[2026-07-08 20:21:52.639] [odom] [warning] IMU bias estimation seems inaccurate.
[2026-07-08 20:21:52.639] [odom] [warning] Possibly T_lidar_imu is not accurate or LiDAR-IMU synchronization is not correct.
[2026-07-08 20:21:52.639] [odom] [warning] IMU bias validation results:
[2026-07-08 20:21:52.639] [odom] [warning] num_bias_validations=25536
[2026-07-08 20:21:52.639] [odom] [warning] bias_acc=[0.293, -1.190, 0.107] m/s^2, bias_gyro=[-0.020, -0.001, 0.001] rad/s
[2026-07-08 20:21:52.639] [odom] [warning] acc_stat ax=0.440 +- 0.339 [min=-0.441, max=1.126], ay=-0.740 +- 0.316 [min=-1.238, max=0.015], az=0.053 +- 0.048 [min=0.008, max=0.182] m/s^2
[2026-07-08 20:21:52.639] [odom] [warning] gyro_stat wx=-0.020 +- 0.000 [min=-0.021, max=-0.017], wy=-0.000 +- 0.001 [min=-0.005, max=0.002], wz=0.001 +- 0.000 [min=-0.001, max=0.002] rad/s
[2026-07-08 20:21:52.977] [glim] [info] waiting for odometry estimation
[2026-07-08 20:21:53.019] [glim] [info] waiting for local mapping
[2026-07-08 20:21:53.081] [glim] [info] waiting for global mapping
[2026-07-08 20:21:53.178] [global] [info] saving to /home/systemlab/whill_lab0_ros2/docs/m5r-bench-data/2026-07-08-campus-demo-v2-pregap/glim-out/...
[2026-07-08 20:21:53.181] [global] [info] serializing factor graph to /home/systemlab/whill_lab0_ros2/docs/m5r-bench-data/2026-07-08-campus-demo-v2-pregap/glim-out//graph.bin
[2026-07-08 20:21:56.459] [global] [info] saving config
[2026-07-08 20:21:56.460] [global] [info] saved
real 816.98
user 1748.32
sys 36.73
==> GLIM end 2026-07-08T11:21:57Z
