==> GLIM start 2026-07-08T10:51:40Z
[2026-07-08 19:51:40.932] [glim] [info] config_path: /home/systemlab/whill_lab0_ros2/docs/m5r-bench-data/2026-07-08-campus-demo-v2/glim-out/config/
[2026-07-08 19:51:40.932] [glim] [info] load libodometry_estimation_gpu.so
[2026-07-08 19:51:43.071] [glim] [info] load libsub_mapping.so
[2026-07-08 19:51:43.071] [glim] [info] load libglobal_mapping.so
[2026-07-08 19:51:43.072] [glim] [info] load libmemory_monitor.so
[2026-07-08 19:51:43.072] [glim] [info] load libstandard_viewer.so
[2026-07-08 19:51:43.206] [glim] [info] load librviz_viewer.so
[2026-07-08 19:51:43.215] [glim] [info] topics:
[2026-07-08 19:51:43.215] [glim] [info] - /imu/data_rep145
[2026-07-08 19:51:43.215] [glim] [info] - /velodyne_points
[2026-07-08 19:51:43.215] [glim] [info] - /image
[2026-07-08 19:51:43.215] [glim] [info] bag_filenames:
[2026-07-08 19:51:43.215] [glim] [info] - /home/systemlab/whill_lab0_ros2/docs/m5r-bench-data/2026-07-08-campus-demo-v2/bag
[2026-07-08 19:51:43.215] [glim] [warning] param glim_ros/playback_speed not found
[2026-07-08 19:51:43.215] [glim] [warning] use default_value=100
[2026-07-08 19:51:43.215] [glim] [info] opening /home/systemlab/whill_lab0_ros2/docs/m5r-bench-data/2026-07-08-campus-demo-v2/bag
[2026-07-08 19:51:43.215] [glim] [info] detected storage_id=sqlite3 from metadata.yaml
[INFO] [1783507903.217699405] [rosbag2_storage]: Opened database '/home/systemlab/whill_lab0_ros2/docs/m5r-bench-data/2026-07-08-campus-demo-v2/bag/bag_0.db3' for READ_ONLY.
[2026-07-08 19:51:43.221] [glim] [warning] negative per-point timestamp is found!! min=-0.100014 max=0.001306
[2026-07-08 19:51:43.221] [glim] [warning] add an offset to the frame timestamp to make per-point ones positive!!
[2026-07-08 19:51:43.324] [odom] [info] estimate initial IMU state
Initial error: 15456.2, values: 33
iter      cost      cost_change    lambda  success iter_time
   0      75.9949      1.5e+04      1e-05      1    0.00027
   1         0.13           76      1e-06      1     0.0002
   2         0.13      0.00045      1e-07      1     0.0002
   3         0.13     -3.9e-10      1e-08      1     0.0002
[2026-07-08 19:51:43.326] [odom] [info] initial IMU state estimation result
[2026-07-08 19:51:43.326] [odom] [info] T_world_imu=se3(-0.001383,-0.000022,-0.000129,-0.053718,-0.068215,-0.003738,0.996216)
[2026-07-08 19:51:43.326] [odom] [info] v_world_imu=vec(0.000407,0.010989,0.049076)
[2026-07-08 19:51:43.326] [odom] [info] imu_bias=vec(0.000034,-0.000140,0.001767,-0.004292,0.000110,0.000612)
[2026-07-08 19:51:43.336] [rviz] [info] auto-detected IMU frame ID: imu_link
[2026-07-08 19:51:43.336] [rviz] [info] auto-detected LiDAR frame ID: velodyne
[2026-07-08 19:51:43.336] [rviz] [info] base_frame_id is not set. using IMU frame ID 'imu_link' as base frame ID.
[2026-07-08 19:51:46.190] [odom] [warning] IMU prediction is not good.
[2026-07-08 19:51:46.190] [odom] [warning] Possibly T_lidar_imu is not accurate or IMU bias is not well estimated.
[2026-07-08 19:51:46.190] [odom] [warning] IMU validation results:
[2026-07-08 19:51:46.190] [odom] [warning] num_validations=64
[2026-07-08 19:51:46.190] [odom] [warning] No-IMU errors rot=0.232 +- 0.326 deg, trans=0.009 +- 0.007 m, vel=0.054 +- 0.051 m/s
[2026-07-08 19:51:46.190] [odom] [warning] IMU errors rot=0.121 +- 0.101 deg, trans=0.009 +- 0.007 m, vel=0.032 +- 0.025 m/s
[2026-07-08 19:51:46.190] [odom] [warning] IMU better ratios rot=0.72, trans=0.38, vel=0.72
[2026-07-08 19:51:52.347] [odom] [warning] IMU prediction is not good.
[2026-07-08 19:51:52.347] [odom] [warning] Possibly T_lidar_imu is not accurate or IMU bias is not well estimated.
[2026-07-08 19:51:52.347] [odom] [warning] IMU validation results:
[2026-07-08 19:51:52.347] [odom] [warning] num_validations=448
[2026-07-08 19:51:52.347] [odom] [warning] No-IMU errors rot=0.327 +- 0.495 deg, trans=0.017 +- 0.018 m, vel=0.034 +- 0.030 m/s
[2026-07-08 19:51:52.347] [odom] [warning] IMU errors rot=0.091 +- 0.083 deg, trans=0.019 +- 0.022 m, vel=0.061 +- 0.068 m/s
[2026-07-08 19:51:52.347] [odom] [warning] IMU better ratios rot=0.85, trans=0.35, vel=0.51
[2026-07-08 19:51:53.240] [glim] [info] playback speed: 5.191x
[2026-07-08 19:51:53.657] [odom] [warning] IMU prediction is not good.
[2026-07-08 19:51:53.657] [odom] [warning] Possibly T_lidar_imu is not accurate or IMU bias is not well estimated.
[2026-07-08 19:51:53.657] [odom] [warning] IMU validation results:
[2026-07-08 19:51:53.657] [odom] [warning] num_validations=512
[2026-07-08 19:51:53.657] [odom] [warning] No-IMU errors rot=0.307 +- 0.467 deg, trans=0.022 +- 0.023 m, vel=0.034 +- 0.028 m/s
[2026-07-08 19:51:53.657] [odom] [warning] IMU errors rot=0.089 +- 0.079 deg, trans=0.025 +- 0.027 m, vel=0.075 +- 0.074 m/s
[2026-07-08 19:51:53.657] [odom] [warning] IMU better ratios rot=0.86, trans=0.30, vel=0.45
[2026-07-08 19:51:55.793] [odom] [warning] IMU prediction is not good.
[2026-07-08 19:51:55.793] [odom] [warning] Possibly T_lidar_imu is not accurate or IMU bias is not well estimated.
[2026-07-08 19:51:55.793] [odom] [warning] IMU validation results:
[2026-07-08 19:51:55.793] [odom] [warning] num_validations=576
[2026-07-08 19:51:55.793] [odom] [warning] No-IMU errors rot=0.302 +- 0.443 deg, trans=0.027 +- 0.026 m, vel=0.034 +- 0.027 m/s
[2026-07-08 19:51:55.793] [odom] [warning] IMU errors rot=0.086 +- 0.075 deg, trans=0.030 +- 0.029 m, vel=0.085 +- 0.075 m/s
[2026-07-08 19:51:55.793] [odom] [warning] IMU better ratios rot=0.87, trans=0.27, vel=0.40
[2026-07-08 19:51:56.854] [odom] [warning] IMU prediction is not good.
[2026-07-08 19:51:56.854] [odom] [warning] Possibly T_lidar_imu is not accurate or IMU bias is not well estimated.
[2026-07-08 19:51:56.854] [odom] [warning] IMU validation results:
[2026-07-08 19:51:56.854] [odom] [warning] num_validations=640
[2026-07-08 19:51:56.854] [odom] [warning] No-IMU errors rot=0.289 +- 0.424 deg, trans=0.030 +- 0.026 m, vel=0.033 +- 0.027 m/s
[2026-07-08 19:51:56.854] [odom] [warning] IMU errors rot=0.084 +- 0.073 deg, trans=0.034 +- 0.030 m, vel=0.091 +- 0.074 m/s
[2026-07-08 19:51:56.854] [odom] [warning] IMU better ratios rot=0.88, trans=0.24, vel=0.36
[2026-07-08 19:51:58.259] [glim] [info] playback speed: 4.184x
[2026-07-08 19:51:59.196] [odom] [warning] IMU prediction is not good.
[2026-07-08 19:51:59.196] [odom] [warning] Possibly T_lidar_imu is not accurate or IMU bias is not well estimated.
[2026-07-08 19:51:59.196] [odom] [warning] IMU validation results:
[2026-07-08 19:51:59.196] [odom] [warning] num_validations=704
[2026-07-08 19:51:59.196] [odom] [warning] No-IMU errors rot=0.275 +- 0.408 deg, trans=0.032 +- 0.026 m, vel=0.031 +- 0.026 m/s
[2026-07-08 19:51:59.196] [odom] [warning] IMU errors rot=0.080 +- 0.070 deg, trans=0.036 +- 0.029 m, vel=0.094 +- 0.071 m/s
[2026-07-08 19:51:59.196] [odom] [warning] IMU better ratios rot=0.88, trans=0.22, vel=0.32
[2026-07-08 19:52:00.144] [odom] [warning] IMU prediction is not good.
[2026-07-08 19:52:00.144] [odom] [warning] Possibly T_lidar_imu is not accurate or IMU bias is not well estimated.
[2026-07-08 19:52:00.144] [odom] [warning] IMU validation results:
[2026-07-08 19:52:00.144] [odom] [warning] num_validations=768
[2026-07-08 19:52:00.144] [odom] [warning] No-IMU errors rot=0.266 +- 0.393 deg, trans=0.032 +- 0.025 m, vel=0.031 +- 0.025 m/s
[2026-07-08 19:52:00.144] [odom] [warning] IMU errors rot=0.078 +- 0.068 deg, trans=0.036 +- 0.028 m, vel=0.094 +- 0.068 m/s
[2026-07-08 19:52:00.144] [odom] [warning] IMU better ratios rot=0.89, trans=0.20, vel=0.30
[2026-07-08 19:52:02.264] [odom] [warning] IMU prediction is not good.
[2026-07-08 19:52:02.264] [odom] [warning] Possibly T_lidar_imu is not accurate or IMU bias is not well estimated.
[2026-07-08 19:52:02.264] [odom] [warning] IMU validation results:
[2026-07-08 19:52:02.264] [odom] [warning] num_validations=832
[2026-07-08 19:52:02.264] [odom] [warning] No-IMU errors rot=0.257 +- 0.380 deg, trans=0.033 +- 0.024 m, vel=0.030 +- 0.024 m/s
[2026-07-08 19:52:02.264] [odom] [warning] IMU errors rot=0.076 +- 0.066 deg, trans=0.037 +- 0.027 m, vel=0.095 +- 0.066 m/s
[2026-07-08 19:52:02.264] [odom] [warning] IMU better ratios rot=0.89, trans=0.19, vel=0.27
[2026-07-08 19:52:03.275] [glim] [info] playback speed: 4.328x
[2026-07-08 19:52:03.318] [odom] [warning] IMU prediction is not good.
[2026-07-08 19:52:03.318] [odom] [warning] Possibly T_lidar_imu is not accurate or IMU bias is not well estimated.
[2026-07-08 19:52:03.318] [odom] [warning] IMU validation results:
[2026-07-08 19:52:03.318] [odom] [warning] num_validations=896
[2026-07-08 19:52:03.318] [odom] [warning] No-IMU errors rot=0.247 +- 0.369 deg, trans=0.032 +- 0.023 m, vel=0.029 +- 0.024 m/s
[2026-07-08 19:52:03.318] [odom] [warning] IMU errors rot=0.073 +- 0.065 deg, trans=0.036 +- 0.026 m, vel=0.094 +- 0.064 m/s
[2026-07-08 19:52:03.318] [odom] [warning] IMU better ratios rot=0.89, trans=0.17, vel=0.25
[2026-07-08 19:52:04.529] [odom] [warning] IMU prediction is not good.
[2026-07-08 19:52:04.529] [odom] [warning] Possibly T_lidar_imu is not accurate or IMU bias is not well estimated.
[2026-07-08 19:52:04.529] [odom] [warning] IMU validation results:
[2026-07-08 19:52:04.529] [odom] [warning] num_validations=960
[2026-07-08 19:52:04.529] [odom] [warning] No-IMU errors rot=0.236 +- 0.359 deg, trans=0.032 +- 0.022 m, vel=0.028 +- 0.023 m/s
[2026-07-08 19:52:04.529] [odom] [warning] IMU errors rot=0.070 +- 0.063 deg, trans=0.036 +- 0.025 m, vel=0.094 +- 0.062 m/s
[2026-07-08 19:52:04.529] [odom] [warning] IMU better ratios rot=0.89, trans=0.16, vel=0.24
[2026-07-08 19:52:06.262] [odom] [warning] IMU bias estimation seems inaccurate.
[2026-07-08 19:52:06.262] [odom] [warning] Possibly T_lidar_imu is not accurate or LiDAR-IMU synchronization is not correct.
[2026-07-08 19:52:06.262] [odom] [warning] IMU bias validation results:
[2026-07-08 19:52:06.262] [odom] [warning] num_bias_validations=1344
[2026-07-08 19:52:06.262] [odom] [warning] bias_acc=[0.521, -0.293, 0.032] m/s^2, bias_gyro=[-0.019, 0.000, 0.001] rad/s
[2026-07-08 19:52:06.262] [odom] [warning] acc_stat ax=0.185 +- 0.196 [min=0.002, max=0.521], ay=-0.073 +- 0.115 [min=-0.293, max=0.031], az=0.041 +- 0.012 [min=0.011, max=0.058] m/s^2
[2026-07-08 19:52:06.262] [odom] [warning] gyro_stat wx=-0.019 +- 0.001 [min=-0.020, max=-0.017], wy=-0.001 +- 0.002 [min=-0.004, max=0.001], wz=0.001 +- 0.000 [min=0.001, max=0.001] rad/s
[2026-07-08 19:52:07.261] [odom] [warning] IMU prediction is not good.
[2026-07-08 19:52:07.261] [odom] [warning] Possibly T_lidar_imu is not accurate or IMU bias is not well estimated.
[2026-07-08 19:52:07.261] [odom] [warning] IMU validation results:
[2026-07-08 19:52:07.261] [odom] [warning] num_validations=1024
[2026-07-08 19:52:07.261] [odom] [warning] No-IMU errors rot=0.230 +- 0.349 deg, trans=0.031 +- 0.022 m, vel=0.027 +- 0.023 m/s
[2026-07-08 19:52:07.261] [odom] [warning] IMU errors rot=0.069 +- 0.062 deg, trans=0.035 +- 0.025 m, vel=0.092 +- 0.060 m/s
[2026-07-08 19:52:07.261] [odom] [warning] IMU better ratios rot=0.89, trans=0.15, vel=0.22
[2026-07-08 19:52:08.316] [glim] [info] playback speed: 3.058x
[2026-07-08 19:52:09.174] [odom] [warning] IMU bias estimation seems inaccurate.
[2026-07-08 19:52:09.174] [odom] [warning] Possibly T_lidar_imu is not accurate or LiDAR-IMU synchronization is not correct.
[2026-07-08 19:52:09.174] [odom] [warning] IMU bias validation results:
[2026-07-08 19:52:09.174] [odom] [warning] num_bias_validations=1408
[2026-07-08 19:52:09.174] [odom] [warning] bias_acc=[0.543, -0.309, 0.031] m/s^2, bias_gyro=[-0.019, 0.000, 0.001] rad/s
[2026-07-08 19:52:09.174] [odom] [warning] acc_stat ax=0.201 +- 0.206 [min=0.002, max=0.543], ay=-0.084 +- 0.122 [min=-0.309, max=0.031], az=0.040 +- 0.012 [min=0.011, max=0.058] m/s^2
[2026-07-08 19:52:09.174] [odom] [warning] gyro_stat wx=-0.019 +- 0.001 [min=-0.020, max=-0.017], wy=-0.000 +- 0.002 [min=-0.004, max=0.001], wz=0.001 +- 0.000 [min=0.001, max=0.001] rad/s
[2026-07-08 19:52:09.292] [odom] [warning] IMU prediction is not good.
[2026-07-08 19:52:09.292] [odom] [warning] Possibly T_lidar_imu is not accurate or IMU bias is not well estimated.
[2026-07-08 19:52:09.292] [odom] [warning] IMU validation results:
[2026-07-08 19:52:09.292] [odom] [warning] num_validations=1088
[2026-07-08 19:52:09.292] [odom] [warning] No-IMU errors rot=0.226 +- 0.340 deg, trans=0.031 +- 0.021 m, vel=0.027 +- 0.022 m/s
[2026-07-08 19:52:09.292] [odom] [warning] IMU errors rot=0.068 +- 0.061 deg, trans=0.035 +- 0.024 m, vel=0.091 +- 0.058 m/s
[2026-07-08 19:52:09.292] [odom] [warning] IMU better ratios rot=0.89, trans=0.14, vel=0.21
[2026-07-08 19:52:10.797] [odom] [warning] IMU bias estimation seems inaccurate.
[2026-07-08 19:52:10.797] [odom] [warning] Possibly T_lidar_imu is not accurate or LiDAR-IMU synchronization is not correct.
[2026-07-08 19:52:10.797] [odom] [warning] IMU bias validation results:
[2026-07-08 19:52:10.797] [odom] [warning] num_bias_validations=1472
[2026-07-08 19:52:10.797] [odom] [warning] bias_acc=[0.562, -0.331, 0.030] m/s^2, bias_gyro=[-0.020, 0.001, 0.001] rad/s
[2026-07-08 19:52:10.797] [odom] [warning] acc_stat ax=0.217 +- 0.214 [min=0.002, max=0.562], ay=-0.095 +- 0.130 [min=-0.331, max=0.031], az=0.040 +- 0.012 [min=0.011, max=0.058] m/s^2
[2026-07-08 19:52:10.797] [odom] [warning] gyro_stat wx=-0.019 +- 0.001 [min=-0.020, max=-0.017], wy=-0.000 +- 0.002 [min=-0.004, max=0.001], wz=0.001 +- 0.000 [min=0.001, max=0.001] rad/s
[2026-07-08 19:52:11.296] [odom] [warning] IMU prediction is not good.
[2026-07-08 19:52:11.296] [odom] [warning] Possibly T_lidar_imu is not accurate or IMU bias is not well estimated.
[2026-07-08 19:52:11.296] [odom] [warning] IMU validation results:
[2026-07-08 19:52:11.296] [odom] [warning] num_validations=1152
[2026-07-08 19:52:11.296] [odom] [warning] No-IMU errors rot=0.221 +- 0.331 deg, trans=0.030 +- 0.021 m, vel=0.027 +- 0.022 m/s
[2026-07-08 19:52:11.296] [odom] [warning] IMU errors rot=0.066 +- 0.059 deg, trans=0.034 +- 0.024 m, vel=0.090 +- 0.057 m/s
[2026-07-08 19:52:11.296] [odom] [warning] IMU better ratios rot=0.90, trans=0.14, vel=0.20
[2026-07-08 19:52:12.476] [odom] [warning] IMU bias estimation seems inaccurate.
[2026-07-08 19:52:12.476] [odom] [warning] Possibly T_lidar_imu is not accurate or LiDAR-IMU synchronization is not correct.
[2026-07-08 19:52:12.476] [odom] [warning] IMU bias validation results:
[2026-07-08 19:52:12.476] [odom] [warning] num_bias_validations=1536
[2026-07-08 19:52:12.476] [odom] [warning] bias_acc=[0.578, -0.349, 0.029] m/s^2, bias_gyro=[-0.020, 0.001, 0.001] rad/s
[2026-07-08 19:52:12.476] [odom] [warning] acc_stat ax=0.232 +- 0.222 [min=0.002, max=0.578], ay=-0.105 +- 0.137 [min=-0.349, max=0.031], az=0.039 +- 0.012 [min=0.011, max=0.058] m/s^2
[2026-07-08 19:52:12.476] [odom] [warning] gyro_stat wx=-0.019 +- 0.001 [min=-0.020, max=-0.017], wy=-0.000 +- 0.002 [min=-0.004, max=0.001], wz=0.001 +- 0.000 [min=0.001, max=0.001] rad/s
[2026-07-08 19:52:12.574] [odom] [warning] IMU prediction is not good.
[2026-07-08 19:52:12.574] [odom] [warning] Possibly T_lidar_imu is not accurate or IMU bias is not well estimated.
[2026-07-08 19:52:12.574] [odom] [warning] IMU validation results:
[2026-07-08 19:52:12.574] [odom] [warning] num_validations=1216
[2026-07-08 19:52:12.574] [odom] [warning] No-IMU errors rot=0.217 +- 0.323 deg, trans=0.029 +- 0.020 m, vel=0.027 +- 0.021 m/s
[2026-07-08 19:52:12.574] [odom] [warning] IMU errors rot=0.066 +- 0.058 deg, trans=0.033 +- 0.023 m, vel=0.089 +- 0.055 m/s
[2026-07-08 19:52:12.574] [odom] [warning] IMU better ratios rot=0.89, trans=0.13, vel=0.19
[2026-07-08 19:52:13.328] [glim] [info] playback speed: 4.107x
[2026-07-08 19:52:13.756] [odom] [warning] IMU bias estimation seems inaccurate.
[2026-07-08 19:52:13.756] [odom] [warning] Possibly T_lidar_imu is not accurate or LiDAR-IMU synchronization is not correct.
[2026-07-08 19:52:13.756] [odom] [warning] IMU bias validation results:
[2026-07-08 19:52:13.756] [odom] [warning] num_bias_validations=1600
[2026-07-08 19:52:13.756] [odom] [warning] bias_acc=[0.591, -0.362, 0.027] m/s^2, bias_gyro=[-0.019, 0.001, 0.001] rad/s
[2026-07-08 19:52:13.756] [odom] [warning] acc_stat ax=0.246 +- 0.228 [min=0.002, max=0.591], ay=-0.116 +- 0.143 [min=-0.362, max=0.031], az=0.039 +- 0.012 [min=0.011, max=0.058] m/s^2
[2026-07-08 19:52:13.756] [odom] [warning] gyro_stat wx=-0.019 +- 0.001 [min=-0.020, max=-0.017], wy=-0.000 +- 0.002 [min=-0.004, max=0.001], wz=0.001 +- 0.000 [min=0.001, max=0.001] rad/s
[2026-07-08 19:52:14.382] [odom] [warning] IMU prediction is not good.
[2026-07-08 19:52:14.382] [odom] [warning] Possibly T_lidar_imu is not accurate or IMU bias is not well estimated.
[2026-07-08 19:52:14.382] [odom] [warning] IMU validation results:
[2026-07-08 19:52:14.382] [odom] [warning] num_validations=1280
[2026-07-08 19:52:14.382] [odom] [warning] No-IMU errors rot=0.217 +- 0.321 deg, trans=0.029 +- 0.020 m, vel=0.026 +- 0.021 m/s
[2026-07-08 19:52:14.382] [odom] [warning] IMU errors rot=0.065 +- 0.058 deg, trans=0.033 +- 0.023 m, vel=0.087 +- 0.055 m/s
[2026-07-08 19:52:14.382] [odom] [warning] IMU better ratios rot=0.90, trans=0.12, vel=0.18
[2026-07-08 19:52:14.670] [odom] [warning] IMU bias estimation seems inaccurate.
[2026-07-08 19:52:14.670] [odom] [warning] Possibly T_lidar_imu is not accurate or LiDAR-IMU synchronization is not correct.
[2026-07-08 19:52:14.670] [odom] [warning] IMU bias validation results:
[2026-07-08 19:52:14.670] [odom] [warning] num_bias_validations=1664
[2026-07-08 19:52:14.670] [odom] [warning] bias_acc=[0.599, -0.376, 0.027] m/s^2, bias_gyro=[-0.019, 0.001, 0.001] rad/s
[2026-07-08 19:52:14.671] [odom] [warning] acc_stat ax=0.260 +- 0.234 [min=0.002, max=0.599], ay=-0.126 +- 0.149 [min=-0.376, max=0.031], az=0.038 +- 0.012 [min=0.011, max=0.058] m/s^2
[2026-07-08 19:52:14.671] [odom] [warning] gyro_stat wx=-0.019 +- 0.001 [min=-0.020, max=-0.017], wy=-0.000 +- 0.002 [min=-0.004, max=0.001], wz=0.001 +- 0.000 [min=0.001, max=0.001] rad/s
[2026-07-08 19:52:15.151] [odom] [warning] IMU prediction is not good.
[2026-07-08 19:52:15.151] [odom] [warning] Possibly T_lidar_imu is not accurate or IMU bias is not well estimated.
[2026-07-08 19:52:15.151] [odom] [warning] IMU validation results:
[2026-07-08 19:52:15.151] [odom] [warning] num_validations=1344
[2026-07-08 19:52:15.151] [odom] [warning] No-IMU errors rot=0.211 +- 0.315 deg, trans=0.028 +- 0.020 m, vel=0.026 +- 0.021 m/s
[2026-07-08 19:52:15.151] [odom] [warning] IMU errors rot=0.064 +- 0.057 deg, trans=0.032 +- 0.023 m, vel=0.085 +- 0.054 m/s
[2026-07-08 19:52:15.151] [odom] [warning] IMU better ratios rot=0.89, trans=0.12, vel=0.17
[2026-07-08 19:52:16.511] [odom] [warning] IMU bias estimation seems inaccurate.
[2026-07-08 19:52:16.511] [odom] [warning] Possibly T_lidar_imu is not accurate or LiDAR-IMU synchronization is not correct.
[2026-07-08 19:52:16.511] [odom] [warning] IMU bias validation results:
[2026-07-08 19:52:16.511] [odom] [warning] num_bias_validations=1728
[2026-07-08 19:52:16.511] [odom] [warning] bias_acc=[0.601, -0.387, 0.026] m/s^2, bias_gyro=[-0.019, 0.001, 0.001] rad/s
[2026-07-08 19:52:16.511] [odom] [warning] acc_stat ax=0.272 +- 0.238 [min=0.002, max=0.601], ay=-0.135 +- 0.154 [min=-0.387, max=0.031], az=0.038 +- 0.012 [min=0.011, max=0.058] m/s^2
[2026-07-08 19:52:16.511] [odom] [warning] gyro_stat wx=-0.019 +- 0.001 [min=-0.020, max=-0.017], wy=-0.000 +- 0.002 [min=-0.004, max=0.001], wz=0.001 +- 0.000 [min=0.001, max=0.001] rad/s
[2026-07-08 19:52:17.932] [odom] [warning] IMU prediction is not good.
[2026-07-08 19:52:17.932] [odom] [warning] Possibly T_lidar_imu is not accurate or IMU bias is not well estimated.
[2026-07-08 19:52:17.932] [odom] [warning] IMU validation results:
[2026-07-08 19:52:17.932] [odom] [warning] num_validations=1408
[2026-07-08 19:52:17.932] [odom] [warning] No-IMU errors rot=0.209 +- 0.310 deg, trans=0.027 +- 0.020 m, vel=0.026 +- 0.021 m/s
[2026-07-08 19:52:17.932] [odom] [warning] IMU errors rot=0.063 +- 0.056 deg, trans=0.031 +- 0.023 m, vel=0.083 +- 0.054 m/s
[2026-07-08 19:52:17.932] [odom] [warning] IMU better ratios rot=0.89, trans=0.11, vel=0.18
[2026-07-08 19:52:17.932] [odom] [warning] IMU bias estimation seems inaccurate.
[2026-07-08 19:52:17.932] [odom] [warning] Possibly T_lidar_imu is not accurate or LiDAR-IMU synchronization is not correct.
[2026-07-08 19:52:17.932] [odom] [warning] IMU bias validation results:
[2026-07-08 19:52:17.932] [odom] [warning] num_bias_validations=1792
[2026-07-08 19:52:17.932] [odom] [warning] bias_acc=[0.603, -0.397, 0.026] m/s^2, bias_gyro=[-0.019, 0.001, 0.001] rad/s
[2026-07-08 19:52:17.932] [odom] [warning] acc_stat ax=0.284 +- 0.242 [min=0.002, max=0.603], ay=-0.145 +- 0.159 [min=-0.397, max=0.031], az=0.037 +- 0.012 [min=0.011, max=0.058] m/s^2
[2026-07-08 19:52:17.932] [odom] [warning] gyro_stat wx=-0.019 +- 0.001 [min=-0.020, max=-0.017], wy=-0.000 +- 0.002 [min=-0.004, max=0.001], wz=0.001 +- 0.000 [min=0.001, max=0.001] rad/s
[2026-07-08 19:52:18.336] [glim] [info] playback speed: 4.900x
[2026-07-08 19:52:18.991] [odom] [warning] IMU prediction is not good.
[2026-07-08 19:52:18.991] [odom] [warning] Possibly T_lidar_imu is not accurate or IMU bias is not well estimated.
[2026-07-08 19:52:18.991] [odom] [warning] IMU validation results:
[2026-07-08 19:52:18.991] [odom] [warning] num_validations=1472
[2026-07-08 19:52:18.991] [odom] [warning] No-IMU errors rot=0.203 +- 0.304 deg, trans=0.026 +- 0.020 m, vel=0.026 +- 0.020 m/s
[2026-07-08 19:52:18.991] [odom] [warning] IMU errors rot=0.062 +- 0.055 deg, trans=0.030 +- 0.023 m, vel=0.080 +- 0.054 m/s
[2026-07-08 19:52:18.991] [odom] [warning] IMU better ratios rot=0.89, trans=0.11, vel=0.18
[2026-07-08 19:52:18.991] [odom] [warning] IMU bias estimation seems inaccurate.
[2026-07-08 19:52:18.991] [odom] [warning] Possibly T_lidar_imu is not accurate or LiDAR-IMU synchronization is not correct.
[2026-07-08 19:52:18.991] [odom] [warning] IMU bias validation results:
[2026-07-08 19:52:18.991] [odom] [warning] num_bias_validations=1856
[2026-07-08 19:52:18.991] [odom] [warning] bias_acc=[0.605, -0.404, 0.026] m/s^2, bias_gyro=[-0.019, 0.001, 0.001] rad/s
[2026-07-08 19:52:18.991] [odom] [warning] acc_stat ax=0.295 +- 0.245 [min=0.002, max=0.605], ay=-0.154 +- 0.163 [min=-0.404, max=0.031], az=0.037 +- 0.012 [min=0.011, max=0.058] m/s^2
[2026-07-08 19:52:18.991] [odom] [warning] gyro_stat wx=-0.019 +- 0.001 [min=-0.020, max=-0.017], wy=-0.000 +- 0.002 [min=-0.004, max=0.001], wz=0.001 +- 0.000 [min=0.001, max=0.001] rad/s
[2026-07-08 19:52:20.868] [odom] [warning] IMU prediction is not good.
[2026-07-08 19:52:20.868] [odom] [warning] Possibly T_lidar_imu is not accurate or IMU bias is not well estimated.
[2026-07-08 19:52:20.868] [odom] [warning] IMU validation results:
[2026-07-08 19:52:20.868] [odom] [warning] num_validations=1536
[2026-07-08 19:52:20.868] [odom] [warning] No-IMU errors rot=0.200 +- 0.299 deg, trans=0.025 +- 0.020 m, vel=0.026 +- 0.020 m/s
[2026-07-08 19:52:20.868] [odom] [warning] IMU errors rot=0.061 +- 0.054 deg, trans=0.029 +- 0.023 m, vel=0.078 +- 0.054 m/s
[2026-07-08 19:52:20.868] [odom] [warning] IMU better ratios rot=0.89, trans=0.12, vel=0.19
[2026-07-08 19:52:20.868] [odom] [warning] IMU bias estimation seems inaccurate.
[2026-07-08 19:52:20.868] [odom] [warning] Possibly T_lidar_imu is not accurate or LiDAR-IMU synchronization is not correct.
[2026-07-08 19:52:20.868] [odom] [warning] IMU bias validation results:
[2026-07-08 19:52:20.868] [odom] [warning] num_bias_validations=1920
[2026-07-08 19:52:20.868] [odom] [warning] bias_acc=[0.606, -0.410, 0.026] m/s^2, bias_gyro=[-0.019, 0.001, 0.001] rad/s
[2026-07-08 19:52:20.868] [odom] [warning] acc_stat ax=0.306 +- 0.247 [min=0.002, max=0.606], ay=-0.162 +- 0.167 [min=-0.410, max=0.031], az=0.037 +- 0.012 [min=0.011, max=0.058] m/s^2
[2026-07-08 19:52:20.868] [odom] [warning] gyro_stat wx=-0.019 +- 0.001 [min=-0.020, max=-0.017], wy=-0.000 +- 0.002 [min=-0.004, max=0.001], wz=0.001 +- 0.000 [min=0.001, max=0.001] rad/s
[2026-07-08 19:52:22.766] [odom] [warning] IMU prediction is not good.
[2026-07-08 19:52:22.766] [odom] [warning] Possibly T_lidar_imu is not accurate or IMU bias is not well estimated.
[2026-07-08 19:52:22.766] [odom] [warning] IMU validation results:
[2026-07-08 19:52:22.766] [odom] [warning] num_validations=1600
[2026-07-08 19:52:22.766] [odom] [warning] No-IMU errors rot=0.197 +- 0.293 deg, trans=0.024 +- 0.020 m, vel=0.026 +- 0.020 m/s
[2026-07-08 19:52:22.766] [odom] [warning] IMU errors rot=0.060 +- 0.054 deg, trans=0.028 +- 0.023 m, vel=0.076 +- 0.054 m/s
[2026-07-08 19:52:22.766] [odom] [warning] IMU better ratios rot=0.89, trans=0.13, vel=0.20
[2026-07-08 19:52:22.766] [odom] [warning] IMU bias estimation seems inaccurate.
[2026-07-08 19:52:22.766] [odom] [warning] Possibly T_lidar_imu is not accurate or LiDAR-IMU synchronization is not correct.
[2026-07-08 19:52:22.766] [odom] [warning] IMU bias validation results:
[2026-07-08 19:52:22.766] [odom] [warning] num_bias_validations=1984
[2026-07-08 19:52:22.766] [odom] [warning] bias_acc=[0.608, -0.415, 0.025] m/s^2, bias_gyro=[-0.019, 0.001, 0.001] rad/s
[2026-07-08 19:52:22.766] [odom] [warning] acc_stat ax=0.315 +- 0.249 [min=0.002, max=0.608], ay=-0.170 +- 0.170 [min=-0.415, max=0.031], az=0.036 +- 0.012 [min=0.011, max=0.058] m/s^2
[2026-07-08 19:52:22.766] [odom] [warning] gyro_stat wx=-0.019 +- 0.001 [min=-0.020, max=-0.017], wy=-0.000 +- 0.002 [min=-0.004, max=0.001], wz=0.001 +- 0.000 [min=0.001, max=0.001] rad/s
[2026-07-08 19:52:23.354] [glim] [info] playback speed: 3.637x
[2026-07-08 19:52:24.354] [odom] [warning] IMU prediction is not good.
[2026-07-08 19:52:24.354] [odom] [warning] Possibly T_lidar_imu is not accurate or IMU bias is not well estimated.
[2026-07-08 19:52:24.354] [odom] [warning] IMU validation results:
[2026-07-08 19:52:24.354] [odom] [warning] num_validations=1664
[2026-07-08 19:52:24.354] [odom] [warning] No-IMU errors rot=0.196 +- 0.288 deg, trans=0.024 +- 0.020 m, vel=0.026 +- 0.020 m/s
[2026-07-08 19:52:24.354] [odom] [warning] IMU errors rot=0.061 +- 0.054 deg, trans=0.027 +- 0.023 m, vel=0.074 +- 0.054 m/s
[2026-07-08 19:52:24.354] [odom] [warning] IMU better ratios rot=0.89, trans=0.14, vel=0.22
[2026-07-08 19:52:24.354] [odom] [warning] IMU bias estimation seems inaccurate.
[2026-07-08 19:52:24.354] [odom] [warning] Possibly T_lidar_imu is not accurate or LiDAR-IMU synchronization is not correct.
[2026-07-08 19:52:24.354] [odom] [warning] IMU bias validation results:
[2026-07-08 19:52:24.354] [odom] [warning] num_bias_validations=2048
[2026-07-08 19:52:24.354] [odom] [warning] bias_acc=[0.608, -0.419, 0.025] m/s^2, bias_gyro=[-0.019, 0.002, 0.001] rad/s
[2026-07-08 19:52:24.354] [odom] [warning] acc_stat ax=0.325 +- 0.250 [min=0.002, max=0.608], ay=-0.178 +- 0.173 [min=-0.419, max=0.031], az=0.036 +- 0.012 [min=0.011, max=0.058] m/s^2
[2026-07-08 19:52:24.354] [odom] [warning] gyro_stat wx=-0.019 +- 0.001 [min=-0.020, max=-0.017], wy=0.000 +- 0.002 [min=-0.004, max=0.002], wz=0.001 +- 0.000 [min=0.001, max=0.001] rad/s
[2026-07-08 19:52:25.518] [odom] [warning] IMU prediction is not good.
[2026-07-08 19:52:25.518] [odom] [warning] Possibly T_lidar_imu is not accurate or IMU bias is not well estimated.
[2026-07-08 19:52:25.518] [odom] [warning] IMU validation results:
[2026-07-08 19:52:25.518] [odom] [warning] num_validations=1728
[2026-07-08 19:52:25.518] [odom] [warning] No-IMU errors rot=0.195 +- 0.284 deg, trans=0.023 +- 0.020 m, vel=0.026 +- 0.019 m/s
[2026-07-08 19:52:25.518] [odom] [warning] IMU errors rot=0.061 +- 0.053 deg, trans=0.026 +- 0.022 m, vel=0.072 +- 0.054 m/s
[2026-07-08 19:52:25.518] [odom] [warning] IMU better ratios rot=0.89, trans=0.14, vel=0.23
[2026-07-08 19:52:25.518] [odom] [warning] IMU bias estimation seems inaccurate.
[2026-07-08 19:52:25.518] [odom] [warning] Possibly T_lidar_imu is not accurate or LiDAR-IMU synchronization is not correct.
[2026-07-08 19:52:25.518] [odom] [warning] IMU bias validation results:
[2026-07-08 19:52:25.518] [odom] [warning] num_bias_validations=2112
[2026-07-08 19:52:25.518] [odom] [warning] bias_acc=[0.607, -0.423, 0.025] m/s^2, bias_gyro=[-0.020, 0.001, 0.001] rad/s
[2026-07-08 19:52:25.518] [odom] [warning] acc_stat ax=0.333 +- 0.251 [min=0.002, max=0.608], ay=-0.185 +- 0.176 [min=-0.423, max=0.031], az=0.036 +- 0.012 [min=0.011, max=0.058] m/s^2
[2026-07-08 19:52:25.518] [odom] [warning] gyro_stat wx=-0.019 +- 0.001 [min=-0.020, max=-0.017], wy=0.000 +- 0.002 [min=-0.004, max=0.002], wz=0.001 +- 0.000 [min=0.001, max=0.001] rad/s
[2026-07-08 19:52:26.755] [odom] [warning] IMU prediction is not good.
[2026-07-08 19:52:26.755] [odom] [warning] Possibly T_lidar_imu is not accurate or IMU bias is not well estimated.
[2026-07-08 19:52:26.755] [odom] [warning] IMU validation results:
[2026-07-08 19:52:26.755] [odom] [warning] num_validations=1792
[2026-07-08 19:52:26.755] [odom] [warning] No-IMU errors rot=0.192 +- 0.280 deg, trans=0.023 +- 0.020 m, vel=0.026 +- 0.019 m/s
[2026-07-08 19:52:26.755] [odom] [warning] IMU errors rot=0.061 +- 0.053 deg, trans=0.026 +- 0.022 m, vel=0.071 +- 0.054 m/s
[2026-07-08 19:52:26.755] [odom] [warning] IMU better ratios rot=0.89, trans=0.14, vel=0.23
[2026-07-08 19:52:26.755] [odom] [warning] IMU bias estimation seems inaccurate.
[2026-07-08 19:52:26.755] [odom] [warning] Possibly T_lidar_imu is not accurate or LiDAR-IMU synchronization is not correct.
[2026-07-08 19:52:26.755] [odom] [warning] IMU bias validation results:
[2026-07-08 19:52:26.755] [odom] [warning] num_bias_validations=2176
[2026-07-08 19:52:26.755] [odom] [warning] bias_acc=[0.606, -0.431, 0.025] m/s^2, bias_gyro=[-0.020, 0.001, 0.001] rad/s
[2026-07-08 19:52:26.755] [odom] [warning] acc_stat ax=0.341 +- 0.252 [min=0.002, max=0.608], ay=-0.193 +- 0.178 [min=-0.431, max=0.031], az=0.035 +- 0.011 [min=0.011, max=0.058] m/s^2
[2026-07-08 19:52:26.755] [odom] [warning] gyro_stat wx=-0.019 +- 0.001 [min=-0.020, max=-0.017], wy=0.000 +- 0.002 [min=-0.004, max=0.002], wz=0.001 +- 0.000 [min=0.001, max=0.001] rad/s
[2026-07-08 19:52:27.714] [odom] [warning] IMU prediction is not good.
[2026-07-08 19:52:27.714] [odom] [warning] Possibly T_lidar_imu is not accurate or IMU bias is not well estimated.
[2026-07-08 19:52:27.714] [odom] [warning] IMU validation results:
[2026-07-08 19:52:27.714] [odom] [warning] num_validations=1856
[2026-07-08 19:52:27.714] [odom] [warning] No-IMU errors rot=0.189 +- 0.276 deg, trans=0.022 +- 0.019 m, vel=0.026 +- 0.019 m/s
[2026-07-08 19:52:27.714] [odom] [warning] IMU errors rot=0.060 +- 0.052 deg, trans=0.025 +- 0.022 m, vel=0.069 +- 0.053 m/s
[2026-07-08 19:52:27.714] [odom] [warning] IMU better ratios rot=0.89, trans=0.14, vel=0.23
[2026-07-08 19:52:27.714] [odom] [warning] IMU bias estimation seems inaccurate.
[2026-07-08 19:52:27.714] [odom] [warning] Possibly T_lidar_imu is not accurate or LiDAR-IMU synchronization is not correct.
[2026-07-08 19:52:27.714] [odom] [warning] IMU bias validation results:
[2026-07-08 19:52:27.714] [odom] [warning] num_bias_validations=2240
[2026-07-08 19:52:27.714] [odom] [warning] bias_acc=[0.604, -0.440, 0.025] m/s^2, bias_gyro=[-0.020, 0.001, 0.001] rad/s
[2026-07-08 19:52:27.714] [odom] [warning] acc_stat ax=0.349 +- 0.252 [min=0.002, max=0.608], ay=-0.200 +- 0.180 [min=-0.440, max=0.031], az=0.035 +- 0.011 [min=0.011, max=0.058] m/s^2
[2026-07-08 19:52:27.714] [odom] [warning] gyro_stat wx=-0.019 +- 0.001 [min=-0.020, max=-0.017], wy=0.000 +- 0.001 [min=-0.004, max=0.002], wz=0.001 +- 0.000 [min=0.001, max=0.001] rad/s
[2026-07-08 19:52:28.357] [glim] [info] playback speed: 5.169x
[2026-07-08 19:52:29.165] [odom] [warning] IMU prediction is not good.
[2026-07-08 19:52:29.165] [odom] [warning] Possibly T_lidar_imu is not accurate or IMU bias is not well estimated.
[2026-07-08 19:52:29.165] [odom] [warning] IMU validation results:
[2026-07-08 19:52:29.165] [odom] [warning] num_validations=1920
[2026-07-08 19:52:29.165] [odom] [warning] No-IMU errors rot=0.189 +- 0.272 deg, trans=0.022 +- 0.019 m, vel=0.026 +- 0.019 m/s
[2026-07-08 19:52:29.165] [odom] [warning] IMU errors rot=0.060 +- 0.052 deg, trans=0.025 +- 0.022 m, vel=0.068 +- 0.053 m/s
[2026-07-08 19:52:29.165] [odom] [warning] IMU better ratios rot=0.89, trans=0.14, vel=0.23
[2026-07-08 19:52:29.165] [odom] [warning] IMU bias estimation seems inaccurate.
[2026-07-08 19:52:29.165] [odom] [warning] Possibly T_lidar_imu is not accurate or LiDAR-IMU synchronization is not correct.
[2026-07-08 19:52:29.165] [odom] [warning] IMU bias validation results:
[2026-07-08 19:52:29.165] [odom] [warning] num_bias_validations=2304
[2026-07-08 19:52:29.165] [odom] [warning] bias_acc=[0.602, -0.451, 0.026] m/s^2, bias_gyro=[-0.020, 0.001, 0.001] rad/s
[2026-07-08 19:52:29.165] [odom] [warning] acc_stat ax=0.356 +- 0.252 [min=0.002, max=0.608], ay=-0.207 +- 0.182 [min=-0.451, max=0.031], az=0.035 +- 0.011 [min=0.011, max=0.058] m/s^2
[2026-07-08 19:52:29.165] [odom] [warning] gyro_stat wx=-0.019 +- 0.001 [min=-0.020, max=-0.017], wy=0.000 +- 0.001 [min=-0.004, max=0.002], wz=0.001 +- 0.000 [min=0.001, max=0.001] rad/s
[2026-07-08 19:52:31.399] [odom] [warning] IMU prediction is not good.
[2026-07-08 19:52:31.399] [odom] [warning] Possibly T_lidar_imu is not accurate or IMU bias is not well estimated.
[2026-07-08 19:52:31.399] [odom] [warning] IMU validation results:
[2026-07-08 19:52:31.399] [odom] [warning] num_validations=1984
[2026-07-08 19:52:31.399] [odom] [warning] No-IMU errors rot=0.187 +- 0.268 deg, trans=0.021 +- 0.019 m, vel=0.026 +- 0.019 m/s
[2026-07-08 19:52:31.399] [odom] [warning] IMU errors rot=0.059 +- 0.051 deg, trans=0.024 +- 0.022 m, vel=0.068 +- 0.052 m/s
[2026-07-08 19:52:31.399] [odom] [warning] IMU better ratios rot=0.89, trans=0.13, vel=0.22
[2026-07-08 19:52:31.399] [odom] [warning] IMU bias estimation seems inaccurate.
[2026-07-08 19:52:31.399] [odom] [warning] Possibly T_lidar_imu is not accurate or LiDAR-IMU synchronization is not correct.
[2026-07-08 19:52:31.399] [odom] [warning] IMU bias validation results:
[2026-07-08 19:52:31.399] [odom] [warning] num_bias_validations=2368
[2026-07-08 19:52:31.399] [odom] [warning] bias_acc=[0.600, -0.464, 0.025] m/s^2, bias_gyro=[-0.020, 0.001, 0.001] rad/s
[2026-07-08 19:52:31.399] [odom] [warning] acc_stat ax=0.362 +- 0.252 [min=0.002, max=0.608], ay=-0.214 +- 0.185 [min=-0.464, max=0.031], az=0.035 +- 0.011 [min=0.011, max=0.058] m/s^2
[2026-07-08 19:52:31.399] [odom] [warning] gyro_stat wx=-0.019 +- 0.001 [min=-0.020, max=-0.017], wy=0.000 +- 0.001 [min=-0.004, max=0.002], wz=0.001 +- 0.000 [min=0.001, max=0.001] rad/s
[2026-07-08 19:52:32.381] [odom] [warning] IMU prediction is not good.
[2026-07-08 19:52:32.381] [odom] [warning] Possibly T_lidar_imu is not accurate or IMU bias is not well estimated.
[2026-07-08 19:52:32.381] [odom] [warning] IMU validation results:
[2026-07-08 19:52:32.381] [odom] [warning] num_validations=2048
[2026-07-08 19:52:32.381] [odom] [warning] No-IMU errors rot=0.186 +- 0.265 deg, trans=0.021 +- 0.019 m, vel=0.026 +- 0.018 m/s
[2026-07-08 19:52:32.381] [odom] [warning] IMU errors rot=0.059 +- 0.050 deg, trans=0.024 +- 0.021 m, vel=0.067 +- 0.051 m/s
[2026-07-08 19:52:32.381] [odom] [warning] IMU better ratios rot=0.89, trans=0.13, vel=0.22
[2026-07-08 19:52:32.381] [odom] [warning] IMU bias estimation seems inaccurate.
[2026-07-08 19:52:32.381] [odom] [warning] Possibly T_lidar_imu is not accurate or LiDAR-IMU synchronization is not correct.
[2026-07-08 19:52:32.381] [odom] [warning] IMU bias validation results:
[2026-07-08 19:52:32.381] [odom] [warning] num_bias_validations=2432
[2026-07-08 19:52:32.381] [odom] [warning] bias_acc=[0.598, -0.473, 0.025] m/s^2, bias_gyro=[-0.020, 0.001, 0.001] rad/s
[2026-07-08 19:52:32.381] [odom] [warning] acc_stat ax=0.369 +- 0.251 [min=0.002, max=0.608], ay=-0.221 +- 0.187 [min=-0.473, max=0.031], az=0.034 +- 0.011 [min=0.011, max=0.058] m/s^2
[2026-07-08 19:52:32.381] [odom] [warning] gyro_stat wx=-0.019 +- 0.001 [min=-0.020, max=-0.017], wy=0.000 +- 0.001 [min=-0.004, max=0.002], wz=0.001 +- 0.000 [min=0.001, max=0.001] rad/s
[2026-07-08 19:52:33.357] [glim] [info] playback speed: 4.167x
[2026-07-08 19:52:33.553] [odom] [warning] IMU prediction is not good.
[2026-07-08 19:52:33.553] [odom] [warning] Possibly T_lidar_imu is not accurate or IMU bias is not well estimated.
[2026-07-08 19:52:33.553] [odom] [warning] IMU validation results:
[2026-07-08 19:52:33.553] [odom] [warning] num_validations=2112
[2026-07-08 19:52:33.553] [odom] [warning] No-IMU errors rot=0.185 +- 0.262 deg, trans=0.021 +- 0.019 m, vel=0.026 +- 0.018 m/s
[2026-07-08 19:52:33.553] [odom] [warning] IMU errors rot=0.058 +- 0.050 deg, trans=0.023 +- 0.021 m, vel=0.066 +- 0.051 m/s
[2026-07-08 19:52:33.553] [odom] [warning] IMU better ratios rot=0.89, trans=0.12, vel=0.22
[2026-07-08 19:52:33.553] [odom] [warning] IMU bias estimation seems inaccurate.
[2026-07-08 19:52:33.553] [odom] [warning] Possibly T_lidar_imu is not accurate or LiDAR-IMU synchronization is not correct.
[2026-07-08 19:52:33.553] [odom] [warning] IMU bias validation results:
[2026-07-08 19:52:33.553] [odom] [warning] num_bias_validations=2496
[2026-07-08 19:52:33.553] [odom] [warning] bias_acc=[0.591, -0.479, 0.026] m/s^2, bias_gyro=[-0.020, 0.001, 0.001] rad/s
[2026-07-08 19:52:33.553] [odom] [warning] acc_stat ax=0.374 +- 0.250 [min=0.002, max=0.608], ay=-0.227 +- 0.189 [min=-0.479, max=0.031], az=0.034 +- 0.011 [min=0.011, max=0.058] m/s^2
[2026-07-08 19:52:33.553] [odom] [warning] gyro_stat wx=-0.019 +- 0.001 [min=-0.020, max=-0.017], wy=0.000 +- 0.001 [min=-0.004, max=0.002], wz=0.001 +- 0.000 [min=0.001, max=0.001] rad/s
[2026-07-08 19:52:35.051] [odom] [warning] IMU prediction is not good.
[2026-07-08 19:52:35.051] [odom] [warning] Possibly T_lidar_imu is not accurate or IMU bias is not well estimated.
[2026-07-08 19:52:35.051] [odom] [warning] IMU validation results:
[2026-07-08 19:52:35.051] [odom] [warning] num_validations=2176
[2026-07-08 19:52:35.051] [odom] [warning] No-IMU errors rot=0.184 +- 0.258 deg, trans=0.020 +- 0.018 m, vel=0.026 +- 0.018 m/s
[2026-07-08 19:52:35.051] [odom] [warning] IMU errors rot=0.057 +- 0.049 deg, trans=0.023 +- 0.021 m, vel=0.065 +- 0.050 m/s
[2026-07-08 19:52:35.051] [odom] [warning] IMU better ratios rot=0.89, trans=0.12, vel=0.21
[2026-07-08 19:52:35.051] [odom] [warning] IMU bias estimation seems inaccurate.
[2026-07-08 19:52:35.051] [odom] [warning] Possibly T_lidar_imu is not accurate or LiDAR-IMU synchronization is not correct.
[2026-07-08 19:52:35.051] [odom] [warning] IMU bias validation results:
[2026-07-08 19:52:35.051] [odom] [warning] num_bias_validations=2560
[2026-07-08 19:52:35.051] [odom] [warning] bias_acc=[0.583, -0.482, 0.026] m/s^2, bias_gyro=[-0.019, 0.002, 0.001] rad/s
[2026-07-08 19:52:35.051] [odom] [warning] acc_stat ax=0.379 +- 0.249 [min=0.002, max=0.608], ay=-0.234 +- 0.191 [min=-0.482, max=0.031], az=0.034 +- 0.011 [min=0.011, max=0.058] m/s^2
[2026-07-08 19:52:35.051] [odom] [warning] gyro_stat wx=-0.019 +- 0.001 [min=-0.020, max=-0.017], wy=0.000 +- 0.001 [min=-0.004, max=0.002], wz=0.001 +- 0.000 [min=0.001, max=0.001] rad/s
[2026-07-08 19:52:36.680] [odom] [warning] IMU prediction is not good.
[2026-07-08 19:52:36.680] [odom] [warning] Possibly T_lidar_imu is not accurate or IMU bias is not well estimated.
[2026-07-08 19:52:36.680] [odom] [warning] IMU validation results:
[2026-07-08 19:52:36.680] [odom] [warning] num_validations=2240
[2026-07-08 19:52:36.680] [odom] [warning] No-IMU errors rot=0.182 +- 0.255 deg, trans=0.020 +- 0.018 m, vel=0.026 +- 0.018 m/s
[2026-07-08 19:52:36.680] [odom] [warning] IMU errors rot=0.057 +- 0.049 deg, trans=0.023 +- 0.021 m, vel=0.065 +- 0.050 m/s
[2026-07-08 19:52:36.680] [odom] [warning] IMU better ratios rot=0.89, trans=0.12, vel=0.21
[2026-07-08 19:52:36.680] [odom] [warning] IMU bias estimation seems inaccurate.
[2026-07-08 19:52:36.680] [odom] [warning] Possibly T_lidar_imu is not accurate or LiDAR-IMU synchronization is not correct.
[2026-07-08 19:52:36.680] [odom] [warning] IMU bias validation results:
[2026-07-08 19:52:36.680] [odom] [warning] num_bias_validations=2624
[2026-07-08 19:52:36.680] [odom] [warning] bias_acc=[0.572, -0.484, 0.027] m/s^2, bias_gyro=[-0.019, 0.002, 0.001] rad/s
[2026-07-08 19:52:36.680] [odom] [warning] acc_stat ax=0.384 +- 0.248 [min=0.002, max=0.608], ay=-0.240 +- 0.192 [min=-0.484, max=0.031], az=0.034 +- 0.011 [min=0.011, max=0.058] m/s^2
[2026-07-08 19:52:36.680] [odom] [warning] gyro_stat wx=-0.019 +- 0.001 [min=-0.020, max=-0.017], wy=0.000 +- 0.001 [min=-0.004, max=0.002], wz=0.001 +- 0.000 [min=0.001, max=0.001] rad/s
[2026-07-08 19:52:37.613] [odom] [warning] IMU prediction is not good.
[2026-07-08 19:52:37.613] [odom] [warning] Possibly T_lidar_imu is not accurate or IMU bias is not well estimated.
[2026-07-08 19:52:37.613] [odom] [warning] IMU validation results:
[2026-07-08 19:52:37.613] [odom] [warning] num_validations=2304
[2026-07-08 19:52:37.613] [odom] [warning] No-IMU errors rot=0.182 +- 0.252 deg, trans=0.020 +- 0.018 m, vel=0.026 +- 0.018 m/s
[2026-07-08 19:52:37.613] [odom] [warning] IMU errors rot=0.057 +- 0.048 deg, trans=0.023 +- 0.021 m, vel=0.064 +- 0.049 m/s
[2026-07-08 19:52:37.613] [odom] [warning] IMU better ratios rot=0.89, trans=0.12, vel=0.21
[2026-07-08 19:52:37.613] [odom] [warning] IMU bias estimation seems inaccurate.
[2026-07-08 19:52:37.613] [odom] [warning] Possibly T_lidar_imu is not accurate or LiDAR-IMU synchronization is not correct.
[2026-07-08 19:52:37.613] [odom] [warning] IMU bias validation results:
[2026-07-08 19:52:37.613] [odom] [warning] num_bias_validations=2688
[2026-07-08 19:52:37.613] [odom] [warning] bias_acc=[0.560, -0.485, 0.028] m/s^2, bias_gyro=[-0.019, 0.001, 0.001] rad/s
[2026-07-08 19:52:37.613] [odom] [warning] acc_stat ax=0.388 +- 0.247 [min=0.002, max=0.608], ay=-0.245 +- 0.194 [min=-0.485, max=0.031], az=0.034 +- 0.011 [min=0.011, max=0.058] m/s^2
[2026-07-08 19:52:37.613] [odom] [warning] gyro_stat wx=-0.019 +- 0.001 [min=-0.020, max=-0.017], wy=0.000 +- 0.001 [min=-0.004, max=0.002], wz=0.001 +- 0.000 [min=0.001, max=0.001] rad/s
[2026-07-08 19:52:38.362] [glim] [info] playback speed: 4.895x
[2026-07-08 19:52:39.119] [odom] [warning] IMU prediction is not good.
[2026-07-08 19:52:39.119] [odom] [warning] Possibly T_lidar_imu is not accurate or IMU bias is not well estimated.
[2026-07-08 19:52:39.119] [odom] [warning] IMU validation results:
[2026-07-08 19:52:39.119] [odom] [warning] num_validations=2368
[2026-07-08 19:52:39.119] [odom] [warning] No-IMU errors rot=0.181 +- 0.250 deg, trans=0.020 +- 0.018 m, vel=0.026 +- 0.018 m/s
[2026-07-08 19:52:39.119] [odom] [warning] IMU errors rot=0.056 +- 0.048 deg, trans=0.023 +- 0.020 m, vel=0.064 +- 0.049 m/s
[2026-07-08 19:52:39.119] [odom] [warning] IMU better ratios rot=0.89, trans=0.11, vel=0.20
[2026-07-08 19:52:39.119] [odom] [warning] IMU bias estimation seems inaccurate.
[2026-07-08 19:52:39.119] [odom] [warning] Possibly T_lidar_imu is not accurate or LiDAR-IMU synchronization is not correct.
[2026-07-08 19:52:39.119] [odom] [warning] IMU bias validation results:
[2026-07-08 19:52:39.119] [odom] [warning] num_bias_validations=2752
[2026-07-08 19:52:39.119] [odom] [warning] bias_acc=[0.547, -0.485, 0.030] m/s^2, bias_gyro=[-0.019, 0.002, 0.001] rad/s
[2026-07-08 19:52:39.119] [odom] [warning] acc_stat ax=0.392 +- 0.245 [min=0.002, max=0.608], ay=-0.251 +- 0.195 [min=-0.485, max=0.031], az=0.033 +- 0.011 [min=0.011, max=0.058] m/s^2
[2026-07-08 19:52:39.119] [odom] [warning] gyro_stat wx=-0.019 +- 0.001 [min=-0.020, max=-0.017], wy=0.000 +- 0.001 [min=-0.004, max=0.002], wz=0.001 +- 0.000 [min=0.001, max=0.001] rad/s
[2026-07-08 19:52:41.241] [odom] [warning] IMU prediction is not good.
[2026-07-08 19:52:41.241] [odom] [warning] Possibly T_lidar_imu is not accurate or IMU bias is not well estimated.
[2026-07-08 19:52:41.241] [odom] [warning] IMU validation results:
[2026-07-08 19:52:41.241] [odom] [warning] num_validations=2432
[2026-07-08 19:52:41.241] [odom] [warning] No-IMU errors rot=0.180 +- 0.247 deg, trans=0.020 +- 0.018 m, vel=0.026 +- 0.018 m/s
[2026-07-08 19:52:41.241] [odom] [warning] IMU errors rot=0.056 +- 0.048 deg, trans=0.022 +- 0.020 m, vel=0.064 +- 0.048 m/s
[2026-07-08 19:52:41.241] [odom] [warning] IMU better ratios rot=0.89, trans=0.11, vel=0.20
[2026-07-08 19:52:41.241] [odom] [warning] IMU bias estimation seems inaccurate.
[2026-07-08 19:52:41.241] [odom] [warning] Possibly T_lidar_imu is not accurate or LiDAR-IMU synchronization is not correct.
[2026-07-08 19:52:41.241] [odom] [warning] IMU bias validation results:
[2026-07-08 19:52:41.241] [odom] [warning] num_bias_validations=2816
[2026-07-08 19:52:41.241] [odom] [warning] bias_acc=[0.530, -0.485, 0.032] m/s^2, bias_gyro=[-0.020, 0.002, 0.001] rad/s
[2026-07-08 19:52:41.241] [odom] [warning] acc_stat ax=0.395 +- 0.243 [min=0.002, max=0.608], ay=-0.256 +- 0.196 [min=-0.485, max=0.031], az=0.033 +- 0.011 [min=0.011, max=0.058] m/s^2
[2026-07-08 19:52:41.241] [odom] [warning] gyro_stat wx=-0.019 +- 0.001 [min=-0.020, max=-0.017], wy=0.000 +- 0.001 [min=-0.004, max=0.002], wz=0.001 +- 0.000 [min=0.001, max=0.001] rad/s
[2026-07-08 19:52:43.237] [odom] [warning] IMU prediction is not good.
[2026-07-08 19:52:43.237] [odom] [warning] Possibly T_lidar_imu is not accurate or IMU bias is not well estimated.
[2026-07-08 19:52:43.237] [odom] [warning] IMU validation results:
[2026-07-08 19:52:43.237] [odom] [warning] num_validations=2496
[2026-07-08 19:52:43.237] [odom] [warning] No-IMU errors rot=0.179 +- 0.244 deg, trans=0.020 +- 0.017 m, vel=0.026 +- 0.018 m/s
[2026-07-08 19:52:43.237] [odom] [warning] IMU errors rot=0.056 +- 0.047 deg, trans=0.023 +- 0.020 m, vel=0.064 +- 0.047 m/s
[2026-07-08 19:52:43.237] [odom] [warning] IMU better ratios rot=0.89, trans=0.11, vel=0.19
[2026-07-08 19:52:43.237] [odom] [warning] IMU bias estimation seems inaccurate.
[2026-07-08 19:52:43.237] [odom] [warning] Possibly T_lidar_imu is not accurate or LiDAR-IMU synchronization is not correct.
[2026-07-08 19:52:43.237] [odom] [warning] IMU bias validation results:
[2026-07-08 19:52:43.237] [odom] [warning] num_bias_validations=2880
[2026-07-08 19:52:43.237] [odom] [warning] bias_acc=[0.508, -0.486, 0.034] m/s^2, bias_gyro=[-0.020, 0.002, 0.001] rad/s
[2026-07-08 19:52:43.237] [odom] [warning] acc_stat ax=0.398 +- 0.241 [min=0.002, max=0.608], ay=-0.261 +- 0.196 [min=-0.486, max=0.031], az=0.033 +- 0.011 [min=0.011, max=0.058] m/s^2
[2026-07-08 19:52:43.237] [odom] [warning] gyro_stat wx=-0.019 +- 0.001 [min=-0.020, max=-0.017], wy=0.000 +- 0.001 [min=-0.004, max=0.002], wz=0.001 +- 0.000 [min=0.001, max=0.001] rad/s
[2026-07-08 19:52:43.380] [glim] [info] playback speed: 3.517x
[2026-07-08 19:52:44.454] [odom] [warning] IMU prediction is not good.
[2026-07-08 19:52:44.454] [odom] [warning] Possibly T_lidar_imu is not accurate or IMU bias is not well estimated.
[2026-07-08 19:52:44.454] [odom] [warning] IMU validation results:
[2026-07-08 19:52:44.454] [odom] [warning] num_validations=2560
[2026-07-08 19:52:44.454] [odom] [warning] No-IMU errors rot=0.182 +- 0.245 deg, trans=0.020 +- 0.017 m, vel=0.027 +- 0.019 m/s
[2026-07-08 19:52:44.454] [odom] [warning] IMU errors rot=0.057 +- 0.048 deg, trans=0.023 +- 0.020 m, vel=0.065 +- 0.047 m/s
[2026-07-08 19:52:44.454] [odom] [warning] IMU better ratios rot=0.89, trans=0.10, vel=0.19
[2026-07-08 19:52:46.709] [odom] [warning] IMU prediction is not good.
[2026-07-08 19:52:46.709] [odom] [warning] Possibly T_lidar_imu is not accurate or IMU bias is not well estimated.
[2026-07-08 19:52:46.709] [odom] [warning] IMU validation results:
[2026-07-08 19:52:46.709] [odom] [warning] num_validations=2624
[2026-07-08 19:52:46.709] [odom] [warning] No-IMU errors rot=0.186 +- 0.247 deg, trans=0.020 +- 0.017 m, vel=0.028 +- 0.020 m/s
[2026-07-08 19:52:46.709] [odom] [warning] IMU errors rot=0.059 +- 0.050 deg, trans=0.023 +- 0.019 m, vel=0.066 +- 0.047 m/s
[2026-07-08 19:52:46.709] [odom] [warning] IMU better ratios rot=0.89, trans=0.10, vel=0.19
[2026-07-08 19:52:48.397] [glim] [info] playback speed: 3.315x
[2026-07-08 19:52:49.014] [odom] [warning] IMU prediction is not good.
[2026-07-08 19:52:49.014] [odom] [warning] Possibly T_lidar_imu is not accurate or IMU bias is not well estimated.
[2026-07-08 19:52:49.014] [odom] [warning] IMU validation results:
[2026-07-08 19:52:49.014] [odom] [warning] num_validations=2688
[2026-07-08 19:52:49.014] [odom] [warning] No-IMU errors rot=0.206 +- 0.281 deg, trans=0.020 +- 0.017 m, vel=0.028 +- 0.020 m/s
[2026-07-08 19:52:49.014] [odom] [warning] IMU errors rot=0.061 +- 0.053 deg, trans=0.022 +- 0.019 m, vel=0.065 +- 0.046 m/s
[2026-07-08 19:52:49.014] [odom] [warning] IMU better ratios rot=0.89, trans=0.10, vel=0.19
[2026-07-08 19:52:50.484] [odom] [warning] IMU prediction is not good.
[2026-07-08 19:52:50.484] [odom] [warning] Possibly T_lidar_imu is not accurate or IMU bias is not well estimated.
[2026-07-08 19:52:50.484] [odom] [warning] IMU validation results:
[2026-07-08 19:52:50.484] [odom] [warning] num_validations=2752
[2026-07-08 19:52:50.485] [odom] [warning] No-IMU errors rot=0.207 +- 0.280 deg, trans=0.020 +- 0.017 m, vel=0.028 +- 0.020 m/s
[2026-07-08 19:52:50.485] [odom] [warning] IMU errors rot=0.061 +- 0.052 deg, trans=0.022 +- 0.019 m, vel=0.065 +- 0.046 m/s
[2026-07-08 19:52:50.485] [odom] [warning] IMU better ratios rot=0.89, trans=0.10, vel=0.19
[2026-07-08 19:52:50.485] [odom] [warning] IMU bias estimation seems inaccurate.
[2026-07-08 19:52:50.485] [odom] [warning] Possibly T_lidar_imu is not accurate or LiDAR-IMU synchronization is not correct.
[2026-07-08 19:52:50.485] [odom] [warning] IMU bias validation results:
[2026-07-08 19:52:50.485] [odom] [warning] num_bias_validations=3136
[2026-07-08 19:52:50.485] [odom] [warning] bias_acc=[0.452, -0.506, 0.040] m/s^2, bias_gyro=[-0.020, -0.002, 0.001] rad/s
[2026-07-08 19:52:50.485] [odom] [warning] acc_stat ax=0.403 +- 0.232 [min=0.002, max=0.608], ay=-0.281 +- 0.199 [min=-0.506, max=0.031], az=0.034 +- 0.010 [min=0.011, max=0.058] m/s^2
[2026-07-08 19:52:50.485] [odom] [warning] gyro_stat wx=-0.019 +- 0.001 [min=-0.020, max=-0.017], wy=0.000 +- 0.001 [min=-0.004, max=0.002], wz=0.001 +- 0.000 [min=0.001, max=0.001] rad/s
[2026-07-08 19:52:51.692] [odom] [warning] IMU prediction is not good.
[2026-07-08 19:52:51.692] [odom] [warning] Possibly T_lidar_imu is not accurate or IMU bias is not well estimated.
[2026-07-08 19:52:51.692] [odom] [warning] IMU validation results:
[2026-07-08 19:52:51.692] [odom] [warning] num_validations=2816
[2026-07-08 19:52:51.692] [odom] [warning] No-IMU errors rot=0.214 +- 0.285 deg, trans=0.019 +- 0.017 m, vel=0.028 +- 0.020 m/s
[2026-07-08 19:52:51.692] [odom] [warning] IMU errors rot=0.063 +- 0.053 deg, trans=0.022 +- 0.019 m, vel=0.064 +- 0.046 m/s
[2026-07-08 19:52:51.692] [odom] [warning] IMU better ratios rot=0.89, trans=0.10, vel=0.19
[2026-07-08 19:52:51.692] [odom] [warning] IMU bias estimation seems inaccurate.
[2026-07-08 19:52:51.692] [odom] [warning] Possibly T_lidar_imu is not accurate or LiDAR-IMU synchronization is not correct.
[2026-07-08 19:52:51.692] [odom] [warning] IMU bias validation results:
[2026-07-08 19:52:51.692] [odom] [warning] num_bias_validations=3200
[2026-07-08 19:52:51.692] [odom] [warning] bias_acc=[0.454, -0.513, 0.040] m/s^2, bias_gyro=[-0.020, -0.002, 0.001] rad/s
[2026-07-08 19:52:51.692] [odom] [warning] acc_stat ax=0.404 +- 0.229 [min=0.002, max=0.608], ay=-0.285 +- 0.200 [min=-0.513, max=0.031], az=0.034 +- 0.010 [min=0.011, max=0.058] m/s^2
[2026-07-08 19:52:51.692] [odom] [warning] gyro_stat wx=-0.019 +- 0.001 [min=-0.020, max=-0.017], wy=0.000 +- 0.002 [min=-0.004, max=0.002], wz=0.001 +- 0.000 [min=0.001, max=0.001] rad/s
[2026-07-08 19:52:53.150] [odom] [warning] IMU prediction is not good.
[2026-07-08 19:52:53.150] [odom] [warning] Possibly T_lidar_imu is not accurate or IMU bias is not well estimated.
[2026-07-08 19:52:53.150] [odom] [warning] IMU validation results:
[2026-07-08 19:52:53.150] [odom] [warning] num_validations=2880
[2026-07-08 19:52:53.150] [odom] [warning] No-IMU errors rot=0.214 +- 0.283 deg, trans=0.019 +- 0.017 m, vel=0.028 +- 0.020 m/s
[2026-07-08 19:52:53.150] [odom] [warning] IMU errors rot=0.063 +- 0.053 deg, trans=0.022 +- 0.019 m, vel=0.063 +- 0.046 m/s
[2026-07-08 19:52:53.150] [odom] [warning] IMU better ratios rot=0.89, trans=0.10, vel=0.20
[2026-07-08 19:52:53.150] [odom] [warning] IMU bias estimation seems inaccurate.
[2026-07-08 19:52:53.150] [odom] [warning] Possibly T_lidar_imu is not accurate or LiDAR-IMU synchronization is not correct.
[2026-07-08 19:52:53.150] [odom] [warning] IMU bias validation results:
[2026-07-08 19:52:53.150] [odom] [warning] num_bias_validations=3264
[2026-07-08 19:52:53.150] [odom] [warning] bias_acc=[0.453, -0.520, 0.038] m/s^2, bias_gyro=[-0.020, -0.002, 0.001] rad/s
[2026-07-08 19:52:53.150] [odom] [warning] acc_stat ax=0.405 +- 0.227 [min=0.002, max=0.608], ay=-0.290 +- 0.200 [min=-0.520, max=0.031], az=0.034 +- 0.010 [min=0.011, max=0.058] m/s^2
[2026-07-08 19:52:53.150] [odom] [warning] gyro_stat wx=-0.019 +- 0.001 [min=-0.020, max=-0.017], wy=0.000 +- 0.002 [min=-0.004, max=0.002], wz=0.001 +- 0.000 [min=0.001, max=0.001] rad/s
[2026-07-08 19:52:53.402] [glim] [info] playback speed: 4.803x
[2026-07-08 19:52:54.634] [odom] [warning] IMU prediction is not good.
[2026-07-08 19:52:54.634] [odom] [warning] Possibly T_lidar_imu is not accurate or IMU bias is not well estimated.
[2026-07-08 19:52:54.634] [odom] [warning] IMU validation results:
[2026-07-08 19:52:54.634] [odom] [warning] num_validations=2944
[2026-07-08 19:52:54.634] [odom] [warning] No-IMU errors rot=0.214 +- 0.280 deg, trans=0.019 +- 0.016 m, vel=0.028 +- 0.020 m/s
[2026-07-08 19:52:54.634] [odom] [warning] IMU errors rot=0.063 +- 0.053 deg, trans=0.021 +- 0.019 m, vel=0.063 +- 0.045 m/s
[2026-07-08 19:52:54.634] [odom] [warning] IMU better ratios rot=0.89, trans=0.10, vel=0.20
[2026-07-08 19:52:54.634] [odom] [warning] IMU bias estimation seems inaccurate.
[2026-07-08 19:52:54.634] [odom] [warning] Possibly T_lidar_imu is not accurate or LiDAR-IMU synchronization is not correct.
[2026-07-08 19:52:54.634] [odom] [warning] IMU bias validation results:
[2026-07-08 19:52:54.634] [odom] [warning] num_bias_validations=3328
[2026-07-08 19:52:54.634] [odom] [warning] bias_acc=[0.453, -0.526, 0.037] m/s^2, bias_gyro=[-0.020, -0.001, 0.001] rad/s
[2026-07-08 19:52:54.634] [odom] [warning] acc_stat ax=0.406 +- 0.225 [min=0.002, max=0.608], ay=-0.294 +- 0.201 [min=-0.526, max=0.031], az=0.034 +- 0.010 [min=0.011, max=0.058] m/s^2
[2026-07-08 19:52:54.634] [odom] [warning] gyro_stat wx=-0.019 +- 0.001 [min=-0.020, max=-0.017], wy=0.000 +- 0.002 [min=-0.004, max=0.002], wz=0.001 +- 0.000 [min=0.001, max=0.001] rad/s
[2026-07-08 19:52:56.750] [odom] [warning] IMU prediction is not good.
[2026-07-08 19:52:56.750] [odom] [warning] Possibly T_lidar_imu is not accurate or IMU bias is not well estimated.
[2026-07-08 19:52:56.750] [odom] [warning] IMU validation results:
[2026-07-08 19:52:56.750] [odom] [warning] num_validations=3008
[2026-07-08 19:52:56.750] [odom] [warning] No-IMU errors rot=0.213 +- 0.278 deg, trans=0.019 +- 0.016 m, vel=0.028 +- 0.020 m/s
[2026-07-08 19:52:56.750] [odom] [warning] IMU errors rot=0.063 +- 0.053 deg, trans=0.021 +- 0.019 m, vel=0.062 +- 0.045 m/s
[2026-07-08 19:52:56.750] [odom] [warning] IMU better ratios rot=0.89, trans=0.10, vel=0.20
[2026-07-08 19:52:56.750] [odom] [warning] IMU bias estimation seems inaccurate.
[2026-07-08 19:52:56.750] [odom] [warning] Possibly T_lidar_imu is not accurate or LiDAR-IMU synchronization is not correct.
[2026-07-08 19:52:56.750] [odom] [warning] IMU bias validation results:
[2026-07-08 19:52:56.750] [odom] [warning] num_bias_validations=3392
[2026-07-08 19:52:56.750] [odom] [warning] bias_acc=[0.451, -0.533, 0.036] m/s^2, bias_gyro=[-0.020, -0.001, 0.001] rad/s
[2026-07-08 19:52:56.750] [odom] [warning] acc_stat ax=0.407 +- 0.223 [min=0.002, max=0.608], ay=-0.299 +- 0.202 [min=-0.533, max=0.031], az=0.034 +- 0.010 [min=0.011, max=0.058] m/s^2
[2026-07-08 19:52:56.750] [odom] [warning] gyro_stat wx=-0.019 +- 0.001 [min=-0.020, max=-0.017], wy=0.000 +- 0.002 [min=-0.004, max=0.002], wz=0.001 +- 0.000 [min=0.001, max=0.001] rad/s
[2026-07-08 19:52:58.402] [glim] [info] playback speed: 3.245x
[2026-07-08 19:52:58.702] [odom] [warning] IMU bias estimation seems inaccurate.
[2026-07-08 19:52:58.702] [odom] [warning] Possibly T_lidar_imu is not accurate or LiDAR-IMU synchronization is not correct.
[2026-07-08 19:52:58.702] [odom] [warning] IMU bias validation results:
[2026-07-08 19:52:58.702] [odom] [warning] num_bias_validations=3456
[2026-07-08 19:52:58.702] [odom] [warning] bias_acc=[0.450, -0.539, 0.035] m/s^2, bias_gyro=[-0.020, -0.001, 0.001] rad/s
[2026-07-08 19:52:58.702] [odom] [warning] acc_stat ax=0.408 +- 0.221 [min=0.002, max=0.608], ay=-0.303 +- 0.202 [min=-0.539, max=0.031], az=0.034 +- 0.010 [min=0.011, max=0.058] m/s^2
[2026-07-08 19:52:58.702] [odom] [warning] gyro_stat wx=-0.019 +- 0.001 [min=-0.020, max=-0.017], wy=0.000 +- 0.002 [min=-0.004, max=0.002], wz=0.001 +- 0.000 [min=0.001, max=0.001] rad/s
[2026-07-08 19:53:00.152] [odom] [warning] IMU prediction is not good.
[2026-07-08 19:53:00.152] [odom] [warning] Possibly T_lidar_imu is not accurate or IMU bias is not well estimated.
[2026-07-08 19:53:00.152] [odom] [warning] IMU validation results:
[2026-07-08 19:53:00.152] [odom] [warning] num_validations=3072
[2026-07-08 19:53:00.152] [odom] [warning] No-IMU errors rot=0.212 +- 0.276 deg, trans=0.018 +- 0.016 m, vel=0.028 +- 0.020 m/s
[2026-07-08 19:53:00.152] [odom] [warning] IMU errors rot=0.064 +- 0.053 deg, trans=0.021 +- 0.018 m, vel=0.061 +- 0.045 m/s
[2026-07-08 19:53:00.152] [odom] [warning] IMU better ratios rot=0.88, trans=0.11, vel=0.21
[2026-07-08 19:53:00.311] [odom] [warning] IMU bias estimation seems inaccurate.
[2026-07-08 19:53:00.311] [odom] [warning] Possibly T_lidar_imu is not accurate or LiDAR-IMU synchronization is not correct.
[2026-07-08 19:53:00.311] [odom] [warning] IMU bias validation results:
[2026-07-08 19:53:00.311] [odom] [warning] num_bias_validations=3520
[2026-07-08 19:53:00.311] [odom] [warning] bias_acc=[0.449, -0.541, 0.034] m/s^2, bias_gyro=[-0.020, -0.000, 0.001] rad/s
[2026-07-08 19:53:00.311] [odom] [warning] acc_stat ax=0.408 +- 0.219 [min=0.002, max=0.608], ay=-0.308 +- 0.203 [min=-0.541, max=0.031], az=0.034 +- 0.010 [min=0.011, max=0.058] m/s^2
[2026-07-08 19:53:00.311] [odom] [warning] gyro_stat wx=-0.019 +- 0.001 [min=-0.020, max=-0.017], wy=0.000 +- 0.002 [min=-0.004, max=0.002], wz=0.001 +- 0.000 [min=0.001, max=0.001] rad/s
[2026-07-08 19:53:01.274] [odom] [warning] IMU prediction is not good.
[2026-07-08 19:53:01.274] [odom] [warning] Possibly T_lidar_imu is not accurate or IMU bias is not well estimated.
[2026-07-08 19:53:01.274] [odom] [warning] IMU validation results:
[2026-07-08 19:53:01.274] [odom] [warning] num_validations=3136
[2026-07-08 19:53:01.274] [odom] [warning] No-IMU errors rot=0.210 +- 0.273 deg, trans=0.018 +- 0.016 m, vel=0.028 +- 0.020 m/s
[2026-07-08 19:53:01.274] [odom] [warning] IMU errors rot=0.064 +- 0.052 deg, trans=0.021 +- 0.018 m, vel=0.060 +- 0.045 m/s
[2026-07-08 19:53:01.274] [odom] [warning] IMU better ratios rot=0.88, trans=0.11, vel=0.22
[2026-07-08 19:53:01.918] [odom] [warning] IMU bias estimation seems inaccurate.
[2026-07-08 19:53:01.918] [odom] [warning] Possibly T_lidar_imu is not accurate or LiDAR-IMU synchronization is not correct.
[2026-07-08 19:53:01.918] [odom] [warning] IMU bias validation results:
[2026-07-08 19:53:01.918] [odom] [warning] num_bias_validations=3584
[2026-07-08 19:53:01.918] [odom] [warning] bias_acc=[0.448, -0.542, 0.033] m/s^2, bias_gyro=[-0.020, -0.001, 0.001] rad/s
[2026-07-08 19:53:01.918] [odom] [warning] acc_stat ax=0.409 +- 0.217 [min=0.002, max=0.608], ay=-0.312 +- 0.204 [min=-0.542, max=0.031], az=0.034 +- 0.010 [min=0.011, max=0.058] m/s^2
[2026-07-08 19:53:01.918] [odom] [warning] gyro_stat wx=-0.019 +- 0.001 [min=-0.020, max=-0.017], wy=0.000 +- 0.001 [min=-0.004, max=0.002], wz=0.001 +- 0.000 [min=0.001, max=0.001] rad/s
[2026-07-08 19:53:02.453] [odom] [warning] IMU prediction is not good.
[2026-07-08 19:53:02.453] [odom] [warning] Possibly T_lidar_imu is not accurate or IMU bias is not well estimated.
[2026-07-08 19:53:02.453] [odom] [warning] IMU validation results:
[2026-07-08 19:53:02.453] [odom] [warning] num_validations=3200
[2026-07-08 19:53:02.453] [odom] [warning] No-IMU errors rot=0.210 +- 0.271 deg, trans=0.018 +- 0.016 m, vel=0.028 +- 0.020 m/s
[2026-07-08 19:53:02.453] [odom] [warning] IMU errors rot=0.064 +- 0.052 deg, trans=0.020 +- 0.018 m, vel=0.060 +- 0.045 m/s
[2026-07-08 19:53:02.453] [odom] [warning] IMU better ratios rot=0.88, trans=0.12, vel=0.23
[2026-07-08 19:53:02.984] [odom] [warning] IMU bias estimation seems inaccurate.
[2026-07-08 19:53:02.984] [odom] [warning] Possibly T_lidar_imu is not accurate or LiDAR-IMU synchronization is not correct.
[2026-07-08 19:53:02.984] [odom] [warning] IMU bias validation results:
[2026-07-08 19:53:02.984] [odom] [warning] num_bias_validations=3648
[2026-07-08 19:53:02.984] [odom] [warning] bias_acc=[0.447, -0.544, 0.033] m/s^2, bias_gyro=[-0.020, -0.001, 0.001] rad/s
[2026-07-08 19:53:02.984] [odom] [warning] acc_stat ax=0.410 +- 0.215 [min=0.002, max=0.608], ay=-0.316 +- 0.204 [min=-0.544, max=0.031], az=0.034 +- 0.010 [min=0.011, max=0.058] m/s^2
[2026-07-08 19:53:02.984] [odom] [warning] gyro_stat wx=-0.019 +- 0.001 [min=-0.020, max=-0.017], wy=0.000 +- 0.001 [min=-0.004, max=0.002], wz=0.001 +- 0.000 [min=0.001, max=0.001] rad/s
[2026-07-08 19:53:03.432] [glim] [info] playback speed: 4.315x
[2026-07-08 19:53:04.492] [odom] [warning] IMU prediction is not good.
[2026-07-08 19:53:04.492] [odom] [warning] Possibly T_lidar_imu is not accurate or IMU bias is not well estimated.
[2026-07-08 19:53:04.492] [odom] [warning] IMU validation results:
[2026-07-08 19:53:04.492] [odom] [warning] num_validations=3264
[2026-07-08 19:53:04.492] [odom] [warning] No-IMU errors rot=0.211 +- 0.272 deg, trans=0.018 +- 0.016 m, vel=0.028 +- 0.020 m/s
[2026-07-08 19:53:04.492] [odom] [warning] IMU errors rot=0.064 +- 0.052 deg, trans=0.020 +- 0.018 m, vel=0.059 +- 0.045 m/s
[2026-07-08 19:53:04.492] [odom] [warning] IMU better ratios rot=0.88, trans=0.13, vel=0.24
[2026-07-08 19:53:05.099] [odom] [warning] IMU bias estimation seems inaccurate.
[2026-07-08 19:53:05.099] [odom] [warning] Possibly T_lidar_imu is not accurate or LiDAR-IMU synchronization is not correct.
[2026-07-08 19:53:05.099] [odom] [warning] IMU bias validation results:
[2026-07-08 19:53:05.099] [odom] [warning] num_bias_validations=3712
[2026-07-08 19:53:05.099] [odom] [warning] bias_acc=[0.448, -0.546, 0.032] m/s^2, bias_gyro=[-0.020, -0.000, 0.001] rad/s
[2026-07-08 19:53:05.099] [odom] [warning] acc_stat ax=0.410 +- 0.213 [min=0.002, max=0.608], ay=-0.320 +- 0.205 [min=-0.546, max=0.031], az=0.034 +- 0.010 [min=0.011, max=0.058] m/s^2
[2026-07-08 19:53:05.099] [odom] [warning] gyro_stat wx=-0.019 +- 0.001 [min=-0.020, max=-0.017], wy=0.000 +- 0.001 [min=-0.004, max=0.002], wz=0.001 +- 0.000 [min=0.001, max=0.001] rad/s
[2026-07-08 19:53:05.991] [odom] [warning] IMU prediction is not good.
[2026-07-08 19:53:05.991] [odom] [warning] Possibly T_lidar_imu is not accurate or IMU bias is not well estimated.
[2026-07-08 19:53:05.991] [odom] [warning] IMU validation results:
[2026-07-08 19:53:05.991] [odom] [warning] num_validations=3328
[2026-07-08 19:53:05.991] [odom] [warning] No-IMU errors rot=0.212 +- 0.270 deg, trans=0.017 +- 0.016 m, vel=0.028 +- 0.019 m/s
[2026-07-08 19:53:05.991] [odom] [warning] IMU errors rot=0.064 +- 0.051 deg, trans=0.020 +- 0.018 m, vel=0.058 +- 0.045 m/s
[2026-07-08 19:53:05.991] [odom] [warning] IMU better ratios rot=0.88, trans=0.13, vel=0.24
[2026-07-08 19:53:06.164] [odom] [warning] IMU bias estimation seems inaccurate.
[2026-07-08 19:53:06.164] [odom] [warning] Possibly T_lidar_imu is not accurate or LiDAR-IMU synchronization is not correct.
[2026-07-08 19:53:06.164] [odom] [warning] IMU bias validation results:
[2026-07-08 19:53:06.164] [odom] [warning] num_bias_validations=3776
[2026-07-08 19:53:06.164] [odom] [warning] bias_acc=[0.444, -0.548, 0.032] m/s^2, bias_gyro=[-0.020, 0.001, 0.001] rad/s
[2026-07-08 19:53:06.164] [odom] [warning] acc_stat ax=0.411 +- 0.212 [min=0.002, max=0.608], ay=-0.324 +- 0.205 [min=-0.548, max=0.031], az=0.034 +- 0.009 [min=0.011, max=0.058] m/s^2
[2026-07-08 19:53:06.164] [odom] [warning] gyro_stat wx=-0.019 +- 0.001 [min=-0.020, max=-0.017], wy=0.000 +- 0.001 [min=-0.004, max=0.002], wz=0.001 +- 0.000 [min=0.001, max=0.001] rad/s
[2026-07-08 19:53:07.671] [odom] [warning] IMU prediction is not good.
[2026-07-08 19:53:07.671] [odom] [warning] Possibly T_lidar_imu is not accurate or IMU bias is not well estimated.
[2026-07-08 19:53:07.671] [odom] [warning] IMU validation results:
[2026-07-08 19:53:07.671] [odom] [warning] num_validations=3392
[2026-07-08 19:53:07.671] [odom] [warning] No-IMU errors rot=0.210 +- 0.268 deg, trans=0.017 +- 0.016 m, vel=0.028 +- 0.019 m/s
[2026-07-08 19:53:07.671] [odom] [warning] IMU errors rot=0.063 +- 0.051 deg, trans=0.020 +- 0.018 m, vel=0.057 +- 0.045 m/s
[2026-07-08 19:53:07.671] [odom] [warning] IMU better ratios rot=0.88, trans=0.13, vel=0.24
[2026-07-08 19:53:08.349] [odom] [warning] IMU bias estimation seems inaccurate.
[2026-07-08 19:53:08.350] [odom] [warning] Possibly T_lidar_imu is not accurate or LiDAR-IMU synchronization is not correct.
[2026-07-08 19:53:08.350] [odom] [warning] IMU bias validation results:
[2026-07-08 19:53:08.350] [odom] [warning] num_bias_validations=3840
[2026-07-08 19:53:08.350] [odom] [warning] bias_acc=[0.440, -0.549, 0.031] m/s^2, bias_gyro=[-0.020, 0.000, 0.001] rad/s
[2026-07-08 19:53:08.350] [odom] [warning] acc_stat ax=0.412 +- 0.210 [min=0.002, max=0.608], ay=-0.328 +- 0.205 [min=-0.549, max=0.031], az=0.034 +- 0.009 [min=0.011, max=0.058] m/s^2
[2026-07-08 19:53:08.350] [odom] [warning] gyro_stat wx=-0.019 +- 0.001 [min=-0.020, max=-0.017], wy=0.000 +- 0.001 [min=-0.004, max=0.002], wz=0.001 +- 0.000 [min=0.001, max=0.001] rad/s
[2026-07-08 19:53:08.453] [glim] [info] playback speed: 3.676x
[2026-07-08 19:53:09.234] [odom] [warning] IMU prediction is not good.
[2026-07-08 19:53:09.234] [odom] [warning] Possibly T_lidar_imu is not accurate or IMU bias is not well estimated.
[2026-07-08 19:53:09.234] [odom] [warning] IMU validation results:
[2026-07-08 19:53:09.234] [odom] [warning] num_validations=3456
[2026-07-08 19:53:09.234] [odom] [warning] No-IMU errors rot=0.209 +- 0.266 deg, trans=0.017 +- 0.016 m, vel=0.028 +- 0.019 m/s
[2026-07-08 19:53:09.234] [odom] [warning] IMU errors rot=0.064 +- 0.051 deg, trans=0.019 +- 0.018 m, vel=0.057 +- 0.044 m/s
[2026-07-08 19:53:09.234] [odom] [warning] IMU better ratios rot=0.88, trans=0.13, vel=0.25
[2026-07-08 19:53:09.411] [odom] [warning] IMU bias estimation seems inaccurate.
[2026-07-08 19:53:09.411] [odom] [warning] Possibly T_lidar_imu is not accurate or LiDAR-IMU synchronization is not correct.
[2026-07-08 19:53:09.411] [odom] [warning] IMU bias validation results:
[2026-07-08 19:53:09.411] [odom] [warning] num_bias_validations=3904
[2026-07-08 19:53:09.411] [odom] [warning] bias_acc=[0.437, -0.547, 0.032] m/s^2, bias_gyro=[-0.019, 0.000, 0.001] rad/s
[2026-07-08 19:53:09.411] [odom] [warning] acc_stat ax=0.412 +- 0.208 [min=0.002, max=0.608], ay=-0.331 +- 0.205 [min=-0.549, max=0.031], az=0.034 +- 0.009 [min=0.011, max=0.058] m/s^2
[2026-07-08 19:53:09.411] [odom] [warning] gyro_stat wx=-0.019 +- 0.001 [min=-0.020, max=-0.017], wy=0.000 +- 0.001 [min=-0.004, max=0.002], wz=0.001 +- 0.000 [min=0.001, max=0.001] rad/s
[2026-07-08 19:53:10.822] [odom] [warning] IMU prediction is not good.
[2026-07-08 19:53:10.822] [odom] [warning] Possibly T_lidar_imu is not accurate or IMU bias is not well estimated.
[2026-07-08 19:53:10.822] [odom] [warning] IMU validation results:
[2026-07-08 19:53:10.822] [odom] [warning] num_validations=3520
[2026-07-08 19:53:10.822] [odom] [warning] No-IMU errors rot=0.208 +- 0.264 deg, trans=0.017 +- 0.016 m, vel=0.028 +- 0.019 m/s
[2026-07-08 19:53:10.822] [odom] [warning] IMU errors rot=0.064 +- 0.051 deg, trans=0.019 +- 0.018 m, vel=0.056 +- 0.044 m/s
[2026-07-08 19:53:10.822] [odom] [warning] IMU better ratios rot=0.88, trans=0.14, vel=0.26
[2026-07-08 19:53:11.413] [odom] [warning] IMU bias estimation seems inaccurate.
[2026-07-08 19:53:11.413] [odom] [warning] Possibly T_lidar_imu is not accurate or LiDAR-IMU synchronization is not correct.
[2026-07-08 19:53:11.413] [odom] [warning] IMU bias validation results:
[2026-07-08 19:53:11.413] [odom] [warning] num_bias_validations=3968
[2026-07-08 19:53:11.413] [odom] [warning] bias_acc=[0.437, -0.545, 0.032] m/s^2, bias_gyro=[-0.020, 0.000, 0.001] rad/s
[2026-07-08 19:53:11.413] [odom] [warning] acc_stat ax=0.412 +- 0.207 [min=0.002, max=0.608], ay=-0.335 +- 0.206 [min=-0.549, max=0.031], az=0.034 +- 0.009 [min=0.011, max=0.058] m/s^2
[2026-07-08 19:53:11.413] [odom] [warning] gyro_stat wx=-0.019 +- 0.001 [min=-0.020, max=-0.017], wy=0.000 +- 0.001 [min=-0.004, max=0.002], wz=0.001 +- 0.000 [min=0.001, max=0.001] rad/s
[2026-07-08 19:53:12.436] [odom] [warning] IMU prediction is not good.
[2026-07-08 19:53:12.436] [odom] [warning] Possibly T_lidar_imu is not accurate or IMU bias is not well estimated.
[2026-07-08 19:53:12.436] [odom] [warning] IMU validation results:
[2026-07-08 19:53:12.436] [odom] [warning] num_validations=3584
[2026-07-08 19:53:12.436] [odom] [warning] No-IMU errors rot=0.206 +- 0.262 deg, trans=0.017 +- 0.016 m, vel=0.028 +- 0.019 m/s
[2026-07-08 19:53:12.436] [odom] [warning] IMU errors rot=0.063 +- 0.051 deg, trans=0.019 +- 0.018 m, vel=0.055 +- 0.044 m/s
[2026-07-08 19:53:12.436] [odom] [warning] IMU better ratios rot=0.88, trans=0.14, vel=0.26
[2026-07-08 19:53:12.619] [odom] [warning] IMU bias estimation seems inaccurate.
[2026-07-08 19:53:12.619] [odom] [warning] Possibly T_lidar_imu is not accurate or LiDAR-IMU synchronization is not correct.
[2026-07-08 19:53:12.619] [odom] [warning] IMU bias validation results:
[2026-07-08 19:53:12.619] [odom] [warning] num_bias_validations=4032
[2026-07-08 19:53:12.619] [odom] [warning] bias_acc=[0.438, -0.542, 0.031] m/s^2, bias_gyro=[-0.019, 0.000, 0.001] rad/s
[2026-07-08 19:53:12.619] [odom] [warning] acc_stat ax=0.413 +- 0.205 [min=0.002, max=0.608], ay=-0.338 +- 0.206 [min=-0.549, max=0.031], az=0.034 +- 0.009 [min=0.011, max=0.058] m/s^2
[2026-07-08 19:53:12.619] [odom] [warning] gyro_stat wx=-0.019 +- 0.001 [min=-0.020, max=-0.017], wy=0.000 +- 0.001 [min=-0.004, max=0.002], wz=0.001 +- 0.000 [min=0.001, max=0.001] rad/s
[2026-07-08 19:53:13.471] [glim] [info] playback speed: 4.528x
[2026-07-08 19:53:13.759] [odom] [warning] IMU prediction is not good.
[2026-07-08 19:53:13.759] [odom] [warning] Possibly T_lidar_imu is not accurate or IMU bias is not well estimated.
[2026-07-08 19:53:13.759] [odom] [warning] IMU validation results:
[2026-07-08 19:53:13.759] [odom] [warning] num_validations=3648
[2026-07-08 19:53:13.759] [odom] [warning] No-IMU errors rot=0.206 +- 0.261 deg, trans=0.017 +- 0.016 m, vel=0.028 +- 0.019 m/s
[2026-07-08 19:53:13.759] [odom] [warning] IMU errors rot=0.063 +- 0.050 deg, trans=0.019 +- 0.018 m, vel=0.055 +- 0.044 m/s
[2026-07-08 19:53:13.759] [odom] [warning] IMU better ratios rot=0.88, trans=0.14, vel=0.27
[2026-07-08 19:53:14.176] [odom] [warning] IMU bias estimation seems inaccurate.
[2026-07-08 19:53:14.176] [odom] [warning] Possibly T_lidar_imu is not accurate or LiDAR-IMU synchronization is not correct.
[2026-07-08 19:53:14.176] [odom] [warning] IMU bias validation results:
[2026-07-08 19:53:14.176] [odom] [warning] num_bias_validations=4096
[2026-07-08 19:53:14.176] [odom] [warning] bias_acc=[0.437, -0.539, 0.031] m/s^2, bias_gyro=[-0.019, 0.000, 0.001] rad/s
[2026-07-08 19:53:14.176] [odom] [warning] acc_stat ax=0.413 +- 0.203 [min=0.002, max=0.608], ay=-0.341 +- 0.205 [min=-0.549, max=0.031], az=0.034 +- 0.009 [min=0.011, max=0.058] m/s^2
[2026-07-08 19:53:14.176] [odom] [warning] gyro_stat wx=-0.019 +- 0.001 [min=-0.020, max=-0.017], wy=0.000 +- 0.001 [min=-0.004, max=0.002], wz=0.001 +- 0.000 [min=0.001, max=0.001] rad/s
[2026-07-08 19:53:15.473] [odom] [warning] IMU prediction is not good.
[2026-07-08 19:53:15.473] [odom] [warning] Possibly T_lidar_imu is not accurate or IMU bias is not well estimated.
[2026-07-08 19:53:15.473] [odom] [warning] IMU validation results:
[2026-07-08 19:53:15.473] [odom] [warning] num_validations=3712
[2026-07-08 19:53:15.473] [odom] [warning] No-IMU errors rot=0.213 +- 0.274 deg, trans=0.016 +- 0.015 m, vel=0.028 +- 0.019 m/s
[2026-07-08 19:53:15.473] [odom] [warning] IMU errors rot=0.064 +- 0.051 deg, trans=0.019 +- 0.018 m, vel=0.054 +- 0.044 m/s
[2026-07-08 19:53:15.473] [odom] [warning] IMU better ratios rot=0.88, trans=0.15, vel=0.27
[2026-07-08 19:53:16.097] [odom] [warning] IMU bias estimation seems inaccurate.
[2026-07-08 19:53:16.097] [odom] [warning] Possibly T_lidar_imu is not accurate or LiDAR-IMU synchronization is not correct.
[2026-07-08 19:53:16.097] [odom] [warning] IMU bias validation results:
[2026-07-08 19:53:16.097] [odom] [warning] num_bias_validations=4160
[2026-07-08 19:53:16.097] [odom] [warning] bias_acc=[0.441, -0.539, 0.031] m/s^2, bias_gyro=[-0.020, -0.002, 0.001] rad/s
[2026-07-08 19:53:16.097] [odom] [warning] acc_stat ax=0.414 +- 0.202 [min=0.002, max=0.608], ay=-0.344 +- 0.205 [min=-0.549, max=0.031], az=0.034 +- 0.009 [min=0.011, max=0.058] m/s^2
[2026-07-08 19:53:16.097] [odom] [warning] gyro_stat wx=-0.019 +- 0.001 [min=-0.020, max=-0.017], wy=0.000 +- 0.001 [min=-0.004, max=0.002], wz=0.001 +- 0.000 [min=0.001, max=0.001] rad/s
[2026-07-08 19:53:18.045] [odom] [warning] IMU prediction is not good.
[2026-07-08 19:53:18.045] [odom] [warning] Possibly T_lidar_imu is not accurate or IMU bias is not well estimated.
[2026-07-08 19:53:18.045] [odom] [warning] IMU validation results:
[2026-07-08 19:53:18.045] [odom] [warning] num_validations=3776
[2026-07-08 19:53:18.045] [odom] [warning] No-IMU errors rot=0.222 +- 0.284 deg, trans=0.017 +- 0.015 m, vel=0.028 +- 0.019 m/s
[2026-07-08 19:53:18.045] [odom] [warning] IMU errors rot=0.065 +- 0.054 deg, trans=0.019 +- 0.018 m, vel=0.055 +- 0.044 m/s
[2026-07-08 19:53:18.045] [odom] [warning] IMU better ratios rot=0.89, trans=0.14, vel=0.27
[2026-07-08 19:53:18.490] [glim] [info] playback speed: 3.031x
[2026-07-08 19:53:18.972] [odom] [warning] IMU bias estimation seems inaccurate.
[2026-07-08 19:53:18.972] [odom] [warning] Possibly T_lidar_imu is not accurate or LiDAR-IMU synchronization is not correct.
[2026-07-08 19:53:18.972] [odom] [warning] IMU bias validation results:
[2026-07-08 19:53:18.972] [odom] [warning] num_bias_validations=4224
[2026-07-08 19:53:18.972] [odom] [warning] bias_acc=[0.456, -0.558, 0.028] m/s^2, bias_gyro=[-0.019, -0.004, 0.001] rad/s
[2026-07-08 19:53:18.972] [odom] [warning] acc_stat ax=0.414 +- 0.200 [min=0.002, max=0.608], ay=-0.347 +- 0.205 [min=-0.558, max=0.031], az=0.034 +- 0.009 [min=0.011, max=0.058] m/s^2
[2026-07-08 19:53:18.972] [odom] [warning] gyro_stat wx=-0.019 +- 0.001 [min=-0.020, max=-0.017], wy=0.000 +- 0.002 [min=-0.004, max=0.002], wz=0.001 +- 0.000 [min=0.001, max=0.001] rad/s
[2026-07-08 19:53:20.406] [odom] [warning] IMU prediction is not good.
[2026-07-08 19:53:20.406] [odom] [warning] Possibly T_lidar_imu is not accurate or IMU bias is not well estimated.
[2026-07-08 19:53:20.406] [odom] [warning] IMU validation results:
[2026-07-08 19:53:20.406] [odom] [warning] num_validations=3840
[2026-07-08 19:53:20.406] [odom] [warning] No-IMU errors rot=0.221 +- 0.282 deg, trans=0.017 +- 0.015 m, vel=0.028 +- 0.019 m/s
[2026-07-08 19:53:20.406] [odom] [warning] IMU errors rot=0.065 +- 0.053 deg, trans=0.019 +- 0.017 m, vel=0.056 +- 0.044 m/s
[2026-07-08 19:53:20.406] [odom] [warning] IMU better ratios rot=0.88, trans=0.14, vel=0.27
[2026-07-08 19:53:20.581] [odom] [warning] IMU bias estimation seems inaccurate.
[2026-07-08 19:53:20.581] [odom] [warning] Possibly T_lidar_imu is not accurate or LiDAR-IMU synchronization is not correct.
[2026-07-08 19:53:20.581] [odom] [warning] IMU bias validation results:
[2026-07-08 19:53:20.581] [odom] [warning] num_bias_validations=4288
[2026-07-08 19:53:20.581] [odom] [warning] bias_acc=[0.473, -0.582, 0.026] m/s^2, bias_gyro=[-0.019, -0.004, 0.001] rad/s
[2026-07-08 19:53:20.581] [odom] [warning] acc_stat ax=0.415 +- 0.199 [min=0.002, max=0.608], ay=-0.351 +- 0.206 [min=-0.582, max=0.031], az=0.034 +- 0.009 [min=0.011, max=0.058] m/s^2
[2026-07-08 19:53:20.581] [odom] [warning] gyro_stat wx=-0.019 +- 0.001 [min=-0.020, max=-0.017], wy=-0.000 +- 0.002 [min=-0.004, max=0.002], wz=0.001 +- 0.000 [min=0.001, max=0.001] rad/s
[2026-07-08 19:53:22.351] [odom] [warning] IMU prediction is not good.
[2026-07-08 19:53:22.352] [odom] [warning] Possibly T_lidar_imu is not accurate or IMU bias is not well estimated.
[2026-07-08 19:53:22.352] [odom] [warning] IMU validation results:
[2026-07-08 19:53:22.352] [odom] [warning] num_validations=3904
[2026-07-08 19:53:22.352] [odom] [warning] No-IMU errors rot=0.220 +- 0.280 deg, trans=0.017 +- 0.015 m, vel=0.028 +- 0.019 m/s
[2026-07-08 19:53:22.352] [odom] [warning] IMU errors rot=0.065 +- 0.053 deg, trans=0.019 +- 0.017 m, vel=0.057 +- 0.044 m/s
[2026-07-08 19:53:22.352] [odom] [warning] IMU better ratios rot=0.88, trans=0.14, vel=0.26
[2026-07-08 19:53:22.818] [odom] [warning] IMU bias estimation seems inaccurate.
[2026-07-08 19:53:22.818] [odom] [warning] Possibly T_lidar_imu is not accurate or LiDAR-IMU synchronization is not correct.
[2026-07-08 19:53:22.818] [odom] [warning] IMU bias validation results:
[2026-07-08 19:53:22.818] [odom] [warning] num_bias_validations=4352
[2026-07-08 19:53:22.818] [odom] [warning] bias_acc=[0.487, -0.608, 0.023] m/s^2, bias_gyro=[-0.019, -0.003, 0.001] rad/s
[2026-07-08 19:53:22.818] [odom] [warning] acc_stat ax=0.416 +- 0.198 [min=0.002, max=0.608], ay=-0.355 +- 0.207 [min=-0.608, max=0.031], az=0.033 +- 0.009 [min=0.011, max=0.058] m/s^2
[2026-07-08 19:53:22.818] [odom] [warning] gyro_stat wx=-0.019 +- 0.001 [min=-0.020, max=-0.017], wy=-0.000 +- 0.002 [min=-0.004, max=0.002], wz=0.001 +- 0.000 [min=0.001, max=0.001] rad/s
[2026-07-08 19:53:23.493] [glim] [info] playback speed: 3.568x
[2026-07-08 19:53:23.676] [odom] [warning] IMU prediction is not good.
[2026-07-08 19:53:23.676] [odom] [warning] Possibly T_lidar_imu is not accurate or IMU bias is not well estimated.
[2026-07-08 19:53:23.676] [odom] [warning] IMU validation results:
[2026-07-08 19:53:23.676] [odom] [warning] num_validations=3968
[2026-07-08 19:53:23.676] [odom] [warning] No-IMU errors rot=0.220 +- 0.278 deg, trans=0.017 +- 0.015 m, vel=0.028 +- 0.019 m/s
[2026-07-08 19:53:23.676] [odom] [warning] IMU errors rot=0.065 +- 0.053 deg, trans=0.019 +- 0.017 m, vel=0.057 +- 0.044 m/s
[2026-07-08 19:53:23.676] [odom] [warning] IMU better ratios rot=0.89, trans=0.14, vel=0.26
[2026-07-08 19:53:24.640] [odom] [warning] IMU bias estimation seems inaccurate.
[2026-07-08 19:53:24.640] [odom] [warning] Possibly T_lidar_imu is not accurate or LiDAR-IMU synchronization is not correct.
[2026-07-08 19:53:24.640] [odom] [warning] IMU bias validation results:
[2026-07-08 19:53:24.640] [odom] [warning] num_bias_validations=4416
[2026-07-08 19:53:24.640] [odom] [warning] bias_acc=[0.499, -0.627, 0.021] m/s^2, bias_gyro=[-0.020, -0.002, 0.001] rad/s
[2026-07-08 19:53:24.640] [odom] [warning] acc_stat ax=0.417 +- 0.197 [min=0.002, max=0.608], ay=-0.359 +- 0.208 [min=-0.627, max=0.031], az=0.033 +- 0.009 [min=0.011, max=0.058] m/s^2
[2026-07-08 19:53:24.640] [odom] [warning] gyro_stat wx=-0.019 +- 0.001 [min=-0.020, max=-0.017], wy=-0.000 +- 0.002 [min=-0.004, max=0.002], wz=0.001 +- 0.000 [min=0.001, max=0.001] rad/s
[2026-07-08 19:53:27.205] [odom] [warning] IMU prediction is not good.
[2026-07-08 19:53:27.205] [odom] [warning] Possibly T_lidar_imu is not accurate or IMU bias is not well estimated.
[2026-07-08 19:53:27.205] [odom] [warning] IMU validation results:
[2026-07-08 19:53:27.205] [odom] [warning] num_validations=4032
[2026-07-08 19:53:27.205] [odom] [warning] No-IMU errors rot=0.219 +- 0.277 deg, trans=0.017 +- 0.015 m, vel=0.028 +- 0.019 m/s
[2026-07-08 19:53:27.205] [odom] [warning] IMU errors rot=0.065 +- 0.053 deg, trans=0.020 +- 0.017 m, vel=0.058 +- 0.044 m/s
[2026-07-08 19:53:27.205] [odom] [warning] IMU better ratios rot=0.88, trans=0.13, vel=0.25
[2026-07-08 19:53:27.894] [odom] [warning] IMU bias estimation seems inaccurate.
[2026-07-08 19:53:27.894] [odom] [warning] Possibly T_lidar_imu is not accurate or LiDAR-IMU synchronization is not correct.
[2026-07-08 19:53:27.894] [odom] [warning] IMU bias validation results:
[2026-07-08 19:53:27.894] [odom] [warning] num_bias_validations=4480
[2026-07-08 19:53:27.894] [odom] [warning] bias_acc=[0.513, -0.646, 0.018] m/s^2, bias_gyro=[-0.019, -0.002, 0.001] rad/s
[2026-07-08 19:53:27.894] [odom] [warning] acc_stat ax=0.419 +- 0.195 [min=0.002, max=0.608], ay=-0.363 +- 0.209 [min=-0.646, max=0.031], az=0.033 +- 0.009 [min=0.011, max=0.058] m/s^2
[2026-07-08 19:53:27.894] [odom] [warning] gyro_stat wx=-0.019 +- 0.001 [min=-0.020, max=-0.017], wy=-0.000 +- 0.002 [min=-0.004, max=0.002], wz=0.001 +- 0.000 [min=0.001, max=0.001] rad/s
[2026-07-08 19:53:28.509] [glim] [info] playback speed: 2.204x
[2026-07-08 19:53:30.571] [odom] [warning] IMU prediction is not good.
[2026-07-08 19:53:30.571] [odom] [warning] Possibly T_lidar_imu is not accurate or IMU bias is not well estimated.
[2026-07-08 19:53:30.571] [odom] [warning] IMU validation results:
[2026-07-08 19:53:30.571] [odom] [warning] num_validations=4096
[2026-07-08 19:53:30.571] [odom] [warning] No-IMU errors rot=0.219 +- 0.275 deg, trans=0.017 +- 0.015 m, vel=0.028 +- 0.019 m/s
[2026-07-08 19:53:30.571] [odom] [warning] IMU errors rot=0.065 +- 0.053 deg, trans=0.020 +- 0.017 m, vel=0.059 +- 0.044 m/s
[2026-07-08 19:53:30.571] [odom] [warning] IMU better ratios rot=0.89, trans=0.13, vel=0.25
[2026-07-08 19:53:31.551] [odom] [warning] IMU bias estimation seems inaccurate.
[2026-07-08 19:53:31.551] [odom] [warning] Possibly T_lidar_imu is not accurate or LiDAR-IMU synchronization is not correct.
[2026-07-08 19:53:31.551] [odom] [warning] IMU bias validation results:
[2026-07-08 19:53:31.551] [odom] [warning] num_bias_validations=4544
[2026-07-08 19:53:31.551] [odom] [warning] bias_acc=[0.524, -0.666, 0.015] m/s^2, bias_gyro=[-0.019, -0.002, 0.001] rad/s
[2026-07-08 19:53:31.551] [odom] [warning] acc_stat ax=0.420 +- 0.194 [min=0.002, max=0.608], ay=-0.367 +- 0.211 [min=-0.666, max=0.031], az=0.033 +- 0.009 [min=0.011, max=0.058] m/s^2
[2026-07-08 19:53:31.551] [odom] [warning] gyro_stat wx=-0.019 +- 0.001 [min=-0.020, max=-0.017], wy=-0.000 +- 0.002 [min=-0.004, max=0.002], wz=0.001 +- 0.000 [min=0.001, max=0.001] rad/s
[2026-07-08 19:53:32.178] [odom] [warning] IMU prediction is not good.
[2026-07-08 19:53:32.178] [odom] [warning] Possibly T_lidar_imu is not accurate or IMU bias is not well estimated.
[2026-07-08 19:53:32.178] [odom] [warning] IMU validation results:
[2026-07-08 19:53:32.178] [odom] [warning] num_validations=4160
[2026-07-08 19:53:32.178] [odom] [warning] No-IMU errors rot=0.218 +- 0.273 deg, trans=0.018 +- 0.015 m, vel=0.028 +- 0.019 m/s
[2026-07-08 19:53:32.178] [odom] [warning] IMU errors rot=0.066 +- 0.053 deg, trans=0.020 +- 0.017 m, vel=0.059 +- 0.044 m/s
[2026-07-08 19:53:32.178] [odom] [warning] IMU better ratios rot=0.88, trans=0.13, vel=0.25
[2026-07-08 19:53:33.537] [glim] [info] playback speed: 2.320x
[2026-07-08 19:53:33.758] [odom] [warning] IMU bias estimation seems inaccurate.
[2026-07-08 19:53:33.758] [odom] [warning] Possibly T_lidar_imu is not accurate or LiDAR-IMU synchronization is not correct.
[2026-07-08 19:53:33.758] [odom] [warning] IMU bias validation results:
[2026-07-08 19:53:33.758] [odom] [warning] num_bias_validations=4608
[2026-07-08 19:53:33.758] [odom] [warning] bias_acc=[0.534, -0.684, 0.014] m/s^2, bias_gyro=[-0.019, -0.001, 0.001] rad/s
[2026-07-08 19:53:33.758] [odom] [warning] acc_stat ax=0.422 +- 0.194 [min=0.002, max=0.608], ay=-0.371 +- 0.212 [min=-0.684, max=0.031], az=0.033 +- 0.010 [min=0.011, max=0.058] m/s^2
[2026-07-08 19:53:33.758] [odom] [warning] gyro_stat wx=-0.019 +- 0.001 [min=-0.020, max=-0.017], wy=-0.000 +- 0.002 [min=-0.004, max=0.002], wz=0.001 +- 0.000 [min=0.001, max=0.001] rad/s
[2026-07-08 19:53:37.717] [odom] [warning] IMU prediction is not good.
[2026-07-08 19:53:37.717] [odom] [warning] Possibly T_lidar_imu is not accurate or IMU bias is not well estimated.
[2026-07-08 19:53:37.717] [odom] [warning] IMU validation results:
[2026-07-08 19:53:37.717] [odom] [warning] num_validations=4224
[2026-07-08 19:53:37.717] [odom] [warning] No-IMU errors rot=0.217 +- 0.271 deg, trans=0.018 +- 0.015 m, vel=0.028 +- 0.019 m/s
[2026-07-08 19:53:37.717] [odom] [warning] IMU errors rot=0.065 +- 0.053 deg, trans=0.020 +- 0.017 m, vel=0.059 +- 0.044 m/s
[2026-07-08 19:53:37.717] [odom] [warning] IMU better ratios rot=0.88, trans=0.13, vel=0.24
[2026-07-08 19:53:37.894] [odom] [warning] IMU bias estimation seems inaccurate.
[2026-07-08 19:53:37.894] [odom] [warning] Possibly T_lidar_imu is not accurate or LiDAR-IMU synchronization is not correct.
[2026-07-08 19:53:37.894] [odom] [warning] IMU bias validation results:
[2026-07-08 19:53:37.894] [odom] [warning] num_bias_validations=4672
[2026-07-08 19:53:37.894] [odom] [warning] bias_acc=[0.540, -0.704, 0.012] m/s^2, bias_gyro=[-0.020, -0.001, 0.001] rad/s
[2026-07-08 19:53:37.894] [odom] [warning] acc_stat ax=0.423 +- 0.193 [min=0.002, max=0.608], ay=-0.376 +- 0.215 [min=-0.704, max=0.031], az=0.032 +- 0.010 [min=0.011, max=0.058] m/s^2
[2026-07-08 19:53:37.894] [odom] [warning] gyro_stat wx=-0.019 +- 0.001 [min=-0.020, max=-0.017], wy=-0.000 +- 0.002 [min=-0.004, max=0.002], wz=0.001 +- 0.000 [min=0.001, max=0.001] rad/s
[2026-07-08 19:53:38.566] [glim] [info] playback speed: 1.775x
[2026-07-08 19:53:39.811] [odom] [warning] IMU prediction is not good.
[2026-07-08 19:53:39.811] [odom] [warning] Possibly T_lidar_imu is not accurate or IMU bias is not well estimated.
[2026-07-08 19:53:39.811] [odom] [warning] IMU validation results:
[2026-07-08 19:53:39.811] [odom] [warning] num_validations=4288
[2026-07-08 19:53:39.811] [odom] [warning] No-IMU errors rot=0.217 +- 0.270 deg, trans=0.018 +- 0.015 m, vel=0.028 +- 0.019 m/s
[2026-07-08 19:53:39.811] [odom] [warning] IMU errors rot=0.065 +- 0.053 deg, trans=0.020 +- 0.017 m, vel=0.060 +- 0.043 m/s
[2026-07-08 19:53:39.811] [odom] [warning] IMU better ratios rot=0.88, trans=0.13, vel=0.24
[2026-07-08 19:53:40.970] [odom] [warning] IMU bias estimation seems inaccurate.
[2026-07-08 19:53:40.970] [odom] [warning] Possibly T_lidar_imu is not accurate or LiDAR-IMU synchronization is not correct.
[2026-07-08 19:53:40.970] [odom] [warning] IMU bias validation results:
[2026-07-08 19:53:40.970] [odom] [warning] num_bias_validations=4736
[2026-07-08 19:53:40.970] [odom] [warning] bias_acc=[0.544, -0.726, 0.011] m/s^2, bias_gyro=[-0.020, -0.000, 0.001] rad/s
[2026-07-08 19:53:40.970] [odom] [warning] acc_stat ax=0.425 +- 0.192 [min=0.002, max=0.608], ay=-0.381 +- 0.217 [min=-0.726, max=0.031], az=0.032 +- 0.010 [min=0.011, max=0.058] m/s^2
[2026-07-08 19:53:40.970] [odom] [warning] gyro_stat wx=-0.019 +- 0.001 [min=-0.020, max=-0.017], wy=-0.000 +- 0.002 [min=-0.004, max=0.002], wz=0.001 +- 0.000 [min=0.001, max=0.001] rad/s
[2026-07-08 19:53:42.944] [odom] [warning] IMU prediction is not good.
[2026-07-08 19:53:42.944] [odom] [warning] Possibly T_lidar_imu is not accurate or IMU bias is not well estimated.
[2026-07-08 19:53:42.944] [odom] [warning] IMU validation results:
[2026-07-08 19:53:42.944] [odom] [warning] num_validations=4352
[2026-07-08 19:53:42.944] [odom] [warning] No-IMU errors rot=0.215 +- 0.268 deg, trans=0.018 +- 0.015 m, vel=0.028 +- 0.019 m/s
[2026-07-08 19:53:42.944] [odom] [warning] IMU errors rot=0.065 +- 0.053 deg, trans=0.020 +- 0.017 m, vel=0.060 +- 0.043 m/s
[2026-07-08 19:53:42.944] [odom] [warning] IMU better ratios rot=0.88, trans=0.12, vel=0.24
[2026-07-08 19:53:43.551] [odom] [warning] IMU bias estimation seems inaccurate.
[2026-07-08 19:53:43.551] [odom] [warning] Possibly T_lidar_imu is not accurate or LiDAR-IMU synchronization is not correct.
[2026-07-08 19:53:43.551] [odom] [warning] IMU bias validation results:
[2026-07-08 19:53:43.551] [odom] [warning] num_bias_validations=4800
[2026-07-08 19:53:43.551] [odom] [warning] bias_acc=[0.545, -0.746, 0.010] m/s^2, bias_gyro=[-0.020, -0.000, 0.001] rad/s
[2026-07-08 19:53:43.551] [odom] [warning] acc_stat ax=0.427 +- 0.191 [min=0.002, max=0.608], ay=-0.385 +- 0.219 [min=-0.746, max=0.031], az=0.032 +- 0.010 [min=0.010, max=0.058] m/s^2
[2026-07-08 19:53:43.551] [odom] [warning] gyro_stat wx=-0.019 +- 0.001 [min=-0.020, max=-0.017], wy=-0.000 +- 0.002 [min=-0.004, max=0.002], wz=0.001 +- 0.000 [min=0.001, max=0.001] rad/s
[2026-07-08 19:53:43.569] [glim] [info] playback speed: 1.967x
[2026-07-08 19:53:45.254] [odom] [warning] IMU prediction is not good.
[2026-07-08 19:53:45.254] [odom] [warning] Possibly T_lidar_imu is not accurate or IMU bias is not well estimated.
[2026-07-08 19:53:45.254] [odom] [warning] IMU validation results:
[2026-07-08 19:53:45.254] [odom] [warning] num_validations=4416
[2026-07-08 19:53:45.254] [odom] [warning] No-IMU errors rot=0.214 +- 0.267 deg, trans=0.018 +- 0.015 m, vel=0.028 +- 0.019 m/s
[2026-07-08 19:53:45.254] [odom] [warning] IMU errors rot=0.065 +- 0.053 deg, trans=0.020 +- 0.017 m, vel=0.060 +- 0.043 m/s
[2026-07-08 19:53:45.254] [odom] [warning] IMU better ratios rot=0.88, trans=0.12, vel=0.23
[2026-07-08 19:53:46.283] [odom] [warning] IMU bias estimation seems inaccurate.
[2026-07-08 19:53:46.283] [odom] [warning] Possibly T_lidar_imu is not accurate or LiDAR-IMU synchronization is not correct.
[2026-07-08 19:53:46.283] [odom] [warning] IMU bias validation results:
[2026-07-08 19:53:46.283] [odom] [warning] num_bias_validations=4864
[2026-07-08 19:53:46.283] [odom] [warning] bias_acc=[0.546, -0.767, 0.009] m/s^2, bias_gyro=[-0.020, 0.000, 0.001] rad/s
[2026-07-08 19:53:46.283] [odom] [warning] acc_stat ax=0.428 +- 0.190 [min=0.002, max=0.608], ay=-0.390 +- 0.222 [min=-0.767, max=0.031], az=0.031 +- 0.011 [min=0.009, max=0.058] m/s^2
[2026-07-08 19:53:46.283] [odom] [warning] gyro_stat wx=-0.019 +- 0.001 [min=-0.020, max=-0.017], wy=-0.000 +- 0.002 [min=-0.004, max=0.002], wz=0.001 +- 0.000 [min=0.001, max=0.001] rad/s
[2026-07-08 19:53:48.678] [glim] [info] playback speed: 1.986x
[2026-07-08 19:53:51.040] [odom] [warning] IMU prediction is not good.
[2026-07-08 19:53:51.040] [odom] [warning] Possibly T_lidar_imu is not accurate or IMU bias is not well estimated.
[2026-07-08 19:53:51.040] [odom] [warning] IMU validation results:
[2026-07-08 19:53:51.040] [odom] [warning] num_validations=4480
[2026-07-08 19:53:51.040] [odom] [warning] No-IMU errors rot=0.212 +- 0.266 deg, trans=0.018 +- 0.014 m, vel=0.028 +- 0.019 m/s
[2026-07-08 19:53:51.040] [odom] [warning] IMU errors rot=0.065 +- 0.052 deg, trans=0.020 +- 0.017 m, vel=0.061 +- 0.043 m/s
[2026-07-08 19:53:51.040] [odom] [warning] IMU better ratios rot=0.88, trans=0.12, vel=0.23
[2026-07-08 19:53:51.992] [odom] [warning] IMU bias estimation seems inaccurate.
[2026-07-08 19:53:51.992] [odom] [warning] Possibly T_lidar_imu is not accurate or LiDAR-IMU synchronization is not correct.
[2026-07-08 19:53:51.992] [odom] [warning] IMU bias validation results:
[2026-07-08 19:53:51.992] [odom] [warning] num_bias_validations=4928
[2026-07-08 19:53:51.992] [odom] [warning] bias_acc=[0.546, -0.789, 0.009] m/s^2, bias_gyro=[-0.020, 0.000, 0.001] rad/s
[2026-07-08 19:53:51.992] [odom] [warning] acc_stat ax=0.430 +- 0.190 [min=0.002, max=0.608], ay=-0.396 +- 0.225 [min=-0.789, max=0.031], az=0.031 +- 0.011 [min=0.009, max=0.058] m/s^2
[2026-07-08 19:53:51.992] [odom] [warning] gyro_stat wx=-0.019 +- 0.001 [min=-0.020, max=-0.017], wy=-0.000 +- 0.002 [min=-0.004, max=0.002], wz=0.001 +- 0.000 [min=0.001, max=0.001] rad/s
[2026-07-08 19:53:53.681] [glim] [info] playback speed: 1.237x
[2026-07-08 19:53:56.739] [odom] [warning] IMU prediction is not good.
[2026-07-08 19:53:56.739] [odom] [warning] Possibly T_lidar_imu is not accurate or IMU bias is not well estimated.
[2026-07-08 19:53:56.739] [odom] [warning] IMU validation results:
[2026-07-08 19:53:56.739] [odom] [warning] num_validations=4544
[2026-07-08 19:53:56.739] [odom] [warning] No-IMU errors rot=0.211 +- 0.264 deg, trans=0.018 +- 0.014 m, vel=0.028 +- 0.019 m/s
[2026-07-08 19:53:56.739] [odom] [warning] IMU errors rot=0.064 +- 0.052 deg, trans=0.020 +- 0.016 m, vel=0.061 +- 0.043 m/s
[2026-07-08 19:53:56.739] [odom] [warning] IMU better ratios rot=0.88, trans=0.12, vel=0.23
[2026-07-08 19:53:57.065] [odom] [warning] IMU bias estimation seems inaccurate.
[2026-07-08 19:53:57.065] [odom] [warning] Possibly T_lidar_imu is not accurate or LiDAR-IMU synchronization is not correct.
[2026-07-08 19:53:57.065] [odom] [warning] IMU bias validation results:
[2026-07-08 19:53:57.065] [odom] [warning] num_bias_validations=4992
[2026-07-08 19:53:57.065] [odom] [warning] bias_acc=[0.545, -0.811, 0.008] m/s^2, bias_gyro=[-0.020, 0.001, 0.001] rad/s
[2026-07-08 19:53:57.065] [odom] [warning] acc_stat ax=0.431 +- 0.189 [min=0.002, max=0.608], ay=-0.401 +- 0.229 [min=-0.811, max=0.031], az=0.031 +- 0.011 [min=0.008, max=0.058] m/s^2
[2026-07-08 19:53:57.065] [odom] [warning] gyro_stat wx=-0.019 +- 0.001 [min=-0.020, max=-0.017], wy=-0.000 +- 0.002 [min=-0.004, max=0.002], wz=0.001 +- 0.000 [min=0.001, max=0.001] rad/s
[2026-07-08 19:53:57.875] [odom] [warning] IMU prediction is not good.
[2026-07-08 19:53:57.875] [odom] [warning] Possibly T_lidar_imu is not accurate or IMU bias is not well estimated.
[2026-07-08 19:53:57.875] [odom] [warning] IMU validation results:
[2026-07-08 19:53:57.875] [odom] [warning] num_validations=4608
[2026-07-08 19:53:57.875] [odom] [warning] No-IMU errors rot=0.210 +- 0.263 deg, trans=0.018 +- 0.014 m, vel=0.028 +- 0.019 m/s
[2026-07-08 19:53:57.875] [odom] [warning] IMU errors rot=0.064 +- 0.052 deg, trans=0.020 +- 0.016 m, vel=0.061 +- 0.042 m/s
[2026-07-08 19:53:57.875] [odom] [warning] IMU better ratios rot=0.88, trans=0.12, vel=0.22
[2026-07-08 19:53:58.731] [glim] [info] playback speed: 1.888x
[2026-07-08 19:53:58.857] [odom] [warning] IMU bias estimation seems inaccurate.
[2026-07-08 19:53:58.857] [odom] [warning] Possibly T_lidar_imu is not accurate or LiDAR-IMU synchronization is not correct.
[2026-07-08 19:53:58.857] [odom] [warning] IMU bias validation results:
[2026-07-08 19:53:58.857] [odom] [warning] num_bias_validations=5056
[2026-07-08 19:53:58.857] [odom] [warning] bias_acc=[0.544, -0.831, 0.008] m/s^2, bias_gyro=[-0.020, 0.001, 0.001] rad/s
[2026-07-08 19:53:58.857] [odom] [warning] acc_stat ax=0.433 +- 0.188 [min=0.002, max=0.608], ay=-0.406 +- 0.232 [min=-0.831, max=0.031], az=0.031 +- 0.011 [min=0.008, max=0.058] m/s^2
[2026-07-08 19:53:58.857] [odom] [warning] gyro_stat wx=-0.019 +- 0.001 [min=-0.020, max=-0.017], wy=-0.000 +- 0.002 [min=-0.004, max=0.002], wz=0.001 +- 0.000 [min=0.001, max=0.001] rad/s
[2026-07-08 19:54:00.864] [odom] [warning] IMU prediction is not good.
[2026-07-08 19:54:00.864] [odom] [warning] Possibly T_lidar_imu is not accurate or IMU bias is not well estimated.
[2026-07-08 19:54:00.864] [odom] [warning] IMU validation results:
[2026-07-08 19:54:00.864] [odom] [warning] num_validations=4672
[2026-07-08 19:54:00.864] [odom] [warning] No-IMU errors rot=0.209 +- 0.261 deg, trans=0.018 +- 0.014 m, vel=0.028 +- 0.018 m/s
[2026-07-08 19:54:00.864] [odom] [warning] IMU errors rot=0.064 +- 0.052 deg, trans=0.020 +- 0.016 m, vel=0.062 +- 0.042 m/s
[2026-07-08 19:54:00.864] [odom] [warning] IMU better ratios rot=0.88, trans=0.12, vel=0.22
[2026-07-08 19:54:02.593] [odom] [warning] IMU bias estimation seems inaccurate.
[2026-07-08 19:54:02.593] [odom] [warning] Possibly T_lidar_imu is not accurate or LiDAR-IMU synchronization is not correct.
[2026-07-08 19:54:02.593] [odom] [warning] IMU bias validation results:
[2026-07-08 19:54:02.593] [odom] [warning] num_bias_validations=5120
[2026-07-08 19:54:02.593] [odom] [warning] bias_acc=[0.543, -0.854, 0.008] m/s^2, bias_gyro=[-0.020, 0.001, 0.001] rad/s
[2026-07-08 19:54:02.593] [odom] [warning] acc_stat ax=0.434 +- 0.187 [min=0.002, max=0.608], ay=-0.412 +- 0.236 [min=-0.854, max=0.031], az=0.030 +- 0.011 [min=0.008, max=0.058] m/s^2
[2026-07-08 19:54:02.593] [odom] [warning] gyro_stat wx=-0.019 +- 0.001 [min=-0.020, max=-0.017], wy=-0.000 +- 0.002 [min=-0.004, max=0.002], wz=0.001 +- 0.000 [min=0.001, max=0.001] rad/s
[2026-07-08 19:54:03.769] [glim] [info] playback speed: 1.933x
[2026-07-08 19:54:04.307] [odom] [warning] IMU prediction is not good.
[2026-07-08 19:54:04.307] [odom] [warning] Possibly T_lidar_imu is not accurate or IMU bias is not well estimated.
[2026-07-08 19:54:04.307] [odom] [warning] IMU validation results:
[2026-07-08 19:54:04.307] [odom] [warning] num_validations=4736
[2026-07-08 19:54:04.307] [odom] [warning] No-IMU errors rot=0.208 +- 0.260 deg, trans=0.018 +- 0.014 m, vel=0.028 +- 0.018 m/s
[2026-07-08 19:54:04.307] [odom] [warning] IMU errors rot=0.064 +- 0.052 deg, trans=0.021 +- 0.016 m, vel=0.062 +- 0.042 m/s
[2026-07-08 19:54:04.307] [odom] [warning] IMU better ratios rot=0.88, trans=0.11, vel=0.22
[2026-07-08 19:54:05.482] [odom] [warning] IMU bias estimation seems inaccurate.
[2026-07-08 19:54:05.482] [odom] [warning] Possibly T_lidar_imu is not accurate or LiDAR-IMU synchronization is not correct.
[2026-07-08 19:54:05.482] [odom] [warning] IMU bias validation results:
[2026-07-08 19:54:05.482] [odom] [warning] num_bias_validations=5184
[2026-07-08 19:54:05.482] [odom] [warning] bias_acc=[0.540, -0.877, 0.008] m/s^2, bias_gyro=[-0.020, 0.001, 0.001] rad/s
[2026-07-08 19:54:05.482] [odom] [warning] acc_stat ax=0.435 +- 0.186 [min=0.002, max=0.608], ay=-0.418 +- 0.240 [min=-0.877, max=0.031], az=0.030 +- 0.012 [min=0.008, max=0.058] m/s^2
[2026-07-08 19:54:05.482] [odom] [warning] gyro_stat wx=-0.019 +- 0.001 [min=-0.020, max=-0.017], wy=-0.000 +- 0.002 [min=-0.004, max=0.002], wz=0.001 +- 0.000 [min=0.001, max=0.001] rad/s
[2026-07-08 19:54:08.035] [odom] [warning] IMU prediction is not good.
[2026-07-08 19:54:08.035] [odom] [warning] Possibly T_lidar_imu is not accurate or IMU bias is not well estimated.
[2026-07-08 19:54:08.035] [odom] [warning] IMU validation results:
[2026-07-08 19:54:08.035] [odom] [warning] num_validations=4800
[2026-07-08 19:54:08.035] [odom] [warning] No-IMU errors rot=0.207 +- 0.258 deg, trans=0.018 +- 0.014 m, vel=0.027 +- 0.018 m/s
[2026-07-08 19:54:08.035] [odom] [warning] IMU errors rot=0.064 +- 0.052 deg, trans=0.021 +- 0.016 m, vel=0.063 +- 0.042 m/s
[2026-07-08 19:54:08.035] [odom] [warning] IMU better ratios rot=0.88, trans=0.11, vel=0.21
[2026-07-08 19:54:08.220] [odom] [warning] IMU bias estimation seems inaccurate.
[2026-07-08 19:54:08.220] [odom] [warning] Possibly T_lidar_imu is not accurate or LiDAR-IMU synchronization is not correct.
[2026-07-08 19:54:08.220] [odom] [warning] IMU bias validation results:
[2026-07-08 19:54:08.220] [odom] [warning] num_bias_validations=5248
[2026-07-08 19:54:08.220] [odom] [warning] bias_acc=[0.534, -0.902, 0.008] m/s^2, bias_gyro=[-0.020, 0.001, 0.001] rad/s
[2026-07-08 19:54:08.220] [odom] [warning] acc_stat ax=0.437 +- 0.186 [min=0.002, max=0.608], ay=-0.424 +- 0.245 [min=-0.902, max=0.031], az=0.030 +- 0.012 [min=0.008, max=0.058] m/s^2
[2026-07-08 19:54:08.220] [odom] [warning] gyro_stat wx=-0.019 +- 0.001 [min=-0.020, max=-0.017], wy=-0.000 +- 0.002 [min=-0.004, max=0.002], wz=0.001 +- 0.000 [min=0.001, max=0.001] rad/s
[2026-07-08 19:54:08.792] [glim] [info] playback speed: 2.282x
[2026-07-08 19:54:09.943] [odom] [warning] IMU prediction is not good.
[2026-07-08 19:54:09.943] [odom] [warning] Possibly T_lidar_imu is not accurate or IMU bias is not well estimated.
[2026-07-08 19:54:09.943] [odom] [warning] IMU validation results:
[2026-07-08 19:54:09.943] [odom] [warning] num_validations=4864
[2026-07-08 19:54:09.943] [odom] [warning] No-IMU errors rot=0.205 +- 0.257 deg, trans=0.018 +- 0.014 m, vel=0.027 +- 0.018 m/s
[2026-07-08 19:54:09.943] [odom] [warning] IMU errors rot=0.064 +- 0.051 deg, trans=0.021 +- 0.016 m, vel=0.063 +- 0.042 m/s
[2026-07-08 19:54:09.943] [odom] [warning] IMU better ratios rot=0.88, trans=0.11, vel=0.21
[2026-07-08 19:54:10.082] [odom] [warning] IMU bias estimation seems inaccurate.
[2026-07-08 19:54:10.082] [odom] [warning] Possibly T_lidar_imu is not accurate or LiDAR-IMU synchronization is not correct.
[2026-07-08 19:54:10.082] [odom] [warning] IMU bias validation results:
[2026-07-08 19:54:10.082] [odom] [warning] num_bias_validations=5312
[2026-07-08 19:54:10.082] [odom] [warning] bias_acc=[0.525, -0.927, 0.010] m/s^2, bias_gyro=[-0.020, 0.001, 0.001] rad/s
[2026-07-08 19:54:10.082] [odom] [warning] acc_stat ax=0.438 +- 0.185 [min=0.002, max=0.608], ay=-0.430 +- 0.249 [min=-0.927, max=0.031], az=0.029 +- 0.012 [min=0.008, max=0.058] m/s^2
[2026-07-08 19:54:10.082] [odom] [warning] gyro_stat wx=-0.020 +- 0.001 [min=-0.020, max=-0.017], wy=-0.000 +- 0.002 [min=-0.004, max=0.002], wz=0.001 +- 0.000 [min=0.001, max=0.001] rad/s
[2026-07-08 19:54:12.618] [odom] [warning] IMU prediction is not good.
[2026-07-08 19:54:12.618] [odom] [warning] Possibly T_lidar_imu is not accurate or IMU bias is not well estimated.
[2026-07-08 19:54:12.618] [odom] [warning] IMU validation results:
[2026-07-08 19:54:12.618] [odom] [warning] num_validations=4928
[2026-07-08 19:54:12.618] [odom] [warning] No-IMU errors rot=0.205 +- 0.256 deg, trans=0.018 +- 0.014 m, vel=0.027 +- 0.018 m/s
[2026-07-08 19:54:12.618] [odom] [warning] IMU errors rot=0.064 +- 0.052 deg, trans=0.021 +- 0.016 m, vel=0.064 +- 0.042 m/s
[2026-07-08 19:54:12.618] [odom] [warning] IMU better ratios rot=0.88, trans=0.11, vel=0.21
[2026-07-08 19:54:12.999] [odom] [warning] IMU bias estimation seems inaccurate.
[2026-07-08 19:54:12.999] [odom] [warning] Possibly T_lidar_imu is not accurate or LiDAR-IMU synchronization is not correct.
[2026-07-08 19:54:12.999] [odom] [warning] IMU bias validation results:
[2026-07-08 19:54:12.999] [odom] [warning] num_bias_validations=5376
[2026-07-08 19:54:12.999] [odom] [warning] bias_acc=[0.515, -0.952, 0.011] m/s^2, bias_gyro=[-0.020, 0.001, 0.001] rad/s
[2026-07-08 19:54:12.999] [odom] [warning] acc_stat ax=0.439 +- 0.184 [min=0.002, max=0.608], ay=-0.436 +- 0.254 [min=-0.952, max=0.031], az=0.029 +- 0.012 [min=0.008, max=0.058] m/s^2
[2026-07-08 19:54:12.999] [odom] [warning] gyro_stat wx=-0.020 +- 0.001 [min=-0.020, max=-0.017], wy=-0.000 +- 0.002 [min=-0.004, max=0.002], wz=0.001 +- 0.000 [min=0.001, max=0.001] rad/s
[2026-07-08 19:54:13.792] [glim] [info] playback speed: 2.893x
[2026-07-08 19:54:14.552] [odom] [warning] IMU prediction is not good.
[2026-07-08 19:54:14.552] [odom] [warning] Possibly T_lidar_imu is not accurate or IMU bias is not well estimated.
[2026-07-08 19:54:14.552] [odom] [warning] IMU validation results:
[2026-07-08 19:54:14.552] [odom] [warning] num_validations=4992
[2026-07-08 19:54:14.552] [odom] [warning] No-IMU errors rot=0.204 +- 0.254 deg, trans=0.018 +- 0.014 m, vel=0.027 +- 0.018 m/s
[2026-07-08 19:54:14.552] [odom] [warning] IMU errors rot=0.064 +- 0.051 deg, trans=0.021 +- 0.016 m, vel=0.064 +- 0.042 m/s
[2026-07-08 19:54:14.552] [odom] [warning] IMU better ratios rot=0.88, trans=0.11, vel=0.21
[2026-07-08 19:54:17.526] [odom] [warning] IMU bias estimation seems inaccurate.
[2026-07-08 19:54:17.526] [odom] [warning] Possibly T_lidar_imu is not accurate or LiDAR-IMU synchronization is not correct.
[2026-07-08 19:54:17.526] [odom] [warning] IMU bias validation results:
[2026-07-08 19:54:17.526] [odom] [warning] num_bias_validations=5440
[2026-07-08 19:54:17.526] [odom] [warning] bias_acc=[0.505, -0.976, 0.014] m/s^2, bias_gyro=[-0.020, 0.001, 0.001] rad/s
[2026-07-08 19:54:17.526] [odom] [warning] acc_stat ax=0.439 +- 0.183 [min=0.002, max=0.608], ay=-0.442 +- 0.259 [min=-0.976, max=0.031], az=0.029 +- 0.012 [min=0.008, max=0.058] m/s^2
[2026-07-08 19:54:17.526] [odom] [warning] gyro_stat wx=-0.020 +- 0.001 [min=-0.020, max=-0.017], wy=-0.000 +- 0.002 [min=-0.004, max=0.002], wz=0.001 +- 0.000 [min=0.001, max=0.001] rad/s
[2026-07-08 19:54:18.802] [glim] [info] playback speed: 1.243x
[2026-07-08 19:54:20.065] [odom] [warning] IMU prediction is not good.
[2026-07-08 19:54:20.065] [odom] [warning] Possibly T_lidar_imu is not accurate or IMU bias is not well estimated.
[2026-07-08 19:54:20.065] [odom] [warning] IMU validation results:
[2026-07-08 19:54:20.065] [odom] [warning] num_validations=5056
[2026-07-08 19:54:20.065] [odom] [warning] No-IMU errors rot=0.203 +- 0.253 deg, trans=0.019 +- 0.014 m, vel=0.027 +- 0.018 m/s
[2026-07-08 19:54:20.065] [odom] [warning] IMU errors rot=0.064 +- 0.051 deg, trans=0.021 +- 0.016 m, vel=0.065 +- 0.042 m/s
[2026-07-08 19:54:20.065] [odom] [warning] IMU better ratios rot=0.88, trans=0.11, vel=0.20
[2026-07-08 19:54:20.317] [odom] [warning] IMU bias estimation seems inaccurate.
[2026-07-08 19:54:20.317] [odom] [warning] Possibly T_lidar_imu is not accurate or LiDAR-IMU synchronization is not correct.
[2026-07-08 19:54:20.317] [odom] [warning] IMU bias validation results:
[2026-07-08 19:54:20.317] [odom] [warning] num_bias_validations=5504
[2026-07-08 19:54:20.317] [odom] [warning] bias_acc=[0.496, -1.000, 0.016] m/s^2, bias_gyro=[-0.020, 0.001, 0.001] rad/s
[2026-07-08 19:54:20.317] [odom] [warning] acc_stat ax=0.440 +- 0.182 [min=0.002, max=0.608], ay=-0.449 +- 0.265 [min=-1.000, max=0.031], az=0.029 +- 0.012 [min=0.008, max=0.058] m/s^2
[2026-07-08 19:54:20.317] [odom] [warning] gyro_stat wx=-0.020 +- 0.001 [min=-0.020, max=-0.017], wy=-0.000 +- 0.002 [min=-0.004, max=0.002], wz=0.001 +- 0.000 [min=0.001, max=0.001] rad/s
[2026-07-08 19:54:23.845] [glim] [info] playback speed: 1.750x
[2026-07-08 19:54:24.688] [odom] [warning] IMU prediction is not good.
[2026-07-08 19:54:24.688] [odom] [warning] Possibly T_lidar_imu is not accurate or IMU bias is not well estimated.
[2026-07-08 19:54:24.688] [odom] [warning] IMU validation results:
[2026-07-08 19:54:24.688] [odom] [warning] num_validations=5120
[2026-07-08 19:54:24.688] [odom] [warning] No-IMU errors rot=0.202 +- 0.252 deg, trans=0.019 +- 0.014 m, vel=0.027 +- 0.018 m/s
[2026-07-08 19:54:24.688] [odom] [warning] IMU errors rot=0.064 +- 0.051 deg, trans=0.021 +- 0.016 m, vel=0.065 +- 0.042 m/s
[2026-07-08 19:54:24.688] [odom] [warning] IMU better ratios rot=0.88, trans=0.11, vel=0.20
[2026-07-08 19:54:25.112] [odom] [warning] IMU bias estimation seems inaccurate.
[2026-07-08 19:54:25.112] [odom] [warning] Possibly T_lidar_imu is not accurate or LiDAR-IMU synchronization is not correct.
[2026-07-08 19:54:25.112] [odom] [warning] IMU bias validation results:
[2026-07-08 19:54:25.112] [odom] [warning] num_bias_validations=5568
[2026-07-08 19:54:25.112] [odom] [warning] bias_acc=[0.487, -1.025, 0.019] m/s^2, bias_gyro=[-0.020, 0.001, 0.001] rad/s
[2026-07-08 19:54:25.112] [odom] [warning] acc_stat ax=0.440 +- 0.181 [min=0.002, max=0.608], ay=-0.455 +- 0.270 [min=-1.025, max=0.031], az=0.029 +- 0.012 [min=0.008, max=0.058] m/s^2
[2026-07-08 19:54:25.112] [odom] [warning] gyro_stat wx=-0.020 +- 0.001 [min=-0.020, max=-0.017], wy=-0.000 +- 0.001 [min=-0.004, max=0.002], wz=0.001 +- 0.000 [min=0.001, max=0.001] rad/s
[2026-07-08 19:54:25.883] [odom] [warning] IMU prediction is not good.
[2026-07-08 19:54:25.883] [odom] [warning] Possibly T_lidar_imu is not accurate or IMU bias is not well estimated.
[2026-07-08 19:54:25.883] [odom] [warning] IMU validation results:
[2026-07-08 19:54:25.883] [odom] [warning] num_validations=5184
[2026-07-08 19:54:25.883] [odom] [warning] No-IMU errors rot=0.204 +- 0.254 deg, trans=0.019 +- 0.014 m, vel=0.027 +- 0.018 m/s
[2026-07-08 19:54:25.883] [odom] [warning] IMU errors rot=0.064 +- 0.051 deg, trans=0.022 +- 0.016 m, vel=0.066 +- 0.042 m/s
[2026-07-08 19:54:25.883] [odom] [warning] IMU better ratios rot=0.88, trans=0.10, vel=0.20
[2026-07-08 19:54:26.811] [odom] [warning] IMU bias estimation seems inaccurate.
[2026-07-08 19:54:26.811] [odom] [warning] Possibly T_lidar_imu is not accurate or LiDAR-IMU synchronization is not correct.
[2026-07-08 19:54:26.811] [odom] [warning] IMU bias validation results:
[2026-07-08 19:54:26.811] [odom] [warning] num_bias_validations=5632
[2026-07-08 19:54:26.811] [odom] [warning] bias_acc=[0.475, -1.050, 0.021] m/s^2, bias_gyro=[-0.020, 0.001, 0.002] rad/s
[2026-07-08 19:54:26.811] [odom] [warning] acc_stat ax=0.441 +- 0.180 [min=0.002, max=0.608], ay=-0.462 +- 0.276 [min=-1.050, max=0.031], az=0.029 +- 0.012 [min=0.008, max=0.058] m/s^2
[2026-07-08 19:54:26.811] [odom] [warning] gyro_stat wx=-0.020 +- 0.001 [min=-0.020, max=-0.017], wy=-0.000 +- 0.001 [min=-0.004, max=0.002], wz=0.001 +- 0.000 [min=0.001, max=0.002] rad/s
[2026-07-08 19:54:28.920] [glim] [info] playback speed: 2.099x
[2026-07-08 19:54:30.131] [odom] [warning] IMU prediction is not good.
[2026-07-08 19:54:30.131] [odom] [warning] Possibly T_lidar_imu is not accurate or IMU bias is not well estimated.
[2026-07-08 19:54:30.131] [odom] [warning] IMU validation results:
[2026-07-08 19:54:30.131] [odom] [warning] num_validations=5248
[2026-07-08 19:54:30.131] [odom] [warning] No-IMU errors rot=0.205 +- 0.254 deg, trans=0.019 +- 0.014 m, vel=0.027 +- 0.018 m/s
[2026-07-08 19:54:30.131] [odom] [warning] IMU errors rot=0.064 +- 0.051 deg, trans=0.022 +- 0.016 m, vel=0.066 +- 0.042 m/s
[2026-07-08 19:54:30.131] [odom] [warning] IMU better ratios rot=0.88, trans=0.10, vel=0.20
[2026-07-08 19:54:31.004] [odom] [warning] IMU bias estimation seems inaccurate.
[2026-07-08 19:54:31.004] [odom] [warning] Possibly T_lidar_imu is not accurate or LiDAR-IMU synchronization is not correct.
[2026-07-08 19:54:31.004] [odom] [warning] IMU bias validation results:
[2026-07-08 19:54:31.004] [odom] [warning] num_bias_validations=5696
[2026-07-08 19:54:31.004] [odom] [warning] bias_acc=[0.464, -1.075, 0.023] m/s^2, bias_gyro=[-0.020, 0.001, 0.001] rad/s
[2026-07-08 19:54:31.004] [odom] [warning] acc_stat ax=0.441 +- 0.179 [min=0.002, max=0.608], ay=-0.469 +- 0.282 [min=-1.075, max=0.031], az=0.029 +- 0.012 [min=0.008, max=0.058] m/s^2
[2026-07-08 19:54:31.004] [odom] [warning] gyro_stat wx=-0.020 +- 0.001 [min=-0.020, max=-0.017], wy=-0.000 +- 0.001 [min=-0.004, max=0.002], wz=0.001 +- 0.000 [min=0.001, max=0.002] rad/s
[2026-07-08 19:54:34.026] [glim] [info] playback speed: 1.410x
[2026-07-08 19:54:37.329] [odom] [warning] IMU prediction is not good.
[2026-07-08 19:54:37.329] [odom] [warning] Possibly T_lidar_imu is not accurate or IMU bias is not well estimated.
[2026-07-08 19:54:37.329] [odom] [warning] IMU validation results:
[2026-07-08 19:54:37.329] [odom] [warning] num_validations=5312
[2026-07-08 19:54:37.329] [odom] [warning] No-IMU errors rot=0.204 +- 0.253 deg, trans=0.019 +- 0.014 m, vel=0.027 +- 0.018 m/s
[2026-07-08 19:54:37.329] [odom] [warning] IMU errors rot=0.064 +- 0.051 deg, trans=0.022 +- 0.016 m, vel=0.067 +- 0.042 m/s
[2026-07-08 19:54:37.329] [odom] [warning] IMU better ratios rot=0.88, trans=0.10, vel=0.19
[2026-07-08 19:54:39.114] [glim] [info] playback speed: 0.798x
[2026-07-08 19:54:39.286] [odom] [warning] IMU bias estimation seems inaccurate.
[2026-07-08 19:54:39.286] [odom] [warning] Possibly T_lidar_imu is not accurate or LiDAR-IMU synchronization is not correct.
[2026-07-08 19:54:39.286] [odom] [warning] IMU bias validation results:
[2026-07-08 19:54:39.286] [odom] [warning] num_bias_validations=5760
[2026-07-08 19:54:39.286] [odom] [warning] bias_acc=[0.453, -1.100, 0.025] m/s^2, bias_gyro=[-0.020, 0.001, 0.001] rad/s
[2026-07-08 19:54:39.286] [odom] [warning] acc_stat ax=0.441 +- 0.178 [min=0.002, max=0.608], ay=-0.476 +- 0.288 [min=-1.100, max=0.031], az=0.029 +- 0.012 [min=0.008, max=0.058] m/s^2
[2026-07-08 19:54:39.286] [odom] [warning] gyro_stat wx=-0.020 +- 0.001 [min=-0.020, max=-0.017], wy=0.000 +- 0.001 [min=-0.004, max=0.002], wz=0.001 +- 0.000 [min=0.001, max=0.002] rad/s
[2026-07-08 19:54:39.680] [odom] [warning] IMU prediction is not good.
[2026-07-08 19:54:39.680] [odom] [warning] Possibly T_lidar_imu is not accurate or IMU bias is not well estimated.
[2026-07-08 19:54:39.680] [odom] [warning] IMU validation results:
[2026-07-08 19:54:39.680] [odom] [warning] num_validations=5376
[2026-07-08 19:54:39.680] [odom] [warning] No-IMU errors rot=0.203 +- 0.252 deg, trans=0.019 +- 0.014 m, vel=0.027 +- 0.018 m/s
[2026-07-08 19:54:39.680] [odom] [warning] IMU errors rot=0.064 +- 0.051 deg, trans=0.022 +- 0.016 m, vel=0.067 +- 0.042 m/s
[2026-07-08 19:54:39.680] [odom] [warning] IMU better ratios rot=0.88, trans=0.10, vel=0.19
[2026-07-08 19:54:40.398] [odom] [warning] IMU bias estimation seems inaccurate.
[2026-07-08 19:54:40.398] [odom] [warning] Possibly T_lidar_imu is not accurate or LiDAR-IMU synchronization is not correct.
[2026-07-08 19:54:40.398] [odom] [warning] IMU bias validation results:
[2026-07-08 19:54:40.398] [odom] [warning] num_bias_validations=5824
[2026-07-08 19:54:40.398] [odom] [warning] bias_acc=[0.441, -1.126, 0.027] m/s^2, bias_gyro=[-0.020, 0.001, 0.001] rad/s
[2026-07-08 19:54:40.398] [odom] [warning] acc_stat ax=0.441 +- 0.177 [min=0.002, max=0.608], ay=-0.483 +- 0.294 [min=-1.126, max=0.031], az=0.029 +- 0.012 [min=0.008, max=0.058] m/s^2
[2026-07-08 19:54:40.398] [odom] [warning] gyro_stat wx=-0.020 +- 0.001 [min=-0.020, max=-0.017], wy=0.000 +- 0.001 [min=-0.004, max=0.002], wz=0.001 +- 0.000 [min=0.001, max=0.002] rad/s
[2026-07-08 19:54:44.129] [glim] [info] playback speed: 2.083x
[2026-07-08 19:54:45.025] [odom] [warning] IMU prediction is not good.
[2026-07-08 19:54:45.025] [odom] [warning] Possibly T_lidar_imu is not accurate or IMU bias is not well estimated.
[2026-07-08 19:54:45.025] [odom] [warning] IMU validation results:
[2026-07-08 19:54:45.025] [odom] [warning] num_validations=5440
[2026-07-08 19:54:45.025] [odom] [warning] No-IMU errors rot=0.202 +- 0.251 deg, trans=0.019 +- 0.014 m, vel=0.027 +- 0.018 m/s
[2026-07-08 19:54:45.025] [odom] [warning] IMU errors rot=0.064 +- 0.050 deg, trans=0.022 +- 0.016 m, vel=0.068 +- 0.042 m/s
[2026-07-08 19:54:45.025] [odom] [warning] IMU better ratios rot=0.88, trans=0.10, vel=0.19
[2026-07-08 19:54:45.181] [odom] [warning] IMU bias estimation seems inaccurate.
[2026-07-08 19:54:45.181] [odom] [warning] Possibly T_lidar_imu is not accurate or LiDAR-IMU synchronization is not correct.
[2026-07-08 19:54:45.181] [odom] [warning] IMU bias validation results:
[2026-07-08 19:54:45.181] [odom] [warning] num_bias_validations=5888
[2026-07-08 19:54:45.181] [odom] [warning] bias_acc=[0.428, -1.149, 0.029] m/s^2, bias_gyro=[-0.020, 0.001, 0.001] rad/s
[2026-07-08 19:54:45.181] [odom] [warning] acc_stat ax=0.441 +- 0.176 [min=0.002, max=0.608], ay=-0.490 +- 0.301 [min=-1.149, max=0.031], az=0.029 +- 0.012 [min=0.008, max=0.058] m/s^2
[2026-07-08 19:54:45.181] [odom] [warning] gyro_stat wx=-0.020 +- 0.001 [min=-0.020, max=-0.017], wy=0.000 +- 0.001 [min=-0.004, max=0.002], wz=0.001 +- 0.000 [min=0.001, max=0.002] rad/s
[2026-07-08 19:54:46.333] [odom] [warning] IMU prediction is not good.
[2026-07-08 19:54:46.333] [odom] [warning] Possibly T_lidar_imu is not accurate or IMU bias is not well estimated.
[2026-07-08 19:54:46.333] [odom] [warning] IMU validation results:
[2026-07-08 19:54:46.333] [odom] [warning] num_validations=5504
[2026-07-08 19:54:46.333] [odom] [warning] No-IMU errors rot=0.201 +- 0.250 deg, trans=0.019 +- 0.014 m, vel=0.027 +- 0.018 m/s
[2026-07-08 19:54:46.333] [odom] [warning] IMU errors rot=0.063 +- 0.050 deg, trans=0.022 +- 0.016 m, vel=0.068 +- 0.042 m/s
[2026-07-08 19:54:46.333] [odom] [warning] IMU better ratios rot=0.88, trans=0.10, vel=0.19
[2026-07-08 19:54:47.325] [odom] [warning] IMU bias estimation seems inaccurate.
[2026-07-08 19:54:47.325] [odom] [warning] Possibly T_lidar_imu is not accurate or LiDAR-IMU synchronization is not correct.
[2026-07-08 19:54:47.325] [odom] [warning] IMU bias validation results:
[2026-07-08 19:54:47.325] [odom] [warning] num_bias_validations=5952
[2026-07-08 19:54:47.325] [odom] [warning] bias_acc=[0.415, -1.172, 0.031] m/s^2, bias_gyro=[-0.020, 0.001, 0.001] rad/s
[2026-07-08 19:54:47.325] [odom] [warning] acc_stat ax=0.441 +- 0.175 [min=0.002, max=0.608], ay=-0.498 +- 0.307 [min=-1.172, max=0.031], az=0.029 +- 0.012 [min=0.008, max=0.058] m/s^2
[2026-07-08 19:54:47.325] [odom] [warning] gyro_stat wx=-0.020 +- 0.001 [min=-0.020, max=-0.017], wy=0.000 +- 0.001 [min=-0.004, max=0.002], wz=0.001 +- 0.000 [min=0.001, max=0.002] rad/s
[2026-07-08 19:54:49.149] [glim] [info] playback speed: 2.304x
[2026-07-08 19:54:51.329] [odom] [warning] IMU prediction is not good.
[2026-07-08 19:54:51.329] [odom] [warning] Possibly T_lidar_imu is not accurate or IMU bias is not well estimated.
[2026-07-08 19:54:51.329] [odom] [warning] IMU validation results:
[2026-07-08 19:54:51.329] [odom] [warning] num_validations=5568
[2026-07-08 19:54:51.329] [odom] [warning] No-IMU errors rot=0.200 +- 0.249 deg, trans=0.019 +- 0.014 m, vel=0.027 +- 0.018 m/s
[2026-07-08 19:54:51.329] [odom] [warning] IMU errors rot=0.063 +- 0.050 deg, trans=0.022 +- 0.016 m, vel=0.069 +- 0.042 m/s
[2026-07-08 19:54:51.329] [odom] [warning] IMU better ratios rot=0.88, trans=0.10, vel=0.18
[2026-07-08 19:54:51.679] [odom] [warning] IMU bias estimation seems inaccurate.
[2026-07-08 19:54:51.680] [odom] [warning] Possibly T_lidar_imu is not accurate or LiDAR-IMU synchronization is not correct.
[2026-07-08 19:54:51.680] [odom] [warning] IMU bias validation results:
[2026-07-08 19:54:51.680] [odom] [warning] num_bias_validations=6016
[2026-07-08 19:54:51.680] [odom] [warning] bias_acc=[0.402, -1.194, 0.033] m/s^2, bias_gyro=[-0.020, 0.001, 0.001] rad/s
[2026-07-08 19:54:51.680] [odom] [warning] acc_stat ax=0.440 +- 0.174 [min=0.002, max=0.608], ay=-0.505 +- 0.314 [min=-1.194, max=0.031], az=0.029 +- 0.012 [min=0.008, max=0.058] m/s^2
[2026-07-08 19:54:51.680] [odom] [warning] gyro_stat wx=-0.020 +- 0.001 [min=-0.020, max=-0.017], wy=0.000 +- 0.001 [min=-0.004, max=0.002], wz=0.001 +- 0.000 [min=0.001, max=0.002] rad/s
[2026-07-08 19:54:53.023] [odom] [warning] IMU prediction is not good.
[2026-07-08 19:54:53.023] [odom] [warning] Possibly T_lidar_imu is not accurate or IMU bias is not well estimated.
[2026-07-08 19:54:53.023] [odom] [warning] IMU validation results:
[2026-07-08 19:54:53.023] [odom] [warning] num_validations=5632
[2026-07-08 19:54:53.023] [odom] [warning] No-IMU errors rot=0.199 +- 0.247 deg, trans=0.020 +- 0.014 m, vel=0.027 +- 0.018 m/s
[2026-07-08 19:54:53.023] [odom] [warning] IMU errors rot=0.063 +- 0.050 deg, trans=0.023 +- 0.016 m, vel=0.069 +- 0.042 m/s
[2026-07-08 19:54:53.023] [odom] [warning] IMU better ratios rot=0.88, trans=0.10, vel=0.18
[2026-07-08 19:54:54.086] [odom] [warning] IMU bias estimation seems inaccurate.
[2026-07-08 19:54:54.086] [odom] [warning] Possibly T_lidar_imu is not accurate or LiDAR-IMU synchronization is not correct.
[2026-07-08 19:54:54.086] [odom] [warning] IMU bias validation results:
[2026-07-08 19:54:54.086] [odom] [warning] num_bias_validations=6080
[2026-07-08 19:54:54.086] [odom] [warning] bias_acc=[0.388, -1.215, 0.035] m/s^2, bias_gyro=[-0.020, 0.001, 0.001] rad/s
[2026-07-08 19:54:54.086] [odom] [warning] acc_stat ax=0.440 +- 0.173 [min=0.002, max=0.608], ay=-0.513 +- 0.321 [min=-1.215, max=0.031], az=0.029 +- 0.012 [min=0.008, max=0.058] m/s^2
[2026-07-08 19:54:54.086] [odom] [warning] gyro_stat wx=-0.020 +- 0.001 [min=-0.020, max=-0.017], wy=0.000 +- 0.001 [min=-0.004, max=0.002], wz=0.001 +- 0.000 [min=0.001, max=0.002] rad/s
[2026-07-08 19:54:54.149] [glim] [info] playback speed: 1.928x
[2026-07-08 19:54:56.253] [odom] [warning] IMU prediction is not good.
[2026-07-08 19:54:56.253] [odom] [warning] Possibly T_lidar_imu is not accurate or IMU bias is not well estimated.
[2026-07-08 19:54:56.253] [odom] [warning] IMU validation results:
[2026-07-08 19:54:56.253] [odom] [warning] num_validations=5696
[2026-07-08 19:54:56.253] [odom] [warning] No-IMU errors rot=0.200 +- 0.246 deg, trans=0.020 +- 0.014 m, vel=0.027 +- 0.018 m/s
[2026-07-08 19:54:56.253] [odom] [warning] IMU errors rot=0.063 +- 0.050 deg, trans=0.023 +- 0.016 m, vel=0.069 +- 0.042 m/s
[2026-07-08 19:54:56.253] [odom] [warning] IMU better ratios rot=0.88, trans=0.10, vel=0.18
[2026-07-08 19:54:56.830] [odom] [warning] IMU bias estimation seems inaccurate.
[2026-07-08 19:54:56.830] [odom] [warning] Possibly T_lidar_imu is not accurate or LiDAR-IMU synchronization is not correct.
[2026-07-08 19:54:56.830] [odom] [warning] IMU bias validation results:
[2026-07-08 19:54:56.830] [odom] [warning] num_bias_validations=6144
[2026-07-08 19:54:56.830] [odom] [warning] bias_acc=[0.377, -1.235, 0.037] m/s^2, bias_gyro=[-0.020, 0.001, 0.002] rad/s
[2026-07-08 19:54:56.830] [odom] [warning] acc_stat ax=0.439 +- 0.173 [min=0.002, max=0.608], ay=-0.520 +- 0.327 [min=-1.235, max=0.031], az=0.029 +- 0.012 [min=0.008, max=0.058] m/s^2
[2026-07-08 19:54:56.830] [odom] [warning] gyro_stat wx=-0.020 +- 0.001 [min=-0.020, max=-0.017], wy=0.000 +- 0.001 [min=-0.004, max=0.002], wz=0.001 +- 0.000 [min=0.001, max=0.002] rad/s
[2026-07-08 19:54:59.158] [glim] [info] playback speed: 2.024x
[2026-07-08 19:54:59.462] [odom] [warning] IMU prediction is not good.
[2026-07-08 19:54:59.462] [odom] [warning] Possibly T_lidar_imu is not accurate or IMU bias is not well estimated.
[2026-07-08 19:54:59.462] [odom] [warning] IMU validation results:
[2026-07-08 19:54:59.462] [odom] [warning] num_validations=5760
[2026-07-08 19:54:59.462] [odom] [warning] No-IMU errors rot=0.199 +- 0.245 deg, trans=0.020 +- 0.013 m, vel=0.027 +- 0.018 m/s
[2026-07-08 19:54:59.462] [odom] [warning] IMU errors rot=0.063 +- 0.050 deg, trans=0.023 +- 0.016 m, vel=0.070 +- 0.042 m/s
[2026-07-08 19:54:59.462] [odom] [warning] IMU better ratios rot=0.88, trans=0.09, vel=0.18
[2026-07-08 19:54:59.853] [odom] [warning] IMU bias estimation seems inaccurate.
[2026-07-08 19:54:59.853] [odom] [warning] Possibly T_lidar_imu is not accurate or LiDAR-IMU synchronization is not correct.
[2026-07-08 19:54:59.853] [odom] [warning] IMU bias validation results:
[2026-07-08 19:54:59.853] [odom] [warning] num_bias_validations=6208
[2026-07-08 19:54:59.853] [odom] [warning] bias_acc=[0.364, -1.257, 0.039] m/s^2, bias_gyro=[-0.020, 0.001, 0.002] rad/s
[2026-07-08 19:54:59.853] [odom] [warning] acc_stat ax=0.438 +- 0.172 [min=0.002, max=0.608], ay=-0.528 +- 0.334 [min=-1.257, max=0.031], az=0.029 +- 0.012 [min=0.008, max=0.058] m/s^2
[2026-07-08 19:54:59.853] [odom] [warning] gyro_stat wx=-0.020 +- 0.001 [min=-0.020, max=-0.017], wy=0.000 +- 0.001 [min=-0.004, max=0.002], wz=0.001 +- 0.000 [min=0.001, max=0.002] rad/s
[2026-07-08 19:55:01.764] [odom] [warning] IMU prediction is not good.
[2026-07-08 19:55:01.764] [odom] [warning] Possibly T_lidar_imu is not accurate or IMU bias is not well estimated.
[2026-07-08 19:55:01.764] [odom] [warning] IMU validation results:
[2026-07-08 19:55:01.764] [odom] [warning] num_validations=5824
[2026-07-08 19:55:01.764] [odom] [warning] No-IMU errors rot=0.197 +- 0.244 deg, trans=0.020 +- 0.013 m, vel=0.027 +- 0.018 m/s
[2026-07-08 19:55:01.764] [odom] [warning] IMU errors rot=0.062 +- 0.049 deg, trans=0.023 +- 0.015 m, vel=0.070 +- 0.042 m/s
[2026-07-08 19:55:01.764] [odom] [warning] IMU better ratios rot=0.88, trans=0.09, vel=0.18
[2026-07-08 19:55:03.592] [odom] [warning] IMU bias estimation seems inaccurate.
[2026-07-08 19:55:03.592] [odom] [warning] Possibly T_lidar_imu is not accurate or LiDAR-IMU synchronization is not correct.
[2026-07-08 19:55:03.592] [odom] [warning] IMU bias validation results:
[2026-07-08 19:55:03.592] [odom] [warning] num_bias_validations=6272
[2026-07-08 19:55:03.592] [odom] [warning] bias_acc=[0.351, -1.278, 0.041] m/s^2, bias_gyro=[-0.020, 0.001, 0.002] rad/s
[2026-07-08 19:55:03.592] [odom] [warning] acc_stat ax=0.438 +- 0.171 [min=0.002, max=0.608], ay=-0.535 +- 0.341 [min=-1.278, max=0.031], az=0.029 +- 0.012 [min=0.008, max=0.058] m/s^2
[2026-07-08 19:55:03.592] [odom] [warning] gyro_stat wx=-0.020 +- 0.001 [min=-0.020, max=-0.017], wy=0.000 +- 0.001 [min=-0.004, max=0.002], wz=0.001 +- 0.000 [min=0.001, max=0.002] rad/s
[2026-07-08 19:55:04.176] [glim] [info] playback speed: 2.122x
[2026-07-08 19:55:04.947] [odom] [warning] IMU prediction is not good.
[2026-07-08 19:55:04.947] [odom] [warning] Possibly T_lidar_imu is not accurate or IMU bias is not well estimated.
[2026-07-08 19:55:04.947] [odom] [warning] IMU validation results:
[2026-07-08 19:55:04.947] [odom] [warning] num_validations=5888
[2026-07-08 19:55:04.947] [odom] [warning] No-IMU errors rot=0.197 +- 0.243 deg, trans=0.020 +- 0.013 m, vel=0.027 +- 0.018 m/s
[2026-07-08 19:55:04.947] [odom] [warning] IMU errors rot=0.062 +- 0.049 deg, trans=0.023 +- 0.015 m, vel=0.070 +- 0.042 m/s
[2026-07-08 19:55:04.947] [odom] [warning] IMU better ratios rot=0.88, trans=0.09, vel=0.17
[2026-07-08 19:55:05.110] [odom] [warning] IMU bias estimation seems inaccurate.
[2026-07-08 19:55:05.110] [odom] [warning] Possibly T_lidar_imu is not accurate or LiDAR-IMU synchronization is not correct.
[2026-07-08 19:55:05.110] [odom] [warning] IMU bias validation results:
[2026-07-08 19:55:05.110] [odom] [warning] num_bias_validations=6336
[2026-07-08 19:55:05.110] [odom] [warning] bias_acc=[0.338, -1.299, 0.044] m/s^2, bias_gyro=[-0.020, 0.001, 0.002] rad/s
[2026-07-08 19:55:05.110] [odom] [warning] acc_stat ax=0.437 +- 0.171 [min=0.002, max=0.608], ay=-0.543 +- 0.347 [min=-1.299, max=0.031], az=0.029 +- 0.012 [min=0.008, max=0.058] m/s^2
[2026-07-08 19:55:05.110] [odom] [warning] gyro_stat wx=-0.020 +- 0.001 [min=-0.020, max=-0.017], wy=0.000 +- 0.001 [min=-0.004, max=0.002], wz=0.001 +- 0.000 [min=0.001, max=0.002] rad/s
[2026-07-08 19:55:09.054] [odom] [warning] IMU prediction is not good.
[2026-07-08 19:55:09.054] [odom] [warning] Possibly T_lidar_imu is not accurate or IMU bias is not well estimated.
[2026-07-08 19:55:09.054] [odom] [warning] IMU validation results:
[2026-07-08 19:55:09.054] [odom] [warning] num_validations=5952
[2026-07-08 19:55:09.054] [odom] [warning] No-IMU errors rot=0.196 +- 0.242 deg, trans=0.020 +- 0.013 m, vel=0.027 +- 0.018 m/s
[2026-07-08 19:55:09.054] [odom] [warning] IMU errors rot=0.062 +- 0.049 deg, trans=0.023 +- 0.015 m, vel=0.071 +- 0.042 m/s
[2026-07-08 19:55:09.054] [odom] [warning] IMU better ratios rot=0.88, trans=0.09, vel=0.17
[2026-07-08 19:55:09.181] [glim] [info] playback speed: 2.270x
[2026-07-08 19:55:09.951] [odom] [warning] IMU bias estimation seems inaccurate.
[2026-07-08 19:55:09.951] [odom] [warning] Possibly T_lidar_imu is not accurate or LiDAR-IMU synchronization is not correct.
[2026-07-08 19:55:09.951] [odom] [warning] IMU bias validation results:
[2026-07-08 19:55:09.951] [odom] [warning] num_bias_validations=6400
[2026-07-08 19:55:09.951] [odom] [warning] bias_acc=[0.325, -1.321, 0.046] m/s^2, bias_gyro=[-0.020, 0.001, 0.002] rad/s
[2026-07-08 19:55:09.951] [odom] [warning] acc_stat ax=0.435 +- 0.170 [min=0.002, max=0.608], ay=-0.551 +- 0.354 [min=-1.321, max=0.031], az=0.029 +- 0.012 [min=0.008, max=0.058] m/s^2
[2026-07-08 19:55:09.951] [odom] [warning] gyro_stat wx=-0.020 +- 0.001 [min=-0.020, max=-0.017], wy=0.000 +- 0.001 [min=-0.004, max=0.002], wz=0.001 +- 0.000 [min=0.001, max=0.002] rad/s
[2026-07-08 19:55:11.466] [odom] [warning] IMU prediction is not good.
[2026-07-08 19:55:11.466] [odom] [warning] Possibly T_lidar_imu is not accurate or IMU bias is not well estimated.
[2026-07-08 19:55:11.466] [odom] [warning] IMU validation results:
[2026-07-08 19:55:11.466] [odom] [warning] num_validations=6016
[2026-07-08 19:55:11.466] [odom] [warning] No-IMU errors rot=0.195 +- 0.241 deg, trans=0.020 +- 0.013 m, vel=0.027 +- 0.018 m/s
[2026-07-08 19:55:11.466] [odom] [warning] IMU errors rot=0.062 +- 0.049 deg, trans=0.023 +- 0.015 m, vel=0.071 +- 0.042 m/s
[2026-07-08 19:55:11.466] [odom] [warning] IMU better ratios rot=0.88, trans=0.09, vel=0.17
[2026-07-08 19:55:12.050] [odom] [warning] IMU bias estimation seems inaccurate.
[2026-07-08 19:55:12.050] [odom] [warning] Possibly T_lidar_imu is not accurate or LiDAR-IMU synchronization is not correct.
[2026-07-08 19:55:12.050] [odom] [warning] IMU bias validation results:
[2026-07-08 19:55:12.050] [odom] [warning] num_bias_validations=6464
[2026-07-08 19:55:12.050] [odom] [warning] bias_acc=[0.312, -1.347, 0.047] m/s^2, bias_gyro=[-0.020, 0.001, 0.002] rad/s
[2026-07-08 19:55:12.050] [odom] [warning] acc_stat ax=0.434 +- 0.170 [min=0.002, max=0.608], ay=-0.559 +- 0.361 [min=-1.347, max=0.031], az=0.030 +- 0.012 [min=0.008, max=0.058] m/s^2
[2026-07-08 19:55:12.050] [odom] [warning] gyro_stat wx=-0.020 +- 0.001 [min=-0.020, max=-0.017], wy=0.000 +- 0.001 [min=-0.004, max=0.002], wz=0.001 +- 0.000 [min=0.001, max=0.002] rad/s
[2026-07-08 19:55:14.279] [glim] [info] playback speed: 1.890x
[2026-07-08 19:55:16.337] [odom] [warning] IMU prediction is not good.
[2026-07-08 19:55:16.337] [odom] [warning] Possibly T_lidar_imu is not accurate or IMU bias is not well estimated.
[2026-07-08 19:55:16.337] [odom] [warning] IMU validation results:
[2026-07-08 19:55:16.337] [odom] [warning] num_validations=6080
[2026-07-08 19:55:16.337] [odom] [warning] No-IMU errors rot=0.194 +- 0.240 deg, trans=0.021 +- 0.014 m, vel=0.027 +- 0.018 m/s
[2026-07-08 19:55:16.337] [odom] [warning] IMU errors rot=0.062 +- 0.049 deg, trans=0.024 +- 0.016 m, vel=0.072 +- 0.042 m/s
[2026-07-08 19:55:16.337] [odom] [warning] IMU better ratios rot=0.88, trans=0.09, vel=0.17
[2026-07-08 19:55:16.911] [odom] [warning] IMU bias estimation seems inaccurate.
[2026-07-08 19:55:16.911] [odom] [warning] Possibly T_lidar_imu is not accurate or LiDAR-IMU synchronization is not correct.
[2026-07-08 19:55:16.911] [odom] [warning] IMU bias validation results:
[2026-07-08 19:55:16.911] [odom] [warning] num_bias_validations=6528
[2026-07-08 19:55:16.911] [odom] [warning] bias_acc=[0.298, -1.374, 0.049] m/s^2, bias_gyro=[-0.020, 0.001, 0.002] rad/s
[2026-07-08 19:55:16.911] [odom] [warning] acc_stat ax=0.433 +- 0.169 [min=0.002, max=0.608], ay=-0.567 +- 0.368 [min=-1.374, max=0.031], az=0.030 +- 0.012 [min=0.008, max=0.058] m/s^2
[2026-07-08 19:55:16.911] [odom] [warning] gyro_stat wx=-0.020 +- 0.001 [min=-0.020, max=-0.017], wy=0.000 +- 0.001 [min=-0.004, max=0.002], wz=0.001 +- 0.000 [min=0.001, max=0.002] rad/s
[2026-07-08 19:55:19.300] [glim] [info] playback speed: 1.657x
[2026-07-08 19:55:19.500] [odom] [warning] IMU prediction is not good.
[2026-07-08 19:55:19.500] [odom] [warning] Possibly T_lidar_imu is not accurate or IMU bias is not well estimated.
[2026-07-08 19:55:19.500] [odom] [warning] IMU validation results:
[2026-07-08 19:55:19.500] [odom] [warning] num_validations=6144
[2026-07-08 19:55:19.500] [odom] [warning] No-IMU errors rot=0.195 +- 0.242 deg, trans=0.021 +- 0.014 m, vel=0.027 +- 0.018 m/s
[2026-07-08 19:55:19.500] [odom] [warning] IMU errors rot=0.062 +- 0.049 deg, trans=0.024 +- 0.016 m, vel=0.072 +- 0.042 m/s
[2026-07-08 19:55:19.500] [odom] [warning] IMU better ratios rot=0.88, trans=0.09, vel=0.17
[2026-07-08 19:55:21.965] [odom] [warning] IMU bias estimation seems inaccurate.
[2026-07-08 19:55:21.966] [odom] [warning] Possibly T_lidar_imu is not accurate or LiDAR-IMU synchronization is not correct.
[2026-07-08 19:55:21.966] [odom] [warning] IMU bias validation results:
[2026-07-08 19:55:21.966] [odom] [warning] num_bias_validations=6592
[2026-07-08 19:55:21.966] [odom] [warning] bias_acc=[0.284, -1.397, 0.051] m/s^2, bias_gyro=[-0.020, -0.001, 0.002] rad/s
[2026-07-08 19:55:21.966] [odom] [warning] acc_stat ax=0.431 +- 0.169 [min=0.002, max=0.608], ay=-0.575 +- 0.375 [min=-1.397, max=0.031], az=0.030 +- 0.012 [min=0.008, max=0.058] m/s^2
[2026-07-08 19:55:21.966] [odom] [warning] gyro_stat wx=-0.020 +- 0.001 [min=-0.020, max=-0.017], wy=0.000 +- 0.001 [min=-0.004, max=0.002], wz=0.001 +- 0.000 [min=0.001, max=0.002] rad/s
[2026-07-08 19:55:24.365] [glim] [info] playback speed: 1.282x
[2026-07-08 19:55:25.249] [odom] [warning] IMU prediction is not good.
[2026-07-08 19:55:25.249] [odom] [warning] Possibly T_lidar_imu is not accurate or IMU bias is not well estimated.
[2026-07-08 19:55:25.249] [odom] [warning] IMU validation results:
[2026-07-08 19:55:25.249] [odom] [warning] num_validations=6208
[2026-07-08 19:55:25.249] [odom] [warning] No-IMU errors rot=0.200 +- 0.248 deg, trans=0.021 +- 0.014 m, vel=0.027 +- 0.018 m/s
[2026-07-08 19:55:25.249] [odom] [warning] IMU errors rot=0.062 +- 0.049 deg, trans=0.024 +- 0.016 m, vel=0.073 +- 0.042 m/s
[2026-07-08 19:55:25.249] [odom] [warning] IMU better ratios rot=0.88, trans=0.09, vel=0.17
[2026-07-08 19:55:27.527] [odom] [warning] IMU bias estimation seems inaccurate.
[2026-07-08 19:55:27.527] [odom] [warning] Possibly T_lidar_imu is not accurate or LiDAR-IMU synchronization is not correct.
[2026-07-08 19:55:27.527] [odom] [warning] IMU bias validation results:
[2026-07-08 19:55:27.527] [odom] [warning] num_bias_validations=6656
[2026-07-08 19:55:27.527] [odom] [warning] bias_acc=[0.257, -1.404, 0.056] m/s^2, bias_gyro=[-0.019, -0.004, 0.001] rad/s
[2026-07-08 19:55:27.527] [odom] [warning] acc_stat ax=0.430 +- 0.169 [min=0.002, max=0.608], ay=-0.583 +- 0.382 [min=-1.404, max=0.031], az=0.030 +- 0.012 [min=0.008, max=0.058] m/s^2
[2026-07-08 19:55:27.527] [odom] [warning] gyro_stat wx=-0.020 +- 0.001 [min=-0.020, max=-0.017], wy=0.000 +- 0.001 [min=-0.004, max=0.002], wz=0.001 +- 0.000 [min=0.001, max=0.002] rad/s
[2026-07-08 19:55:29.419] [glim] [info] playback speed: 1.144x
[2026-07-08 19:55:29.787] [odom] [warning] IMU prediction is not good.
[2026-07-08 19:55:29.787] [odom] [warning] Possibly T_lidar_imu is not accurate or IMU bias is not well estimated.
[2026-07-08 19:55:29.787] [odom] [warning] IMU validation results:
[2026-07-08 19:55:29.787] [odom] [warning] num_validations=6272
[2026-07-08 19:55:29.787] [odom] [warning] No-IMU errors rot=0.204 +- 0.252 deg, trans=0.021 +- 0.014 m, vel=0.027 +- 0.018 m/s
[2026-07-08 19:55:29.787] [odom] [warning] IMU errors rot=0.062 +- 0.049 deg, trans=0.024 +- 0.016 m, vel=0.073 +- 0.042 m/s
[2026-07-08 19:55:29.787] [odom] [warning] IMU better ratios rot=0.88, trans=0.09, vel=0.16
[2026-07-08 19:55:33.359] [odom] [warning] IMU bias estimation seems inaccurate.
[2026-07-08 19:55:33.359] [odom] [warning] Possibly T_lidar_imu is not accurate or LiDAR-IMU synchronization is not correct.
[2026-07-08 19:55:33.359] [odom] [warning] IMU bias validation results:
[2026-07-08 19:55:33.359] [odom] [warning] num_bias_validations=6720
[2026-07-08 19:55:33.359] [odom] [warning] bias_acc=[0.232, -1.389, 0.059] m/s^2, bias_gyro=[-0.019, -0.004, 0.001] rad/s
[2026-07-08 19:55:33.359] [odom] [warning] acc_stat ax=0.428 +- 0.170 [min=0.002, max=0.608], ay=-0.591 +- 0.388 [min=-1.404, max=0.031], az=0.030 +- 0.012 [min=0.008, max=0.059] m/s^2
[2026-07-08 19:55:33.359] [odom] [warning] gyro_stat wx=-0.020 +- 0.001 [min=-0.020, max=-0.017], wy=0.000 +- 0.002 [min=-0.004, max=0.002], wz=0.001 +- 0.000 [min=0.001, max=0.002] rad/s
[2026-07-08 19:55:34.466] [glim] [info] playback speed: 0.985x
[2026-07-08 19:55:35.832] [odom] [warning] IMU prediction is not good.
[2026-07-08 19:55:35.832] [odom] [warning] Possibly T_lidar_imu is not accurate or IMU bias is not well estimated.
[2026-07-08 19:55:35.832] [odom] [warning] IMU validation results:
[2026-07-08 19:55:35.832] [odom] [warning] num_validations=6336
[2026-07-08 19:55:35.832] [odom] [warning] No-IMU errors rot=0.203 +- 0.251 deg, trans=0.021 +- 0.014 m, vel=0.027 +- 0.018 m/s
[2026-07-08 19:55:35.832] [odom] [warning] IMU errors rot=0.062 +- 0.049 deg, trans=0.024 +- 0.016 m, vel=0.074 +- 0.042 m/s
[2026-07-08 19:55:35.832] [odom] [warning] IMU better ratios rot=0.88, trans=0.09, vel=0.16
[2026-07-08 19:55:36.021] [odom] [warning] IMU bias estimation seems inaccurate.
[2026-07-08 19:55:36.021] [odom] [warning] Possibly T_lidar_imu is not accurate or LiDAR-IMU synchronization is not correct.
[2026-07-08 19:55:36.021] [odom] [warning] IMU bias validation results:
[2026-07-08 19:55:36.021] [odom] [warning] num_bias_validations=6784
[2026-07-08 19:55:36.021] [odom] [warning] bias_acc=[0.211, -1.370, 0.062] m/s^2, bias_gyro=[-0.019, -0.004, 0.001] rad/s
[2026-07-08 19:55:36.021] [odom] [warning] acc_stat ax=0.426 +- 0.170 [min=0.002, max=0.608], ay=-0.598 +- 0.394 [min=-1.404, max=0.031], az=0.031 +- 0.013 [min=0.008, max=0.062] m/s^2
[2026-07-08 19:55:36.021] [odom] [warning] gyro_stat wx=-0.020 +- 0.001 [min=-0.020, max=-0.017], wy=-0.000 +- 0.002 [min=-0.004, max=0.002], wz=0.001 +- 0.000 [min=0.001, max=0.002] rad/s
[2026-07-08 19:55:39.340] [odom] [warning] IMU prediction is not good.
[2026-07-08 19:55:39.340] [odom] [warning] Possibly T_lidar_imu is not accurate or IMU bias is not well estimated.
[2026-07-08 19:55:39.340] [odom] [warning] IMU validation results:
[2026-07-08 19:55:39.340] [odom] [warning] num_validations=6400
[2026-07-08 19:55:39.340] [odom] [warning] No-IMU errors rot=0.203 +- 0.250 deg, trans=0.021 +- 0.014 m, vel=0.027 +- 0.018 m/s
[2026-07-08 19:55:39.340] [odom] [warning] IMU errors rot=0.062 +- 0.049 deg, trans=0.025 +- 0.016 m, vel=0.074 +- 0.042 m/s
[2026-07-08 19:55:39.340] [odom] [warning] IMU better ratios rot=0.88, trans=0.08, vel=0.16
[2026-07-08 19:55:39.540] [glim] [info] playback speed: 1.879x
[2026-07-08 19:55:40.353] [odom] [warning] IMU bias estimation seems inaccurate.
[2026-07-08 19:55:40.353] [odom] [warning] Possibly T_lidar_imu is not accurate or LiDAR-IMU synchronization is not correct.
[2026-07-08 19:55:40.353] [odom] [warning] IMU bias validation results:
[2026-07-08 19:55:40.353] [odom] [warning] num_bias_validations=6848
[2026-07-08 19:55:40.353] [odom] [warning] bias_acc=[0.193, -1.349, 0.064] m/s^2, bias_gyro=[-0.019, -0.003, 0.001] rad/s
[2026-07-08 19:55:40.353] [odom] [warning] acc_stat ax=0.424 +- 0.171 [min=0.002, max=0.608], ay=-0.605 +- 0.399 [min=-1.404, max=0.031], az=0.031 +- 0.013 [min=0.008, max=0.064] m/s^2
[2026-07-08 19:55:40.353] [odom] [warning] gyro_stat wx=-0.020 +- 0.001 [min=-0.020, max=-0.017], wy=-0.000 +- 0.002 [min=-0.004, max=0.002], wz=0.001 +- 0.000 [min=0.001, max=0.002] rad/s
[2026-07-08 19:55:44.552] [glim] [info] playback speed: 1.315x
[2026-07-08 19:55:45.416] [odom] [warning] IMU prediction is not good.
[2026-07-08 19:55:45.416] [odom] [warning] Possibly T_lidar_imu is not accurate or IMU bias is not well estimated.
[2026-07-08 19:55:45.416] [odom] [warning] IMU validation results:
[2026-07-08 19:55:45.416] [odom] [warning] num_validations=6464
[2026-07-08 19:55:45.416] [odom] [warning] No-IMU errors rot=0.203 +- 0.250 deg, trans=0.022 +- 0.014 m, vel=0.027 +- 0.018 m/s
[2026-07-08 19:55:45.416] [odom] [warning] IMU errors rot=0.062 +- 0.049 deg, trans=0.025 +- 0.016 m, vel=0.074 +- 0.042 m/s
[2026-07-08 19:55:45.416] [odom] [warning] IMU better ratios rot=0.88, trans=0.08, vel=0.16
[2026-07-08 19:55:46.476] [odom] [warning] IMU bias estimation seems inaccurate.
[2026-07-08 19:55:46.476] [odom] [warning] Possibly T_lidar_imu is not accurate or LiDAR-IMU synchronization is not correct.
[2026-07-08 19:55:46.476] [odom] [warning] IMU bias validation results:
[2026-07-08 19:55:46.476] [odom] [warning] num_bias_validations=6912
[2026-07-08 19:55:46.476] [odom] [warning] bias_acc=[0.172, -1.330, 0.067] m/s^2, bias_gyro=[-0.019, -0.002, 0.001] rad/s
[2026-07-08 19:55:46.476] [odom] [warning] acc_stat ax=0.421 +- 0.172 [min=0.002, max=0.608], ay=-0.612 +- 0.403 [min=-1.404, max=0.031], az=0.031 +- 0.013 [min=0.008, max=0.067] m/s^2
[2026-07-08 19:55:46.476] [odom] [warning] gyro_stat wx=-0.020 +- 0.001 [min=-0.020, max=-0.017], wy=-0.000 +- 0.002 [min=-0.004, max=0.002], wz=0.001 +- 0.000 [min=0.001, max=0.002] rad/s
[2026-07-08 19:55:49.578] [glim] [info] playback speed: 0.949x
[2026-07-08 19:55:51.533] [odom] [warning] IMU prediction is not good.
[2026-07-08 19:55:51.533] [odom] [warning] Possibly T_lidar_imu is not accurate or IMU bias is not well estimated.
[2026-07-08 19:55:51.533] [odom] [warning] IMU validation results:
[2026-07-08 19:55:51.533] [odom] [warning] num_validations=6528
[2026-07-08 19:55:51.533] [odom] [warning] No-IMU errors rot=0.202 +- 0.250 deg, trans=0.022 +- 0.014 m, vel=0.027 +- 0.018 m/s
[2026-07-08 19:55:51.533] [odom] [warning] IMU errors rot=0.062 +- 0.049 deg, trans=0.025 +- 0.016 m, vel=0.075 +- 0.042 m/s
[2026-07-08 19:55:51.533] [odom] [warning] IMU better ratios rot=0.87, trans=0.08, vel=0.16
[2026-07-08 19:55:52.657] [odom] [warning] IMU bias estimation seems inaccurate.
[2026-07-08 19:55:52.657] [odom] [warning] Possibly T_lidar_imu is not accurate or LiDAR-IMU synchronization is not correct.
[2026-07-08 19:55:52.657] [odom] [warning] IMU bias validation results:
[2026-07-08 19:55:52.657] [odom] [warning] num_bias_validations=6976
[2026-07-08 19:55:52.657] [odom] [warning] bias_acc=[0.151, -1.312, 0.070] m/s^2, bias_gyro=[-0.019, -0.002, 0.001] rad/s
[2026-07-08 19:55:52.657] [odom] [warning] acc_stat ax=0.419 +- 0.173 [min=0.002, max=0.608], ay=-0.618 +- 0.406 [min=-1.404, max=0.031], az=0.032 +- 0.014 [min=0.008, max=0.070] m/s^2
[2026-07-08 19:55:52.657] [odom] [warning] gyro_stat wx=-0.020 +- 0.001 [min=-0.020, max=-0.017], wy=-0.000 +- 0.002 [min=-0.004, max=0.002], wz=0.001 +- 0.000 [min=0.001, max=0.002] rad/s
[2026-07-08 19:55:54.649] [glim] [info] playback speed: 1.080x
[2026-07-08 19:55:57.781] [odom] [warning] IMU prediction is not good.
[2026-07-08 19:55:57.781] [odom] [warning] Possibly T_lidar_imu is not accurate or IMU bias is not well estimated.
[2026-07-08 19:55:57.781] [odom] [warning] IMU validation results:
[2026-07-08 19:55:57.781] [odom] [warning] num_validations=6592
[2026-07-08 19:55:57.781] [odom] [warning] No-IMU errors rot=0.201 +- 0.249 deg, trans=0.022 +- 0.014 m, vel=0.027 +- 0.018 m/s
[2026-07-08 19:55:57.781] [odom] [warning] IMU errors rot=0.062 +- 0.048 deg, trans=0.025 +- 0.016 m, vel=0.075 +- 0.042 m/s
[2026-07-08 19:55:57.781] [odom] [warning] IMU better ratios rot=0.87, trans=0.08, vel=0.16
[2026-07-08 19:55:58.071] [odom] [warning] IMU bias estimation seems inaccurate.
[2026-07-08 19:55:58.071] [odom] [warning] Possibly T_lidar_imu is not accurate or LiDAR-IMU synchronization is not correct.
[2026-07-08 19:55:58.071] [odom] [warning] IMU bias validation results:
[2026-07-08 19:55:58.071] [odom] [warning] num_bias_validations=7040
[2026-07-08 19:55:58.071] [odom] [warning] bias_acc=[0.131, -1.294, 0.072] m/s^2, bias_gyro=[-0.020, -0.002, 0.002] rad/s
[2026-07-08 19:55:58.071] [odom] [warning] acc_stat ax=0.416 +- 0.174 [min=0.002, max=0.608], ay=-0.624 +- 0.410 [min=-1.404, max=0.031], az=0.032 +- 0.014 [min=0.008, max=0.072] m/s^2
[2026-07-08 19:55:58.071] [odom] [warning] gyro_stat wx=-0.020 +- 0.001 [min=-0.020, max=-0.017], wy=-0.000 +- 0.002 [min=-0.004, max=0.002], wz=0.001 +- 0.000 [min=0.001, max=0.002] rad/s
[2026-07-08 19:55:59.059] [odom] [warning] IMU prediction is not good.
[2026-07-08 19:55:59.059] [odom] [warning] Possibly T_lidar_imu is not accurate or IMU bias is not well estimated.
[2026-07-08 19:55:59.059] [odom] [warning] IMU validation results:
[2026-07-08 19:55:59.059] [odom] [warning] num_validations=6656
[2026-07-08 19:55:59.059] [odom] [warning] No-IMU errors rot=0.200 +- 0.248 deg, trans=0.022 +- 0.014 m, vel=0.027 +- 0.018 m/s
[2026-07-08 19:55:59.059] [odom] [warning] IMU errors rot=0.062 +- 0.048 deg, trans=0.025 +- 0.016 m, vel=0.075 +- 0.042 m/s
[2026-07-08 19:55:59.059] [odom] [warning] IMU better ratios rot=0.87, trans=0.08, vel=0.15
[2026-07-08 19:55:59.653] [glim] [info] playback speed: 1.844x
[2026-07-08 19:56:01.506] [odom] [warning] IMU bias estimation seems inaccurate.
[2026-07-08 19:56:01.506] [odom] [warning] Possibly T_lidar_imu is not accurate or LiDAR-IMU synchronization is not correct.
[2026-07-08 19:56:01.506] [odom] [warning] IMU bias validation results:
[2026-07-08 19:56:01.506] [odom] [warning] num_bias_validations=7104
[2026-07-08 19:56:01.506] [odom] [warning] bias_acc=[0.114, -1.274, 0.074] m/s^2, bias_gyro=[-0.019, -0.001, 0.002] rad/s
[2026-07-08 19:56:01.506] [odom] [warning] acc_stat ax=0.414 +- 0.176 [min=0.002, max=0.608], ay=-0.630 +- 0.412 [min=-1.404, max=0.031], az=0.032 +- 0.015 [min=0.008, max=0.074] m/s^2
[2026-07-08 19:56:01.506] [odom] [warning] gyro_stat wx=-0.020 +- 0.001 [min=-0.020, max=-0.017], wy=-0.000 +- 0.002 [min=-0.004, max=0.002], wz=0.001 +- 0.000 [min=0.001, max=0.002] rad/s
[2026-07-08 19:56:04.290] [odom] [warning] IMU prediction is not good.
[2026-07-08 19:56:04.290] [odom] [warning] Possibly T_lidar_imu is not accurate or IMU bias is not well estimated.
[2026-07-08 19:56:04.290] [odom] [warning] IMU validation results:
[2026-07-08 19:56:04.290] [odom] [warning] num_validations=6720
[2026-07-08 19:56:04.290] [odom] [warning] No-IMU errors rot=0.201 +- 0.247 deg, trans=0.022 +- 0.014 m, vel=0.027 +- 0.017 m/s
[2026-07-08 19:56:04.290] [odom] [warning] IMU errors rot=0.062 +- 0.048 deg, trans=0.025 +- 0.016 m, vel=0.076 +- 0.042 m/s
[2026-07-08 19:56:04.290] [odom] [warning] IMU better ratios rot=0.87, trans=0.08, vel=0.15
[2026-07-08 19:56:04.686] [glim] [info] playback speed: 1.209x
[2026-07-08 19:56:05.377] [odom] [warning] IMU bias estimation seems inaccurate.
[2026-07-08 19:56:05.377] [odom] [warning] Possibly T_lidar_imu is not accurate or LiDAR-IMU synchronization is not correct.
[2026-07-08 19:56:05.377] [odom] [warning] IMU bias validation results:
[2026-07-08 19:56:05.377] [odom] [warning] num_bias_validations=7168
[2026-07-08 19:56:05.377] [odom] [warning] bias_acc=[0.094, -1.257, 0.076] m/s^2, bias_gyro=[-0.020, -0.001, 0.002] rad/s
[2026-07-08 19:56:05.377] [odom] [warning] acc_stat ax=0.411 +- 0.177 [min=0.002, max=0.608], ay=-0.636 +- 0.415 [min=-1.404, max=0.031], az=0.033 +- 0.015 [min=0.008, max=0.076] m/s^2
[2026-07-08 19:56:05.377] [odom] [warning] gyro_stat wx=-0.020 +- 0.001 [min=-0.020, max=-0.017], wy=-0.000 +- 0.002 [min=-0.004, max=0.002], wz=0.001 +- 0.000 [min=0.001, max=0.002] rad/s
[2026-07-08 19:56:06.062] [odom] [warning] IMU prediction is not good.
[2026-07-08 19:56:06.062] [odom] [warning] Possibly T_lidar_imu is not accurate or IMU bias is not well estimated.
[2026-07-08 19:56:06.062] [odom] [warning] IMU validation results:
[2026-07-08 19:56:06.062] [odom] [warning] num_validations=6784
[2026-07-08 19:56:06.062] [odom] [warning] No-IMU errors rot=0.201 +- 0.247 deg, trans=0.022 +- 0.014 m, vel=0.027 +- 0.017 m/s
[2026-07-08 19:56:06.062] [odom] [warning] IMU errors rot=0.062 +- 0.048 deg, trans=0.026 +- 0.016 m, vel=0.076 +- 0.041 m/s
[2026-07-08 19:56:06.062] [odom] [warning] IMU better ratios rot=0.87, trans=0.08, vel=0.15
[2026-07-08 19:56:08.678] [odom] [warning] IMU bias estimation seems inaccurate.
[2026-07-08 19:56:08.678] [odom] [warning] Possibly T_lidar_imu is not accurate or LiDAR-IMU synchronization is not correct.
[2026-07-08 19:56:08.678] [odom] [warning] IMU bias validation results:
[2026-07-08 19:56:08.678] [odom] [warning] num_bias_validations=7232
[2026-07-08 19:56:08.678] [odom] [warning] bias_acc=[0.074, -1.242, 0.079] m/s^2, bias_gyro=[-0.020, -0.001, 0.001] rad/s
[2026-07-08 19:56:08.678] [odom] [warning] acc_stat ax=0.408 +- 0.179 [min=0.002, max=0.608], ay=-0.641 +- 0.417 [min=-1.404, max=0.031], az=0.033 +- 0.016 [min=0.008, max=0.079] m/s^2
[2026-07-08 19:56:08.678] [odom] [warning] gyro_stat wx=-0.020 +- 0.001 [min=-0.020, max=-0.017], wy=-0.000 +- 0.002 [min=-0.004, max=0.002], wz=0.001 +- 0.000 [min=0.001, max=0.002] rad/s
[2026-07-08 19:56:09.744] [glim] [info] playback speed: 1.965x
[2026-07-08 19:56:11.071] [odom] [warning] IMU prediction is not good.
[2026-07-08 19:56:11.071] [odom] [warning] Possibly T_lidar_imu is not accurate or IMU bias is not well estimated.
[2026-07-08 19:56:11.071] [odom] [warning] IMU validation results:
[2026-07-08 19:56:11.071] [odom] [warning] num_validations=6848
[2026-07-08 19:56:11.071] [odom] [warning] No-IMU errors rot=0.201 +- 0.246 deg, trans=0.022 +- 0.014 m, vel=0.027 +- 0.017 m/s
[2026-07-08 19:56:11.071] [odom] [warning] IMU errors rot=0.062 +- 0.048 deg, trans=0.026 +- 0.016 m, vel=0.076 +- 0.041 m/s
[2026-07-08 19:56:11.071] [odom] [warning] IMU better ratios rot=0.87, trans=0.08, vel=0.15
[2026-07-08 19:56:14.360] [odom] [warning] IMU bias estimation seems inaccurate.
[2026-07-08 19:56:14.360] [odom] [warning] Possibly T_lidar_imu is not accurate or LiDAR-IMU synchronization is not correct.
[2026-07-08 19:56:14.360] [odom] [warning] IMU bias validation results:
[2026-07-08 19:56:14.360] [odom] [warning] num_bias_validations=7296
[2026-07-08 19:56:14.360] [odom] [warning] bias_acc=[0.052, -1.228, 0.082] m/s^2, bias_gyro=[-0.020, -0.000, 0.002] rad/s
[2026-07-08 19:56:14.360] [odom] [warning] acc_stat ax=0.405 +- 0.182 [min=0.002, max=0.608], ay=-0.646 +- 0.419 [min=-1.404, max=0.031], az=0.034 +- 0.016 [min=0.008, max=0.082] m/s^2
[2026-07-08 19:56:14.360] [odom] [warning] gyro_stat wx=-0.020 +- 0.001 [min=-0.020, max=-0.017], wy=-0.000 +- 0.002 [min=-0.004, max=0.002], wz=0.001 +- 0.000 [min=0.001, max=0.002] rad/s
[2026-07-08 19:56:14.767] [glim] [info] playback speed: 1.192x
[2026-07-08 19:56:15.731] [odom] [warning] IMU prediction is not good.
[2026-07-08 19:56:15.731] [odom] [warning] Possibly T_lidar_imu is not accurate or IMU bias is not well estimated.
[2026-07-08 19:56:15.731] [odom] [warning] IMU validation results:
[2026-07-08 19:56:15.731] [odom] [warning] num_validations=6912
[2026-07-08 19:56:15.731] [odom] [warning] No-IMU errors rot=0.200 +- 0.245 deg, trans=0.022 +- 0.014 m, vel=0.026 +- 0.017 m/s
[2026-07-08 19:56:15.731] [odom] [warning] IMU errors rot=0.062 +- 0.048 deg, trans=0.026 +- 0.016 m, vel=0.076 +- 0.041 m/s
[2026-07-08 19:56:15.731] [odom] [warning] IMU better ratios rot=0.87, trans=0.08, vel=0.15
[2026-07-08 19:56:16.739] [odom] [warning] IMU bias estimation seems inaccurate.
[2026-07-08 19:56:16.739] [odom] [warning] Possibly T_lidar_imu is not accurate or LiDAR-IMU synchronization is not correct.
[2026-07-08 19:56:16.739] [odom] [warning] IMU bias validation results:
[2026-07-08 19:56:16.739] [odom] [warning] num_bias_validations=7360
[2026-07-08 19:56:16.739] [odom] [warning] bias_acc=[0.030, -1.213, 0.085] m/s^2, bias_gyro=[-0.020, -0.000, 0.002] rad/s
[2026-07-08 19:56:16.739] [odom] [warning] acc_stat ax=0.401 +- 0.184 [min=0.002, max=0.608], ay=-0.651 +- 0.420 [min=-1.404, max=0.031], az=0.034 +- 0.017 [min=0.008, max=0.085] m/s^2
[2026-07-08 19:56:16.739] [odom] [warning] gyro_stat wx=-0.020 +- 0.001 [min=-0.020, max=-0.017], wy=-0.000 +- 0.002 [min=-0.004, max=0.002], wz=0.001 +- 0.000 [min=0.001, max=0.002] rad/s
[2026-07-08 19:56:19.815] [glim] [info] playback speed: 1.728x
[2026-07-08 19:56:21.091] [odom] [warning] IMU prediction is not good.
[2026-07-08 19:56:21.091] [odom] [warning] Possibly T_lidar_imu is not accurate or IMU bias is not well estimated.
[2026-07-08 19:56:21.091] [odom] [warning] IMU validation results:
[2026-07-08 19:56:21.091] [odom] [warning] num_validations=6976
[2026-07-08 19:56:21.091] [odom] [warning] No-IMU errors rot=0.199 +- 0.244 deg, trans=0.023 +- 0.014 m, vel=0.026 +- 0.017 m/s
[2026-07-08 19:56:21.091] [odom] [warning] IMU errors rot=0.062 +- 0.048 deg, trans=0.026 +- 0.016 m, vel=0.077 +- 0.041 m/s
[2026-07-08 19:56:21.091] [odom] [warning] IMU better ratios rot=0.87, trans=0.08, vel=0.15
[2026-07-08 19:56:21.538] [odom] [warning] IMU bias estimation seems inaccurate.
[2026-07-08 19:56:21.538] [odom] [warning] Possibly T_lidar_imu is not accurate or LiDAR-IMU synchronization is not correct.
[2026-07-08 19:56:21.538] [odom] [warning] IMU bias validation results:
[2026-07-08 19:56:21.538] [odom] [warning] num_bias_validations=7424
[2026-07-08 19:56:21.538] [odom] [warning] bias_acc=[0.010, -1.197, 0.088] m/s^2, bias_gyro=[-0.020, -0.000, 0.002] rad/s
[2026-07-08 19:56:21.538] [odom] [warning] acc_stat ax=0.398 +- 0.187 [min=0.002, max=0.608], ay=-0.656 +- 0.421 [min=-1.404, max=0.031], az=0.035 +- 0.018 [min=0.008, max=0.088] m/s^2
[2026-07-08 19:56:21.538] [odom] [warning] gyro_stat wx=-0.020 +- 0.001 [min=-0.020, max=-0.017], wy=-0.000 +- 0.002 [min=-0.004, max=0.002], wz=0.001 +- 0.000 [min=0.001, max=0.002] rad/s
[2026-07-08 19:56:24.566] [odom] [warning] IMU prediction is not good.
[2026-07-08 19:56:24.566] [odom] [warning] Possibly T_lidar_imu is not accurate or IMU bias is not well estimated.
[2026-07-08 19:56:24.566] [odom] [warning] IMU validation results:
[2026-07-08 19:56:24.566] [odom] [warning] num_validations=7040
[2026-07-08 19:56:24.566] [odom] [warning] No-IMU errors rot=0.199 +- 0.243 deg, trans=0.023 +- 0.014 m, vel=0.027 +- 0.017 m/s
[2026-07-08 19:56:24.566] [odom] [warning] IMU errors rot=0.062 +- 0.049 deg, trans=0.026 +- 0.016 m, vel=0.077 +- 0.041 m/s
[2026-07-08 19:56:24.566] [odom] [warning] IMU better ratios rot=0.87, trans=0.08, vel=0.15
[2026-07-08 19:56:24.865] [glim] [info] playback speed: 1.667x
[2026-07-08 19:56:25.051] [odom] [warning] IMU bias estimation seems inaccurate.
[2026-07-08 19:56:25.051] [odom] [warning] Possibly T_lidar_imu is not accurate or LiDAR-IMU synchronization is not correct.
[2026-07-08 19:56:25.052] [odom] [warning] IMU bias validation results:
[2026-07-08 19:56:25.052] [odom] [warning] num_bias_validations=7488
[2026-07-08 19:56:25.052] [odom] [warning] bias_acc=[-0.008, -1.182, 0.090] m/s^2, bias_gyro=[-0.020, 0.000, 0.002] rad/s
[2026-07-08 19:56:25.052] [odom] [warning] acc_stat ax=0.394 +- 0.190 [min=-0.008, max=0.608], ay=-0.660 +- 0.422 [min=-1.404, max=0.031], az=0.035 +- 0.018 [min=0.008, max=0.090] m/s^2
[2026-07-08 19:56:25.052] [odom] [warning] gyro_stat wx=-0.020 +- 0.001 [min=-0.020, max=-0.017], wy=-0.000 +- 0.002 [min=-0.004, max=0.002], wz=0.001 +- 0.000 [min=0.001, max=0.002] rad/s
[2026-07-08 19:56:27.730] [odom] [warning] IMU prediction is not good.
[2026-07-08 19:56:27.730] [odom] [warning] Possibly T_lidar_imu is not accurate or IMU bias is not well estimated.
[2026-07-08 19:56:27.730] [odom] [warning] IMU validation results:
[2026-07-08 19:56:27.730] [odom] [warning] num_validations=7104
[2026-07-08 19:56:27.730] [odom] [warning] No-IMU errors rot=0.200 +- 0.245 deg, trans=0.023 +- 0.014 m, vel=0.027 +- 0.018 m/s
[2026-07-08 19:56:27.730] [odom] [warning] IMU errors rot=0.063 +- 0.049 deg, trans=0.026 +- 0.016 m, vel=0.077 +- 0.041 m/s
[2026-07-08 19:56:27.730] [odom] [warning] IMU better ratios rot=0.87, trans=0.08, vel=0.15
[2026-07-08 19:56:28.285] [odom] [warning] IMU bias estimation seems inaccurate.
[2026-07-08 19:56:28.285] [odom] [warning] Possibly T_lidar_imu is not accurate or LiDAR-IMU synchronization is not correct.
[2026-07-08 19:56:28.285] [odom] [warning] IMU bias validation results:
[2026-07-08 19:56:28.285] [odom] [warning] num_bias_validations=7552
[2026-07-08 19:56:28.285] [odom] [warning] bias_acc=[-0.029, -1.171, 0.094] m/s^2, bias_gyro=[-0.020, 0.000, 0.002] rad/s
[2026-07-08 19:56:28.285] [odom] [warning] acc_stat ax=0.391 +- 0.193 [min=-0.029, max=0.608], ay=-0.665 +- 0.423 [min=-1.404, max=0.031], az=0.036 +- 0.019 [min=0.008, max=0.094] m/s^2
[2026-07-08 19:56:28.285] [odom] [warning] gyro_stat wx=-0.020 +- 0.001 [min=-0.020, max=-0.017], wy=-0.000 +- 0.002 [min=-0.004, max=0.002], wz=0.001 +- 0.000 [min=0.001, max=0.002] rad/s
[2026-07-08 19:56:29.914] [glim] [info] playback speed: 2.130x
[2026-07-08 19:56:32.830] [odom] [warning] IMU prediction is not good.
[2026-07-08 19:56:32.830] [odom] [warning] Possibly T_lidar_imu is not accurate or IMU bias is not well estimated.
[2026-07-08 19:56:32.830] [odom] [warning] IMU validation results:
[2026-07-08 19:56:32.830] [odom] [warning] num_validations=7168
[2026-07-08 19:56:32.830] [odom] [warning] No-IMU errors rot=0.200 +- 0.244 deg, trans=0.023 +- 0.014 m, vel=0.027 +- 0.018 m/s
[2026-07-08 19:56:32.830] [odom] [warning] IMU errors rot=0.063 +- 0.049 deg, trans=0.026 +- 0.016 m, vel=0.077 +- 0.041 m/s
[2026-07-08 19:56:32.830] [odom] [warning] IMU better ratios rot=0.87, trans=0.08, vel=0.14
[2026-07-08 19:56:33.069] [odom] [warning] IMU bias estimation seems inaccurate.
[2026-07-08 19:56:33.069] [odom] [warning] Possibly T_lidar_imu is not accurate or LiDAR-IMU synchronization is not correct.
[2026-07-08 19:56:33.069] [odom] [warning] IMU bias validation results:
[2026-07-08 19:56:33.069] [odom] [warning] num_bias_validations=7616
[2026-07-08 19:56:33.069] [odom] [warning] bias_acc=[-0.051, -1.160, 0.097] m/s^2, bias_gyro=[-0.020, 0.000, 0.002] rad/s
[2026-07-08 19:56:33.069] [odom] [warning] acc_stat ax=0.387 +- 0.196 [min=-0.051, max=0.608], ay=-0.669 +- 0.424 [min=-1.404, max=0.031], az=0.036 +- 0.020 [min=0.008, max=0.097] m/s^2
[2026-07-08 19:56:33.069] [odom] [warning] gyro_stat wx=-0.020 +- 0.001 [min=-0.020, max=-0.017], wy=-0.000 +- 0.002 [min=-0.004, max=0.002], wz=0.001 +- 0.000 [min=0.001, max=0.002] rad/s
[2026-07-08 19:56:34.768] [odom] [warning] IMU prediction is not good.
[2026-07-08 19:56:34.768] [odom] [warning] Possibly T_lidar_imu is not accurate or IMU bias is not well estimated.
[2026-07-08 19:56:34.768] [odom] [warning] IMU validation results:
[2026-07-08 19:56:34.768] [odom] [warning] num_validations=7232
[2026-07-08 19:56:34.768] [odom] [warning] No-IMU errors rot=0.200 +- 0.243 deg, trans=0.023 +- 0.014 m, vel=0.027 +- 0.018 m/s
[2026-07-08 19:56:34.768] [odom] [warning] IMU errors rot=0.063 +- 0.049 deg, trans=0.026 +- 0.016 m, vel=0.078 +- 0.041 m/s
[2026-07-08 19:56:34.768] [odom] [warning] IMU better ratios rot=0.87, trans=0.08, vel=0.14
[2026-07-08 19:56:34.914] [glim] [info] playback speed: 1.532x
[2026-07-08 19:56:35.240] [odom] [warning] IMU bias estimation seems inaccurate.
[2026-07-08 19:56:35.240] [odom] [warning] Possibly T_lidar_imu is not accurate or LiDAR-IMU synchronization is not correct.
[2026-07-08 19:56:35.240] [odom] [warning] IMU bias validation results:
[2026-07-08 19:56:35.240] [odom] [warning] num_bias_validations=7680
[2026-07-08 19:56:35.240] [odom] [warning] bias_acc=[-0.070, -1.145, 0.100] m/s^2, bias_gyro=[-0.020, -0.000, 0.002] rad/s
[2026-07-08 19:56:35.240] [odom] [warning] acc_stat ax=0.383 +- 0.200 [min=-0.070, max=0.608], ay=-0.673 +- 0.424 [min=-1.404, max=0.031], az=0.037 +- 0.020 [min=0.008, max=0.100] m/s^2
[2026-07-08 19:56:35.240] [odom] [warning] gyro_stat wx=-0.020 +- 0.001 [min=-0.020, max=-0.017], wy=-0.000 +- 0.002 [min=-0.004, max=0.002], wz=0.001 +- 0.000 [min=0.001, max=0.002] rad/s
[2026-07-08 19:56:39.125] [odom] [warning] IMU prediction is not good.
[2026-07-08 19:56:39.125] [odom] [warning] Possibly T_lidar_imu is not accurate or IMU bias is not well estimated.
[2026-07-08 19:56:39.125] [odom] [warning] IMU validation results:
[2026-07-08 19:56:39.125] [odom] [warning] num_validations=7296
[2026-07-08 19:56:39.125] [odom] [warning] No-IMU errors rot=0.200 +- 0.242 deg, trans=0.023 +- 0.014 m, vel=0.027 +- 0.018 m/s
[2026-07-08 19:56:39.125] [odom] [warning] IMU errors rot=0.062 +- 0.049 deg, trans=0.026 +- 0.016 m, vel=0.078 +- 0.041 m/s
[2026-07-08 19:56:39.125] [odom] [warning] IMU better ratios rot=0.87, trans=0.07, vel=0.14
[2026-07-08 19:56:39.982] [glim] [info] playback speed: 1.631x
[2026-07-08 19:56:40.206] [odom] [warning] IMU bias estimation seems inaccurate.
[2026-07-08 19:56:40.206] [odom] [warning] Possibly T_lidar_imu is not accurate or LiDAR-IMU synchronization is not correct.
[2026-07-08 19:56:40.206] [odom] [warning] IMU bias validation results:
[2026-07-08 19:56:40.206] [odom] [warning] num_bias_validations=7744
[2026-07-08 19:56:40.206] [odom] [warning] bias_acc=[-0.086, -1.135, 0.102] m/s^2, bias_gyro=[-0.020, 0.001, 0.002] rad/s
[2026-07-08 19:56:40.206] [odom] [warning] acc_stat ax=0.379 +- 0.204 [min=-0.086, max=0.608], ay=-0.677 +- 0.424 [min=-1.404, max=0.031], az=0.037 +- 0.021 [min=0.008, max=0.102] m/s^2
[2026-07-08 19:56:40.206] [odom] [warning] gyro_stat wx=-0.020 +- 0.001 [min=-0.020, max=-0.017], wy=-0.000 +- 0.002 [min=-0.004, max=0.002], wz=0.001 +- 0.000 [min=0.001, max=0.002] rad/s
[2026-07-08 19:56:41.525] [odom] [warning] IMU prediction is not good.
[2026-07-08 19:56:41.525] [odom] [warning] Possibly T_lidar_imu is not accurate or IMU bias is not well estimated.
[2026-07-08 19:56:41.525] [odom] [warning] IMU validation results:
[2026-07-08 19:56:41.525] [odom] [warning] num_validations=7360
[2026-07-08 19:56:41.525] [odom] [warning] No-IMU errors rot=0.201 +- 0.243 deg, trans=0.023 +- 0.014 m, vel=0.027 +- 0.018 m/s
[2026-07-08 19:56:41.525] [odom] [warning] IMU errors rot=0.063 +- 0.049 deg, trans=0.026 +- 0.016 m, vel=0.078 +- 0.040 m/s
[2026-07-08 19:56:41.525] [odom] [warning] IMU better ratios rot=0.87, trans=0.07, vel=0.14
[2026-07-08 19:56:44.909] [odom] [warning] IMU bias estimation seems inaccurate.
[2026-07-08 19:56:44.909] [odom] [warning] Possibly T_lidar_imu is not accurate or LiDAR-IMU synchronization is not correct.
[2026-07-08 19:56:44.909] [odom] [warning] IMU bias validation results:
[2026-07-08 19:56:44.909] [odom] [warning] num_bias_validations=7808
[2026-07-08 19:56:44.909] [odom] [warning] bias_acc=[-0.102, -1.122, 0.104] m/s^2, bias_gyro=[-0.019, -0.000, 0.002] rad/s
[2026-07-08 19:56:44.909] [odom] [warning] acc_stat ax=0.376 +- 0.207 [min=-0.102, max=0.608], ay=-0.680 +- 0.425 [min=-1.404, max=0.031], az=0.038 +- 0.022 [min=0.008, max=0.104] m/s^2
[2026-07-08 19:56:44.909] [odom] [warning] gyro_stat wx=-0.020 +- 0.001 [min=-0.020, max=-0.017], wy=-0.000 +- 0.002 [min=-0.004, max=0.002], wz=0.001 +- 0.000 [min=0.001, max=0.002] rad/s
[2026-07-08 19:56:45.090] [glim] [info] playback speed: 1.609x
[2026-07-08 19:56:45.668] [odom] [warning] IMU prediction is not good.
[2026-07-08 19:56:45.668] [odom] [warning] Possibly T_lidar_imu is not accurate or IMU bias is not well estimated.
[2026-07-08 19:56:45.668] [odom] [warning] IMU validation results:
[2026-07-08 19:56:45.668] [odom] [warning] num_validations=7424
[2026-07-08 19:56:45.668] [odom] [warning] No-IMU errors rot=0.202 +- 0.243 deg, trans=0.023 +- 0.014 m, vel=0.027 +- 0.018 m/s
[2026-07-08 19:56:45.668] [odom] [warning] IMU errors rot=0.063 +- 0.049 deg, trans=0.026 +- 0.016 m, vel=0.078 +- 0.040 m/s
[2026-07-08 19:56:45.668] [odom] [warning] IMU better ratios rot=0.87, trans=0.07, vel=0.14
[2026-07-08 19:56:46.216] [odom] [warning] IMU bias estimation seems inaccurate.
[2026-07-08 19:56:46.216] [odom] [warning] Possibly T_lidar_imu is not accurate or LiDAR-IMU synchronization is not correct.
[2026-07-08 19:56:46.216] [odom] [warning] IMU bias validation results:
[2026-07-08 19:56:46.216] [odom] [warning] num_bias_validations=7872
[2026-07-08 19:56:46.216] [odom] [warning] bias_acc=[-0.116, -1.105, 0.106] m/s^2, bias_gyro=[-0.020, 0.000, 0.002] rad/s
[2026-07-08 19:56:46.216] [odom] [warning] acc_stat ax=0.372 +- 0.211 [min=-0.116, max=0.608], ay=-0.684 +- 0.425 [min=-1.404, max=0.031], az=0.038 +- 0.023 [min=0.008, max=0.106] m/s^2
[2026-07-08 19:56:46.216] [odom] [warning] gyro_stat wx=-0.020 +- 0.001 [min=-0.020, max=-0.017], wy=-0.000 +- 0.001 [min=-0.004, max=0.002], wz=0.001 +- 0.000 [min=0.001, max=0.002] rad/s
[2026-07-08 19:56:49.310] [odom] [warning] IMU prediction is not good.
[2026-07-08 19:56:49.310] [odom] [warning] Possibly T_lidar_imu is not accurate or IMU bias is not well estimated.
[2026-07-08 19:56:49.310] [odom] [warning] IMU validation results:
[2026-07-08 19:56:49.310] [odom] [warning] num_validations=7488
[2026-07-08 19:56:49.310] [odom] [warning] No-IMU errors rot=0.202 +- 0.242 deg, trans=0.023 +- 0.014 m, vel=0.027 +- 0.018 m/s
[2026-07-08 19:56:49.310] [odom] [warning] IMU errors rot=0.063 +- 0.049 deg, trans=0.026 +- 0.016 m, vel=0.078 +- 0.040 m/s
[2026-07-08 19:56:49.310] [odom] [warning] IMU better ratios rot=0.87, trans=0.07, vel=0.14
[2026-07-08 19:56:49.647] [odom] [warning] IMU bias estimation seems inaccurate.
[2026-07-08 19:56:49.647] [odom] [warning] Possibly T_lidar_imu is not accurate or LiDAR-IMU synchronization is not correct.
[2026-07-08 19:56:49.647] [odom] [warning] IMU bias validation results:
[2026-07-08 19:56:49.647] [odom] [warning] num_bias_validations=7936
[2026-07-08 19:56:49.647] [odom] [warning] bias_acc=[-0.132, -1.093, 0.108] m/s^2, bias_gyro=[-0.020, 0.000, 0.002] rad/s
[2026-07-08 19:56:49.647] [odom] [warning] acc_stat ax=0.367 +- 0.215 [min=-0.132, max=0.608], ay=-0.687 +- 0.424 [min=-1.404, max=0.031], az=0.039 +- 0.024 [min=0.008, max=0.108] m/s^2
[2026-07-08 19:56:49.647] [odom] [warning] gyro_stat wx=-0.020 +- 0.001 [min=-0.020, max=-0.017], wy=-0.000 +- 0.001 [min=-0.004, max=0.002], wz=0.001 +- 0.000 [min=0.001, max=0.002] rad/s
[2026-07-08 19:56:50.110] [glim] [info] playback speed: 2.789x
[2026-07-08 19:56:50.503] [odom] [warning] IMU prediction is not good.
[2026-07-08 19:56:50.503] [odom] [warning] Possibly T_lidar_imu is not accurate or IMU bias is not well estimated.
[2026-07-08 19:56:50.503] [odom] [warning] IMU validation results:
[2026-07-08 19:56:50.503] [odom] [warning] num_validations=7552
[2026-07-08 19:56:50.503] [odom] [warning] No-IMU errors rot=0.201 +- 0.241 deg, trans=0.023 +- 0.013 m, vel=0.026 +- 0.018 m/s
[2026-07-08 19:56:50.503] [odom] [warning] IMU errors rot=0.062 +- 0.049 deg, trans=0.026 +- 0.015 m, vel=0.078 +- 0.040 m/s
[2026-07-08 19:56:50.503] [odom] [warning] IMU better ratios rot=0.88, trans=0.07, vel=0.14
[2026-07-08 19:56:51.446] [odom] [warning] IMU bias estimation seems inaccurate.
[2026-07-08 19:56:51.446] [odom] [warning] Possibly T_lidar_imu is not accurate or LiDAR-IMU synchronization is not correct.
[2026-07-08 19:56:51.446] [odom] [warning] IMU bias validation results:
[2026-07-08 19:56:51.446] [odom] [warning] num_bias_validations=8000
[2026-07-08 19:56:51.446] [odom] [warning] bias_acc=[-0.149, -1.082, 0.111] m/s^2, bias_gyro=[-0.020, 0.001, 0.002] rad/s
[2026-07-08 19:56:51.446] [odom] [warning] acc_stat ax=0.363 +- 0.219 [min=-0.149, max=0.608], ay=-0.690 +- 0.424 [min=-1.404, max=0.031], az=0.039 +- 0.024 [min=0.008, max=0.111] m/s^2
[2026-07-08 19:56:51.446] [odom] [warning] gyro_stat wx=-0.020 +- 0.001 [min=-0.020, max=-0.017], wy=-0.000 +- 0.001 [min=-0.004, max=0.002], wz=0.001 +- 0.000 [min=0.001, max=0.002] rad/s
[2026-07-08 19:56:53.259] [odom] [warning] IMU prediction is not good.
[2026-07-08 19:56:53.259] [odom] [warning] Possibly T_lidar_imu is not accurate or IMU bias is not well estimated.
[2026-07-08 19:56:53.259] [odom] [warning] IMU validation results:
[2026-07-08 19:56:53.259] [odom] [warning] num_validations=7616
[2026-07-08 19:56:53.259] [odom] [warning] No-IMU errors rot=0.201 +- 0.241 deg, trans=0.023 +- 0.013 m, vel=0.026 +- 0.018 m/s
[2026-07-08 19:56:53.259] [odom] [warning] IMU errors rot=0.062 +- 0.048 deg, trans=0.026 +- 0.015 m, vel=0.078 +- 0.040 m/s
[2026-07-08 19:56:53.259] [odom] [warning] IMU better ratios rot=0.88, trans=0.07, vel=0.14
[2026-07-08 19:56:53.621] [odom] [warning] IMU bias estimation seems inaccurate.
[2026-07-08 19:56:53.621] [odom] [warning] Possibly T_lidar_imu is not accurate or LiDAR-IMU synchronization is not correct.
[2026-07-08 19:56:53.621] [odom] [warning] IMU bias validation results:
[2026-07-08 19:56:53.621] [odom] [warning] num_bias_validations=8064
[2026-07-08 19:56:53.621] [odom] [warning] bias_acc=[-0.166, -1.075, 0.113] m/s^2, bias_gyro=[-0.020, 0.000, 0.002] rad/s
[2026-07-08 19:56:53.621] [odom] [warning] acc_stat ax=0.359 +- 0.223 [min=-0.166, max=0.608], ay=-0.693 +- 0.424 [min=-1.404, max=0.031], az=0.040 +- 0.025 [min=0.008, max=0.113] m/s^2
[2026-07-08 19:56:53.621] [odom] [warning] gyro_stat wx=-0.020 +- 0.001 [min=-0.020, max=-0.017], wy=-0.000 +- 0.001 [min=-0.004, max=0.002], wz=0.001 +- 0.000 [min=0.001, max=0.002] rad/s
[2026-07-08 19:56:55.129] [glim] [info] playback speed: 2.668x
[2026-07-08 19:56:55.457] [odom] [warning] IMU prediction is not good.
[2026-07-08 19:56:55.457] [odom] [warning] Possibly T_lidar_imu is not accurate or IMU bias is not well estimated.
[2026-07-08 19:56:55.457] [odom] [warning] IMU validation results:
[2026-07-08 19:56:55.457] [odom] [warning] num_validations=7680
[2026-07-08 19:56:55.457] [odom] [warning] No-IMU errors rot=0.202 +- 0.241 deg, trans=0.023 +- 0.013 m, vel=0.026 +- 0.018 m/s
[2026-07-08 19:56:55.457] [odom] [warning] IMU errors rot=0.063 +- 0.049 deg, trans=0.026 +- 0.015 m, vel=0.078 +- 0.040 m/s
[2026-07-08 19:56:55.457] [odom] [warning] IMU better ratios rot=0.88, trans=0.07, vel=0.14
[2026-07-08 19:56:56.062] [odom] [warning] IMU bias estimation seems inaccurate.
[2026-07-08 19:56:56.062] [odom] [warning] Possibly T_lidar_imu is not accurate or LiDAR-IMU synchronization is not correct.
[2026-07-08 19:56:56.062] [odom] [warning] IMU bias validation results:
[2026-07-08 19:56:56.062] [odom] [warning] num_bias_validations=8128
[2026-07-08 19:56:56.062] [odom] [warning] bias_acc=[-0.177, -1.057, 0.115] m/s^2, bias_gyro=[-0.019, -0.000, 0.002] rad/s
[2026-07-08 19:56:56.062] [odom] [warning] acc_stat ax=0.355 +- 0.227 [min=-0.177, max=0.608], ay=-0.696 +- 0.423 [min=-1.404, max=0.031], az=0.041 +- 0.026 [min=0.008, max=0.115] m/s^2
[2026-07-08 19:56:56.062] [odom] [warning] gyro_stat wx=-0.020 +- 0.000 [min=-0.020, max=-0.017], wy=-0.000 +- 0.001 [min=-0.004, max=0.002], wz=0.001 +- 0.000 [min=0.001, max=0.002] rad/s
[2026-07-08 19:56:58.508] [odom] [warning] IMU prediction is not good.
[2026-07-08 19:56:58.508] [odom] [warning] Possibly T_lidar_imu is not accurate or IMU bias is not well estimated.
[2026-07-08 19:56:58.508] [odom] [warning] IMU validation results:
[2026-07-08 19:56:58.508] [odom] [warning] num_validations=7744
[2026-07-08 19:56:58.508] [odom] [warning] No-IMU errors rot=0.203 +- 0.241 deg, trans=0.023 +- 0.013 m, vel=0.026 +- 0.018 m/s
[2026-07-08 19:56:58.508] [odom] [warning] IMU errors rot=0.063 +- 0.049 deg, trans=0.026 +- 0.015 m, vel=0.078 +- 0.039 m/s
[2026-07-08 19:56:58.508] [odom] [warning] IMU better ratios rot=0.88, trans=0.07, vel=0.13
[2026-07-08 19:56:59.157] [odom] [warning] IMU bias estimation seems inaccurate.
[2026-07-08 19:56:59.157] [odom] [warning] Possibly T_lidar_imu is not accurate or LiDAR-IMU synchronization is not correct.
[2026-07-08 19:56:59.157] [odom] [warning] IMU bias validation results:
[2026-07-08 19:56:59.157] [odom] [warning] num_bias_validations=8192
[2026-07-08 19:56:59.157] [odom] [warning] bias_acc=[-0.186, -1.043, 0.115] m/s^2, bias_gyro=[-0.019, 0.000, 0.002] rad/s
[2026-07-08 19:56:59.157] [odom] [warning] acc_stat ax=0.351 +- 0.231 [min=-0.186, max=0.608], ay=-0.699 +- 0.423 [min=-1.404, max=0.031], az=0.041 +- 0.027 [min=0.008, max=0.115] m/s^2
[2026-07-08 19:56:59.157] [odom] [warning] gyro_stat wx=-0.020 +- 0.000 [min=-0.020, max=-0.017], wy=-0.000 +- 0.001 [min=-0.004, max=0.002], wz=0.001 +- 0.000 [min=0.001, max=0.002] rad/s
[2026-07-08 19:57:00.133] [glim] [info] playback speed: 2.372x
[2026-07-08 19:57:01.088] [odom] [warning] IMU prediction is not good.
[2026-07-08 19:57:01.088] [odom] [warning] Possibly T_lidar_imu is not accurate or IMU bias is not well estimated.
[2026-07-08 19:57:01.088] [odom] [warning] IMU validation results:
[2026-07-08 19:57:01.088] [odom] [warning] num_validations=7808
[2026-07-08 19:57:01.088] [odom] [warning] No-IMU errors rot=0.204 +- 0.241 deg, trans=0.023 +- 0.013 m, vel=0.026 +- 0.018 m/s
[2026-07-08 19:57:01.088] [odom] [warning] IMU errors rot=0.063 +- 0.049 deg, trans=0.026 +- 0.015 m, vel=0.078 +- 0.039 m/s
[2026-07-08 19:57:01.088] [odom] [warning] IMU better ratios rot=0.88, trans=0.07, vel=0.13
[2026-07-08 19:57:02.074] [odom] [warning] IMU bias estimation seems inaccurate.
[2026-07-08 19:57:02.074] [odom] [warning] Possibly T_lidar_imu is not accurate or LiDAR-IMU synchronization is not correct.
[2026-07-08 19:57:02.074] [odom] [warning] IMU bias validation results:
[2026-07-08 19:57:02.074] [odom] [warning] num_bias_validations=8256
[2026-07-08 19:57:02.074] [odom] [warning] bias_acc=[-0.195, -1.028, 0.116] m/s^2, bias_gyro=[-0.019, 0.001, 0.002] rad/s
[2026-07-08 19:57:02.074] [odom] [warning] acc_stat ax=0.346 +- 0.235 [min=-0.195, max=0.608], ay=-0.701 +- 0.422 [min=-1.404, max=0.031], az=0.042 +- 0.027 [min=0.008, max=0.116] m/s^2
[2026-07-08 19:57:02.074] [odom] [warning] gyro_stat wx=-0.020 +- 0.000 [min=-0.020, max=-0.017], wy=-0.000 +- 0.001 [min=-0.004, max=0.002], wz=0.001 +- 0.000 [min=0.001, max=0.002] rad/s
[2026-07-08 19:57:04.949] [odom] [warning] IMU prediction is not good.
[2026-07-08 19:57:04.949] [odom] [warning] Possibly T_lidar_imu is not accurate or IMU bias is not well estimated.
[2026-07-08 19:57:04.949] [odom] [warning] IMU validation results:
[2026-07-08 19:57:04.949] [odom] [warning] num_validations=7872
[2026-07-08 19:57:04.949] [odom] [warning] No-IMU errors rot=0.203 +- 0.241 deg, trans=0.023 +- 0.013 m, vel=0.026 +- 0.018 m/s
[2026-07-08 19:57:04.949] [odom] [warning] IMU errors rot=0.063 +- 0.049 deg, trans=0.026 +- 0.015 m, vel=0.078 +- 0.039 m/s
[2026-07-08 19:57:04.949] [odom] [warning] IMU better ratios rot=0.88, trans=0.07, vel=0.13
[2026-07-08 19:57:05.139] [odom] [warning] IMU bias estimation seems inaccurate.
[2026-07-08 19:57:05.139] [odom] [warning] Possibly T_lidar_imu is not accurate or LiDAR-IMU synchronization is not correct.
[2026-07-08 19:57:05.139] [odom] [warning] IMU bias validation results:
[2026-07-08 19:57:05.139] [odom] [warning] num_bias_validations=8320
[2026-07-08 19:57:05.139] [odom] [warning] bias_acc=[-0.205, -1.013, 0.118] m/s^2, bias_gyro=[-0.020, 0.000, 0.002] rad/s
[2026-07-08 19:57:05.139] [odom] [warning] acc_stat ax=0.342 +- 0.239 [min=-0.205, max=0.608], ay=-0.704 +- 0.422 [min=-1.404, max=0.031], az=0.042 +- 0.028 [min=0.008, max=0.118] m/s^2
[2026-07-08 19:57:05.139] [odom] [warning] gyro_stat wx=-0.020 +- 0.000 [min=-0.020, max=-0.017], wy=-0.000 +- 0.001 [min=-0.004, max=0.002], wz=0.001 +- 0.000 [min=0.001, max=0.002] rad/s
[2026-07-08 19:57:05.148] [glim] [info] playback speed: 2.023x
[2026-07-08 19:57:06.166] [odom] [warning] IMU prediction is not good.
[2026-07-08 19:57:06.166] [odom] [warning] Possibly T_lidar_imu is not accurate or IMU bias is not well estimated.
[2026-07-08 19:57:06.166] [odom] [warning] IMU validation results:
[2026-07-08 19:57:06.166] [odom] [warning] num_validations=7936
[2026-07-08 19:57:06.166] [odom] [warning] No-IMU errors rot=0.202 +- 0.240 deg, trans=0.023 +- 0.013 m, vel=0.026 +- 0.018 m/s
[2026-07-08 19:57:06.166] [odom] [warning] IMU errors rot=0.063 +- 0.049 deg, trans=0.026 +- 0.015 m, vel=0.078 +- 0.039 m/s
[2026-07-08 19:57:06.166] [odom] [warning] IMU better ratios rot=0.87, trans=0.07, vel=0.13
[2026-07-08 19:57:09.612] [odom] [warning] IMU bias estimation seems inaccurate.
[2026-07-08 19:57:09.612] [odom] [warning] Possibly T_lidar_imu is not accurate or LiDAR-IMU synchronization is not correct.
[2026-07-08 19:57:09.612] [odom] [warning] IMU bias validation results:
[2026-07-08 19:57:09.612] [odom] [warning] num_bias_validations=8384
[2026-07-08 19:57:09.612] [odom] [warning] bias_acc=[-0.214, -0.998, 0.119] m/s^2, bias_gyro=[-0.019, 0.000, 0.001] rad/s
[2026-07-08 19:57:09.612] [odom] [warning] acc_stat ax=0.338 +- 0.243 [min=-0.214, max=0.608], ay=-0.706 +- 0.421 [min=-1.404, max=0.031], az=0.043 +- 0.029 [min=0.008, max=0.119] m/s^2
[2026-07-08 19:57:09.612] [odom] [warning] gyro_stat wx=-0.020 +- 0.000 [min=-0.020, max=-0.017], wy=-0.000 +- 0.001 [min=-0.004, max=0.002], wz=0.001 +- 0.000 [min=0.001, max=0.002] rad/s
[2026-07-08 19:57:10.168] [glim] [info] playback speed: 1.859x
[2026-07-08 19:57:11.067] [odom] [warning] IMU prediction is not good.
[2026-07-08 19:57:11.067] [odom] [warning] Possibly T_lidar_imu is not accurate or IMU bias is not well estimated.
[2026-07-08 19:57:11.067] [odom] [warning] IMU validation results:
[2026-07-08 19:57:11.067] [odom] [warning] num_validations=8000
[2026-07-08 19:57:11.067] [odom] [warning] No-IMU errors rot=0.207 +- 0.248 deg, trans=0.023 +- 0.013 m, vel=0.026 +- 0.018 m/s
[2026-07-08 19:57:11.067] [odom] [warning] IMU errors rot=0.063 +- 0.049 deg, trans=0.026 +- 0.015 m, vel=0.078 +- 0.039 m/s
[2026-07-08 19:57:11.067] [odom] [warning] IMU better ratios rot=0.87, trans=0.07, vel=0.13
[2026-07-08 19:57:11.304] [odom] [warning] IMU bias estimation seems inaccurate.
[2026-07-08 19:57:11.304] [odom] [warning] Possibly T_lidar_imu is not accurate or LiDAR-IMU synchronization is not correct.
[2026-07-08 19:57:11.304] [odom] [warning] IMU bias validation results:
[2026-07-08 19:57:11.304] [odom] [warning] num_bias_validations=8448
[2026-07-08 19:57:11.304] [odom] [warning] bias_acc=[-0.211, -0.978, 0.119] m/s^2, bias_gyro=[-0.019, -0.003, 0.001] rad/s
[2026-07-08 19:57:11.304] [odom] [warning] acc_stat ax=0.334 +- 0.247 [min=-0.214, max=0.608], ay=-0.708 +- 0.420 [min=-1.404, max=0.031], az=0.044 +- 0.029 [min=0.008, max=0.119] m/s^2
[2026-07-08 19:57:11.304] [odom] [warning] gyro_stat wx=-0.020 +- 0.000 [min=-0.020, max=-0.017], wy=-0.000 +- 0.001 [min=-0.004, max=0.002], wz=0.001 +- 0.000 [min=0.001, max=0.002] rad/s
[2026-07-08 19:57:15.186] [glim] [info] playback speed: 2.042x
[2026-07-08 19:57:15.812] [odom] [warning] IMU prediction is not good.
[2026-07-08 19:57:15.812] [odom] [warning] Possibly T_lidar_imu is not accurate or IMU bias is not well estimated.
[2026-07-08 19:57:15.812] [odom] [warning] IMU validation results:
[2026-07-08 19:57:15.812] [odom] [warning] num_validations=8064
[2026-07-08 19:57:15.812] [odom] [warning] No-IMU errors rot=0.211 +- 0.254 deg, trans=0.023 +- 0.013 m, vel=0.027 +- 0.018 m/s
[2026-07-08 19:57:15.812] [odom] [warning] IMU errors rot=0.064 +- 0.050 deg, trans=0.026 +- 0.015 m, vel=0.078 +- 0.039 m/s
[2026-07-08 19:57:15.812] [odom] [warning] IMU better ratios rot=0.88, trans=0.07, vel=0.13
[2026-07-08 19:57:17.495] [odom] [warning] IMU bias estimation seems inaccurate.
[2026-07-08 19:57:17.495] [odom] [warning] Possibly T_lidar_imu is not accurate or LiDAR-IMU synchronization is not correct.
[2026-07-08 19:57:17.495] [odom] [warning] IMU bias validation results:
[2026-07-08 19:57:17.495] [odom] [warning] num_bias_validations=8512
[2026-07-08 19:57:17.495] [odom] [warning] bias_acc=[-0.183, -0.961, 0.116] m/s^2, bias_gyro=[-0.019, -0.004, 0.001] rad/s
[2026-07-08 19:57:17.495] [odom] [warning] acc_stat ax=0.330 +- 0.250 [min=-0.214, max=0.608], ay=-0.710 +- 0.419 [min=-1.404, max=0.031], az=0.044 +- 0.030 [min=0.008, max=0.119] m/s^2
[2026-07-08 19:57:17.495] [odom] [warning] gyro_stat wx=-0.020 +- 0.000 [min=-0.020, max=-0.017], wy=-0.000 +- 0.002 [min=-0.004, max=0.002], wz=0.001 +- 0.000 [min=0.001, max=0.002] rad/s
[2026-07-08 19:57:20.316] [glim] [info] playback speed: 0.751x
[2026-07-08 19:57:21.896] [odom] [warning] IMU prediction is not good.
[2026-07-08 19:57:21.896] [odom] [warning] Possibly T_lidar_imu is not accurate or IMU bias is not well estimated.
[2026-07-08 19:57:21.896] [odom] [warning] IMU validation results:
[2026-07-08 19:57:21.897] [odom] [warning] num_validations=8128
[2026-07-08 19:57:21.897] [odom] [warning] No-IMU errors rot=0.211 +- 0.253 deg, trans=0.023 +- 0.013 m, vel=0.026 +- 0.018 m/s
[2026-07-08 19:57:21.897] [odom] [warning] IMU errors rot=0.064 +- 0.050 deg, trans=0.027 +- 0.015 m, vel=0.079 +- 0.039 m/s
[2026-07-08 19:57:21.897] [odom] [warning] IMU better ratios rot=0.88, trans=0.07, vel=0.13
[2026-07-08 19:57:25.356] [glim] [info] playback speed: 0.926x
[2026-07-08 19:57:25.479] [odom] [warning] IMU bias estimation seems inaccurate.
[2026-07-08 19:57:25.479] [odom] [warning] Possibly T_lidar_imu is not accurate or LiDAR-IMU synchronization is not correct.
[2026-07-08 19:57:25.479] [odom] [warning] IMU bias validation results:
[2026-07-08 19:57:25.479] [odom] [warning] num_bias_validations=8576
[2026-07-08 19:57:25.479] [odom] [warning] bias_acc=[-0.149, -0.941, 0.113] m/s^2, bias_gyro=[-0.019, -0.004, 0.001] rad/s
[2026-07-08 19:57:25.479] [odom] [warning] acc_stat ax=0.326 +- 0.253 [min=-0.214, max=0.608], ay=-0.712 +- 0.418 [min=-1.404, max=0.031], az=0.045 +- 0.030 [min=0.008, max=0.119] m/s^2
[2026-07-08 19:57:25.479] [odom] [warning] gyro_stat wx=-0.020 +- 0.001 [min=-0.020, max=-0.017], wy=-0.000 +- 0.002 [min=-0.004, max=0.002], wz=0.001 +- 0.000 [min=0.001, max=0.002] rad/s
[2026-07-08 19:57:26.373] [odom] [warning] IMU prediction is not good.
[2026-07-08 19:57:26.373] [odom] [warning] Possibly T_lidar_imu is not accurate or IMU bias is not well estimated.
[2026-07-08 19:57:26.373] [odom] [warning] IMU validation results:
[2026-07-08 19:57:26.373] [odom] [warning] num_validations=8192
[2026-07-08 19:57:26.373] [odom] [warning] No-IMU errors rot=0.211 +- 0.252 deg, trans=0.023 +- 0.013 m, vel=0.027 +- 0.018 m/s
[2026-07-08 19:57:26.373] [odom] [warning] IMU errors rot=0.064 +- 0.051 deg, trans=0.027 +- 0.015 m, vel=0.079 +- 0.040 m/s
[2026-07-08 19:57:26.373] [odom] [warning] IMU better ratios rot=0.87, trans=0.07, vel=0.13
[2026-07-08 19:57:26.939] [odom] [warning] IMU bias estimation seems inaccurate.
[2026-07-08 19:57:26.939] [odom] [warning] Possibly T_lidar_imu is not accurate or LiDAR-IMU synchronization is not correct.
[2026-07-08 19:57:26.939] [odom] [warning] IMU bias validation results:
[2026-07-08 19:57:26.939] [odom] [warning] num_bias_validations=8640
[2026-07-08 19:57:26.939] [odom] [warning] bias_acc=[-0.117, -0.921, 0.110] m/s^2, bias_gyro=[-0.019, -0.003, 0.001] rad/s
[2026-07-08 19:57:26.939] [odom] [warning] acc_stat ax=0.323 +- 0.255 [min=-0.214, max=0.608], ay=-0.713 +- 0.417 [min=-1.404, max=0.031], az=0.045 +- 0.031 [min=0.008, max=0.119] m/s^2
[2026-07-08 19:57:26.939] [odom] [warning] gyro_stat wx=-0.020 +- 0.001 [min=-0.020, max=-0.017], wy=-0.000 +- 0.002 [min=-0.004, max=0.002], wz=0.001 +- 0.000 [min=0.001, max=0.002] rad/s
[2026-07-08 19:57:30.445] [glim] [info] playback speed: 1.914x
[2026-07-08 19:57:31.379] [odom] [warning] IMU prediction is not good.
[2026-07-08 19:57:31.379] [odom] [warning] Possibly T_lidar_imu is not accurate or IMU bias is not well estimated.
[2026-07-08 19:57:31.380] [odom] [warning] IMU validation results:
[2026-07-08 19:57:31.380] [odom] [warning] num_validations=8256
[2026-07-08 19:57:31.380] [odom] [warning] No-IMU errors rot=0.210 +- 0.252 deg, trans=0.024 +- 0.014 m, vel=0.027 +- 0.018 m/s
[2026-07-08 19:57:31.380] [odom] [warning] IMU errors rot=0.064 +- 0.051 deg, trans=0.027 +- 0.016 m, vel=0.080 +- 0.040 m/s
[2026-07-08 19:57:31.380] [odom] [warning] IMU better ratios rot=0.87, trans=0.07, vel=0.13
[2026-07-08 19:57:31.696] [odom] [warning] IMU bias estimation seems inaccurate.
[2026-07-08 19:57:31.696] [odom] [warning] Possibly T_lidar_imu is not accurate or LiDAR-IMU synchronization is not correct.
[2026-07-08 19:57:31.696] [odom] [warning] IMU bias validation results:
[2026-07-08 19:57:31.696] [odom] [warning] num_bias_validations=8704
[2026-07-08 19:57:31.696] [odom] [warning] bias_acc=[-0.082, -0.902, 0.107] m/s^2, bias_gyro=[-0.019, -0.003, 0.001] rad/s
[2026-07-08 19:57:31.696] [odom] [warning] acc_stat ax=0.320 +- 0.256 [min=-0.214, max=0.608], ay=-0.715 +- 0.415 [min=-1.404, max=0.031], az=0.046 +- 0.031 [min=0.008, max=0.119] m/s^2
[2026-07-08 19:57:31.696] [odom] [warning] gyro_stat wx=-0.020 +- 0.001 [min=-0.020, max=-0.017], wy=-0.000 +- 0.002 [min=-0.004, max=0.002], wz=0.001 +- 0.000 [min=0.001, max=0.002] rad/s
[2026-07-08 19:57:33.467] [odom] [warning] IMU prediction is not good.
[2026-07-08 19:57:33.467] [odom] [warning] Possibly T_lidar_imu is not accurate or IMU bias is not well estimated.
[2026-07-08 19:57:33.467] [odom] [warning] IMU validation results:
[2026-07-08 19:57:33.467] [odom] [warning] num_validations=8320
[2026-07-08 19:57:33.467] [odom] [warning] No-IMU errors rot=0.210 +- 0.251 deg, trans=0.024 +- 0.015 m, vel=0.027 +- 0.018 m/s
[2026-07-08 19:57:33.467] [odom] [warning] IMU errors rot=0.065 +- 0.052 deg, trans=0.028 +- 0.017 m, vel=0.081 +- 0.041 m/s
[2026-07-08 19:57:33.467] [odom] [warning] IMU better ratios rot=0.87, trans=0.07, vel=0.12
[2026-07-08 19:57:34.346] [odom] [warning] IMU bias estimation seems inaccurate.
[2026-07-08 19:57:34.346] [odom] [warning] Possibly T_lidar_imu is not accurate or LiDAR-IMU synchronization is not correct.
[2026-07-08 19:57:34.346] [odom] [warning] IMU bias validation results:
[2026-07-08 19:57:34.346] [odom] [warning] num_bias_validations=8768
[2026-07-08 19:57:34.346] [odom] [warning] bias_acc=[-0.048, -0.884, 0.104] m/s^2, bias_gyro=[-0.020, -0.002, 0.001] rad/s
[2026-07-08 19:57:34.346] [odom] [warning] acc_stat ax=0.317 +- 0.257 [min=-0.214, max=0.608], ay=-0.716 +- 0.414 [min=-1.404, max=0.031], az=0.046 +- 0.031 [min=0.008, max=0.119] m/s^2
[2026-07-08 19:57:34.346] [odom] [warning] gyro_stat wx=-0.020 +- 0.001 [min=-0.020, max=-0.017], wy=-0.000 +- 0.002 [min=-0.004, max=0.002], wz=0.001 +- 0.000 [min=0.001, max=0.002] rad/s
[2026-07-08 19:57:35.462] [glim] [info] playback speed: 2.163x
[2026-07-08 19:57:37.562] [odom] [warning] IMU prediction is not good.
[2026-07-08 19:57:37.562] [odom] [warning] Possibly T_lidar_imu is not accurate or IMU bias is not well estimated.
[2026-07-08 19:57:37.562] [odom] [warning] IMU validation results:
[2026-07-08 19:57:37.562] [odom] [warning] num_validations=8384
[2026-07-08 19:57:37.562] [odom] [warning] No-IMU errors rot=0.209 +- 0.251 deg, trans=0.024 +- 0.015 m, vel=0.027 +- 0.018 m/s
[2026-07-08 19:57:37.562] [odom] [warning] IMU errors rot=0.065 +- 0.052 deg, trans=0.028 +- 0.017 m, vel=0.081 +- 0.041 m/s
[2026-07-08 19:57:37.562] [odom] [warning] IMU better ratios rot=0.87, trans=0.07, vel=0.12
[2026-07-08 19:57:38.531] [odom] [warning] IMU bias estimation seems inaccurate.
[2026-07-08 19:57:38.531] [odom] [warning] Possibly T_lidar_imu is not accurate or LiDAR-IMU synchronization is not correct.
[2026-07-08 19:57:38.531] [odom] [warning] IMU bias validation results:
[2026-07-08 19:57:38.531] [odom] [warning] num_bias_validations=8832
[2026-07-08 19:57:38.531] [odom] [warning] bias_acc=[-0.016, -0.868, 0.101] m/s^2, bias_gyro=[-0.019, -0.002, 0.001] rad/s
[2026-07-08 19:57:38.531] [odom] [warning] acc_stat ax=0.315 +- 0.258 [min=-0.214, max=0.608], ay=-0.717 +- 0.413 [min=-1.404, max=0.031], az=0.046 +- 0.032 [min=0.008, max=0.119] m/s^2
[2026-07-08 19:57:38.531] [odom] [warning] gyro_stat wx=-0.020 +- 0.001 [min=-0.020, max=-0.017], wy=-0.000 +- 0.002 [min=-0.004, max=0.002], wz=0.001 +- 0.000 [min=0.001, max=0.002] rad/s
[2026-07-08 19:57:40.360] [odom] [warning] IMU prediction is not good.
[2026-07-08 19:57:40.360] [odom] [warning] Possibly T_lidar_imu is not accurate or IMU bias is not well estimated.
[2026-07-08 19:57:40.360] [odom] [warning] IMU validation results:
[2026-07-08 19:57:40.360] [odom] [warning] num_validations=8448
[2026-07-08 19:57:40.360] [odom] [warning] No-IMU errors rot=0.209 +- 0.250 deg, trans=0.025 +- 0.016 m, vel=0.027 +- 0.018 m/s
[2026-07-08 19:57:40.360] [odom] [warning] IMU errors rot=0.065 +- 0.052 deg, trans=0.028 +- 0.018 m, vel=0.082 +- 0.042 m/s
[2026-07-08 19:57:40.360] [odom] [warning] IMU better ratios rot=0.87, trans=0.06, vel=0.12
[2026-07-08 19:57:40.467] [glim] [info] playback speed: 1.702x
[2026-07-08 19:57:40.887] [odom] [warning] IMU bias estimation seems inaccurate.
[2026-07-08 19:57:40.887] [odom] [warning] Possibly T_lidar_imu is not accurate or LiDAR-IMU synchronization is not correct.
[2026-07-08 19:57:40.887] [odom] [warning] IMU bias validation results:
[2026-07-08 19:57:40.887] [odom] [warning] num_bias_validations=8896
[2026-07-08 19:57:40.887] [odom] [warning] bias_acc=[0.015, -0.845, 0.099] m/s^2, bias_gyro=[-0.019, -0.001, 0.001] rad/s
[2026-07-08 19:57:40.887] [odom] [warning] acc_stat ax=0.313 +- 0.258 [min=-0.214, max=0.608], ay=-0.718 +- 0.411 [min=-1.404, max=0.031], az=0.047 +- 0.032 [min=0.008, max=0.119] m/s^2
[2026-07-08 19:57:40.887] [odom] [warning] gyro_stat wx=-0.020 +- 0.001 [min=-0.020, max=-0.017], wy=-0.000 +- 0.002 [min=-0.004, max=0.002], wz=0.001 +- 0.000 [min=0.001, max=0.002] rad/s
[2026-07-08 19:57:44.414] [odom] [warning] IMU prediction is not good.
[2026-07-08 19:57:44.414] [odom] [warning] Possibly T_lidar_imu is not accurate or IMU bias is not well estimated.
[2026-07-08 19:57:44.414] [odom] [warning] IMU validation results:
[2026-07-08 19:57:44.414] [odom] [warning] num_validations=8512
[2026-07-08 19:57:44.414] [odom] [warning] No-IMU errors rot=0.209 +- 0.249 deg, trans=0.025 +- 0.016 m, vel=0.027 +- 0.018 m/s
[2026-07-08 19:57:44.414] [odom] [warning] IMU errors rot=0.065 +- 0.052 deg, trans=0.029 +- 0.018 m, vel=0.082 +- 0.042 m/s
[2026-07-08 19:57:44.414] [odom] [warning] IMU better ratios rot=0.87, trans=0.06, vel=0.12
[2026-07-08 19:57:45.163] [odom] [warning] IMU bias estimation seems inaccurate.
[2026-07-08 19:57:45.163] [odom] [warning] Possibly T_lidar_imu is not accurate or LiDAR-IMU synchronization is not correct.
[2026-07-08 19:57:45.163] [odom] [warning] IMU bias validation results:
[2026-07-08 19:57:45.163] [odom] [warning] num_bias_validations=8960
[2026-07-08 19:57:45.163] [odom] [warning] bias_acc=[0.047, -0.823, 0.097] m/s^2, bias_gyro=[-0.019, -0.001, 0.001] rad/s
[2026-07-08 19:57:45.163] [odom] [warning] acc_stat ax=0.311 +- 0.258 [min=-0.214, max=0.608], ay=-0.719 +- 0.410 [min=-1.404, max=0.031], az=0.047 +- 0.032 [min=0.008, max=0.119] m/s^2
[2026-07-08 19:57:45.163] [odom] [warning] gyro_stat wx=-0.020 +- 0.001 [min=-0.020, max=-0.017], wy=-0.000 +- 0.002 [min=-0.004, max=0.002], wz=0.001 +- 0.000 [min=0.001, max=0.002] rad/s
[2026-07-08 19:57:45.467] [glim] [info] playback speed: 2.049x
[2026-07-08 19:57:48.097] [odom] [warning] IMU prediction is not good.
[2026-07-08 19:57:48.097] [odom] [warning] Possibly T_lidar_imu is not accurate or IMU bias is not well estimated.
[2026-07-08 19:57:48.097] [odom] [warning] IMU validation results:
[2026-07-08 19:57:48.097] [odom] [warning] num_validations=8576
[2026-07-08 19:57:48.097] [odom] [warning] No-IMU errors rot=0.208 +- 0.249 deg, trans=0.025 +- 0.016 m, vel=0.027 +- 0.019 m/s
[2026-07-08 19:57:48.097] [odom] [warning] IMU errors rot=0.065 +- 0.052 deg, trans=0.029 +- 0.018 m, vel=0.083 +- 0.042 m/s
[2026-07-08 19:57:48.097] [odom] [warning] IMU better ratios rot=0.87, trans=0.06, vel=0.12
[2026-07-08 19:57:49.511] [odom] [warning] IMU bias estimation seems inaccurate.
[2026-07-08 19:57:49.511] [odom] [warning] Possibly T_lidar_imu is not accurate or LiDAR-IMU synchronization is not correct.
[2026-07-08 19:57:49.511] [odom] [warning] IMU bias validation results:
[2026-07-08 19:57:49.511] [odom] [warning] num_bias_validations=9024
[2026-07-08 19:57:49.511] [odom] [warning] bias_acc=[0.079, -0.805, 0.095] m/s^2, bias_gyro=[-0.019, -0.001, 0.001] rad/s
[2026-07-08 19:57:49.511] [odom] [warning] acc_stat ax=0.309 +- 0.258 [min=-0.214, max=0.608], ay=-0.719 +- 0.409 [min=-1.404, max=0.031], az=0.047 +- 0.032 [min=0.008, max=0.119] m/s^2
[2026-07-08 19:57:49.511] [odom] [warning] gyro_stat wx=-0.020 +- 0.001 [min=-0.020, max=-0.017], wy=-0.000 +- 0.002 [min=-0.004, max=0.002], wz=0.001 +- 0.000 [min=0.001, max=0.002] rad/s
[2026-07-08 19:57:50.415] [odom] [warning] IMU prediction is not good.
[2026-07-08 19:57:50.415] [odom] [warning] Possibly T_lidar_imu is not accurate or IMU bias is not well estimated.
[2026-07-08 19:57:50.415] [odom] [warning] IMU validation results:
[2026-07-08 19:57:50.415] [odom] [warning] num_validations=8640
[2026-07-08 19:57:50.415] [odom] [warning] No-IMU errors rot=0.208 +- 0.248 deg, trans=0.025 +- 0.016 m, vel=0.027 +- 0.019 m/s
[2026-07-08 19:57:50.415] [odom] [warning] IMU errors rot=0.065 +- 0.052 deg, trans=0.029 +- 0.018 m, vel=0.083 +- 0.043 m/s
[2026-07-08 19:57:50.415] [odom] [warning] IMU better ratios rot=0.87, trans=0.06, vel=0.12
[2026-07-08 19:57:50.471] [glim] [info] playback speed: 1.784x
[2026-07-08 19:57:50.856] [odom] [warning] IMU bias estimation seems inaccurate.
[2026-07-08 19:57:50.856] [odom] [warning] Possibly T_lidar_imu is not accurate or LiDAR-IMU synchronization is not correct.
[2026-07-08 19:57:50.856] [odom] [warning] IMU bias validation results:
[2026-07-08 19:57:50.856] [odom] [warning] num_bias_validations=9088
[2026-07-08 19:57:50.856] [odom] [warning] bias_acc=[0.111, -0.787, 0.093] m/s^2, bias_gyro=[-0.019, -0.001, 0.001] rad/s
[2026-07-08 19:57:50.856] [odom] [warning] acc_stat ax=0.308 +- 0.257 [min=-0.214, max=0.608], ay=-0.720 +- 0.407 [min=-1.404, max=0.031], az=0.048 +- 0.032 [min=0.008, max=0.119] m/s^2
[2026-07-08 19:57:50.856] [odom] [warning] gyro_stat wx=-0.020 +- 0.001 [min=-0.020, max=-0.017], wy=-0.000 +- 0.002 [min=-0.004, max=0.002], wz=0.001 +- 0.000 [min=0.001, max=0.002] rad/s
[2026-07-08 19:57:54.526] [odom] [warning] IMU prediction is not good.
[2026-07-08 19:57:54.526] [odom] [warning] Possibly T_lidar_imu is not accurate or IMU bias is not well estimated.
[2026-07-08 19:57:54.526] [odom] [warning] IMU validation results:
[2026-07-08 19:57:54.526] [odom] [warning] num_validations=8704
[2026-07-08 19:57:54.526] [odom] [warning] No-IMU errors rot=0.208 +- 0.247 deg, trans=0.025 +- 0.016 m, vel=0.027 +- 0.019 m/s
[2026-07-08 19:57:54.526] [odom] [warning] IMU errors rot=0.065 +- 0.052 deg, trans=0.029 +- 0.018 m, vel=0.084 +- 0.043 m/s
[2026-07-08 19:57:54.526] [odom] [warning] IMU better ratios rot=0.87, trans=0.06, vel=0.12
[2026-07-08 19:57:54.771] [odom] [warning] IMU bias estimation seems inaccurate.
[2026-07-08 19:57:54.771] [odom] [warning] Possibly T_lidar_imu is not accurate or LiDAR-IMU synchronization is not correct.
[2026-07-08 19:57:54.771] [odom] [warning] IMU bias validation results:
[2026-07-08 19:57:54.771] [odom] [warning] num_bias_validations=9152
[2026-07-08 19:57:54.771] [odom] [warning] bias_acc=[0.146, -0.773, 0.090] m/s^2, bias_gyro=[-0.019, -0.000, 0.001] rad/s
[2026-07-08 19:57:54.771] [odom] [warning] acc_stat ax=0.307 +- 0.257 [min=-0.214, max=0.608], ay=-0.720 +- 0.406 [min=-1.404, max=0.031], az=0.048 +- 0.032 [min=0.008, max=0.119] m/s^2
[2026-07-08 19:57:54.771] [odom] [warning] gyro_stat wx=-0.020 +- 0.001 [min=-0.020, max=-0.017], wy=-0.000 +- 0.002 [min=-0.004, max=0.002], wz=0.001 +- 0.000 [min=0.001, max=0.002] rad/s
[2026-07-08 19:57:55.474] [glim] [info] playback speed: 2.250x
[2026-07-08 19:57:56.225] [odom] [warning] IMU prediction is not good.
[2026-07-08 19:57:56.225] [odom] [warning] Possibly T_lidar_imu is not accurate or IMU bias is not well estimated.
[2026-07-08 19:57:56.225] [odom] [warning] IMU validation results:
[2026-07-08 19:57:56.225] [odom] [warning] num_validations=8768
[2026-07-08 19:57:56.225] [odom] [warning] No-IMU errors rot=0.208 +- 0.248 deg, trans=0.026 +- 0.016 m, vel=0.027 +- 0.019 m/s
[2026-07-08 19:57:56.225] [odom] [warning] IMU errors rot=0.065 +- 0.052 deg, trans=0.029 +- 0.018 m, vel=0.084 +- 0.043 m/s
[2026-07-08 19:57:56.225] [odom] [warning] IMU better ratios rot=0.87, trans=0.06, vel=0.12
[2026-07-08 19:57:57.139] [odom] [warning] IMU bias estimation seems inaccurate.
[2026-07-08 19:57:57.139] [odom] [warning] Possibly T_lidar_imu is not accurate or LiDAR-IMU synchronization is not correct.
[2026-07-08 19:57:57.139] [odom] [warning] IMU bias validation results:
[2026-07-08 19:57:57.139] [odom] [warning] num_bias_validations=9216
[2026-07-08 19:57:57.139] [odom] [warning] bias_acc=[0.174, -0.751, 0.088] m/s^2, bias_gyro=[-0.019, -0.000, 0.001] rad/s
[2026-07-08 19:57:57.139] [odom] [warning] acc_stat ax=0.306 +- 0.256 [min=-0.214, max=0.608], ay=-0.720 +- 0.404 [min=-1.404, max=0.031], az=0.048 +- 0.032 [min=0.008, max=0.119] m/s^2
[2026-07-08 19:57:57.139] [odom] [warning] gyro_stat wx=-0.020 +- 0.001 [min=-0.020, max=-0.017], wy=-0.000 +- 0.002 [min=-0.004, max=0.002], wz=0.001 +- 0.000 [min=0.001, max=0.002] rad/s
[2026-07-08 19:57:59.334] [odom] [warning] IMU prediction is not good.
[2026-07-08 19:57:59.334] [odom] [warning] Possibly T_lidar_imu is not accurate or IMU bias is not well estimated.
[2026-07-08 19:57:59.334] [odom] [warning] IMU validation results:
[2026-07-08 19:57:59.334] [odom] [warning] num_validations=8832
[2026-07-08 19:57:59.334] [odom] [warning] No-IMU errors rot=0.207 +- 0.248 deg, trans=0.026 +- 0.016 m, vel=0.027 +- 0.019 m/s
[2026-07-08 19:57:59.334] [odom] [warning] IMU errors rot=0.064 +- 0.052 deg, trans=0.030 +- 0.018 m, vel=0.085 +- 0.043 m/s
[2026-07-08 19:57:59.334] [odom] [warning] IMU better ratios rot=0.87, trans=0.06, vel=0.12
[2026-07-08 19:58:00.254] [odom] [warning] IMU bias estimation seems inaccurate.
[2026-07-08 19:58:00.254] [odom] [warning] Possibly T_lidar_imu is not accurate or LiDAR-IMU synchronization is not correct.
[2026-07-08 19:58:00.254] [odom] [warning] IMU bias validation results:
[2026-07-08 19:58:00.254] [odom] [warning] num_bias_validations=9280
[2026-07-08 19:58:00.254] [odom] [warning] bias_acc=[0.200, -0.730, 0.086] m/s^2, bias_gyro=[-0.019, 0.000, 0.001] rad/s
[2026-07-08 19:58:00.254] [odom] [warning] acc_stat ax=0.305 +- 0.255 [min=-0.214, max=0.608], ay=-0.720 +- 0.403 [min=-1.404, max=0.031], az=0.049 +- 0.032 [min=0.008, max=0.119] m/s^2
[2026-07-08 19:58:00.254] [odom] [warning] gyro_stat wx=-0.020 +- 0.000 [min=-0.020, max=-0.017], wy=-0.000 +- 0.002 [min=-0.004, max=0.002], wz=0.001 +- 0.000 [min=0.001, max=0.002] rad/s
[2026-07-08 19:58:00.490] [glim] [info] playback speed: 2.164x
[2026-07-08 19:58:02.429] [odom] [warning] IMU prediction is not good.
[2026-07-08 19:58:02.429] [odom] [warning] Possibly T_lidar_imu is not accurate or IMU bias is not well estimated.
[2026-07-08 19:58:02.429] [odom] [warning] IMU validation results:
[2026-07-08 19:58:02.429] [odom] [warning] num_validations=8896
[2026-07-08 19:58:02.429] [odom] [warning] No-IMU errors rot=0.207 +- 0.248 deg, trans=0.026 +- 0.016 m, vel=0.027 +- 0.019 m/s
[2026-07-08 19:58:02.429] [odom] [warning] IMU errors rot=0.064 +- 0.052 deg, trans=0.030 +- 0.018 m, vel=0.085 +- 0.043 m/s
[2026-07-08 19:58:02.429] [odom] [warning] IMU better ratios rot=0.87, trans=0.06, vel=0.12
[2026-07-08 19:58:02.892] [odom] [warning] IMU bias estimation seems inaccurate.
[2026-07-08 19:58:02.892] [odom] [warning] Possibly T_lidar_imu is not accurate or LiDAR-IMU synchronization is not correct.
[2026-07-08 19:58:02.892] [odom] [warning] IMU bias validation results:
[2026-07-08 19:58:02.892] [odom] [warning] num_bias_validations=9344
[2026-07-08 19:58:02.892] [odom] [warning] bias_acc=[0.225, -0.709, 0.085] m/s^2, bias_gyro=[-0.019, 0.000, 0.001] rad/s
[2026-07-08 19:58:02.892] [odom] [warning] acc_stat ax=0.305 +- 0.255 [min=-0.214, max=0.608], ay=-0.720 +- 0.402 [min=-1.404, max=0.031], az=0.049 +- 0.032 [min=0.008, max=0.119] m/s^2
[2026-07-08 19:58:02.892] [odom] [warning] gyro_stat wx=-0.020 +- 0.000 [min=-0.020, max=-0.017], wy=-0.000 +- 0.002 [min=-0.004, max=0.002], wz=0.001 +- 0.000 [min=0.001, max=0.002] rad/s
[2026-07-08 19:58:03.530] [odom] [warning] IMU prediction is not good.
[2026-07-08 19:58:03.530] [odom] [warning] Possibly T_lidar_imu is not accurate or IMU bias is not well estimated.
[2026-07-08 19:58:03.530] [odom] [warning] IMU validation results:
[2026-07-08 19:58:03.530] [odom] [warning] num_validations=8960
[2026-07-08 19:58:03.530] [odom] [warning] No-IMU errors rot=0.206 +- 0.247 deg, trans=0.026 +- 0.016 m, vel=0.027 +- 0.019 m/s
[2026-07-08 19:58:03.530] [odom] [warning] IMU errors rot=0.065 +- 0.052 deg, trans=0.030 +- 0.018 m, vel=0.085 +- 0.043 m/s
[2026-07-08 19:58:03.530] [odom] [warning] IMU better ratios rot=0.87, trans=0.06, vel=0.12
[2026-07-08 19:58:04.351] [odom] [warning] IMU bias estimation seems inaccurate.
[2026-07-08 19:58:04.351] [odom] [warning] Possibly T_lidar_imu is not accurate or LiDAR-IMU synchronization is not correct.
[2026-07-08 19:58:04.351] [odom] [warning] IMU bias validation results:
[2026-07-08 19:58:04.351] [odom] [warning] num_bias_validations=9408
[2026-07-08 19:58:04.351] [odom] [warning] bias_acc=[0.246, -0.685, 0.084] m/s^2, bias_gyro=[-0.019, 0.001, 0.001] rad/s
[2026-07-08 19:58:04.351] [odom] [warning] acc_stat ax=0.304 +- 0.254 [min=-0.214, max=0.608], ay=-0.720 +- 0.400 [min=-1.404, max=0.031], az=0.049 +- 0.032 [min=0.008, max=0.119] m/s^2
[2026-07-08 19:58:04.352] [odom] [warning] gyro_stat wx=-0.020 +- 0.000 [min=-0.020, max=-0.017], wy=-0.000 +- 0.002 [min=-0.004, max=0.002], wz=0.001 +- 0.000 [min=0.001, max=0.002] rad/s
[2026-07-08 19:58:05.407] [odom] [warning] IMU prediction is not good.
[2026-07-08 19:58:05.407] [odom] [warning] Possibly T_lidar_imu is not accurate or IMU bias is not well estimated.
[2026-07-08 19:58:05.407] [odom] [warning] IMU validation results:
[2026-07-08 19:58:05.407] [odom] [warning] num_validations=9024
[2026-07-08 19:58:05.407] [odom] [warning] No-IMU errors rot=0.208 +- 0.249 deg, trans=0.026 +- 0.016 m, vel=0.027 +- 0.019 m/s
[2026-07-08 19:58:05.407] [odom] [warning] IMU errors rot=0.065 +- 0.052 deg, trans=0.030 +- 0.018 m, vel=0.086 +- 0.043 m/s
[2026-07-08 19:58:05.407] [odom] [warning] IMU better ratios rot=0.87, trans=0.06, vel=0.12
[2026-07-08 19:58:05.503] [glim] [info] playback speed: 3.440x
[2026-07-08 19:58:05.721] [odom] [warning] IMU bias estimation seems inaccurate.
[2026-07-08 19:58:05.721] [odom] [warning] Possibly T_lidar_imu is not accurate or LiDAR-IMU synchronization is not correct.
[2026-07-08 19:58:05.721] [odom] [warning] IMU bias validation results:
[2026-07-08 19:58:05.721] [odom] [warning] num_bias_validations=9472
[2026-07-08 19:58:05.721] [odom] [warning] bias_acc=[0.272, -0.659, 0.082] m/s^2, bias_gyro=[-0.019, -0.000, 0.001] rad/s
[2026-07-08 19:58:05.721] [odom] [warning] acc_stat ax=0.304 +- 0.253 [min=-0.214, max=0.608], ay=-0.720 +- 0.399 [min=-1.404, max=0.031], az=0.049 +- 0.032 [min=0.008, max=0.119] m/s^2
[2026-07-08 19:58:05.721] [odom] [warning] gyro_stat wx=-0.020 +- 0.000 [min=-0.020, max=-0.017], wy=-0.000 +- 0.002 [min=-0.004, max=0.002], wz=0.001 +- 0.000 [min=0.001, max=0.002] rad/s
[2026-07-08 19:58:07.235] [odom] [warning] IMU prediction is not good.
[2026-07-08 19:58:07.235] [odom] [warning] Possibly T_lidar_imu is not accurate or IMU bias is not well estimated.
[2026-07-08 19:58:07.235] [odom] [warning] IMU validation results:
[2026-07-08 19:58:07.235] [odom] [warning] num_validations=9088
[2026-07-08 19:58:07.235] [odom] [warning] No-IMU errors rot=0.209 +- 0.251 deg, trans=0.026 +- 0.016 m, vel=0.027 +- 0.019 m/s
[2026-07-08 19:58:07.235] [odom] [warning] IMU errors rot=0.066 +- 0.053 deg, trans=0.030 +- 0.018 m, vel=0.086 +- 0.044 m/s
[2026-07-08 19:58:07.235] [odom] [warning] IMU better ratios rot=0.86, trans=0.06, vel=0.11
[2026-07-08 19:58:07.724] [odom] [warning] IMU bias estimation seems inaccurate.
[2026-07-08 19:58:07.724] [odom] [warning] Possibly T_lidar_imu is not accurate or LiDAR-IMU synchronization is not correct.
[2026-07-08 19:58:07.724] [odom] [warning] IMU bias validation results:
[2026-07-08 19:58:07.724] [odom] [warning] num_bias_validations=9536
[2026-07-08 19:58:07.724] [odom] [warning] bias_acc=[0.310, -0.641, 0.083] m/s^2, bias_gyro=[-0.020, -0.002, 0.002] rad/s
[2026-07-08 19:58:07.724] [odom] [warning] acc_stat ax=0.304 +- 0.252 [min=-0.214, max=0.608], ay=-0.719 +- 0.398 [min=-1.404, max=0.031], az=0.050 +- 0.032 [min=0.008, max=0.119] m/s^2
[2026-07-08 19:58:07.724] [odom] [warning] gyro_stat wx=-0.020 +- 0.000 [min=-0.020, max=-0.017], wy=-0.000 +- 0.002 [min=-0.004, max=0.002], wz=0.001 +- 0.000 [min=0.001, max=0.002] rad/s
[2026-07-08 19:58:08.813] [odom] [warning] IMU prediction is not good.
[2026-07-08 19:58:08.813] [odom] [warning] Possibly T_lidar_imu is not accurate or IMU bias is not well estimated.
[2026-07-08 19:58:08.813] [odom] [warning] IMU validation results:
[2026-07-08 19:58:08.813] [odom] [warning] num_validations=9152
[2026-07-08 19:58:08.813] [odom] [warning] No-IMU errors rot=0.210 +- 0.251 deg, trans=0.026 +- 0.017 m, vel=0.028 +- 0.019 m/s
[2026-07-08 19:58:08.813] [odom] [warning] IMU errors rot=0.067 +- 0.055 deg, trans=0.030 +- 0.019 m, vel=0.087 +- 0.045 m/s
[2026-07-08 19:58:08.813] [odom] [warning] IMU better ratios rot=0.86, trans=0.06, vel=0.11
[2026-07-08 19:58:09.279] [odom] [warning] IMU bias estimation seems inaccurate.
[2026-07-08 19:58:09.279] [odom] [warning] Possibly T_lidar_imu is not accurate or LiDAR-IMU synchronization is not correct.
[2026-07-08 19:58:09.279] [odom] [warning] IMU bias validation results:
[2026-07-08 19:58:09.279] [odom] [warning] num_bias_validations=9600
[2026-07-08 19:58:09.279] [odom] [warning] bias_acc=[0.356, -0.619, 0.082] m/s^2, bias_gyro=[-0.019, -0.001, 0.001] rad/s
[2026-07-08 19:58:09.279] [odom] [warning] acc_stat ax=0.304 +- 0.251 [min=-0.214, max=0.608], ay=-0.718 +- 0.396 [min=-1.404, max=0.031], az=0.050 +- 0.032 [min=0.008, max=0.119] m/s^2
[2026-07-08 19:58:09.279] [odom] [warning] gyro_stat wx=-0.020 +- 0.000 [min=-0.020, max=-0.017], wy=-0.000 +- 0.002 [min=-0.004, max=0.002], wz=0.001 +- 0.000 [min=0.001, max=0.002] rad/s
[2026-07-08 19:58:10.515] [glim] [info] playback speed: 3.562x
[2026-07-08 19:58:11.042] [odom] [warning] IMU prediction is not good.
[2026-07-08 19:58:11.042] [odom] [warning] Possibly T_lidar_imu is not accurate or IMU bias is not well estimated.
[2026-07-08 19:58:11.042] [odom] [warning] IMU validation results:
[2026-07-08 19:58:11.042] [odom] [warning] num_validations=9216
[2026-07-08 19:58:11.042] [odom] [warning] No-IMU errors rot=0.210 +- 0.250 deg, trans=0.026 +- 0.017 m, vel=0.028 +- 0.019 m/s
[2026-07-08 19:58:11.042] [odom] [warning] IMU errors rot=0.067 +- 0.055 deg, trans=0.031 +- 0.019 m, vel=0.088 +- 0.045 m/s
[2026-07-08 19:58:11.042] [odom] [warning] IMU better ratios rot=0.86, trans=0.06, vel=0.11
[2026-07-08 19:58:12.038] [odom] [warning] IMU bias estimation seems inaccurate.
[2026-07-08 19:58:12.038] [odom] [warning] Possibly T_lidar_imu is not accurate or LiDAR-IMU synchronization is not correct.
[2026-07-08 19:58:12.038] [odom] [warning] IMU bias validation results:
[2026-07-08 19:58:12.038] [odom] [warning] num_bias_validations=9664
[2026-07-08 19:58:12.039] [odom] [warning] bias_acc=[0.397, -0.600, 0.081] m/s^2, bias_gyro=[-0.020, -0.000, 0.001] rad/s
[2026-07-08 19:58:12.039] [odom] [warning] acc_stat ax=0.305 +- 0.251 [min=-0.214, max=0.608], ay=-0.718 +- 0.395 [min=-1.404, max=0.031], az=0.050 +- 0.032 [min=0.008, max=0.119] m/s^2
[2026-07-08 19:58:12.039] [odom] [warning] gyro_stat wx=-0.020 +- 0.000 [min=-0.020, max=-0.017], wy=-0.000 +- 0.002 [min=-0.004, max=0.002], wz=0.001 +- 0.000 [min=0.001, max=0.002] rad/s
[2026-07-08 19:58:14.032] [odom] [warning] IMU prediction is not good.
[2026-07-08 19:58:14.032] [odom] [warning] Possibly T_lidar_imu is not accurate or IMU bias is not well estimated.
[2026-07-08 19:58:14.032] [odom] [warning] IMU validation results:
[2026-07-08 19:58:14.032] [odom] [warning] num_validations=9280
[2026-07-08 19:58:14.032] [odom] [warning] No-IMU errors rot=0.209 +- 0.250 deg, trans=0.027 +- 0.017 m, vel=0.028 +- 0.019 m/s
[2026-07-08 19:58:14.032] [odom] [warning] IMU errors rot=0.067 +- 0.055 deg, trans=0.031 +- 0.019 m, vel=0.088 +- 0.046 m/s
[2026-07-08 19:58:14.032] [odom] [warning] IMU better ratios rot=0.86, trans=0.06, vel=0.11
[2026-07-08 19:58:14.640] [odom] [warning] IMU bias estimation seems inaccurate.
[2026-07-08 19:58:14.640] [odom] [warning] Possibly T_lidar_imu is not accurate or LiDAR-IMU synchronization is not correct.
[2026-07-08 19:58:14.640] [odom] [warning] IMU bias validation results:
[2026-07-08 19:58:14.640] [odom] [warning] num_bias_validations=9728
[2026-07-08 19:58:14.640] [odom] [warning] bias_acc=[0.431, -0.581, 0.080] m/s^2, bias_gyro=[-0.020, 0.000, 0.001] rad/s
[2026-07-08 19:58:14.640] [odom] [warning] acc_stat ax=0.306 +- 0.250 [min=-0.214, max=0.608], ay=-0.717 +- 0.394 [min=-1.404, max=0.031], az=0.050 +- 0.032 [min=0.008, max=0.119] m/s^2
[2026-07-08 19:58:14.640] [odom] [warning] gyro_stat wx=-0.020 +- 0.000 [min=-0.020, max=-0.017], wy=-0.000 +- 0.001 [min=-0.004, max=0.002], wz=0.001 +- 0.000 [min=0.001, max=0.002] rad/s
[2026-07-08 19:58:15.547] [glim] [info] playback speed: 2.339x
[2026-07-08 19:58:16.854] [odom] [warning] IMU prediction is not good.
[2026-07-08 19:58:16.854] [odom] [warning] Possibly T_lidar_imu is not accurate or IMU bias is not well estimated.
[2026-07-08 19:58:16.854] [odom] [warning] IMU validation results:
[2026-07-08 19:58:16.854] [odom] [warning] num_validations=9344
[2026-07-08 19:58:16.854] [odom] [warning] No-IMU errors rot=0.209 +- 0.249 deg, trans=0.027 +- 0.017 m, vel=0.028 +- 0.019 m/s
[2026-07-08 19:58:16.854] [odom] [warning] IMU errors rot=0.067 +- 0.055 deg, trans=0.031 +- 0.019 m, vel=0.089 +- 0.046 m/s
[2026-07-08 19:58:16.854] [odom] [warning] IMU better ratios rot=0.86, trans=0.06, vel=0.11
[2026-07-08 19:58:17.838] [odom] [warning] IMU bias estimation seems inaccurate.
[2026-07-08 19:58:17.838] [odom] [warning] Possibly T_lidar_imu is not accurate or LiDAR-IMU synchronization is not correct.
[2026-07-08 19:58:17.838] [odom] [warning] IMU bias validation results:
[2026-07-08 19:58:17.838] [odom] [warning] num_bias_validations=9792
[2026-07-08 19:58:17.838] [odom] [warning] bias_acc=[0.459, -0.557, 0.079] m/s^2, bias_gyro=[-0.019, 0.001, 0.001] rad/s
[2026-07-08 19:58:17.838] [odom] [warning] acc_stat ax=0.307 +- 0.249 [min=-0.214, max=0.608], ay=-0.716 +- 0.393 [min=-1.404, max=0.031], az=0.050 +- 0.032 [min=0.008, max=0.119] m/s^2
[2026-07-08 19:58:17.838] [odom] [warning] gyro_stat wx=-0.020 +- 0.000 [min=-0.020, max=-0.017], wy=-0.000 +- 0.001 [min=-0.004, max=0.002], wz=0.001 +- 0.000 [min=0.001, max=0.002] rad/s
[2026-07-08 19:58:18.467] [odom] [warning] IMU prediction is not good.
[2026-07-08 19:58:18.467] [odom] [warning] Possibly T_lidar_imu is not accurate or IMU bias is not well estimated.
[2026-07-08 19:58:18.467] [odom] [warning] IMU validation results:
[2026-07-08 19:58:18.467] [odom] [warning] num_validations=9408
[2026-07-08 19:58:18.467] [odom] [warning] No-IMU errors rot=0.209 +- 0.249 deg, trans=0.027 +- 0.017 m, vel=0.028 +- 0.019 m/s
[2026-07-08 19:58:18.467] [odom] [warning] IMU errors rot=0.067 +- 0.054 deg, trans=0.031 +- 0.019 m, vel=0.089 +- 0.046 m/s
[2026-07-08 19:58:18.467] [odom] [warning] IMU better ratios rot=0.86, trans=0.06, vel=0.11
[2026-07-08 19:58:18.981] [odom] [warning] IMU bias estimation seems inaccurate.
[2026-07-08 19:58:18.982] [odom] [warning] Possibly T_lidar_imu is not accurate or LiDAR-IMU synchronization is not correct.
[2026-07-08 19:58:18.982] [odom] [warning] IMU bias validation results:
[2026-07-08 19:58:18.982] [odom] [warning] num_bias_validations=9856
[2026-07-08 19:58:18.982] [odom] [warning] bias_acc=[0.490, -0.539, 0.078] m/s^2, bias_gyro=[-0.020, 0.000, 0.001] rad/s
[2026-07-08 19:58:18.982] [odom] [warning] acc_stat ax=0.308 +- 0.249 [min=-0.214, max=0.608], ay=-0.715 +- 0.392 [min=-1.404, max=0.031], az=0.051 +- 0.032 [min=0.008, max=0.119] m/s^2
[2026-07-08 19:58:18.982] [odom] [warning] gyro_stat wx=-0.020 +- 0.000 [min=-0.020, max=-0.017], wy=-0.000 +- 0.001 [min=-0.004, max=0.002], wz=0.001 +- 0.000 [min=0.001, max=0.002] rad/s
[2026-07-08 19:58:20.585] [glim] [info] playback speed: 2.839x
[2026-07-08 19:58:21.328] [odom] [warning] IMU prediction is not good.
[2026-07-08 19:58:21.328] [odom] [warning] Possibly T_lidar_imu is not accurate or IMU bias is not well estimated.
[2026-07-08 19:58:21.328] [odom] [warning] IMU validation results:
[2026-07-08 19:58:21.328] [odom] [warning] num_validations=9472
[2026-07-08 19:58:21.328] [odom] [warning] No-IMU errors rot=0.209 +- 0.249 deg, trans=0.027 +- 0.017 m, vel=0.028 +- 0.019 m/s
[2026-07-08 19:58:21.328] [odom] [warning] IMU errors rot=0.067 +- 0.055 deg, trans=0.031 +- 0.019 m, vel=0.089 +- 0.046 m/s
[2026-07-08 19:58:21.328] [odom] [warning] IMU better ratios rot=0.86, trans=0.06, vel=0.11
[2026-07-08 19:58:22.356] [odom] [warning] IMU bias estimation seems inaccurate.
[2026-07-08 19:58:22.356] [odom] [warning] Possibly T_lidar_imu is not accurate or LiDAR-IMU synchronization is not correct.
[2026-07-08 19:58:22.356] [odom] [warning] IMU bias validation results:
[2026-07-08 19:58:22.356] [odom] [warning] num_bias_validations=9920
[2026-07-08 19:58:22.356] [odom] [warning] bias_acc=[0.518, -0.518, 0.077] m/s^2, bias_gyro=[-0.019, 0.001, 0.001] rad/s
[2026-07-08 19:58:22.356] [odom] [warning] acc_stat ax=0.309 +- 0.249 [min=-0.214, max=0.608], ay=-0.713 +- 0.391 [min=-1.404, max=0.031], az=0.051 +- 0.032 [min=0.008, max=0.119] m/s^2
[2026-07-08 19:58:22.356] [odom] [warning] gyro_stat wx=-0.020 +- 0.000 [min=-0.020, max=-0.017], wy=-0.000 +- 0.001 [min=-0.004, max=0.002], wz=0.001 +- 0.000 [min=0.001, max=0.002] rad/s
[2026-07-08 19:58:24.499] [odom] [warning] IMU prediction is not good.
[2026-07-08 19:58:24.499] [odom] [warning] Possibly T_lidar_imu is not accurate or IMU bias is not well estimated.
[2026-07-08 19:58:24.499] [odom] [warning] IMU validation results:
[2026-07-08 19:58:24.499] [odom] [warning] num_validations=9536
[2026-07-08 19:58:24.499] [odom] [warning] No-IMU errors rot=0.209 +- 0.248 deg, trans=0.027 +- 0.017 m, vel=0.028 +- 0.019 m/s
[2026-07-08 19:58:24.499] [odom] [warning] IMU errors rot=0.067 +- 0.054 deg, trans=0.031 +- 0.019 m, vel=0.090 +- 0.046 m/s
[2026-07-08 19:58:24.499] [odom] [warning] IMU better ratios rot=0.86, trans=0.06, vel=0.11
[2026-07-08 19:58:24.637] [odom] [warning] IMU bias estimation seems inaccurate.
[2026-07-08 19:58:24.637] [odom] [warning] Possibly T_lidar_imu is not accurate or LiDAR-IMU synchronization is not correct.
[2026-07-08 19:58:24.637] [odom] [warning] IMU bias validation results:
[2026-07-08 19:58:24.637] [odom] [warning] num_bias_validations=9984
[2026-07-08 19:58:24.637] [odom] [warning] bias_acc=[0.546, -0.496, 0.077] m/s^2, bias_gyro=[-0.019, 0.000, 0.001] rad/s
[2026-07-08 19:58:24.637] [odom] [warning] acc_stat ax=0.311 +- 0.249 [min=-0.214, max=0.608], ay=-0.712 +- 0.390 [min=-1.404, max=0.031], az=0.051 +- 0.032 [min=0.008, max=0.119] m/s^2
[2026-07-08 19:58:24.637] [odom] [warning] gyro_stat wx=-0.020 +- 0.000 [min=-0.020, max=-0.017], wy=-0.000 +- 0.001 [min=-0.004, max=0.002], wz=0.001 +- 0.000 [min=0.001, max=0.002] rad/s
[2026-07-08 19:58:25.587] [glim] [info] playback speed: 2.718x
[2026-07-08 19:58:25.822] [odom] [warning] IMU prediction is not good.
[2026-07-08 19:58:25.822] [odom] [warning] Possibly T_lidar_imu is not accurate or IMU bias is not well estimated.
[2026-07-08 19:58:25.822] [odom] [warning] IMU validation results:
[2026-07-08 19:58:25.822] [odom] [warning] num_validations=9600
[2026-07-08 19:58:25.822] [odom] [warning] No-IMU errors rot=0.208 +- 0.248 deg, trans=0.027 +- 0.017 m, vel=0.027 +- 0.019 m/s
[2026-07-08 19:58:25.822] [odom] [warning] IMU errors rot=0.067 +- 0.054 deg, trans=0.031 +- 0.019 m, vel=0.090 +- 0.046 m/s
[2026-07-08 19:58:25.822] [odom] [warning] IMU better ratios rot=0.86, trans=0.06, vel=0.11
[2026-07-08 19:58:26.828] [odom] [warning] IMU bias estimation seems inaccurate.
[2026-07-08 19:58:26.828] [odom] [warning] Possibly T_lidar_imu is not accurate or LiDAR-IMU synchronization is not correct.
[2026-07-08 19:58:26.828] [odom] [warning] IMU bias validation results:
[2026-07-08 19:58:26.828] [odom] [warning] num_bias_validations=10048
[2026-07-08 19:58:26.828] [odom] [warning] bias_acc=[0.576, -0.476, 0.077] m/s^2, bias_gyro=[-0.019, 0.000, 0.001] rad/s
[2026-07-08 19:58:26.828] [odom] [warning] acc_stat ax=0.313 +- 0.249 [min=-0.214, max=0.608], ay=-0.710 +- 0.389 [min=-1.404, max=0.031], az=0.051 +- 0.032 [min=0.008, max=0.119] m/s^2
[2026-07-08 19:58:26.828] [odom] [warning] gyro_stat wx=-0.020 +- 0.000 [min=-0.020, max=-0.017], wy=-0.000 +- 0.001 [min=-0.004, max=0.002], wz=0.001 +- 0.000 [min=0.001, max=0.002] rad/s
[2026-07-08 19:58:29.298] [odom] [warning] IMU prediction is not good.
[2026-07-08 19:58:29.298] [odom] [warning] Possibly T_lidar_imu is not accurate or IMU bias is not well estimated.
[2026-07-08 19:58:29.298] [odom] [warning] IMU validation results:
[2026-07-08 19:58:29.298] [odom] [warning] num_validations=9664
[2026-07-08 19:58:29.298] [odom] [warning] No-IMU errors rot=0.208 +- 0.247 deg, trans=0.027 +- 0.017 m, vel=0.027 +- 0.019 m/s
[2026-07-08 19:58:29.298] [odom] [warning] IMU errors rot=0.067 +- 0.054 deg, trans=0.031 +- 0.019 m, vel=0.090 +- 0.046 m/s
[2026-07-08 19:58:29.298] [odom] [warning] IMU better ratios rot=0.86, trans=0.06, vel=0.11
[2026-07-08 19:58:30.359] [odom] [warning] IMU bias estimation seems inaccurate.
[2026-07-08 19:58:30.359] [odom] [warning] Possibly T_lidar_imu is not accurate or LiDAR-IMU synchronization is not correct.
[2026-07-08 19:58:30.359] [odom] [warning] IMU bias validation results:
[2026-07-08 19:58:30.359] [odom] [warning] num_bias_validations=10112
[2026-07-08 19:58:30.359] [odom] [warning] bias_acc=[0.604, -0.455, 0.076] m/s^2, bias_gyro=[-0.019, 0.000, 0.001] rad/s
[2026-07-08 19:58:30.359] [odom] [warning] acc_stat ax=0.314 +- 0.249 [min=-0.214, max=0.608], ay=-0.709 +- 0.389 [min=-1.404, max=0.031], az=0.051 +- 0.032 [min=0.008, max=0.119] m/s^2
[2026-07-08 19:58:30.359] [odom] [warning] gyro_stat wx=-0.020 +- 0.000 [min=-0.020, max=-0.017], wy=-0.000 +- 0.001 [min=-0.004, max=0.002], wz=0.001 +- 0.000 [min=0.001, max=0.002] rad/s
[2026-07-08 19:58:30.631] [glim] [info] playback speed: 1.930x
[2026-07-08 19:58:32.823] [odom] [warning] IMU prediction is not good.
[2026-07-08 19:58:32.823] [odom] [warning] Possibly T_lidar_imu is not accurate or IMU bias is not well estimated.
[2026-07-08 19:58:32.823] [odom] [warning] IMU validation results:
[2026-07-08 19:58:32.823] [odom] [warning] num_validations=9728
[2026-07-08 19:58:32.823] [odom] [warning] No-IMU errors rot=0.207 +- 0.246 deg, trans=0.027 +- 0.017 m, vel=0.027 +- 0.019 m/s
[2026-07-08 19:58:32.823] [odom] [warning] IMU errors rot=0.066 +- 0.054 deg, trans=0.031 +- 0.019 m, vel=0.091 +- 0.046 m/s
[2026-07-08 19:58:32.823] [odom] [warning] IMU better ratios rot=0.86, trans=0.06, vel=0.11
[2026-07-08 19:58:33.011] [odom] [warning] IMU bias estimation seems inaccurate.
[2026-07-08 19:58:33.011] [odom] [warning] Possibly T_lidar_imu is not accurate or LiDAR-IMU synchronization is not correct.
[2026-07-08 19:58:33.011] [odom] [warning] IMU bias validation results:
[2026-07-08 19:58:33.011] [odom] [warning] num_bias_validations=10176
[2026-07-08 19:58:33.011] [odom] [warning] bias_acc=[0.631, -0.437, 0.076] m/s^2, bias_gyro=[-0.020, 0.001, 0.001] rad/s
[2026-07-08 19:58:33.011] [odom] [warning] acc_stat ax=0.316 +- 0.250 [min=-0.214, max=0.631], ay=-0.707 +- 0.388 [min=-1.404, max=0.031], az=0.051 +- 0.032 [min=0.008, max=0.119] m/s^2
[2026-07-08 19:58:33.011] [odom] [warning] gyro_stat wx=-0.020 +- 0.000 [min=-0.020, max=-0.017], wy=-0.000 +- 0.001 [min=-0.004, max=0.002], wz=0.001 +- 0.000 [min=0.001, max=0.002] rad/s
[2026-07-08 19:58:34.117] [odom] [warning] IMU prediction is not good.
[2026-07-08 19:58:34.117] [odom] [warning] Possibly T_lidar_imu is not accurate or IMU bias is not well estimated.
[2026-07-08 19:58:34.117] [odom] [warning] IMU validation results:
[2026-07-08 19:58:34.117] [odom] [warning] num_validations=9792
[2026-07-08 19:58:34.117] [odom] [warning] No-IMU errors rot=0.207 +- 0.246 deg, trans=0.027 +- 0.017 m, vel=0.027 +- 0.019 m/s
[2026-07-08 19:58:34.117] [odom] [warning] IMU errors rot=0.066 +- 0.054 deg, trans=0.031 +- 0.019 m, vel=0.091 +- 0.046 m/s
[2026-07-08 19:58:34.117] [odom] [warning] IMU better ratios rot=0.86, trans=0.06, vel=0.11
[2026-07-08 19:58:35.110] [odom] [warning] IMU bias estimation seems inaccurate.
[2026-07-08 19:58:35.110] [odom] [warning] Possibly T_lidar_imu is not accurate or LiDAR-IMU synchronization is not correct.
[2026-07-08 19:58:35.110] [odom] [warning] IMU bias validation results:
[2026-07-08 19:58:35.110] [odom] [warning] num_bias_validations=10240
[2026-07-08 19:58:35.110] [odom] [warning] bias_acc=[0.654, -0.417, 0.075] m/s^2, bias_gyro=[-0.020, 0.001, 0.001] rad/s
[2026-07-08 19:58:35.110] [odom] [warning] acc_stat ax=0.318 +- 0.250 [min=-0.214, max=0.654], ay=-0.705 +- 0.387 [min=-1.404, max=0.031], az=0.051 +- 0.032 [min=0.008, max=0.119] m/s^2
[2026-07-08 19:58:35.110] [odom] [warning] gyro_stat wx=-0.020 +- 0.000 [min=-0.020, max=-0.017], wy=-0.000 +- 0.001 [min=-0.004, max=0.002], wz=0.001 +- 0.000 [min=0.001, max=0.002] rad/s
[2026-07-08 19:58:35.647] [glim] [info] playback speed: 2.690x
[2026-07-08 19:58:37.565] [odom] [warning] IMU prediction is not good.
[2026-07-08 19:58:37.565] [odom] [warning] Possibly T_lidar_imu is not accurate or IMU bias is not well estimated.
[2026-07-08 19:58:37.565] [odom] [warning] IMU validation results:
[2026-07-08 19:58:37.565] [odom] [warning] num_validations=9856
[2026-07-08 19:58:37.565] [odom] [warning] No-IMU errors rot=0.207 +- 0.245 deg, trans=0.027 +- 0.017 m, vel=0.027 +- 0.019 m/s
[2026-07-08 19:58:37.565] [odom] [warning] IMU errors rot=0.066 +- 0.054 deg, trans=0.032 +- 0.019 m, vel=0.091 +- 0.046 m/s
[2026-07-08 19:58:37.565] [odom] [warning] IMU better ratios rot=0.86, trans=0.06, vel=0.11
[2026-07-08 19:58:38.627] [odom] [warning] IMU bias estimation seems inaccurate.
[2026-07-08 19:58:38.627] [odom] [warning] Possibly T_lidar_imu is not accurate or LiDAR-IMU synchronization is not correct.
[2026-07-08 19:58:38.627] [odom] [warning] IMU bias validation results:
[2026-07-08 19:58:38.627] [odom] [warning] num_bias_validations=10304
[2026-07-08 19:58:38.627] [odom] [warning] bias_acc=[0.678, -0.400, 0.075] m/s^2, bias_gyro=[-0.020, 0.001, 0.001] rad/s
[2026-07-08 19:58:38.627] [odom] [warning] acc_stat ax=0.321 +- 0.251 [min=-0.214, max=0.678], ay=-0.703 +- 0.387 [min=-1.404, max=0.031], az=0.052 +- 0.032 [min=0.008, max=0.119] m/s^2
[2026-07-08 19:58:38.627] [odom] [warning] gyro_stat wx=-0.020 +- 0.000 [min=-0.020, max=-0.017], wy=-0.000 +- 0.001 [min=-0.004, max=0.002], wz=0.001 +- 0.000 [min=0.001, max=0.002] rad/s
[2026-07-08 19:58:39.856] [odom] [warning] IMU prediction is not good.
[2026-07-08 19:58:39.856] [odom] [warning] Possibly T_lidar_imu is not accurate or IMU bias is not well estimated.
[2026-07-08 19:58:39.856] [odom] [warning] IMU validation results:
[2026-07-08 19:58:39.856] [odom] [warning] num_validations=9920
[2026-07-08 19:58:39.856] [odom] [warning] No-IMU errors rot=0.206 +- 0.244 deg, trans=0.027 +- 0.017 m, vel=0.027 +- 0.019 m/s
[2026-07-08 19:58:39.856] [odom] [warning] IMU errors rot=0.066 +- 0.054 deg, trans=0.032 +- 0.019 m, vel=0.091 +- 0.046 m/s
[2026-07-08 19:58:39.856] [odom] [warning] IMU better ratios rot=0.86, trans=0.06, vel=0.11
[2026-07-08 19:58:40.092] [odom] [warning] IMU bias estimation seems inaccurate.
[2026-07-08 19:58:40.092] [odom] [warning] Possibly T_lidar_imu is not accurate or LiDAR-IMU synchronization is not correct.
[2026-07-08 19:58:40.092] [odom] [warning] IMU bias validation results:
[2026-07-08 19:58:40.092] [odom] [warning] num_bias_validations=10368
[2026-07-08 19:58:40.092] [odom] [warning] bias_acc=[0.702, -0.381, 0.074] m/s^2, bias_gyro=[-0.020, 0.001, 0.001] rad/s
[2026-07-08 19:58:40.092] [odom] [warning] acc_stat ax=0.323 +- 0.252 [min=-0.214, max=0.702], ay=-0.701 +- 0.387 [min=-1.404, max=0.031], az=0.052 +- 0.032 [min=0.008, max=0.119] m/s^2
[2026-07-08 19:58:40.092] [odom] [warning] gyro_stat wx=-0.020 +- 0.000 [min=-0.020, max=-0.017], wy=-0.000 +- 0.001 [min=-0.004, max=0.002], wz=0.001 +- 0.000 [min=0.001, max=0.002] rad/s
[2026-07-08 19:58:40.657] [glim] [info] playback speed: 2.652x
[2026-07-08 19:58:42.102] [odom] [warning] IMU prediction is not good.
[2026-07-08 19:58:42.102] [odom] [warning] Possibly T_lidar_imu is not accurate or IMU bias is not well estimated.
[2026-07-08 19:58:42.102] [odom] [warning] IMU validation results:
[2026-07-08 19:58:42.102] [odom] [warning] num_validations=9984
[2026-07-08 19:58:42.102] [odom] [warning] No-IMU errors rot=0.205 +- 0.244 deg, trans=0.027 +- 0.017 m, vel=0.027 +- 0.019 m/s
[2026-07-08 19:58:42.102] [odom] [warning] IMU errors rot=0.066 +- 0.054 deg, trans=0.032 +- 0.019 m, vel=0.092 +- 0.046 m/s
[2026-07-08 19:58:42.102] [odom] [warning] IMU better ratios rot=0.86, trans=0.05, vel=0.10
[2026-07-08 19:58:43.092] [odom] [warning] IMU bias estimation seems inaccurate.
[2026-07-08 19:58:43.092] [odom] [warning] Possibly T_lidar_imu is not accurate or LiDAR-IMU synchronization is not correct.
[2026-07-08 19:58:43.092] [odom] [warning] IMU bias validation results:
[2026-07-08 19:58:43.092] [odom] [warning] num_bias_validations=10432
[2026-07-08 19:58:43.092] [odom] [warning] bias_acc=[0.722, -0.362, 0.074] m/s^2, bias_gyro=[-0.020, 0.001, 0.001] rad/s
[2026-07-08 19:58:43.092] [odom] [warning] acc_stat ax=0.326 +- 0.253 [min=-0.214, max=0.722], ay=-0.699 +- 0.386 [min=-1.404, max=0.031], az=0.052 +- 0.032 [min=0.008, max=0.119] m/s^2
[2026-07-08 19:58:43.092] [odom] [warning] gyro_stat wx=-0.020 +- 0.000 [min=-0.020, max=-0.017], wy=-0.000 +- 0.001 [min=-0.004, max=0.002], wz=0.001 +- 0.000 [min=0.001, max=0.002] rad/s
[2026-07-08 19:58:45.242] [odom] [warning] IMU prediction is not good.
[2026-07-08 19:58:45.242] [odom] [warning] Possibly T_lidar_imu is not accurate or IMU bias is not well estimated.
[2026-07-08 19:58:45.242] [odom] [warning] IMU validation results:
[2026-07-08 19:58:45.242] [odom] [warning] num_validations=10048
[2026-07-08 19:58:45.242] [odom] [warning] No-IMU errors rot=0.205 +- 0.243 deg, trans=0.028 +- 0.017 m, vel=0.027 +- 0.019 m/s
[2026-07-08 19:58:45.242] [odom] [warning] IMU errors rot=0.066 +- 0.054 deg, trans=0.032 +- 0.019 m, vel=0.092 +- 0.046 m/s
[2026-07-08 19:58:45.242] [odom] [warning] IMU better ratios rot=0.86, trans=0.05, vel=0.10
[2026-07-08 19:58:45.434] [odom] [warning] IMU bias estimation seems inaccurate.
[2026-07-08 19:58:45.434] [odom] [warning] Possibly T_lidar_imu is not accurate or LiDAR-IMU synchronization is not correct.
[2026-07-08 19:58:45.434] [odom] [warning] IMU bias validation results:
[2026-07-08 19:58:45.434] [odom] [warning] num_bias_validations=10496
[2026-07-08 19:58:45.434] [odom] [warning] bias_acc=[0.743, -0.347, 0.073] m/s^2, bias_gyro=[-0.020, 0.001, 0.001] rad/s
[2026-07-08 19:58:45.434] [odom] [warning] acc_stat ax=0.328 +- 0.255 [min=-0.214, max=0.743], ay=-0.697 +- 0.386 [min=-1.404, max=0.031], az=0.052 +- 0.032 [min=0.008, max=0.119] m/s^2
[2026-07-08 19:58:45.434] [odom] [warning] gyro_stat wx=-0.020 +- 0.000 [min=-0.020, max=-0.017], wy=-0.000 +- 0.001 [min=-0.004, max=0.002], wz=0.001 +- 0.000 [min=0.001, max=0.002] rad/s
[2026-07-08 19:58:45.675] [glim] [info] playback speed: 2.547x
[2026-07-08 19:58:46.582] [odom] [warning] IMU prediction is not good.
[2026-07-08 19:58:46.582] [odom] [warning] Possibly T_lidar_imu is not accurate or IMU bias is not well estimated.
[2026-07-08 19:58:46.582] [odom] [warning] IMU validation results:
[2026-07-08 19:58:46.582] [odom] [warning] num_validations=10112
[2026-07-08 19:58:46.582] [odom] [warning] No-IMU errors rot=0.205 +- 0.243 deg, trans=0.028 +- 0.017 m, vel=0.027 +- 0.019 m/s
[2026-07-08 19:58:46.582] [odom] [warning] IMU errors rot=0.066 +- 0.054 deg, trans=0.032 +- 0.019 m, vel=0.092 +- 0.046 m/s
[2026-07-08 19:58:46.582] [odom] [warning] IMU better ratios rot=0.86, trans=0.05, vel=0.10
[2026-07-08 19:58:47.585] [odom] [warning] IMU bias estimation seems inaccurate.
[2026-07-08 19:58:47.585] [odom] [warning] Possibly T_lidar_imu is not accurate or LiDAR-IMU synchronization is not correct.
[2026-07-08 19:58:47.585] [odom] [warning] IMU bias validation results:
[2026-07-08 19:58:47.585] [odom] [warning] num_bias_validations=10560
[2026-07-08 19:58:47.585] [odom] [warning] bias_acc=[0.760, -0.332, 0.073] m/s^2, bias_gyro=[-0.020, 0.001, 0.001] rad/s
[2026-07-08 19:58:47.585] [odom] [warning] acc_stat ax=0.331 +- 0.256 [min=-0.214, max=0.760], ay=-0.695 +- 0.386 [min=-1.404, max=0.031], az=0.052 +- 0.032 [min=0.008, max=0.119] m/s^2
[2026-07-08 19:58:47.585] [odom] [warning] gyro_stat wx=-0.020 +- 0.000 [min=-0.020, max=-0.017], wy=-0.000 +- 0.001 [min=-0.004, max=0.002], wz=0.001 +- 0.000 [min=0.001, max=0.002] rad/s
[2026-07-08 19:58:49.393] [odom] [warning] IMU prediction is not good.
[2026-07-08 19:58:49.393] [odom] [warning] Possibly T_lidar_imu is not accurate or IMU bias is not well estimated.
[2026-07-08 19:58:49.393] [odom] [warning] IMU validation results:
[2026-07-08 19:58:49.393] [odom] [warning] num_validations=10176
[2026-07-08 19:58:49.393] [odom] [warning] No-IMU errors rot=0.205 +- 0.242 deg, trans=0.028 +- 0.016 m, vel=0.027 +- 0.019 m/s
[2026-07-08 19:58:49.393] [odom] [warning] IMU errors rot=0.066 +- 0.054 deg, trans=0.032 +- 0.019 m, vel=0.092 +- 0.045 m/s
[2026-07-08 19:58:49.393] [odom] [warning] IMU better ratios rot=0.86, trans=0.05, vel=0.10
[2026-07-08 19:58:49.540] [odom] [warning] IMU bias estimation seems inaccurate.
[2026-07-08 19:58:49.540] [odom] [warning] Possibly T_lidar_imu is not accurate or LiDAR-IMU synchronization is not correct.
[2026-07-08 19:58:49.540] [odom] [warning] IMU bias validation results:
[2026-07-08 19:58:49.540] [odom] [warning] num_bias_validations=10624
[2026-07-08 19:58:49.540] [odom] [warning] bias_acc=[0.772, -0.320, 0.072] m/s^2, bias_gyro=[-0.020, 0.001, 0.001] rad/s
[2026-07-08 19:58:49.540] [odom] [warning] acc_stat ax=0.333 +- 0.257 [min=-0.214, max=0.772], ay=-0.693 +- 0.386 [min=-1.404, max=0.031], az=0.052 +- 0.032 [min=0.008, max=0.119] m/s^2
[2026-07-08 19:58:49.540] [odom] [warning] gyro_stat wx=-0.020 +- 0.000 [min=-0.020, max=-0.017], wy=-0.000 +- 0.001 [min=-0.004, max=0.002], wz=0.001 +- 0.000 [min=0.001, max=0.002] rad/s
[2026-07-08 19:58:50.696] [glim] [info] playback speed: 3.192x
[2026-07-08 19:58:50.731] [odom] [warning] IMU prediction is not good.
[2026-07-08 19:58:50.731] [odom] [warning] Possibly T_lidar_imu is not accurate or IMU bias is not well estimated.
[2026-07-08 19:58:50.731] [odom] [warning] IMU validation results:
[2026-07-08 19:58:50.731] [odom] [warning] num_validations=10240
[2026-07-08 19:58:50.731] [odom] [warning] No-IMU errors rot=0.204 +- 0.242 deg, trans=0.028 +- 0.016 m, vel=0.027 +- 0.019 m/s
[2026-07-08 19:58:50.731] [odom] [warning] IMU errors rot=0.066 +- 0.054 deg, trans=0.032 +- 0.019 m, vel=0.091 +- 0.045 m/s
[2026-07-08 19:58:50.731] [odom] [warning] IMU better ratios rot=0.86, trans=0.05, vel=0.10
[2026-07-08 19:58:51.435] [odom] [warning] IMU bias estimation seems inaccurate.
[2026-07-08 19:58:51.435] [odom] [warning] Possibly T_lidar_imu is not accurate or LiDAR-IMU synchronization is not correct.
[2026-07-08 19:58:51.435] [odom] [warning] IMU bias validation results:
[2026-07-08 19:58:51.435] [odom] [warning] num_bias_validations=10688
[2026-07-08 19:58:51.435] [odom] [warning] bias_acc=[0.783, -0.310, 0.071] m/s^2, bias_gyro=[-0.020, 0.001, 0.001] rad/s
[2026-07-08 19:58:51.435] [odom] [warning] acc_stat ax=0.336 +- 0.259 [min=-0.214, max=0.783], ay=-0.690 +- 0.386 [min=-1.404, max=0.031], az=0.052 +- 0.032 [min=0.008, max=0.119] m/s^2
[2026-07-08 19:58:51.435] [odom] [warning] gyro_stat wx=-0.020 +- 0.000 [min=-0.020, max=-0.017], wy=-0.000 +- 0.001 [min=-0.004, max=0.002], wz=0.001 +- 0.000 [min=0.001, max=0.002] rad/s
[2026-07-08 19:58:52.118] [odom] [warning] IMU prediction is not good.
[2026-07-08 19:58:52.118] [odom] [warning] Possibly T_lidar_imu is not accurate or IMU bias is not well estimated.
[2026-07-08 19:58:52.118] [odom] [warning] IMU validation results:
[2026-07-08 19:58:52.118] [odom] [warning] num_validations=10304
[2026-07-08 19:58:52.118] [odom] [warning] No-IMU errors rot=0.203 +- 0.241 deg, trans=0.027 +- 0.016 m, vel=0.027 +- 0.019 m/s
[2026-07-08 19:58:52.118] [odom] [warning] IMU errors rot=0.065 +- 0.054 deg, trans=0.032 +- 0.019 m, vel=0.091 +- 0.045 m/s
[2026-07-08 19:58:52.118] [odom] [warning] IMU better ratios rot=0.86, trans=0.05, vel=0.10
[2026-07-08 19:58:52.897] [odom] [warning] IMU bias estimation seems inaccurate.
[2026-07-08 19:58:52.897] [odom] [warning] Possibly T_lidar_imu is not accurate or LiDAR-IMU synchronization is not correct.
[2026-07-08 19:58:52.897] [odom] [warning] IMU bias validation results:
[2026-07-08 19:58:52.897] [odom] [warning] num_bias_validations=10752
[2026-07-08 19:58:52.897] [odom] [warning] bias_acc=[0.791, -0.301, 0.069] m/s^2, bias_gyro=[-0.020, 0.001, 0.001] rad/s
[2026-07-08 19:58:52.897] [odom] [warning] acc_stat ax=0.339 +- 0.261 [min=-0.214, max=0.791], ay=-0.688 +- 0.386 [min=-1.404, max=0.031], az=0.052 +- 0.032 [min=0.008, max=0.119] m/s^2
[2026-07-08 19:58:52.897] [odom] [warning] gyro_stat wx=-0.020 +- 0.000 [min=-0.020, max=-0.017], wy=-0.000 +- 0.001 [min=-0.004, max=0.002], wz=0.001 +- 0.000 [min=0.001, max=0.002] rad/s
[2026-07-08 19:58:53.483] [odom] [warning] IMU prediction is not good.
[2026-07-08 19:58:53.483] [odom] [warning] Possibly T_lidar_imu is not accurate or IMU bias is not well estimated.
[2026-07-08 19:58:53.483] [odom] [warning] IMU validation results:
[2026-07-08 19:58:53.483] [odom] [warning] num_validations=10368
[2026-07-08 19:58:53.483] [odom] [warning] No-IMU errors rot=0.203 +- 0.240 deg, trans=0.027 +- 0.016 m, vel=0.027 +- 0.019 m/s
[2026-07-08 19:58:53.483] [odom] [warning] IMU errors rot=0.065 +- 0.053 deg, trans=0.032 +- 0.019 m, vel=0.091 +- 0.045 m/s
[2026-07-08 19:58:53.483] [odom] [warning] IMU better ratios rot=0.86, trans=0.05, vel=0.10
[2026-07-08 19:58:53.949] [odom] [warning] IMU bias estimation seems inaccurate.
[2026-07-08 19:58:53.949] [odom] [warning] Possibly T_lidar_imu is not accurate or LiDAR-IMU synchronization is not correct.
[2026-07-08 19:58:53.949] [odom] [warning] IMU bias validation results:
[2026-07-08 19:58:53.950] [odom] [warning] num_bias_validations=10816
[2026-07-08 19:58:53.950] [odom] [warning] bias_acc=[0.799, -0.291, 0.068] m/s^2, bias_gyro=[-0.020, 0.001, 0.001] rad/s
[2026-07-08 19:58:53.950] [odom] [warning] acc_stat ax=0.341 +- 0.262 [min=-0.214, max=0.799], ay=-0.686 +- 0.386 [min=-1.404, max=0.031], az=0.053 +- 0.032 [min=0.008, max=0.119] m/s^2
[2026-07-08 19:58:53.950] [odom] [warning] gyro_stat wx=-0.020 +- 0.000 [min=-0.020, max=-0.017], wy=-0.000 +- 0.001 [min=-0.004, max=0.002], wz=0.001 +- 0.000 [min=0.001, max=0.002] rad/s
[2026-07-08 19:58:55.715] [glim] [info] playback speed: 3.881x
[2026-07-08 19:58:56.676] [odom] [warning] IMU bias estimation seems inaccurate.
[2026-07-08 19:58:56.676] [odom] [warning] Possibly T_lidar_imu is not accurate or LiDAR-IMU synchronization is not correct.
[2026-07-08 19:58:56.676] [odom] [warning] IMU bias validation results:
[2026-07-08 19:58:56.676] [odom] [warning] num_bias_validations=10880
[2026-07-08 19:58:56.676] [odom] [warning] bias_acc=[0.805, -0.280, 0.067] m/s^2, bias_gyro=[-0.020, 0.001, 0.001] rad/s
[2026-07-08 19:58:56.676] [odom] [warning] acc_stat ax=0.344 +- 0.264 [min=-0.214, max=0.805], ay=-0.683 +- 0.386 [min=-1.404, max=0.031], az=0.053 +- 0.032 [min=0.008, max=0.119] m/s^2
[2026-07-08 19:58:56.676] [odom] [warning] gyro_stat wx=-0.020 +- 0.000 [min=-0.020, max=-0.017], wy=-0.000 +- 0.001 [min=-0.004, max=0.002], wz=0.001 +- 0.000 [min=0.001, max=0.002] rad/s
[2026-07-08 19:58:56.845] [odom] [warning] IMU prediction is not good.
[2026-07-08 19:58:56.845] [odom] [warning] Possibly T_lidar_imu is not accurate or IMU bias is not well estimated.
[2026-07-08 19:58:56.845] [odom] [warning] IMU validation results:
[2026-07-08 19:58:56.845] [odom] [warning] num_validations=10432
[2026-07-08 19:58:56.845] [odom] [warning] No-IMU errors rot=0.202 +- 0.240 deg, trans=0.027 +- 0.016 m, vel=0.027 +- 0.019 m/s
[2026-07-08 19:58:56.845] [odom] [warning] IMU errors rot=0.065 +- 0.053 deg, trans=0.031 +- 0.019 m, vel=0.091 +- 0.045 m/s
[2026-07-08 19:58:56.845] [odom] [warning] IMU better ratios rot=0.86, trans=0.05, vel=0.10
[2026-07-08 19:58:57.862] [odom] [warning] IMU bias estimation seems inaccurate.
[2026-07-08 19:58:57.862] [odom] [warning] Possibly T_lidar_imu is not accurate or LiDAR-IMU synchronization is not correct.
[2026-07-08 19:58:57.862] [odom] [warning] IMU bias validation results:
[2026-07-08 19:58:57.862] [odom] [warning] num_bias_validations=10944
[2026-07-08 19:58:57.862] [odom] [warning] bias_acc=[0.814, -0.272, 0.067] m/s^2, bias_gyro=[-0.020, 0.001, 0.001] rad/s
[2026-07-08 19:58:57.862] [odom] [warning] acc_stat ax=0.347 +- 0.266 [min=-0.214, max=0.814], ay=-0.681 +- 0.386 [min=-1.404, max=0.031], az=0.053 +- 0.031 [min=0.008, max=0.119] m/s^2
[2026-07-08 19:58:57.862] [odom] [warning] gyro_stat wx=-0.020 +- 0.000 [min=-0.020, max=-0.017], wy=-0.000 +- 0.001 [min=-0.004, max=0.002], wz=0.001 +- 0.000 [min=0.001, max=0.002] rad/s
[2026-07-08 19:58:57.888] [odom] [warning] IMU prediction is not good.
[2026-07-08 19:58:57.888] [odom] [warning] Possibly T_lidar_imu is not accurate or IMU bias is not well estimated.
[2026-07-08 19:58:57.888] [odom] [warning] IMU validation results:
[2026-07-08 19:58:57.888] [odom] [warning] num_validations=10496
[2026-07-08 19:58:57.888] [odom] [warning] No-IMU errors rot=0.204 +- 0.243 deg, trans=0.027 +- 0.016 m, vel=0.028 +- 0.020 m/s
[2026-07-08 19:58:57.888] [odom] [warning] IMU errors rot=0.066 +- 0.054 deg, trans=0.031 +- 0.019 m, vel=0.091 +- 0.045 m/s
[2026-07-08 19:58:57.888] [odom] [warning] IMU better ratios rot=0.86, trans=0.05, vel=0.10
[2026-07-08 19:59:00.574] [odom] [warning] IMU bias estimation seems inaccurate.
[2026-07-08 19:59:00.575] [odom] [warning] Possibly T_lidar_imu is not accurate or LiDAR-IMU synchronization is not correct.
[2026-07-08 19:59:00.575] [odom] [warning] IMU bias validation results:
[2026-07-08 19:59:00.575] [odom] [warning] num_bias_validations=11008
[2026-07-08 19:59:00.575] [odom] [warning] bias_acc=[0.837, -0.285, 0.064] m/s^2, bias_gyro=[-0.019, -0.004, 0.001] rad/s
[2026-07-08 19:59:00.575] [odom] [warning] acc_stat ax=0.350 +- 0.267 [min=-0.214, max=0.837], ay=-0.679 +- 0.386 [min=-1.404, max=0.031], az=0.053 +- 0.031 [min=0.008, max=0.119] m/s^2
[2026-07-08 19:59:00.575] [odom] [warning] gyro_stat wx=-0.020 +- 0.000 [min=-0.020, max=-0.017], wy=-0.000 +- 0.001 [min=-0.004, max=0.002], wz=0.001 +- 0.000 [min=0.001, max=0.002] rad/s
[2026-07-08 19:59:00.749] [glim] [info] playback speed: 3.103x
[2026-07-08 19:59:00.785] [odom] [warning] IMU prediction is not good.
[2026-07-08 19:59:00.785] [odom] [warning] Possibly T_lidar_imu is not accurate or IMU bias is not well estimated.
[2026-07-08 19:59:00.785] [odom] [warning] IMU validation results:
[2026-07-08 19:59:00.785] [odom] [warning] num_validations=10560
[2026-07-08 19:59:00.785] [odom] [warning] No-IMU errors rot=0.211 +- 0.256 deg, trans=0.027 +- 0.016 m, vel=0.028 +- 0.020 m/s
[2026-07-08 19:59:00.785] [odom] [warning] IMU errors rot=0.067 +- 0.056 deg, trans=0.031 +- 0.018 m, vel=0.091 +- 0.045 m/s
[2026-07-08 19:59:00.785] [odom] [warning] IMU better ratios rot=0.86, trans=0.05, vel=0.10
[2026-07-08 19:59:02.542] [odom] [warning] IMU bias estimation seems inaccurate.
[2026-07-08 19:59:02.542] [odom] [warning] Possibly T_lidar_imu is not accurate or LiDAR-IMU synchronization is not correct.
[2026-07-08 19:59:02.542] [odom] [warning] IMU bias validation results:
[2026-07-08 19:59:02.542] [odom] [warning] num_bias_validations=11072
[2026-07-08 19:59:02.542] [odom] [warning] bias_acc=[0.863, -0.323, 0.063] m/s^2, bias_gyro=[-0.018, -0.003, 0.001] rad/s
[2026-07-08 19:59:02.542] [odom] [warning] acc_stat ax=0.353 +- 0.269 [min=-0.214, max=0.863], ay=-0.677 +- 0.386 [min=-1.404, max=0.031], az=0.053 +- 0.031 [min=0.008, max=0.119] m/s^2
[2026-07-08 19:59:02.542] [odom] [warning] gyro_stat wx=-0.020 +- 0.000 [min=-0.020, max=-0.017], wy=-0.000 +- 0.001 [min=-0.004, max=0.002], wz=0.001 +- 0.000 [min=0.001, max=0.002] rad/s
[2026-07-08 19:59:02.571] [odom] [warning] IMU prediction is not good.
[2026-07-08 19:59:02.571] [odom] [warning] Possibly T_lidar_imu is not accurate or IMU bias is not well estimated.
[2026-07-08 19:59:02.571] [odom] [warning] IMU validation results:
[2026-07-08 19:59:02.571] [odom] [warning] num_validations=10624
[2026-07-08 19:59:02.571] [odom] [warning] No-IMU errors rot=0.210 +- 0.256 deg, trans=0.027 +- 0.016 m, vel=0.028 +- 0.020 m/s
[2026-07-08 19:59:02.571] [odom] [warning] IMU errors rot=0.067 +- 0.056 deg, trans=0.032 +- 0.019 m, vel=0.091 +- 0.046 m/s
[2026-07-08 19:59:02.571] [odom] [warning] IMU better ratios rot=0.86, trans=0.05, vel=0.10
[2026-07-08 19:59:05.112] [odom] [warning] IMU bias estimation seems inaccurate.
[2026-07-08 19:59:05.112] [odom] [warning] Possibly T_lidar_imu is not accurate or LiDAR-IMU synchronization is not correct.
[2026-07-08 19:59:05.112] [odom] [warning] IMU bias validation results:
[2026-07-08 19:59:05.112] [odom] [warning] num_bias_validations=11136
[2026-07-08 19:59:05.112] [odom] [warning] bias_acc=[0.886, -0.360, 0.061] m/s^2, bias_gyro=[-0.019, -0.003, 0.001] rad/s
[2026-07-08 19:59:05.112] [odom] [warning] acc_stat ax=0.356 +- 0.272 [min=-0.214, max=0.886], ay=-0.675 +- 0.386 [min=-1.404, max=0.031], az=0.053 +- 0.031 [min=0.008, max=0.119] m/s^2
[2026-07-08 19:59:05.112] [odom] [warning] gyro_stat wx=-0.020 +- 0.000 [min=-0.020, max=-0.017], wy=-0.000 +- 0.002 [min=-0.004, max=0.002], wz=0.001 +- 0.000 [min=0.001, max=0.002] rad/s
[2026-07-08 19:59:05.345] [odom] [warning] IMU prediction is not good.
[2026-07-08 19:59:05.345] [odom] [warning] Possibly T_lidar_imu is not accurate or IMU bias is not well estimated.
[2026-07-08 19:59:05.345] [odom] [warning] IMU validation results:
[2026-07-08 19:59:05.345] [odom] [warning] num_validations=10688
[2026-07-08 19:59:05.345] [odom] [warning] No-IMU errors rot=0.209 +- 0.255 deg, trans=0.027 +- 0.016 m, vel=0.028 +- 0.020 m/s
[2026-07-08 19:59:05.345] [odom] [warning] IMU errors rot=0.067 +- 0.056 deg, trans=0.032 +- 0.019 m, vel=0.092 +- 0.046 m/s
[2026-07-08 19:59:05.345] [odom] [warning] IMU better ratios rot=0.86, trans=0.05, vel=0.10
[2026-07-08 19:59:05.778] [glim] [info] playback speed: 2.764x
[2026-07-08 19:59:08.631] [odom] [warning] IMU bias estimation seems inaccurate.
[2026-07-08 19:59:08.631] [odom] [warning] Possibly T_lidar_imu is not accurate or LiDAR-IMU synchronization is not correct.
[2026-07-08 19:59:08.631] [odom] [warning] IMU bias validation results:
[2026-07-08 19:59:08.631] [odom] [warning] num_bias_validations=11200
[2026-07-08 19:59:08.631] [odom] [warning] bias_acc=[0.907, -0.396, 0.060] m/s^2, bias_gyro=[-0.018, -0.002, 0.001] rad/s
[2026-07-08 19:59:08.631] [odom] [warning] acc_stat ax=0.359 +- 0.274 [min=-0.214, max=0.907], ay=-0.673 +- 0.385 [min=-1.404, max=0.031], az=0.053 +- 0.031 [min=0.008, max=0.119] m/s^2
[2026-07-08 19:59:08.631] [odom] [warning] gyro_stat wx=-0.020 +- 0.000 [min=-0.020, max=-0.017], wy=-0.000 +- 0.002 [min=-0.004, max=0.002], wz=0.001 +- 0.000 [min=0.001, max=0.002] rad/s
[2026-07-08 19:59:08.862] [odom] [warning] IMU prediction is not good.
[2026-07-08 19:59:08.862] [odom] [warning] Possibly T_lidar_imu is not accurate or IMU bias is not well estimated.
[2026-07-08 19:59:08.862] [odom] [warning] IMU validation results:
[2026-07-08 19:59:08.862] [odom] [warning] num_validations=10752
[2026-07-08 19:59:08.863] [odom] [warning] No-IMU errors rot=0.209 +- 0.255 deg, trans=0.028 +- 0.016 m, vel=0.028 +- 0.020 m/s
[2026-07-08 19:59:08.863] [odom] [warning] IMU errors rot=0.067 +- 0.056 deg, trans=0.032 +- 0.019 m, vel=0.092 +- 0.046 m/s
[2026-07-08 19:59:08.863] [odom] [warning] IMU better ratios rot=0.86, trans=0.05, vel=0.10
[2026-07-08 19:59:09.917] [odom] [warning] IMU bias estimation seems inaccurate.
[2026-07-08 19:59:09.917] [odom] [warning] Possibly T_lidar_imu is not accurate or LiDAR-IMU synchronization is not correct.
[2026-07-08 19:59:09.917] [odom] [warning] IMU bias validation results:
[2026-07-08 19:59:09.917] [odom] [warning] num_bias_validations=11264
[2026-07-08 19:59:09.917] [odom] [warning] bias_acc=[0.926, -0.433, 0.058] m/s^2, bias_gyro=[-0.018, -0.002, 0.001] rad/s
[2026-07-08 19:59:09.917] [odom] [warning] acc_stat ax=0.362 +- 0.277 [min=-0.214, max=0.926], ay=-0.672 +- 0.385 [min=-1.404, max=0.031], az=0.053 +- 0.031 [min=0.008, max=0.119] m/s^2
[2026-07-08 19:59:09.917] [odom] [warning] gyro_stat wx=-0.020 +- 0.001 [min=-0.020, max=-0.017], wy=-0.000 +- 0.002 [min=-0.004, max=0.002], wz=0.001 +- 0.000 [min=0.001, max=0.002] rad/s
[2026-07-08 19:59:10.070] [odom] [warning] IMU prediction is not good.
[2026-07-08 19:59:10.070] [odom] [warning] Possibly T_lidar_imu is not accurate or IMU bias is not well estimated.
[2026-07-08 19:59:10.070] [odom] [warning] IMU validation results:
[2026-07-08 19:59:10.070] [odom] [warning] num_validations=10816
[2026-07-08 19:59:10.070] [odom] [warning] No-IMU errors rot=0.209 +- 0.254 deg, trans=0.028 +- 0.016 m, vel=0.028 +- 0.020 m/s
[2026-07-08 19:59:10.070] [odom] [warning] IMU errors rot=0.067 +- 0.056 deg, trans=0.032 +- 0.019 m, vel=0.093 +- 0.047 m/s
[2026-07-08 19:59:10.070] [odom] [warning] IMU better ratios rot=0.86, trans=0.05, vel=0.10
[2026-07-08 19:59:10.782] [glim] [info] playback speed: 2.716x
[2026-07-08 19:59:11.851] [odom] [warning] IMU bias estimation seems inaccurate.
[2026-07-08 19:59:11.851] [odom] [warning] Possibly T_lidar_imu is not accurate or LiDAR-IMU synchronization is not correct.
[2026-07-08 19:59:11.851] [odom] [warning] IMU bias validation results:
[2026-07-08 19:59:11.851] [odom] [warning] num_bias_validations=11328
[2026-07-08 19:59:11.851] [odom] [warning] bias_acc=[0.944, -0.462, 0.055] m/s^2, bias_gyro=[-0.018, -0.001, 0.001] rad/s
[2026-07-08 19:59:11.851] [odom] [warning] acc_stat ax=0.365 +- 0.279 [min=-0.214, max=0.944], ay=-0.671 +- 0.384 [min=-1.404, max=0.031], az=0.053 +- 0.031 [min=0.008, max=0.119] m/s^2
[2026-07-08 19:59:11.851] [odom] [warning] gyro_stat wx=-0.020 +- 0.001 [min=-0.020, max=-0.017], wy=-0.000 +- 0.002 [min=-0.004, max=0.002], wz=0.001 +- 0.000 [min=0.001, max=0.002] rad/s
[2026-07-08 19:59:11.970] [odom] [warning] IMU prediction is not good.
[2026-07-08 19:59:11.970] [odom] [warning] Possibly T_lidar_imu is not accurate or IMU bias is not well estimated.
[2026-07-08 19:59:11.970] [odom] [warning] IMU validation results:
[2026-07-08 19:59:11.970] [odom] [warning] num_validations=10880
[2026-07-08 19:59:11.970] [odom] [warning] No-IMU errors rot=0.208 +- 0.254 deg, trans=0.028 +- 0.016 m, vel=0.028 +- 0.020 m/s
[2026-07-08 19:59:11.970] [odom] [warning] IMU errors rot=0.066 +- 0.056 deg, trans=0.032 +- 0.019 m, vel=0.093 +- 0.047 m/s
[2026-07-08 19:59:11.970] [odom] [warning] IMU better ratios rot=0.86, trans=0.05, vel=0.10
[2026-07-08 19:59:13.980] [odom] [warning] IMU bias estimation seems inaccurate.
[2026-07-08 19:59:13.980] [odom] [warning] Possibly T_lidar_imu is not accurate or LiDAR-IMU synchronization is not correct.
[2026-07-08 19:59:13.980] [odom] [warning] IMU bias validation results:
[2026-07-08 19:59:13.980] [odom] [warning] num_bias_validations=11392
[2026-07-08 19:59:13.980] [odom] [warning] bias_acc=[0.962, -0.491, 0.053] m/s^2, bias_gyro=[-0.019, -0.001, 0.001] rad/s
[2026-07-08 19:59:13.980] [odom] [warning] acc_stat ax=0.369 +- 0.282 [min=-0.214, max=0.962], ay=-0.670 +- 0.383 [min=-1.404, max=0.031], az=0.053 +- 0.031 [min=0.008, max=0.119] m/s^2
[2026-07-08 19:59:13.980] [odom] [warning] gyro_stat wx=-0.020 +- 0.001 [min=-0.020, max=-0.017], wy=-0.000 +- 0.002 [min=-0.004, max=0.002], wz=0.001 +- 0.000 [min=0.001, max=0.002] rad/s
[2026-07-08 19:59:14.133] [odom] [warning] IMU prediction is not good.
[2026-07-08 19:59:14.133] [odom] [warning] Possibly T_lidar_imu is not accurate or IMU bias is not well estimated.
[2026-07-08 19:59:14.133] [odom] [warning] IMU validation results:
[2026-07-08 19:59:14.133] [odom] [warning] num_validations=10944
[2026-07-08 19:59:14.133] [odom] [warning] No-IMU errors rot=0.208 +- 0.253 deg, trans=0.028 +- 0.016 m, vel=0.028 +- 0.020 m/s
[2026-07-08 19:59:14.133] [odom] [warning] IMU errors rot=0.066 +- 0.055 deg, trans=0.032 +- 0.019 m, vel=0.093 +- 0.047 m/s
[2026-07-08 19:59:14.133] [odom] [warning] IMU better ratios rot=0.86, trans=0.05, vel=0.10
[2026-07-08 19:59:15.795] [glim] [info] playback speed: 3.359x
[2026-07-08 19:59:15.903] [odom] [warning] IMU bias estimation seems inaccurate.
[2026-07-08 19:59:15.903] [odom] [warning] Possibly T_lidar_imu is not accurate or LiDAR-IMU synchronization is not correct.
[2026-07-08 19:59:15.903] [odom] [warning] IMU bias validation results:
[2026-07-08 19:59:15.903] [odom] [warning] num_bias_validations=11456
[2026-07-08 19:59:15.903] [odom] [warning] bias_acc=[0.977, -0.518, 0.050] m/s^2, bias_gyro=[-0.019, -0.001, 0.001] rad/s
[2026-07-08 19:59:15.903] [odom] [warning] acc_stat ax=0.372 +- 0.285 [min=-0.214, max=0.977], ay=-0.669 +- 0.382 [min=-1.404, max=0.031], az=0.053 +- 0.031 [min=0.008, max=0.119] m/s^2
[2026-07-08 19:59:15.903] [odom] [warning] gyro_stat wx=-0.020 +- 0.001 [min=-0.020, max=-0.017], wy=-0.000 +- 0.002 [min=-0.004, max=0.002], wz=0.001 +- 0.000 [min=0.001, max=0.002] rad/s
[2026-07-08 19:59:16.033] [odom] [warning] IMU prediction is not good.
[2026-07-08 19:59:16.033] [odom] [warning] Possibly T_lidar_imu is not accurate or IMU bias is not well estimated.
[2026-07-08 19:59:16.033] [odom] [warning] IMU validation results:
[2026-07-08 19:59:16.033] [odom] [warning] num_validations=11008
[2026-07-08 19:59:16.033] [odom] [warning] No-IMU errors rot=0.208 +- 0.253 deg, trans=0.028 +- 0.016 m, vel=0.028 +- 0.020 m/s
[2026-07-08 19:59:16.033] [odom] [warning] IMU errors rot=0.067 +- 0.056 deg, trans=0.032 +- 0.018 m, vel=0.093 +- 0.047 m/s
[2026-07-08 19:59:16.033] [odom] [warning] IMU better ratios rot=0.86, trans=0.05, vel=0.10
[2026-07-08 19:59:17.841] [odom] [warning] IMU bias estimation seems inaccurate.
[2026-07-08 19:59:17.841] [odom] [warning] Possibly T_lidar_imu is not accurate or LiDAR-IMU synchronization is not correct.
[2026-07-08 19:59:17.841] [odom] [warning] IMU bias validation results:
[2026-07-08 19:59:17.841] [odom] [warning] num_bias_validations=11520
[2026-07-08 19:59:17.841] [odom] [warning] bias_acc=[0.986, -0.552, 0.049] m/s^2, bias_gyro=[-0.018, -0.003, 0.001] rad/s
[2026-07-08 19:59:17.841] [odom] [warning] acc_stat ax=0.376 +- 0.288 [min=-0.214, max=0.986], ay=-0.668 +- 0.381 [min=-1.404, max=0.031], az=0.053 +- 0.031 [min=0.008, max=0.119] m/s^2
[2026-07-08 19:59:17.841] [odom] [warning] gyro_stat wx=-0.020 +- 0.001 [min=-0.020, max=-0.017], wy=-0.000 +- 0.002 [min=-0.004, max=0.002], wz=0.001 +- 0.000 [min=0.001, max=0.002] rad/s
[2026-07-08 19:59:17.980] [odom] [warning] IMU prediction is not good.
[2026-07-08 19:59:17.980] [odom] [warning] Possibly T_lidar_imu is not accurate or IMU bias is not well estimated.
[2026-07-08 19:59:17.980] [odom] [warning] IMU validation results:
[2026-07-08 19:59:17.980] [odom] [warning] num_validations=11072
[2026-07-08 19:59:17.980] [odom] [warning] No-IMU errors rot=0.211 +- 0.256 deg, trans=0.028 +- 0.016 m, vel=0.028 +- 0.020 m/s
[2026-07-08 19:59:17.980] [odom] [warning] IMU errors rot=0.067 +- 0.056 deg, trans=0.032 +- 0.018 m, vel=0.094 +- 0.047 m/s
[2026-07-08 19:59:17.980] [odom] [warning] IMU better ratios rot=0.86, trans=0.05, vel=0.10
[2026-07-08 19:59:19.987] [odom] [warning] IMU bias estimation seems inaccurate.
[2026-07-08 19:59:19.987] [odom] [warning] Possibly T_lidar_imu is not accurate or LiDAR-IMU synchronization is not correct.
[2026-07-08 19:59:19.987] [odom] [warning] IMU bias validation results:
[2026-07-08 19:59:19.987] [odom] [warning] num_bias_validations=11584
[2026-07-08 19:59:19.987] [odom] [warning] bias_acc=[0.986, -0.598, 0.051] m/s^2, bias_gyro=[-0.018, -0.003, 0.001] rad/s
[2026-07-08 19:59:19.987] [odom] [warning] acc_stat ax=0.379 +- 0.290 [min=-0.214, max=0.986], ay=-0.668 +- 0.380 [min=-1.404, max=0.031], az=0.053 +- 0.031 [min=0.008, max=0.119] m/s^2
[2026-07-08 19:59:19.987] [odom] [warning] gyro_stat wx=-0.019 +- 0.001 [min=-0.020, max=-0.017], wy=-0.000 +- 0.002 [min=-0.004, max=0.002], wz=0.001 +- 0.000 [min=0.001, max=0.002] rad/s
[2026-07-08 19:59:20.036] [odom] [warning] IMU prediction is not good.
[2026-07-08 19:59:20.036] [odom] [warning] Possibly T_lidar_imu is not accurate or IMU bias is not well estimated.
[2026-07-08 19:59:20.036] [odom] [warning] IMU validation results:
[2026-07-08 19:59:20.036] [odom] [warning] num_validations=11136
[2026-07-08 19:59:20.036] [odom] [warning] No-IMU errors rot=0.213 +- 0.258 deg, trans=0.028 +- 0.016 m, vel=0.028 +- 0.020 m/s
[2026-07-08 19:59:20.036] [odom] [warning] IMU errors rot=0.068 +- 0.057 deg, trans=0.032 +- 0.018 m, vel=0.094 +- 0.047 m/s
[2026-07-08 19:59:20.036] [odom] [warning] IMU better ratios rot=0.86, trans=0.05, vel=0.10
[2026-07-08 19:59:20.832] [glim] [info] playback speed: 3.244x
[2026-07-08 19:59:22.575] [odom] [warning] IMU bias estimation seems inaccurate.
[2026-07-08 19:59:22.575] [odom] [warning] Possibly T_lidar_imu is not accurate or LiDAR-IMU synchronization is not correct.
[2026-07-08 19:59:22.575] [odom] [warning] IMU bias validation results:
[2026-07-08 19:59:22.575] [odom] [warning] num_bias_validations=11648
[2026-07-08 19:59:22.575] [odom] [warning] bias_acc=[0.969, -0.645, 0.052] m/s^2, bias_gyro=[-0.018, -0.004, 0.001] rad/s
[2026-07-08 19:59:22.575] [odom] [warning] acc_stat ax=0.382 +- 0.293 [min=-0.214, max=0.986], ay=-0.668 +- 0.379 [min=-1.404, max=0.031], az=0.053 +- 0.031 [min=0.008, max=0.119] m/s^2
[2026-07-08 19:59:22.575] [odom] [warning] gyro_stat wx=-0.019 +- 0.001 [min=-0.020, max=-0.017], wy=-0.000 +- 0.002 [min=-0.004, max=0.002], wz=0.001 +- 0.000 [min=0.001, max=0.002] rad/s
[2026-07-08 19:59:22.667] [odom] [warning] IMU prediction is not good.
[2026-07-08 19:59:22.667] [odom] [warning] Possibly T_lidar_imu is not accurate or IMU bias is not well estimated.
[2026-07-08 19:59:22.667] [odom] [warning] IMU validation results:
[2026-07-08 19:59:22.667] [odom] [warning] num_validations=11200
[2026-07-08 19:59:22.667] [odom] [warning] No-IMU errors rot=0.213 +- 0.259 deg, trans=0.028 +- 0.016 m, vel=0.028 +- 0.020 m/s
[2026-07-08 19:59:22.667] [odom] [warning] IMU errors rot=0.068 +- 0.057 deg, trans=0.032 +- 0.019 m, vel=0.095 +- 0.048 m/s
[2026-07-08 19:59:22.667] [odom] [warning] IMU better ratios rot=0.86, trans=0.05, vel=0.10
[2026-07-08 19:59:23.719] [odom] [warning] IMU bias estimation seems inaccurate.
[2026-07-08 19:59:23.719] [odom] [warning] Possibly T_lidar_imu is not accurate or LiDAR-IMU synchronization is not correct.
[2026-07-08 19:59:23.719] [odom] [warning] IMU bias validation results:
[2026-07-08 19:59:23.719] [odom] [warning] num_bias_validations=11712
[2026-07-08 19:59:23.719] [odom] [warning] bias_acc=[0.947, -0.688, 0.054] m/s^2, bias_gyro=[-0.018, -0.003, 0.001] rad/s
[2026-07-08 19:59:23.719] [odom] [warning] acc_stat ax=0.385 +- 0.295 [min=-0.214, max=0.986], ay=-0.668 +- 0.378 [min=-1.404, max=0.031], az=0.053 +- 0.030 [min=0.008, max=0.119] m/s^2
[2026-07-08 19:59:23.719] [odom] [warning] gyro_stat wx=-0.019 +- 0.001 [min=-0.020, max=-0.017], wy=-0.000 +- 0.002 [min=-0.004, max=0.002], wz=0.001 +- 0.000 [min=0.001, max=0.002] rad/s
[2026-07-08 19:59:23.890] [odom] [warning] IMU prediction is not good.
[2026-07-08 19:59:23.890] [odom] [warning] Possibly T_lidar_imu is not accurate or IMU bias is not well estimated.
[2026-07-08 19:59:23.890] [odom] [warning] IMU validation results:
[2026-07-08 19:59:23.890] [odom] [warning] num_validations=11264
[2026-07-08 19:59:23.890] [odom] [warning] No-IMU errors rot=0.213 +- 0.258 deg, trans=0.028 +- 0.016 m, vel=0.028 +- 0.020 m/s
[2026-07-08 19:59:23.890] [odom] [warning] IMU errors rot=0.068 +- 0.057 deg, trans=0.033 +- 0.019 m, vel=0.096 +- 0.048 m/s
[2026-07-08 19:59:23.890] [odom] [warning] IMU better ratios rot=0.86, trans=0.05, vel=0.10
[2026-07-08 19:59:25.837] [glim] [info] playback speed: 3.305x
[2026-07-08 19:59:25.875] [odom] [warning] IMU bias estimation seems inaccurate.
[2026-07-08 19:59:25.875] [odom] [warning] Possibly T_lidar_imu is not accurate or LiDAR-IMU synchronization is not correct.
[2026-07-08 19:59:25.875] [odom] [warning] IMU bias validation results:
[2026-07-08 19:59:25.875] [odom] [warning] num_bias_validations=11776
[2026-07-08 19:59:25.875] [odom] [warning] bias_acc=[0.920, -0.733, 0.056] m/s^2, bias_gyro=[-0.019, -0.003, 0.001] rad/s
[2026-07-08 19:59:25.875] [odom] [warning] acc_stat ax=0.388 +- 0.297 [min=-0.214, max=0.986], ay=-0.668 +- 0.377 [min=-1.404, max=0.031], az=0.053 +- 0.030 [min=0.008, max=0.119] m/s^2
[2026-07-08 19:59:25.875] [odom] [warning] gyro_stat wx=-0.019 +- 0.001 [min=-0.020, max=-0.017], wy=-0.000 +- 0.002 [min=-0.004, max=0.002], wz=0.001 +- 0.000 [min=0.001, max=0.002] rad/s
[2026-07-08 19:59:26.037] [odom] [warning] IMU prediction is not good.
[2026-07-08 19:59:26.037] [odom] [warning] Possibly T_lidar_imu is not accurate or IMU bias is not well estimated.
[2026-07-08 19:59:26.037] [odom] [warning] IMU validation results:
[2026-07-08 19:59:26.037] [odom] [warning] num_validations=11328
[2026-07-08 19:59:26.037] [odom] [warning] No-IMU errors rot=0.212 +- 0.258 deg, trans=0.028 +- 0.016 m, vel=0.028 +- 0.020 m/s
[2026-07-08 19:59:26.037] [odom] [warning] IMU errors rot=0.068 +- 0.056 deg, trans=0.033 +- 0.019 m, vel=0.096 +- 0.049 m/s
[2026-07-08 19:59:26.037] [odom] [warning] IMU better ratios rot=0.86, trans=0.05, vel=0.10
[2026-07-08 19:59:27.664] [odom] [warning] IMU bias estimation seems inaccurate.
[2026-07-08 19:59:27.665] [odom] [warning] Possibly T_lidar_imu is not accurate or LiDAR-IMU synchronization is not correct.
[2026-07-08 19:59:27.665] [odom] [warning] IMU bias validation results:
[2026-07-08 19:59:27.665] [odom] [warning] num_bias_validations=11840
[2026-07-08 19:59:27.665] [odom] [warning] bias_acc=[0.891, -0.776, 0.060] m/s^2, bias_gyro=[-0.019, -0.002, 0.001] rad/s
[2026-07-08 19:59:27.665] [odom] [warning] acc_stat ax=0.391 +- 0.298 [min=-0.214, max=0.986], ay=-0.669 +- 0.376 [min=-1.404, max=0.031], az=0.053 +- 0.030 [min=0.008, max=0.119] m/s^2
[2026-07-08 19:59:27.665] [odom] [warning] gyro_stat wx=-0.019 +- 0.001 [min=-0.020, max=-0.017], wy=-0.000 +- 0.002 [min=-0.004, max=0.002], wz=0.001 +- 0.000 [min=0.001, max=0.002] rad/s
[2026-07-08 19:59:27.812] [odom] [warning] IMU prediction is not good.
[2026-07-08 19:59:27.812] [odom] [warning] Possibly T_lidar_imu is not accurate or IMU bias is not well estimated.
[2026-07-08 19:59:27.812] [odom] [warning] IMU validation results:
[2026-07-08 19:59:27.812] [odom] [warning] num_validations=11392
[2026-07-08 19:59:27.812] [odom] [warning] No-IMU errors rot=0.212 +- 0.258 deg, trans=0.028 +- 0.016 m, vel=0.028 +- 0.020 m/s
[2026-07-08 19:59:27.812] [odom] [warning] IMU errors rot=0.068 +- 0.056 deg, trans=0.033 +- 0.019 m, vel=0.097 +- 0.049 m/s
[2026-07-08 19:59:27.812] [odom] [warning] IMU better ratios rot=0.86, trans=0.05, vel=0.10
[2026-07-08 19:59:30.886] [glim] [info] playback speed: 2.653x
[2026-07-08 19:59:30.920] [odom] [warning] IMU bias estimation seems inaccurate.
[2026-07-08 19:59:30.920] [odom] [warning] Possibly T_lidar_imu is not accurate or LiDAR-IMU synchronization is not correct.
[2026-07-08 19:59:30.920] [odom] [warning] IMU bias validation results:
[2026-07-08 19:59:30.920] [odom] [warning] num_bias_validations=11904
[2026-07-08 19:59:30.920] [odom] [warning] bias_acc=[0.861, -0.819, 0.064] m/s^2, bias_gyro=[-0.019, -0.001, 0.001] rad/s
[2026-07-08 19:59:30.920] [odom] [warning] acc_stat ax=0.393 +- 0.300 [min=-0.214, max=0.986], ay=-0.669 +- 0.375 [min=-1.404, max=0.031], az=0.053 +- 0.030 [min=0.008, max=0.119] m/s^2
[2026-07-08 19:59:30.920] [odom] [warning] gyro_stat wx=-0.019 +- 0.001 [min=-0.020, max=-0.017], wy=-0.000 +- 0.002 [min=-0.004, max=0.002], wz=0.001 +- 0.000 [min=0.001, max=0.002] rad/s
[2026-07-08 19:59:31.147] [odom] [warning] IMU prediction is not good.
[2026-07-08 19:59:31.147] [odom] [warning] Possibly T_lidar_imu is not accurate or IMU bias is not well estimated.
[2026-07-08 19:59:31.147] [odom] [warning] IMU validation results:
[2026-07-08 19:59:31.147] [odom] [warning] num_validations=11456
[2026-07-08 19:59:31.147] [odom] [warning] No-IMU errors rot=0.213 +- 0.257 deg, trans=0.028 +- 0.017 m, vel=0.028 +- 0.020 m/s
[2026-07-08 19:59:31.147] [odom] [warning] IMU errors rot=0.068 +- 0.056 deg, trans=0.033 +- 0.019 m, vel=0.097 +- 0.050 m/s
[2026-07-08 19:59:31.147] [odom] [warning] IMU better ratios rot=0.86, trans=0.05, vel=0.09
[2026-07-08 19:59:32.166] [odom] [warning] IMU bias estimation seems inaccurate.
[2026-07-08 19:59:32.166] [odom] [warning] Possibly T_lidar_imu is not accurate or LiDAR-IMU synchronization is not correct.
[2026-07-08 19:59:32.166] [odom] [warning] IMU bias validation results:
[2026-07-08 19:59:32.166] [odom] [warning] num_bias_validations=11968
[2026-07-08 19:59:32.166] [odom] [warning] bias_acc=[0.834, -0.862, 0.067] m/s^2, bias_gyro=[-0.019, -0.001, 0.001] rad/s
[2026-07-08 19:59:32.166] [odom] [warning] acc_stat ax=0.396 +- 0.300 [min=-0.214, max=0.986], ay=-0.670 +- 0.374 [min=-1.404, max=0.031], az=0.053 +- 0.030 [min=0.008, max=0.119] m/s^2
[2026-07-08 19:59:32.166] [odom] [warning] gyro_stat wx=-0.019 +- 0.001 [min=-0.020, max=-0.017], wy=-0.000 +- 0.002 [min=-0.004, max=0.002], wz=0.001 +- 0.000 [min=0.001, max=0.002] rad/s
[2026-07-08 19:59:32.328] [odom] [warning] IMU prediction is not good.
[2026-07-08 19:59:32.328] [odom] [warning] Possibly T_lidar_imu is not accurate or IMU bias is not well estimated.
[2026-07-08 19:59:32.328] [odom] [warning] IMU validation results:
[2026-07-08 19:59:32.328] [odom] [warning] num_validations=11520
[2026-07-08 19:59:32.328] [odom] [warning] No-IMU errors rot=0.212 +- 0.257 deg, trans=0.029 +- 0.017 m, vel=0.028 +- 0.020 m/s
[2026-07-08 19:59:32.328] [odom] [warning] IMU errors rot=0.067 +- 0.056 deg, trans=0.033 +- 0.019 m, vel=0.098 +- 0.051 m/s
[2026-07-08 19:59:32.328] [odom] [warning] IMU better ratios rot=0.86, trans=0.05, vel=0.09
[2026-07-08 19:59:35.673] [odom] [warning] IMU bias estimation seems inaccurate.
[2026-07-08 19:59:35.673] [odom] [warning] Possibly T_lidar_imu is not accurate or LiDAR-IMU synchronization is not correct.
[2026-07-08 19:59:35.673] [odom] [warning] IMU bias validation results:
[2026-07-08 19:59:35.673] [odom] [warning] num_bias_validations=12032
[2026-07-08 19:59:35.673] [odom] [warning] bias_acc=[0.808, -0.904, 0.070] m/s^2, bias_gyro=[-0.019, -0.001, 0.001] rad/s
[2026-07-08 19:59:35.673] [odom] [warning] acc_stat ax=0.398 +- 0.301 [min=-0.214, max=0.986], ay=-0.672 +- 0.374 [min=-1.404, max=0.031], az=0.053 +- 0.030 [min=0.008, max=0.119] m/s^2
[2026-07-08 19:59:35.673] [odom] [warning] gyro_stat wx=-0.019 +- 0.001 [min=-0.020, max=-0.017], wy=-0.000 +- 0.002 [min=-0.004, max=0.002], wz=0.001 +- 0.000 [min=0.001, max=0.002] rad/s
[2026-07-08 19:59:35.724] [odom] [warning] IMU prediction is not good.
[2026-07-08 19:59:35.724] [odom] [warning] Possibly T_lidar_imu is not accurate or IMU bias is not well estimated.
[2026-07-08 19:59:35.724] [odom] [warning] IMU validation results:
[2026-07-08 19:59:35.724] [odom] [warning] num_validations=11584
[2026-07-08 19:59:35.724] [odom] [warning] No-IMU errors rot=0.212 +- 0.256 deg, trans=0.029 +- 0.017 m, vel=0.028 +- 0.020 m/s
[2026-07-08 19:59:35.724] [odom] [warning] IMU errors rot=0.067 +- 0.056 deg, trans=0.033 +- 0.019 m, vel=0.099 +- 0.051 m/s
[2026-07-08 19:59:35.724] [odom] [warning] IMU better ratios rot=0.86, trans=0.05, vel=0.09
[2026-07-08 19:59:35.898] [glim] [info] playback speed: 2.915x
[2026-07-08 19:59:36.885] [odom] [warning] IMU bias estimation seems inaccurate.
[2026-07-08 19:59:36.885] [odom] [warning] Possibly T_lidar_imu is not accurate or LiDAR-IMU synchronization is not correct.
[2026-07-08 19:59:36.885] [odom] [warning] IMU bias validation results:
[2026-07-08 19:59:36.885] [odom] [warning] num_bias_validations=12096
[2026-07-08 19:59:36.885] [odom] [warning] bias_acc=[0.779, -0.943, 0.073] m/s^2, bias_gyro=[-0.019, -0.001, 0.001] rad/s
[2026-07-08 19:59:36.885] [odom] [warning] acc_stat ax=0.400 +- 0.302 [min=-0.214, max=0.986], ay=-0.673 +- 0.373 [min=-1.404, max=0.031], az=0.053 +- 0.030 [min=0.008, max=0.119] m/s^2
[2026-07-08 19:59:36.885] [odom] [warning] gyro_stat wx=-0.019 +- 0.001 [min=-0.020, max=-0.017], wy=-0.000 +- 0.002 [min=-0.004, max=0.002], wz=0.001 +- 0.000 [min=0.001, max=0.002] rad/s
[2026-07-08 19:59:37.090] [odom] [warning] IMU prediction is not good.
[2026-07-08 19:59:37.090] [odom] [warning] Possibly T_lidar_imu is not accurate or IMU bias is not well estimated.
[2026-07-08 19:59:37.090] [odom] [warning] IMU validation results:
[2026-07-08 19:59:37.090] [odom] [warning] num_validations=11648
[2026-07-08 19:59:37.090] [odom] [warning] No-IMU errors rot=0.212 +- 0.256 deg, trans=0.029 +- 0.017 m, vel=0.028 +- 0.020 m/s
[2026-07-08 19:59:37.090] [odom] [warning] IMU errors rot=0.067 +- 0.056 deg, trans=0.033 +- 0.019 m, vel=0.099 +- 0.051 m/s
[2026-07-08 19:59:37.090] [odom] [warning] IMU better ratios rot=0.86, trans=0.05, vel=0.09
[2026-07-08 19:59:39.890] [odom] [warning] IMU bias estimation seems inaccurate.
[2026-07-08 19:59:39.890] [odom] [warning] Possibly T_lidar_imu is not accurate or LiDAR-IMU synchronization is not correct.
[2026-07-08 19:59:39.890] [odom] [warning] IMU bias validation results:
[2026-07-08 19:59:39.890] [odom] [warning] num_bias_validations=12160
[2026-07-08 19:59:39.890] [odom] [warning] bias_acc=[0.752, -0.981, 0.077] m/s^2, bias_gyro=[-0.019, -0.000, 0.001] rad/s
[2026-07-08 19:59:39.890] [odom] [warning] acc_stat ax=0.402 +- 0.302 [min=-0.214, max=0.986], ay=-0.675 +- 0.373 [min=-1.404, max=0.031], az=0.053 +- 0.030 [min=0.008, max=0.119] m/s^2
[2026-07-08 19:59:39.890] [odom] [warning] gyro_stat wx=-0.019 +- 0.001 [min=-0.020, max=-0.017], wy=-0.000 +- 0.002 [min=-0.004, max=0.002], wz=0.001 +- 0.000 [min=0.001, max=0.002] rad/s
[2026-07-08 19:59:39.923] [odom] [warning] IMU prediction is not good.
[2026-07-08 19:59:39.923] [odom] [warning] Possibly T_lidar_imu is not accurate or IMU bias is not well estimated.
[2026-07-08 19:59:39.923] [odom] [warning] IMU validation results:
[2026-07-08 19:59:39.923] [odom] [warning] num_validations=11712
[2026-07-08 19:59:39.923] [odom] [warning] No-IMU errors rot=0.211 +- 0.255 deg, trans=0.029 +- 0.017 m, vel=0.028 +- 0.020 m/s
[2026-07-08 19:59:39.923] [odom] [warning] IMU errors rot=0.067 +- 0.056 deg, trans=0.034 +- 0.019 m, vel=0.100 +- 0.052 m/s
[2026-07-08 19:59:39.923] [odom] [warning] IMU better ratios rot=0.86, trans=0.05, vel=0.09
[2026-07-08 19:59:40.912] [glim] [info] playback speed: 3.218x
[2026-07-08 19:59:41.656] [odom] [warning] IMU bias estimation seems inaccurate.
[2026-07-08 19:59:41.656] [odom] [warning] Possibly T_lidar_imu is not accurate or LiDAR-IMU synchronization is not correct.
[2026-07-08 19:59:41.656] [odom] [warning] IMU bias validation results:
[2026-07-08 19:59:41.656] [odom] [warning] num_bias_validations=12224
[2026-07-08 19:59:41.656] [odom] [warning] bias_acc=[0.725, -1.019, 0.080] m/s^2, bias_gyro=[-0.020, -0.000, 0.001] rad/s
[2026-07-08 19:59:41.656] [odom] [warning] acc_stat ax=0.404 +- 0.302 [min=-0.214, max=0.986], ay=-0.677 +- 0.373 [min=-1.404, max=0.031], az=0.054 +- 0.030 [min=0.008, max=0.119] m/s^2
[2026-07-08 19:59:41.656] [odom] [warning] gyro_stat wx=-0.019 +- 0.001 [min=-0.020, max=-0.017], wy=-0.000 +- 0.002 [min=-0.004, max=0.002], wz=0.001 +- 0.000 [min=0.001, max=0.002] rad/s
[2026-07-08 19:59:41.887] [odom] [warning] IMU prediction is not good.
[2026-07-08 19:59:41.887] [odom] [warning] Possibly T_lidar_imu is not accurate or IMU bias is not well estimated.
[2026-07-08 19:59:41.887] [odom] [warning] IMU validation results:
[2026-07-08 19:59:41.887] [odom] [warning] num_validations=11776
[2026-07-08 19:59:41.887] [odom] [warning] No-IMU errors rot=0.211 +- 0.255 deg, trans=0.029 +- 0.017 m, vel=0.028 +- 0.020 m/s
[2026-07-08 19:59:41.887] [odom] [warning] IMU errors rot=0.067 +- 0.056 deg, trans=0.034 +- 0.019 m, vel=0.100 +- 0.052 m/s
[2026-07-08 19:59:41.887] [odom] [warning] IMU better ratios rot=0.86, trans=0.05, vel=0.09
[2026-07-08 19:59:44.047] [odom] [warning] IMU bias estimation seems inaccurate.
[2026-07-08 19:59:44.047] [odom] [warning] Possibly T_lidar_imu is not accurate or LiDAR-IMU synchronization is not correct.
[2026-07-08 19:59:44.047] [odom] [warning] IMU bias validation results:
[2026-07-08 19:59:44.047] [odom] [warning] num_bias_validations=12288
[2026-07-08 19:59:44.047] [odom] [warning] bias_acc=[0.698, -1.056, 0.083] m/s^2, bias_gyro=[-0.019, -0.000, 0.001] rad/s
[2026-07-08 19:59:44.047] [odom] [warning] acc_stat ax=0.405 +- 0.302 [min=-0.214, max=0.986], ay=-0.679 +- 0.373 [min=-1.404, max=0.031], az=0.054 +- 0.030 [min=0.008, max=0.119] m/s^2
[2026-07-08 19:59:44.047] [odom] [warning] gyro_stat wx=-0.019 +- 0.001 [min=-0.020, max=-0.017], wy=-0.000 +- 0.002 [min=-0.004, max=0.002], wz=0.001 +- 0.000 [min=0.001, max=0.002] rad/s
[2026-07-08 19:59:44.088] [odom] [warning] IMU prediction is not good.
[2026-07-08 19:59:44.088] [odom] [warning] Possibly T_lidar_imu is not accurate or IMU bias is not well estimated.
[2026-07-08 19:59:44.088] [odom] [warning] IMU validation results:
[2026-07-08 19:59:44.088] [odom] [warning] num_validations=11840
[2026-07-08 19:59:44.088] [odom] [warning] No-IMU errors rot=0.211 +- 0.254 deg, trans=0.029 +- 0.017 m, vel=0.028 +- 0.020 m/s
[2026-07-08 19:59:44.088] [odom] [warning] IMU errors rot=0.067 +- 0.056 deg, trans=0.034 +- 0.019 m, vel=0.101 +- 0.052 m/s
[2026-07-08 19:59:44.088] [odom] [warning] IMU better ratios rot=0.86, trans=0.05, vel=0.09
[2026-07-08 19:59:45.961] [glim] [info] playback speed: 2.633x
[2026-07-08 19:59:46.780] [odom] [warning] IMU bias estimation seems inaccurate.
[2026-07-08 19:59:46.780] [odom] [warning] Possibly T_lidar_imu is not accurate or LiDAR-IMU synchronization is not correct.
[2026-07-08 19:59:46.780] [odom] [warning] IMU bias validation results:
[2026-07-08 19:59:46.780] [odom] [warning] num_bias_validations=12352
[2026-07-08 19:59:46.780] [odom] [warning] bias_acc=[0.673, -1.091, 0.085] m/s^2, bias_gyro=[-0.019, -0.000, 0.001] rad/s
[2026-07-08 19:59:46.780] [odom] [warning] acc_stat ax=0.407 +- 0.302 [min=-0.214, max=0.986], ay=-0.681 +- 0.373 [min=-1.404, max=0.031], az=0.054 +- 0.030 [min=0.008, max=0.119] m/s^2
[2026-07-08 19:59:46.780] [odom] [warning] gyro_stat wx=-0.019 +- 0.001 [min=-0.020, max=-0.017], wy=-0.000 +- 0.002 [min=-0.004, max=0.002], wz=0.001 +- 0.000 [min=0.001, max=0.002] rad/s
[2026-07-08 19:59:47.011] [odom] [warning] IMU prediction is not good.
[2026-07-08 19:59:47.011] [odom] [warning] Possibly T_lidar_imu is not accurate or IMU bias is not well estimated.
[2026-07-08 19:59:47.011] [odom] [warning] IMU validation results:
[2026-07-08 19:59:47.011] [odom] [warning] num_validations=11904
[2026-07-08 19:59:47.011] [odom] [warning] No-IMU errors rot=0.210 +- 0.254 deg, trans=0.029 +- 0.017 m, vel=0.028 +- 0.020 m/s
[2026-07-08 19:59:47.011] [odom] [warning] IMU errors rot=0.067 +- 0.056 deg, trans=0.034 +- 0.019 m, vel=0.101 +- 0.052 m/s
[2026-07-08 19:59:47.011] [odom] [warning] IMU better ratios rot=0.86, trans=0.05, vel=0.09
[2026-07-08 19:59:48.622] [odom] [warning] IMU bias estimation seems inaccurate.
[2026-07-08 19:59:48.622] [odom] [warning] Possibly T_lidar_imu is not accurate or LiDAR-IMU synchronization is not correct.
[2026-07-08 19:59:48.622] [odom] [warning] IMU bias validation results:
[2026-07-08 19:59:48.622] [odom] [warning] num_bias_validations=12416
[2026-07-08 19:59:48.622] [odom] [warning] bias_acc=[0.647, -1.124, 0.088] m/s^2, bias_gyro=[-0.020, -0.000, 0.001] rad/s
[2026-07-08 19:59:48.622] [odom] [warning] acc_stat ax=0.408 +- 0.301 [min=-0.214, max=0.986], ay=-0.683 +- 0.374 [min=-1.404, max=0.031], az=0.054 +- 0.030 [min=0.008, max=0.119] m/s^2
[2026-07-08 19:59:48.622] [odom] [warning] gyro_stat wx=-0.019 +- 0.001 [min=-0.020, max=-0.017], wy=-0.000 +- 0.002 [min=-0.004, max=0.002], wz=0.001 +- 0.000 [min=0.001, max=0.002] rad/s
[2026-07-08 19:59:48.655] [odom] [warning] IMU prediction is not good.
[2026-07-08 19:59:48.655] [odom] [warning] Possibly T_lidar_imu is not accurate or IMU bias is not well estimated.
[2026-07-08 19:59:48.655] [odom] [warning] IMU validation results:
[2026-07-08 19:59:48.655] [odom] [warning] num_validations=11968
[2026-07-08 19:59:48.655] [odom] [warning] No-IMU errors rot=0.209 +- 0.253 deg, trans=0.029 +- 0.017 m, vel=0.028 +- 0.020 m/s
[2026-07-08 19:59:48.655] [odom] [warning] IMU errors rot=0.067 +- 0.055 deg, trans=0.034 +- 0.019 m, vel=0.101 +- 0.052 m/s
[2026-07-08 19:59:48.655] [odom] [warning] IMU better ratios rot=0.86, trans=0.05, vel=0.09
[2026-07-08 19:59:51.001] [glim] [info] playback speed: 2.617x
[2026-07-08 19:59:51.748] [odom] [warning] IMU bias estimation seems inaccurate.
[2026-07-08 19:59:51.748] [odom] [warning] Possibly T_lidar_imu is not accurate or LiDAR-IMU synchronization is not correct.
[2026-07-08 19:59:51.748] [odom] [warning] IMU bias validation results:
[2026-07-08 19:59:51.748] [odom] [warning] num_bias_validations=12480
[2026-07-08 19:59:51.748] [odom] [warning] bias_acc=[0.622, -1.158, 0.090] m/s^2, bias_gyro=[-0.020, 0.000, 0.002] rad/s
[2026-07-08 19:59:51.748] [odom] [warning] acc_stat ax=0.409 +- 0.301 [min=-0.214, max=0.986], ay=-0.685 +- 0.374 [min=-1.404, max=0.031], az=0.054 +- 0.030 [min=0.008, max=0.119] m/s^2
[2026-07-08 19:59:51.748] [odom] [warning] gyro_stat wx=-0.019 +- 0.001 [min=-0.020, max=-0.017], wy=-0.000 +- 0.002 [min=-0.004, max=0.002], wz=0.001 +- 0.000 [min=0.001, max=0.002] rad/s
[2026-07-08 19:59:51.988] [odom] [warning] IMU prediction is not good.
[2026-07-08 19:59:51.988] [odom] [warning] Possibly T_lidar_imu is not accurate or IMU bias is not well estimated.
[2026-07-08 19:59:51.988] [odom] [warning] IMU validation results:
[2026-07-08 19:59:51.988] [odom] [warning] num_validations=12032
[2026-07-08 19:59:51.988] [odom] [warning] No-IMU errors rot=0.209 +- 0.253 deg, trans=0.029 +- 0.017 m, vel=0.028 +- 0.020 m/s
[2026-07-08 19:59:51.988] [odom] [warning] IMU errors rot=0.066 +- 0.055 deg, trans=0.034 +- 0.019 m, vel=0.102 +- 0.052 m/s
[2026-07-08 19:59:51.988] [odom] [warning] IMU better ratios rot=0.86, trans=0.05, vel=0.09
[2026-07-08 19:59:53.184] [odom] [warning] IMU bias estimation seems inaccurate.
[2026-07-08 19:59:53.184] [odom] [warning] Possibly T_lidar_imu is not accurate or LiDAR-IMU synchronization is not correct.
[2026-07-08 19:59:53.184] [odom] [warning] IMU bias validation results:
[2026-07-08 19:59:53.184] [odom] [warning] num_bias_validations=12544
[2026-07-08 19:59:53.184] [odom] [warning] bias_acc=[0.599, -1.188, 0.092] m/s^2, bias_gyro=[-0.019, 0.000, 0.002] rad/s
[2026-07-08 19:59:53.184] [odom] [warning] acc_stat ax=0.410 +- 0.301 [min=-0.214, max=0.986], ay=-0.688 +- 0.375 [min=-1.404, max=0.031], az=0.054 +- 0.030 [min=0.008, max=0.119] m/s^2
[2026-07-08 19:59:53.184] [odom] [warning] gyro_stat wx=-0.019 +- 0.001 [min=-0.020, max=-0.017], wy=-0.000 +- 0.002 [min=-0.004, max=0.002], wz=0.001 +- 0.000 [min=0.001, max=0.002] rad/s
[2026-07-08 19:59:53.419] [odom] [warning] IMU prediction is not good.
[2026-07-08 19:59:53.419] [odom] [warning] Possibly T_lidar_imu is not accurate or IMU bias is not well estimated.
[2026-07-08 19:59:53.419] [odom] [warning] IMU validation results:
[2026-07-08 19:59:53.419] [odom] [warning] num_validations=12096
[2026-07-08 19:59:53.419] [odom] [warning] No-IMU errors rot=0.209 +- 0.252 deg, trans=0.029 +- 0.017 m, vel=0.028 +- 0.020 m/s
[2026-07-08 19:59:53.419] [odom] [warning] IMU errors rot=0.067 +- 0.055 deg, trans=0.034 +- 0.019 m, vel=0.102 +- 0.053 m/s
[2026-07-08 19:59:53.419] [odom] [warning] IMU better ratios rot=0.86, trans=0.05, vel=0.09
[2026-07-08 19:59:55.401] [odom] [warning] IMU bias estimation seems inaccurate.
[2026-07-08 19:59:55.401] [odom] [warning] Possibly T_lidar_imu is not accurate or LiDAR-IMU synchronization is not correct.
[2026-07-08 19:59:55.401] [odom] [warning] IMU bias validation results:
[2026-07-08 19:59:55.401] [odom] [warning] num_bias_validations=12608
[2026-07-08 19:59:55.401] [odom] [warning] bias_acc=[0.575, -1.214, 0.094] m/s^2, bias_gyro=[-0.019, 0.000, 0.001] rad/s
[2026-07-08 19:59:55.401] [odom] [warning] acc_stat ax=0.411 +- 0.300 [min=-0.214, max=0.986], ay=-0.691 +- 0.376 [min=-1.404, max=0.031], az=0.055 +- 0.030 [min=0.008, max=0.119] m/s^2
[2026-07-08 19:59:55.401] [odom] [warning] gyro_stat wx=-0.019 +- 0.001 [min=-0.020, max=-0.017], wy=-0.000 +- 0.002 [min=-0.004, max=0.002], wz=0.001 +- 0.000 [min=0.001, max=0.002] rad/s
[2026-07-08 19:59:55.439] [odom] [warning] IMU prediction is not good.
[2026-07-08 19:59:55.439] [odom] [warning] Possibly T_lidar_imu is not accurate or IMU bias is not well estimated.
[2026-07-08 19:59:55.439] [odom] [warning] IMU validation results:
[2026-07-08 19:59:55.439] [odom] [warning] num_validations=12160
[2026-07-08 19:59:55.439] [odom] [warning] No-IMU errors rot=0.208 +- 0.252 deg, trans=0.029 +- 0.017 m, vel=0.028 +- 0.020 m/s
[2026-07-08 19:59:55.439] [odom] [warning] IMU errors rot=0.066 +- 0.055 deg, trans=0.034 +- 0.019 m, vel=0.102 +- 0.052 m/s
[2026-07-08 19:59:55.439] [odom] [warning] IMU better ratios rot=0.86, trans=0.05, vel=0.09
[2026-07-08 19:59:56.001] [glim] [info] playback speed: 3.226x
[2026-07-08 19:59:57.726] [odom] [warning] IMU bias estimation seems inaccurate.
[2026-07-08 19:59:57.726] [odom] [warning] Possibly T_lidar_imu is not accurate or LiDAR-IMU synchronization is not correct.
[2026-07-08 19:59:57.726] [odom] [warning] IMU bias validation results:
[2026-07-08 19:59:57.726] [odom] [warning] num_bias_validations=12672
[2026-07-08 19:59:57.726] [odom] [warning] bias_acc=[0.551, -1.238, 0.096] m/s^2, bias_gyro=[-0.019, 0.000, 0.002] rad/s
[2026-07-08 19:59:57.726] [odom] [warning] acc_stat ax=0.411 +- 0.300 [min=-0.214, max=0.986], ay=-0.693 +- 0.377 [min=-1.404, max=0.031], az=0.055 +- 0.030 [min=0.008, max=0.119] m/s^2
[2026-07-08 19:59:57.726] [odom] [warning] gyro_stat wx=-0.019 +- 0.001 [min=-0.020, max=-0.017], wy=-0.000 +- 0.002 [min=-0.004, max=0.002], wz=0.001 +- 0.000 [min=0.001, max=0.002] rad/s
[2026-07-08 19:59:57.757] [odom] [warning] IMU prediction is not good.
[2026-07-08 19:59:57.757] [odom] [warning] Possibly T_lidar_imu is not accurate or IMU bias is not well estimated.
[2026-07-08 19:59:57.757] [odom] [warning] IMU validation results:
[2026-07-08 19:59:57.757] [odom] [warning] num_validations=12224
[2026-07-08 19:59:57.757] [odom] [warning] No-IMU errors rot=0.208 +- 0.251 deg, trans=0.029 +- 0.017 m, vel=0.028 +- 0.020 m/s
[2026-07-08 19:59:57.757] [odom] [warning] IMU errors rot=0.066 +- 0.055 deg, trans=0.034 +- 0.019 m, vel=0.102 +- 0.052 m/s
[2026-07-08 19:59:57.757] [odom] [warning] IMU better ratios rot=0.86, trans=0.05, vel=0.09
[2026-07-08 20:00:00.025] [odom] [warning] IMU bias estimation seems inaccurate.
[2026-07-08 20:00:00.025] [odom] [warning] Possibly T_lidar_imu is not accurate or LiDAR-IMU synchronization is not correct.
[2026-07-08 20:00:00.025] [odom] [warning] IMU bias validation results:
[2026-07-08 20:00:00.025] [odom] [warning] num_bias_validations=12736
[2026-07-08 20:00:00.025] [odom] [warning] bias_acc=[0.528, -1.260, 0.097] m/s^2, bias_gyro=[-0.019, 0.000, 0.002] rad/s
[2026-07-08 20:00:00.025] [odom] [warning] acc_stat ax=0.412 +- 0.299 [min=-0.214, max=0.986], ay=-0.696 +- 0.378 [min=-1.404, max=0.031], az=0.055 +- 0.030 [min=0.008, max=0.119] m/s^2
[2026-07-08 20:00:00.025] [odom] [warning] gyro_stat wx=-0.019 +- 0.001 [min=-0.020, max=-0.017], wy=-0.000 +- 0.002 [min=-0.004, max=0.002], wz=0.001 +- 0.000 [min=0.001, max=0.002] rad/s
[2026-07-08 20:00:00.050] [odom] [warning] IMU prediction is not good.
[2026-07-08 20:00:00.050] [odom] [warning] Possibly T_lidar_imu is not accurate or IMU bias is not well estimated.
[2026-07-08 20:00:00.050] [odom] [warning] IMU validation results:
[2026-07-08 20:00:00.050] [odom] [warning] num_validations=12288
[2026-07-08 20:00:00.050] [odom] [warning] No-IMU errors rot=0.207 +- 0.251 deg, trans=0.030 +- 0.017 m, vel=0.028 +- 0.020 m/s
[2026-07-08 20:00:00.050] [odom] [warning] IMU errors rot=0.066 +- 0.055 deg, trans=0.034 +- 0.019 m, vel=0.102 +- 0.052 m/s
[2026-07-08 20:00:00.050] [odom] [warning] IMU better ratios rot=0.86, trans=0.05, vel=0.09
[2026-07-08 20:00:01.023] [glim] [info] playback speed: 2.970x
[2026-07-08 20:00:02.245] [odom] [warning] IMU bias estimation seems inaccurate.
[2026-07-08 20:00:02.245] [odom] [warning] Possibly T_lidar_imu is not accurate or LiDAR-IMU synchronization is not correct.
[2026-07-08 20:00:02.245] [odom] [warning] IMU bias validation results:
[2026-07-08 20:00:02.245] [odom] [warning] num_bias_validations=12800
[2026-07-08 20:00:02.245] [odom] [warning] bias_acc=[0.505, -1.279, 0.098] m/s^2, bias_gyro=[-0.019, -0.000, 0.002] rad/s
[2026-07-08 20:00:02.245] [odom] [warning] acc_stat ax=0.412 +- 0.298 [min=-0.214, max=0.986], ay=-0.699 +- 0.379 [min=-1.404, max=0.031], az=0.055 +- 0.030 [min=0.008, max=0.119] m/s^2
[2026-07-08 20:00:02.245] [odom] [warning] gyro_stat wx=-0.019 +- 0.001 [min=-0.020, max=-0.017], wy=-0.000 +- 0.002 [min=-0.004, max=0.002], wz=0.001 +- 0.000 [min=0.001, max=0.002] rad/s
[2026-07-08 20:00:02.457] [odom] [warning] IMU prediction is not good.
[2026-07-08 20:00:02.457] [odom] [warning] Possibly T_lidar_imu is not accurate or IMU bias is not well estimated.
[2026-07-08 20:00:02.457] [odom] [warning] IMU validation results:
[2026-07-08 20:00:02.457] [odom] [warning] num_validations=12352
[2026-07-08 20:00:02.457] [odom] [warning] No-IMU errors rot=0.207 +- 0.250 deg, trans=0.030 +- 0.016 m, vel=0.028 +- 0.020 m/s
[2026-07-08 20:00:02.457] [odom] [warning] IMU errors rot=0.066 +- 0.055 deg, trans=0.034 +- 0.019 m, vel=0.103 +- 0.052 m/s
[2026-07-08 20:00:02.457] [odom] [warning] IMU better ratios rot=0.86, trans=0.05, vel=0.09
[2026-07-08 20:00:05.611] [odom] [warning] IMU bias estimation seems inaccurate.
[2026-07-08 20:00:05.611] [odom] [warning] Possibly T_lidar_imu is not accurate or LiDAR-IMU synchronization is not correct.
[2026-07-08 20:00:05.611] [odom] [warning] IMU bias validation results:
[2026-07-08 20:00:05.611] [odom] [warning] num_bias_validations=12864
[2026-07-08 20:00:05.611] [odom] [warning] bias_acc=[0.482, -1.296, 0.099] m/s^2, bias_gyro=[-0.019, 0.000, 0.002] rad/s
[2026-07-08 20:00:05.611] [odom] [warning] acc_stat ax=0.413 +- 0.297 [min=-0.214, max=0.986], ay=-0.702 +- 0.381 [min=-1.404, max=0.031], az=0.056 +- 0.030 [min=0.008, max=0.119] m/s^2
[2026-07-08 20:00:05.611] [odom] [warning] gyro_stat wx=-0.019 +- 0.001 [min=-0.020, max=-0.017], wy=-0.000 +- 0.002 [min=-0.004, max=0.002], wz=0.001 +- 0.000 [min=0.001, max=0.002] rad/s
[2026-07-08 20:00:05.825] [odom] [warning] IMU prediction is not good.
[2026-07-08 20:00:05.825] [odom] [warning] Possibly T_lidar_imu is not accurate or IMU bias is not well estimated.
[2026-07-08 20:00:05.825] [odom] [warning] IMU validation results:
[2026-07-08 20:00:05.825] [odom] [warning] num_validations=12416
[2026-07-08 20:00:05.825] [odom] [warning] No-IMU errors rot=0.206 +- 0.250 deg, trans=0.030 +- 0.016 m, vel=0.028 +- 0.020 m/s
[2026-07-08 20:00:05.825] [odom] [warning] IMU errors rot=0.066 +- 0.055 deg, trans=0.034 +- 0.019 m, vel=0.103 +- 0.052 m/s
[2026-07-08 20:00:05.825] [odom] [warning] IMU better ratios rot=0.86, trans=0.05, vel=0.09
[2026-07-08 20:00:06.040] [glim] [info] playback speed: 1.982x
[2026-07-08 20:00:07.733] [odom] [warning] IMU bias estimation seems inaccurate.
[2026-07-08 20:00:07.733] [odom] [warning] Possibly T_lidar_imu is not accurate or LiDAR-IMU synchronization is not correct.
[2026-07-08 20:00:07.733] [odom] [warning] IMU bias validation results:
[2026-07-08 20:00:07.733] [odom] [warning] num_bias_validations=12928
[2026-07-08 20:00:07.733] [odom] [warning] bias_acc=[0.460, -1.313, 0.100] m/s^2, bias_gyro=[-0.019, 0.000, 0.002] rad/s
[2026-07-08 20:00:07.733] [odom] [warning] acc_stat ax=0.413 +- 0.297 [min=-0.214, max=0.986], ay=-0.705 +- 0.382 [min=-1.404, max=0.031], az=0.056 +- 0.031 [min=0.008, max=0.119] m/s^2
[2026-07-08 20:00:07.733] [odom] [warning] gyro_stat wx=-0.019 +- 0.001 [min=-0.020, max=-0.017], wy=-0.000 +- 0.002 [min=-0.004, max=0.002], wz=0.001 +- 0.000 [min=0.001, max=0.002] rad/s
[2026-07-08 20:00:07.776] [odom] [warning] IMU prediction is not good.
[2026-07-08 20:00:07.776] [odom] [warning] Possibly T_lidar_imu is not accurate or IMU bias is not well estimated.
[2026-07-08 20:00:07.776] [odom] [warning] IMU validation results:
[2026-07-08 20:00:07.776] [odom] [warning] num_validations=12480
[2026-07-08 20:00:07.776] [odom] [warning] No-IMU errors rot=0.206 +- 0.249 deg, trans=0.030 +- 0.016 m, vel=0.028 +- 0.020 m/s
[2026-07-08 20:00:07.776] [odom] [warning] IMU errors rot=0.066 +- 0.055 deg, trans=0.034 +- 0.019 m, vel=0.103 +- 0.052 m/s
[2026-07-08 20:00:07.776] [odom] [warning] IMU better ratios rot=0.86, trans=0.05, vel=0.09
[2026-07-08 20:00:09.826] [odom] [warning] IMU bias estimation seems inaccurate.
[2026-07-08 20:00:09.826] [odom] [warning] Possibly T_lidar_imu is not accurate or LiDAR-IMU synchronization is not correct.
[2026-07-08 20:00:09.826] [odom] [warning] IMU bias validation results:
[2026-07-08 20:00:09.826] [odom] [warning] num_bias_validations=12992
[2026-07-08 20:00:09.826] [odom] [warning] bias_acc=[0.439, -1.325, 0.101] m/s^2, bias_gyro=[-0.019, -0.000, 0.002] rad/s
[2026-07-08 20:00:09.826] [odom] [warning] acc_stat ax=0.413 +- 0.296 [min=-0.214, max=0.986], ay=-0.708 +- 0.384 [min=-1.404, max=0.031], az=0.056 +- 0.031 [min=0.008, max=0.119] m/s^2
[2026-07-08 20:00:09.826] [odom] [warning] gyro_stat wx=-0.019 +- 0.001 [min=-0.020, max=-0.017], wy=-0.000 +- 0.002 [min=-0.004, max=0.002], wz=0.001 +- 0.000 [min=0.001, max=0.002] rad/s
[2026-07-08 20:00:09.998] [odom] [warning] IMU prediction is not good.
[2026-07-08 20:00:09.998] [odom] [warning] Possibly T_lidar_imu is not accurate or IMU bias is not well estimated.
[2026-07-08 20:00:09.998] [odom] [warning] IMU validation results:
[2026-07-08 20:00:09.998] [odom] [warning] num_validations=12544
[2026-07-08 20:00:09.998] [odom] [warning] No-IMU errors rot=0.206 +- 0.249 deg, trans=0.030 +- 0.016 m, vel=0.028 +- 0.020 m/s
[2026-07-08 20:00:09.998] [odom] [warning] IMU errors rot=0.066 +- 0.055 deg, trans=0.034 +- 0.019 m, vel=0.103 +- 0.052 m/s
[2026-07-08 20:00:09.998] [odom] [warning] IMU better ratios rot=0.86, trans=0.04, vel=0.09
[2026-07-08 20:00:11.043] [glim] [info] playback speed: 2.961x
[2026-07-08 20:00:11.675] [odom] [warning] IMU bias estimation seems inaccurate.
[2026-07-08 20:00:11.675] [odom] [warning] Possibly T_lidar_imu is not accurate or LiDAR-IMU synchronization is not correct.
[2026-07-08 20:00:11.675] [odom] [warning] IMU bias validation results:
[2026-07-08 20:00:11.675] [odom] [warning] num_bias_validations=13056
[2026-07-08 20:00:11.675] [odom] [warning] bias_acc=[0.417, -1.335, 0.103] m/s^2, bias_gyro=[-0.019, 0.000, 0.002] rad/s
[2026-07-08 20:00:11.675] [odom] [warning] acc_stat ax=0.413 +- 0.295 [min=-0.214, max=0.986], ay=-0.711 +- 0.385 [min=-1.404, max=0.031], az=0.056 +- 0.031 [min=0.008, max=0.119] m/s^2
[2026-07-08 20:00:11.675] [odom] [warning] gyro_stat wx=-0.019 +- 0.001 [min=-0.020, max=-0.017], wy=-0.000 +- 0.001 [min=-0.004, max=0.002], wz=0.001 +- 0.000 [min=0.001, max=0.002] rad/s
[2026-07-08 20:00:11.754] [odom] [warning] IMU prediction is not good.
[2026-07-08 20:00:11.754] [odom] [warning] Possibly T_lidar_imu is not accurate or IMU bias is not well estimated.
[2026-07-08 20:00:11.754] [odom] [warning] IMU validation results:
[2026-07-08 20:00:11.754] [odom] [warning] num_validations=12608
[2026-07-08 20:00:11.754] [odom] [warning] No-IMU errors rot=0.206 +- 0.249 deg, trans=0.030 +- 0.016 m, vel=0.028 +- 0.020 m/s
[2026-07-08 20:00:11.754] [odom] [warning] IMU errors rot=0.066 +- 0.055 deg, trans=0.034 +- 0.019 m, vel=0.103 +- 0.052 m/s
[2026-07-08 20:00:11.754] [odom] [warning] IMU better ratios rot=0.86, trans=0.04, vel=0.09
[2026-07-08 20:00:13.944] [odom] [warning] IMU bias estimation seems inaccurate.
[2026-07-08 20:00:13.944] [odom] [warning] Possibly T_lidar_imu is not accurate or LiDAR-IMU synchronization is not correct.
[2026-07-08 20:00:13.944] [odom] [warning] IMU bias validation results:
[2026-07-08 20:00:13.944] [odom] [warning] num_bias_validations=13120
[2026-07-08 20:00:13.944] [odom] [warning] bias_acc=[0.397, -1.345, 0.103] m/s^2, bias_gyro=[-0.019, 0.000, 0.002] rad/s
[2026-07-08 20:00:13.944] [odom] [warning] acc_stat ax=0.413 +- 0.295 [min=-0.214, max=0.986], ay=-0.714 +- 0.387 [min=-1.404, max=0.031], az=0.056 +- 0.031 [min=0.008, max=0.119] m/s^2
[2026-07-08 20:00:13.944] [odom] [warning] gyro_stat wx=-0.019 +- 0.001 [min=-0.020, max=-0.017], wy=-0.000 +- 0.001 [min=-0.004, max=0.002], wz=0.001 +- 0.000 [min=0.001, max=0.002] rad/s
[2026-07-08 20:00:14.079] [odom] [warning] IMU prediction is not good.
[2026-07-08 20:00:14.079] [odom] [warning] Possibly T_lidar_imu is not accurate or IMU bias is not well estimated.
[2026-07-08 20:00:14.079] [odom] [warning] IMU validation results:
[2026-07-08 20:00:14.079] [odom] [warning] num_validations=12672
[2026-07-08 20:00:14.079] [odom] [warning] No-IMU errors rot=0.205 +- 0.248 deg, trans=0.030 +- 0.016 m, vel=0.028 +- 0.020 m/s
[2026-07-08 20:00:14.079] [odom] [warning] IMU errors rot=0.065 +- 0.055 deg, trans=0.034 +- 0.019 m, vel=0.103 +- 0.052 m/s
[2026-07-08 20:00:14.079] [odom] [warning] IMU better ratios rot=0.86, trans=0.04, vel=0.09
[2026-07-08 20:00:16.062] [glim] [info] playback speed: 3.073x
[2026-07-08 20:00:16.597] [odom] [warning] IMU bias estimation seems inaccurate.
[2026-07-08 20:00:16.597] [odom] [warning] Possibly T_lidar_imu is not accurate or LiDAR-IMU synchronization is not correct.
[2026-07-08 20:00:16.597] [odom] [warning] IMU bias validation results:
[2026-07-08 20:00:16.597] [odom] [warning] num_bias_validations=13184
[2026-07-08 20:00:16.597] [odom] [warning] bias_acc=[0.378, -1.353, 0.104] m/s^2, bias_gyro=[-0.019, 0.000, 0.002] rad/s
[2026-07-08 20:00:16.597] [odom] [warning] acc_stat ax=0.413 +- 0.294 [min=-0.214, max=0.986], ay=-0.717 +- 0.388 [min=-1.404, max=0.031], az=0.057 +- 0.031 [min=0.008, max=0.119] m/s^2
[2026-07-08 20:00:16.597] [odom] [warning] gyro_stat wx=-0.019 +- 0.001 [min=-0.020, max=-0.017], wy=-0.000 +- 0.001 [min=-0.004, max=0.002], wz=0.001 +- 0.000 [min=0.001, max=0.002] rad/s
[2026-07-08 20:00:16.798] [odom] [warning] IMU prediction is not good.
[2026-07-08 20:00:16.798] [odom] [warning] Possibly T_lidar_imu is not accurate or IMU bias is not well estimated.
[2026-07-08 20:00:16.798] [odom] [warning] IMU validation results:
[2026-07-08 20:00:16.798] [odom] [warning] num_validations=12736
[2026-07-08 20:00:16.798] [odom] [warning] No-IMU errors rot=0.205 +- 0.248 deg, trans=0.030 +- 0.016 m, vel=0.028 +- 0.020 m/s
[2026-07-08 20:00:16.798] [odom] [warning] IMU errors rot=0.065 +- 0.054 deg, trans=0.034 +- 0.019 m, vel=0.102 +- 0.051 m/s
[2026-07-08 20:00:16.798] [odom] [warning] IMU better ratios rot=0.86, trans=0.04, vel=0.09
[2026-07-08 20:00:19.188] [odom] [warning] IMU bias estimation seems inaccurate.
[2026-07-08 20:00:19.188] [odom] [warning] Possibly T_lidar_imu is not accurate or LiDAR-IMU synchronization is not correct.
[2026-07-08 20:00:19.188] [odom] [warning] IMU bias validation results:
[2026-07-08 20:00:19.188] [odom] [warning] num_bias_validations=13248
[2026-07-08 20:00:19.188] [odom] [warning] bias_acc=[0.359, -1.363, 0.105] m/s^2, bias_gyro=[-0.019, 0.000, 0.002] rad/s
[2026-07-08 20:00:19.188] [odom] [warning] acc_stat ax=0.413 +- 0.293 [min=-0.214, max=0.986], ay=-0.721 +- 0.390 [min=-1.404, max=0.031], az=0.057 +- 0.031 [min=0.008, max=0.119] m/s^2
[2026-07-08 20:00:19.188] [odom] [warning] gyro_stat wx=-0.019 +- 0.001 [min=-0.020, max=-0.017], wy=-0.000 +- 0.001 [min=-0.004, max=0.002], wz=0.001 +- 0.000 [min=0.001, max=0.002] rad/s
[2026-07-08 20:00:19.347] [odom] [warning] IMU prediction is not good.
[2026-07-08 20:00:19.347] [odom] [warning] Possibly T_lidar_imu is not accurate or IMU bias is not well estimated.
[2026-07-08 20:00:19.347] [odom] [warning] IMU validation results:
[2026-07-08 20:00:19.347] [odom] [warning] num_validations=12800
[2026-07-08 20:00:19.347] [odom] [warning] No-IMU errors rot=0.204 +- 0.247 deg, trans=0.030 +- 0.016 m, vel=0.028 +- 0.020 m/s
[2026-07-08 20:00:19.347] [odom] [warning] IMU errors rot=0.065 +- 0.054 deg, trans=0.034 +- 0.019 m, vel=0.102 +- 0.051 m/s
[2026-07-08 20:00:19.347] [odom] [warning] IMU better ratios rot=0.86, trans=0.04, vel=0.08
[2026-07-08 20:00:21.078] [glim] [info] playback speed: 2.832x
[2026-07-08 20:00:21.146] [odom] [warning] IMU bias estimation seems inaccurate.
[2026-07-08 20:00:21.146] [odom] [warning] Possibly T_lidar_imu is not accurate or LiDAR-IMU synchronization is not correct.
[2026-07-08 20:00:21.146] [odom] [warning] IMU bias validation results:
[2026-07-08 20:00:21.146] [odom] [warning] num_bias_validations=13312
[2026-07-08 20:00:21.146] [odom] [warning] bias_acc=[0.341, -1.372, 0.105] m/s^2, bias_gyro=[-0.020, 0.001, 0.002] rad/s
[2026-07-08 20:00:21.146] [odom] [warning] acc_stat ax=0.412 +- 0.293 [min=-0.214, max=0.986], ay=-0.724 +- 0.392 [min=-1.404, max=0.031], az=0.057 +- 0.031 [min=0.008, max=0.119] m/s^2
[2026-07-08 20:00:21.146] [odom] [warning] gyro_stat wx=-0.019 +- 0.001 [min=-0.020, max=-0.017], wy=-0.000 +- 0.001 [min=-0.004, max=0.002], wz=0.001 +- 0.000 [min=0.001, max=0.002] rad/s
[2026-07-08 20:00:21.365] [odom] [warning] IMU prediction is not good.
[2026-07-08 20:00:21.365] [odom] [warning] Possibly T_lidar_imu is not accurate or IMU bias is not well estimated.
[2026-07-08 20:00:21.365] [odom] [warning] IMU validation results:
[2026-07-08 20:00:21.365] [odom] [warning] num_validations=12864
[2026-07-08 20:00:21.365] [odom] [warning] No-IMU errors rot=0.204 +- 0.247 deg, trans=0.030 +- 0.016 m, vel=0.028 +- 0.020 m/s
[2026-07-08 20:00:21.365] [odom] [warning] IMU errors rot=0.065 +- 0.054 deg, trans=0.034 +- 0.019 m, vel=0.102 +- 0.051 m/s
[2026-07-08 20:00:21.365] [odom] [warning] IMU better ratios rot=0.86, trans=0.04, vel=0.08
[2026-07-08 20:00:22.906] [odom] [warning] IMU bias estimation seems inaccurate.
[2026-07-08 20:00:22.906] [odom] [warning] Possibly T_lidar_imu is not accurate or LiDAR-IMU synchronization is not correct.
[2026-07-08 20:00:22.906] [odom] [warning] IMU bias validation results:
[2026-07-08 20:00:22.906] [odom] [warning] num_bias_validations=13376
[2026-07-08 20:00:22.906] [odom] [warning] bias_acc=[0.321, -1.382, 0.107] m/s^2, bias_gyro=[-0.019, 0.000, 0.002] rad/s
[2026-07-08 20:00:22.906] [odom] [warning] acc_stat ax=0.412 +- 0.292 [min=-0.214, max=0.986], ay=-0.727 +- 0.393 [min=-1.404, max=0.031], az=0.057 +- 0.031 [min=0.008, max=0.119] m/s^2
[2026-07-08 20:00:22.906] [odom] [warning] gyro_stat wx=-0.019 +- 0.001 [min=-0.020, max=-0.017], wy=-0.000 +- 0.001 [min=-0.004, max=0.002], wz=0.001 +- 0.000 [min=0.001, max=0.002] rad/s
[2026-07-08 20:00:22.950] [odom] [warning] IMU prediction is not good.
[2026-07-08 20:00:22.950] [odom] [warning] Possibly T_lidar_imu is not accurate or IMU bias is not well estimated.
[2026-07-08 20:00:22.950] [odom] [warning] IMU validation results:
[2026-07-08 20:00:22.950] [odom] [warning] num_validations=12928
[2026-07-08 20:00:22.950] [odom] [warning] No-IMU errors rot=0.205 +- 0.247 deg, trans=0.030 +- 0.016 m, vel=0.028 +- 0.020 m/s
[2026-07-08 20:00:22.950] [odom] [warning] IMU errors rot=0.065 +- 0.054 deg, trans=0.034 +- 0.019 m, vel=0.102 +- 0.051 m/s
[2026-07-08 20:00:22.950] [odom] [warning] IMU better ratios rot=0.86, trans=0.04, vel=0.08
[2026-07-08 20:00:25.476] [odom] [warning] IMU bias estimation seems inaccurate.
[2026-07-08 20:00:25.476] [odom] [warning] Possibly T_lidar_imu is not accurate or LiDAR-IMU synchronization is not correct.
[2026-07-08 20:00:25.476] [odom] [warning] IMU bias validation results:
[2026-07-08 20:00:25.476] [odom] [warning] num_bias_validations=13440
[2026-07-08 20:00:25.476] [odom] [warning] bias_acc=[0.302, -1.391, 0.108] m/s^2, bias_gyro=[-0.020, 0.001, 0.002] rad/s
[2026-07-08 20:00:25.476] [odom] [warning] acc_stat ax=0.411 +- 0.291 [min=-0.214, max=0.986], ay=-0.730 +- 0.395 [min=-1.404, max=0.031], az=0.058 +- 0.031 [min=0.008, max=0.119] m/s^2
[2026-07-08 20:00:25.476] [odom] [warning] gyro_stat wx=-0.019 +- 0.001 [min=-0.020, max=-0.017], wy=-0.000 +- 0.001 [min=-0.004, max=0.002], wz=0.001 +- 0.000 [min=0.001, max=0.002] rad/s
[2026-07-08 20:00:25.506] [odom] [warning] IMU prediction is not good.
[2026-07-08 20:00:25.506] [odom] [warning] Possibly T_lidar_imu is not accurate or IMU bias is not well estimated.
[2026-07-08 20:00:25.506] [odom] [warning] IMU validation results:
[2026-07-08 20:00:25.506] [odom] [warning] num_validations=12992
[2026-07-08 20:00:25.506] [odom] [warning] No-IMU errors rot=0.204 +- 0.246 deg, trans=0.030 +- 0.016 m, vel=0.028 +- 0.020 m/s
[2026-07-08 20:00:25.506] [odom] [warning] IMU errors rot=0.065 +- 0.054 deg, trans=0.034 +- 0.018 m, vel=0.102 +- 0.051 m/s
[2026-07-08 20:00:25.506] [odom] [warning] IMU better ratios rot=0.86, trans=0.04, vel=0.08
[2026-07-08 20:00:26.099] [glim] [info] playback speed: 3.415x
[2026-07-08 20:00:26.904] [odom] [warning] IMU bias estimation seems inaccurate.
[2026-07-08 20:00:26.904] [odom] [warning] Possibly T_lidar_imu is not accurate or LiDAR-IMU synchronization is not correct.
[2026-07-08 20:00:26.904] [odom] [warning] IMU bias validation results:
[2026-07-08 20:00:26.904] [odom] [warning] num_bias_validations=13504
[2026-07-08 20:00:26.904] [odom] [warning] bias_acc=[0.283, -1.399, 0.109] m/s^2, bias_gyro=[-0.020, 0.001, 0.002] rad/s
[2026-07-08 20:00:26.904] [odom] [warning] acc_stat ax=0.411 +- 0.291 [min=-0.214, max=0.986], ay=-0.733 +- 0.397 [min=-1.404, max=0.031], az=0.058 +- 0.031 [min=0.008, max=0.119] m/s^2
[2026-07-08 20:00:26.904] [odom] [warning] gyro_stat wx=-0.019 +- 0.001 [min=-0.020, max=-0.017], wy=-0.000 +- 0.001 [min=-0.004, max=0.002], wz=0.001 +- 0.000 [min=0.001, max=0.002] rad/s
[2026-07-08 20:00:27.112] [odom] [warning] IMU prediction is not good.
[2026-07-08 20:00:27.112] [odom] [warning] Possibly T_lidar_imu is not accurate or IMU bias is not well estimated.
[2026-07-08 20:00:27.112] [odom] [warning] IMU validation results:
[2026-07-08 20:00:27.112] [odom] [warning] num_validations=13056
[2026-07-08 20:00:27.112] [odom] [warning] No-IMU errors rot=0.204 +- 0.246 deg, trans=0.030 +- 0.016 m, vel=0.027 +- 0.020 m/s
[2026-07-08 20:00:27.112] [odom] [warning] IMU errors rot=0.065 +- 0.054 deg, trans=0.034 +- 0.018 m, vel=0.102 +- 0.051 m/s
[2026-07-08 20:00:27.112] [odom] [warning] IMU better ratios rot=0.86, trans=0.04, vel=0.08
[2026-07-08 20:00:28.529] [odom] [warning] IMU bias estimation seems inaccurate.
[2026-07-08 20:00:28.529] [odom] [warning] Possibly T_lidar_imu is not accurate or LiDAR-IMU synchronization is not correct.
[2026-07-08 20:00:28.529] [odom] [warning] IMU bias validation results:
[2026-07-08 20:00:28.529] [odom] [warning] num_bias_validations=13568
[2026-07-08 20:00:28.529] [odom] [warning] bias_acc=[0.263, -1.408, 0.110] m/s^2, bias_gyro=[-0.019, 0.000, 0.002] rad/s
[2026-07-08 20:00:28.529] [odom] [warning] acc_stat ax=0.410 +- 0.290 [min=-0.214, max=0.986], ay=-0.736 +- 0.399 [min=-1.408, max=0.031], az=0.058 +- 0.032 [min=0.008, max=0.119] m/s^2
[2026-07-08 20:00:28.529] [odom] [warning] gyro_stat wx=-0.019 +- 0.001 [min=-0.020, max=-0.017], wy=-0.000 +- 0.001 [min=-0.004, max=0.002], wz=0.001 +- 0.000 [min=0.001, max=0.002] rad/s
[2026-07-08 20:00:28.695] [odom] [warning] IMU prediction is not good.
[2026-07-08 20:00:28.695] [odom] [warning] Possibly T_lidar_imu is not accurate or IMU bias is not well estimated.
[2026-07-08 20:00:28.695] [odom] [warning] IMU validation results:
[2026-07-08 20:00:28.695] [odom] [warning] num_validations=13120
[2026-07-08 20:00:28.695] [odom] [warning] No-IMU errors rot=0.204 +- 0.245 deg, trans=0.030 +- 0.016 m, vel=0.027 +- 0.020 m/s
[2026-07-08 20:00:28.695] [odom] [warning] IMU errors rot=0.065 +- 0.054 deg, trans=0.034 +- 0.018 m, vel=0.102 +- 0.051 m/s
[2026-07-08 20:00:28.695] [odom] [warning] IMU better ratios rot=0.86, trans=0.04, vel=0.08
[2026-07-08 20:00:30.804] [odom] [warning] IMU bias estimation seems inaccurate.
[2026-07-08 20:00:30.804] [odom] [warning] Possibly T_lidar_imu is not accurate or LiDAR-IMU synchronization is not correct.
[2026-07-08 20:00:30.804] [odom] [warning] IMU bias validation results:
[2026-07-08 20:00:30.804] [odom] [warning] num_bias_validations=13632
[2026-07-08 20:00:30.804] [odom] [warning] bias_acc=[0.243, -1.412, 0.111] m/s^2, bias_gyro=[-0.020, 0.000, 0.002] rad/s
[2026-07-08 20:00:30.804] [odom] [warning] acc_stat ax=0.409 +- 0.290 [min=-0.214, max=0.986], ay=-0.740 +- 0.400 [min=-1.412, max=0.031], az=0.058 +- 0.032 [min=0.008, max=0.119] m/s^2
[2026-07-08 20:00:30.804] [odom] [warning] gyro_stat wx=-0.019 +- 0.001 [min=-0.020, max=-0.017], wy=-0.000 +- 0.001 [min=-0.004, max=0.002], wz=0.001 +- 0.000 [min=0.001, max=0.002] rad/s
[2026-07-08 20:00:30.882] [odom] [warning] IMU prediction is not good.
[2026-07-08 20:00:30.882] [odom] [warning] Possibly T_lidar_imu is not accurate or IMU bias is not well estimated.
[2026-07-08 20:00:30.882] [odom] [warning] IMU validation results:
[2026-07-08 20:00:30.883] [odom] [warning] num_validations=13184
[2026-07-08 20:00:30.883] [odom] [warning] No-IMU errors rot=0.204 +- 0.245 deg, trans=0.030 +- 0.016 m, vel=0.027 +- 0.020 m/s
[2026-07-08 20:00:30.883] [odom] [warning] IMU errors rot=0.065 +- 0.054 deg, trans=0.034 +- 0.018 m, vel=0.102 +- 0.051 m/s
[2026-07-08 20:00:30.883] [odom] [warning] IMU better ratios rot=0.86, trans=0.04, vel=0.08
[2026-07-08 20:00:31.111] [glim] [info] playback speed: 3.280x
[2026-07-08 20:00:32.895] [odom] [warning] IMU bias estimation seems inaccurate.
[2026-07-08 20:00:32.895] [odom] [warning] Possibly T_lidar_imu is not accurate or LiDAR-IMU synchronization is not correct.
[2026-07-08 20:00:32.895] [odom] [warning] IMU bias validation results:
[2026-07-08 20:00:32.895] [odom] [warning] num_bias_validations=13696
[2026-07-08 20:00:32.895] [odom] [warning] bias_acc=[0.225, -1.419, 0.112] m/s^2, bias_gyro=[-0.019, 0.000, 0.002] rad/s
[2026-07-08 20:00:32.895] [odom] [warning] acc_stat ax=0.408 +- 0.289 [min=-0.214, max=0.986], ay=-0.743 +- 0.402 [min=-1.419, max=0.031], az=0.059 +- 0.032 [min=0.008, max=0.119] m/s^2
[2026-07-08 20:00:32.895] [odom] [warning] gyro_stat wx=-0.019 +- 0.001 [min=-0.020, max=-0.017], wy=-0.000 +- 0.001 [min=-0.004, max=0.002], wz=0.001 +- 0.000 [min=0.001, max=0.002] rad/s
[2026-07-08 20:00:32.935] [odom] [warning] IMU prediction is not good.
[2026-07-08 20:00:32.935] [odom] [warning] Possibly T_lidar_imu is not accurate or IMU bias is not well estimated.
[2026-07-08 20:00:32.935] [odom] [warning] IMU validation results:
[2026-07-08 20:00:32.935] [odom] [warning] num_validations=13248
[2026-07-08 20:00:32.935] [odom] [warning] No-IMU errors rot=0.203 +- 0.244 deg, trans=0.030 +- 0.016 m, vel=0.027 +- 0.019 m/s
[2026-07-08 20:00:32.935] [odom] [warning] IMU errors rot=0.065 +- 0.054 deg, trans=0.034 +- 0.018 m, vel=0.102 +- 0.051 m/s
[2026-07-08 20:00:32.935] [odom] [warning] IMU better ratios rot=0.86, trans=0.04, vel=0.08
[2026-07-08 20:00:35.344] [odom] [warning] IMU bias estimation seems inaccurate.
[2026-07-08 20:00:35.344] [odom] [warning] Possibly T_lidar_imu is not accurate or LiDAR-IMU synchronization is not correct.
[2026-07-08 20:00:35.344] [odom] [warning] IMU bias validation results:
[2026-07-08 20:00:35.344] [odom] [warning] num_bias_validations=13760
[2026-07-08 20:00:35.344] [odom] [warning] bias_acc=[0.207, -1.421, 0.112] m/s^2, bias_gyro=[-0.019, 0.000, 0.002] rad/s
[2026-07-08 20:00:35.344] [odom] [warning] acc_stat ax=0.407 +- 0.289 [min=-0.214, max=0.986], ay=-0.746 +- 0.404 [min=-1.421, max=0.031], az=0.059 +- 0.032 [min=0.008, max=0.119] m/s^2
[2026-07-08 20:00:35.344] [odom] [warning] gyro_stat wx=-0.019 +- 0.001 [min=-0.020, max=-0.017], wy=-0.000 +- 0.001 [min=-0.004, max=0.002], wz=0.001 +- 0.000 [min=0.001, max=0.002] rad/s
[2026-07-08 20:00:35.482] [odom] [warning] IMU prediction is not good.
[2026-07-08 20:00:35.482] [odom] [warning] Possibly T_lidar_imu is not accurate or IMU bias is not well estimated.
[2026-07-08 20:00:35.482] [odom] [warning] IMU validation results:
[2026-07-08 20:00:35.482] [odom] [warning] num_validations=13312
[2026-07-08 20:00:35.482] [odom] [warning] No-IMU errors rot=0.203 +- 0.244 deg, trans=0.030 +- 0.016 m, vel=0.027 +- 0.019 m/s
[2026-07-08 20:00:35.482] [odom] [warning] IMU errors rot=0.065 +- 0.054 deg, trans=0.034 +- 0.018 m, vel=0.102 +- 0.050 m/s
[2026-07-08 20:00:35.482] [odom] [warning] IMU better ratios rot=0.86, trans=0.04, vel=0.08
[2026-07-08 20:00:36.114] [glim] [info] playback speed: 2.738x
[2026-07-08 20:00:37.613] [odom] [warning] IMU bias estimation seems inaccurate.
[2026-07-08 20:00:37.613] [odom] [warning] Possibly T_lidar_imu is not accurate or LiDAR-IMU synchronization is not correct.
[2026-07-08 20:00:37.613] [odom] [warning] IMU bias validation results:
[2026-07-08 20:00:37.613] [odom] [warning] num_bias_validations=13824
[2026-07-08 20:00:37.613] [odom] [warning] bias_acc=[0.189, -1.419, 0.113] m/s^2, bias_gyro=[-0.019, -0.002, 0.001] rad/s
[2026-07-08 20:00:37.613] [odom] [warning] acc_stat ax=0.406 +- 0.289 [min=-0.214, max=0.986], ay=-0.749 +- 0.405 [min=-1.421, max=0.031], az=0.059 +- 0.032 [min=0.008, max=0.119] m/s^2
[2026-07-08 20:00:37.613] [odom] [warning] gyro_stat wx=-0.019 +- 0.001 [min=-0.020, max=-0.017], wy=-0.000 +- 0.001 [min=-0.004, max=0.002], wz=0.001 +- 0.000 [min=0.001, max=0.002] rad/s
[2026-07-08 20:00:37.758] [odom] [warning] IMU prediction is not good.
[2026-07-08 20:00:37.758] [odom] [warning] Possibly T_lidar_imu is not accurate or IMU bias is not well estimated.
[2026-07-08 20:00:37.758] [odom] [warning] IMU validation results:
[2026-07-08 20:00:37.758] [odom] [warning] num_validations=13376
[2026-07-08 20:00:37.758] [odom] [warning] No-IMU errors rot=0.206 +- 0.249 deg, trans=0.030 +- 0.016 m, vel=0.027 +- 0.019 m/s
[2026-07-08 20:00:37.758] [odom] [warning] IMU errors rot=0.066 +- 0.055 deg, trans=0.034 +- 0.018 m, vel=0.102 +- 0.050 m/s
[2026-07-08 20:00:37.758] [odom] [warning] IMU better ratios rot=0.86, trans=0.04, vel=0.08
[2026-07-08 20:00:41.130] [glim] [info] playback speed: 2.286x
[2026-07-08 20:00:41.133] [odom] [warning] IMU bias estimation seems inaccurate.
[2026-07-08 20:00:41.133] [odom] [warning] Possibly T_lidar_imu is not accurate or LiDAR-IMU synchronization is not correct.
[2026-07-08 20:00:41.133] [odom] [warning] IMU bias validation results:
[2026-07-08 20:00:41.133] [odom] [warning] num_bias_validations=13888
[2026-07-08 20:00:41.133] [odom] [warning] bias_acc=[0.178, -1.398, 0.113] m/s^2, bias_gyro=[-0.019, -0.004, 0.001] rad/s
[2026-07-08 20:00:41.133] [odom] [warning] acc_stat ax=0.405 +- 0.289 [min=-0.214, max=0.986], ay=-0.752 +- 0.407 [min=-1.421, max=0.031], az=0.059 +- 0.032 [min=0.008, max=0.119] m/s^2
[2026-07-08 20:00:41.133] [odom] [warning] gyro_stat wx=-0.019 +- 0.001 [min=-0.020, max=-0.017], wy=-0.000 +- 0.001 [min=-0.004, max=0.002], wz=0.001 +- 0.000 [min=0.001, max=0.002] rad/s
[2026-07-08 20:00:41.373] [odom] [warning] IMU prediction is not good.
[2026-07-08 20:00:41.373] [odom] [warning] Possibly T_lidar_imu is not accurate or IMU bias is not well estimated.
[2026-07-08 20:00:41.373] [odom] [warning] IMU validation results:
[2026-07-08 20:00:41.373] [odom] [warning] num_validations=13440
[2026-07-08 20:00:41.373] [odom] [warning] No-IMU errors rot=0.208 +- 0.252 deg, trans=0.030 +- 0.016 m, vel=0.027 +- 0.019 m/s
[2026-07-08 20:00:41.373] [odom] [warning] IMU errors rot=0.066 +- 0.055 deg, trans=0.034 +- 0.018 m, vel=0.102 +- 0.050 m/s
[2026-07-08 20:00:41.373] [odom] [warning] IMU better ratios rot=0.86, trans=0.04, vel=0.08
[2026-07-08 20:00:44.761] [odom] [warning] IMU bias estimation seems inaccurate.
[2026-07-08 20:00:44.761] [odom] [warning] Possibly T_lidar_imu is not accurate or LiDAR-IMU synchronization is not correct.
[2026-07-08 20:00:44.761] [odom] [warning] IMU bias validation results:
[2026-07-08 20:00:44.761] [odom] [warning] num_bias_validations=13952
[2026-07-08 20:00:44.761] [odom] [warning] bias_acc=[0.176, -1.372, 0.111] m/s^2, bias_gyro=[-0.019, -0.004, 0.001] rad/s
[2026-07-08 20:00:44.761] [odom] [warning] acc_stat ax=0.404 +- 0.288 [min=-0.214, max=0.986], ay=-0.755 +- 0.408 [min=-1.421, max=0.031], az=0.060 +- 0.032 [min=0.008, max=0.119] m/s^2
[2026-07-08 20:00:44.761] [odom] [warning] gyro_stat wx=-0.019 +- 0.001 [min=-0.020, max=-0.017], wy=-0.000 +- 0.002 [min=-0.004, max=0.002], wz=0.001 +- 0.000 [min=0.001, max=0.002] rad/s
[2026-07-08 20:00:44.788] [odom] [warning] IMU prediction is not good.
[2026-07-08 20:00:44.788] [odom] [warning] Possibly T_lidar_imu is not accurate or IMU bias is not well estimated.
[2026-07-08 20:00:44.788] [odom] [warning] IMU validation results:
[2026-07-08 20:00:44.788] [odom] [warning] num_validations=13504
[2026-07-08 20:00:44.788] [odom] [warning] No-IMU errors rot=0.207 +- 0.251 deg, trans=0.030 +- 0.016 m, vel=0.027 +- 0.019 m/s
[2026-07-08 20:00:44.788] [odom] [warning] IMU errors rot=0.066 +- 0.055 deg, trans=0.034 +- 0.018 m, vel=0.102 +- 0.050 m/s
[2026-07-08 20:00:44.788] [odom] [warning] IMU better ratios rot=0.86, trans=0.04, vel=0.08
[2026-07-08 20:00:46.013] [odom] [warning] IMU bias estimation seems inaccurate.
[2026-07-08 20:00:46.013] [odom] [warning] Possibly T_lidar_imu is not accurate or LiDAR-IMU synchronization is not correct.
[2026-07-08 20:00:46.013] [odom] [warning] IMU bias validation results:
[2026-07-08 20:00:46.013] [odom] [warning] num_bias_validations=14016
[2026-07-08 20:00:46.013] [odom] [warning] bias_acc=[0.176, -1.346, 0.110] m/s^2, bias_gyro=[-0.019, -0.003, 0.001] rad/s
[2026-07-08 20:00:46.013] [odom] [warning] acc_stat ax=0.403 +- 0.288 [min=-0.214, max=0.986], ay=-0.758 +- 0.409 [min=-1.421, max=0.031], az=0.060 +- 0.032 [min=0.008, max=0.119] m/s^2
[2026-07-08 20:00:46.013] [odom] [warning] gyro_stat wx=-0.019 +- 0.001 [min=-0.020, max=-0.017], wy=-0.000 +- 0.002 [min=-0.004, max=0.002], wz=0.001 +- 0.000 [min=0.001, max=0.002] rad/s
[2026-07-08 20:00:46.132] [glim] [info] playback speed: 2.596x
[2026-07-08 20:00:46.197] [odom] [warning] IMU prediction is not good.
[2026-07-08 20:00:46.197] [odom] [warning] Possibly T_lidar_imu is not accurate or IMU bias is not well estimated.
[2026-07-08 20:00:46.197] [odom] [warning] IMU validation results:
[2026-07-08 20:00:46.197] [odom] [warning] num_validations=13568
[2026-07-08 20:00:46.197] [odom] [warning] No-IMU errors rot=0.207 +- 0.251 deg, trans=0.030 +- 0.016 m, vel=0.027 +- 0.019 m/s
[2026-07-08 20:00:46.197] [odom] [warning] IMU errors rot=0.066 +- 0.055 deg, trans=0.034 +- 0.018 m, vel=0.102 +- 0.050 m/s
[2026-07-08 20:00:46.197] [odom] [warning] IMU better ratios rot=0.86, trans=0.04, vel=0.08
[2026-07-08 20:00:47.726] [odom] [warning] IMU bias estimation seems inaccurate.
[2026-07-08 20:00:47.726] [odom] [warning] Possibly T_lidar_imu is not accurate or LiDAR-IMU synchronization is not correct.
[2026-07-08 20:00:47.726] [odom] [warning] IMU bias validation results:
[2026-07-08 20:00:47.726] [odom] [warning] num_bias_validations=14080
[2026-07-08 20:00:47.726] [odom] [warning] bias_acc=[0.175, -1.322, 0.109] m/s^2, bias_gyro=[-0.018, -0.003, 0.001] rad/s
[2026-07-08 20:00:47.726] [odom] [warning] acc_stat ax=0.402 +- 0.288 [min=-0.214, max=0.986], ay=-0.760 +- 0.410 [min=-1.421, max=0.031], az=0.060 +- 0.033 [min=0.008, max=0.119] m/s^2
[2026-07-08 20:00:47.726] [odom] [warning] gyro_stat wx=-0.019 +- 0.001 [min=-0.020, max=-0.017], wy=-0.000 +- 0.002 [min=-0.004, max=0.002], wz=0.001 +- 0.000 [min=0.001, max=0.002] rad/s
[2026-07-08 20:00:47.760] [odom] [warning] IMU prediction is not good.
[2026-07-08 20:00:47.760] [odom] [warning] Possibly T_lidar_imu is not accurate or IMU bias is not well estimated.
[2026-07-08 20:00:47.760] [odom] [warning] IMU validation results:
[2026-07-08 20:00:47.760] [odom] [warning] num_validations=13632
[2026-07-08 20:00:47.760] [odom] [warning] No-IMU errors rot=0.207 +- 0.250 deg, trans=0.030 +- 0.016 m, vel=0.027 +- 0.019 m/s
[2026-07-08 20:00:47.760] [odom] [warning] IMU errors rot=0.066 +- 0.055 deg, trans=0.034 +- 0.018 m, vel=0.102 +- 0.050 m/s
[2026-07-08 20:00:47.760] [odom] [warning] IMU better ratios rot=0.86, trans=0.04, vel=0.08
[2026-07-08 20:00:50.086] [odom] [warning] IMU bias estimation seems inaccurate.
[2026-07-08 20:00:50.086] [odom] [warning] Possibly T_lidar_imu is not accurate or LiDAR-IMU synchronization is not correct.
[2026-07-08 20:00:50.086] [odom] [warning] IMU bias validation results:
[2026-07-08 20:00:50.086] [odom] [warning] num_bias_validations=14144
[2026-07-08 20:00:50.086] [odom] [warning] bias_acc=[0.172, -1.294, 0.108] m/s^2, bias_gyro=[-0.019, -0.002, 0.001] rad/s
[2026-07-08 20:00:50.086] [odom] [warning] acc_stat ax=0.401 +- 0.288 [min=-0.214, max=0.986], ay=-0.763 +- 0.411 [min=-1.421, max=0.031], az=0.060 +- 0.033 [min=0.008, max=0.119] m/s^2
[2026-07-08 20:00:50.086] [odom] [warning] gyro_stat wx=-0.019 +- 0.001 [min=-0.020, max=-0.017], wy=-0.000 +- 0.002 [min=-0.004, max=0.002], wz=0.001 +- 0.000 [min=0.001, max=0.002] rad/s
[2026-07-08 20:00:50.128] [odom] [warning] IMU prediction is not good.
[2026-07-08 20:00:50.128] [odom] [warning] Possibly T_lidar_imu is not accurate or IMU bias is not well estimated.
[2026-07-08 20:00:50.128] [odom] [warning] IMU validation results:
[2026-07-08 20:00:50.128] [odom] [warning] num_validations=13696
[2026-07-08 20:00:50.128] [odom] [warning] No-IMU errors rot=0.207 +- 0.251 deg, trans=0.030 +- 0.016 m, vel=0.027 +- 0.019 m/s
[2026-07-08 20:00:50.128] [odom] [warning] IMU errors rot=0.066 +- 0.055 deg, trans=0.034 +- 0.018 m, vel=0.102 +- 0.050 m/s
[2026-07-08 20:00:50.128] [odom] [warning] IMU better ratios rot=0.86, trans=0.04, vel=0.08
[2026-07-08 20:00:51.170] [glim] [info] playback speed: 3.343x
[2026-07-08 20:00:52.508] [odom] [warning] IMU bias estimation seems inaccurate.
[2026-07-08 20:00:52.508] [odom] [warning] Possibly T_lidar_imu is not accurate or LiDAR-IMU synchronization is not correct.
[2026-07-08 20:00:52.508] [odom] [warning] IMU bias validation results:
[2026-07-08 20:00:52.508] [odom] [warning] num_bias_validations=14208
[2026-07-08 20:00:52.508] [odom] [warning] bias_acc=[0.166, -1.270, 0.107] m/s^2, bias_gyro=[-0.019, -0.002, 0.001] rad/s
[2026-07-08 20:00:52.508] [odom] [warning] acc_stat ax=0.400 +- 0.287 [min=-0.214, max=0.986], ay=-0.765 +- 0.411 [min=-1.421, max=0.031], az=0.060 +- 0.033 [min=0.008, max=0.119] m/s^2
[2026-07-08 20:00:52.508] [odom] [warning] gyro_stat wx=-0.019 +- 0.001 [min=-0.020, max=-0.017], wy=-0.000 +- 0.002 [min=-0.004, max=0.002], wz=0.001 +- 0.000 [min=0.001, max=0.002] rad/s
[2026-07-08 20:00:52.584] [odom] [warning] IMU prediction is not good.
[2026-07-08 20:00:52.584] [odom] [warning] Possibly T_lidar_imu is not accurate or IMU bias is not well estimated.
[2026-07-08 20:00:52.584] [odom] [warning] IMU validation results:
[2026-07-08 20:00:52.584] [odom] [warning] num_validations=13760
[2026-07-08 20:00:52.584] [odom] [warning] No-IMU errors rot=0.208 +- 0.251 deg, trans=0.030 +- 0.016 m, vel=0.027 +- 0.019 m/s
[2026-07-08 20:00:52.584] [odom] [warning] IMU errors rot=0.066 +- 0.055 deg, trans=0.034 +- 0.018 m, vel=0.102 +- 0.050 m/s
[2026-07-08 20:00:52.584] [odom] [warning] IMU better ratios rot=0.86, trans=0.04, vel=0.08
[2026-07-08 20:00:53.792] [odom] [warning] IMU bias estimation seems inaccurate.
[2026-07-08 20:00:53.792] [odom] [warning] Possibly T_lidar_imu is not accurate or LiDAR-IMU synchronization is not correct.
[2026-07-08 20:00:53.792] [odom] [warning] IMU bias validation results:
[2026-07-08 20:00:53.792] [odom] [warning] num_bias_validations=14272
[2026-07-08 20:00:53.792] [odom] [warning] bias_acc=[0.161, -1.248, 0.106] m/s^2, bias_gyro=[-0.020, -0.001, 0.001] rad/s
[2026-07-08 20:00:53.792] [odom] [warning] acc_stat ax=0.399 +- 0.287 [min=-0.214, max=0.986], ay=-0.767 +- 0.411 [min=-1.421, max=0.031], az=0.061 +- 0.033 [min=0.008, max=0.119] m/s^2
[2026-07-08 20:00:53.792] [odom] [warning] gyro_stat wx=-0.019 +- 0.001 [min=-0.020, max=-0.017], wy=-0.000 +- 0.002 [min=-0.004, max=0.002], wz=0.001 +- 0.000 [min=0.001, max=0.002] rad/s
[2026-07-08 20:00:53.952] [odom] [warning] IMU prediction is not good.
[2026-07-08 20:00:53.952] [odom] [warning] Possibly T_lidar_imu is not accurate or IMU bias is not well estimated.
[2026-07-08 20:00:53.952] [odom] [warning] IMU validation results:
[2026-07-08 20:00:53.952] [odom] [warning] num_validations=13824
[2026-07-08 20:00:53.952] [odom] [warning] No-IMU errors rot=0.207 +- 0.250 deg, trans=0.030 +- 0.016 m, vel=0.027 +- 0.019 m/s
[2026-07-08 20:00:53.952] [odom] [warning] IMU errors rot=0.066 +- 0.055 deg, trans=0.034 +- 0.018 m, vel=0.102 +- 0.050 m/s
[2026-07-08 20:00:53.952] [odom] [warning] IMU better ratios rot=0.86, trans=0.04, vel=0.08
[2026-07-08 20:00:55.860] [odom] [warning] IMU bias estimation seems inaccurate.
[2026-07-08 20:00:55.860] [odom] [warning] Possibly T_lidar_imu is not accurate or LiDAR-IMU synchronization is not correct.
[2026-07-08 20:00:55.860] [odom] [warning] IMU bias validation results:
[2026-07-08 20:00:55.860] [odom] [warning] num_bias_validations=14336
[2026-07-08 20:00:55.860] [odom] [warning] bias_acc=[0.156, -1.228, 0.106] m/s^2, bias_gyro=[-0.019, -0.001, 0.001] rad/s
[2026-07-08 20:00:55.860] [odom] [warning] acc_stat ax=0.398 +- 0.287 [min=-0.214, max=0.986], ay=-0.769 +- 0.412 [min=-1.421, max=0.031], az=0.061 +- 0.033 [min=0.008, max=0.119] m/s^2
[2026-07-08 20:00:55.860] [odom] [warning] gyro_stat wx=-0.019 +- 0.001 [min=-0.020, max=-0.017], wy=-0.000 +- 0.002 [min=-0.004, max=0.002], wz=0.001 +- 0.000 [min=0.001, max=0.002] rad/s
[2026-07-08 20:00:56.046] [odom] [warning] IMU prediction is not good.
[2026-07-08 20:00:56.046] [odom] [warning] Possibly T_lidar_imu is not accurate or IMU bias is not well estimated.
[2026-07-08 20:00:56.046] [odom] [warning] IMU validation results:
[2026-07-08 20:00:56.046] [odom] [warning] num_validations=13888
[2026-07-08 20:00:56.046] [odom] [warning] No-IMU errors rot=0.206 +- 0.250 deg, trans=0.030 +- 0.016 m, vel=0.027 +- 0.019 m/s
[2026-07-08 20:00:56.046] [odom] [warning] IMU errors rot=0.066 +- 0.054 deg, trans=0.034 +- 0.018 m, vel=0.102 +- 0.050 m/s
[2026-07-08 20:00:56.046] [odom] [warning] IMU better ratios rot=0.86, trans=0.04, vel=0.08
[2026-07-08 20:00:56.193] [glim] [info] playback speed: 3.192x
[2026-07-08 20:00:57.932] [odom] [warning] IMU bias estimation seems inaccurate.
[2026-07-08 20:00:57.932] [odom] [warning] Possibly T_lidar_imu is not accurate or LiDAR-IMU synchronization is not correct.
[2026-07-08 20:00:57.932] [odom] [warning] IMU bias validation results:
[2026-07-08 20:00:57.932] [odom] [warning] num_bias_validations=14400
[2026-07-08 20:00:57.932] [odom] [warning] bias_acc=[0.152, -1.208, 0.105] m/s^2, bias_gyro=[-0.020, -0.001, 0.001] rad/s
[2026-07-08 20:00:57.932] [odom] [warning] acc_stat ax=0.397 +- 0.287 [min=-0.214, max=0.986], ay=-0.771 +- 0.412 [min=-1.421, max=0.031], az=0.061 +- 0.033 [min=0.008, max=0.119] m/s^2
[2026-07-08 20:00:57.932] [odom] [warning] gyro_stat wx=-0.019 +- 0.001 [min=-0.020, max=-0.017], wy=-0.000 +- 0.002 [min=-0.004, max=0.002], wz=0.001 +- 0.000 [min=0.001, max=0.002] rad/s
[2026-07-08 20:00:58.071] [odom] [warning] IMU prediction is not good.
[2026-07-08 20:00:58.071] [odom] [warning] Possibly T_lidar_imu is not accurate or IMU bias is not well estimated.
[2026-07-08 20:00:58.071] [odom] [warning] IMU validation results:
[2026-07-08 20:00:58.071] [odom] [warning] num_validations=13952
[2026-07-08 20:00:58.071] [odom] [warning] No-IMU errors rot=0.206 +- 0.250 deg, trans=0.029 +- 0.016 m, vel=0.027 +- 0.019 m/s
[2026-07-08 20:00:58.071] [odom] [warning] IMU errors rot=0.066 +- 0.054 deg, trans=0.034 +- 0.018 m, vel=0.101 +- 0.049 m/s
[2026-07-08 20:00:58.071] [odom] [warning] IMU better ratios rot=0.86, trans=0.04, vel=0.08
[2026-07-08 20:01:00.074] [odom] [warning] IMU bias estimation seems inaccurate.
[2026-07-08 20:01:00.074] [odom] [warning] Possibly T_lidar_imu is not accurate or LiDAR-IMU synchronization is not correct.
[2026-07-08 20:01:00.074] [odom] [warning] IMU bias validation results:
[2026-07-08 20:01:00.074] [odom] [warning] num_bias_validations=14464
[2026-07-08 20:01:00.074] [odom] [warning] bias_acc=[0.151, -1.188, 0.104] m/s^2, bias_gyro=[-0.019, -0.001, 0.001] rad/s
[2026-07-08 20:01:00.074] [odom] [warning] acc_stat ax=0.396 +- 0.287 [min=-0.214, max=0.986], ay=-0.773 +- 0.412 [min=-1.421, max=0.031], az=0.061 +- 0.033 [min=0.008, max=0.119] m/s^2
[2026-07-08 20:01:00.074] [odom] [warning] gyro_stat wx=-0.019 +- 0.001 [min=-0.020, max=-0.017], wy=-0.000 +- 0.002 [min=-0.004, max=0.002], wz=0.001 +- 0.000 [min=0.001, max=0.002] rad/s
[2026-07-08 20:01:00.143] [odom] [warning] IMU prediction is not good.
[2026-07-08 20:01:00.143] [odom] [warning] Possibly T_lidar_imu is not accurate or IMU bias is not well estimated.
[2026-07-08 20:01:00.143] [odom] [warning] IMU validation results:
[2026-07-08 20:01:00.143] [odom] [warning] num_validations=14016
[2026-07-08 20:01:00.143] [odom] [warning] No-IMU errors rot=0.207 +- 0.250 deg, trans=0.029 +- 0.016 m, vel=0.027 +- 0.019 m/s
[2026-07-08 20:01:00.143] [odom] [warning] IMU errors rot=0.066 +- 0.054 deg, trans=0.034 +- 0.018 m, vel=0.101 +- 0.049 m/s
[2026-07-08 20:01:00.143] [odom] [warning] IMU better ratios rot=0.86, trans=0.04, vel=0.08
[2026-07-08 20:01:01.225] [glim] [info] playback speed: 3.125x
[2026-07-08 20:01:02.902] [odom] [warning] IMU bias estimation seems inaccurate.
[2026-07-08 20:01:02.902] [odom] [warning] Possibly T_lidar_imu is not accurate or LiDAR-IMU synchronization is not correct.
[2026-07-08 20:01:02.902] [odom] [warning] IMU bias validation results:
[2026-07-08 20:01:02.902] [odom] [warning] num_bias_validations=14528
[2026-07-08 20:01:02.902] [odom] [warning] bias_acc=[0.146, -1.169, 0.103] m/s^2, bias_gyro=[-0.020, -0.001, 0.002] rad/s
[2026-07-08 20:01:02.902] [odom] [warning] acc_stat ax=0.395 +- 0.286 [min=-0.214, max=0.986], ay=-0.775 +- 0.412 [min=-1.421, max=0.031], az=0.061 +- 0.033 [min=0.008, max=0.119] m/s^2
[2026-07-08 20:01:02.902] [odom] [warning] gyro_stat wx=-0.019 +- 0.001 [min=-0.020, max=-0.017], wy=-0.000 +- 0.002 [min=-0.004, max=0.002], wz=0.001 +- 0.000 [min=0.001, max=0.002] rad/s
[2026-07-08 20:01:03.128] [odom] [warning] IMU prediction is not good.
[2026-07-08 20:01:03.128] [odom] [warning] Possibly T_lidar_imu is not accurate or IMU bias is not well estimated.
[2026-07-08 20:01:03.128] [odom] [warning] IMU validation results:
[2026-07-08 20:01:03.128] [odom] [warning] num_validations=14080
[2026-07-08 20:01:03.128] [odom] [warning] No-IMU errors rot=0.208 +- 0.251 deg, trans=0.029 +- 0.016 m, vel=0.027 +- 0.019 m/s
[2026-07-08 20:01:03.128] [odom] [warning] IMU errors rot=0.066 +- 0.054 deg, trans=0.034 +- 0.018 m, vel=0.101 +- 0.049 m/s
[2026-07-08 20:01:03.128] [odom] [warning] IMU better ratios rot=0.86, trans=0.04, vel=0.08
[2026-07-08 20:01:04.782] [odom] [warning] IMU bias estimation seems inaccurate.
[2026-07-08 20:01:04.782] [odom] [warning] Possibly T_lidar_imu is not accurate or LiDAR-IMU synchronization is not correct.
[2026-07-08 20:01:04.782] [odom] [warning] IMU bias validation results:
[2026-07-08 20:01:04.782] [odom] [warning] num_bias_validations=14592
[2026-07-08 20:01:04.782] [odom] [warning] bias_acc=[0.142, -1.152, 0.102] m/s^2, bias_gyro=[-0.020, -0.000, 0.002] rad/s
[2026-07-08 20:01:04.782] [odom] [warning] acc_stat ax=0.394 +- 0.286 [min=-0.214, max=0.986], ay=-0.776 +- 0.412 [min=-1.421, max=0.031], az=0.062 +- 0.033 [min=0.008, max=0.119] m/s^2
[2026-07-08 20:01:04.782] [odom] [warning] gyro_stat wx=-0.019 +- 0.001 [min=-0.020, max=-0.017], wy=-0.000 +- 0.002 [min=-0.004, max=0.002], wz=0.001 +- 0.000 [min=0.001, max=0.002] rad/s
[2026-07-08 20:01:04.812] [odom] [warning] IMU prediction is not good.
[2026-07-08 20:01:04.812] [odom] [warning] Possibly T_lidar_imu is not accurate or IMU bias is not well estimated.
[2026-07-08 20:01:04.812] [odom] [warning] IMU validation results:
[2026-07-08 20:01:04.812] [odom] [warning] num_validations=14144
[2026-07-08 20:01:04.812] [odom] [warning] No-IMU errors rot=0.208 +- 0.250 deg, trans=0.029 +- 0.016 m, vel=0.027 +- 0.019 m/s
[2026-07-08 20:01:04.812] [odom] [warning] IMU errors rot=0.066 +- 0.054 deg, trans=0.034 +- 0.018 m, vel=0.101 +- 0.049 m/s
[2026-07-08 20:01:04.812] [odom] [warning] IMU better ratios rot=0.86, trans=0.04, vel=0.08
[2026-07-08 20:01:06.248] [glim] [info] playback speed: 2.747x
[2026-07-08 20:01:07.459] [odom] [warning] IMU bias estimation seems inaccurate.
[2026-07-08 20:01:07.459] [odom] [warning] Possibly T_lidar_imu is not accurate or LiDAR-IMU synchronization is not correct.
[2026-07-08 20:01:07.459] [odom] [warning] IMU bias validation results:
[2026-07-08 20:01:07.459] [odom] [warning] num_bias_validations=14656
[2026-07-08 20:01:07.459] [odom] [warning] bias_acc=[0.138, -1.135, 0.101] m/s^2, bias_gyro=[-0.020, -0.000, 0.002] rad/s
[2026-07-08 20:01:07.459] [odom] [warning] acc_stat ax=0.392 +- 0.286 [min=-0.214, max=0.986], ay=-0.778 +- 0.411 [min=-1.421, max=0.031], az=0.062 +- 0.033 [min=0.008, max=0.119] m/s^2
[2026-07-08 20:01:07.459] [odom] [warning] gyro_stat wx=-0.019 +- 0.001 [min=-0.020, max=-0.017], wy=-0.000 +- 0.002 [min=-0.004, max=0.002], wz=0.001 +- 0.000 [min=0.001, max=0.002] rad/s
[2026-07-08 20:01:07.670] [odom] [warning] IMU prediction is not good.
[2026-07-08 20:01:07.670] [odom] [warning] Possibly T_lidar_imu is not accurate or IMU bias is not well estimated.
[2026-07-08 20:01:07.670] [odom] [warning] IMU validation results:
[2026-07-08 20:01:07.670] [odom] [warning] num_validations=14208
[2026-07-08 20:01:07.670] [odom] [warning] No-IMU errors rot=0.207 +- 0.250 deg, trans=0.029 +- 0.016 m, vel=0.027 +- 0.019 m/s
[2026-07-08 20:01:07.670] [odom] [warning] IMU errors rot=0.066 +- 0.054 deg, trans=0.034 +- 0.018 m, vel=0.101 +- 0.049 m/s
[2026-07-08 20:01:07.670] [odom] [warning] IMU better ratios rot=0.86, trans=0.04, vel=0.08
[2026-07-08 20:01:10.887] [odom] [warning] IMU bias estimation seems inaccurate.
[2026-07-08 20:01:10.887] [odom] [warning] Possibly T_lidar_imu is not accurate or LiDAR-IMU synchronization is not correct.
[2026-07-08 20:01:10.887] [odom] [warning] IMU bias validation results:
[2026-07-08 20:01:10.887] [odom] [warning] num_bias_validations=14720
[2026-07-08 20:01:10.887] [odom] [warning] bias_acc=[0.134, -1.118, 0.100] m/s^2, bias_gyro=[-0.020, -0.000, 0.002] rad/s
[2026-07-08 20:01:10.887] [odom] [warning] acc_stat ax=0.391 +- 0.286 [min=-0.214, max=0.986], ay=-0.779 +- 0.411 [min=-1.421, max=0.031], az=0.062 +- 0.033 [min=0.008, max=0.119] m/s^2
[2026-07-08 20:01:10.887] [odom] [warning] gyro_stat wx=-0.019 +- 0.001 [min=-0.020, max=-0.017], wy=-0.000 +- 0.001 [min=-0.004, max=0.002], wz=0.001 +- 0.000 [min=0.001, max=0.002] rad/s
[2026-07-08 20:01:11.101] [odom] [warning] IMU prediction is not good.
[2026-07-08 20:01:11.101] [odom] [warning] Possibly T_lidar_imu is not accurate or IMU bias is not well estimated.
[2026-07-08 20:01:11.101] [odom] [warning] IMU validation results:
[2026-07-08 20:01:11.101] [odom] [warning] num_validations=14272
[2026-07-08 20:01:11.101] [odom] [warning] No-IMU errors rot=0.207 +- 0.250 deg, trans=0.029 +- 0.016 m, vel=0.027 +- 0.019 m/s
[2026-07-08 20:01:11.101] [odom] [warning] IMU errors rot=0.066 +- 0.054 deg, trans=0.034 +- 0.018 m, vel=0.101 +- 0.049 m/s
[2026-07-08 20:01:11.101] [odom] [warning] IMU better ratios rot=0.86, trans=0.04, vel=0.08
[2026-07-08 20:01:11.253] [glim] [info] playback speed: 1.926x
[2026-07-08 20:01:12.736] [odom] [warning] IMU bias estimation seems inaccurate.
[2026-07-08 20:01:12.737] [odom] [warning] Possibly T_lidar_imu is not accurate or LiDAR-IMU synchronization is not correct.
[2026-07-08 20:01:12.737] [odom] [warning] IMU bias validation results:
[2026-07-08 20:01:12.737] [odom] [warning] num_bias_validations=14784
[2026-07-08 20:01:12.737] [odom] [warning] bias_acc=[0.125, -1.103, 0.100] m/s^2, bias_gyro=[-0.020, -0.000, 0.002] rad/s
[2026-07-08 20:01:12.737] [odom] [warning] acc_stat ax=0.390 +- 0.286 [min=-0.214, max=0.986], ay=-0.781 +- 0.411 [min=-1.421, max=0.031], az=0.062 +- 0.033 [min=0.008, max=0.119] m/s^2
[2026-07-08 20:01:12.737] [odom] [warning] gyro_stat wx=-0.019 +- 0.001 [min=-0.020, max=-0.017], wy=-0.000 +- 0.001 [min=-0.004, max=0.002], wz=0.001 +- 0.000 [min=0.001, max=0.002] rad/s
[2026-07-08 20:01:12.781] [odom] [warning] IMU prediction is not good.
[2026-07-08 20:01:12.781] [odom] [warning] Possibly T_lidar_imu is not accurate or IMU bias is not well estimated.
[2026-07-08 20:01:12.781] [odom] [warning] IMU validation results:
[2026-07-08 20:01:12.781] [odom] [warning] num_validations=14336
[2026-07-08 20:01:12.781] [odom] [warning] No-IMU errors rot=0.207 +- 0.250 deg, trans=0.029 +- 0.016 m, vel=0.027 +- 0.019 m/s
[2026-07-08 20:01:12.781] [odom] [warning] IMU errors rot=0.066 +- 0.054 deg, trans=0.034 +- 0.018 m, vel=0.101 +- 0.049 m/s
[2026-07-08 20:01:12.781] [odom] [warning] IMU better ratios rot=0.86, trans=0.04, vel=0.08
[2026-07-08 20:01:15.275] [odom] [warning] IMU bias estimation seems inaccurate.
[2026-07-08 20:01:15.275] [odom] [warning] Possibly T_lidar_imu is not accurate or LiDAR-IMU synchronization is not correct.
[2026-07-08 20:01:15.275] [odom] [warning] IMU bias validation results:
[2026-07-08 20:01:15.275] [odom] [warning] num_bias_validations=14848
[2026-07-08 20:01:15.275] [odom] [warning] bias_acc=[0.121, -1.086, 0.100] m/s^2, bias_gyro=[-0.019, -0.000, 0.002] rad/s
[2026-07-08 20:01:15.275] [odom] [warning] acc_stat ax=0.389 +- 0.286 [min=-0.214, max=0.986], ay=-0.782 +- 0.410 [min=-1.421, max=0.031], az=0.062 +- 0.033 [min=0.008, max=0.119] m/s^2
[2026-07-08 20:01:15.275] [odom] [warning] gyro_stat wx=-0.019 +- 0.001 [min=-0.020, max=-0.017], wy=-0.000 +- 0.001 [min=-0.004, max=0.002], wz=0.001 +- 0.000 [min=0.001, max=0.002] rad/s
[2026-07-08 20:01:15.482] [odom] [warning] IMU prediction is not good.
[2026-07-08 20:01:15.482] [odom] [warning] Possibly T_lidar_imu is not accurate or IMU bias is not well estimated.
[2026-07-08 20:01:15.482] [odom] [warning] IMU validation results:
[2026-07-08 20:01:15.482] [odom] [warning] num_validations=14400
[2026-07-08 20:01:15.482] [odom] [warning] No-IMU errors rot=0.207 +- 0.249 deg, trans=0.029 +- 0.016 m, vel=0.027 +- 0.019 m/s
[2026-07-08 20:01:15.482] [odom] [warning] IMU errors rot=0.066 +- 0.054 deg, trans=0.034 +- 0.018 m, vel=0.101 +- 0.049 m/s
[2026-07-08 20:01:15.482] [odom] [warning] IMU better ratios rot=0.86, trans=0.04, vel=0.08
[2026-07-08 20:01:16.300] [glim] [info] playback speed: 2.814x
[2026-07-08 20:01:16.746] [odom] [warning] IMU bias estimation seems inaccurate.
[2026-07-08 20:01:16.746] [odom] [warning] Possibly T_lidar_imu is not accurate or LiDAR-IMU synchronization is not correct.
[2026-07-08 20:01:16.746] [odom] [warning] IMU bias validation results:
[2026-07-08 20:01:16.746] [odom] [warning] num_bias_validations=14912
[2026-07-08 20:01:16.746] [odom] [warning] bias_acc=[0.121, -1.067, 0.098] m/s^2, bias_gyro=[-0.020, -0.000, 0.002] rad/s
[2026-07-08 20:01:16.746] [odom] [warning] acc_stat ax=0.388 +- 0.286 [min=-0.214, max=0.986], ay=-0.783 +- 0.410 [min=-1.421, max=0.031], az=0.062 +- 0.033 [min=0.008, max=0.119] m/s^2
[2026-07-08 20:01:16.746] [odom] [warning] gyro_stat wx=-0.019 +- 0.001 [min=-0.020, max=-0.017], wy=-0.000 +- 0.001 [min=-0.004, max=0.002], wz=0.001 +- 0.000 [min=0.001, max=0.002] rad/s
[2026-07-08 20:01:16.839] [odom] [warning] IMU prediction is not good.
[2026-07-08 20:01:16.839] [odom] [warning] Possibly T_lidar_imu is not accurate or IMU bias is not well estimated.
[2026-07-08 20:01:16.839] [odom] [warning] IMU validation results:
[2026-07-08 20:01:16.839] [odom] [warning] num_validations=14464
[2026-07-08 20:01:16.839] [odom] [warning] No-IMU errors rot=0.207 +- 0.250 deg, trans=0.029 +- 0.016 m, vel=0.027 +- 0.019 m/s
[2026-07-08 20:01:16.839] [odom] [warning] IMU errors rot=0.066 +- 0.054 deg, trans=0.034 +- 0.018 m, vel=0.101 +- 0.049 m/s
[2026-07-08 20:01:16.839] [odom] [warning] IMU better ratios rot=0.86, trans=0.04, vel=0.08
[2026-07-08 20:01:19.830] [odom] [warning] IMU bias estimation seems inaccurate.
[2026-07-08 20:01:19.830] [odom] [warning] Possibly T_lidar_imu is not accurate or LiDAR-IMU synchronization is not correct.
[2026-07-08 20:01:19.830] [odom] [warning] IMU bias validation results:
[2026-07-08 20:01:19.830] [odom] [warning] num_bias_validations=14976
[2026-07-08 20:01:19.830] [odom] [warning] bias_acc=[0.115, -1.049, 0.098] m/s^2, bias_gyro=[-0.020, 0.001, 0.002] rad/s
[2026-07-08 20:01:19.830] [odom] [warning] acc_stat ax=0.387 +- 0.286 [min=-0.214, max=0.986], ay=-0.784 +- 0.409 [min=-1.421, max=0.031], az=0.063 +- 0.033 [min=0.008, max=0.119] m/s^2
[2026-07-08 20:01:19.830] [odom] [warning] gyro_stat wx=-0.019 +- 0.001 [min=-0.020, max=-0.017], wy=-0.000 +- 0.001 [min=-0.004, max=0.002], wz=0.001 +- 0.000 [min=0.001, max=0.002] rad/s
[2026-07-08 20:01:20.003] [odom] [warning] IMU prediction is not good.
[2026-07-08 20:01:20.003] [odom] [warning] Possibly T_lidar_imu is not accurate or IMU bias is not well estimated.
[2026-07-08 20:01:20.003] [odom] [warning] IMU validation results:
[2026-07-08 20:01:20.003] [odom] [warning] num_validations=14528
[2026-07-08 20:01:20.003] [odom] [warning] No-IMU errors rot=0.208 +- 0.250 deg, trans=0.029 +- 0.016 m, vel=0.027 +- 0.020 m/s
[2026-07-08 20:01:20.003] [odom] [warning] IMU errors rot=0.066 +- 0.055 deg, trans=0.034 +- 0.018 m, vel=0.101 +- 0.049 m/s
[2026-07-08 20:01:20.003] [odom] [warning] IMU better ratios rot=0.86, trans=0.04, vel=0.08
[2026-07-08 20:01:21.313] [glim] [info] playback speed: 2.773x
[2026-07-08 20:01:22.366] [odom] [warning] IMU bias estimation seems inaccurate.
[2026-07-08 20:01:22.366] [odom] [warning] Possibly T_lidar_imu is not accurate or LiDAR-IMU synchronization is not correct.
[2026-07-08 20:01:22.366] [odom] [warning] IMU bias validation results:
[2026-07-08 20:01:22.366] [odom] [warning] num_bias_validations=15040
[2026-07-08 20:01:22.366] [odom] [warning] bias_acc=[0.108, -1.037, 0.099] m/s^2, bias_gyro=[-0.020, -0.000, 0.002] rad/s
[2026-07-08 20:01:22.366] [odom] [warning] acc_stat ax=0.386 +- 0.286 [min=-0.214, max=0.986], ay=-0.785 +- 0.409 [min=-1.421, max=0.031], az=0.063 +- 0.033 [min=0.008, max=0.119] m/s^2
[2026-07-08 20:01:22.366] [odom] [warning] gyro_stat wx=-0.019 +- 0.001 [min=-0.020, max=-0.017], wy=-0.000 +- 0.001 [min=-0.004, max=0.002], wz=0.001 +- 0.000 [min=0.001, max=0.002] rad/s
[2026-07-08 20:01:22.397] [odom] [warning] IMU prediction is not good.
[2026-07-08 20:01:22.398] [odom] [warning] Possibly T_lidar_imu is not accurate or IMU bias is not well estimated.
[2026-07-08 20:01:22.398] [odom] [warning] IMU validation results:
[2026-07-08 20:01:22.398] [odom] [warning] num_validations=14592
[2026-07-08 20:01:22.398] [odom] [warning] No-IMU errors rot=0.209 +- 0.251 deg, trans=0.029 +- 0.016 m, vel=0.027 +- 0.019 m/s
[2026-07-08 20:01:22.398] [odom] [warning] IMU errors rot=0.066 +- 0.055 deg, trans=0.034 +- 0.018 m, vel=0.100 +- 0.049 m/s
[2026-07-08 20:01:22.398] [odom] [warning] IMU better ratios rot=0.86, trans=0.04, vel=0.08
[2026-07-08 20:01:23.984] [odom] [warning] IMU bias estimation seems inaccurate.
[2026-07-08 20:01:23.984] [odom] [warning] Possibly T_lidar_imu is not accurate or LiDAR-IMU synchronization is not correct.
[2026-07-08 20:01:23.984] [odom] [warning] IMU bias validation results:
[2026-07-08 20:01:23.984] [odom] [warning] num_bias_validations=15104
[2026-07-08 20:01:23.984] [odom] [warning] bias_acc=[0.100, -1.024, 0.099] m/s^2, bias_gyro=[-0.020, 0.001, 0.002] rad/s
[2026-07-08 20:01:23.984] [odom] [warning] acc_stat ax=0.384 +- 0.286 [min=-0.214, max=0.986], ay=-0.786 +- 0.408 [min=-1.421, max=0.031], az=0.063 +- 0.033 [min=0.008, max=0.119] m/s^2
[2026-07-08 20:01:23.984] [odom] [warning] gyro_stat wx=-0.019 +- 0.001 [min=-0.020, max=-0.017], wy=-0.000 +- 0.001 [min=-0.004, max=0.002], wz=0.001 +- 0.000 [min=0.001, max=0.002] rad/s
[2026-07-08 20:01:24.194] [odom] [warning] IMU prediction is not good.
[2026-07-08 20:01:24.194] [odom] [warning] Possibly T_lidar_imu is not accurate or IMU bias is not well estimated.
[2026-07-08 20:01:24.194] [odom] [warning] IMU validation results:
[2026-07-08 20:01:24.194] [odom] [warning] num_validations=14656
[2026-07-08 20:01:24.194] [odom] [warning] No-IMU errors rot=0.208 +- 0.250 deg, trans=0.029 +- 0.015 m, vel=0.027 +- 0.019 m/s
[2026-07-08 20:01:24.194] [odom] [warning] IMU errors rot=0.066 +- 0.055 deg, trans=0.034 +- 0.018 m, vel=0.100 +- 0.049 m/s
[2026-07-08 20:01:24.194] [odom] [warning] IMU better ratios rot=0.86, trans=0.04, vel=0.08
[2026-07-08 20:01:25.421] [odom] [warning] IMU bias estimation seems inaccurate.
[2026-07-08 20:01:25.421] [odom] [warning] Possibly T_lidar_imu is not accurate or LiDAR-IMU synchronization is not correct.
[2026-07-08 20:01:25.421] [odom] [warning] IMU bias validation results:
[2026-07-08 20:01:25.421] [odom] [warning] num_bias_validations=15168
[2026-07-08 20:01:25.421] [odom] [warning] bias_acc=[0.087, -1.013, 0.101] m/s^2, bias_gyro=[-0.020, 0.001, 0.002] rad/s
[2026-07-08 20:01:25.421] [odom] [warning] acc_stat ax=0.383 +- 0.286 [min=-0.214, max=0.986], ay=-0.787 +- 0.408 [min=-1.421, max=0.031], az=0.063 +- 0.033 [min=0.008, max=0.119] m/s^2
[2026-07-08 20:01:25.421] [odom] [warning] gyro_stat wx=-0.019 +- 0.001 [min=-0.020, max=-0.017], wy=-0.000 +- 0.001 [min=-0.004, max=0.002], wz=0.001 +- 0.000 [min=0.001, max=0.002] rad/s
[2026-07-08 20:01:25.587] [odom] [warning] IMU prediction is not good.
[2026-07-08 20:01:25.587] [odom] [warning] Possibly T_lidar_imu is not accurate or IMU bias is not well estimated.
[2026-07-08 20:01:25.587] [odom] [warning] IMU validation results:
[2026-07-08 20:01:25.587] [odom] [warning] num_validations=14720
[2026-07-08 20:01:25.587] [odom] [warning] No-IMU errors rot=0.208 +- 0.250 deg, trans=0.029 +- 0.015 m, vel=0.027 +- 0.019 m/s
[2026-07-08 20:01:25.587] [odom] [warning] IMU errors rot=0.066 +- 0.054 deg, trans=0.034 +- 0.018 m, vel=0.100 +- 0.049 m/s
[2026-07-08 20:01:25.587] [odom] [warning] IMU better ratios rot=0.86, trans=0.04, vel=0.07
[2026-07-08 20:01:26.336] [glim] [info] playback speed: 3.677x
[2026-07-08 20:01:27.058] [odom] [warning] IMU bias estimation seems inaccurate.
[2026-07-08 20:01:27.058] [odom] [warning] Possibly T_lidar_imu is not accurate or LiDAR-IMU synchronization is not correct.
[2026-07-08 20:01:27.058] [odom] [warning] IMU bias validation results:
[2026-07-08 20:01:27.058] [odom] [warning] num_bias_validations=15232
[2026-07-08 20:01:27.058] [odom] [warning] bias_acc=[0.077, -0.998, 0.102] m/s^2, bias_gyro=[-0.020, 0.000, 0.002] rad/s
[2026-07-08 20:01:27.058] [odom] [warning] acc_stat ax=0.382 +- 0.286 [min=-0.214, max=0.986], ay=-0.788 +- 0.407 [min=-1.421, max=0.031], az=0.063 +- 0.033 [min=0.008, max=0.119] m/s^2
[2026-07-08 20:01:27.058] [odom] [warning] gyro_stat wx=-0.019 +- 0.001 [min=-0.020, max=-0.017], wy=-0.000 +- 0.001 [min=-0.004, max=0.002], wz=0.001 +- 0.000 [min=0.001, max=0.002] rad/s
[2026-07-08 20:01:27.207] [odom] [warning] IMU prediction is not good.
[2026-07-08 20:01:27.207] [odom] [warning] Possibly T_lidar_imu is not accurate or IMU bias is not well estimated.
[2026-07-08 20:01:27.207] [odom] [warning] IMU validation results:
[2026-07-08 20:01:27.207] [odom] [warning] num_validations=14784
[2026-07-08 20:01:27.207] [odom] [warning] No-IMU errors rot=0.209 +- 0.250 deg, trans=0.029 +- 0.015 m, vel=0.027 +- 0.019 m/s
[2026-07-08 20:01:27.207] [odom] [warning] IMU errors rot=0.066 +- 0.054 deg, trans=0.034 +- 0.018 m, vel=0.100 +- 0.049 m/s
[2026-07-08 20:01:27.207] [odom] [warning] IMU better ratios rot=0.86, trans=0.04, vel=0.07
[2026-07-08 20:01:29.270] [odom] [warning] IMU bias estimation seems inaccurate.
[2026-07-08 20:01:29.270] [odom] [warning] Possibly T_lidar_imu is not accurate or LiDAR-IMU synchronization is not correct.
[2026-07-08 20:01:29.270] [odom] [warning] IMU bias validation results:
[2026-07-08 20:01:29.270] [odom] [warning] num_bias_validations=15296
[2026-07-08 20:01:29.270] [odom] [warning] bias_acc=[0.065, -0.983, 0.104] m/s^2, bias_gyro=[-0.020, 0.000, 0.002] rad/s
[2026-07-08 20:01:29.270] [odom] [warning] acc_stat ax=0.380 +- 0.286 [min=-0.214, max=0.986], ay=-0.789 +- 0.406 [min=-1.421, max=0.031], az=0.063 +- 0.033 [min=0.008, max=0.119] m/s^2
[2026-07-08 20:01:29.270] [odom] [warning] gyro_stat wx=-0.019 +- 0.001 [min=-0.020, max=-0.017], wy=-0.000 +- 0.001 [min=-0.004, max=0.002], wz=0.001 +- 0.000 [min=0.001, max=0.002] rad/s
[2026-07-08 20:01:29.301] [odom] [warning] IMU prediction is not good.
[2026-07-08 20:01:29.301] [odom] [warning] Possibly T_lidar_imu is not accurate or IMU bias is not well estimated.
[2026-07-08 20:01:29.301] [odom] [warning] IMU validation results:
[2026-07-08 20:01:29.301] [odom] [warning] num_validations=14848
[2026-07-08 20:01:29.301] [odom] [warning] No-IMU errors rot=0.209 +- 0.250 deg, trans=0.029 +- 0.015 m, vel=0.027 +- 0.019 m/s
[2026-07-08 20:01:29.301] [odom] [warning] IMU errors rot=0.066 +- 0.054 deg, trans=0.034 +- 0.018 m, vel=0.100 +- 0.048 m/s
[2026-07-08 20:01:29.301] [odom] [warning] IMU better ratios rot=0.86, trans=0.04, vel=0.07
[2026-07-08 20:01:31.356] [odom] [warning] IMU bias estimation seems inaccurate.
[2026-07-08 20:01:31.356] [odom] [warning] Possibly T_lidar_imu is not accurate or LiDAR-IMU synchronization is not correct.
[2026-07-08 20:01:31.356] [odom] [warning] IMU bias validation results:
[2026-07-08 20:01:31.356] [odom] [warning] num_bias_validations=15360
[2026-07-08 20:01:31.356] [odom] [warning] bias_acc=[0.053, -0.968, 0.106] m/s^2, bias_gyro=[-0.020, 0.001, 0.002] rad/s
[2026-07-08 20:01:31.356] [odom] [warning] acc_stat ax=0.379 +- 0.286 [min=-0.214, max=0.986], ay=-0.790 +- 0.406 [min=-1.421, max=0.031], az=0.064 +- 0.033 [min=0.008, max=0.119] m/s^2
[2026-07-08 20:01:31.356] [odom] [warning] gyro_stat wx=-0.019 +- 0.001 [min=-0.020, max=-0.017], wy=-0.000 +- 0.001 [min=-0.004, max=0.002], wz=0.001 +- 0.000 [min=0.001, max=0.002] rad/s
[2026-07-08 20:01:31.371] [glim] [info] playback speed: 3.486x
[2026-07-08 20:01:31.544] [odom] [warning] IMU prediction is not good.
[2026-07-08 20:01:31.544] [odom] [warning] Possibly T_lidar_imu is not accurate or IMU bias is not well estimated.
[2026-07-08 20:01:31.544] [odom] [warning] IMU validation results:
[2026-07-08 20:01:31.544] [odom] [warning] num_validations=14912
[2026-07-08 20:01:31.544] [odom] [warning] No-IMU errors rot=0.209 +- 0.249 deg, trans=0.029 +- 0.015 m, vel=0.027 +- 0.019 m/s
[2026-07-08 20:01:31.544] [odom] [warning] IMU errors rot=0.066 +- 0.054 deg, trans=0.033 +- 0.018 m, vel=0.100 +- 0.048 m/s
[2026-07-08 20:01:31.544] [odom] [warning] IMU better ratios rot=0.86, trans=0.04, vel=0.07
[2026-07-08 20:01:32.475] [odom] [warning] IMU bias estimation seems inaccurate.
[2026-07-08 20:01:32.475] [odom] [warning] Possibly T_lidar_imu is not accurate or LiDAR-IMU synchronization is not correct.
[2026-07-08 20:01:32.475] [odom] [warning] IMU bias validation results:
[2026-07-08 20:01:32.475] [odom] [warning] num_bias_validations=15424
[2026-07-08 20:01:32.475] [odom] [warning] bias_acc=[0.042, -0.955, 0.108] m/s^2, bias_gyro=[-0.020, 0.001, 0.002] rad/s
[2026-07-08 20:01:32.475] [odom] [warning] acc_stat ax=0.378 +- 0.286 [min=-0.214, max=0.986], ay=-0.791 +- 0.405 [min=-1.421, max=0.031], az=0.064 +- 0.033 [min=0.008, max=0.119] m/s^2
[2026-07-08 20:01:32.475] [odom] [warning] gyro_stat wx=-0.019 +- 0.001 [min=-0.020, max=-0.017], wy=-0.000 +- 0.001 [min=-0.004, max=0.002], wz=0.001 +- 0.000 [min=0.001, max=0.002] rad/s
[2026-07-08 20:01:32.660] [odom] [warning] IMU prediction is not good.
[2026-07-08 20:01:32.660] [odom] [warning] Possibly T_lidar_imu is not accurate or IMU bias is not well estimated.
[2026-07-08 20:01:32.660] [odom] [warning] IMU validation results:
[2026-07-08 20:01:32.660] [odom] [warning] num_validations=14976
[2026-07-08 20:01:32.660] [odom] [warning] No-IMU errors rot=0.209 +- 0.249 deg, trans=0.029 +- 0.015 m, vel=0.027 +- 0.019 m/s
[2026-07-08 20:01:32.660] [odom] [warning] IMU errors rot=0.066 +- 0.054 deg, trans=0.033 +- 0.018 m, vel=0.100 +- 0.048 m/s
[2026-07-08 20:01:32.660] [odom] [warning] IMU better ratios rot=0.86, trans=0.04, vel=0.07
[2026-07-08 20:01:34.827] [odom] [warning] IMU bias estimation seems inaccurate.
[2026-07-08 20:01:34.827] [odom] [warning] Possibly T_lidar_imu is not accurate or LiDAR-IMU synchronization is not correct.
[2026-07-08 20:01:34.827] [odom] [warning] IMU bias validation results:
[2026-07-08 20:01:34.827] [odom] [warning] num_bias_validations=15488
[2026-07-08 20:01:34.827] [odom] [warning] bias_acc=[0.039, -0.937, 0.107] m/s^2, bias_gyro=[-0.019, -0.001, 0.002] rad/s
[2026-07-08 20:01:34.827] [odom] [warning] acc_stat ax=0.376 +- 0.287 [min=-0.214, max=0.986], ay=-0.791 +- 0.404 [min=-1.421, max=0.031], az=0.064 +- 0.033 [min=0.008, max=0.119] m/s^2
[2026-07-08 20:01:34.827] [odom] [warning] gyro_stat wx=-0.019 +- 0.001 [min=-0.020, max=-0.017], wy=-0.000 +- 0.001 [min=-0.004, max=0.002], wz=0.001 +- 0.000 [min=0.001, max=0.002] rad/s
[2026-07-08 20:01:35.023] [odom] [warning] IMU prediction is not good.
[2026-07-08 20:01:35.024] [odom] [warning] Possibly T_lidar_imu is not accurate or IMU bias is not well estimated.
[2026-07-08 20:01:35.024] [odom] [warning] IMU validation results:
[2026-07-08 20:01:35.024] [odom] [warning] num_validations=15040
[2026-07-08 20:01:35.024] [odom] [warning] No-IMU errors rot=0.210 +- 0.250 deg, trans=0.029 +- 0.015 m, vel=0.027 +- 0.019 m/s
[2026-07-08 20:01:35.024] [odom] [warning] IMU errors rot=0.067 +- 0.055 deg, trans=0.033 +- 0.018 m, vel=0.100 +- 0.048 m/s
[2026-07-08 20:01:35.024] [odom] [warning] IMU better ratios rot=0.86, trans=0.04, vel=0.07
[2026-07-08 20:01:36.388] [glim] [info] playback speed: 3.296x
[2026-07-08 20:01:37.639] [odom] [warning] IMU bias estimation seems inaccurate.
[2026-07-08 20:01:37.639] [odom] [warning] Possibly T_lidar_imu is not accurate or LiDAR-IMU synchronization is not correct.
[2026-07-08 20:01:37.639] [odom] [warning] IMU bias validation results:
[2026-07-08 20:01:37.639] [odom] [warning] num_bias_validations=15552
[2026-07-08 20:01:37.639] [odom] [warning] bias_acc=[0.045, -0.913, 0.107] m/s^2, bias_gyro=[-0.019, -0.000, 0.001] rad/s
[2026-07-08 20:01:37.639] [odom] [warning] acc_stat ax=0.375 +- 0.287 [min=-0.214, max=0.986], ay=-0.792 +- 0.403 [min=-1.421, max=0.031], az=0.064 +- 0.034 [min=0.008, max=0.119] m/s^2
[2026-07-08 20:01:37.639] [odom] [warning] gyro_stat wx=-0.019 +- 0.001 [min=-0.020, max=-0.017], wy=-0.000 +- 0.001 [min=-0.004, max=0.002], wz=0.001 +- 0.000 [min=0.001, max=0.002] rad/s
[2026-07-08 20:01:37.849] [odom] [warning] IMU prediction is not good.
[2026-07-08 20:01:37.849] [odom] [warning] Possibly T_lidar_imu is not accurate or IMU bias is not well estimated.
[2026-07-08 20:01:37.849] [odom] [warning] IMU validation results:
[2026-07-08 20:01:37.849] [odom] [warning] num_validations=15104
[2026-07-08 20:01:37.849] [odom] [warning] No-IMU errors rot=0.211 +- 0.250 deg, trans=0.029 +- 0.015 m, vel=0.027 +- 0.019 m/s
[2026-07-08 20:01:37.849] [odom] [warning] IMU errors rot=0.067 +- 0.055 deg, trans=0.034 +- 0.018 m, vel=0.100 +- 0.048 m/s
[2026-07-08 20:01:37.849] [odom] [warning] IMU better ratios rot=0.86, trans=0.04, vel=0.07
[2026-07-08 20:01:39.400] [odom] [warning] IMU bias estimation seems inaccurate.
[2026-07-08 20:01:39.400] [odom] [warning] Possibly T_lidar_imu is not accurate or LiDAR-IMU synchronization is not correct.
[2026-07-08 20:01:39.400] [odom] [warning] IMU bias validation results:
[2026-07-08 20:01:39.400] [odom] [warning] num_bias_validations=15616
[2026-07-08 20:01:39.400] [odom] [warning] bias_acc=[0.040, -0.892, 0.108] m/s^2, bias_gyro=[-0.020, -0.000, 0.001] rad/s
[2026-07-08 20:01:39.400] [odom] [warning] acc_stat ax=0.374 +- 0.287 [min=-0.214, max=0.986], ay=-0.792 +- 0.403 [min=-1.421, max=0.031], az=0.064 +- 0.034 [min=0.008, max=0.119] m/s^2
[2026-07-08 20:01:39.400] [odom] [warning] gyro_stat wx=-0.019 +- 0.001 [min=-0.020, max=-0.017], wy=-0.000 +- 0.001 [min=-0.004, max=0.002], wz=0.001 +- 0.000 [min=0.001, max=0.002] rad/s
[2026-07-08 20:01:39.506] [odom] [warning] IMU prediction is not good.
[2026-07-08 20:01:39.506] [odom] [warning] Possibly T_lidar_imu is not accurate or IMU bias is not well estimated.
[2026-07-08 20:01:39.506] [odom] [warning] IMU validation results:
[2026-07-08 20:01:39.506] [odom] [warning] num_validations=15168
[2026-07-08 20:01:39.506] [odom] [warning] No-IMU errors rot=0.211 +- 0.249 deg, trans=0.029 +- 0.016 m, vel=0.028 +- 0.019 m/s
[2026-07-08 20:01:39.506] [odom] [warning] IMU errors rot=0.067 +- 0.055 deg, trans=0.034 +- 0.018 m, vel=0.100 +- 0.048 m/s
[2026-07-08 20:01:39.506] [odom] [warning] IMU better ratios rot=0.86, trans=0.04, vel=0.07
[2026-07-08 20:01:41.414] [glim] [info] playback speed: 3.068x
[2026-07-08 20:01:41.468] [odom] [warning] IMU bias estimation seems inaccurate.
[2026-07-08 20:01:41.468] [odom] [warning] Possibly T_lidar_imu is not accurate or LiDAR-IMU synchronization is not correct.
[2026-07-08 20:01:41.468] [odom] [warning] IMU bias validation results:
[2026-07-08 20:01:41.468] [odom] [warning] num_bias_validations=15680
[2026-07-08 20:01:41.468] [odom] [warning] bias_acc=[0.036, -0.873, 0.108] m/s^2, bias_gyro=[-0.020, -0.000, 0.002] rad/s
[2026-07-08 20:01:41.468] [odom] [warning] acc_stat ax=0.372 +- 0.287 [min=-0.214, max=0.986], ay=-0.792 +- 0.402 [min=-1.421, max=0.031], az=0.064 +- 0.034 [min=0.008, max=0.119] m/s^2
[2026-07-08 20:01:41.468] [odom] [warning] gyro_stat wx=-0.019 +- 0.001 [min=-0.020, max=-0.017], wy=-0.000 +- 0.001 [min=-0.004, max=0.002], wz=0.001 +- 0.000 [min=0.001, max=0.002] rad/s
[2026-07-08 20:01:41.526] [odom] [warning] IMU prediction is not good.
[2026-07-08 20:01:41.526] [odom] [warning] Possibly T_lidar_imu is not accurate or IMU bias is not well estimated.
[2026-07-08 20:01:41.526] [odom] [warning] IMU validation results:
[2026-07-08 20:01:41.526] [odom] [warning] num_validations=15232
[2026-07-08 20:01:41.526] [odom] [warning] No-IMU errors rot=0.211 +- 0.249 deg, trans=0.029 +- 0.016 m, vel=0.028 +- 0.020 m/s
[2026-07-08 20:01:41.526] [odom] [warning] IMU errors rot=0.068 +- 0.055 deg, trans=0.034 +- 0.018 m, vel=0.100 +- 0.048 m/s
[2026-07-08 20:01:41.526] [odom] [warning] IMU better ratios rot=0.86, trans=0.04, vel=0.07
[2026-07-08 20:01:44.213] [odom] [warning] IMU bias estimation seems inaccurate.
[2026-07-08 20:01:44.213] [odom] [warning] Possibly T_lidar_imu is not accurate or LiDAR-IMU synchronization is not correct.
[2026-07-08 20:01:44.213] [odom] [warning] IMU bias validation results:
[2026-07-08 20:01:44.213] [odom] [warning] num_bias_validations=15744
[2026-07-08 20:01:44.213] [odom] [warning] bias_acc=[0.034, -0.856, 0.108] m/s^2, bias_gyro=[-0.019, -0.000, 0.001] rad/s
[2026-07-08 20:01:44.213] [odom] [warning] acc_stat ax=0.371 +- 0.287 [min=-0.214, max=0.986], ay=-0.793 +- 0.401 [min=-1.421, max=0.031], az=0.065 +- 0.034 [min=0.008, max=0.119] m/s^2
[2026-07-08 20:01:44.213] [odom] [warning] gyro_stat wx=-0.019 +- 0.001 [min=-0.020, max=-0.017], wy=-0.000 +- 0.001 [min=-0.004, max=0.002], wz=0.001 +- 0.000 [min=0.001, max=0.002] rad/s
[2026-07-08 20:01:44.434] [odom] [warning] IMU prediction is not good.
[2026-07-08 20:01:44.434] [odom] [warning] Possibly T_lidar_imu is not accurate or IMU bias is not well estimated.
[2026-07-08 20:01:44.434] [odom] [warning] IMU validation results:
[2026-07-08 20:01:44.434] [odom] [warning] num_validations=15296
[2026-07-08 20:01:44.434] [odom] [warning] No-IMU errors rot=0.211 +- 0.249 deg, trans=0.029 +- 0.016 m, vel=0.028 +- 0.020 m/s
[2026-07-08 20:01:44.434] [odom] [warning] IMU errors rot=0.068 +- 0.055 deg, trans=0.034 +- 0.018 m, vel=0.099 +- 0.048 m/s
[2026-07-08 20:01:44.434] [odom] [warning] IMU better ratios rot=0.86, trans=0.04, vel=0.07
[2026-07-08 20:01:46.457] [glim] [info] playback speed: 2.213x
[2026-07-08 20:01:47.878] [odom] [warning] IMU bias estimation seems inaccurate.
[2026-07-08 20:01:47.878] [odom] [warning] Possibly T_lidar_imu is not accurate or LiDAR-IMU synchronization is not correct.
[2026-07-08 20:01:47.878] [odom] [warning] IMU bias validation results:
[2026-07-08 20:01:47.878] [odom] [warning] num_bias_validations=15808
[2026-07-08 20:01:47.878] [odom] [warning] bias_acc=[0.046, -0.839, 0.107] m/s^2, bias_gyro=[-0.019, -0.003, 0.001] rad/s
[2026-07-08 20:01:47.878] [odom] [warning] acc_stat ax=0.369 +- 0.288 [min=-0.214, max=0.986], ay=-0.793 +- 0.400 [min=-1.421, max=0.031], az=0.065 +- 0.034 [min=0.008, max=0.119] m/s^2
[2026-07-08 20:01:47.878] [odom] [warning] gyro_stat wx=-0.019 +- 0.001 [min=-0.020, max=-0.017], wy=-0.000 +- 0.001 [min=-0.004, max=0.002], wz=0.001 +- 0.000 [min=0.001, max=0.002] rad/s
[2026-07-08 20:01:47.936] [odom] [warning] IMU prediction is not good.
[2026-07-08 20:01:47.936] [odom] [warning] Possibly T_lidar_imu is not accurate or IMU bias is not well estimated.
[2026-07-08 20:01:47.936] [odom] [warning] IMU validation results:
[2026-07-08 20:01:47.936] [odom] [warning] num_validations=15360
[2026-07-08 20:01:47.936] [odom] [warning] No-IMU errors rot=0.214 +- 0.257 deg, trans=0.029 +- 0.015 m, vel=0.028 +- 0.020 m/s
[2026-07-08 20:01:47.936] [odom] [warning] IMU errors rot=0.068 +- 0.056 deg, trans=0.034 +- 0.018 m, vel=0.099 +- 0.048 m/s
[2026-07-08 20:01:47.936] [odom] [warning] IMU better ratios rot=0.86, trans=0.04, vel=0.07
[2026-07-08 20:01:48.410] [glim] [warning] large time gap between consecutive IMU data!!
[2026-07-08 20:01:48.410] [glim] [warning] current=1783505957.307097 last=1783505954.596893 diff=2.710204
[2026-07-08 20:01:48.410] [glim] [warning] large time difference between points and imu!!
[2026-07-08 20:01:48.410] [glim] [warning] points=1783505954.485944 imu=1783505957.307097 diff=2.821152
[2026-07-08 20:01:48.410] [glim] [warning] large time difference between points and imu!!
[2026-07-08 20:01:48.410] [glim] [warning] points=1783505954.485944 imu=1783505957.317147 diff=2.831203
[2026-07-08 20:01:48.411] [glim] [warning] large time difference between points and imu!!
[2026-07-08 20:01:48.411] [glim] [warning] points=1783505954.485944 imu=1783505957.327147 diff=2.841203
[2026-07-08 20:01:48.412] [glim] [warning] large time gap between consecutive LiDAR frames!!
[2026-07-08 20:01:48.412] [glim] [warning] current=1783505956.312050 last=1783505954.485944 diff=1.826106
[2026-07-08 20:01:48.703] [odom] [warning] insufficient number of IMU data between LiDAR scans!! (odometry_estimation)
[2026-07-08 20:01:48.703] [odom] [warning] t_last=1783505956.312050 t_current=1783505956.413471 num_imu=0
[2026-07-08 20:01:48.746] [odom] [warning] insufficient number of IMU data between LiDAR scans!! (odometry_estimation)
[2026-07-08 20:01:48.746] [odom] [warning] t_last=1783505956.413471 t_current=1783505956.514938 num_imu=0
[2026-07-08 20:01:48.791] [odom] [warning] insufficient number of IMU data between LiDAR scans!! (odometry_estimation)
[2026-07-08 20:01:48.791] [odom] [warning] t_last=1783505956.514938 t_current=1783505956.616367 num_imu=0
[2026-07-08 20:01:48.838] [odom] [warning] insufficient number of IMU data between LiDAR scans!! (odometry_estimation)
[2026-07-08 20:01:48.838] [odom] [warning] t_last=1783505956.616367 t_current=1783505956.717825 num_imu=0
[2026-07-08 20:01:48.865] [odom] [warning] insufficient number of IMU data between LiDAR scans!! (odometry_estimation)
[2026-07-08 20:01:48.865] [odom] [warning] t_last=1783505956.717825 t_current=1783505956.819438 num_imu=0
[2026-07-08 20:01:48.909] [odom] [warning] insufficient number of IMU data between LiDAR scans!! (odometry_estimation)
[2026-07-08 20:01:48.909] [odom] [warning] t_last=1783505956.819438 t_current=1783505956.920768 num_imu=0
[2026-07-08 20:01:48.937] [odom] [warning] insufficient number of IMU data between LiDAR scans!! (odometry_estimation)
[2026-07-08 20:01:48.937] [odom] [warning] t_last=1783505956.920768 t_current=1783505957.022210 num_imu=0
[2026-07-08 20:01:48.968] [odom] [warning] insufficient number of IMU data between LiDAR scans!! (odometry_estimation)
[2026-07-08 20:01:48.968] [odom] [warning] t_last=1783505957.022210 t_current=1783505957.123663 num_imu=0
[2026-07-08 20:01:49.013] [odom] [warning] insufficient number of IMU data between LiDAR scans!! (odometry_estimation)
[2026-07-08 20:01:49.013] [odom] [warning] t_last=1783505957.123663 t_current=1783505957.225097 num_imu=0
[2026-07-08 20:01:49.055] [odom] [warning] IMU bias estimation seems inaccurate.
[2026-07-08 20:01:49.055] [odom] [warning] Possibly T_lidar_imu is not accurate or LiDAR-IMU synchronization is not correct.
[2026-07-08 20:01:49.055] [odom] [warning] IMU bias validation results:
[2026-07-08 20:01:49.055] [odom] [warning] num_bias_validations=15872
[2026-07-08 20:01:49.055] [odom] [warning] bias_acc=[0.068, -0.827, 0.104] m/s^2, bias_gyro=[-0.019, -0.002, 0.000] rad/s
[2026-07-08 20:01:49.055] [odom] [warning] acc_stat ax=0.368 +- 0.288 [min=-0.214, max=0.986], ay=-0.793 +- 0.400 [min=-1.421, max=0.031], az=0.065 +- 0.034 [min=0.008, max=0.119] m/s^2
[2026-07-08 20:01:49.055] [odom] [warning] gyro_stat wx=-0.019 +- 0.001 [min=-0.020, max=-0.017], wy=-0.000 +- 0.001 [min=-0.004, max=0.002], wz=0.001 +- 0.000 [min=0.000, max=0.002] rad/s
[2026-07-08 20:01:49.208] [odom] [warning] IMU prediction is not good.
[2026-07-08 20:01:49.208] [odom] [warning] Possibly T_lidar_imu is not accurate or IMU bias is not well estimated.
[2026-07-08 20:01:49.208] [odom] [warning] IMU validation results:
[2026-07-08 20:01:49.208] [odom] [warning] num_validations=15424
[2026-07-08 20:01:49.208] [odom] [warning] No-IMU errors rot=0.215 +- 0.259 deg, trans=0.029 +- 0.025 m, vel=0.028 +- 0.033 m/s
[2026-07-08 20:01:49.208] [odom] [warning] IMU errors rot=0.068 +- 0.057 deg, trans=0.034 +- 0.018 m, vel=0.100 +- 0.051 m/s
[2026-07-08 20:01:49.208] [odom] [warning] IMU better ratios rot=0.86, trans=0.04, vel=0.07
[2026-07-08 20:01:49.991] [submap] [warning] insufficient IMU data between LiDAR frames!! (sub_mapping)
[2026-07-08 20:01:50.076] [submap] [warning] insufficient IMU data between LiDAR frames!! (sub_mapping)
[2026-07-08 20:01:50.107] [submap] [warning] insufficient IMU data between LiDAR frames!! (sub_mapping)
[2026-07-08 20:01:50.137] [submap] [warning] insufficient IMU data between LiDAR frames!! (sub_mapping)
[2026-07-08 20:01:50.168] [submap] [warning] insufficient IMU data between LiDAR frames!! (sub_mapping)
[2026-07-08 20:01:50.204] [submap] [warning] insufficient IMU data between LiDAR frames!! (sub_mapping)
[2026-07-08 20:01:50.224] [submap] [warning] insufficient IMU data between LiDAR frames!! (sub_mapping)
[2026-07-08 20:01:50.265] [submap] [warning] insufficient IMU data between LiDAR frames!! (sub_mapping)
[2026-07-08 20:01:50.814] [odom] [warning] IMU bias estimation seems inaccurate.
[2026-07-08 20:01:50.814] [odom] [warning] Possibly T_lidar_imu is not accurate or LiDAR-IMU synchronization is not correct.
[2026-07-08 20:01:50.814] [odom] [warning] IMU bias validation results:
[2026-07-08 20:01:50.814] [odom] [warning] num_bias_validations=15936
[2026-07-08 20:01:50.814] [odom] [warning] bias_acc=[0.095, -0.823, 0.101] m/s^2, bias_gyro=[-0.020, -0.002, 0.000] rad/s
[2026-07-08 20:01:50.814] [odom] [warning] acc_stat ax=0.367 +- 0.288 [min=-0.214, max=0.986], ay=-0.793 +- 0.399 [min=-1.421, max=0.031], az=0.065 +- 0.034 [min=0.008, max=0.119] m/s^2
[2026-07-08 20:01:50.814] [odom] [warning] gyro_stat wx=-0.019 +- 0.001 [min=-0.020, max=-0.017], wy=-0.000 +- 0.001 [min=-0.004, max=0.002], wz=0.001 +- 0.000 [min=0.000, max=0.002] rad/s
[2026-07-08 20:01:51.021] [odom] [warning] IMU prediction is not good.
[2026-07-08 20:01:51.021] [odom] [warning] Possibly T_lidar_imu is not accurate or IMU bias is not well estimated.
[2026-07-08 20:01:51.021] [odom] [warning] IMU validation results:
[2026-07-08 20:01:51.021] [odom] [warning] num_validations=15488
[2026-07-08 20:01:51.021] [odom] [warning] No-IMU errors rot=0.214 +- 0.258 deg, trans=0.030 +- 0.025 m, vel=0.028 +- 0.032 m/s
[2026-07-08 20:01:51.021] [odom] [warning] IMU errors rot=0.068 +- 0.057 deg, trans=0.034 +- 0.018 m, vel=0.100 +- 0.051 m/s
[2026-07-08 20:01:51.021] [odom] [warning] IMU better ratios rot=0.86, trans=0.04, vel=0.07
[2026-07-08 20:01:51.484] [glim] [info] playback speed: 3.653x
[2026-07-08 20:01:53.159] [odom] [warning] IMU bias estimation seems inaccurate.
[2026-07-08 20:01:53.159] [odom] [warning] Possibly T_lidar_imu is not accurate or LiDAR-IMU synchronization is not correct.
[2026-07-08 20:01:53.159] [odom] [warning] IMU bias validation results:
[2026-07-08 20:01:53.159] [odom] [warning] num_bias_validations=16000
[2026-07-08 20:01:53.159] [odom] [warning] bias_acc=[0.121, -0.820, 0.099] m/s^2, bias_gyro=[-0.020, -0.002, 0.001] rad/s
[2026-07-08 20:01:53.159] [odom] [warning] acc_stat ax=0.366 +- 0.287 [min=-0.214, max=0.986], ay=-0.793 +- 0.398 [min=-1.421, max=0.031], az=0.065 +- 0.034 [min=0.008, max=0.119] m/s^2
[2026-07-08 20:01:53.159] [odom] [warning] gyro_stat wx=-0.019 +- 0.001 [min=-0.020, max=-0.017], wy=-0.000 +- 0.001 [min=-0.004, max=0.002], wz=0.001 +- 0.000 [min=0.000, max=0.002] rad/s
[2026-07-08 20:01:53.382] [odom] [warning] IMU prediction is not good.
[2026-07-08 20:01:53.383] [odom] [warning] Possibly T_lidar_imu is not accurate or IMU bias is not well estimated.
[2026-07-08 20:01:53.383] [odom] [warning] IMU validation results:
[2026-07-08 20:01:53.383] [odom] [warning] num_validations=15552
[2026-07-08 20:01:53.383] [odom] [warning] No-IMU errors rot=0.214 +- 0.258 deg, trans=0.030 +- 0.025 m, vel=0.028 +- 0.032 m/s
[2026-07-08 20:01:53.383] [odom] [warning] IMU errors rot=0.068 +- 0.057 deg, trans=0.034 +- 0.018 m, vel=0.100 +- 0.051 m/s
[2026-07-08 20:01:53.383] [odom] [warning] IMU better ratios rot=0.86, trans=0.04, vel=0.07
[2026-07-08 20:01:54.036] [global] [warning] insufficient IMU data between submaps (global_mapping)!!
[2026-07-08 20:01:55.397] [odom] [warning] IMU bias estimation seems inaccurate.
[2026-07-08 20:01:55.397] [odom] [warning] Possibly T_lidar_imu is not accurate or LiDAR-IMU synchronization is not correct.
[2026-07-08 20:01:55.397] [odom] [warning] IMU bias validation results:
[2026-07-08 20:01:55.397] [odom] [warning] num_bias_validations=16064
[2026-07-08 20:01:55.397] [odom] [warning] bias_acc=[0.148, -0.821, 0.096] m/s^2, bias_gyro=[-0.020, -0.001, 0.001] rad/s
[2026-07-08 20:01:55.397] [odom] [warning] acc_stat ax=0.365 +- 0.287 [min=-0.214, max=0.986], ay=-0.793 +- 0.397 [min=-1.421, max=0.031], az=0.065 +- 0.034 [min=0.008, max=0.119] m/s^2
[2026-07-08 20:01:55.397] [odom] [warning] gyro_stat wx=-0.019 +- 0.001 [min=-0.020, max=-0.017], wy=-0.000 +- 0.001 [min=-0.004, max=0.002], wz=0.001 +- 0.000 [min=0.000, max=0.002] rad/s
[2026-07-08 20:01:55.432] [odom] [warning] IMU prediction is not good.
[2026-07-08 20:01:55.432] [odom] [warning] Possibly T_lidar_imu is not accurate or IMU bias is not well estimated.
[2026-07-08 20:01:55.432] [odom] [warning] IMU validation results:
[2026-07-08 20:01:55.432] [odom] [warning] num_validations=15616
[2026-07-08 20:01:55.432] [odom] [warning] No-IMU errors rot=0.214 +- 0.258 deg, trans=0.030 +- 0.025 m, vel=0.028 +- 0.032 m/s
[2026-07-08 20:01:55.432] [odom] [warning] IMU errors rot=0.068 +- 0.057 deg, trans=0.034 +- 0.018 m, vel=0.100 +- 0.051 m/s
[2026-07-08 20:01:55.432] [odom] [warning] IMU better ratios rot=0.86, trans=0.04, vel=0.07
[2026-07-08 20:01:56.512] [glim] [info] playback speed: 3.309x
[2026-07-08 20:01:57.088] [odom] [warning] IMU bias estimation seems inaccurate.
[2026-07-08 20:01:57.088] [odom] [warning] Possibly T_lidar_imu is not accurate or LiDAR-IMU synchronization is not correct.
[2026-07-08 20:01:57.088] [odom] [warning] IMU bias validation results:
[2026-07-08 20:01:57.089] [odom] [warning] num_bias_validations=16128
[2026-07-08 20:01:57.089] [odom] [warning] bias_acc=[0.170, -0.824, 0.094] m/s^2, bias_gyro=[-0.020, -0.001, 0.001] rad/s
[2026-07-08 20:01:57.089] [odom] [warning] acc_stat ax=0.365 +- 0.287 [min=-0.214, max=0.986], ay=-0.793 +- 0.396 [min=-1.421, max=0.031], az=0.065 +- 0.034 [min=0.008, max=0.119] m/s^2
[2026-07-08 20:01:57.089] [odom] [warning] gyro_stat wx=-0.019 +- 0.001 [min=-0.020, max=-0.017], wy=-0.000 +- 0.001 [min=-0.004, max=0.002], wz=0.001 +- 0.000 [min=0.000, max=0.002] rad/s
[2026-07-08 20:01:57.131] [odom] [warning] IMU prediction is not good.
[2026-07-08 20:01:57.131] [odom] [warning] Possibly T_lidar_imu is not accurate or IMU bias is not well estimated.
[2026-07-08 20:01:57.131] [odom] [warning] IMU validation results:
[2026-07-08 20:01:57.131] [odom] [warning] num_validations=15680
[2026-07-08 20:01:57.131] [odom] [warning] No-IMU errors rot=0.214 +- 0.257 deg, trans=0.030 +- 0.025 m, vel=0.028 +- 0.032 m/s
[2026-07-08 20:01:57.131] [odom] [warning] IMU errors rot=0.068 +- 0.057 deg, trans=0.034 +- 0.018 m, vel=0.100 +- 0.050 m/s
[2026-07-08 20:01:57.131] [odom] [warning] IMU better ratios rot=0.86, trans=0.04, vel=0.07
[2026-07-08 20:01:58.765] [odom] [warning] IMU bias estimation seems inaccurate.
[2026-07-08 20:01:58.765] [odom] [warning] Possibly T_lidar_imu is not accurate or LiDAR-IMU synchronization is not correct.
[2026-07-08 20:01:58.765] [odom] [warning] IMU bias validation results:
[2026-07-08 20:01:58.765] [odom] [warning] num_bias_validations=16192
[2026-07-08 20:01:58.765] [odom] [warning] bias_acc=[0.191, -0.828, 0.091] m/s^2, bias_gyro=[-0.020, -0.001, 0.001] rad/s
[2026-07-08 20:01:58.765] [odom] [warning] acc_stat ax=0.364 +- 0.287 [min=-0.214, max=0.986], ay=-0.794 +- 0.396 [min=-1.421, max=0.031], az=0.066 +- 0.034 [min=0.008, max=0.119] m/s^2
[2026-07-08 20:01:58.765] [odom] [warning] gyro_stat wx=-0.019 +- 0.001 [min=-0.020, max=-0.017], wy=-0.000 +- 0.001 [min=-0.004, max=0.002], wz=0.001 +- 0.000 [min=0.000, max=0.002] rad/s
[2026-07-08 20:01:58.958] [odom] [warning] IMU prediction is not good.
[2026-07-08 20:01:58.958] [odom] [warning] Possibly T_lidar_imu is not accurate or IMU bias is not well estimated.
[2026-07-08 20:01:58.958] [odom] [warning] IMU validation results:
[2026-07-08 20:01:58.958] [odom] [warning] num_validations=15744
[2026-07-08 20:01:58.958] [odom] [warning] No-IMU errors rot=0.214 +- 0.257 deg, trans=0.030 +- 0.025 m, vel=0.028 +- 0.032 m/s
[2026-07-08 20:01:58.958] [odom] [warning] IMU errors rot=0.068 +- 0.057 deg, trans=0.034 +- 0.018 m, vel=0.100 +- 0.050 m/s
[2026-07-08 20:01:58.958] [odom] [warning] IMU better ratios rot=0.86, trans=0.04, vel=0.07
[2026-07-08 20:02:00.322] [odom] [warning] IMU bias estimation seems inaccurate.
[2026-07-08 20:02:00.322] [odom] [warning] Possibly T_lidar_imu is not accurate or LiDAR-IMU synchronization is not correct.
[2026-07-08 20:02:00.322] [odom] [warning] IMU bias validation results:
[2026-07-08 20:02:00.322] [odom] [warning] num_bias_validations=16256
[2026-07-08 20:02:00.322] [odom] [warning] bias_acc=[0.212, -0.829, 0.088] m/s^2, bias_gyro=[-0.020, -0.000, 0.001] rad/s
[2026-07-08 20:02:00.322] [odom] [warning] acc_stat ax=0.363 +- 0.286 [min=-0.214, max=0.986], ay=-0.794 +- 0.395 [min=-1.421, max=0.031], az=0.066 +- 0.034 [min=0.008, max=0.119] m/s^2
[2026-07-08 20:02:00.322] [odom] [warning] gyro_stat wx=-0.019 +- 0.001 [min=-0.020, max=-0.017], wy=-0.000 +- 0.001 [min=-0.004, max=0.002], wz=0.001 +- 0.000 [min=0.000, max=0.002] rad/s
[2026-07-08 20:02:00.354] [odom] [warning] IMU prediction is not good.
[2026-07-08 20:02:00.354] [odom] [warning] Possibly T_lidar_imu is not accurate or IMU bias is not well estimated.
[2026-07-08 20:02:00.354] [odom] [warning] IMU validation results:
[2026-07-08 20:02:00.354] [odom] [warning] num_validations=15808
[2026-07-08 20:02:00.354] [odom] [warning] No-IMU errors rot=0.214 +- 0.257 deg, trans=0.030 +- 0.025 m, vel=0.028 +- 0.032 m/s
[2026-07-08 20:02:00.354] [odom] [warning] IMU errors rot=0.068 +- 0.057 deg, trans=0.034 +- 0.018 m, vel=0.100 +- 0.050 m/s
[2026-07-08 20:02:00.354] [odom] [warning] IMU better ratios rot=0.86, trans=0.04, vel=0.07
[2026-07-08 20:02:01.528] [glim] [info] playback speed: 3.641x
[2026-07-08 20:02:02.913] [odom] [warning] IMU bias estimation seems inaccurate.
[2026-07-08 20:02:02.913] [odom] [warning] Possibly T_lidar_imu is not accurate or LiDAR-IMU synchronization is not correct.
[2026-07-08 20:02:02.913] [odom] [warning] IMU bias validation results:
[2026-07-08 20:02:02.913] [odom] [warning] num_bias_validations=16320
[2026-07-08 20:02:02.913] [odom] [warning] bias_acc=[0.228, -0.826, 0.085] m/s^2, bias_gyro=[-0.020, 0.000, 0.001] rad/s
[2026-07-08 20:02:02.913] [odom] [warning] acc_stat ax=0.363 +- 0.286 [min=-0.214, max=0.986], ay=-0.794 +- 0.394 [min=-1.421, max=0.031], az=0.066 +- 0.034 [min=0.008, max=0.119] m/s^2
[2026-07-08 20:02:02.913] [odom] [warning] gyro_stat wx=-0.019 +- 0.001 [min=-0.020, max=-0.017], wy=-0.000 +- 0.001 [min=-0.004, max=0.002], wz=0.001 +- 0.000 [min=0.000, max=0.002] rad/s
[2026-07-08 20:02:02.970] [odom] [warning] IMU prediction is not good.
[2026-07-08 20:02:02.970] [odom] [warning] Possibly T_lidar_imu is not accurate or IMU bias is not well estimated.
[2026-07-08 20:02:02.970] [odom] [warning] IMU validation results:
[2026-07-08 20:02:02.970] [odom] [warning] num_validations=15872
[2026-07-08 20:02:02.971] [odom] [warning] No-IMU errors rot=0.214 +- 0.256 deg, trans=0.030 +- 0.025 m, vel=0.028 +- 0.032 m/s
[2026-07-08 20:02:02.971] [odom] [warning] IMU errors rot=0.068 +- 0.057 deg, trans=0.034 +- 0.018 m, vel=0.100 +- 0.050 m/s
[2026-07-08 20:02:02.971] [odom] [warning] IMU better ratios rot=0.86, trans=0.04, vel=0.07
[2026-07-08 20:02:04.075] [odom] [warning] IMU bias estimation seems inaccurate.
[2026-07-08 20:02:04.075] [odom] [warning] Possibly T_lidar_imu is not accurate or LiDAR-IMU synchronization is not correct.
[2026-07-08 20:02:04.075] [odom] [warning] IMU bias validation results:
[2026-07-08 20:02:04.075] [odom] [warning] num_bias_validations=16384
[2026-07-08 20:02:04.075] [odom] [warning] bias_acc=[0.243, -0.825, 0.083] m/s^2, bias_gyro=[-0.020, -0.000, 0.001] rad/s
[2026-07-08 20:02:04.075] [odom] [warning] acc_stat ax=0.362 +- 0.285 [min=-0.214, max=0.986], ay=-0.794 +- 0.393 [min=-1.421, max=0.031], az=0.066 +- 0.034 [min=0.008, max=0.119] m/s^2
[2026-07-08 20:02:04.075] [odom] [warning] gyro_stat wx=-0.019 +- 0.001 [min=-0.020, max=-0.017], wy=-0.000 +- 0.001 [min=-0.004, max=0.002], wz=0.001 +- 0.000 [min=0.000, max=0.002] rad/s
[2026-07-08 20:02:04.287] [odom] [warning] IMU prediction is not good.
[2026-07-08 20:02:04.287] [odom] [warning] Possibly T_lidar_imu is not accurate or IMU bias is not well estimated.
[2026-07-08 20:02:04.287] [odom] [warning] IMU validation results:
[2026-07-08 20:02:04.287] [odom] [warning] num_validations=15936
[2026-07-08 20:02:04.287] [odom] [warning] No-IMU errors rot=0.214 +- 0.256 deg, trans=0.029 +- 0.025 m, vel=0.028 +- 0.032 m/s
[2026-07-08 20:02:04.287] [odom] [warning] IMU errors rot=0.068 +- 0.057 deg, trans=0.034 +- 0.018 m, vel=0.099 +- 0.050 m/s
[2026-07-08 20:02:04.287] [odom] [warning] IMU better ratios rot=0.86, trans=0.04, vel=0.07
[2026-07-08 20:02:06.199] [odom] [warning] IMU bias estimation seems inaccurate.
[2026-07-08 20:02:06.199] [odom] [warning] Possibly T_lidar_imu is not accurate or LiDAR-IMU synchronization is not correct.
[2026-07-08 20:02:06.199] [odom] [warning] IMU bias validation results:
[2026-07-08 20:02:06.199] [odom] [warning] num_bias_validations=16448
[2026-07-08 20:02:06.199] [odom] [warning] bias_acc=[0.258, -0.824, 0.080] m/s^2, bias_gyro=[-0.020, 0.001, 0.001] rad/s
[2026-07-08 20:02:06.199] [odom] [warning] acc_stat ax=0.362 +- 0.285 [min=-0.214, max=0.986], ay=-0.794 +- 0.393 [min=-1.421, max=0.031], az=0.066 +- 0.033 [min=0.008, max=0.119] m/s^2
[2026-07-08 20:02:06.199] [odom] [warning] gyro_stat wx=-0.019 +- 0.001 [min=-0.020, max=-0.017], wy=-0.000 +- 0.001 [min=-0.004, max=0.002], wz=0.001 +- 0.000 [min=0.000, max=0.002] rad/s
[2026-07-08 20:02:06.343] [odom] [warning] IMU prediction is not good.
[2026-07-08 20:02:06.343] [odom] [warning] Possibly T_lidar_imu is not accurate or IMU bias is not well estimated.
[2026-07-08 20:02:06.343] [odom] [warning] IMU validation results:
[2026-07-08 20:02:06.343] [odom] [warning] num_validations=16000
[2026-07-08 20:02:06.343] [odom] [warning] No-IMU errors rot=0.214 +- 0.256 deg, trans=0.029 +- 0.025 m, vel=0.028 +- 0.032 m/s
[2026-07-08 20:02:06.343] [odom] [warning] IMU errors rot=0.068 +- 0.057 deg, trans=0.034 +- 0.018 m, vel=0.099 +- 0.050 m/s
[2026-07-08 20:02:06.343] [odom] [warning] IMU better ratios rot=0.86, trans=0.04, vel=0.07
[2026-07-08 20:02:06.562] [glim] [info] playback speed: 3.265x
[2026-07-08 20:02:08.717] [odom] [warning] IMU bias estimation seems inaccurate.
[2026-07-08 20:02:08.718] [odom] [warning] Possibly T_lidar_imu is not accurate or LiDAR-IMU synchronization is not correct.
[2026-07-08 20:02:08.718] [odom] [warning] IMU bias validation results:
[2026-07-08 20:02:08.718] [odom] [warning] num_bias_validations=16512
[2026-07-08 20:02:08.718] [odom] [warning] bias_acc=[0.271, -0.821, 0.078] m/s^2, bias_gyro=[-0.020, -0.000, 0.001] rad/s
[2026-07-08 20:02:08.718] [odom] [warning] acc_stat ax=0.362 +- 0.284 [min=-0.214, max=0.986], ay=-0.794 +- 0.392 [min=-1.421, max=0.031], az=0.066 +- 0.033 [min=0.008, max=0.119] m/s^2
[2026-07-08 20:02:08.718] [odom] [warning] gyro_stat wx=-0.019 +- 0.001 [min=-0.020, max=-0.017], wy=-0.000 +- 0.001 [min=-0.004, max=0.002], wz=0.001 +- 0.000 [min=0.000, max=0.002] rad/s
[2026-07-08 20:02:08.919] [odom] [warning] IMU prediction is not good.
[2026-07-08 20:02:08.919] [odom] [warning] Possibly T_lidar_imu is not accurate or IMU bias is not well estimated.
[2026-07-08 20:02:08.919] [odom] [warning] IMU validation results:
[2026-07-08 20:02:08.919] [odom] [warning] num_validations=16064
[2026-07-08 20:02:08.919] [odom] [warning] No-IMU errors rot=0.216 +- 0.258 deg, trans=0.029 +- 0.024 m, vel=0.028 +- 0.032 m/s
[2026-07-08 20:02:08.919] [odom] [warning] IMU errors rot=0.069 +- 0.057 deg, trans=0.034 +- 0.018 m, vel=0.099 +- 0.050 m/s
[2026-07-08 20:02:08.919] [odom] [warning] IMU better ratios rot=0.86, trans=0.04, vel=0.07
[2026-07-08 20:02:10.299] [odom] [warning] IMU bias estimation seems inaccurate.
[2026-07-08 20:02:10.299] [odom] [warning] Possibly T_lidar_imu is not accurate or LiDAR-IMU synchronization is not correct.
[2026-07-08 20:02:10.299] [odom] [warning] IMU bias validation results:
[2026-07-08 20:02:10.299] [odom] [warning] num_bias_validations=16576
[2026-07-08 20:02:10.299] [odom] [warning] bias_acc=[0.284, -0.817, 0.076] m/s^2, bias_gyro=[-0.020, 0.000, 0.001] rad/s
[2026-07-08 20:02:10.299] [odom] [warning] acc_stat ax=0.361 +- 0.284 [min=-0.214, max=0.986], ay=-0.794 +- 0.391 [min=-1.421, max=0.031], az=0.066 +- 0.033 [min=0.008, max=0.119] m/s^2
[2026-07-08 20:02:10.299] [odom] [warning] gyro_stat wx=-0.019 +- 0.001 [min=-0.020, max=-0.017], wy=-0.000 +- 0.001 [min=-0.004, max=0.002], wz=0.001 +- 0.000 [min=0.000, max=0.002] rad/s
[2026-07-08 20:02:10.354] [odom] [warning] IMU prediction is not good.
[2026-07-08 20:02:10.354] [odom] [warning] Possibly T_lidar_imu is not accurate or IMU bias is not well estimated.
[2026-07-08 20:02:10.354] [odom] [warning] IMU validation results:
[2026-07-08 20:02:10.354] [odom] [warning] num_validations=16128
[2026-07-08 20:02:10.354] [odom] [warning] No-IMU errors rot=0.215 +- 0.258 deg, trans=0.029 +- 0.024 m, vel=0.028 +- 0.032 m/s
[2026-07-08 20:02:10.354] [odom] [warning] IMU errors rot=0.069 +- 0.057 deg, trans=0.034 +- 0.018 m, vel=0.099 +- 0.050 m/s
[2026-07-08 20:02:10.354] [odom] [warning] IMU better ratios rot=0.86, trans=0.04, vel=0.07
[2026-07-08 20:02:11.597] [glim] [info] playback speed: 3.284x
[2026-07-08 20:02:12.273] [odom] [warning] IMU bias estimation seems inaccurate.
[2026-07-08 20:02:12.274] [odom] [warning] Possibly T_lidar_imu is not accurate or LiDAR-IMU synchronization is not correct.
[2026-07-08 20:02:12.274] [odom] [warning] IMU bias validation results:
[2026-07-08 20:02:12.274] [odom] [warning] num_bias_validations=16640
[2026-07-08 20:02:12.274] [odom] [warning] bias_acc=[0.294, -0.814, 0.075] m/s^2, bias_gyro=[-0.020, -0.000, 0.001] rad/s
[2026-07-08 20:02:12.274] [odom] [warning] acc_stat ax=0.361 +- 0.283 [min=-0.214, max=0.986], ay=-0.794 +- 0.390 [min=-1.421, max=0.031], az=0.066 +- 0.033 [min=0.008, max=0.119] m/s^2
[2026-07-08 20:02:12.274] [odom] [warning] gyro_stat wx=-0.019 +- 0.001 [min=-0.020, max=-0.017], wy=-0.000 +- 0.001 [min=-0.004, max=0.002], wz=0.001 +- 0.000 [min=0.000, max=0.002] rad/s
[2026-07-08 20:02:12.420] [odom] [warning] IMU prediction is not good.
[2026-07-08 20:02:12.420] [odom] [warning] Possibly T_lidar_imu is not accurate or IMU bias is not well estimated.
[2026-07-08 20:02:12.420] [odom] [warning] IMU validation results:
[2026-07-08 20:02:12.420] [odom] [warning] num_validations=16192
[2026-07-08 20:02:12.420] [odom] [warning] No-IMU errors rot=0.216 +- 0.258 deg, trans=0.029 +- 0.024 m, vel=0.028 +- 0.032 m/s
[2026-07-08 20:02:12.420] [odom] [warning] IMU errors rot=0.069 +- 0.057 deg, trans=0.034 +- 0.018 m, vel=0.099 +- 0.050 m/s
[2026-07-08 20:02:12.420] [odom] [warning] IMU better ratios rot=0.86, trans=0.04, vel=0.07
[2026-07-08 20:02:15.235] [odom] [warning] IMU bias estimation seems inaccurate.
[2026-07-08 20:02:15.235] [odom] [warning] Possibly T_lidar_imu is not accurate or LiDAR-IMU synchronization is not correct.
[2026-07-08 20:02:15.235] [odom] [warning] IMU bias validation results:
[2026-07-08 20:02:15.235] [odom] [warning] num_bias_validations=16704
[2026-07-08 20:02:15.235] [odom] [warning] bias_acc=[0.307, -0.810, 0.074] m/s^2, bias_gyro=[-0.019, 0.001, 0.001] rad/s
[2026-07-08 20:02:15.235] [odom] [warning] acc_stat ax=0.361 +- 0.283 [min=-0.214, max=0.986], ay=-0.794 +- 0.390 [min=-1.421, max=0.031], az=0.066 +- 0.033 [min=0.008, max=0.119] m/s^2
[2026-07-08 20:02:15.235] [odom] [warning] gyro_stat wx=-0.019 +- 0.000 [min=-0.020, max=-0.017], wy=-0.000 +- 0.001 [min=-0.004, max=0.002], wz=0.001 +- 0.000 [min=0.000, max=0.002] rad/s
[2026-07-08 20:02:15.383] [odom] [warning] IMU prediction is not good.
[2026-07-08 20:02:15.383] [odom] [warning] Possibly T_lidar_imu is not accurate or IMU bias is not well estimated.
[2026-07-08 20:02:15.383] [odom] [warning] IMU validation results:
[2026-07-08 20:02:15.383] [odom] [warning] num_validations=16256
[2026-07-08 20:02:15.383] [odom] [warning] No-IMU errors rot=0.216 +- 0.259 deg, trans=0.029 +- 0.024 m, vel=0.028 +- 0.032 m/s
[2026-07-08 20:02:15.383] [odom] [warning] IMU errors rot=0.069 +- 0.057 deg, trans=0.034 +- 0.018 m, vel=0.099 +- 0.050 m/s
[2026-07-08 20:02:15.383] [odom] [warning] IMU better ratios rot=0.86, trans=0.04, vel=0.07
[2026-07-08 20:02:16.390] [odom] [warning] IMU bias estimation seems inaccurate.
[2026-07-08 20:02:16.390] [odom] [warning] Possibly T_lidar_imu is not accurate or LiDAR-IMU synchronization is not correct.
[2026-07-08 20:02:16.390] [odom] [warning] IMU bias validation results:
[2026-07-08 20:02:16.390] [odom] [warning] num_bias_validations=16768
[2026-07-08 20:02:16.390] [odom] [warning] bias_acc=[0.312, -0.805, 0.073] m/s^2, bias_gyro=[-0.020, 0.001, 0.001] rad/s
[2026-07-08 20:02:16.390] [odom] [warning] acc_stat ax=0.361 +- 0.282 [min=-0.214, max=0.986], ay=-0.794 +- 0.389 [min=-1.421, max=0.031], az=0.066 +- 0.033 [min=0.008, max=0.119] m/s^2
[2026-07-08 20:02:16.390] [odom] [warning] gyro_stat wx=-0.019 +- 0.000 [min=-0.020, max=-0.017], wy=-0.000 +- 0.001 [min=-0.004, max=0.002], wz=0.001 +- 0.000 [min=0.000, max=0.002] rad/s
[2026-07-08 20:02:16.439] [odom] [warning] IMU prediction is not good.
[2026-07-08 20:02:16.439] [odom] [warning] Possibly T_lidar_imu is not accurate or IMU bias is not well estimated.
[2026-07-08 20:02:16.439] [odom] [warning] IMU validation results:
[2026-07-08 20:02:16.439] [odom] [warning] num_validations=16320
[2026-07-08 20:02:16.439] [odom] [warning] No-IMU errors rot=0.216 +- 0.258 deg, trans=0.029 +- 0.024 m, vel=0.028 +- 0.032 m/s
[2026-07-08 20:02:16.439] [odom] [warning] IMU errors rot=0.069 +- 0.057 deg, trans=0.034 +- 0.018 m, vel=0.098 +- 0.050 m/s
[2026-07-08 20:02:16.439] [odom] [warning] IMU better ratios rot=0.86, trans=0.04, vel=0.07
[2026-07-08 20:02:16.597] [glim] [info] playback speed: 3.165x
[2026-07-08 20:02:18.425] [odom] [warning] IMU bias estimation seems inaccurate.
[2026-07-08 20:02:18.425] [odom] [warning] Possibly T_lidar_imu is not accurate or LiDAR-IMU synchronization is not correct.
[2026-07-08 20:02:18.425] [odom] [warning] IMU bias validation results:
[2026-07-08 20:02:18.425] [odom] [warning] num_bias_validations=16832
[2026-07-08 20:02:18.425] [odom] [warning] bias_acc=[0.315, -0.797, 0.072] m/s^2, bias_gyro=[-0.019, 0.001, 0.001] rad/s
[2026-07-08 20:02:18.425] [odom] [warning] acc_stat ax=0.360 +- 0.282 [min=-0.214, max=0.986], ay=-0.794 +- 0.388 [min=-1.421, max=0.031], az=0.066 +- 0.033 [min=0.008, max=0.119] m/s^2
[2026-07-08 20:02:18.425] [odom] [warning] gyro_stat wx=-0.019 +- 0.000 [min=-0.020, max=-0.017], wy=-0.000 +- 0.001 [min=-0.004, max=0.002], wz=0.001 +- 0.000 [min=0.000, max=0.002] rad/s
[2026-07-08 20:02:18.585] [odom] [warning] IMU prediction is not good.
[2026-07-08 20:02:18.585] [odom] [warning] Possibly T_lidar_imu is not accurate or IMU bias is not well estimated.
[2026-07-08 20:02:18.585] [odom] [warning] IMU validation results:
[2026-07-08 20:02:18.585] [odom] [warning] num_validations=16384
[2026-07-08 20:02:18.585] [odom] [warning] No-IMU errors rot=0.216 +- 0.258 deg, trans=0.029 +- 0.024 m, vel=0.028 +- 0.032 m/s
[2026-07-08 20:02:18.585] [odom] [warning] IMU errors rot=0.069 +- 0.057 deg, trans=0.033 +- 0.018 m, vel=0.098 +- 0.050 m/s
[2026-07-08 20:02:18.585] [odom] [warning] IMU better ratios rot=0.86, trans=0.04, vel=0.08
[2026-07-08 20:02:19.428] [odom] [warning] IMU bias estimation seems inaccurate.
[2026-07-08 20:02:19.428] [odom] [warning] Possibly T_lidar_imu is not accurate or LiDAR-IMU synchronization is not correct.
[2026-07-08 20:02:19.428] [odom] [warning] IMU bias validation results:
[2026-07-08 20:02:19.428] [odom] [warning] num_bias_validations=16896
[2026-07-08 20:02:19.428] [odom] [warning] bias_acc=[0.322, -0.788, 0.070] m/s^2, bias_gyro=[-0.019, 0.001, 0.001] rad/s
[2026-07-08 20:02:19.428] [odom] [warning] acc_stat ax=0.360 +- 0.281 [min=-0.214, max=0.986], ay=-0.794 +- 0.387 [min=-1.421, max=0.031], az=0.066 +- 0.033 [min=0.008, max=0.119] m/s^2
[2026-07-08 20:02:19.428] [odom] [warning] gyro_stat wx=-0.019 +- 0.000 [min=-0.020, max=-0.017], wy=-0.000 +- 0.001 [min=-0.004, max=0.002], wz=0.001 +- 0.000 [min=0.000, max=0.002] rad/s
[2026-07-08 20:02:19.556] [odom] [warning] IMU prediction is not good.
[2026-07-08 20:02:19.556] [odom] [warning] Possibly T_lidar_imu is not accurate or IMU bias is not well estimated.
[2026-07-08 20:02:19.556] [odom] [warning] IMU validation results:
[2026-07-08 20:02:19.556] [odom] [warning] num_validations=16448
[2026-07-08 20:02:19.556] [odom] [warning] No-IMU errors rot=0.217 +- 0.259 deg, trans=0.029 +- 0.024 m, vel=0.029 +- 0.032 m/s
[2026-07-08 20:02:19.556] [odom] [warning] IMU errors rot=0.069 +- 0.057 deg, trans=0.033 +- 0.018 m, vel=0.098 +- 0.050 m/s
[2026-07-08 20:02:19.556] [odom] [warning] IMU better ratios rot=0.86, trans=0.04, vel=0.08
[2026-07-08 20:02:21.620] [glim] [info] playback speed: 3.494x
[2026-07-08 20:02:22.166] [odom] [warning] IMU bias estimation seems inaccurate.
[2026-07-08 20:02:22.166] [odom] [warning] Possibly T_lidar_imu is not accurate or LiDAR-IMU synchronization is not correct.
[2026-07-08 20:02:22.166] [odom] [warning] IMU bias validation results:
[2026-07-08 20:02:22.166] [odom] [warning] num_bias_validations=16960
[2026-07-08 20:02:22.166] [odom] [warning] bias_acc=[0.325, -0.779, 0.069] m/s^2, bias_gyro=[-0.019, 0.001, 0.001] rad/s
[2026-07-08 20:02:22.166] [odom] [warning] acc_stat ax=0.360 +- 0.281 [min=-0.214, max=0.986], ay=-0.794 +- 0.387 [min=-1.421, max=0.031], az=0.066 +- 0.033 [min=0.008, max=0.119] m/s^2
[2026-07-08 20:02:22.166] [odom] [warning] gyro_stat wx=-0.019 +- 0.000 [min=-0.020, max=-0.017], wy=-0.000 +- 0.001 [min=-0.004, max=0.002], wz=0.001 +- 0.000 [min=0.000, max=0.002] rad/s
[2026-07-08 20:02:22.367] [odom] [warning] IMU prediction is not good.
[2026-07-08 20:02:22.367] [odom] [warning] Possibly T_lidar_imu is not accurate or IMU bias is not well estimated.
[2026-07-08 20:02:22.367] [odom] [warning] IMU validation results:
[2026-07-08 20:02:22.367] [odom] [warning] num_validations=16512
[2026-07-08 20:02:22.367] [odom] [warning] No-IMU errors rot=0.218 +- 0.259 deg, trans=0.029 +- 0.024 m, vel=0.029 +- 0.032 m/s
[2026-07-08 20:02:22.367] [odom] [warning] IMU errors rot=0.070 +- 0.057 deg, trans=0.033 +- 0.018 m, vel=0.098 +- 0.050 m/s
[2026-07-08 20:02:22.367] [odom] [warning] IMU better ratios rot=0.86, trans=0.04, vel=0.08
[2026-07-08 20:02:23.230] [odom] [warning] IMU bias estimation seems inaccurate.
[2026-07-08 20:02:23.230] [odom] [warning] Possibly T_lidar_imu is not accurate or LiDAR-IMU synchronization is not correct.
[2026-07-08 20:02:23.230] [odom] [warning] IMU bias validation results:
[2026-07-08 20:02:23.230] [odom] [warning] num_bias_validations=17024
[2026-07-08 20:02:23.230] [odom] [warning] bias_acc=[0.325, -0.772, 0.068] m/s^2, bias_gyro=[-0.020, 0.001, 0.001] rad/s
[2026-07-08 20:02:23.230] [odom] [warning] acc_stat ax=0.360 +- 0.280 [min=-0.214, max=0.986], ay=-0.794 +- 0.386 [min=-1.421, max=0.031], az=0.066 +- 0.033 [min=0.008, max=0.119] m/s^2
[2026-07-08 20:02:23.230] [odom] [warning] gyro_stat wx=-0.019 +- 0.000 [min=-0.020, max=-0.017], wy=-0.000 +- 0.001 [min=-0.004, max=0.002], wz=0.001 +- 0.000 [min=0.000, max=0.002] rad/s
[2026-07-08 20:02:23.349] [odom] [warning] IMU prediction is not good.
[2026-07-08 20:02:23.349] [odom] [warning] Possibly T_lidar_imu is not accurate or IMU bias is not well estimated.
[2026-07-08 20:02:23.349] [odom] [warning] IMU validation results:
[2026-07-08 20:02:23.349] [odom] [warning] num_validations=16576
[2026-07-08 20:02:23.349] [odom] [warning] No-IMU errors rot=0.218 +- 0.259 deg, trans=0.029 +- 0.024 m, vel=0.029 +- 0.032 m/s
[2026-07-08 20:02:23.349] [odom] [warning] IMU errors rot=0.070 +- 0.057 deg, trans=0.033 +- 0.018 m, vel=0.098 +- 0.050 m/s
[2026-07-08 20:02:23.349] [odom] [warning] IMU better ratios rot=0.86, trans=0.04, vel=0.08
[2026-07-08 20:02:25.244] [odom] [warning] IMU bias estimation seems inaccurate.
[2026-07-08 20:02:25.244] [odom] [warning] Possibly T_lidar_imu is not accurate or LiDAR-IMU synchronization is not correct.
[2026-07-08 20:02:25.244] [odom] [warning] IMU bias validation results:
[2026-07-08 20:02:25.244] [odom] [warning] num_bias_validations=17088
[2026-07-08 20:02:25.244] [odom] [warning] bias_acc=[0.328, -0.764, 0.067] m/s^2, bias_gyro=[-0.019, 0.001, 0.001] rad/s
[2026-07-08 20:02:25.244] [odom] [warning] acc_stat ax=0.360 +- 0.280 [min=-0.214, max=0.986], ay=-0.794 +- 0.385 [min=-1.421, max=0.031], az=0.066 +- 0.033 [min=0.008, max=0.119] m/s^2
[2026-07-08 20:02:25.244] [odom] [warning] gyro_stat wx=-0.019 +- 0.000 [min=-0.020, max=-0.017], wy=-0.000 +- 0.001 [min=-0.004, max=0.002], wz=0.001 +- 0.000 [min=0.000, max=0.002] rad/s
[2026-07-08 20:02:25.266] [odom] [warning] IMU prediction is not good.
[2026-07-08 20:02:25.266] [odom] [warning] Possibly T_lidar_imu is not accurate or IMU bias is not well estimated.
[2026-07-08 20:02:25.266] [odom] [warning] IMU validation results:
[2026-07-08 20:02:25.266] [odom] [warning] num_validations=16640
[2026-07-08 20:02:25.266] [odom] [warning] No-IMU errors rot=0.218 +- 0.258 deg, trans=0.029 +- 0.024 m, vel=0.029 +- 0.032 m/s
[2026-07-08 20:02:25.266] [odom] [warning] IMU errors rot=0.070 +- 0.058 deg, trans=0.033 +- 0.018 m, vel=0.097 +- 0.050 m/s
[2026-07-08 20:02:25.266] [odom] [warning] IMU better ratios rot=0.86, trans=0.04, vel=0.08
[2026-07-08 20:02:26.206] [odom] [warning] IMU bias estimation seems inaccurate.
[2026-07-08 20:02:26.206] [odom] [warning] Possibly T_lidar_imu is not accurate or LiDAR-IMU synchronization is not correct.
[2026-07-08 20:02:26.206] [odom] [warning] IMU bias validation results:
[2026-07-08 20:02:26.206] [odom] [warning] num_bias_validations=17152
[2026-07-08 20:02:26.206] [odom] [warning] bias_acc=[0.327, -0.758, 0.066] m/s^2, bias_gyro=[-0.020, 0.001, 0.001] rad/s
[2026-07-08 20:02:26.206] [odom] [warning] acc_stat ax=0.360 +- 0.279 [min=-0.214, max=0.986], ay=-0.794 +- 0.384 [min=-1.421, max=0.031], az=0.066 +- 0.033 [min=0.008, max=0.119] m/s^2
[2026-07-08 20:02:26.206] [odom] [warning] gyro_stat wx=-0.019 +- 0.000 [min=-0.020, max=-0.017], wy=-0.000 +- 0.001 [min=-0.004, max=0.002], wz=0.001 +- 0.000 [min=0.000, max=0.002] rad/s
[2026-07-08 20:02:26.374] [odom] [warning] IMU prediction is not good.
[2026-07-08 20:02:26.374] [odom] [warning] Possibly T_lidar_imu is not accurate or IMU bias is not well estimated.
[2026-07-08 20:02:26.374] [odom] [warning] IMU validation results:
[2026-07-08 20:02:26.374] [odom] [warning] num_validations=16704
[2026-07-08 20:02:26.374] [odom] [warning] No-IMU errors rot=0.218 +- 0.258 deg, trans=0.029 +- 0.024 m, vel=0.029 +- 0.032 m/s
[2026-07-08 20:02:26.374] [odom] [warning] IMU errors rot=0.070 +- 0.058 deg, trans=0.033 +- 0.018 m, vel=0.097 +- 0.050 m/s
[2026-07-08 20:02:26.374] [odom] [warning] IMU better ratios rot=0.86, trans=0.04, vel=0.08
[2026-07-08 20:02:26.630] [glim] [info] playback speed: 4.333x
[2026-07-08 20:02:28.299] [odom] [warning] IMU bias estimation seems inaccurate.
[2026-07-08 20:02:28.299] [odom] [warning] Possibly T_lidar_imu is not accurate or LiDAR-IMU synchronization is not correct.
[2026-07-08 20:02:28.299] [odom] [warning] IMU bias validation results:
[2026-07-08 20:02:28.299] [odom] [warning] num_bias_validations=17216
[2026-07-08 20:02:28.299] [odom] [warning] bias_acc=[0.323, -0.753, 0.065] m/s^2, bias_gyro=[-0.020, 0.001, 0.001] rad/s
[2026-07-08 20:02:28.299] [odom] [warning] acc_stat ax=0.360 +- 0.279 [min=-0.214, max=0.986], ay=-0.794 +- 0.384 [min=-1.421, max=0.031], az=0.066 +- 0.033 [min=0.008, max=0.119] m/s^2
[2026-07-08 20:02:28.299] [odom] [warning] gyro_stat wx=-0.019 +- 0.000 [min=-0.020, max=-0.017], wy=-0.000 +- 0.001 [min=-0.004, max=0.002], wz=0.001 +- 0.000 [min=0.000, max=0.002] rad/s
[2026-07-08 20:02:28.333] [odom] [warning] IMU prediction is not good.
[2026-07-08 20:02:28.333] [odom] [warning] Possibly T_lidar_imu is not accurate or IMU bias is not well estimated.
[2026-07-08 20:02:28.333] [odom] [warning] IMU validation results:
[2026-07-08 20:02:28.333] [odom] [warning] num_validations=16768
[2026-07-08 20:02:28.333] [odom] [warning] No-IMU errors rot=0.218 +- 0.258 deg, trans=0.029 +- 0.024 m, vel=0.029 +- 0.032 m/s
[2026-07-08 20:02:28.333] [odom] [warning] IMU errors rot=0.070 +- 0.058 deg, trans=0.033 +- 0.018 m, vel=0.097 +- 0.050 m/s
[2026-07-08 20:02:28.333] [odom] [warning] IMU better ratios rot=0.86, trans=0.04, vel=0.09
[2026-07-08 20:02:29.157] [odom] [warning] IMU bias estimation seems inaccurate.
[2026-07-08 20:02:29.157] [odom] [warning] Possibly T_lidar_imu is not accurate or LiDAR-IMU synchronization is not correct.
[2026-07-08 20:02:29.157] [odom] [warning] IMU bias validation results:
[2026-07-08 20:02:29.157] [odom] [warning] num_bias_validations=17280
[2026-07-08 20:02:29.157] [odom] [warning] bias_acc=[0.317, -0.748, 0.065] m/s^2, bias_gyro=[-0.020, 0.002, 0.001] rad/s
[2026-07-08 20:02:29.157] [odom] [warning] acc_stat ax=0.359 +- 0.278 [min=-0.214, max=0.986], ay=-0.794 +- 0.383 [min=-1.421, max=0.031], az=0.066 +- 0.033 [min=0.008, max=0.119] m/s^2
[2026-07-08 20:02:29.157] [odom] [warning] gyro_stat wx=-0.019 +- 0.000 [min=-0.020, max=-0.017], wy=-0.000 +- 0.001 [min=-0.004, max=0.002], wz=0.001 +- 0.000 [min=0.000, max=0.002] rad/s
[2026-07-08 20:02:29.339] [odom] [warning] IMU prediction is not good.
[2026-07-08 20:02:29.339] [odom] [warning] Possibly T_lidar_imu is not accurate or IMU bias is not well estimated.
[2026-07-08 20:02:29.339] [odom] [warning] IMU validation results:
[2026-07-08 20:02:29.339] [odom] [warning] num_validations=16832
[2026-07-08 20:02:29.339] [odom] [warning] No-IMU errors rot=0.219 +- 0.258 deg, trans=0.029 +- 0.024 m, vel=0.029 +- 0.032 m/s
[2026-07-08 20:02:29.339] [odom] [warning] IMU errors rot=0.070 +- 0.058 deg, trans=0.033 +- 0.018 m, vel=0.097 +- 0.050 m/s
[2026-07-08 20:02:29.339] [odom] [warning] IMU better ratios rot=0.86, trans=0.04, vel=0.09
[2026-07-08 20:02:30.567] [odom] [warning] IMU bias estimation seems inaccurate.
[2026-07-08 20:02:30.567] [odom] [warning] Possibly T_lidar_imu is not accurate or LiDAR-IMU synchronization is not correct.
[2026-07-08 20:02:30.567] [odom] [warning] IMU bias validation results:
[2026-07-08 20:02:30.567] [odom] [warning] num_bias_validations=17344
[2026-07-08 20:02:30.567] [odom] [warning] bias_acc=[0.309, -0.748, 0.064] m/s^2, bias_gyro=[-0.020, 0.001, 0.001] rad/s
[2026-07-08 20:02:30.567] [odom] [warning] acc_stat ax=0.359 +- 0.278 [min=-0.214, max=0.986], ay=-0.794 +- 0.382 [min=-1.421, max=0.031], az=0.066 +- 0.033 [min=0.008, max=0.119] m/s^2
[2026-07-08 20:02:30.567] [odom] [warning] gyro_stat wx=-0.019 +- 0.000 [min=-0.020, max=-0.017], wy=-0.000 +- 0.001 [min=-0.004, max=0.002], wz=0.001 +- 0.000 [min=0.000, max=0.002] rad/s
[2026-07-08 20:02:31.657] [glim] [info] playback speed: 4.319x
[2026-07-08 20:02:32.553] [odom] [warning] IMU bias estimation seems inaccurate.
[2026-07-08 20:02:32.553] [odom] [warning] Possibly T_lidar_imu is not accurate or LiDAR-IMU synchronization is not correct.
[2026-07-08 20:02:32.553] [odom] [warning] IMU bias validation results:
[2026-07-08 20:02:32.553] [odom] [warning] num_bias_validations=17408
[2026-07-08 20:02:32.553] [odom] [warning] bias_acc=[0.304, -0.746, 0.064] m/s^2, bias_gyro=[-0.020, 0.001, 0.001] rad/s
[2026-07-08 20:02:32.553] [odom] [warning] acc_stat ax=0.359 +- 0.277 [min=-0.214, max=0.986], ay=-0.793 +- 0.382 [min=-1.421, max=0.031], az=0.066 +- 0.033 [min=0.008, max=0.119] m/s^2
[2026-07-08 20:02:32.553] [odom] [warning] gyro_stat wx=-0.019 +- 0.000 [min=-0.020, max=-0.017], wy=-0.000 +- 0.001 [min=-0.004, max=0.002], wz=0.001 +- 0.000 [min=0.000, max=0.002] rad/s
[2026-07-08 20:02:34.079] [odom] [warning] IMU prediction is not good.
[2026-07-08 20:02:34.079] [odom] [warning] Possibly T_lidar_imu is not accurate or IMU bias is not well estimated.
[2026-07-08 20:02:34.079] [odom] [warning] IMU validation results:
[2026-07-08 20:02:34.079] [odom] [warning] num_validations=16896
[2026-07-08 20:02:34.079] [odom] [warning] No-IMU errors rot=0.219 +- 0.258 deg, trans=0.029 +- 0.024 m, vel=0.029 +- 0.032 m/s
[2026-07-08 20:02:34.079] [odom] [warning] IMU errors rot=0.071 +- 0.058 deg, trans=0.033 +- 0.018 m, vel=0.097 +- 0.050 m/s
[2026-07-08 20:02:34.079] [odom] [warning] IMU better ratios rot=0.86, trans=0.04, vel=0.09
[2026-07-08 20:02:34.466] [odom] [warning] IMU bias estimation seems inaccurate.
[2026-07-08 20:02:34.466] [odom] [warning] Possibly T_lidar_imu is not accurate or LiDAR-IMU synchronization is not correct.
[2026-07-08 20:02:34.466] [odom] [warning] IMU bias validation results:
[2026-07-08 20:02:34.466] [odom] [warning] num_bias_validations=17472
[2026-07-08 20:02:34.466] [odom] [warning] bias_acc=[0.299, -0.743, 0.064] m/s^2, bias_gyro=[-0.020, 0.001, 0.001] rad/s
[2026-07-08 20:02:34.466] [odom] [warning] acc_stat ax=0.359 +- 0.277 [min=-0.214, max=0.986], ay=-0.793 +- 0.381 [min=-1.421, max=0.031], az=0.066 +- 0.033 [min=0.008, max=0.119] m/s^2
[2026-07-08 20:02:34.466] [odom] [warning] gyro_stat wx=-0.019 +- 0.000 [min=-0.020, max=-0.017], wy=-0.000 +- 0.001 [min=-0.004, max=0.002], wz=0.001 +- 0.000 [min=0.000, max=0.002] rad/s
[2026-07-08 20:02:36.400] [odom] [warning] IMU prediction is not good.
[2026-07-08 20:02:36.400] [odom] [warning] Possibly T_lidar_imu is not accurate or IMU bias is not well estimated.
[2026-07-08 20:02:36.400] [odom] [warning] IMU validation results:
[2026-07-08 20:02:36.400] [odom] [warning] num_validations=16960
[2026-07-08 20:02:36.400] [odom] [warning] No-IMU errors rot=0.219 +- 0.258 deg, trans=0.029 +- 0.024 m, vel=0.029 +- 0.032 m/s
[2026-07-08 20:02:36.400] [odom] [warning] IMU errors rot=0.071 +- 0.058 deg, trans=0.033 +- 0.018 m, vel=0.096 +- 0.050 m/s
[2026-07-08 20:02:36.400] [odom] [warning] IMU better ratios rot=0.86, trans=0.04, vel=0.09
[2026-07-08 20:02:36.490] [odom] [warning] IMU bias estimation seems inaccurate.
[2026-07-08 20:02:36.490] [odom] [warning] Possibly T_lidar_imu is not accurate or LiDAR-IMU synchronization is not correct.
[2026-07-08 20:02:36.490] [odom] [warning] IMU bias validation results:
[2026-07-08 20:02:36.490] [odom] [warning] num_bias_validations=17536
[2026-07-08 20:02:36.490] [odom] [warning] bias_acc=[0.289, -0.741, 0.064] m/s^2, bias_gyro=[-0.020, 0.002, 0.001] rad/s
[2026-07-08 20:02:36.490] [odom] [warning] acc_stat ax=0.359 +- 0.276 [min=-0.214, max=0.986], ay=-0.793 +- 0.380 [min=-1.421, max=0.031], az=0.066 +- 0.032 [min=0.008, max=0.119] m/s^2
[2026-07-08 20:02:36.490] [odom] [warning] gyro_stat wx=-0.019 +- 0.000 [min=-0.020, max=-0.017], wy=-0.000 +- 0.001 [min=-0.004, max=0.002], wz=0.001 +- 0.000 [min=0.000, max=0.002] rad/s
[2026-07-08 20:02:36.658] [glim] [info] playback speed: 3.489x
[2026-07-08 20:02:37.733] [odom] [warning] IMU prediction is not good.
[2026-07-08 20:02:37.733] [odom] [warning] Possibly T_lidar_imu is not accurate or IMU bias is not well estimated.
[2026-07-08 20:02:37.733] [odom] [warning] IMU validation results:
[2026-07-08 20:02:37.733] [odom] [warning] num_validations=17024
[2026-07-08 20:02:37.733] [odom] [warning] No-IMU errors rot=0.219 +- 0.257 deg, trans=0.029 +- 0.024 m, vel=0.029 +- 0.032 m/s
[2026-07-08 20:02:37.733] [odom] [warning] IMU errors rot=0.071 +- 0.058 deg, trans=0.033 +- 0.018 m, vel=0.096 +- 0.050 m/s
[2026-07-08 20:02:37.733] [odom] [warning] IMU better ratios rot=0.86, trans=0.04, vel=0.09
[2026-07-08 20:02:38.271] [odom] [warning] IMU bias estimation seems inaccurate.
[2026-07-08 20:02:38.271] [odom] [warning] Possibly T_lidar_imu is not accurate or LiDAR-IMU synchronization is not correct.
[2026-07-08 20:02:38.271] [odom] [warning] IMU bias validation results:
[2026-07-08 20:02:38.271] [odom] [warning] num_bias_validations=17600
[2026-07-08 20:02:38.271] [odom] [warning] bias_acc=[0.276, -0.738, 0.065] m/s^2, bias_gyro=[-0.020, 0.001, 0.001] rad/s
[2026-07-08 20:02:38.271] [odom] [warning] acc_stat ax=0.358 +- 0.276 [min=-0.214, max=0.986], ay=-0.793 +- 0.380 [min=-1.421, max=0.031], az=0.066 +- 0.032 [min=0.008, max=0.119] m/s^2
[2026-07-08 20:02:38.271] [odom] [warning] gyro_stat wx=-0.019 +- 0.000 [min=-0.020, max=-0.017], wy=-0.000 +- 0.001 [min=-0.004, max=0.002], wz=0.001 +- 0.000 [min=0.000, max=0.002] rad/s
[2026-07-08 20:02:39.552] [odom] [warning] IMU prediction is not good.
[2026-07-08 20:02:39.552] [odom] [warning] Possibly T_lidar_imu is not accurate or IMU bias is not well estimated.
[2026-07-08 20:02:39.552] [odom] [warning] IMU validation results:
[2026-07-08 20:02:39.552] [odom] [warning] num_validations=17088
[2026-07-08 20:02:39.552] [odom] [warning] No-IMU errors rot=0.219 +- 0.257 deg, trans=0.028 +- 0.024 m, vel=0.029 +- 0.032 m/s
[2026-07-08 20:02:39.552] [odom] [warning] IMU errors rot=0.071 +- 0.058 deg, trans=0.033 +- 0.018 m, vel=0.096 +- 0.050 m/s
[2026-07-08 20:02:39.552] [odom] [warning] IMU better ratios rot=0.86, trans=0.04, vel=0.09
[2026-07-08 20:02:39.629] [odom] [warning] IMU bias estimation seems inaccurate.
[2026-07-08 20:02:39.629] [odom] [warning] Possibly T_lidar_imu is not accurate or LiDAR-IMU synchronization is not correct.
[2026-07-08 20:02:39.629] [odom] [warning] IMU bias validation results:
[2026-07-08 20:02:39.629] [odom] [warning] num_bias_validations=17664
[2026-07-08 20:02:39.629] [odom] [warning] bias_acc=[0.263, -0.735, 0.067] m/s^2, bias_gyro=[-0.020, 0.001, 0.001] rad/s
[2026-07-08 20:02:39.629] [odom] [warning] acc_stat ax=0.358 +- 0.275 [min=-0.214, max=0.986], ay=-0.793 +- 0.379 [min=-1.421, max=0.031], az=0.066 +- 0.032 [min=0.008, max=0.119] m/s^2
[2026-07-08 20:02:39.629] [odom] [warning] gyro_stat wx=-0.019 +- 0.000 [min=-0.020, max=-0.017], wy=-0.000 +- 0.001 [min=-0.004, max=0.002], wz=0.001 +- 0.000 [min=0.000, max=0.002] rad/s
[2026-07-08 20:02:41.658] [glim] [info] playback speed: 3.408x
[2026-07-08 20:02:41.772] [odom] [warning] IMU prediction is not good.
[2026-07-08 20:02:41.772] [odom] [warning] Possibly T_lidar_imu is not accurate or IMU bias is not well estimated.
[2026-07-08 20:02:41.772] [odom] [warning] IMU validation results:
[2026-07-08 20:02:41.772] [odom] [warning] num_validations=17152
[2026-07-08 20:02:41.772] [odom] [warning] No-IMU errors rot=0.218 +- 0.257 deg, trans=0.028 +- 0.024 m, vel=0.029 +- 0.032 m/s
[2026-07-08 20:02:41.772] [odom] [warning] IMU errors rot=0.071 +- 0.058 deg, trans=0.033 +- 0.018 m, vel=0.096 +- 0.050 m/s
[2026-07-08 20:02:41.772] [odom] [warning] IMU better ratios rot=0.86, trans=0.04, vel=0.09
[2026-07-08 20:02:42.251] [odom] [warning] IMU bias estimation seems inaccurate.
[2026-07-08 20:02:42.251] [odom] [warning] Possibly T_lidar_imu is not accurate or LiDAR-IMU synchronization is not correct.
[2026-07-08 20:02:42.251] [odom] [warning] IMU bias validation results:
[2026-07-08 20:02:42.251] [odom] [warning] num_bias_validations=17728
[2026-07-08 20:02:42.251] [odom] [warning] bias_acc=[0.250, -0.731, 0.068] m/s^2, bias_gyro=[-0.020, 0.001, 0.001] rad/s
[2026-07-08 20:02:42.251] [odom] [warning] acc_stat ax=0.358 +- 0.275 [min=-0.214, max=0.986], ay=-0.792 +- 0.378 [min=-1.421, max=0.031], az=0.066 +- 0.032 [min=0.008, max=0.119] m/s^2
[2026-07-08 20:02:42.251] [odom] [warning] gyro_stat wx=-0.019 +- 0.000 [min=-0.020, max=-0.017], wy=-0.000 +- 0.001 [min=-0.004, max=0.002], wz=0.001 +- 0.000 [min=0.000, max=0.002] rad/s
[2026-07-08 20:02:44.977] [odom] [warning] IMU prediction is not good.
[2026-07-08 20:02:44.977] [odom] [warning] Possibly T_lidar_imu is not accurate or IMU bias is not well estimated.
[2026-07-08 20:02:44.977] [odom] [warning] IMU validation results:
[2026-07-08 20:02:44.977] [odom] [warning] num_validations=17216
[2026-07-08 20:02:44.977] [odom] [warning] No-IMU errors rot=0.217 +- 0.257 deg, trans=0.028 +- 0.024 m, vel=0.029 +- 0.032 m/s
[2026-07-08 20:02:44.977] [odom] [warning] IMU errors rot=0.071 +- 0.058 deg, trans=0.033 +- 0.018 m, vel=0.096 +- 0.050 m/s
[2026-07-08 20:02:44.977] [odom] [warning] IMU better ratios rot=0.86, trans=0.04, vel=0.09
[2026-07-08 20:02:45.271] [odom] [warning] IMU bias estimation seems inaccurate.
[2026-07-08 20:02:45.271] [odom] [warning] Possibly T_lidar_imu is not accurate or LiDAR-IMU synchronization is not correct.
[2026-07-08 20:02:45.271] [odom] [warning] IMU bias validation results:
[2026-07-08 20:02:45.271] [odom] [warning] num_bias_validations=17792
[2026-07-08 20:02:45.271] [odom] [warning] bias_acc=[0.238, -0.728, 0.069] m/s^2, bias_gyro=[-0.020, 0.001, 0.001] rad/s
[2026-07-08 20:02:45.271] [odom] [warning] acc_stat ax=0.357 +- 0.274 [min=-0.214, max=0.986], ay=-0.792 +- 0.378 [min=-1.421, max=0.031], az=0.066 +- 0.032 [min=0.008, max=0.119] m/s^2
[2026-07-08 20:02:45.271] [odom] [warning] gyro_stat wx=-0.019 +- 0.000 [min=-0.020, max=-0.017], wy=-0.000 +- 0.001 [min=-0.004, max=0.002], wz=0.001 +- 0.000 [min=0.000, max=0.002] rad/s
[2026-07-08 20:02:46.662] [glim] [info] playback speed: 2.149x
[2026-07-08 20:02:48.085] [odom] [warning] IMU prediction is not good.
[2026-07-08 20:02:48.085] [odom] [warning] Possibly T_lidar_imu is not accurate or IMU bias is not well estimated.
[2026-07-08 20:02:48.085] [odom] [warning] IMU validation results:
[2026-07-08 20:02:48.085] [odom] [warning] num_validations=17280
[2026-07-08 20:02:48.085] [odom] [warning] No-IMU errors rot=0.217 +- 0.256 deg, trans=0.028 +- 0.024 m, vel=0.029 +- 0.032 m/s
[2026-07-08 20:02:48.085] [odom] [warning] IMU errors rot=0.071 +- 0.058 deg, trans=0.033 +- 0.018 m, vel=0.096 +- 0.050 m/s
[2026-07-08 20:02:48.085] [odom] [warning] IMU better ratios rot=0.86, trans=0.04, vel=0.09
[2026-07-08 20:02:48.389] [odom] [warning] IMU bias estimation seems inaccurate.
[2026-07-08 20:02:48.389] [odom] [warning] Possibly T_lidar_imu is not accurate or LiDAR-IMU synchronization is not correct.
[2026-07-08 20:02:48.389] [odom] [warning] IMU bias validation results:
[2026-07-08 20:02:48.389] [odom] [warning] num_bias_validations=17856
[2026-07-08 20:02:48.389] [odom] [warning] bias_acc=[0.226, -0.724, 0.070] m/s^2, bias_gyro=[-0.020, 0.001, 0.001] rad/s
[2026-07-08 20:02:48.389] [odom] [warning] acc_stat ax=0.357 +- 0.274 [min=-0.214, max=0.986], ay=-0.792 +- 0.377 [min=-1.421, max=0.031], az=0.066 +- 0.032 [min=0.008, max=0.119] m/s^2
[2026-07-08 20:02:48.389] [odom] [warning] gyro_stat wx=-0.019 +- 0.000 [min=-0.020, max=-0.017], wy=-0.000 +- 0.001 [min=-0.004, max=0.002], wz=0.001 +- 0.000 [min=0.000, max=0.002] rad/s
[2026-07-08 20:02:51.213] [odom] [warning] IMU prediction is not good.
[2026-07-08 20:02:51.213] [odom] [warning] Possibly T_lidar_imu is not accurate or IMU bias is not well estimated.
[2026-07-08 20:02:51.213] [odom] [warning] IMU validation results:
[2026-07-08 20:02:51.213] [odom] [warning] num_validations=17344
[2026-07-08 20:02:51.213] [odom] [warning] No-IMU errors rot=0.217 +- 0.256 deg, trans=0.028 +- 0.024 m, vel=0.029 +- 0.032 m/s
[2026-07-08 20:02:51.213] [odom] [warning] IMU errors rot=0.071 +- 0.058 deg, trans=0.032 +- 0.018 m, vel=0.095 +- 0.050 m/s
[2026-07-08 20:02:51.213] [odom] [warning] IMU better ratios rot=0.85, trans=0.04, vel=0.09
[2026-07-08 20:02:51.459] [odom] [warning] IMU bias estimation seems inaccurate.
[2026-07-08 20:02:51.459] [odom] [warning] Possibly T_lidar_imu is not accurate or LiDAR-IMU synchronization is not correct.
[2026-07-08 20:02:51.459] [odom] [warning] IMU bias validation results:
[2026-07-08 20:02:51.459] [odom] [warning] num_bias_validations=17920
[2026-07-08 20:02:51.459] [odom] [warning] bias_acc=[0.214, -0.720, 0.070] m/s^2, bias_gyro=[-0.020, 0.001, 0.001] rad/s
[2026-07-08 20:02:51.459] [odom] [warning] acc_stat ax=0.356 +- 0.274 [min=-0.214, max=0.986], ay=-0.792 +- 0.376 [min=-1.421, max=0.031], az=0.066 +- 0.032 [min=0.008, max=0.119] m/s^2
[2026-07-08 20:02:51.459] [odom] [warning] gyro_stat wx=-0.019 +- 0.000 [min=-0.020, max=-0.017], wy=-0.000 +- 0.001 [min=-0.004, max=0.002], wz=0.001 +- 0.000 [min=0.000, max=0.002] rad/s
[2026-07-08 20:02:51.669] [glim] [info] playback speed: 2.391x
[2026-07-08 20:02:52.326] [odom] [warning] IMU prediction is not good.
[2026-07-08 20:02:52.326] [odom] [warning] Possibly T_lidar_imu is not accurate or IMU bias is not well estimated.
[2026-07-08 20:02:52.326] [odom] [warning] IMU validation results:
[2026-07-08 20:02:52.326] [odom] [warning] num_validations=17408
[2026-07-08 20:02:52.326] [odom] [warning] No-IMU errors rot=0.217 +- 0.256 deg, trans=0.028 +- 0.024 m, vel=0.029 +- 0.032 m/s
[2026-07-08 20:02:52.326] [odom] [warning] IMU errors rot=0.071 +- 0.059 deg, trans=0.032 +- 0.018 m, vel=0.095 +- 0.050 m/s
[2026-07-08 20:02:52.326] [odom] [warning] IMU better ratios rot=0.85, trans=0.04, vel=0.09
[2026-07-08 20:02:52.614] [odom] [warning] IMU bias estimation seems inaccurate.
[2026-07-08 20:02:52.614] [odom] [warning] Possibly T_lidar_imu is not accurate or LiDAR-IMU synchronization is not correct.
[2026-07-08 20:02:52.614] [odom] [warning] IMU bias validation results:
[2026-07-08 20:02:52.614] [odom] [warning] num_bias_validations=17984
[2026-07-08 20:02:52.614] [odom] [warning] bias_acc=[0.202, -0.717, 0.071] m/s^2, bias_gyro=[-0.020, 0.001, 0.001] rad/s
[2026-07-08 20:02:52.614] [odom] [warning] acc_stat ax=0.356 +- 0.273 [min=-0.214, max=0.986], ay=-0.791 +- 0.376 [min=-1.421, max=0.031], az=0.066 +- 0.032 [min=0.008, max=0.119] m/s^2
[2026-07-08 20:02:52.614] [odom] [warning] gyro_stat wx=-0.019 +- 0.000 [min=-0.020, max=-0.017], wy=-0.000 +- 0.001 [min=-0.004, max=0.002], wz=0.001 +- 0.000 [min=0.000, max=0.002] rad/s
[2026-07-08 20:02:54.350] [odom] [warning] IMU prediction is not good.
[2026-07-08 20:02:54.350] [odom] [warning] Possibly T_lidar_imu is not accurate or IMU bias is not well estimated.
[2026-07-08 20:02:54.350] [odom] [warning] IMU validation results:
[2026-07-08 20:02:54.350] [odom] [warning] num_validations=17472
[2026-07-08 20:02:54.350] [odom] [warning] No-IMU errors rot=0.217 +- 0.256 deg, trans=0.028 +- 0.024 m, vel=0.029 +- 0.032 m/s
[2026-07-08 20:02:54.350] [odom] [warning] IMU errors rot=0.071 +- 0.059 deg, trans=0.032 +- 0.018 m, vel=0.095 +- 0.050 m/s
[2026-07-08 20:02:54.350] [odom] [warning] IMU better ratios rot=0.85, trans=0.04, vel=0.09
[2026-07-08 20:02:54.435] [odom] [warning] IMU bias estimation seems inaccurate.
[2026-07-08 20:02:54.435] [odom] [warning] Possibly T_lidar_imu is not accurate or LiDAR-IMU synchronization is not correct.
[2026-07-08 20:02:54.435] [odom] [warning] IMU bias validation results:
[2026-07-08 20:02:54.435] [odom] [warning] num_bias_validations=18048
[2026-07-08 20:02:54.435] [odom] [warning] bias_acc=[0.188, -0.712, 0.073] m/s^2, bias_gyro=[-0.020, 0.001, 0.001] rad/s
[2026-07-08 20:02:54.435] [odom] [warning] acc_stat ax=0.355 +- 0.273 [min=-0.214, max=0.986], ay=-0.791 +- 0.375 [min=-1.421, max=0.031], az=0.066 +- 0.032 [min=0.008, max=0.119] m/s^2
[2026-07-08 20:02:54.435] [odom] [warning] gyro_stat wx=-0.019 +- 0.000 [min=-0.020, max=-0.017], wy=-0.000 +- 0.001 [min=-0.004, max=0.002], wz=0.001 +- 0.000 [min=0.000, max=0.002] rad/s
[2026-07-08 20:02:56.249] [odom] [warning] IMU prediction is not good.
[2026-07-08 20:02:56.249] [odom] [warning] Possibly T_lidar_imu is not accurate or IMU bias is not well estimated.
[2026-07-08 20:02:56.249] [odom] [warning] IMU validation results:
[2026-07-08 20:02:56.249] [odom] [warning] num_validations=17536
[2026-07-08 20:02:56.249] [odom] [warning] No-IMU errors rot=0.217 +- 0.255 deg, trans=0.028 +- 0.024 m, vel=0.029 +- 0.032 m/s
[2026-07-08 20:02:56.249] [odom] [warning] IMU errors rot=0.072 +- 0.059 deg, trans=0.032 +- 0.018 m, vel=0.095 +- 0.050 m/s
[2026-07-08 20:02:56.249] [odom] [warning] IMU better ratios rot=0.85, trans=0.04, vel=0.09
[2026-07-08 20:02:56.309] [odom] [warning] IMU bias estimation seems inaccurate.
[2026-07-08 20:02:56.309] [odom] [warning] Possibly T_lidar_imu is not accurate or LiDAR-IMU synchronization is not correct.
[2026-07-08 20:02:56.309] [odom] [warning] IMU bias validation results:
[2026-07-08 20:02:56.309] [odom] [warning] num_bias_validations=18112
[2026-07-08 20:02:56.309] [odom] [warning] bias_acc=[0.175, -0.705, 0.074] m/s^2, bias_gyro=[-0.019, 0.001, 0.001] rad/s
[2026-07-08 20:02:56.309] [odom] [warning] acc_stat ax=0.354 +- 0.273 [min=-0.214, max=0.986], ay=-0.791 +- 0.374 [min=-1.421, max=0.031], az=0.066 +- 0.032 [min=0.008, max=0.119] m/s^2
[2026-07-08 20:02:56.309] [odom] [warning] gyro_stat wx=-0.019 +- 0.000 [min=-0.020, max=-0.017], wy=-0.000 +- 0.001 [min=-0.004, max=0.002], wz=0.001 +- 0.000 [min=0.000, max=0.002] rad/s
[2026-07-08 20:02:56.684] [glim] [info] playback speed: 3.661x
[2026-07-08 20:02:58.437] [odom] [warning] IMU prediction is not good.
[2026-07-08 20:02:58.437] [odom] [warning] Possibly T_lidar_imu is not accurate or IMU bias is not well estimated.
[2026-07-08 20:02:58.437] [odom] [warning] IMU validation results:
[2026-07-08 20:02:58.437] [odom] [warning] num_validations=17600
[2026-07-08 20:02:58.437] [odom] [warning] No-IMU errors rot=0.218 +- 0.256 deg, trans=0.028 +- 0.024 m, vel=0.029 +- 0.032 m/s
[2026-07-08 20:02:58.437] [odom] [warning] IMU errors rot=0.072 +- 0.059 deg, trans=0.032 +- 0.018 m, vel=0.095 +- 0.050 m/s
[2026-07-08 20:02:58.437] [odom] [warning] IMU better ratios rot=0.85, trans=0.04, vel=0.09
[2026-07-08 20:02:58.760] [odom] [warning] IMU bias estimation seems inaccurate.
[2026-07-08 20:02:58.760] [odom] [warning] Possibly T_lidar_imu is not accurate or LiDAR-IMU synchronization is not correct.
[2026-07-08 20:02:58.760] [odom] [warning] IMU bias validation results:
[2026-07-08 20:02:58.760] [odom] [warning] num_bias_validations=18176
[2026-07-08 20:02:58.760] [odom] [warning] bias_acc=[0.160, -0.694, 0.076] m/s^2, bias_gyro=[-0.020, 0.001, 0.001] rad/s
[2026-07-08 20:02:58.760] [odom] [warning] acc_stat ax=0.354 +- 0.273 [min=-0.214, max=0.986], ay=-0.790 +- 0.374 [min=-1.421, max=0.031], az=0.066 +- 0.032 [min=0.008, max=0.119] m/s^2
[2026-07-08 20:02:58.760] [odom] [warning] gyro_stat wx=-0.019 +- 0.000 [min=-0.020, max=-0.017], wy=-0.000 +- 0.001 [min=-0.004, max=0.002], wz=0.001 +- 0.000 [min=0.000, max=0.002] rad/s
[2026-07-08 20:03:01.222] [odom] [warning] IMU prediction is not good.
[2026-07-08 20:03:01.222] [odom] [warning] Possibly T_lidar_imu is not accurate or IMU bias is not well estimated.
[2026-07-08 20:03:01.222] [odom] [warning] IMU validation results:
[2026-07-08 20:03:01.222] [odom] [warning] num_validations=17664
[2026-07-08 20:03:01.222] [odom] [warning] No-IMU errors rot=0.223 +- 0.275 deg, trans=0.028 +- 0.024 m, vel=0.029 +- 0.032 m/s
[2026-07-08 20:03:01.222] [odom] [warning] IMU errors rot=0.072 +- 0.060 deg, trans=0.032 +- 0.018 m, vel=0.095 +- 0.050 m/s
[2026-07-08 20:03:01.222] [odom] [warning] IMU better ratios rot=0.85, trans=0.04, vel=0.09
[2026-07-08 20:03:01.497] [odom] [warning] IMU bias estimation seems inaccurate.
[2026-07-08 20:03:01.497] [odom] [warning] Possibly T_lidar_imu is not accurate or LiDAR-IMU synchronization is not correct.
[2026-07-08 20:03:01.497] [odom] [warning] IMU bias validation results:
[2026-07-08 20:03:01.497] [odom] [warning] num_bias_validations=18240
[2026-07-08 20:03:01.497] [odom] [warning] bias_acc=[0.164, -0.686, 0.077] m/s^2, bias_gyro=[-0.020, -0.004, 0.001] rad/s
[2026-07-08 20:03:01.497] [odom] [warning] acc_stat ax=0.353 +- 0.272 [min=-0.214, max=0.986], ay=-0.790 +- 0.373 [min=-1.421, max=0.031], az=0.066 +- 0.032 [min=0.008, max=0.119] m/s^2
[2026-07-08 20:03:01.497] [odom] [warning] gyro_stat wx=-0.019 +- 0.000 [min=-0.020, max=-0.017], wy=-0.000 +- 0.001 [min=-0.004, max=0.002], wz=0.001 +- 0.000 [min=0.000, max=0.002] rad/s
[2026-07-08 20:03:01.689] [glim] [info] playback speed: 2.676x
[2026-07-08 20:03:02.544] [odom] [warning] IMU prediction is not good.
[2026-07-08 20:03:02.544] [odom] [warning] Possibly T_lidar_imu is not accurate or IMU bias is not well estimated.
[2026-07-08 20:03:02.544] [odom] [warning] IMU validation results:
[2026-07-08 20:03:02.544] [odom] [warning] num_validations=17728
[2026-07-08 20:03:02.544] [odom] [warning] No-IMU errors rot=0.222 +- 0.274 deg, trans=0.028 +- 0.024 m, vel=0.029 +- 0.032 m/s
[2026-07-08 20:03:02.544] [odom] [warning] IMU errors rot=0.072 +- 0.060 deg, trans=0.032 +- 0.018 m, vel=0.095 +- 0.050 m/s
[2026-07-08 20:03:02.544] [odom] [warning] IMU better ratios rot=0.85, trans=0.04, vel=0.09
[2026-07-08 20:03:02.804] [odom] [warning] IMU bias estimation seems inaccurate.
[2026-07-08 20:03:02.804] [odom] [warning] Possibly T_lidar_imu is not accurate or LiDAR-IMU synchronization is not correct.
[2026-07-08 20:03:02.804] [odom] [warning] IMU bias validation results:
[2026-07-08 20:03:02.804] [odom] [warning] num_bias_validations=18304
[2026-07-08 20:03:02.804] [odom] [warning] bias_acc=[0.186, -0.683, 0.075] m/s^2, bias_gyro=[-0.019, -0.003, 0.001] rad/s
[2026-07-08 20:03:02.804] [odom] [warning] acc_stat ax=0.352 +- 0.272 [min=-0.214, max=0.986], ay=-0.790 +- 0.373 [min=-1.421, max=0.031], az=0.066 +- 0.032 [min=0.008, max=0.119] m/s^2
[2026-07-08 20:03:02.804] [odom] [warning] gyro_stat wx=-0.019 +- 0.000 [min=-0.020, max=-0.017], wy=-0.000 +- 0.001 [min=-0.004, max=0.002], wz=0.001 +- 0.000 [min=0.000, max=0.002] rad/s
[2026-07-08 20:03:04.533] [odom] [warning] IMU prediction is not good.
[2026-07-08 20:03:04.533] [odom] [warning] Possibly T_lidar_imu is not accurate or IMU bias is not well estimated.
[2026-07-08 20:03:04.533] [odom] [warning] IMU validation results:
[2026-07-08 20:03:04.533] [odom] [warning] num_validations=17792
[2026-07-08 20:03:04.533] [odom] [warning] No-IMU errors rot=0.222 +- 0.274 deg, trans=0.028 +- 0.024 m, vel=0.029 +- 0.032 m/s
[2026-07-08 20:03:04.533] [odom] [warning] IMU errors rot=0.072 +- 0.060 deg, trans=0.032 +- 0.018 m, vel=0.095 +- 0.050 m/s
[2026-07-08 20:03:04.533] [odom] [warning] IMU better ratios rot=0.85, trans=0.04, vel=0.09
[2026-07-08 20:03:04.784] [odom] [warning] IMU bias estimation seems inaccurate.
[2026-07-08 20:03:04.784] [odom] [warning] Possibly T_lidar_imu is not accurate or LiDAR-IMU synchronization is not correct.
[2026-07-08 20:03:04.784] [odom] [warning] IMU bias validation results:
[2026-07-08 20:03:04.784] [odom] [warning] num_bias_validations=18368
[2026-07-08 20:03:04.784] [odom] [warning] bias_acc=[0.207, -0.680, 0.073] m/s^2, bias_gyro=[-0.020, -0.002, 0.001] rad/s
[2026-07-08 20:03:04.784] [odom] [warning] acc_stat ax=0.352 +- 0.272 [min=-0.214, max=0.986], ay=-0.789 +- 0.372 [min=-1.421, max=0.031], az=0.066 +- 0.032 [min=0.008, max=0.119] m/s^2
[2026-07-08 20:03:04.784] [odom] [warning] gyro_stat wx=-0.019 +- 0.000 [min=-0.020, max=-0.017], wy=-0.000 +- 0.001 [min=-0.004, max=0.002], wz=0.001 +- 0.000 [min=0.000, max=0.002] rad/s
[2026-07-08 20:03:06.520] [odom] [warning] IMU prediction is not good.
[2026-07-08 20:03:06.520] [odom] [warning] Possibly T_lidar_imu is not accurate or IMU bias is not well estimated.
[2026-07-08 20:03:06.520] [odom] [warning] IMU validation results:
[2026-07-08 20:03:06.520] [odom] [warning] num_validations=17856
[2026-07-08 20:03:06.520] [odom] [warning] No-IMU errors rot=0.222 +- 0.274 deg, trans=0.028 +- 0.024 m, vel=0.029 +- 0.032 m/s
[2026-07-08 20:03:06.520] [odom] [warning] IMU errors rot=0.072 +- 0.060 deg, trans=0.032 +- 0.018 m, vel=0.095 +- 0.050 m/s
[2026-07-08 20:03:06.520] [odom] [warning] IMU better ratios rot=0.85, trans=0.04, vel=0.09
[2026-07-08 20:03:06.697] [odom] [warning] IMU bias estimation seems inaccurate.
[2026-07-08 20:03:06.697] [odom] [warning] Possibly T_lidar_imu is not accurate or LiDAR-IMU synchronization is not correct.
[2026-07-08 20:03:06.697] [odom] [warning] IMU bias validation results:
[2026-07-08 20:03:06.697] [odom] [warning] num_bias_validations=18432
[2026-07-08 20:03:06.697] [odom] [warning] bias_acc=[0.225, -0.683, 0.071] m/s^2, bias_gyro=[-0.020, -0.002, 0.001] rad/s
[2026-07-08 20:03:06.697] [odom] [warning] acc_stat ax=0.351 +- 0.271 [min=-0.214, max=0.986], ay=-0.789 +- 0.371 [min=-1.421, max=0.031], az=0.066 +- 0.032 [min=0.008, max=0.119] m/s^2
[2026-07-08 20:03:06.697] [odom] [warning] gyro_stat wx=-0.019 +- 0.000 [min=-0.020, max=-0.017], wy=-0.000 +- 0.001 [min=-0.004, max=0.002], wz=0.001 +- 0.000 [min=0.000, max=0.002] rad/s
[2026-07-08 20:03:06.708] [glim] [info] playback speed: 3.557x
[2026-07-08 20:03:09.065] [odom] [warning] IMU prediction is not good.
[2026-07-08 20:03:09.065] [odom] [warning] Possibly T_lidar_imu is not accurate or IMU bias is not well estimated.
[2026-07-08 20:03:09.065] [odom] [warning] IMU validation results:
[2026-07-08 20:03:09.065] [odom] [warning] num_validations=17920
[2026-07-08 20:03:09.065] [odom] [warning] No-IMU errors rot=0.221 +- 0.273 deg, trans=0.028 +- 0.024 m, vel=0.029 +- 0.032 m/s
[2026-07-08 20:03:09.065] [odom] [warning] IMU errors rot=0.072 +- 0.060 deg, trans=0.032 +- 0.018 m, vel=0.095 +- 0.049 m/s
[2026-07-08 20:03:09.065] [odom] [warning] IMU better ratios rot=0.85, trans=0.04, vel=0.09
[2026-07-08 20:03:09.320] [odom] [warning] IMU bias estimation seems inaccurate.
[2026-07-08 20:03:09.320] [odom] [warning] Possibly T_lidar_imu is not accurate or LiDAR-IMU synchronization is not correct.
[2026-07-08 20:03:09.320] [odom] [warning] IMU bias validation results:
[2026-07-08 20:03:09.320] [odom] [warning] num_bias_validations=18496
[2026-07-08 20:03:09.320] [odom] [warning] bias_acc=[0.241, -0.687, 0.069] m/s^2, bias_gyro=[-0.020, -0.002, 0.001] rad/s
[2026-07-08 20:03:09.320] [odom] [warning] acc_stat ax=0.351 +- 0.271 [min=-0.214, max=0.986], ay=-0.789 +- 0.371 [min=-1.421, max=0.031], az=0.066 +- 0.032 [min=0.008, max=0.119] m/s^2
[2026-07-08 20:03:09.320] [odom] [warning] gyro_stat wx=-0.019 +- 0.000 [min=-0.020, max=-0.017], wy=-0.000 +- 0.001 [min=-0.004, max=0.002], wz=0.001 +- 0.000 [min=0.000, max=0.002] rad/s
[2026-07-08 20:03:11.250] [odom] [warning] IMU prediction is not good.
[2026-07-08 20:03:11.250] [odom] [warning] Possibly T_lidar_imu is not accurate or IMU bias is not well estimated.
[2026-07-08 20:03:11.250] [odom] [warning] IMU validation results:
[2026-07-08 20:03:11.250] [odom] [warning] num_validations=17984
[2026-07-08 20:03:11.250] [odom] [warning] No-IMU errors rot=0.221 +- 0.273 deg, trans=0.028 +- 0.024 m, vel=0.029 +- 0.032 m/s
[2026-07-08 20:03:11.250] [odom] [warning] IMU errors rot=0.072 +- 0.060 deg, trans=0.032 +- 0.018 m, vel=0.095 +- 0.049 m/s
[2026-07-08 20:03:11.250] [odom] [warning] IMU better ratios rot=0.85, trans=0.04, vel=0.09
[2026-07-08 20:03:11.552] [odom] [warning] IMU bias estimation seems inaccurate.
[2026-07-08 20:03:11.552] [odom] [warning] Possibly T_lidar_imu is not accurate or LiDAR-IMU synchronization is not correct.
[2026-07-08 20:03:11.552] [odom] [warning] IMU bias validation results:
[2026-07-08 20:03:11.552] [odom] [warning] num_bias_validations=18560
[2026-07-08 20:03:11.552] [odom] [warning] bias_acc=[0.257, -0.692, 0.066] m/s^2, bias_gyro=[-0.019, -0.002, 0.001] rad/s
[2026-07-08 20:03:11.552] [odom] [warning] acc_stat ax=0.351 +- 0.270 [min=-0.214, max=0.986], ay=-0.788 +- 0.370 [min=-1.421, max=0.031], az=0.066 +- 0.032 [min=0.008, max=0.119] m/s^2
[2026-07-08 20:03:11.552] [odom] [warning] gyro_stat wx=-0.019 +- 0.000 [min=-0.020, max=-0.017], wy=-0.000 +- 0.001 [min=-0.004, max=0.002], wz=0.001 +- 0.000 [min=0.000, max=0.002] rad/s
[2026-07-08 20:03:11.726] [glim] [info] playback speed: 2.709x
[2026-07-08 20:03:13.529] [odom] [warning] IMU prediction is not good.
[2026-07-08 20:03:13.529] [odom] [warning] Possibly T_lidar_imu is not accurate or IMU bias is not well estimated.
[2026-07-08 20:03:13.529] [odom] [warning] IMU validation results:
[2026-07-08 20:03:13.529] [odom] [warning] num_validations=18048
[2026-07-08 20:03:13.529] [odom] [warning] No-IMU errors rot=0.221 +- 0.273 deg, trans=0.028 +- 0.023 m, vel=0.029 +- 0.032 m/s
[2026-07-08 20:03:13.529] [odom] [warning] IMU errors rot=0.072 +- 0.060 deg, trans=0.032 +- 0.018 m, vel=0.095 +- 0.049 m/s
[2026-07-08 20:03:13.529] [odom] [warning] IMU better ratios rot=0.85, trans=0.04, vel=0.09
[2026-07-08 20:03:13.599] [odom] [warning] IMU bias estimation seems inaccurate.
[2026-07-08 20:03:13.599] [odom] [warning] Possibly T_lidar_imu is not accurate or LiDAR-IMU synchronization is not correct.
[2026-07-08 20:03:13.599] [odom] [warning] IMU bias validation results:
[2026-07-08 20:03:13.599] [odom] [warning] num_bias_validations=18624
[2026-07-08 20:03:13.599] [odom] [warning] bias_acc=[0.276, -0.689, 0.064] m/s^2, bias_gyro=[-0.020, -0.001, 0.001] rad/s
[2026-07-08 20:03:13.599] [odom] [warning] acc_stat ax=0.351 +- 0.270 [min=-0.214, max=0.986], ay=-0.788 +- 0.370 [min=-1.421, max=0.031], az=0.066 +- 0.032 [min=0.008, max=0.119] m/s^2
[2026-07-08 20:03:13.599] [odom] [warning] gyro_stat wx=-0.019 +- 0.000 [min=-0.020, max=-0.017], wy=-0.000 +- 0.001 [min=-0.004, max=0.002], wz=0.001 +- 0.000 [min=0.000, max=0.002] rad/s
[2026-07-08 20:03:15.401] [odom] [warning] IMU prediction is not good.
[2026-07-08 20:03:15.401] [odom] [warning] Possibly T_lidar_imu is not accurate or IMU bias is not well estimated.
[2026-07-08 20:03:15.401] [odom] [warning] IMU validation results:
[2026-07-08 20:03:15.401] [odom] [warning] num_validations=18112
[2026-07-08 20:03:15.401] [odom] [warning] No-IMU errors rot=0.221 +- 0.273 deg, trans=0.028 +- 0.023 m, vel=0.029 +- 0.032 m/s
[2026-07-08 20:03:15.401] [odom] [warning] IMU errors rot=0.072 +- 0.060 deg, trans=0.032 +- 0.018 m, vel=0.095 +- 0.049 m/s
[2026-07-08 20:03:15.401] [odom] [warning] IMU better ratios rot=0.85, trans=0.04, vel=0.09
[2026-07-08 20:03:15.621] [odom] [warning] IMU bias estimation seems inaccurate.
[2026-07-08 20:03:15.621] [odom] [warning] Possibly T_lidar_imu is not accurate or LiDAR-IMU synchronization is not correct.
[2026-07-08 20:03:15.621] [odom] [warning] IMU bias validation results:
[2026-07-08 20:03:15.621] [odom] [warning] num_bias_validations=18688
[2026-07-08 20:03:15.621] [odom] [warning] bias_acc=[0.290, -0.685, 0.062] m/s^2, bias_gyro=[-0.020, -0.000, 0.001] rad/s
[2026-07-08 20:03:15.621] [odom] [warning] acc_stat ax=0.350 +- 0.270 [min=-0.214, max=0.986], ay=-0.788 +- 0.369 [min=-1.421, max=0.031], az=0.066 +- 0.031 [min=0.008, max=0.119] m/s^2
[2026-07-08 20:03:15.621] [odom] [warning] gyro_stat wx=-0.019 +- 0.000 [min=-0.020, max=-0.017], wy=-0.000 +- 0.001 [min=-0.004, max=0.002], wz=0.001 +- 0.000 [min=0.000, max=0.002] rad/s
[2026-07-08 20:03:16.740] [glim] [info] playback speed: 3.075x
[2026-07-08 20:03:17.149] [odom] [warning] IMU prediction is not good.
[2026-07-08 20:03:17.149] [odom] [warning] Possibly T_lidar_imu is not accurate or IMU bias is not well estimated.
[2026-07-08 20:03:17.149] [odom] [warning] IMU validation results:
[2026-07-08 20:03:17.149] [odom] [warning] num_validations=18176
[2026-07-08 20:03:17.149] [odom] [warning] No-IMU errors rot=0.221 +- 0.272 deg, trans=0.028 +- 0.023 m, vel=0.029 +- 0.032 m/s
[2026-07-08 20:03:17.149] [odom] [warning] IMU errors rot=0.072 +- 0.060 deg, trans=0.032 +- 0.018 m, vel=0.094 +- 0.049 m/s
[2026-07-08 20:03:17.149] [odom] [warning] IMU better ratios rot=0.85, trans=0.04, vel=0.09
[2026-07-08 20:03:17.275] [odom] [warning] IMU bias estimation seems inaccurate.
[2026-07-08 20:03:17.275] [odom] [warning] Possibly T_lidar_imu is not accurate or LiDAR-IMU synchronization is not correct.
[2026-07-08 20:03:17.275] [odom] [warning] IMU bias validation results:
[2026-07-08 20:03:17.275] [odom] [warning] num_bias_validations=18752
[2026-07-08 20:03:17.275] [odom] [warning] bias_acc=[0.304, -0.682, 0.060] m/s^2, bias_gyro=[-0.020, -0.000, 0.001] rad/s
[2026-07-08 20:03:17.275] [odom] [warning] acc_stat ax=0.350 +- 0.269 [min=-0.214, max=0.986], ay=-0.787 +- 0.368 [min=-1.421, max=0.031], az=0.066 +- 0.031 [min=0.008, max=0.119] m/s^2
[2026-07-08 20:03:17.275] [odom] [warning] gyro_stat wx=-0.019 +- 0.000 [min=-0.020, max=-0.017], wy=-0.000 +- 0.001 [min=-0.004, max=0.002], wz=0.001 +- 0.000 [min=0.000, max=0.002] rad/s
[2026-07-08 20:03:19.187] [odom] [warning] IMU prediction is not good.
[2026-07-08 20:03:19.187] [odom] [warning] Possibly T_lidar_imu is not accurate or IMU bias is not well estimated.
[2026-07-08 20:03:19.187] [odom] [warning] IMU validation results:
[2026-07-08 20:03:19.187] [odom] [warning] num_validations=18240
[2026-07-08 20:03:19.187] [odom] [warning] No-IMU errors rot=0.221 +- 0.272 deg, trans=0.028 +- 0.023 m, vel=0.029 +- 0.032 m/s
[2026-07-08 20:03:19.187] [odom] [warning] IMU errors rot=0.072 +- 0.060 deg, trans=0.032 +- 0.018 m, vel=0.094 +- 0.049 m/s
[2026-07-08 20:03:19.187] [odom] [warning] IMU better ratios rot=0.85, trans=0.04, vel=0.09
[2026-07-08 20:03:19.303] [odom] [warning] IMU bias estimation seems inaccurate.
[2026-07-08 20:03:19.303] [odom] [warning] Possibly T_lidar_imu is not accurate or LiDAR-IMU synchronization is not correct.
[2026-07-08 20:03:19.303] [odom] [warning] IMU bias validation results:
[2026-07-08 20:03:19.303] [odom] [warning] num_bias_validations=18816
[2026-07-08 20:03:19.303] [odom] [warning] bias_acc=[0.317, -0.678, 0.059] m/s^2, bias_gyro=[-0.020, -0.000, 0.001] rad/s
[2026-07-08 20:03:19.303] [odom] [warning] acc_stat ax=0.350 +- 0.269 [min=-0.214, max=0.986], ay=-0.787 +- 0.368 [min=-1.421, max=0.031], az=0.066 +- 0.031 [min=0.008, max=0.119] m/s^2
[2026-07-08 20:03:19.303] [odom] [warning] gyro_stat wx=-0.019 +- 0.000 [min=-0.020, max=-0.017], wy=-0.000 +- 0.001 [min=-0.004, max=0.002], wz=0.001 +- 0.000 [min=0.000, max=0.002] rad/s
[2026-07-08 20:03:21.271] [odom] [warning] IMU prediction is not good.
[2026-07-08 20:03:21.271] [odom] [warning] Possibly T_lidar_imu is not accurate or IMU bias is not well estimated.
[2026-07-08 20:03:21.271] [odom] [warning] IMU validation results:
[2026-07-08 20:03:21.271] [odom] [warning] num_validations=18304
[2026-07-08 20:03:21.271] [odom] [warning] No-IMU errors rot=0.221 +- 0.272 deg, trans=0.028 +- 0.023 m, vel=0.029 +- 0.031 m/s
[2026-07-08 20:03:21.271] [odom] [warning] IMU errors rot=0.072 +- 0.060 deg, trans=0.032 +- 0.018 m, vel=0.094 +- 0.049 m/s
[2026-07-08 20:03:21.271] [odom] [warning] IMU better ratios rot=0.85, trans=0.04, vel=0.09
[2026-07-08 20:03:21.620] [odom] [warning] IMU bias estimation seems inaccurate.
[2026-07-08 20:03:21.620] [odom] [warning] Possibly T_lidar_imu is not accurate or LiDAR-IMU synchronization is not correct.
[2026-07-08 20:03:21.620] [odom] [warning] IMU bias validation results:
[2026-07-08 20:03:21.620] [odom] [warning] num_bias_validations=18880
[2026-07-08 20:03:21.620] [odom] [warning] bias_acc=[0.332, -0.674, 0.057] m/s^2, bias_gyro=[-0.019, -0.000, 0.001] rad/s
[2026-07-08 20:03:21.620] [odom] [warning] acc_stat ax=0.350 +- 0.268 [min=-0.214, max=0.986], ay=-0.786 +- 0.367 [min=-1.421, max=0.031], az=0.066 +- 0.031 [min=0.008, max=0.119] m/s^2
[2026-07-08 20:03:21.620] [odom] [warning] gyro_stat wx=-0.019 +- 0.000 [min=-0.020, max=-0.017], wy=-0.000 +- 0.001 [min=-0.004, max=0.002], wz=0.001 +- 0.000 [min=0.000, max=0.002] rad/s
[2026-07-08 20:03:21.745] [glim] [info] playback speed: 3.386x
[2026-07-08 20:03:22.568] [odom] [warning] IMU prediction is not good.
[2026-07-08 20:03:22.568] [odom] [warning] Possibly T_lidar_imu is not accurate or IMU bias is not well estimated.
[2026-07-08 20:03:22.568] [odom] [warning] IMU validation results:
[2026-07-08 20:03:22.568] [odom] [warning] num_validations=18368
[2026-07-08 20:03:22.568] [odom] [warning] No-IMU errors rot=0.220 +- 0.271 deg, trans=0.028 +- 0.023 m, vel=0.029 +- 0.031 m/s
[2026-07-08 20:03:22.568] [odom] [warning] IMU errors rot=0.072 +- 0.060 deg, trans=0.032 +- 0.018 m, vel=0.094 +- 0.049 m/s
[2026-07-08 20:03:22.568] [odom] [warning] IMU better ratios rot=0.85, trans=0.04, vel=0.09
[2026-07-08 20:03:22.762] [odom] [warning] IMU bias estimation seems inaccurate.
[2026-07-08 20:03:22.762] [odom] [warning] Possibly T_lidar_imu is not accurate or LiDAR-IMU synchronization is not correct.
[2026-07-08 20:03:22.762] [odom] [warning] IMU bias validation results:
[2026-07-08 20:03:22.762] [odom] [warning] num_bias_validations=18944
[2026-07-08 20:03:22.762] [odom] [warning] bias_acc=[0.345, -0.669, 0.055] m/s^2, bias_gyro=[-0.019, -0.000, 0.001] rad/s
[2026-07-08 20:03:22.762] [odom] [warning] acc_stat ax=0.350 +- 0.268 [min=-0.214, max=0.986], ay=-0.786 +- 0.367 [min=-1.421, max=0.031], az=0.066 +- 0.031 [min=0.008, max=0.119] m/s^2
[2026-07-08 20:03:22.762] [odom] [warning] gyro_stat wx=-0.019 +- 0.000 [min=-0.020, max=-0.017], wy=-0.000 +- 0.001 [min=-0.004, max=0.002], wz=0.001 +- 0.000 [min=0.000, max=0.002] rad/s
[2026-07-08 20:03:25.215] [odom] [warning] IMU prediction is not good.
[2026-07-08 20:03:25.215] [odom] [warning] Possibly T_lidar_imu is not accurate or IMU bias is not well estimated.
[2026-07-08 20:03:25.215] [odom] [warning] IMU validation results:
[2026-07-08 20:03:25.215] [odom] [warning] num_validations=18432
[2026-07-08 20:03:25.215] [odom] [warning] No-IMU errors rot=0.220 +- 0.271 deg, trans=0.028 +- 0.023 m, vel=0.029 +- 0.031 m/s
[2026-07-08 20:03:25.215] [odom] [warning] IMU errors rot=0.072 +- 0.060 deg, trans=0.032 +- 0.018 m, vel=0.094 +- 0.049 m/s
[2026-07-08 20:03:25.215] [odom] [warning] IMU better ratios rot=0.85, trans=0.04, vel=0.09
[2026-07-08 20:03:25.263] [odom] [warning] IMU bias estimation seems inaccurate.
[2026-07-08 20:03:25.263] [odom] [warning] Possibly T_lidar_imu is not accurate or LiDAR-IMU synchronization is not correct.
[2026-07-08 20:03:25.263] [odom] [warning] IMU bias validation results:
[2026-07-08 20:03:25.263] [odom] [warning] num_bias_validations=19008
[2026-07-08 20:03:25.263] [odom] [warning] bias_acc=[0.359, -0.664, 0.054] m/s^2, bias_gyro=[-0.019, -0.000, 0.001] rad/s
[2026-07-08 20:03:25.263] [odom] [warning] acc_stat ax=0.350 +- 0.267 [min=-0.214, max=0.986], ay=-0.786 +- 0.366 [min=-1.421, max=0.031], az=0.066 +- 0.031 [min=0.008, max=0.119] m/s^2
[2026-07-08 20:03:25.263] [odom] [warning] gyro_stat wx=-0.019 +- 0.000 [min=-0.020, max=-0.017], wy=-0.000 +- 0.001 [min=-0.004, max=0.002], wz=0.001 +- 0.000 [min=0.000, max=0.002] rad/s
[2026-07-08 20:03:26.244] [odom] [warning] IMU prediction is not good.
[2026-07-08 20:03:26.244] [odom] [warning] Possibly T_lidar_imu is not accurate or IMU bias is not well estimated.
[2026-07-08 20:03:26.244] [odom] [warning] IMU validation results:
[2026-07-08 20:03:26.244] [odom] [warning] num_validations=18496
[2026-07-08 20:03:26.244] [odom] [warning] No-IMU errors rot=0.219 +- 0.271 deg, trans=0.028 +- 0.023 m, vel=0.029 +- 0.031 m/s
[2026-07-08 20:03:26.244] [odom] [warning] IMU errors rot=0.072 +- 0.060 deg, trans=0.032 +- 0.018 m, vel=0.094 +- 0.049 m/s
[2026-07-08 20:03:26.244] [odom] [warning] IMU better ratios rot=0.85, trans=0.04, vel=0.09
[2026-07-08 20:03:26.532] [odom] [warning] IMU bias estimation seems inaccurate.
[2026-07-08 20:03:26.532] [odom] [warning] Possibly T_lidar_imu is not accurate or LiDAR-IMU synchronization is not correct.
[2026-07-08 20:03:26.532] [odom] [warning] IMU bias validation results:
[2026-07-08 20:03:26.532] [odom] [warning] num_bias_validations=19072
[2026-07-08 20:03:26.532] [odom] [warning] bias_acc=[0.372, -0.659, 0.052] m/s^2, bias_gyro=[-0.020, 0.000, 0.001] rad/s
[2026-07-08 20:03:26.532] [odom] [warning] acc_stat ax=0.350 +- 0.267 [min=-0.214, max=0.986], ay=-0.785 +- 0.366 [min=-1.421, max=0.031], az=0.066 +- 0.031 [min=0.008, max=0.119] m/s^2
[2026-07-08 20:03:26.532] [odom] [warning] gyro_stat wx=-0.019 +- 0.000 [min=-0.020, max=-0.017], wy=-0.000 +- 0.001 [min=-0.004, max=0.002], wz=0.001 +- 0.000 [min=0.000, max=0.002] rad/s
[2026-07-08 20:03:26.782] [glim] [info] playback speed: 3.928x
[2026-07-08 20:03:27.542] [odom] [warning] IMU prediction is not good.
[2026-07-08 20:03:27.542] [odom] [warning] Possibly T_lidar_imu is not accurate or IMU bias is not well estimated.
[2026-07-08 20:03:27.542] [odom] [warning] IMU validation results:
[2026-07-08 20:03:27.542] [odom] [warning] num_validations=18560
[2026-07-08 20:03:27.542] [odom] [warning] No-IMU errors rot=0.219 +- 0.270 deg, trans=0.028 +- 0.023 m, vel=0.029 +- 0.031 m/s
[2026-07-08 20:03:27.542] [odom] [warning] IMU errors rot=0.072 +- 0.060 deg, trans=0.032 +- 0.018 m, vel=0.094 +- 0.049 m/s
[2026-07-08 20:03:27.542] [odom] [warning] IMU better ratios rot=0.85, trans=0.04, vel=0.09
[2026-07-08 20:03:27.757] [odom] [warning] IMU bias estimation seems inaccurate.
[2026-07-08 20:03:27.757] [odom] [warning] Possibly T_lidar_imu is not accurate or LiDAR-IMU synchronization is not correct.
[2026-07-08 20:03:27.757] [odom] [warning] IMU bias validation results:
[2026-07-08 20:03:27.757] [odom] [warning] num_bias_validations=19136
[2026-07-08 20:03:27.757] [odom] [warning] bias_acc=[0.383, -0.655, 0.051] m/s^2, bias_gyro=[-0.020, 0.000, 0.001] rad/s
[2026-07-08 20:03:27.757] [odom] [warning] acc_stat ax=0.350 +- 0.266 [min=-0.214, max=0.986], ay=-0.785 +- 0.365 [min=-1.421, max=0.031], az=0.066 +- 0.031 [min=0.008, max=0.119] m/s^2
[2026-07-08 20:03:27.757] [odom] [warning] gyro_stat wx=-0.019 +- 0.000 [min=-0.020, max=-0.017], wy=-0.000 +- 0.001 [min=-0.004, max=0.002], wz=0.001 +- 0.000 [min=0.000, max=0.002] rad/s
[2026-07-08 20:03:29.379] [odom] [warning] IMU prediction is not good.
[2026-07-08 20:03:29.379] [odom] [warning] Possibly T_lidar_imu is not accurate or IMU bias is not well estimated.
[2026-07-08 20:03:29.379] [odom] [warning] IMU validation results:
[2026-07-08 20:03:29.379] [odom] [warning] num_validations=18624
[2026-07-08 20:03:29.379] [odom] [warning] No-IMU errors rot=0.219 +- 0.270 deg, trans=0.028 +- 0.023 m, vel=0.029 +- 0.031 m/s
[2026-07-08 20:03:29.379] [odom] [warning] IMU errors rot=0.072 +- 0.059 deg, trans=0.032 +- 0.018 m, vel=0.094 +- 0.049 m/s
[2026-07-08 20:03:29.379] [odom] [warning] IMU better ratios rot=0.85, trans=0.04, vel=0.09
[2026-07-08 20:03:29.437] [odom] [warning] IMU bias estimation seems inaccurate.
[2026-07-08 20:03:29.437] [odom] [warning] Possibly T_lidar_imu is not accurate or LiDAR-IMU synchronization is not correct.
[2026-07-08 20:03:29.437] [odom] [warning] IMU bias validation results:
[2026-07-08 20:03:29.437] [odom] [warning] num_bias_validations=19200
[2026-07-08 20:03:29.437] [odom] [warning] bias_acc=[0.393, -0.653, 0.049] m/s^2, bias_gyro=[-0.020, 0.000, 0.001] rad/s
[2026-07-08 20:03:29.437] [odom] [warning] acc_stat ax=0.350 +- 0.266 [min=-0.214, max=0.986], ay=-0.784 +- 0.365 [min=-1.421, max=0.031], az=0.066 +- 0.031 [min=0.008, max=0.119] m/s^2
[2026-07-08 20:03:29.437] [odom] [warning] gyro_stat wx=-0.019 +- 0.000 [min=-0.020, max=-0.017], wy=-0.000 +- 0.001 [min=-0.004, max=0.002], wz=0.001 +- 0.000 [min=0.000, max=0.002] rad/s
[2026-07-08 20:03:30.905] [odom] [warning] IMU prediction is not good.
[2026-07-08 20:03:30.905] [odom] [warning] Possibly T_lidar_imu is not accurate or IMU bias is not well estimated.
[2026-07-08 20:03:30.905] [odom] [warning] IMU validation results:
[2026-07-08 20:03:30.905] [odom] [warning] num_validations=18688
[2026-07-08 20:03:30.905] [odom] [warning] No-IMU errors rot=0.219 +- 0.270 deg, trans=0.028 +- 0.023 m, vel=0.029 +- 0.031 m/s
[2026-07-08 20:03:30.905] [odom] [warning] IMU errors rot=0.072 +- 0.059 deg, trans=0.032 +- 0.018 m, vel=0.093 +- 0.049 m/s
[2026-07-08 20:03:30.905] [odom] [warning] IMU better ratios rot=0.85, trans=0.04, vel=0.09
[2026-07-08 20:03:31.107] [odom] [warning] IMU bias estimation seems inaccurate.
[2026-07-08 20:03:31.107] [odom] [warning] Possibly T_lidar_imu is not accurate or LiDAR-IMU synchronization is not correct.
[2026-07-08 20:03:31.107] [odom] [warning] IMU bias validation results:
[2026-07-08 20:03:31.107] [odom] [warning] num_bias_validations=19264
[2026-07-08 20:03:31.107] [odom] [warning] bias_acc=[0.401, -0.649, 0.047] m/s^2, bias_gyro=[-0.020, 0.001, 0.001] rad/s
[2026-07-08 20:03:31.107] [odom] [warning] acc_stat ax=0.350 +- 0.266 [min=-0.214, max=0.986], ay=-0.784 +- 0.364 [min=-1.421, max=0.031], az=0.066 +- 0.031 [min=0.008, max=0.119] m/s^2
[2026-07-08 20:03:31.107] [odom] [warning] gyro_stat wx=-0.019 +- 0.000 [min=-0.020, max=-0.017], wy=-0.000 +- 0.001 [min=-0.004, max=0.002], wz=0.001 +- 0.000 [min=0.000, max=0.002] rad/s
[2026-07-08 20:03:31.805] [glim] [info] playback speed: 4.584x
[2026-07-08 20:03:32.319] [odom] [warning] IMU prediction is not good.
[2026-07-08 20:03:32.319] [odom] [warning] Possibly T_lidar_imu is not accurate or IMU bias is not well estimated.
[2026-07-08 20:03:32.319] [odom] [warning] IMU validation results:
[2026-07-08 20:03:32.319] [odom] [warning] num_validations=18752
[2026-07-08 20:03:32.319] [odom] [warning] No-IMU errors rot=0.219 +- 0.270 deg, trans=0.028 +- 0.023 m, vel=0.029 +- 0.031 m/s
[2026-07-08 20:03:32.319] [odom] [warning] IMU errors rot=0.072 +- 0.059 deg, trans=0.032 +- 0.018 m, vel=0.093 +- 0.049 m/s
[2026-07-08 20:03:32.319] [odom] [warning] IMU better ratios rot=0.85, trans=0.04, vel=0.09
[2026-07-08 20:03:32.514] [odom] [warning] IMU bias estimation seems inaccurate.
[2026-07-08 20:03:32.514] [odom] [warning] Possibly T_lidar_imu is not accurate or LiDAR-IMU synchronization is not correct.
[2026-07-08 20:03:32.514] [odom] [warning] IMU bias validation results:
[2026-07-08 20:03:32.514] [odom] [warning] num_bias_validations=19328
[2026-07-08 20:03:32.514] [odom] [warning] bias_acc=[0.404, -0.644, 0.046] m/s^2, bias_gyro=[-0.020, 0.001, 0.002] rad/s
[2026-07-08 20:03:32.514] [odom] [warning] acc_stat ax=0.351 +- 0.265 [min=-0.214, max=0.986], ay=-0.783 +- 0.364 [min=-1.421, max=0.031], az=0.066 +- 0.031 [min=0.008, max=0.119] m/s^2
[2026-07-08 20:03:32.514] [odom] [warning] gyro_stat wx=-0.019 +- 0.000 [min=-0.020, max=-0.017], wy=-0.000 +- 0.001 [min=-0.004, max=0.002], wz=0.001 +- 0.000 [min=0.000, max=0.002] rad/s
[2026-07-08 20:03:33.637] [odom] [warning] IMU prediction is not good.
[2026-07-08 20:03:33.637] [odom] [warning] Possibly T_lidar_imu is not accurate or IMU bias is not well estimated.
[2026-07-08 20:03:33.637] [odom] [warning] IMU validation results:
[2026-07-08 20:03:33.637] [odom] [warning] num_validations=18816
[2026-07-08 20:03:33.637] [odom] [warning] No-IMU errors rot=0.219 +- 0.270 deg, trans=0.028 +- 0.023 m, vel=0.029 +- 0.031 m/s
[2026-07-08 20:03:33.637] [odom] [warning] IMU errors rot=0.072 +- 0.059 deg, trans=0.032 +- 0.018 m, vel=0.093 +- 0.049 m/s
[2026-07-08 20:03:33.637] [odom] [warning] IMU better ratios rot=0.85, trans=0.04, vel=0.09
[2026-07-08 20:03:33.837] [odom] [warning] IMU bias estimation seems inaccurate.
[2026-07-08 20:03:33.837] [odom] [warning] Possibly T_lidar_imu is not accurate or LiDAR-IMU synchronization is not correct.
[2026-07-08 20:03:33.837] [odom] [warning] IMU bias validation results:
[2026-07-08 20:03:33.837] [odom] [warning] num_bias_validations=19392
[2026-07-08 20:03:33.837] [odom] [warning] bias_acc=[0.404, -0.643, 0.046] m/s^2, bias_gyro=[-0.020, 0.001, 0.002] rad/s
[2026-07-08 20:03:33.837] [odom] [warning] acc_stat ax=0.351 +- 0.265 [min=-0.214, max=0.986], ay=-0.783 +- 0.363 [min=-1.421, max=0.031], az=0.066 +- 0.031 [min=0.008, max=0.119] m/s^2
[2026-07-08 20:03:33.837] [odom] [warning] gyro_stat wx=-0.019 +- 0.000 [min=-0.020, max=-0.017], wy=-0.000 +- 0.001 [min=-0.004, max=0.002], wz=0.001 +- 0.000 [min=0.000, max=0.002] rad/s
[2026-07-08 20:03:35.690] [odom] [warning] IMU prediction is not good.
[2026-07-08 20:03:35.690] [odom] [warning] Possibly T_lidar_imu is not accurate or IMU bias is not well estimated.
[2026-07-08 20:03:35.690] [odom] [warning] IMU validation results:
[2026-07-08 20:03:35.690] [odom] [warning] num_validations=18880
[2026-07-08 20:03:35.690] [odom] [warning] No-IMU errors rot=0.218 +- 0.269 deg, trans=0.027 +- 0.023 m, vel=0.029 +- 0.031 m/s
[2026-07-08 20:03:35.690] [odom] [warning] IMU errors rot=0.072 +- 0.059 deg, trans=0.032 +- 0.018 m, vel=0.093 +- 0.049 m/s
[2026-07-08 20:03:35.690] [odom] [warning] IMU better ratios rot=0.85, trans=0.04, vel=0.09
[2026-07-08 20:03:35.882] [odom] [warning] IMU bias estimation seems inaccurate.
[2026-07-08 20:03:35.882] [odom] [warning] Possibly T_lidar_imu is not accurate or LiDAR-IMU synchronization is not correct.
[2026-07-08 20:03:35.882] [odom] [warning] IMU bias validation results:
[2026-07-08 20:03:35.882] [odom] [warning] num_bias_validations=19456
[2026-07-08 20:03:35.882] [odom] [warning] bias_acc=[0.407, -0.640, 0.045] m/s^2, bias_gyro=[-0.020, 0.001, 0.002] rad/s
[2026-07-08 20:03:35.882] [odom] [warning] acc_stat ax=0.351 +- 0.264 [min=-0.214, max=0.986], ay=-0.782 +- 0.362 [min=-1.421, max=0.031], az=0.066 +- 0.031 [min=0.008, max=0.119] m/s^2
[2026-07-08 20:03:35.882] [odom] [warning] gyro_stat wx=-0.019 +- 0.000 [min=-0.020, max=-0.017], wy=-0.000 +- 0.001 [min=-0.004, max=0.002], wz=0.001 +- 0.000 [min=0.000, max=0.002] rad/s
[2026-07-08 20:03:36.633] [odom] [warning] IMU prediction is not good.
[2026-07-08 20:03:36.633] [odom] [warning] Possibly T_lidar_imu is not accurate or IMU bias is not well estimated.
[2026-07-08 20:03:36.633] [odom] [warning] IMU validation results:
[2026-07-08 20:03:36.633] [odom] [warning] num_validations=18944
[2026-07-08 20:03:36.633] [odom] [warning] No-IMU errors rot=0.218 +- 0.269 deg, trans=0.027 +- 0.023 m, vel=0.029 +- 0.031 m/s
[2026-07-08 20:03:36.633] [odom] [warning] IMU errors rot=0.072 +- 0.059 deg, trans=0.031 +- 0.018 m, vel=0.093 +- 0.049 m/s
[2026-07-08 20:03:36.633] [odom] [warning] IMU better ratios rot=0.85, trans=0.04, vel=0.09
[2026-07-08 20:03:36.828] [glim] [info] playback speed: 4.322x
[2026-07-08 20:03:36.834] [odom] [warning] IMU bias estimation seems inaccurate.
[2026-07-08 20:03:36.834] [odom] [warning] Possibly T_lidar_imu is not accurate or LiDAR-IMU synchronization is not correct.
[2026-07-08 20:03:36.834] [odom] [warning] IMU bias validation results:
[2026-07-08 20:03:36.834] [odom] [warning] num_bias_validations=19520
[2026-07-08 20:03:36.834] [odom] [warning] bias_acc=[0.409, -0.637, 0.044] m/s^2, bias_gyro=[-0.020, 0.001, 0.002] rad/s
[2026-07-08 20:03:36.834] [odom] [warning] acc_stat ax=0.351 +- 0.264 [min=-0.214, max=0.986], ay=-0.782 +- 0.362 [min=-1.421, max=0.031], az=0.066 +- 0.031 [min=0.008, max=0.119] m/s^2
[2026-07-08 20:03:36.834] [odom] [warning] gyro_stat wx=-0.019 +- 0.000 [min=-0.020, max=-0.017], wy=-0.000 +- 0.001 [min=-0.004, max=0.002], wz=0.001 +- 0.000 [min=0.000, max=0.002] rad/s
[2026-07-08 20:03:38.044] [odom] [warning] IMU prediction is not good.
[2026-07-08 20:03:38.044] [odom] [warning] Possibly T_lidar_imu is not accurate or IMU bias is not well estimated.
[2026-07-08 20:03:38.044] [odom] [warning] IMU validation results:
[2026-07-08 20:03:38.044] [odom] [warning] num_validations=19008
[2026-07-08 20:03:38.044] [odom] [warning] No-IMU errors rot=0.218 +- 0.269 deg, trans=0.027 +- 0.023 m, vel=0.029 +- 0.031 m/s
[2026-07-08 20:03:38.044] [odom] [warning] IMU errors rot=0.072 +- 0.059 deg, trans=0.031 +- 0.018 m, vel=0.092 +- 0.049 m/s
[2026-07-08 20:03:38.044] [odom] [warning] IMU better ratios rot=0.85, trans=0.04, vel=0.09
[2026-07-08 20:03:38.121] [odom] [warning] IMU bias estimation seems inaccurate.
[2026-07-08 20:03:38.121] [odom] [warning] Possibly T_lidar_imu is not accurate or LiDAR-IMU synchronization is not correct.
[2026-07-08 20:03:38.121] [odom] [warning] IMU bias validation results:
[2026-07-08 20:03:38.121] [odom] [warning] num_bias_validations=19584
[2026-07-08 20:03:38.121] [odom] [warning] bias_acc=[0.411, -0.632, 0.043] m/s^2, bias_gyro=[-0.019, 0.001, 0.002] rad/s
[2026-07-08 20:03:38.121] [odom] [warning] acc_stat ax=0.351 +- 0.264 [min=-0.214, max=0.986], ay=-0.782 +- 0.361 [min=-1.421, max=0.031], az=0.066 +- 0.031 [min=0.008, max=0.119] m/s^2
[2026-07-08 20:03:38.121] [odom] [warning] gyro_stat wx=-0.019 +- 0.000 [min=-0.020, max=-0.017], wy=-0.000 +- 0.001 [min=-0.004, max=0.002], wz=0.001 +- 0.000 [min=0.000, max=0.002] rad/s
[2026-07-08 20:03:39.586] [odom] [warning] IMU prediction is not good.
[2026-07-08 20:03:39.586] [odom] [warning] Possibly T_lidar_imu is not accurate or IMU bias is not well estimated.
[2026-07-08 20:03:39.586] [odom] [warning] IMU validation results:
[2026-07-08 20:03:39.586] [odom] [warning] num_validations=19072
[2026-07-08 20:03:39.586] [odom] [warning] No-IMU errors rot=0.218 +- 0.268 deg, trans=0.027 +- 0.023 m, vel=0.029 +- 0.031 m/s
[2026-07-08 20:03:39.586] [odom] [warning] IMU errors rot=0.072 +- 0.059 deg, trans=0.031 +- 0.018 m, vel=0.092 +- 0.049 m/s
[2026-07-08 20:03:39.586] [odom] [warning] IMU better ratios rot=0.85, trans=0.04, vel=0.09
[2026-07-08 20:03:39.644] [odom] [warning] IMU bias estimation seems inaccurate.
[2026-07-08 20:03:39.644] [odom] [warning] Possibly T_lidar_imu is not accurate or LiDAR-IMU synchronization is not correct.
[2026-07-08 20:03:39.644] [odom] [warning] IMU bias validation results:
[2026-07-08 20:03:39.644] [odom] [warning] num_bias_validations=19648
[2026-07-08 20:03:39.644] [odom] [warning] bias_acc=[0.409, -0.624, 0.043] m/s^2, bias_gyro=[-0.020, 0.001, 0.002] rad/s
[2026-07-08 20:03:39.644] [odom] [warning] acc_stat ax=0.352 +- 0.263 [min=-0.214, max=0.986], ay=-0.781 +- 0.361 [min=-1.421, max=0.031], az=0.066 +- 0.031 [min=0.008, max=0.119] m/s^2
[2026-07-08 20:03:39.644] [odom] [warning] gyro_stat wx=-0.019 +- 0.000 [min=-0.020, max=-0.017], wy=-0.000 +- 0.001 [min=-0.004, max=0.002], wz=0.001 +- 0.000 [min=0.000, max=0.002] rad/s
[2026-07-08 20:03:40.571] [odom] [warning] IMU prediction is not good.
[2026-07-08 20:03:40.571] [odom] [warning] Possibly T_lidar_imu is not accurate or IMU bias is not well estimated.
[2026-07-08 20:03:40.571] [odom] [warning] IMU validation results:
[2026-07-08 20:03:40.571] [odom] [warning] num_validations=19136
[2026-07-08 20:03:40.571] [odom] [warning] No-IMU errors rot=0.218 +- 0.268 deg, trans=0.027 +- 0.023 m, vel=0.029 +- 0.031 m/s
[2026-07-08 20:03:40.571] [odom] [warning] IMU errors rot=0.072 +- 0.059 deg, trans=0.031 +- 0.018 m, vel=0.092 +- 0.049 m/s
[2026-07-08 20:03:40.571] [odom] [warning] IMU better ratios rot=0.85, trans=0.04, vel=0.09
[2026-07-08 20:03:40.759] [odom] [warning] IMU bias estimation seems inaccurate.
[2026-07-08 20:03:40.759] [odom] [warning] Possibly T_lidar_imu is not accurate or LiDAR-IMU synchronization is not correct.
[2026-07-08 20:03:40.759] [odom] [warning] IMU bias validation results:
[2026-07-08 20:03:40.759] [odom] [warning] num_bias_validations=19712
[2026-07-08 20:03:40.759] [odom] [warning] bias_acc=[0.404, -0.618, 0.043] m/s^2, bias_gyro=[-0.020, 0.001, 0.002] rad/s
[2026-07-08 20:03:40.759] [odom] [warning] acc_stat ax=0.352 +- 0.263 [min=-0.214, max=0.986], ay=-0.780 +- 0.361 [min=-1.421, max=0.031], az=0.065 +- 0.031 [min=0.008, max=0.119] m/s^2
[2026-07-08 20:03:40.759] [odom] [warning] gyro_stat wx=-0.019 +- 0.000 [min=-0.020, max=-0.017], wy=-0.000 +- 0.001 [min=-0.004, max=0.002], wz=0.001 +- 0.000 [min=0.000, max=0.002] rad/s
[2026-07-08 20:03:41.851] [glim] [info] playback speed: 4.645x
[2026-07-08 20:03:42.702] [odom] [warning] IMU prediction is not good.
[2026-07-08 20:03:42.702] [odom] [warning] Possibly T_lidar_imu is not accurate or IMU bias is not well estimated.
[2026-07-08 20:03:42.702] [odom] [warning] IMU validation results:
[2026-07-08 20:03:42.702] [odom] [warning] num_validations=19200
[2026-07-08 20:03:42.702] [odom] [warning] No-IMU errors rot=0.218 +- 0.268 deg, trans=0.027 +- 0.023 m, vel=0.029 +- 0.031 m/s
[2026-07-08 20:03:42.702] [odom] [warning] IMU errors rot=0.072 +- 0.059 deg, trans=0.031 +- 0.018 m, vel=0.092 +- 0.049 m/s
[2026-07-08 20:03:42.702] [odom] [warning] IMU better ratios rot=0.85, trans=0.04, vel=0.10
[2026-07-08 20:03:42.984] [odom] [warning] IMU bias estimation seems inaccurate.
[2026-07-08 20:03:42.984] [odom] [warning] Possibly T_lidar_imu is not accurate or LiDAR-IMU synchronization is not correct.
[2026-07-08 20:03:42.984] [odom] [warning] IMU bias validation results:
[2026-07-08 20:03:42.984] [odom] [warning] num_bias_validations=19776
[2026-07-08 20:03:42.984] [odom] [warning] bias_acc=[0.404, -0.610, 0.043] m/s^2, bias_gyro=[-0.019, 0.000, 0.001] rad/s
[2026-07-08 20:03:42.984] [odom] [warning] acc_stat ax=0.352 +- 0.262 [min=-0.214, max=0.986], ay=-0.780 +- 0.360 [min=-1.421, max=0.031], az=0.065 +- 0.031 [min=0.008, max=0.119] m/s^2
[2026-07-08 20:03:42.984] [odom] [warning] gyro_stat wx=-0.019 +- 0.000 [min=-0.020, max=-0.017], wy=-0.000 +- 0.001 [min=-0.004, max=0.002], wz=0.001 +- 0.000 [min=0.000, max=0.002] rad/s
[2026-07-08 20:03:45.258] [odom] [warning] IMU prediction is not good.
[2026-07-08 20:03:45.258] [odom] [warning] Possibly T_lidar_imu is not accurate or IMU bias is not well estimated.
[2026-07-08 20:03:45.258] [odom] [warning] IMU validation results:
[2026-07-08 20:03:45.258] [odom] [warning] num_validations=19264
[2026-07-08 20:03:45.258] [odom] [warning] No-IMU errors rot=0.218 +- 0.268 deg, trans=0.027 +- 0.023 m, vel=0.029 +- 0.031 m/s
[2026-07-08 20:03:45.258] [odom] [warning] IMU errors rot=0.072 +- 0.059 deg, trans=0.031 +- 0.018 m, vel=0.092 +- 0.049 m/s
[2026-07-08 20:03:45.258] [odom] [warning] IMU better ratios rot=0.85, trans=0.04, vel=0.10
[2026-07-08 20:03:45.531] [odom] [warning] IMU bias estimation seems inaccurate.
[2026-07-08 20:03:45.531] [odom] [warning] Possibly T_lidar_imu is not accurate or LiDAR-IMU synchronization is not correct.
[2026-07-08 20:03:45.531] [odom] [warning] IMU bias validation results:
[2026-07-08 20:03:45.531] [odom] [warning] num_bias_validations=19840
[2026-07-08 20:03:45.531] [odom] [warning] bias_acc=[0.406, -0.598, 0.043] m/s^2, bias_gyro=[-0.019, -0.000, 0.001] rad/s
[2026-07-08 20:03:45.531] [odom] [warning] acc_stat ax=0.352 +- 0.262 [min=-0.214, max=0.986], ay=-0.779 +- 0.360 [min=-1.421, max=0.031], az=0.065 +- 0.031 [min=0.008, max=0.119] m/s^2
[2026-07-08 20:03:45.531] [odom] [warning] gyro_stat wx=-0.019 +- 0.000 [min=-0.020, max=-0.017], wy=-0.000 +- 0.001 [min=-0.004, max=0.002], wz=0.001 +- 0.000 [min=0.000, max=0.002] rad/s
[2026-07-08 20:03:46.859] [glim] [info] playback speed: 2.411x
[2026-07-08 20:03:47.363] [odom] [warning] IMU prediction is not good.
[2026-07-08 20:03:47.363] [odom] [warning] Possibly T_lidar_imu is not accurate or IMU bias is not well estimated.
[2026-07-08 20:03:47.363] [odom] [warning] IMU validation results:
[2026-07-08 20:03:47.363] [odom] [warning] num_validations=19328
[2026-07-08 20:03:47.363] [odom] [warning] No-IMU errors rot=0.218 +- 0.268 deg, trans=0.027 +- 0.023 m, vel=0.029 +- 0.031 m/s
[2026-07-08 20:03:47.363] [odom] [warning] IMU errors rot=0.072 +- 0.059 deg, trans=0.031 +- 0.018 m, vel=0.092 +- 0.049 m/s
[2026-07-08 20:03:47.363] [odom] [warning] IMU better ratios rot=0.85, trans=0.05, vel=0.10
[2026-07-08 20:03:47.557] [odom] [warning] IMU bias estimation seems inaccurate.
[2026-07-08 20:03:47.557] [odom] [warning] Possibly T_lidar_imu is not accurate or LiDAR-IMU synchronization is not correct.
[2026-07-08 20:03:47.557] [odom] [warning] IMU bias validation results:
[2026-07-08 20:03:47.557] [odom] [warning] num_bias_validations=19904
[2026-07-08 20:03:47.557] [odom] [warning] bias_acc=[0.407, -0.587, 0.043] m/s^2, bias_gyro=[-0.020, 0.001, 0.002] rad/s
[2026-07-08 20:03:47.557] [odom] [warning] acc_stat ax=0.352 +- 0.261 [min=-0.214, max=0.986], ay=-0.779 +- 0.359 [min=-1.421, max=0.031], az=0.065 +- 0.031 [min=0.008, max=0.119] m/s^2
[2026-07-08 20:03:47.557] [odom] [warning] gyro_stat wx=-0.019 +- 0.000 [min=-0.020, max=-0.017], wy=-0.000 +- 0.001 [min=-0.004, max=0.002], wz=0.001 +- 0.000 [min=0.000, max=0.002] rad/s
[2026-07-08 20:03:49.005] [odom] [warning] IMU prediction is not good.
[2026-07-08 20:03:49.005] [odom] [warning] Possibly T_lidar_imu is not accurate or IMU bias is not well estimated.
[2026-07-08 20:03:49.005] [odom] [warning] IMU validation results:
[2026-07-08 20:03:49.005] [odom] [warning] num_validations=19392
[2026-07-08 20:03:49.005] [odom] [warning] No-IMU errors rot=0.222 +- 0.282 deg, trans=0.027 +- 0.023 m, vel=0.029 +- 0.031 m/s
[2026-07-08 20:03:49.005] [odom] [warning] IMU errors rot=0.073 +- 0.060 deg, trans=0.031 +- 0.018 m, vel=0.091 +- 0.049 m/s
[2026-07-08 20:03:49.005] [odom] [warning] IMU better ratios rot=0.85, trans=0.05, vel=0.10
[2026-07-08 20:03:49.067] [odom] [warning] IMU bias estimation seems inaccurate.
[2026-07-08 20:03:49.067] [odom] [warning] Possibly T_lidar_imu is not accurate or LiDAR-IMU synchronization is not correct.
[2026-07-08 20:03:49.067] [odom] [warning] IMU bias validation results:
[2026-07-08 20:03:49.067] [odom] [warning] num_bias_validations=19968
[2026-07-08 20:03:49.067] [odom] [warning] bias_acc=[0.411, -0.585, 0.042] m/s^2, bias_gyro=[-0.019, -0.003, 0.001] rad/s
[2026-07-08 20:03:49.067] [odom] [warning] acc_stat ax=0.352 +- 0.261 [min=-0.214, max=0.986], ay=-0.778 +- 0.359 [min=-1.421, max=0.031], az=0.065 +- 0.031 [min=0.008, max=0.119] m/s^2
[2026-07-08 20:03:49.067] [odom] [warning] gyro_stat wx=-0.019 +- 0.000 [min=-0.020, max=-0.017], wy=-0.000 +- 0.001 [min=-0.004, max=0.002], wz=0.001 +- 0.000 [min=0.000, max=0.002] rad/s
[2026-07-08 20:03:51.195] [odom] [warning] IMU prediction is not good.
[2026-07-08 20:03:51.195] [odom] [warning] Possibly T_lidar_imu is not accurate or IMU bias is not well estimated.
[2026-07-08 20:03:51.195] [odom] [warning] IMU validation results:
[2026-07-08 20:03:51.195] [odom] [warning] num_validations=19456
[2026-07-08 20:03:51.195] [odom] [warning] No-IMU errors rot=0.222 +- 0.282 deg, trans=0.027 +- 0.023 m, vel=0.029 +- 0.031 m/s
[2026-07-08 20:03:51.195] [odom] [warning] IMU errors rot=0.073 +- 0.061 deg, trans=0.031 +- 0.018 m, vel=0.092 +- 0.049 m/s
[2026-07-08 20:03:51.195] [odom] [warning] IMU better ratios rot=0.85, trans=0.05, vel=0.10
[2026-07-08 20:03:51.331] [odom] [warning] IMU bias estimation seems inaccurate.
[2026-07-08 20:03:51.331] [odom] [warning] Possibly T_lidar_imu is not accurate or LiDAR-IMU synchronization is not correct.
[2026-07-08 20:03:51.331] [odom] [warning] IMU bias validation results:
[2026-07-08 20:03:51.331] [odom] [warning] num_bias_validations=20032
[2026-07-08 20:03:51.331] [odom] [warning] bias_acc=[0.433, -0.598, 0.040] m/s^2, bias_gyro=[-0.019, -0.004, 0.001] rad/s
[2026-07-08 20:03:51.331] [odom] [warning] acc_stat ax=0.353 +- 0.261 [min=-0.214, max=0.986], ay=-0.778 +- 0.358 [min=-1.421, max=0.031], az=0.065 +- 0.031 [min=0.008, max=0.119] m/s^2
[2026-07-08 20:03:51.331] [odom] [warning] gyro_stat wx=-0.019 +- 0.000 [min=-0.020, max=-0.017], wy=-0.000 +- 0.001 [min=-0.004, max=0.002], wz=0.001 +- 0.000 [min=0.000, max=0.002] rad/s
[2026-07-08 20:03:51.886] [glim] [info] playback speed: 4.117x
[2026-07-08 20:03:52.577] [odom] [warning] IMU prediction is not good.
[2026-07-08 20:03:52.577] [odom] [warning] Possibly T_lidar_imu is not accurate or IMU bias is not well estimated.
[2026-07-08 20:03:52.577] [odom] [warning] IMU validation results:
[2026-07-08 20:03:52.577] [odom] [warning] num_validations=19520
[2026-07-08 20:03:52.577] [odom] [warning] No-IMU errors rot=0.222 +- 0.281 deg, trans=0.027 +- 0.023 m, vel=0.029 +- 0.031 m/s
[2026-07-08 20:03:52.577] [odom] [warning] IMU errors rot=0.073 +- 0.060 deg, trans=0.031 +- 0.018 m, vel=0.092 +- 0.049 m/s
[2026-07-08 20:03:52.577] [odom] [warning] IMU better ratios rot=0.85, trans=0.05, vel=0.10
[2026-07-08 20:03:52.905] [odom] [warning] IMU bias estimation seems inaccurate.
[2026-07-08 20:03:52.905] [odom] [warning] Possibly T_lidar_imu is not accurate or LiDAR-IMU synchronization is not correct.
[2026-07-08 20:03:52.905] [odom] [warning] IMU bias validation results:
[2026-07-08 20:03:52.905] [odom] [warning] num_bias_validations=20096
[2026-07-08 20:03:52.905] [odom] [warning] bias_acc=[0.456, -0.611, 0.038] m/s^2, bias_gyro=[-0.019, -0.003, 0.001] rad/s
[2026-07-08 20:03:52.905] [odom] [warning] acc_stat ax=0.353 +- 0.260 [min=-0.214, max=0.986], ay=-0.777 +- 0.358 [min=-1.421, max=0.031], az=0.065 +- 0.031 [min=0.008, max=0.119] m/s^2
[2026-07-08 20:03:52.905] [odom] [warning] gyro_stat wx=-0.019 +- 0.000 [min=-0.020, max=-0.017], wy=-0.000 +- 0.001 [min=-0.004, max=0.002], wz=0.001 +- 0.000 [min=0.000, max=0.002] rad/s
[2026-07-08 20:03:54.305] [odom] [warning] IMU prediction is not good.
[2026-07-08 20:03:54.305] [odom] [warning] Possibly T_lidar_imu is not accurate or IMU bias is not well estimated.
[2026-07-08 20:03:54.305] [odom] [warning] IMU validation results:
[2026-07-08 20:03:54.305] [odom] [warning] num_validations=19584
[2026-07-08 20:03:54.305] [odom] [warning] No-IMU errors rot=0.222 +- 0.281 deg, trans=0.027 +- 0.023 m, vel=0.029 +- 0.031 m/s
[2026-07-08 20:03:54.305] [odom] [warning] IMU errors rot=0.073 +- 0.060 deg, trans=0.031 +- 0.018 m, vel=0.092 +- 0.049 m/s
[2026-07-08 20:03:54.305] [odom] [warning] IMU better ratios rot=0.85, trans=0.05, vel=0.10
[2026-07-08 20:03:54.420] [odom] [warning] IMU bias estimation seems inaccurate.
[2026-07-08 20:03:54.420] [odom] [warning] Possibly T_lidar_imu is not accurate or LiDAR-IMU synchronization is not correct.
[2026-07-08 20:03:54.420] [odom] [warning] IMU bias validation results:
[2026-07-08 20:03:54.420] [odom] [warning] num_bias_validations=20160
[2026-07-08 20:03:54.420] [odom] [warning] bias_acc=[0.476, -0.625, 0.035] m/s^2, bias_gyro=[-0.019, -0.002, 0.001] rad/s
[2026-07-08 20:03:54.420] [odom] [warning] acc_stat ax=0.353 +- 0.260 [min=-0.214, max=0.986], ay=-0.777 +- 0.357 [min=-1.421, max=0.031], az=0.065 +- 0.031 [min=0.008, max=0.119] m/s^2
[2026-07-08 20:03:54.420] [odom] [warning] gyro_stat wx=-0.019 +- 0.000 [min=-0.020, max=-0.017], wy=-0.000 +- 0.001 [min=-0.004, max=0.002], wz=0.001 +- 0.000 [min=0.000, max=0.002] rad/s
[2026-07-08 20:03:56.662] [odom] [warning] IMU prediction is not good.
[2026-07-08 20:03:56.662] [odom] [warning] Possibly T_lidar_imu is not accurate or IMU bias is not well estimated.
[2026-07-08 20:03:56.662] [odom] [warning] IMU validation results:
[2026-07-08 20:03:56.662] [odom] [warning] num_validations=19648
[2026-07-08 20:03:56.662] [odom] [warning] No-IMU errors rot=0.221 +- 0.280 deg, trans=0.027 +- 0.023 m, vel=0.029 +- 0.031 m/s
[2026-07-08 20:03:56.662] [odom] [warning] IMU errors rot=0.073 +- 0.060 deg, trans=0.031 +- 0.018 m, vel=0.092 +- 0.049 m/s
[2026-07-08 20:03:56.662] [odom] [warning] IMU better ratios rot=0.85, trans=0.05, vel=0.10
[2026-07-08 20:03:56.719] [odom] [warning] IMU bias estimation seems inaccurate.
[2026-07-08 20:03:56.719] [odom] [warning] Possibly T_lidar_imu is not accurate or LiDAR-IMU synchronization is not correct.
[2026-07-08 20:03:56.719] [odom] [warning] IMU bias validation results:
[2026-07-08 20:03:56.719] [odom] [warning] num_bias_validations=20224
[2026-07-08 20:03:56.719] [odom] [warning] bias_acc=[0.493, -0.639, 0.033] m/s^2, bias_gyro=[-0.019, -0.002, 0.001] rad/s
[2026-07-08 20:03:56.719] [odom] [warning] acc_stat ax=0.354 +- 0.260 [min=-0.214, max=0.986], ay=-0.776 +- 0.357 [min=-1.421, max=0.031], az=0.065 +- 0.031 [min=0.008, max=0.119] m/s^2
[2026-07-08 20:03:56.719] [odom] [warning] gyro_stat wx=-0.019 +- 0.000 [min=-0.020, max=-0.017], wy=-0.000 +- 0.001 [min=-0.004, max=0.002], wz=0.001 +- 0.000 [min=0.000, max=0.002] rad/s
[2026-07-08 20:03:56.900] [glim] [info] playback speed: 3.196x
[2026-07-08 20:03:59.500] [odom] [warning] IMU prediction is not good.
[2026-07-08 20:03:59.500] [odom] [warning] Possibly T_lidar_imu is not accurate or IMU bias is not well estimated.
[2026-07-08 20:03:59.500] [odom] [warning] IMU validation results:
[2026-07-08 20:03:59.500] [odom] [warning] num_validations=19712
[2026-07-08 20:03:59.500] [odom] [warning] No-IMU errors rot=0.221 +- 0.280 deg, trans=0.027 +- 0.023 m, vel=0.029 +- 0.031 m/s
[2026-07-08 20:03:59.500] [odom] [warning] IMU errors rot=0.073 +- 0.060 deg, trans=0.031 +- 0.018 m, vel=0.092 +- 0.049 m/s
[2026-07-08 20:03:59.500] [odom] [warning] IMU better ratios rot=0.85, trans=0.05, vel=0.10
[2026-07-08 20:03:59.629] [odom] [warning] IMU bias estimation seems inaccurate.
[2026-07-08 20:03:59.629] [odom] [warning] Possibly T_lidar_imu is not accurate or LiDAR-IMU synchronization is not correct.
[2026-07-08 20:03:59.629] [odom] [warning] IMU bias validation results:
[2026-07-08 20:03:59.629] [odom] [warning] num_bias_validations=20288
[2026-07-08 20:03:59.629] [odom] [warning] bias_acc=[0.507, -0.655, 0.032] m/s^2, bias_gyro=[-0.020, -0.001, 0.001] rad/s
[2026-07-08 20:03:59.629] [odom] [warning] acc_stat ax=0.354 +- 0.259 [min=-0.214, max=0.986], ay=-0.776 +- 0.357 [min=-1.421, max=0.031], az=0.065 +- 0.031 [min=0.008, max=0.119] m/s^2
[2026-07-08 20:03:59.629] [odom] [warning] gyro_stat wx=-0.019 +- 0.000 [min=-0.020, max=-0.017], wy=-0.000 +- 0.001 [min=-0.004, max=0.002], wz=0.001 +- 0.000 [min=0.000, max=0.002] rad/s
[2026-07-08 20:04:00.709] [odom] [warning] IMU prediction is not good.
[2026-07-08 20:04:00.709] [odom] [warning] Possibly T_lidar_imu is not accurate or IMU bias is not well estimated.
[2026-07-08 20:04:00.709] [odom] [warning] IMU validation results:
[2026-07-08 20:04:00.709] [odom] [warning] num_validations=19776
[2026-07-08 20:04:00.709] [odom] [warning] No-IMU errors rot=0.221 +- 0.281 deg, trans=0.027 +- 0.023 m, vel=0.029 +- 0.031 m/s
[2026-07-08 20:04:00.709] [odom] [warning] IMU errors rot=0.073 +- 0.060 deg, trans=0.031 +- 0.018 m, vel=0.092 +- 0.049 m/s
[2026-07-08 20:04:00.709] [odom] [warning] IMU better ratios rot=0.85, trans=0.05, vel=0.10
[2026-07-08 20:04:00.781] [odom] [warning] IMU bias estimation seems inaccurate.
[2026-07-08 20:04:00.781] [odom] [warning] Possibly T_lidar_imu is not accurate or LiDAR-IMU synchronization is not correct.
[2026-07-08 20:04:00.781] [odom] [warning] IMU bias validation results:
[2026-07-08 20:04:00.781] [odom] [warning] num_bias_validations=20352
[2026-07-08 20:04:00.781] [odom] [warning] bias_acc=[0.518, -0.668, 0.030] m/s^2, bias_gyro=[-0.020, -0.001, 0.001] rad/s
[2026-07-08 20:04:00.781] [odom] [warning] acc_stat ax=0.355 +- 0.259 [min=-0.214, max=0.986], ay=-0.775 +- 0.356 [min=-1.421, max=0.031], az=0.065 +- 0.031 [min=0.008, max=0.119] m/s^2
[2026-07-08 20:04:00.781] [odom] [warning] gyro_stat wx=-0.019 +- 0.000 [min=-0.020, max=-0.017], wy=-0.000 +- 0.001 [min=-0.004, max=0.002], wz=0.001 +- 0.000 [min=0.000, max=0.002] rad/s
[2026-07-08 20:04:01.904] [glim] [info] playback speed: 2.960x
[2026-07-08 20:04:03.935] [odom] [warning] IMU prediction is not good.
[2026-07-08 20:04:03.935] [odom] [warning] Possibly T_lidar_imu is not accurate or IMU bias is not well estimated.
[2026-07-08 20:04:03.935] [odom] [warning] IMU validation results:
[2026-07-08 20:04:03.935] [odom] [warning] num_validations=19840
[2026-07-08 20:04:03.935] [odom] [warning] No-IMU errors rot=0.221 +- 0.280 deg, trans=0.027 +- 0.023 m, vel=0.029 +- 0.031 m/s
[2026-07-08 20:04:03.935] [odom] [warning] IMU errors rot=0.073 +- 0.060 deg, trans=0.031 +- 0.018 m, vel=0.091 +- 0.049 m/s
[2026-07-08 20:04:03.935] [odom] [warning] IMU better ratios rot=0.85, trans=0.04, vel=0.10
[2026-07-08 20:04:03.973] [odom] [warning] IMU bias estimation seems inaccurate.
[2026-07-08 20:04:03.973] [odom] [warning] Possibly T_lidar_imu is not accurate or LiDAR-IMU synchronization is not correct.
[2026-07-08 20:04:03.973] [odom] [warning] IMU bias validation results:
[2026-07-08 20:04:03.973] [odom] [warning] num_bias_validations=20416
[2026-07-08 20:04:03.973] [odom] [warning] bias_acc=[0.527, -0.682, 0.028] m/s^2, bias_gyro=[-0.020, -0.000, 0.002] rad/s
[2026-07-08 20:04:03.973] [odom] [warning] acc_stat ax=0.355 +- 0.259 [min=-0.214, max=0.986], ay=-0.775 +- 0.355 [min=-1.421, max=0.031], az=0.064 +- 0.031 [min=0.008, max=0.119] m/s^2
[2026-07-08 20:04:03.973] [odom] [warning] gyro_stat wx=-0.019 +- 0.000 [min=-0.020, max=-0.017], wy=-0.000 +- 0.001 [min=-0.004, max=0.002], wz=0.001 +- 0.000 [min=0.000, max=0.002] rad/s
[2026-07-08 20:04:05.091] [odom] [warning] IMU prediction is not good.
[2026-07-08 20:04:05.091] [odom] [warning] Possibly T_lidar_imu is not accurate or IMU bias is not well estimated.
[2026-07-08 20:04:05.091] [odom] [warning] IMU validation results:
[2026-07-08 20:04:05.091] [odom] [warning] num_validations=19904
[2026-07-08 20:04:05.091] [odom] [warning] No-IMU errors rot=0.221 +- 0.280 deg, trans=0.027 +- 0.023 m, vel=0.029 +- 0.031 m/s
[2026-07-08 20:04:05.091] [odom] [warning] IMU errors rot=0.072 +- 0.060 deg, trans=0.031 +- 0.018 m, vel=0.091 +- 0.049 m/s
[2026-07-08 20:04:05.091] [odom] [warning] IMU better ratios rot=0.85, trans=0.04, vel=0.10
[2026-07-08 20:04:05.368] [odom] [warning] IMU bias estimation seems inaccurate.
[2026-07-08 20:04:05.368] [odom] [warning] Possibly T_lidar_imu is not accurate or LiDAR-IMU synchronization is not correct.
[2026-07-08 20:04:05.368] [odom] [warning] IMU bias validation results:
[2026-07-08 20:04:05.369] [odom] [warning] num_bias_validations=20480
[2026-07-08 20:04:05.369] [odom] [warning] bias_acc=[0.535, -0.695, 0.027] m/s^2, bias_gyro=[-0.020, -0.000, 0.002] rad/s
[2026-07-08 20:04:05.369] [odom] [warning] acc_stat ax=0.356 +- 0.259 [min=-0.214, max=0.986], ay=-0.775 +- 0.355 [min=-1.421, max=0.031], az=0.064 +- 0.031 [min=0.008, max=0.119] m/s^2
[2026-07-08 20:04:05.369] [odom] [warning] gyro_stat wx=-0.019 +- 0.000 [min=-0.020, max=-0.017], wy=-0.000 +- 0.001 [min=-0.004, max=0.002], wz=0.001 +- 0.000 [min=0.000, max=0.002] rad/s
[2026-07-08 20:04:06.952] [glim] [info] playback speed: 2.713x
[2026-07-08 20:04:07.577] [odom] [warning] IMU prediction is not good.
[2026-07-08 20:04:07.577] [odom] [warning] Possibly T_lidar_imu is not accurate or IMU bias is not well estimated.
[2026-07-08 20:04:07.577] [odom] [warning] IMU validation results:
[2026-07-08 20:04:07.577] [odom] [warning] num_validations=19968
[2026-07-08 20:04:07.577] [odom] [warning] No-IMU errors rot=0.220 +- 0.279 deg, trans=0.027 +- 0.023 m, vel=0.029 +- 0.031 m/s
[2026-07-08 20:04:07.577] [odom] [warning] IMU errors rot=0.072 +- 0.060 deg, trans=0.031 +- 0.018 m, vel=0.091 +- 0.049 m/s
[2026-07-08 20:04:07.577] [odom] [warning] IMU better ratios rot=0.85, trans=0.04, vel=0.10
[2026-07-08 20:04:07.633] [odom] [warning] IMU bias estimation seems inaccurate.
[2026-07-08 20:04:07.633] [odom] [warning] Possibly T_lidar_imu is not accurate or LiDAR-IMU synchronization is not correct.
[2026-07-08 20:04:07.633] [odom] [warning] IMU bias validation results:
[2026-07-08 20:04:07.633] [odom] [warning] num_bias_validations=20544
[2026-07-08 20:04:07.633] [odom] [warning] bias_acc=[0.543, -0.710, 0.025] m/s^2, bias_gyro=[-0.020, -0.000, 0.002] rad/s
[2026-07-08 20:04:07.633] [odom] [warning] acc_stat ax=0.357 +- 0.259 [min=-0.214, max=0.986], ay=-0.775 +- 0.354 [min=-1.421, max=0.031], az=0.064 +- 0.031 [min=0.008, max=0.119] m/s^2
[2026-07-08 20:04:07.633] [odom] [warning] gyro_stat wx=-0.019 +- 0.000 [min=-0.020, max=-0.017], wy=-0.000 +- 0.001 [min=-0.004, max=0.002], wz=0.001 +- 0.000 [min=0.000, max=0.002] rad/s
[2026-07-08 20:04:09.762] [odom] [warning] IMU prediction is not good.
[2026-07-08 20:04:09.762] [odom] [warning] Possibly T_lidar_imu is not accurate or IMU bias is not well estimated.
[2026-07-08 20:04:09.762] [odom] [warning] IMU validation results:
[2026-07-08 20:04:09.762] [odom] [warning] num_validations=20032
[2026-07-08 20:04:09.762] [odom] [warning] No-IMU errors rot=0.220 +- 0.279 deg, trans=0.027 +- 0.023 m, vel=0.029 +- 0.031 m/s
[2026-07-08 20:04:09.762] [odom] [warning] IMU errors rot=0.072 +- 0.060 deg, trans=0.031 +- 0.018 m, vel=0.091 +- 0.049 m/s
[2026-07-08 20:04:09.762] [odom] [warning] IMU better ratios rot=0.85, trans=0.04, vel=0.10
[2026-07-08 20:04:10.080] [odom] [warning] IMU bias estimation seems inaccurate.
[2026-07-08 20:04:10.080] [odom] [warning] Possibly T_lidar_imu is not accurate or LiDAR-IMU synchronization is not correct.
[2026-07-08 20:04:10.080] [odom] [warning] IMU bias validation results:
[2026-07-08 20:04:10.080] [odom] [warning] num_bias_validations=20608
[2026-07-08 20:04:10.080] [odom] [warning] bias_acc=[0.549, -0.726, 0.024] m/s^2, bias_gyro=[-0.020, 0.000, 0.002] rad/s
[2026-07-08 20:04:10.080] [odom] [warning] acc_stat ax=0.357 +- 0.258 [min=-0.214, max=0.986], ay=-0.774 +- 0.354 [min=-1.421, max=0.031], az=0.064 +- 0.031 [min=0.008, max=0.119] m/s^2
[2026-07-08 20:04:10.080] [odom] [warning] gyro_stat wx=-0.019 +- 0.000 [min=-0.020, max=-0.017], wy=-0.000 +- 0.001 [min=-0.004, max=0.002], wz=0.001 +- 0.000 [min=0.000, max=0.002] rad/s
[2026-07-08 20:04:10.892] [odom] [warning] IMU prediction is not good.
[2026-07-08 20:04:10.892] [odom] [warning] Possibly T_lidar_imu is not accurate or IMU bias is not well estimated.
[2026-07-08 20:04:10.892] [odom] [warning] IMU validation results:
[2026-07-08 20:04:10.892] [odom] [warning] num_validations=20096
[2026-07-08 20:04:10.892] [odom] [warning] No-IMU errors rot=0.220 +- 0.279 deg, trans=0.027 +- 0.023 m, vel=0.029 +- 0.031 m/s
[2026-07-08 20:04:10.892] [odom] [warning] IMU errors rot=0.072 +- 0.060 deg, trans=0.031 +- 0.018 m, vel=0.091 +- 0.049 m/s
[2026-07-08 20:04:10.892] [odom] [warning] IMU better ratios rot=0.85, trans=0.04, vel=0.09
[2026-07-08 20:04:11.148] [odom] [warning] IMU bias estimation seems inaccurate.
[2026-07-08 20:04:11.148] [odom] [warning] Possibly T_lidar_imu is not accurate or LiDAR-IMU synchronization is not correct.
[2026-07-08 20:04:11.148] [odom] [warning] IMU bias validation results:
[2026-07-08 20:04:11.148] [odom] [warning] num_bias_validations=20672
[2026-07-08 20:04:11.148] [odom] [warning] bias_acc=[0.553, -0.741, 0.023] m/s^2, bias_gyro=[-0.020, 0.000, 0.002] rad/s
[2026-07-08 20:04:11.148] [odom] [warning] acc_stat ax=0.358 +- 0.258 [min=-0.214, max=0.986], ay=-0.774 +- 0.353 [min=-1.421, max=0.031], az=0.064 +- 0.031 [min=0.008, max=0.119] m/s^2
[2026-07-08 20:04:11.148] [odom] [warning] gyro_stat wx=-0.020 +- 0.000 [min=-0.020, max=-0.017], wy=-0.000 +- 0.001 [min=-0.004, max=0.002], wz=0.001 +- 0.000 [min=0.000, max=0.002] rad/s
[2026-07-08 20:04:11.973] [glim] [info] playback speed: 3.637x
[2026-07-08 20:04:12.798] [odom] [warning] IMU prediction is not good.
[2026-07-08 20:04:12.798] [odom] [warning] Possibly T_lidar_imu is not accurate or IMU bias is not well estimated.
[2026-07-08 20:04:12.798] [odom] [warning] IMU validation results:
[2026-07-08 20:04:12.798] [odom] [warning] num_validations=20160
[2026-07-08 20:04:12.798] [odom] [warning] No-IMU errors rot=0.219 +- 0.278 deg, trans=0.027 +- 0.023 m, vel=0.029 +- 0.031 m/s
[2026-07-08 20:04:12.798] [odom] [warning] IMU errors rot=0.072 +- 0.060 deg, trans=0.031 +- 0.018 m, vel=0.091 +- 0.049 m/s
[2026-07-08 20:04:12.798] [odom] [warning] IMU better ratios rot=0.85, trans=0.04, vel=0.09
[2026-07-08 20:04:12.859] [odom] [warning] IMU bias estimation seems inaccurate.
[2026-07-08 20:04:12.859] [odom] [warning] Possibly T_lidar_imu is not accurate or LiDAR-IMU synchronization is not correct.
[2026-07-08 20:04:12.859] [odom] [warning] IMU bias validation results:
[2026-07-08 20:04:12.859] [odom] [warning] num_bias_validations=20736
[2026-07-08 20:04:12.859] [odom] [warning] bias_acc=[0.558, -0.757, 0.021] m/s^2, bias_gyro=[-0.020, 0.000, 0.002] rad/s
[2026-07-08 20:04:12.859] [odom] [warning] acc_stat ax=0.358 +- 0.258 [min=-0.214, max=0.986], ay=-0.774 +- 0.353 [min=-1.421, max=0.031], az=0.064 +- 0.031 [min=0.008, max=0.119] m/s^2
[2026-07-08 20:04:12.859] [odom] [warning] gyro_stat wx=-0.020 +- 0.000 [min=-0.020, max=-0.017], wy=-0.000 +- 0.001 [min=-0.004, max=0.002], wz=0.001 +- 0.000 [min=0.000, max=0.002] rad/s
[2026-07-08 20:04:15.013] [odom] [warning] IMU prediction is not good.
[2026-07-08 20:04:15.013] [odom] [warning] Possibly T_lidar_imu is not accurate or IMU bias is not well estimated.
[2026-07-08 20:04:15.013] [odom] [warning] IMU validation results:
[2026-07-08 20:04:15.013] [odom] [warning] num_validations=20224
[2026-07-08 20:04:15.013] [odom] [warning] No-IMU errors rot=0.219 +- 0.278 deg, trans=0.027 +- 0.023 m, vel=0.029 +- 0.031 m/s
[2026-07-08 20:04:15.013] [odom] [warning] IMU errors rot=0.072 +- 0.060 deg, trans=0.031 +- 0.018 m, vel=0.091 +- 0.049 m/s
[2026-07-08 20:04:15.013] [odom] [warning] IMU better ratios rot=0.85, trans=0.04, vel=0.09
[2026-07-08 20:04:15.054] [odom] [warning] IMU bias estimation seems inaccurate.
[2026-07-08 20:04:15.054] [odom] [warning] Possibly T_lidar_imu is not accurate or LiDAR-IMU synchronization is not correct.
[2026-07-08 20:04:15.054] [odom] [warning] IMU bias validation results:
[2026-07-08 20:04:15.054] [odom] [warning] num_bias_validations=20800
[2026-07-08 20:04:15.054] [odom] [warning] bias_acc=[0.563, -0.773, 0.020] m/s^2, bias_gyro=[-0.020, -0.000, 0.002] rad/s
[2026-07-08 20:04:15.054] [odom] [warning] acc_stat ax=0.359 +- 0.258 [min=-0.214, max=0.986], ay=-0.774 +- 0.352 [min=-1.421, max=0.031], az=0.064 +- 0.031 [min=0.008, max=0.119] m/s^2
[2026-07-08 20:04:15.054] [odom] [warning] gyro_stat wx=-0.020 +- 0.000 [min=-0.020, max=-0.017], wy=-0.000 +- 0.001 [min=-0.004, max=0.002], wz=0.001 +- 0.000 [min=0.000, max=0.002] rad/s
[2026-07-08 20:04:16.081] [odom] [warning] IMU prediction is not good.
[2026-07-08 20:04:16.081] [odom] [warning] Possibly T_lidar_imu is not accurate or IMU bias is not well estimated.
[2026-07-08 20:04:16.081] [odom] [warning] IMU validation results:
[2026-07-08 20:04:16.081] [odom] [warning] num_validations=20288
[2026-07-08 20:04:16.081] [odom] [warning] No-IMU errors rot=0.219 +- 0.278 deg, trans=0.027 +- 0.023 m, vel=0.029 +- 0.031 m/s
[2026-07-08 20:04:16.081] [odom] [warning] IMU errors rot=0.072 +- 0.060 deg, trans=0.031 +- 0.018 m, vel=0.091 +- 0.048 m/s
[2026-07-08 20:04:16.081] [odom] [warning] IMU better ratios rot=0.85, trans=0.04, vel=0.09
[2026-07-08 20:04:16.195] [odom] [warning] IMU bias estimation seems inaccurate.
[2026-07-08 20:04:16.195] [odom] [warning] Possibly T_lidar_imu is not accurate or LiDAR-IMU synchronization is not correct.
[2026-07-08 20:04:16.195] [odom] [warning] IMU bias validation results:
[2026-07-08 20:04:16.195] [odom] [warning] num_bias_validations=20864
[2026-07-08 20:04:16.195] [odom] [warning] bias_acc=[0.568, -0.788, 0.018] m/s^2, bias_gyro=[-0.020, 0.000, 0.002] rad/s
[2026-07-08 20:04:16.195] [odom] [warning] acc_stat ax=0.360 +- 0.258 [min=-0.214, max=0.986], ay=-0.774 +- 0.352 [min=-1.421, max=0.031], az=0.064 +- 0.031 [min=0.008, max=0.119] m/s^2
[2026-07-08 20:04:16.195] [odom] [warning] gyro_stat wx=-0.020 +- 0.000 [min=-0.020, max=-0.017], wy=-0.000 +- 0.001 [min=-0.004, max=0.002], wz=0.001 +- 0.000 [min=0.000, max=0.002] rad/s
[2026-07-08 20:04:16.983] [glim] [info] playback speed: 3.827x
[2026-07-08 20:04:18.768] [odom] [warning] IMU prediction is not good.
[2026-07-08 20:04:18.768] [odom] [warning] Possibly T_lidar_imu is not accurate or IMU bias is not well estimated.
[2026-07-08 20:04:18.768] [odom] [warning] IMU validation results:
[2026-07-08 20:04:18.768] [odom] [warning] num_validations=20352
[2026-07-08 20:04:18.768] [odom] [warning] No-IMU errors rot=0.218 +- 0.277 deg, trans=0.027 +- 0.023 m, vel=0.029 +- 0.031 m/s
[2026-07-08 20:04:18.768] [odom] [warning] IMU errors rot=0.072 +- 0.060 deg, trans=0.031 +- 0.018 m, vel=0.091 +- 0.048 m/s
[2026-07-08 20:04:18.768] [odom] [warning] IMU better ratios rot=0.85, trans=0.04, vel=0.09
[2026-07-08 20:04:18.816] [odom] [warning] IMU bias estimation seems inaccurate.
[2026-07-08 20:04:18.816] [odom] [warning] Possibly T_lidar_imu is not accurate or LiDAR-IMU synchronization is not correct.
[2026-07-08 20:04:18.816] [odom] [warning] IMU bias validation results:
[2026-07-08 20:04:18.816] [odom] [warning] num_bias_validations=20928
[2026-07-08 20:04:18.816] [odom] [warning] bias_acc=[0.573, -0.802, 0.017] m/s^2, bias_gyro=[-0.020, -0.000, 0.002] rad/s
[2026-07-08 20:04:18.816] [odom] [warning] acc_stat ax=0.360 +- 0.258 [min=-0.214, max=0.986], ay=-0.774 +- 0.351 [min=-1.421, max=0.031], az=0.063 +- 0.031 [min=0.008, max=0.119] m/s^2
[2026-07-08 20:04:18.816] [odom] [warning] gyro_stat wx=-0.020 +- 0.000 [min=-0.020, max=-0.017], wy=-0.000 +- 0.001 [min=-0.004, max=0.002], wz=0.001 +- 0.000 [min=0.000, max=0.002] rad/s
[2026-07-08 20:04:20.396] [odom] [warning] IMU prediction is not good.
[2026-07-08 20:04:20.396] [odom] [warning] Possibly T_lidar_imu is not accurate or IMU bias is not well estimated.
[2026-07-08 20:04:20.396] [odom] [warning] IMU validation results:
[2026-07-08 20:04:20.396] [odom] [warning] num_validations=20416
[2026-07-08 20:04:20.396] [odom] [warning] No-IMU errors rot=0.218 +- 0.277 deg, trans=0.027 +- 0.023 m, vel=0.029 +- 0.030 m/s
[2026-07-08 20:04:20.396] [odom] [warning] IMU errors rot=0.072 +- 0.060 deg, trans=0.031 +- 0.018 m, vel=0.091 +- 0.048 m/s
[2026-07-08 20:04:20.396] [odom] [warning] IMU better ratios rot=0.85, trans=0.04, vel=0.09
[2026-07-08 20:04:20.681] [odom] [warning] IMU bias estimation seems inaccurate.
[2026-07-08 20:04:20.682] [odom] [warning] Possibly T_lidar_imu is not accurate or LiDAR-IMU synchronization is not correct.
[2026-07-08 20:04:20.682] [odom] [warning] IMU bias validation results:
[2026-07-08 20:04:20.682] [odom] [warning] num_bias_validations=20992
[2026-07-08 20:04:20.682] [odom] [warning] bias_acc=[0.577, -0.812, 0.016] m/s^2, bias_gyro=[-0.020, 0.000, 0.002] rad/s
[2026-07-08 20:04:20.682] [odom] [warning] acc_stat ax=0.361 +- 0.258 [min=-0.214, max=0.986], ay=-0.775 +- 0.351 [min=-1.421, max=0.031], az=0.063 +- 0.031 [min=0.008, max=0.119] m/s^2
[2026-07-08 20:04:20.682] [odom] [warning] gyro_stat wx=-0.020 +- 0.000 [min=-0.020, max=-0.017], wy=-0.000 +- 0.001 [min=-0.004, max=0.002], wz=0.001 +- 0.000 [min=0.000, max=0.002] rad/s
[2026-07-08 20:04:21.987] [glim] [info] playback speed: 3.386x
[2026-07-08 20:04:22.062] [odom] [warning] IMU prediction is not good.
[2026-07-08 20:04:22.062] [odom] [warning] Possibly T_lidar_imu is not accurate or IMU bias is not well estimated.
[2026-07-08 20:04:22.062] [odom] [warning] IMU validation results:
[2026-07-08 20:04:22.062] [odom] [warning] num_validations=20480
[2026-07-08 20:04:22.062] [odom] [warning] No-IMU errors rot=0.218 +- 0.277 deg, trans=0.027 +- 0.023 m, vel=0.029 +- 0.030 m/s
[2026-07-08 20:04:22.062] [odom] [warning] IMU errors rot=0.072 +- 0.060 deg, trans=0.030 +- 0.018 m, vel=0.091 +- 0.048 m/s
[2026-07-08 20:04:22.062] [odom] [warning] IMU better ratios rot=0.85, trans=0.04, vel=0.09
[2026-07-08 20:04:22.320] [odom] [warning] IMU bias estimation seems inaccurate.
[2026-07-08 20:04:22.320] [odom] [warning] Possibly T_lidar_imu is not accurate or LiDAR-IMU synchronization is not correct.
[2026-07-08 20:04:22.320] [odom] [warning] IMU bias validation results:
[2026-07-08 20:04:22.320] [odom] [warning] num_bias_validations=21056
[2026-07-08 20:04:22.320] [odom] [warning] bias_acc=[0.580, -0.819, 0.014] m/s^2, bias_gyro=[-0.019, 0.000, 0.002] rad/s
[2026-07-08 20:04:22.320] [odom] [warning] acc_stat ax=0.362 +- 0.257 [min=-0.214, max=0.986], ay=-0.775 +- 0.350 [min=-1.421, max=0.031], az=0.063 +- 0.031 [min=0.008, max=0.119] m/s^2
[2026-07-08 20:04:22.320] [odom] [warning] gyro_stat wx=-0.020 +- 0.000 [min=-0.020, max=-0.017], wy=-0.000 +- 0.001 [min=-0.004, max=0.002], wz=0.001 +- 0.000 [min=0.000, max=0.002] rad/s
[2026-07-08 20:04:23.469] [odom] [warning] IMU prediction is not good.
[2026-07-08 20:04:23.469] [odom] [warning] Possibly T_lidar_imu is not accurate or IMU bias is not well estimated.
[2026-07-08 20:04:23.469] [odom] [warning] IMU validation results:
[2026-07-08 20:04:23.469] [odom] [warning] num_validations=20544
[2026-07-08 20:04:23.469] [odom] [warning] No-IMU errors rot=0.218 +- 0.277 deg, trans=0.026 +- 0.023 m, vel=0.029 +- 0.030 m/s
[2026-07-08 20:04:23.469] [odom] [warning] IMU errors rot=0.072 +- 0.060 deg, trans=0.030 +- 0.018 m, vel=0.090 +- 0.048 m/s
[2026-07-08 20:04:23.469] [odom] [warning] IMU better ratios rot=0.85, trans=0.04, vel=0.09
[2026-07-08 20:04:23.681] [odom] [warning] IMU bias estimation seems inaccurate.
[2026-07-08 20:04:23.681] [odom] [warning] Possibly T_lidar_imu is not accurate or LiDAR-IMU synchronization is not correct.
[2026-07-08 20:04:23.681] [odom] [warning] IMU bias validation results:
[2026-07-08 20:04:23.681] [odom] [warning] num_bias_validations=21120
[2026-07-08 20:04:23.681] [odom] [warning] bias_acc=[0.584, -0.825, 0.013] m/s^2, bias_gyro=[-0.019, 0.000, 0.002] rad/s
[2026-07-08 20:04:23.681] [odom] [warning] acc_stat ax=0.362 +- 0.257 [min=-0.214, max=0.986], ay=-0.775 +- 0.350 [min=-1.421, max=0.031], az=0.063 +- 0.031 [min=0.008, max=0.119] m/s^2
[2026-07-08 20:04:23.681] [odom] [warning] gyro_stat wx=-0.020 +- 0.000 [min=-0.020, max=-0.017], wy=-0.000 +- 0.001 [min=-0.004, max=0.002], wz=0.001 +- 0.000 [min=0.000, max=0.002] rad/s
[2026-07-08 20:04:24.939] [odom] [warning] IMU prediction is not good.
[2026-07-08 20:04:24.939] [odom] [warning] Possibly T_lidar_imu is not accurate or IMU bias is not well estimated.
[2026-07-08 20:04:24.939] [odom] [warning] IMU validation results:
[2026-07-08 20:04:24.939] [odom] [warning] num_validations=20608
[2026-07-08 20:04:24.939] [odom] [warning] No-IMU errors rot=0.217 +- 0.276 deg, trans=0.026 +- 0.023 m, vel=0.029 +- 0.030 m/s
[2026-07-08 20:04:24.939] [odom] [warning] IMU errors rot=0.072 +- 0.060 deg, trans=0.030 +- 0.018 m, vel=0.090 +- 0.048 m/s
[2026-07-08 20:04:24.939] [odom] [warning] IMU better ratios rot=0.85, trans=0.04, vel=0.09
[2026-07-08 20:04:25.090] [odom] [warning] IMU bias estimation seems inaccurate.
[2026-07-08 20:04:25.090] [odom] [warning] Possibly T_lidar_imu is not accurate or LiDAR-IMU synchronization is not correct.
[2026-07-08 20:04:25.090] [odom] [warning] IMU bias validation results:
[2026-07-08 20:04:25.090] [odom] [warning] num_bias_validations=21184
[2026-07-08 20:04:25.090] [odom] [warning] bias_acc=[0.588, -0.830, 0.012] m/s^2, bias_gyro=[-0.019, 0.000, 0.002] rad/s
[2026-07-08 20:04:25.090] [odom] [warning] acc_stat ax=0.363 +- 0.257 [min=-0.214, max=0.986], ay=-0.775 +- 0.349 [min=-1.421, max=0.031], az=0.063 +- 0.031 [min=0.008, max=0.119] m/s^2
[2026-07-08 20:04:25.090] [odom] [warning] gyro_stat wx=-0.020 +- 0.000 [min=-0.020, max=-0.017], wy=-0.000 +- 0.001 [min=-0.004, max=0.002], wz=0.001 +- 0.000 [min=0.000, max=0.002] rad/s
[2026-07-08 20:04:26.907] [odom] [warning] IMU prediction is not good.
[2026-07-08 20:04:26.907] [odom] [warning] Possibly T_lidar_imu is not accurate or IMU bias is not well estimated.
[2026-07-08 20:04:26.907] [odom] [warning] IMU validation results:
[2026-07-08 20:04:26.907] [odom] [warning] num_validations=20672
[2026-07-08 20:04:26.907] [odom] [warning] No-IMU errors rot=0.217 +- 0.276 deg, trans=0.026 +- 0.023 m, vel=0.029 +- 0.030 m/s
[2026-07-08 20:04:26.907] [odom] [warning] IMU errors rot=0.071 +- 0.060 deg, trans=0.030 +- 0.018 m, vel=0.090 +- 0.049 m/s
[2026-07-08 20:04:26.907] [odom] [warning] IMU better ratios rot=0.85, trans=0.04, vel=0.09
[2026-07-08 20:04:27.011] [glim] [info] playback speed: 3.978x
[2026-07-08 20:04:27.099] [odom] [warning] IMU bias estimation seems inaccurate.
[2026-07-08 20:04:27.099] [odom] [warning] Possibly T_lidar_imu is not accurate or LiDAR-IMU synchronization is not correct.
[2026-07-08 20:04:27.099] [odom] [warning] IMU bias validation results:
[2026-07-08 20:04:27.099] [odom] [warning] num_bias_validations=21248
[2026-07-08 20:04:27.099] [odom] [warning] bias_acc=[0.592, -0.835, 0.011] m/s^2, bias_gyro=[-0.020, 0.000, 0.002] rad/s
[2026-07-08 20:04:27.099] [odom] [warning] acc_stat ax=0.364 +- 0.257 [min=-0.214, max=0.986], ay=-0.775 +- 0.349 [min=-1.421, max=0.031], az=0.063 +- 0.031 [min=0.008, max=0.119] m/s^2
[2026-07-08 20:04:27.099] [odom] [warning] gyro_stat wx=-0.020 +- 0.000 [min=-0.020, max=-0.017], wy=-0.000 +- 0.001 [min=-0.004, max=0.002], wz=0.001 +- 0.000 [min=0.000, max=0.002] rad/s
[2026-07-08 20:04:29.599] [odom] [warning] IMU prediction is not good.
[2026-07-08 20:04:29.599] [odom] [warning] Possibly T_lidar_imu is not accurate or IMU bias is not well estimated.
[2026-07-08 20:04:29.599] [odom] [warning] IMU validation results:
[2026-07-08 20:04:29.599] [odom] [warning] num_validations=20736
[2026-07-08 20:04:29.599] [odom] [warning] No-IMU errors rot=0.217 +- 0.276 deg, trans=0.026 +- 0.023 m, vel=0.029 +- 0.030 m/s
[2026-07-08 20:04:29.599] [odom] [warning] IMU errors rot=0.071 +- 0.059 deg, trans=0.030 +- 0.018 m, vel=0.090 +- 0.049 m/s
[2026-07-08 20:04:29.599] [odom] [warning] IMU better ratios rot=0.85, trans=0.04, vel=0.09
[2026-07-08 20:04:29.769] [odom] [warning] IMU bias estimation seems inaccurate.
[2026-07-08 20:04:29.769] [odom] [warning] Possibly T_lidar_imu is not accurate or LiDAR-IMU synchronization is not correct.
[2026-07-08 20:04:29.769] [odom] [warning] IMU bias validation results:
[2026-07-08 20:04:29.769] [odom] [warning] num_bias_validations=21312
[2026-07-08 20:04:29.769] [odom] [warning] bias_acc=[0.595, -0.842, 0.010] m/s^2, bias_gyro=[-0.019, 0.000, 0.002] rad/s
[2026-07-08 20:04:29.769] [odom] [warning] acc_stat ax=0.364 +- 0.257 [min=-0.214, max=0.986], ay=-0.775 +- 0.348 [min=-1.421, max=0.031], az=0.063 +- 0.032 [min=0.008, max=0.119] m/s^2
[2026-07-08 20:04:29.769] [odom] [warning] gyro_stat wx=-0.020 +- 0.000 [min=-0.020, max=-0.017], wy=-0.000 +- 0.001 [min=-0.004, max=0.002], wz=0.001 +- 0.000 [min=0.000, max=0.002] rad/s
[2026-07-08 20:04:30.428] [odom] [warning] IMU prediction is not good.
[2026-07-08 20:04:30.428] [odom] [warning] Possibly T_lidar_imu is not accurate or IMU bias is not well estimated.
[2026-07-08 20:04:30.428] [odom] [warning] IMU validation results:
[2026-07-08 20:04:30.428] [odom] [warning] num_validations=20800
[2026-07-08 20:04:30.428] [odom] [warning] No-IMU errors rot=0.217 +- 0.275 deg, trans=0.026 +- 0.022 m, vel=0.029 +- 0.030 m/s
[2026-07-08 20:04:30.428] [odom] [warning] IMU errors rot=0.071 +- 0.059 deg, trans=0.030 +- 0.018 m, vel=0.090 +- 0.049 m/s
[2026-07-08 20:04:30.428] [odom] [warning] IMU better ratios rot=0.85, trans=0.04, vel=0.09
[2026-07-08 20:04:30.592] [odom] [warning] IMU bias estimation seems inaccurate.
[2026-07-08 20:04:30.592] [odom] [warning] Possibly T_lidar_imu is not accurate or LiDAR-IMU synchronization is not correct.
[2026-07-08 20:04:30.592] [odom] [warning] IMU bias validation results:
[2026-07-08 20:04:30.592] [odom] [warning] num_bias_validations=21376
[2026-07-08 20:04:30.592] [odom] [warning] bias_acc=[0.599, -0.845, 0.009] m/s^2, bias_gyro=[-0.019, 0.000, 0.002] rad/s
[2026-07-08 20:04:30.592] [odom] [warning] acc_stat ax=0.365 +- 0.257 [min=-0.214, max=0.986], ay=-0.776 +- 0.348 [min=-1.421, max=0.031], az=0.062 +- 0.032 [min=0.008, max=0.119] m/s^2
[2026-07-08 20:04:30.592] [odom] [warning] gyro_stat wx=-0.020 +- 0.000 [min=-0.020, max=-0.017], wy=-0.000 +- 0.001 [min=-0.004, max=0.002], wz=0.001 +- 0.000 [min=0.000, max=0.002] rad/s
[2026-07-08 20:04:32.022] [glim] [info] playback speed: 3.766x
[2026-07-08 20:04:32.083] [odom] [warning] IMU prediction is not good.
[2026-07-08 20:04:32.083] [odom] [warning] Possibly T_lidar_imu is not accurate or IMU bias is not well estimated.
[2026-07-08 20:04:32.083] [odom] [warning] IMU validation results:
[2026-07-08 20:04:32.083] [odom] [warning] num_validations=20864
[2026-07-08 20:04:32.083] [odom] [warning] No-IMU errors rot=0.216 +- 0.275 deg, trans=0.026 +- 0.022 m, vel=0.029 +- 0.030 m/s
[2026-07-08 20:04:32.083] [odom] [warning] IMU errors rot=0.071 +- 0.059 deg, trans=0.030 +- 0.018 m, vel=0.090 +- 0.049 m/s
[2026-07-08 20:04:32.083] [odom] [warning] IMU better ratios rot=0.85, trans=0.04, vel=0.10
[2026-07-08 20:04:32.254] [odom] [warning] IMU bias estimation seems inaccurate.
[2026-07-08 20:04:32.254] [odom] [warning] Possibly T_lidar_imu is not accurate or LiDAR-IMU synchronization is not correct.
[2026-07-08 20:04:32.254] [odom] [warning] IMU bias validation results:
[2026-07-08 20:04:32.254] [odom] [warning] num_bias_validations=21440
[2026-07-08 20:04:32.254] [odom] [warning] bias_acc=[0.603, -0.849, 0.008] m/s^2, bias_gyro=[-0.019, -0.000, 0.002] rad/s
[2026-07-08 20:04:32.254] [odom] [warning] acc_stat ax=0.366 +- 0.257 [min=-0.214, max=0.986], ay=-0.776 +- 0.347 [min=-1.421, max=0.031], az=0.062 +- 0.032 [min=0.008, max=0.119] m/s^2
[2026-07-08 20:04:32.254] [odom] [warning] gyro_stat wx=-0.020 +- 0.000 [min=-0.020, max=-0.017], wy=-0.000 +- 0.001 [min=-0.004, max=0.002], wz=0.001 +- 0.000 [min=0.000, max=0.002] rad/s
[2026-07-08 20:04:33.472] [odom] [warning] IMU prediction is not good.
[2026-07-08 20:04:33.472] [odom] [warning] Possibly T_lidar_imu is not accurate or IMU bias is not well estimated.
[2026-07-08 20:04:33.472] [odom] [warning] IMU validation results:
[2026-07-08 20:04:33.472] [odom] [warning] num_validations=20928
[2026-07-08 20:04:33.472] [odom] [warning] No-IMU errors rot=0.216 +- 0.275 deg, trans=0.026 +- 0.022 m, vel=0.029 +- 0.030 m/s
[2026-07-08 20:04:33.472] [odom] [warning] IMU errors rot=0.071 +- 0.059 deg, trans=0.030 +- 0.018 m, vel=0.089 +- 0.049 m/s
[2026-07-08 20:04:33.472] [odom] [warning] IMU better ratios rot=0.85, trans=0.04, vel=0.10
[2026-07-08 20:04:33.646] [odom] [warning] IMU bias estimation seems inaccurate.
[2026-07-08 20:04:33.646] [odom] [warning] Possibly T_lidar_imu is not accurate or LiDAR-IMU synchronization is not correct.
[2026-07-08 20:04:33.646] [odom] [warning] IMU bias validation results:
[2026-07-08 20:04:33.646] [odom] [warning] num_bias_validations=21504
[2026-07-08 20:04:33.646] [odom] [warning] bias_acc=[0.608, -0.851, 0.007] m/s^2, bias_gyro=[-0.019, 0.000, 0.002] rad/s
[2026-07-08 20:04:33.646] [odom] [warning] acc_stat ax=0.367 +- 0.257 [min=-0.214, max=0.986], ay=-0.776 +- 0.347 [min=-1.421, max=0.031], az=0.062 +- 0.032 [min=0.007, max=0.119] m/s^2
[2026-07-08 20:04:33.646] [odom] [warning] gyro_stat wx=-0.020 +- 0.000 [min=-0.020, max=-0.017], wy=-0.000 +- 0.001 [min=-0.004, max=0.002], wz=0.001 +- 0.000 [min=0.000, max=0.002] rad/s
[2026-07-08 20:04:35.492] [odom] [warning] IMU prediction is not good.
[2026-07-08 20:04:35.492] [odom] [warning] Possibly T_lidar_imu is not accurate or IMU bias is not well estimated.
[2026-07-08 20:04:35.492] [odom] [warning] IMU validation results:
[2026-07-08 20:04:35.492] [odom] [warning] num_validations=20992
[2026-07-08 20:04:35.492] [odom] [warning] No-IMU errors rot=0.216 +- 0.274 deg, trans=0.026 +- 0.022 m, vel=0.029 +- 0.030 m/s
[2026-07-08 20:04:35.492] [odom] [warning] IMU errors rot=0.071 +- 0.059 deg, trans=0.030 +- 0.018 m, vel=0.089 +- 0.049 m/s
[2026-07-08 20:04:35.492] [odom] [warning] IMU better ratios rot=0.85, trans=0.04, vel=0.10
[2026-07-08 20:04:35.685] [odom] [warning] IMU bias estimation seems inaccurate.
[2026-07-08 20:04:35.685] [odom] [warning] Possibly T_lidar_imu is not accurate or LiDAR-IMU synchronization is not correct.
[2026-07-08 20:04:35.685] [odom] [warning] IMU bias validation results:
[2026-07-08 20:04:35.685] [odom] [warning] num_bias_validations=21568
[2026-07-08 20:04:35.685] [odom] [warning] bias_acc=[0.612, -0.851, 0.006] m/s^2, bias_gyro=[-0.019, 0.000, 0.002] rad/s
[2026-07-08 20:04:35.685] [odom] [warning] acc_stat ax=0.367 +- 0.257 [min=-0.214, max=0.986], ay=-0.776 +- 0.346 [min=-1.421, max=0.031], az=0.062 +- 0.032 [min=0.006, max=0.119] m/s^2
[2026-07-08 20:04:35.685] [odom] [warning] gyro_stat wx=-0.020 +- 0.000 [min=-0.020, max=-0.017], wy=-0.000 +- 0.001 [min=-0.004, max=0.002], wz=0.001 +- 0.000 [min=0.000, max=0.002] rad/s
[2026-07-08 20:04:37.052] [glim] [info] playback speed: 3.610x
[2026-07-08 20:04:37.574] [odom] [warning] IMU prediction is not good.
[2026-07-08 20:04:37.574] [odom] [warning] Possibly T_lidar_imu is not accurate or IMU bias is not well estimated.
[2026-07-08 20:04:37.574] [odom] [warning] IMU validation results:
[2026-07-08 20:04:37.574] [odom] [warning] num_validations=21056
[2026-07-08 20:04:37.574] [odom] [warning] No-IMU errors rot=0.215 +- 0.274 deg, trans=0.026 +- 0.022 m, vel=0.029 +- 0.030 m/s
[2026-07-08 20:04:37.574] [odom] [warning] IMU errors rot=0.071 +- 0.059 deg, trans=0.030 +- 0.018 m, vel=0.089 +- 0.049 m/s
[2026-07-08 20:04:37.574] [odom] [warning] IMU better ratios rot=0.85, trans=0.04, vel=0.10
[2026-07-08 20:04:37.711] [odom] [warning] IMU bias estimation seems inaccurate.
[2026-07-08 20:04:37.711] [odom] [warning] Possibly T_lidar_imu is not accurate or LiDAR-IMU synchronization is not correct.
[2026-07-08 20:04:37.711] [odom] [warning] IMU bias validation results:
[2026-07-08 20:04:37.711] [odom] [warning] num_bias_validations=21632
[2026-07-08 20:04:37.711] [odom] [warning] bias_acc=[0.616, -0.852, 0.005] m/s^2, bias_gyro=[-0.020, 0.000, 0.002] rad/s
[2026-07-08 20:04:37.711] [odom] [warning] acc_stat ax=0.368 +- 0.257 [min=-0.214, max=0.986], ay=-0.776 +- 0.346 [min=-1.421, max=0.031], az=0.062 +- 0.032 [min=0.005, max=0.119] m/s^2
[2026-07-08 20:04:37.711] [odom] [warning] gyro_stat wx=-0.020 +- 0.000 [min=-0.020, max=-0.017], wy=-0.000 +- 0.001 [min=-0.004, max=0.002], wz=0.001 +- 0.000 [min=0.000, max=0.002] rad/s
[2026-07-08 20:04:39.319] [odom] [warning] IMU prediction is not good.
[2026-07-08 20:04:39.319] [odom] [warning] Possibly T_lidar_imu is not accurate or IMU bias is not well estimated.
[2026-07-08 20:04:39.319] [odom] [warning] IMU validation results:
[2026-07-08 20:04:39.319] [odom] [warning] num_validations=21120
[2026-07-08 20:04:39.319] [odom] [warning] No-IMU errors rot=0.215 +- 0.274 deg, trans=0.026 +- 0.022 m, vel=0.029 +- 0.030 m/s
[2026-07-08 20:04:39.319] [odom] [warning] IMU errors rot=0.071 +- 0.059 deg, trans=0.030 +- 0.018 m, vel=0.089 +- 0.049 m/s
[2026-07-08 20:04:39.319] [odom] [warning] IMU better ratios rot=0.85, trans=0.05, vel=0.10
[2026-07-08 20:04:39.512] [odom] [warning] IMU bias estimation seems inaccurate.
[2026-07-08 20:04:39.512] [odom] [warning] Possibly T_lidar_imu is not accurate or LiDAR-IMU synchronization is not correct.
[2026-07-08 20:04:39.512] [odom] [warning] IMU bias validation results:
[2026-07-08 20:04:39.512] [odom] [warning] num_bias_validations=21696
[2026-07-08 20:04:39.512] [odom] [warning] bias_acc=[0.619, -0.853, 0.004] m/s^2, bias_gyro=[-0.020, 0.001, 0.002] rad/s
[2026-07-08 20:04:39.512] [odom] [warning] acc_stat ax=0.369 +- 0.257 [min=-0.214, max=0.986], ay=-0.777 +- 0.345 [min=-1.421, max=0.031], az=0.062 +- 0.032 [min=0.004, max=0.119] m/s^2
[2026-07-08 20:04:39.512] [odom] [warning] gyro_stat wx=-0.020 +- 0.000 [min=-0.020, max=-0.017], wy=-0.000 +- 0.001 [min=-0.004, max=0.002], wz=0.001 +- 0.000 [min=0.000, max=0.002] rad/s
[2026-07-08 20:04:40.470] [odom] [warning] IMU prediction is not good.
[2026-07-08 20:04:40.470] [odom] [warning] Possibly T_lidar_imu is not accurate or IMU bias is not well estimated.
[2026-07-08 20:04:40.470] [odom] [warning] IMU validation results:
[2026-07-08 20:04:40.470] [odom] [warning] num_validations=21184
[2026-07-08 20:04:40.470] [odom] [warning] No-IMU errors rot=0.215 +- 0.273 deg, trans=0.026 +- 0.022 m, vel=0.029 +- 0.030 m/s
[2026-07-08 20:04:40.470] [odom] [warning] IMU errors rot=0.071 +- 0.059 deg, trans=0.030 +- 0.018 m, vel=0.088 +- 0.049 m/s
[2026-07-08 20:04:40.470] [odom] [warning] IMU better ratios rot=0.85, trans=0.05, vel=0.10
[2026-07-08 20:04:40.663] [odom] [warning] IMU bias estimation seems inaccurate.
[2026-07-08 20:04:40.663] [odom] [warning] Possibly T_lidar_imu is not accurate or LiDAR-IMU synchronization is not correct.
[2026-07-08 20:04:40.663] [odom] [warning] IMU bias validation results:
[2026-07-08 20:04:40.663] [odom] [warning] num_bias_validations=21760
[2026-07-08 20:04:40.663] [odom] [warning] bias_acc=[0.620, -0.856, 0.003] m/s^2, bias_gyro=[-0.020, 0.001, 0.002] rad/s
[2026-07-08 20:04:40.663] [odom] [warning] acc_stat ax=0.369 +- 0.257 [min=-0.214, max=0.986], ay=-0.777 +- 0.345 [min=-1.421, max=0.031], az=0.061 +- 0.032 [min=0.003, max=0.119] m/s^2
[2026-07-08 20:04:40.663] [odom] [warning] gyro_stat wx=-0.020 +- 0.000 [min=-0.020, max=-0.017], wy=-0.000 +- 0.001 [min=-0.004, max=0.002], wz=0.001 +- 0.000 [min=0.000, max=0.002] rad/s
[2026-07-08 20:04:41.797] [odom] [warning] IMU prediction is not good.
[2026-07-08 20:04:41.797] [odom] [warning] Possibly T_lidar_imu is not accurate or IMU bias is not well estimated.
[2026-07-08 20:04:41.797] [odom] [warning] IMU validation results:
[2026-07-08 20:04:41.797] [odom] [warning] num_validations=21248
[2026-07-08 20:04:41.797] [odom] [warning] No-IMU errors rot=0.215 +- 0.273 deg, trans=0.026 +- 0.022 m, vel=0.029 +- 0.030 m/s
[2026-07-08 20:04:41.797] [odom] [warning] IMU errors rot=0.071 +- 0.059 deg, trans=0.030 +- 0.018 m, vel=0.088 +- 0.049 m/s
[2026-07-08 20:04:41.797] [odom] [warning] IMU better ratios rot=0.85, trans=0.05, vel=0.10
[2026-07-08 20:04:41.982] [odom] [warning] IMU bias estimation seems inaccurate.
[2026-07-08 20:04:41.982] [odom] [warning] Possibly T_lidar_imu is not accurate or LiDAR-IMU synchronization is not correct.
[2026-07-08 20:04:41.982] [odom] [warning] IMU bias validation results:
[2026-07-08 20:04:41.982] [odom] [warning] num_bias_validations=21824
[2026-07-08 20:04:41.982] [odom] [warning] bias_acc=[0.620, -0.860, 0.002] m/s^2, bias_gyro=[-0.020, 0.001, 0.002] rad/s
[2026-07-08 20:04:41.982] [odom] [warning] acc_stat ax=0.370 +- 0.257 [min=-0.214, max=0.986], ay=-0.777 +- 0.344 [min=-1.421, max=0.031], az=0.061 +- 0.032 [min=0.002, max=0.119] m/s^2
[2026-07-08 20:04:41.982] [odom] [warning] gyro_stat wx=-0.020 +- 0.000 [min=-0.020, max=-0.017], wy=-0.000 +- 0.001 [min=-0.004, max=0.002], wz=0.001 +- 0.000 [min=0.000, max=0.002] rad/s
[2026-07-08 20:04:42.071] [glim] [info] playback speed: 4.365x
[2026-07-08 20:04:43.475] [odom] [warning] IMU prediction is not good.
[2026-07-08 20:04:43.475] [odom] [warning] Possibly T_lidar_imu is not accurate or IMU bias is not well estimated.
[2026-07-08 20:04:43.475] [odom] [warning] IMU validation results:
[2026-07-08 20:04:43.475] [odom] [warning] num_validations=21312
[2026-07-08 20:04:43.475] [odom] [warning] No-IMU errors rot=0.214 +- 0.273 deg, trans=0.026 +- 0.022 m, vel=0.029 +- 0.030 m/s
[2026-07-08 20:04:43.475] [odom] [warning] IMU errors rot=0.071 +- 0.059 deg, trans=0.030 +- 0.018 m, vel=0.088 +- 0.049 m/s
[2026-07-08 20:04:43.475] [odom] [warning] IMU better ratios rot=0.85, trans=0.05, vel=0.10
[2026-07-08 20:04:43.518] [odom] [warning] IMU bias estimation seems inaccurate.
[2026-07-08 20:04:43.518] [odom] [warning] Possibly T_lidar_imu is not accurate or LiDAR-IMU synchronization is not correct.
[2026-07-08 20:04:43.518] [odom] [warning] IMU bias validation results:
[2026-07-08 20:04:43.518] [odom] [warning] num_bias_validations=21888
[2026-07-08 20:04:43.518] [odom] [warning] bias_acc=[0.617, -0.864, 0.002] m/s^2, bias_gyro=[-0.020, 0.001, 0.002] rad/s
[2026-07-08 20:04:43.518] [odom] [warning] acc_stat ax=0.371 +- 0.257 [min=-0.214, max=0.986], ay=-0.777 +- 0.344 [min=-1.421, max=0.031], az=0.061 +- 0.032 [min=0.002, max=0.119] m/s^2
[2026-07-08 20:04:43.518] [odom] [warning] gyro_stat wx=-0.020 +- 0.000 [min=-0.020, max=-0.017], wy=-0.000 +- 0.001 [min=-0.004, max=0.002], wz=0.001 +- 0.000 [min=0.000, max=0.002] rad/s
[2026-07-08 20:04:45.119] [odom] [warning] IMU bias estimation seems inaccurate.
[2026-07-08 20:04:45.119] [odom] [warning] Possibly T_lidar_imu is not accurate or LiDAR-IMU synchronization is not correct.
[2026-07-08 20:04:45.119] [odom] [warning] IMU bias validation results:
[2026-07-08 20:04:45.119] [odom] [warning] num_bias_validations=21952
[2026-07-08 20:04:45.119] [odom] [warning] bias_acc=[0.614, -0.869, 0.001] m/s^2, bias_gyro=[-0.020, 0.001, 0.002] rad/s
[2026-07-08 20:04:45.119] [odom] [warning] acc_stat ax=0.372 +- 0.257 [min=-0.214, max=0.986], ay=-0.778 +- 0.343 [min=-1.421, max=0.031], az=0.061 +- 0.033 [min=0.001, max=0.119] m/s^2
[2026-07-08 20:04:45.119] [odom] [warning] gyro_stat wx=-0.020 +- 0.000 [min=-0.020, max=-0.017], wy=-0.000 +- 0.001 [min=-0.004, max=0.002], wz=0.001 +- 0.000 [min=0.000, max=0.002] rad/s
[2026-07-08 20:04:47.097] [glim] [info] playback speed: 3.773x
[2026-07-08 20:04:47.197] [odom] [warning] IMU bias estimation seems inaccurate.
[2026-07-08 20:04:47.197] [odom] [warning] Possibly T_lidar_imu is not accurate or LiDAR-IMU synchronization is not correct.
[2026-07-08 20:04:47.197] [odom] [warning] IMU bias validation results:
[2026-07-08 20:04:47.197] [odom] [warning] num_bias_validations=22016
[2026-07-08 20:04:47.197] [odom] [warning] bias_acc=[0.611, -0.875, 0.001] m/s^2, bias_gyro=[-0.020, 0.001, 0.002] rad/s
[2026-07-08 20:04:47.197] [odom] [warning] acc_stat ax=0.372 +- 0.257 [min=-0.214, max=0.986], ay=-0.778 +- 0.343 [min=-1.421, max=0.031], az=0.061 +- 0.033 [min=0.001, max=0.119] m/s^2
[2026-07-08 20:04:47.197] [odom] [warning] gyro_stat wx=-0.020 +- 0.000 [min=-0.020, max=-0.017], wy=-0.000 +- 0.001 [min=-0.004, max=0.002], wz=0.001 +- 0.000 [min=0.000, max=0.002] rad/s
[2026-07-08 20:04:47.614] [odom] [warning] IMU prediction is not good.
[2026-07-08 20:04:47.614] [odom] [warning] Possibly T_lidar_imu is not accurate or IMU bias is not well estimated.
[2026-07-08 20:04:47.614] [odom] [warning] IMU validation results:
[2026-07-08 20:04:47.614] [odom] [warning] num_validations=21376
[2026-07-08 20:04:47.614] [odom] [warning] No-IMU errors rot=0.214 +- 0.272 deg, trans=0.026 +- 0.022 m, vel=0.029 +- 0.030 m/s
[2026-07-08 20:04:47.614] [odom] [warning] IMU errors rot=0.071 +- 0.059 deg, trans=0.030 +- 0.018 m, vel=0.088 +- 0.049 m/s
[2026-07-08 20:04:47.614] [odom] [warning] IMU better ratios rot=0.85, trans=0.05, vel=0.10
[2026-07-08 20:04:48.130] [odom] [warning] IMU bias estimation seems inaccurate.
[2026-07-08 20:04:48.130] [odom] [warning] Possibly T_lidar_imu is not accurate or LiDAR-IMU synchronization is not correct.
[2026-07-08 20:04:48.130] [odom] [warning] IMU bias validation results:
[2026-07-08 20:04:48.130] [odom] [warning] num_bias_validations=22080
[2026-07-08 20:04:48.130] [odom] [warning] bias_acc=[0.607, -0.881, -0.000] m/s^2, bias_gyro=[-0.020, 0.001, 0.002] rad/s
[2026-07-08 20:04:48.130] [odom] [warning] acc_stat ax=0.373 +- 0.257 [min=-0.214, max=0.986], ay=-0.778 +- 0.342 [min=-1.421, max=0.031], az=0.060 +- 0.033 [min=-0.000, max=0.119] m/s^2
[2026-07-08 20:04:48.130] [odom] [warning] gyro_stat wx=-0.020 +- 0.000 [min=-0.020, max=-0.017], wy=-0.000 +- 0.001 [min=-0.004, max=0.002], wz=0.001 +- 0.000 [min=0.000, max=0.002] rad/s
[2026-07-08 20:04:48.788] [odom] [warning] IMU prediction is not good.
[2026-07-08 20:04:48.788] [odom] [warning] Possibly T_lidar_imu is not accurate or IMU bias is not well estimated.
[2026-07-08 20:04:48.788] [odom] [warning] IMU validation results:
[2026-07-08 20:04:48.788] [odom] [warning] num_validations=21440
[2026-07-08 20:04:48.788] [odom] [warning] No-IMU errors rot=0.214 +- 0.272 deg, trans=0.026 +- 0.022 m, vel=0.029 +- 0.030 m/s
[2026-07-08 20:04:48.788] [odom] [warning] IMU errors rot=0.071 +- 0.059 deg, trans=0.029 +- 0.018 m, vel=0.088 +- 0.049 m/s
[2026-07-08 20:04:48.788] [odom] [warning] IMU better ratios rot=0.85, trans=0.05, vel=0.10
[2026-07-08 20:04:49.691] [odom] [warning] IMU bias estimation seems inaccurate.
[2026-07-08 20:04:49.691] [odom] [warning] Possibly T_lidar_imu is not accurate or LiDAR-IMU synchronization is not correct.
[2026-07-08 20:04:49.691] [odom] [warning] IMU bias validation results:
[2026-07-08 20:04:49.691] [odom] [warning] num_bias_validations=22144
[2026-07-08 20:04:49.691] [odom] [warning] bias_acc=[0.600, -0.885, -0.000] m/s^2, bias_gyro=[-0.020, 0.001, 0.002] rad/s
[2026-07-08 20:04:49.691] [odom] [warning] acc_stat ax=0.374 +- 0.257 [min=-0.214, max=0.986], ay=-0.779 +- 0.342 [min=-1.421, max=0.031], az=0.060 +- 0.033 [min=-0.000, max=0.119] m/s^2
[2026-07-08 20:04:49.691] [odom] [warning] gyro_stat wx=-0.020 +- 0.000 [min=-0.020, max=-0.017], wy=-0.000 +- 0.001 [min=-0.004, max=0.002], wz=0.001 +- 0.000 [min=0.000, max=0.002] rad/s
[2026-07-08 20:04:50.373] [odom] [warning] IMU prediction is not good.
[2026-07-08 20:04:50.373] [odom] [warning] Possibly T_lidar_imu is not accurate or IMU bias is not well estimated.
[2026-07-08 20:04:50.373] [odom] [warning] IMU validation results:
[2026-07-08 20:04:50.373] [odom] [warning] num_validations=21504
[2026-07-08 20:04:50.373] [odom] [warning] No-IMU errors rot=0.214 +- 0.272 deg, trans=0.026 +- 0.022 m, vel=0.029 +- 0.030 m/s
[2026-07-08 20:04:50.373] [odom] [warning] IMU errors rot=0.071 +- 0.059 deg, trans=0.029 +- 0.018 m, vel=0.088 +- 0.049 m/s
[2026-07-08 20:04:50.373] [odom] [warning] IMU better ratios rot=0.85, trans=0.05, vel=0.10
[2026-07-08 20:04:52.101] [odom] [warning] IMU bias estimation seems inaccurate.
[2026-07-08 20:04:52.101] [odom] [warning] Possibly T_lidar_imu is not accurate or LiDAR-IMU synchronization is not correct.
[2026-07-08 20:04:52.101] [odom] [warning] IMU bias validation results:
[2026-07-08 20:04:52.101] [odom] [warning] num_bias_validations=22208
[2026-07-08 20:04:52.101] [odom] [warning] bias_acc=[0.590, -0.888, 0.000] m/s^2, bias_gyro=[-0.020, 0.001, 0.002] rad/s
[2026-07-08 20:04:52.101] [odom] [warning] acc_stat ax=0.374 +- 0.256 [min=-0.214, max=0.986], ay=-0.779 +- 0.341 [min=-1.421, max=0.031], az=0.060 +- 0.033 [min=-0.000, max=0.119] m/s^2
[2026-07-08 20:04:52.101] [odom] [warning] gyro_stat wx=-0.020 +- 0.000 [min=-0.020, max=-0.017], wy=-0.000 +- 0.001 [min=-0.004, max=0.002], wz=0.001 +- 0.000 [min=0.000, max=0.002] rad/s
[2026-07-08 20:04:52.106] [glim] [info] playback speed: 4.009x
[2026-07-08 20:04:53.076] [odom] [warning] IMU prediction is not good.
[2026-07-08 20:04:53.076] [odom] [warning] Possibly T_lidar_imu is not accurate or IMU bias is not well estimated.
[2026-07-08 20:04:53.076] [odom] [warning] IMU validation results:
[2026-07-08 20:04:53.076] [odom] [warning] num_validations=21568
[2026-07-08 20:04:53.076] [odom] [warning] No-IMU errors rot=0.214 +- 0.271 deg, trans=0.026 +- 0.022 m, vel=0.029 +- 0.030 m/s
[2026-07-08 20:04:53.076] [odom] [warning] IMU errors rot=0.071 +- 0.059 deg, trans=0.029 +- 0.018 m, vel=0.087 +- 0.049 m/s
[2026-07-08 20:04:53.076] [odom] [warning] IMU better ratios rot=0.85, trans=0.05, vel=0.10
[2026-07-08 20:04:54.386] [odom] [warning] IMU bias estimation seems inaccurate.
[2026-07-08 20:04:54.386] [odom] [warning] Possibly T_lidar_imu is not accurate or LiDAR-IMU synchronization is not correct.
[2026-07-08 20:04:54.386] [odom] [warning] IMU bias validation results:
[2026-07-08 20:04:54.386] [odom] [warning] num_bias_validations=22272
[2026-07-08 20:04:54.386] [odom] [warning] bias_acc=[0.581, -0.888, 0.001] m/s^2, bias_gyro=[-0.019, 0.000, 0.002] rad/s
[2026-07-08 20:04:54.386] [odom] [warning] acc_stat ax=0.375 +- 0.256 [min=-0.214, max=0.986], ay=-0.779 +- 0.341 [min=-1.421, max=0.031], az=0.060 +- 0.033 [min=-0.000, max=0.119] m/s^2
[2026-07-08 20:04:54.386] [odom] [warning] gyro_stat wx=-0.020 +- 0.000 [min=-0.020, max=-0.017], wy=-0.000 +- 0.001 [min=-0.004, max=0.002], wz=0.001 +- 0.000 [min=0.000, max=0.002] rad/s
[2026-07-08 20:04:55.264] [odom] [warning] IMU prediction is not good.
[2026-07-08 20:04:55.264] [odom] [warning] Possibly T_lidar_imu is not accurate or IMU bias is not well estimated.
[2026-07-08 20:04:55.264] [odom] [warning] IMU validation results:
[2026-07-08 20:04:55.264] [odom] [warning] num_validations=21632
[2026-07-08 20:04:55.264] [odom] [warning] No-IMU errors rot=0.214 +- 0.271 deg, trans=0.026 +- 0.022 m, vel=0.029 +- 0.030 m/s
[2026-07-08 20:04:55.264] [odom] [warning] IMU errors rot=0.071 +- 0.059 deg, trans=0.029 +- 0.018 m, vel=0.087 +- 0.049 m/s
[2026-07-08 20:04:55.264] [odom] [warning] IMU better ratios rot=0.85, trans=0.05, vel=0.10
[2026-07-08 20:04:56.660] [odom] [warning] IMU bias estimation seems inaccurate.
[2026-07-08 20:04:56.660] [odom] [warning] Possibly T_lidar_imu is not accurate or LiDAR-IMU synchronization is not correct.
[2026-07-08 20:04:56.660] [odom] [warning] IMU bias validation results:
[2026-07-08 20:04:56.660] [odom] [warning] num_bias_validations=22336
[2026-07-08 20:04:56.660] [odom] [warning] bias_acc=[0.573, -0.887, 0.002] m/s^2, bias_gyro=[-0.019, -0.002, 0.001] rad/s
[2026-07-08 20:04:56.660] [odom] [warning] acc_stat ax=0.375 +- 0.256 [min=-0.214, max=0.986], ay=-0.780 +- 0.341 [min=-1.421, max=0.031], az=0.060 +- 0.033 [min=-0.000, max=0.119] m/s^2
[2026-07-08 20:04:56.660] [odom] [warning] gyro_stat wx=-0.020 +- 0.000 [min=-0.020, max=-0.017], wy=-0.000 +- 0.001 [min=-0.004, max=0.002], wz=0.001 +- 0.000 [min=0.000, max=0.002] rad/s
[2026-07-08 20:04:57.106] [glim] [info] playback speed: 2.761x
[2026-07-08 20:04:57.674] [odom] [warning] IMU prediction is not good.
[2026-07-08 20:04:57.674] [odom] [warning] Possibly T_lidar_imu is not accurate or IMU bias is not well estimated.
[2026-07-08 20:04:57.674] [odom] [warning] IMU validation results:
[2026-07-08 20:04:57.674] [odom] [warning] num_validations=21696
[2026-07-08 20:04:57.674] [odom] [warning] No-IMU errors rot=0.216 +- 0.275 deg, trans=0.026 +- 0.022 m, vel=0.029 +- 0.030 m/s
[2026-07-08 20:04:57.674] [odom] [warning] IMU errors rot=0.071 +- 0.059 deg, trans=0.029 +- 0.018 m, vel=0.087 +- 0.049 m/s
[2026-07-08 20:04:57.674] [odom] [warning] IMU better ratios rot=0.85, trans=0.05, vel=0.10
[2026-07-08 20:04:58.939] [odom] [warning] IMU bias estimation seems inaccurate.
[2026-07-08 20:04:58.939] [odom] [warning] Possibly T_lidar_imu is not accurate or LiDAR-IMU synchronization is not correct.
[2026-07-08 20:04:58.939] [odom] [warning] IMU bias validation results:
[2026-07-08 20:04:58.939] [odom] [warning] num_bias_validations=22400
[2026-07-08 20:04:58.939] [odom] [warning] bias_acc=[0.570, -0.892, 0.001] m/s^2, bias_gyro=[-0.019, -0.004, 0.001] rad/s
[2026-07-08 20:04:58.939] [odom] [warning] acc_stat ax=0.376 +- 0.256 [min=-0.214, max=0.986], ay=-0.780 +- 0.340 [min=-1.421, max=0.031], az=0.060 +- 0.033 [min=-0.000, max=0.119] m/s^2
[2026-07-08 20:04:58.939] [odom] [warning] gyro_stat wx=-0.020 +- 0.000 [min=-0.020, max=-0.017], wy=-0.000 +- 0.001 [min=-0.004, max=0.002], wz=0.001 +- 0.000 [min=0.000, max=0.002] rad/s
[2026-07-08 20:04:59.139] [odom] [warning] IMU prediction is not good.
[2026-07-08 20:04:59.139] [odom] [warning] Possibly T_lidar_imu is not accurate or IMU bias is not well estimated.
[2026-07-08 20:04:59.139] [odom] [warning] IMU validation results:
[2026-07-08 20:04:59.139] [odom] [warning] num_validations=21760
[2026-07-08 20:04:59.139] [odom] [warning] No-IMU errors rot=0.216 +- 0.275 deg, trans=0.025 +- 0.022 m, vel=0.029 +- 0.030 m/s
[2026-07-08 20:04:59.139] [odom] [warning] IMU errors rot=0.071 +- 0.059 deg, trans=0.029 +- 0.018 m, vel=0.087 +- 0.049 m/s
[2026-07-08 20:04:59.139] [odom] [warning] IMU better ratios rot=0.85, trans=0.05, vel=0.10
[2026-07-08 20:05:00.174] [odom] [warning] IMU bias estimation seems inaccurate.
[2026-07-08 20:05:00.175] [odom] [warning] Possibly T_lidar_imu is not accurate or LiDAR-IMU synchronization is not correct.
[2026-07-08 20:05:00.175] [odom] [warning] IMU bias validation results:
[2026-07-08 20:05:00.175] [odom] [warning] num_bias_validations=22464
[2026-07-08 20:05:00.175] [odom] [warning] bias_acc=[0.569, -0.898, 0.000] m/s^2, bias_gyro=[-0.019, -0.003, 0.001] rad/s
[2026-07-08 20:05:00.175] [odom] [warning] acc_stat ax=0.377 +- 0.256 [min=-0.214, max=0.986], ay=-0.780 +- 0.340 [min=-1.421, max=0.031], az=0.059 +- 0.033 [min=-0.000, max=0.119] m/s^2
[2026-07-08 20:05:00.175] [odom] [warning] gyro_stat wx=-0.020 +- 0.000 [min=-0.020, max=-0.017], wy=-0.000 +- 0.001 [min=-0.004, max=0.002], wz=0.001 +- 0.000 [min=0.000, max=0.002] rad/s
[2026-07-08 20:05:00.873] [odom] [warning] IMU prediction is not good.
[2026-07-08 20:05:00.873] [odom] [warning] Possibly T_lidar_imu is not accurate or IMU bias is not well estimated.
[2026-07-08 20:05:00.873] [odom] [warning] IMU validation results:
[2026-07-08 20:05:00.873] [odom] [warning] num_validations=21824
[2026-07-08 20:05:00.873] [odom] [warning] No-IMU errors rot=0.216 +- 0.275 deg, trans=0.025 +- 0.022 m, vel=0.029 +- 0.030 m/s
[2026-07-08 20:05:00.873] [odom] [warning] IMU errors rot=0.071 +- 0.059 deg, trans=0.029 +- 0.018 m, vel=0.087 +- 0.049 m/s
[2026-07-08 20:05:00.873] [odom] [warning] IMU better ratios rot=0.85, trans=0.05, vel=0.10
[2026-07-08 20:05:01.692] [odom] [warning] IMU bias estimation seems inaccurate.
[2026-07-08 20:05:01.692] [odom] [warning] Possibly T_lidar_imu is not accurate or LiDAR-IMU synchronization is not correct.
[2026-07-08 20:05:01.692] [odom] [warning] IMU bias validation results:
[2026-07-08 20:05:01.692] [odom] [warning] num_bias_validations=22528
[2026-07-08 20:05:01.692] [odom] [warning] bias_acc=[0.567, -0.902, 0.000] m/s^2, bias_gyro=[-0.020, -0.002, 0.002] rad/s
[2026-07-08 20:05:01.692] [odom] [warning] acc_stat ax=0.377 +- 0.256 [min=-0.214, max=0.986], ay=-0.781 +- 0.339 [min=-1.421, max=0.031], az=0.059 +- 0.034 [min=-0.000, max=0.119] m/s^2
[2026-07-08 20:05:01.692] [odom] [warning] gyro_stat wx=-0.020 +- 0.000 [min=-0.020, max=-0.017], wy=-0.000 +- 0.001 [min=-0.004, max=0.002], wz=0.001 +- 0.000 [min=0.000, max=0.002] rad/s
[2026-07-08 20:05:01.912] [odom] [warning] IMU prediction is not good.
[2026-07-08 20:05:01.912] [odom] [warning] Possibly T_lidar_imu is not accurate or IMU bias is not well estimated.
[2026-07-08 20:05:01.912] [odom] [warning] IMU validation results:
[2026-07-08 20:05:01.912] [odom] [warning] num_validations=21888
[2026-07-08 20:05:01.912] [odom] [warning] No-IMU errors rot=0.216 +- 0.274 deg, trans=0.025 +- 0.022 m, vel=0.029 +- 0.030 m/s
[2026-07-08 20:05:01.912] [odom] [warning] IMU errors rot=0.071 +- 0.059 deg, trans=0.029 +- 0.018 m, vel=0.087 +- 0.049 m/s
[2026-07-08 20:05:01.912] [odom] [warning] IMU better ratios rot=0.85, trans=0.05, vel=0.10
[2026-07-08 20:05:02.111] [glim] [info] playback speed: 4.273x
[2026-07-08 20:05:02.949] [odom] [warning] IMU bias estimation seems inaccurate.
[2026-07-08 20:05:02.949] [odom] [warning] Possibly T_lidar_imu is not accurate or LiDAR-IMU synchronization is not correct.
[2026-07-08 20:05:02.949] [odom] [warning] IMU bias validation results:
[2026-07-08 20:05:02.949] [odom] [warning] num_bias_validations=22592
[2026-07-08 20:05:02.949] [odom] [warning] bias_acc=[0.566, -0.905, -0.001] m/s^2, bias_gyro=[-0.019, -0.002, 0.001] rad/s
[2026-07-08 20:05:02.949] [odom] [warning] acc_stat ax=0.378 +- 0.256 [min=-0.214, max=0.986], ay=-0.781 +- 0.339 [min=-1.421, max=0.031], az=0.059 +- 0.034 [min=-0.001, max=0.119] m/s^2
[2026-07-08 20:05:02.949] [odom] [warning] gyro_stat wx=-0.020 +- 0.000 [min=-0.020, max=-0.017], wy=-0.000 +- 0.001 [min=-0.004, max=0.002], wz=0.001 +- 0.000 [min=0.000, max=0.002] rad/s
[2026-07-08 20:05:03.321] [odom] [warning] IMU prediction is not good.
[2026-07-08 20:05:03.321] [odom] [warning] Possibly T_lidar_imu is not accurate or IMU bias is not well estimated.
[2026-07-08 20:05:03.321] [odom] [warning] IMU validation results:
[2026-07-08 20:05:03.321] [odom] [warning] num_validations=21952
[2026-07-08 20:05:03.321] [odom] [warning] No-IMU errors rot=0.216 +- 0.274 deg, trans=0.025 +- 0.022 m, vel=0.029 +- 0.030 m/s
[2026-07-08 20:05:03.321] [odom] [warning] IMU errors rot=0.071 +- 0.059 deg, trans=0.029 +- 0.018 m, vel=0.086 +- 0.049 m/s
[2026-07-08 20:05:03.321] [odom] [warning] IMU better ratios rot=0.85, trans=0.05, vel=0.10
[2026-07-08 20:05:04.498] [odom] [warning] IMU bias estimation seems inaccurate.
[2026-07-08 20:05:04.498] [odom] [warning] Possibly T_lidar_imu is not accurate or LiDAR-IMU synchronization is not correct.
[2026-07-08 20:05:04.498] [odom] [warning] IMU bias validation results:
[2026-07-08 20:05:04.498] [odom] [warning] num_bias_validations=22656
[2026-07-08 20:05:04.498] [odom] [warning] bias_acc=[0.566, -0.903, -0.001] m/s^2, bias_gyro=[-0.019, -0.002, 0.001] rad/s
[2026-07-08 20:05:04.498] [odom] [warning] acc_stat ax=0.378 +- 0.255 [min=-0.214, max=0.986], ay=-0.781 +- 0.338 [min=-1.421, max=0.031], az=0.059 +- 0.034 [min=-0.001, max=0.119] m/s^2
[2026-07-08 20:05:04.498] [odom] [warning] gyro_stat wx=-0.020 +- 0.000 [min=-0.020, max=-0.017], wy=-0.000 +- 0.001 [min=-0.004, max=0.002], wz=0.001 +- 0.000 [min=0.000, max=0.002] rad/s
[2026-07-08 20:05:05.087] [odom] [warning] IMU prediction is not good.
[2026-07-08 20:05:05.087] [odom] [warning] Possibly T_lidar_imu is not accurate or IMU bias is not well estimated.
[2026-07-08 20:05:05.087] [odom] [warning] IMU validation results:
[2026-07-08 20:05:05.087] [odom] [warning] num_validations=22016
[2026-07-08 20:05:05.087] [odom] [warning] No-IMU errors rot=0.216 +- 0.274 deg, trans=0.025 +- 0.022 m, vel=0.029 +- 0.030 m/s
[2026-07-08 20:05:05.087] [odom] [warning] IMU errors rot=0.071 +- 0.059 deg, trans=0.029 +- 0.018 m, vel=0.086 +- 0.049 m/s
[2026-07-08 20:05:05.087] [odom] [warning] IMU better ratios rot=0.85, trans=0.05, vel=0.11
[2026-07-08 20:05:05.808] [odom] [warning] IMU bias estimation seems inaccurate.
[2026-07-08 20:05:05.808] [odom] [warning] Possibly T_lidar_imu is not accurate or LiDAR-IMU synchronization is not correct.
[2026-07-08 20:05:05.808] [odom] [warning] IMU bias validation results:
[2026-07-08 20:05:05.808] [odom] [warning] num_bias_validations=22720
[2026-07-08 20:05:05.808] [odom] [warning] bias_acc=[0.565, -0.902, -0.001] m/s^2, bias_gyro=[-0.019, -0.002, 0.001] rad/s
[2026-07-08 20:05:05.808] [odom] [warning] acc_stat ax=0.379 +- 0.255 [min=-0.214, max=0.986], ay=-0.782 +- 0.338 [min=-1.421, max=0.031], az=0.059 +- 0.034 [min=-0.001, max=0.119] m/s^2
[2026-07-08 20:05:05.808] [odom] [warning] gyro_stat wx=-0.020 +- 0.000 [min=-0.020, max=-0.017], wy=-0.000 +- 0.001 [min=-0.004, max=0.002], wz=0.001 +- 0.000 [min=0.000, max=0.002] rad/s
[2026-07-08 20:05:06.576] [odom] [warning] IMU prediction is not good.
[2026-07-08 20:05:06.576] [odom] [warning] Possibly T_lidar_imu is not accurate or IMU bias is not well estimated.
[2026-07-08 20:05:06.576] [odom] [warning] IMU validation results:
[2026-07-08 20:05:06.576] [odom] [warning] num_validations=22080
[2026-07-08 20:05:06.576] [odom] [warning] No-IMU errors rot=0.216 +- 0.274 deg, trans=0.025 +- 0.022 m, vel=0.029 +- 0.030 m/s
[2026-07-08 20:05:06.576] [odom] [warning] IMU errors rot=0.071 +- 0.059 deg, trans=0.029 +- 0.018 m, vel=0.086 +- 0.049 m/s
[2026-07-08 20:05:06.576] [odom] [warning] IMU better ratios rot=0.85, trans=0.05, vel=0.11
[2026-07-08 20:05:07.132] [glim] [info] playback speed: 4.080x
[2026-07-08 20:05:07.939] [odom] [warning] IMU bias estimation seems inaccurate.
[2026-07-08 20:05:07.939] [odom] [warning] Possibly T_lidar_imu is not accurate or LiDAR-IMU synchronization is not correct.
[2026-07-08 20:05:07.939] [odom] [warning] IMU bias validation results:
[2026-07-08 20:05:07.939] [odom] [warning] num_bias_validations=22784
[2026-07-08 20:05:07.939] [odom] [warning] bias_acc=[0.564, -0.901, -0.002] m/s^2, bias_gyro=[-0.019, -0.000, 0.002] rad/s
[2026-07-08 20:05:07.939] [odom] [warning] acc_stat ax=0.379 +- 0.255 [min=-0.214, max=0.986], ay=-0.782 +- 0.338 [min=-1.421, max=0.031], az=0.059 +- 0.034 [min=-0.002, max=0.119] m/s^2
[2026-07-08 20:05:07.939] [odom] [warning] gyro_stat wx=-0.020 +- 0.000 [min=-0.020, max=-0.017], wy=-0.000 +- 0.001 [min=-0.004, max=0.002], wz=0.001 +- 0.000 [min=0.000, max=0.002] rad/s
[2026-07-08 20:05:08.600] [odom] [warning] IMU prediction is not good.
[2026-07-08 20:05:08.600] [odom] [warning] Possibly T_lidar_imu is not accurate or IMU bias is not well estimated.
[2026-07-08 20:05:08.600] [odom] [warning] IMU validation results:
[2026-07-08 20:05:08.600] [odom] [warning] num_validations=22144
[2026-07-08 20:05:08.600] [odom] [warning] No-IMU errors rot=0.216 +- 0.274 deg, trans=0.025 +- 0.022 m, vel=0.029 +- 0.030 m/s
[2026-07-08 20:05:08.600] [odom] [warning] IMU errors rot=0.072 +- 0.059 deg, trans=0.029 +- 0.018 m, vel=0.086 +- 0.050 m/s
[2026-07-08 20:05:08.600] [odom] [warning] IMU better ratios rot=0.85, trans=0.05, vel=0.11
[2026-07-08 20:05:09.995] [odom] [warning] IMU bias estimation seems inaccurate.
[2026-07-08 20:05:09.995] [odom] [warning] Possibly T_lidar_imu is not accurate or LiDAR-IMU synchronization is not correct.
[2026-07-08 20:05:09.995] [odom] [warning] IMU bias validation results:
[2026-07-08 20:05:09.995] [odom] [warning] num_bias_validations=22848
[2026-07-08 20:05:09.995] [odom] [warning] bias_acc=[0.561, -0.897, -0.001] m/s^2, bias_gyro=[-0.019, -0.001, 0.001] rad/s
[2026-07-08 20:05:09.995] [odom] [warning] acc_stat ax=0.380 +- 0.255 [min=-0.214, max=0.986], ay=-0.782 +- 0.337 [min=-1.421, max=0.031], az=0.058 +- 0.034 [min=-0.002, max=0.119] m/s^2
[2026-07-08 20:05:09.995] [odom] [warning] gyro_stat wx=-0.020 +- 0.000 [min=-0.020, max=-0.017], wy=-0.000 +- 0.001 [min=-0.004, max=0.002], wz=0.001 +- 0.000 [min=0.000, max=0.002] rad/s
[2026-07-08 20:05:10.189] [odom] [warning] IMU prediction is not good.
[2026-07-08 20:05:10.189] [odom] [warning] Possibly T_lidar_imu is not accurate or IMU bias is not well estimated.
[2026-07-08 20:05:10.189] [odom] [warning] IMU validation results:
[2026-07-08 20:05:10.189] [odom] [warning] num_validations=22208
[2026-07-08 20:05:10.189] [odom] [warning] No-IMU errors rot=0.217 +- 0.274 deg, trans=0.025 +- 0.022 m, vel=0.029 +- 0.030 m/s
[2026-07-08 20:05:10.189] [odom] [warning] IMU errors rot=0.072 +- 0.059 deg, trans=0.029 +- 0.018 m, vel=0.086 +- 0.050 m/s
[2026-07-08 20:05:10.189] [odom] [warning] IMU better ratios rot=0.85, trans=0.05, vel=0.11
[2026-07-08 20:05:11.464] [odom] [warning] IMU bias estimation seems inaccurate.
[2026-07-08 20:05:11.464] [odom] [warning] Possibly T_lidar_imu is not accurate or LiDAR-IMU synchronization is not correct.
[2026-07-08 20:05:11.464] [odom] [warning] IMU bias validation results:
[2026-07-08 20:05:11.464] [odom] [warning] num_bias_validations=22912
[2026-07-08 20:05:11.464] [odom] [warning] bias_acc=[0.559, -0.894, -0.001] m/s^2, bias_gyro=[-0.019, -0.001, 0.001] rad/s
[2026-07-08 20:05:11.464] [odom] [warning] acc_stat ax=0.380 +- 0.255 [min=-0.214, max=0.986], ay=-0.783 +- 0.337 [min=-1.421, max=0.031], az=0.058 +- 0.034 [min=-0.002, max=0.119] m/s^2
[2026-07-08 20:05:11.464] [odom] [warning] gyro_stat wx=-0.020 +- 0.000 [min=-0.020, max=-0.017], wy=-0.000 +- 0.001 [min=-0.004, max=0.002], wz=0.001 +- 0.000 [min=0.000, max=0.002] rad/s
[2026-07-08 20:05:11.961] [odom] [warning] IMU prediction is not good.
[2026-07-08 20:05:11.961] [odom] [warning] Possibly T_lidar_imu is not accurate or IMU bias is not well estimated.
[2026-07-08 20:05:11.961] [odom] [warning] IMU validation results:
[2026-07-08 20:05:11.961] [odom] [warning] num_validations=22272
[2026-07-08 20:05:11.961] [odom] [warning] No-IMU errors rot=0.216 +- 0.274 deg, trans=0.025 +- 0.022 m, vel=0.029 +- 0.029 m/s
[2026-07-08 20:05:11.961] [odom] [warning] IMU errors rot=0.072 +- 0.059 deg, trans=0.029 +- 0.018 m, vel=0.086 +- 0.050 m/s
[2026-07-08 20:05:11.961] [odom] [warning] IMU better ratios rot=0.85, trans=0.05, vel=0.11
[2026-07-08 20:05:12.133] [glim] [info] playback speed: 3.812x
[2026-07-08 20:05:12.656] [odom] [warning] IMU bias estimation seems inaccurate.
[2026-07-08 20:05:12.656] [odom] [warning] Possibly T_lidar_imu is not accurate or LiDAR-IMU synchronization is not correct.
[2026-07-08 20:05:12.656] [odom] [warning] IMU bias validation results:
[2026-07-08 20:05:12.656] [odom] [warning] num_bias_validations=22976
[2026-07-08 20:05:12.656] [odom] [warning] bias_acc=[0.556, -0.891, -0.000] m/s^2, bias_gyro=[-0.019, -0.001, 0.002] rad/s
[2026-07-08 20:05:12.656] [odom] [warning] acc_stat ax=0.381 +- 0.254 [min=-0.214, max=0.986], ay=-0.783 +- 0.336 [min=-1.421, max=0.031], az=0.058 +- 0.034 [min=-0.002, max=0.119] m/s^2
[2026-07-08 20:05:12.656] [odom] [warning] gyro_stat wx=-0.020 +- 0.000 [min=-0.020, max=-0.017], wy=-0.000 +- 0.001 [min=-0.004, max=0.002], wz=0.001 +- 0.000 [min=0.000, max=0.002] rad/s
[2026-07-08 20:05:14.242] [odom] [warning] IMU prediction is not good.
[2026-07-08 20:05:14.242] [odom] [warning] Possibly T_lidar_imu is not accurate or IMU bias is not well estimated.
[2026-07-08 20:05:14.242] [odom] [warning] IMU validation results:
[2026-07-08 20:05:14.242] [odom] [warning] num_validations=22336
[2026-07-08 20:05:14.242] [odom] [warning] No-IMU errors rot=0.216 +- 0.273 deg, trans=0.025 +- 0.022 m, vel=0.029 +- 0.029 m/s
[2026-07-08 20:05:14.242] [odom] [warning] IMU errors rot=0.072 +- 0.059 deg, trans=0.029 +- 0.018 m, vel=0.085 +- 0.050 m/s
[2026-07-08 20:05:14.242] [odom] [warning] IMU better ratios rot=0.85, trans=0.05, vel=0.11
[2026-07-08 20:05:14.694] [odom] [warning] IMU bias estimation seems inaccurate.
[2026-07-08 20:05:14.694] [odom] [warning] Possibly T_lidar_imu is not accurate or LiDAR-IMU synchronization is not correct.
[2026-07-08 20:05:14.694] [odom] [warning] IMU bias validation results:
[2026-07-08 20:05:14.694] [odom] [warning] num_bias_validations=23040
[2026-07-08 20:05:14.694] [odom] [warning] bias_acc=[0.555, -0.890, 0.000] m/s^2, bias_gyro=[-0.020, -0.000, 0.002] rad/s
[2026-07-08 20:05:14.694] [odom] [warning] acc_stat ax=0.381 +- 0.254 [min=-0.214, max=0.986], ay=-0.783 +- 0.336 [min=-1.421, max=0.031], az=0.058 +- 0.034 [min=-0.002, max=0.119] m/s^2
[2026-07-08 20:05:14.694] [odom] [warning] gyro_stat wx=-0.020 +- 0.000 [min=-0.020, max=-0.017], wy=-0.000 +- 0.001 [min=-0.004, max=0.002], wz=0.001 +- 0.000 [min=0.000, max=0.002] rad/s
[2026-07-08 20:05:16.272] [odom] [warning] IMU prediction is not good.
[2026-07-08 20:05:16.272] [odom] [warning] Possibly T_lidar_imu is not accurate or IMU bias is not well estimated.
[2026-07-08 20:05:16.272] [odom] [warning] IMU validation results:
[2026-07-08 20:05:16.272] [odom] [warning] num_validations=22400
[2026-07-08 20:05:16.272] [odom] [warning] No-IMU errors rot=0.216 +- 0.273 deg, trans=0.025 +- 0.022 m, vel=0.029 +- 0.029 m/s
[2026-07-08 20:05:16.272] [odom] [warning] IMU errors rot=0.071 +- 0.059 deg, trans=0.029 +- 0.018 m, vel=0.085 +- 0.050 m/s
[2026-07-08 20:05:16.272] [odom] [warning] IMU better ratios rot=0.85, trans=0.05, vel=0.12
[2026-07-08 20:05:16.720] [odom] [warning] IMU bias estimation seems inaccurate.
[2026-07-08 20:05:16.720] [odom] [warning] Possibly T_lidar_imu is not accurate or LiDAR-IMU synchronization is not correct.
[2026-07-08 20:05:16.720] [odom] [warning] IMU bias validation results:
[2026-07-08 20:05:16.720] [odom] [warning] num_bias_validations=23104
[2026-07-08 20:05:16.720] [odom] [warning] bias_acc=[0.554, -0.888, 0.001] m/s^2, bias_gyro=[-0.020, -0.000, 0.002] rad/s
[2026-07-08 20:05:16.720] [odom] [warning] acc_stat ax=0.382 +- 0.254 [min=-0.214, max=0.986], ay=-0.783 +- 0.336 [min=-1.421, max=0.031], az=0.058 +- 0.034 [min=-0.002, max=0.119] m/s^2
[2026-07-08 20:05:16.720] [odom] [warning] gyro_stat wx=-0.020 +- 0.000 [min=-0.020, max=-0.017], wy=-0.000 +- 0.001 [min=-0.004, max=0.002], wz=0.001 +- 0.000 [min=0.000, max=0.002] rad/s
[2026-07-08 20:05:17.138] [glim] [info] playback speed: 3.649x
[2026-07-08 20:05:17.346] [odom] [warning] IMU prediction is not good.
[2026-07-08 20:05:17.346] [odom] [warning] Possibly T_lidar_imu is not accurate or IMU bias is not well estimated.
[2026-07-08 20:05:17.346] [odom] [warning] IMU validation results:
[2026-07-08 20:05:17.346] [odom] [warning] num_validations=22464
[2026-07-08 20:05:17.346] [odom] [warning] No-IMU errors rot=0.215 +- 0.273 deg, trans=0.025 +- 0.022 m, vel=0.029 +- 0.029 m/s
[2026-07-08 20:05:17.346] [odom] [warning] IMU errors rot=0.071 +- 0.059 deg, trans=0.029 +- 0.018 m, vel=0.085 +- 0.050 m/s
[2026-07-08 20:05:17.346] [odom] [warning] IMU better ratios rot=0.85, trans=0.06, vel=0.12
[2026-07-08 20:05:17.721] [odom] [warning] IMU bias estimation seems inaccurate.
[2026-07-08 20:05:17.721] [odom] [warning] Possibly T_lidar_imu is not accurate or LiDAR-IMU synchronization is not correct.
[2026-07-08 20:05:17.721] [odom] [warning] IMU bias validation results:
[2026-07-08 20:05:17.721] [odom] [warning] num_bias_validations=23168
[2026-07-08 20:05:17.721] [odom] [warning] bias_acc=[0.553, -0.885, 0.001] m/s^2, bias_gyro=[-0.020, -0.000, 0.002] rad/s
[2026-07-08 20:05:17.721] [odom] [warning] acc_stat ax=0.382 +- 0.254 [min=-0.214, max=0.986], ay=-0.784 +- 0.335 [min=-1.421, max=0.031], az=0.058 +- 0.035 [min=-0.002, max=0.119] m/s^2
[2026-07-08 20:05:17.721] [odom] [warning] gyro_stat wx=-0.020 +- 0.000 [min=-0.020, max=-0.017], wy=-0.000 +- 0.001 [min=-0.004, max=0.002], wz=0.001 +- 0.000 [min=0.000, max=0.002] rad/s
[2026-07-08 20:05:19.139] [odom] [warning] IMU prediction is not good.
[2026-07-08 20:05:19.139] [odom] [warning] Possibly T_lidar_imu is not accurate or IMU bias is not well estimated.
[2026-07-08 20:05:19.139] [odom] [warning] IMU validation results:
[2026-07-08 20:05:19.139] [odom] [warning] num_validations=22528
[2026-07-08 20:05:19.139] [odom] [warning] No-IMU errors rot=0.215 +- 0.273 deg, trans=0.025 +- 0.022 m, vel=0.029 +- 0.029 m/s
[2026-07-08 20:05:19.139] [odom] [warning] IMU errors rot=0.071 +- 0.059 deg, trans=0.029 +- 0.018 m, vel=0.085 +- 0.050 m/s
[2026-07-08 20:05:19.139] [odom] [warning] IMU better ratios rot=0.85, trans=0.06, vel=0.12
[2026-07-08 20:05:19.248] [odom] [warning] IMU bias estimation seems inaccurate.
[2026-07-08 20:05:19.248] [odom] [warning] Possibly T_lidar_imu is not accurate or LiDAR-IMU synchronization is not correct.
[2026-07-08 20:05:19.248] [odom] [warning] IMU bias validation results:
[2026-07-08 20:05:19.248] [odom] [warning] num_bias_validations=23232
[2026-07-08 20:05:19.248] [odom] [warning] bias_acc=[0.551, -0.882, 0.001] m/s^2, bias_gyro=[-0.019, -0.000, 0.002] rad/s
[2026-07-08 20:05:19.248] [odom] [warning] acc_stat ax=0.383 +- 0.254 [min=-0.214, max=0.986], ay=-0.784 +- 0.335 [min=-1.421, max=0.031], az=0.057 +- 0.035 [min=-0.002, max=0.119] m/s^2
[2026-07-08 20:05:19.248] [odom] [warning] gyro_stat wx=-0.020 +- 0.000 [min=-0.020, max=-0.017], wy=-0.000 +- 0.001 [min=-0.004, max=0.002], wz=0.001 +- 0.000 [min=0.000, max=0.002] rad/s
[2026-07-08 20:05:20.294] [odom] [warning] IMU prediction is not good.
[2026-07-08 20:05:20.294] [odom] [warning] Possibly T_lidar_imu is not accurate or IMU bias is not well estimated.
[2026-07-08 20:05:20.294] [odom] [warning] IMU validation results:
[2026-07-08 20:05:20.294] [odom] [warning] num_validations=22592
[2026-07-08 20:05:20.294] [odom] [warning] No-IMU errors rot=0.215 +- 0.272 deg, trans=0.025 +- 0.022 m, vel=0.029 +- 0.029 m/s
[2026-07-08 20:05:20.294] [odom] [warning] IMU errors rot=0.071 +- 0.059 deg, trans=0.028 +- 0.018 m, vel=0.085 +- 0.050 m/s
[2026-07-08 20:05:20.294] [odom] [warning] IMU better ratios rot=0.85, trans=0.06, vel=0.12
[2026-07-08 20:05:20.730] [odom] [warning] IMU bias estimation seems inaccurate.
[2026-07-08 20:05:20.730] [odom] [warning] Possibly T_lidar_imu is not accurate or LiDAR-IMU synchronization is not correct.
[2026-07-08 20:05:20.730] [odom] [warning] IMU bias validation results:
[2026-07-08 20:05:20.730] [odom] [warning] num_bias_validations=23296
[2026-07-08 20:05:20.730] [odom] [warning] bias_acc=[0.549, -0.878, 0.002] m/s^2, bias_gyro=[-0.019, 0.000, 0.002] rad/s
[2026-07-08 20:05:20.730] [odom] [warning] acc_stat ax=0.383 +- 0.254 [min=-0.214, max=0.986], ay=-0.784 +- 0.334 [min=-1.421, max=0.031], az=0.057 +- 0.035 [min=-0.002, max=0.119] m/s^2
[2026-07-08 20:05:20.730] [odom] [warning] gyro_stat wx=-0.020 +- 0.000 [min=-0.020, max=-0.017], wy=-0.000 +- 0.001 [min=-0.004, max=0.002], wz=0.001 +- 0.000 [min=0.000, max=0.002] rad/s
[2026-07-08 20:05:21.665] [odom] [warning] IMU prediction is not good.
[2026-07-08 20:05:21.665] [odom] [warning] Possibly T_lidar_imu is not accurate or IMU bias is not well estimated.
[2026-07-08 20:05:21.665] [odom] [warning] IMU validation results:
[2026-07-08 20:05:21.665] [odom] [warning] num_validations=22656
[2026-07-08 20:05:21.665] [odom] [warning] No-IMU errors rot=0.215 +- 0.272 deg, trans=0.025 +- 0.022 m, vel=0.029 +- 0.029 m/s
[2026-07-08 20:05:21.665] [odom] [warning] IMU errors rot=0.071 +- 0.059 deg, trans=0.028 +- 0.018 m, vel=0.085 +- 0.050 m/s
[2026-07-08 20:05:21.665] [odom] [warning] IMU better ratios rot=0.85, trans=0.06, vel=0.12
[2026-07-08 20:05:21.766] [odom] [warning] IMU bias estimation seems inaccurate.
[2026-07-08 20:05:21.766] [odom] [warning] Possibly T_lidar_imu is not accurate or LiDAR-IMU synchronization is not correct.
[2026-07-08 20:05:21.766] [odom] [warning] IMU bias validation results:
[2026-07-08 20:05:21.766] [odom] [warning] num_bias_validations=23360
[2026-07-08 20:05:21.766] [odom] [warning] bias_acc=[0.546, -0.871, 0.002] m/s^2, bias_gyro=[-0.019, 0.000, 0.002] rad/s
[2026-07-08 20:05:21.766] [odom] [warning] acc_stat ax=0.384 +- 0.253 [min=-0.214, max=0.986], ay=-0.784 +- 0.334 [min=-1.421, max=0.031], az=0.057 +- 0.035 [min=-0.002, max=0.119] m/s^2
[2026-07-08 20:05:21.766] [odom] [warning] gyro_stat wx=-0.020 +- 0.000 [min=-0.020, max=-0.017], wy=-0.000 +- 0.001 [min=-0.004, max=0.002], wz=0.001 +- 0.000 [min=0.000, max=0.002] rad/s
[2026-07-08 20:05:22.147] [glim] [info] playback speed: 5.022x
[2026-07-08 20:05:23.239] [odom] [warning] IMU prediction is not good.
[2026-07-08 20:05:23.239] [odom] [warning] Possibly T_lidar_imu is not accurate or IMU bias is not well estimated.
[2026-07-08 20:05:23.239] [odom] [warning] IMU validation results:
[2026-07-08 20:05:23.239] [odom] [warning] num_validations=22720
[2026-07-08 20:05:23.239] [odom] [warning] No-IMU errors rot=0.214 +- 0.272 deg, trans=0.025 +- 0.022 m, vel=0.029 +- 0.029 m/s
[2026-07-08 20:05:23.239] [odom] [warning] IMU errors rot=0.071 +- 0.059 deg, trans=0.028 +- 0.018 m, vel=0.085 +- 0.050 m/s
[2026-07-08 20:05:23.239] [odom] [warning] IMU better ratios rot=0.85, trans=0.06, vel=0.12
[2026-07-08 20:05:23.912] [odom] [warning] IMU bias estimation seems inaccurate.
[2026-07-08 20:05:23.912] [odom] [warning] Possibly T_lidar_imu is not accurate or LiDAR-IMU synchronization is not correct.
[2026-07-08 20:05:23.912] [odom] [warning] IMU bias validation results:
[2026-07-08 20:05:23.912] [odom] [warning] num_bias_validations=23424
[2026-07-08 20:05:23.912] [odom] [warning] bias_acc=[0.539, -0.864, 0.003] m/s^2, bias_gyro=[-0.019, 0.001, 0.002] rad/s
[2026-07-08 20:05:23.912] [odom] [warning] acc_stat ax=0.384 +- 0.253 [min=-0.214, max=0.986], ay=-0.785 +- 0.333 [min=-1.421, max=0.031], az=0.057 +- 0.035 [min=-0.002, max=0.119] m/s^2
[2026-07-08 20:05:23.912] [odom] [warning] gyro_stat wx=-0.020 +- 0.000 [min=-0.020, max=-0.017], wy=-0.000 +- 0.001 [min=-0.004, max=0.002], wz=0.001 +- 0.000 [min=0.000, max=0.002] rad/s
[2026-07-08 20:05:24.535] [odom] [warning] IMU prediction is not good.
[2026-07-08 20:05:24.535] [odom] [warning] Possibly T_lidar_imu is not accurate or IMU bias is not well estimated.
[2026-07-08 20:05:24.535] [odom] [warning] IMU validation results:
[2026-07-08 20:05:24.535] [odom] [warning] num_validations=22784
[2026-07-08 20:05:24.535] [odom] [warning] No-IMU errors rot=0.214 +- 0.272 deg, trans=0.025 +- 0.022 m, vel=0.029 +- 0.029 m/s
[2026-07-08 20:05:24.535] [odom] [warning] IMU errors rot=0.071 +- 0.059 deg, trans=0.028 +- 0.018 m, vel=0.084 +- 0.050 m/s
[2026-07-08 20:05:24.535] [odom] [warning] IMU better ratios rot=0.85, trans=0.06, vel=0.12
[2026-07-08 20:05:25.012] [odom] [warning] IMU bias estimation seems inaccurate.
[2026-07-08 20:05:25.012] [odom] [warning] Possibly T_lidar_imu is not accurate or LiDAR-IMU synchronization is not correct.
[2026-07-08 20:05:25.012] [odom] [warning] IMU bias validation results:
[2026-07-08 20:05:25.012] [odom] [warning] num_bias_validations=23488
[2026-07-08 20:05:25.012] [odom] [warning] bias_acc=[0.531, -0.859, 0.005] m/s^2, bias_gyro=[-0.020, 0.000, 0.002] rad/s
[2026-07-08 20:05:25.012] [odom] [warning] acc_stat ax=0.384 +- 0.253 [min=-0.214, max=0.986], ay=-0.785 +- 0.333 [min=-1.421, max=0.031], az=0.057 +- 0.035 [min=-0.002, max=0.119] m/s^2
[2026-07-08 20:05:25.012] [odom] [warning] gyro_stat wx=-0.020 +- 0.000 [min=-0.020, max=-0.017], wy=-0.000 +- 0.001 [min=-0.004, max=0.002], wz=0.001 +- 0.000 [min=0.000, max=0.002] rad/s
[2026-07-08 20:05:26.619] [odom] [warning] IMU prediction is not good.
[2026-07-08 20:05:26.619] [odom] [warning] Possibly T_lidar_imu is not accurate or IMU bias is not well estimated.
[2026-07-08 20:05:26.619] [odom] [warning] IMU validation results:
[2026-07-08 20:05:26.619] [odom] [warning] num_validations=22848
[2026-07-08 20:05:26.619] [odom] [warning] No-IMU errors rot=0.214 +- 0.271 deg, trans=0.025 +- 0.022 m, vel=0.029 +- 0.029 m/s
[2026-07-08 20:05:26.619] [odom] [warning] IMU errors rot=0.071 +- 0.059 deg, trans=0.028 +- 0.018 m, vel=0.084 +- 0.050 m/s
[2026-07-08 20:05:26.619] [odom] [warning] IMU better ratios rot=0.85, trans=0.06, vel=0.12
[2026-07-08 20:05:26.731] [odom] [warning] IMU bias estimation seems inaccurate.
[2026-07-08 20:05:26.731] [odom] [warning] Possibly T_lidar_imu is not accurate or LiDAR-IMU synchronization is not correct.
[2026-07-08 20:05:26.731] [odom] [warning] IMU bias validation results:
[2026-07-08 20:05:26.731] [odom] [warning] num_bias_validations=23552
[2026-07-08 20:05:26.731] [odom] [warning] bias_acc=[0.524, -0.852, 0.005] m/s^2, bias_gyro=[-0.019, 0.000, 0.002] rad/s
[2026-07-08 20:05:26.731] [odom] [warning] acc_stat ax=0.385 +- 0.253 [min=-0.214, max=0.986], ay=-0.785 +- 0.333 [min=-1.421, max=0.031], az=0.057 +- 0.035 [min=-0.002, max=0.119] m/s^2
[2026-07-08 20:05:26.731] [odom] [warning] gyro_stat wx=-0.020 +- 0.000 [min=-0.020, max=-0.017], wy=-0.000 +- 0.001 [min=-0.004, max=0.002], wz=0.001 +- 0.000 [min=0.000, max=0.002] rad/s
[2026-07-08 20:05:27.156] [glim] [info] playback speed: 4.070x
[2026-07-08 20:05:28.195] [odom] [warning] IMU prediction is not good.
[2026-07-08 20:05:28.195] [odom] [warning] Possibly T_lidar_imu is not accurate or IMU bias is not well estimated.
[2026-07-08 20:05:28.195] [odom] [warning] IMU validation results:
[2026-07-08 20:05:28.195] [odom] [warning] num_validations=22912
[2026-07-08 20:05:28.195] [odom] [warning] No-IMU errors rot=0.214 +- 0.271 deg, trans=0.025 +- 0.022 m, vel=0.029 +- 0.029 m/s
[2026-07-08 20:05:28.195] [odom] [warning] IMU errors rot=0.071 +- 0.059 deg, trans=0.028 +- 0.018 m, vel=0.084 +- 0.050 m/s
[2026-07-08 20:05:28.195] [odom] [warning] IMU better ratios rot=0.85, trans=0.06, vel=0.12
[2026-07-08 20:05:28.896] [odom] [warning] IMU bias estimation seems inaccurate.
[2026-07-08 20:05:28.896] [odom] [warning] Possibly T_lidar_imu is not accurate or LiDAR-IMU synchronization is not correct.
[2026-07-08 20:05:28.896] [odom] [warning] IMU bias validation results:
[2026-07-08 20:05:28.896] [odom] [warning] num_bias_validations=23616
[2026-07-08 20:05:28.896] [odom] [warning] bias_acc=[0.517, -0.845, 0.007] m/s^2, bias_gyro=[-0.019, 0.000, 0.002] rad/s
[2026-07-08 20:05:28.896] [odom] [warning] acc_stat ax=0.385 +- 0.252 [min=-0.214, max=0.986], ay=-0.785 +- 0.332 [min=-1.421, max=0.031], az=0.057 +- 0.035 [min=-0.002, max=0.119] m/s^2
[2026-07-08 20:05:28.896] [odom] [warning] gyro_stat wx=-0.019 +- 0.000 [min=-0.020, max=-0.017], wy=-0.000 +- 0.001 [min=-0.004, max=0.002], wz=0.001 +- 0.000 [min=0.000, max=0.002] rad/s
[2026-07-08 20:05:29.755] [odom] [warning] IMU prediction is not good.
[2026-07-08 20:05:29.755] [odom] [warning] Possibly T_lidar_imu is not accurate or IMU bias is not well estimated.
[2026-07-08 20:05:29.755] [odom] [warning] IMU validation results:
[2026-07-08 20:05:29.755] [odom] [warning] num_validations=22976
[2026-07-08 20:05:29.755] [odom] [warning] No-IMU errors rot=0.214 +- 0.271 deg, trans=0.025 +- 0.022 m, vel=0.029 +- 0.029 m/s
[2026-07-08 20:05:29.755] [odom] [warning] IMU errors rot=0.071 +- 0.059 deg, trans=0.028 +- 0.018 m, vel=0.084 +- 0.050 m/s
[2026-07-08 20:05:29.755] [odom] [warning] IMU better ratios rot=0.85, trans=0.06, vel=0.12
[2026-07-08 20:05:30.144] [odom] [warning] IMU bias estimation seems inaccurate.
[2026-07-08 20:05:30.144] [odom] [warning] Possibly T_lidar_imu is not accurate or LiDAR-IMU synchronization is not correct.
[2026-07-08 20:05:30.144] [odom] [warning] IMU bias validation results:
[2026-07-08 20:05:30.144] [odom] [warning] num_bias_validations=23680
[2026-07-08 20:05:30.144] [odom] [warning] bias_acc=[0.507, -0.838, 0.008] m/s^2, bias_gyro=[-0.020, 0.001, 0.002] rad/s
[2026-07-08 20:05:30.144] [odom] [warning] acc_stat ax=0.385 +- 0.252 [min=-0.214, max=0.986], ay=-0.785 +- 0.332 [min=-1.421, max=0.031], az=0.056 +- 0.035 [min=-0.002, max=0.119] m/s^2
[2026-07-08 20:05:30.144] [odom] [warning] gyro_stat wx=-0.020 +- 0.000 [min=-0.020, max=-0.017], wy=-0.000 +- 0.001 [min=-0.004, max=0.002], wz=0.001 +- 0.000 [min=0.000, max=0.002] rad/s
[2026-07-08 20:05:32.190] [glim] [info] playback speed: 3.062x
[2026-07-08 20:05:32.486] [odom] [warning] IMU prediction is not good.
[2026-07-08 20:05:32.486] [odom] [warning] Possibly T_lidar_imu is not accurate or IMU bias is not well estimated.
[2026-07-08 20:05:32.486] [odom] [warning] IMU validation results:
[2026-07-08 20:05:32.486] [odom] [warning] num_validations=23040
[2026-07-08 20:05:32.486] [odom] [warning] No-IMU errors rot=0.214 +- 0.271 deg, trans=0.025 +- 0.022 m, vel=0.029 +- 0.029 m/s
[2026-07-08 20:05:32.486] [odom] [warning] IMU errors rot=0.071 +- 0.059 deg, trans=0.028 +- 0.018 m, vel=0.084 +- 0.050 m/s
[2026-07-08 20:05:32.486] [odom] [warning] IMU better ratios rot=0.85, trans=0.06, vel=0.12
[2026-07-08 20:05:33.251] [odom] [warning] IMU bias estimation seems inaccurate.
[2026-07-08 20:05:33.251] [odom] [warning] Possibly T_lidar_imu is not accurate or LiDAR-IMU synchronization is not correct.
[2026-07-08 20:05:33.251] [odom] [warning] IMU bias validation results:
[2026-07-08 20:05:33.251] [odom] [warning] num_bias_validations=23744
[2026-07-08 20:05:33.251] [odom] [warning] bias_acc=[0.496, -0.830, 0.010] m/s^2, bias_gyro=[-0.020, 0.001, 0.002] rad/s
[2026-07-08 20:05:33.251] [odom] [warning] acc_stat ax=0.386 +- 0.252 [min=-0.214, max=0.986], ay=-0.786 +- 0.331 [min=-1.421, max=0.031], az=0.056 +- 0.035 [min=-0.002, max=0.119] m/s^2
[2026-07-08 20:05:33.251] [odom] [warning] gyro_stat wx=-0.020 +- 0.000 [min=-0.020, max=-0.017], wy=-0.000 +- 0.001 [min=-0.004, max=0.002], wz=0.001 +- 0.000 [min=0.000, max=0.002] rad/s
[2026-07-08 20:05:34.165] [odom] [warning] IMU prediction is not good.
[2026-07-08 20:05:34.165] [odom] [warning] Possibly T_lidar_imu is not accurate or IMU bias is not well estimated.
[2026-07-08 20:05:34.165] [odom] [warning] IMU validation results:
[2026-07-08 20:05:34.165] [odom] [warning] num_validations=23104
[2026-07-08 20:05:34.165] [odom] [warning] No-IMU errors rot=0.214 +- 0.270 deg, trans=0.025 +- 0.022 m, vel=0.029 +- 0.029 m/s
[2026-07-08 20:05:34.165] [odom] [warning] IMU errors rot=0.071 +- 0.059 deg, trans=0.028 +- 0.018 m, vel=0.084 +- 0.050 m/s
[2026-07-08 20:05:34.165] [odom] [warning] IMU better ratios rot=0.85, trans=0.06, vel=0.12
[2026-07-08 20:05:34.427] [odom] [warning] IMU bias estimation seems inaccurate.
[2026-07-08 20:05:34.428] [odom] [warning] Possibly T_lidar_imu is not accurate or LiDAR-IMU synchronization is not correct.
[2026-07-08 20:05:34.428] [odom] [warning] IMU bias validation results:
[2026-07-08 20:05:34.428] [odom] [warning] num_bias_validations=23808
[2026-07-08 20:05:34.428] [odom] [warning] bias_acc=[0.486, -0.823, 0.011] m/s^2, bias_gyro=[-0.020, 0.001, 0.002] rad/s
[2026-07-08 20:05:34.428] [odom] [warning] acc_stat ax=0.386 +- 0.252 [min=-0.214, max=0.986], ay=-0.786 +- 0.331 [min=-1.421, max=0.031], az=0.056 +- 0.035 [min=-0.002, max=0.119] m/s^2
[2026-07-08 20:05:34.428] [odom] [warning] gyro_stat wx=-0.020 +- 0.000 [min=-0.020, max=-0.017], wy=-0.000 +- 0.001 [min=-0.004, max=0.002], wz=0.001 +- 0.000 [min=0.000, max=0.002] rad/s
[2026-07-08 20:05:36.718] [odom] [warning] IMU prediction is not good.
[2026-07-08 20:05:36.718] [odom] [warning] Possibly T_lidar_imu is not accurate or IMU bias is not well estimated.
[2026-07-08 20:05:36.718] [odom] [warning] IMU validation results:
[2026-07-08 20:05:36.718] [odom] [warning] num_validations=23168
[2026-07-08 20:05:36.718] [odom] [warning] No-IMU errors rot=0.213 +- 0.270 deg, trans=0.025 +- 0.022 m, vel=0.029 +- 0.029 m/s
[2026-07-08 20:05:36.718] [odom] [warning] IMU errors rot=0.071 +- 0.059 deg, trans=0.028 +- 0.018 m, vel=0.084 +- 0.049 m/s
[2026-07-08 20:05:36.718] [odom] [warning] IMU better ratios rot=0.85, trans=0.06, vel=0.12
[2026-07-08 20:05:37.058] [odom] [warning] IMU bias estimation seems inaccurate.
[2026-07-08 20:05:37.058] [odom] [warning] Possibly T_lidar_imu is not accurate or LiDAR-IMU synchronization is not correct.
[2026-07-08 20:05:37.058] [odom] [warning] IMU bias validation results:
[2026-07-08 20:05:37.058] [odom] [warning] num_bias_validations=23872
[2026-07-08 20:05:37.058] [odom] [warning] bias_acc=[0.476, -0.816, 0.013] m/s^2, bias_gyro=[-0.020, 0.001, 0.002] rad/s
[2026-07-08 20:05:37.058] [odom] [warning] acc_stat ax=0.386 +- 0.251 [min=-0.214, max=0.986], ay=-0.786 +- 0.330 [min=-1.421, max=0.031], az=0.056 +- 0.035 [min=-0.002, max=0.119] m/s^2
[2026-07-08 20:05:37.058] [odom] [warning] gyro_stat wx=-0.020 +- 0.000 [min=-0.020, max=-0.017], wy=-0.000 +- 0.001 [min=-0.004, max=0.002], wz=0.001 +- 0.000 [min=0.000, max=0.002] rad/s
[2026-07-08 20:05:37.214] [glim] [info] playback speed: 3.008x
[2026-07-08 20:05:38.170] [odom] [warning] IMU prediction is not good.
[2026-07-08 20:05:38.170] [odom] [warning] Possibly T_lidar_imu is not accurate or IMU bias is not well estimated.
[2026-07-08 20:05:38.170] [odom] [warning] IMU validation results:
[2026-07-08 20:05:38.170] [odom] [warning] num_validations=23232
[2026-07-08 20:05:38.170] [odom] [warning] No-IMU errors rot=0.213 +- 0.270 deg, trans=0.025 +- 0.022 m, vel=0.029 +- 0.029 m/s
[2026-07-08 20:05:38.170] [odom] [warning] IMU errors rot=0.071 +- 0.059 deg, trans=0.028 +- 0.018 m, vel=0.084 +- 0.049 m/s
[2026-07-08 20:05:38.170] [odom] [warning] IMU better ratios rot=0.85, trans=0.06, vel=0.12
[2026-07-08 20:05:38.290] [odom] [warning] IMU bias estimation seems inaccurate.
[2026-07-08 20:05:38.290] [odom] [warning] Possibly T_lidar_imu is not accurate or LiDAR-IMU synchronization is not correct.
[2026-07-08 20:05:38.290] [odom] [warning] IMU bias validation results:
[2026-07-08 20:05:38.290] [odom] [warning] num_bias_validations=23936
[2026-07-08 20:05:38.290] [odom] [warning] bias_acc=[0.465, -0.809, 0.014] m/s^2, bias_gyro=[-0.020, 0.001, 0.002] rad/s
[2026-07-08 20:05:38.290] [odom] [warning] acc_stat ax=0.386 +- 0.251 [min=-0.214, max=0.986], ay=-0.786 +- 0.330 [min=-1.421, max=0.031], az=0.056 +- 0.035 [min=-0.002, max=0.119] m/s^2
[2026-07-08 20:05:38.290] [odom] [warning] gyro_stat wx=-0.020 +- 0.000 [min=-0.020, max=-0.017], wy=-0.000 +- 0.001 [min=-0.004, max=0.002], wz=0.001 +- 0.000 [min=0.000, max=0.002] rad/s
[2026-07-08 20:05:40.107] [odom] [warning] IMU prediction is not good.
[2026-07-08 20:05:40.107] [odom] [warning] Possibly T_lidar_imu is not accurate or IMU bias is not well estimated.
[2026-07-08 20:05:40.107] [odom] [warning] IMU validation results:
[2026-07-08 20:05:40.107] [odom] [warning] num_validations=23296
[2026-07-08 20:05:40.107] [odom] [warning] No-IMU errors rot=0.213 +- 0.269 deg, trans=0.025 +- 0.022 m, vel=0.029 +- 0.029 m/s
[2026-07-08 20:05:40.107] [odom] [warning] IMU errors rot=0.071 +- 0.059 deg, trans=0.028 +- 0.018 m, vel=0.084 +- 0.049 m/s
[2026-07-08 20:05:40.107] [odom] [warning] IMU better ratios rot=0.85, trans=0.06, vel=0.12
[2026-07-08 20:05:40.165] [odom] [warning] IMU bias estimation seems inaccurate.
[2026-07-08 20:05:40.165] [odom] [warning] Possibly T_lidar_imu is not accurate or LiDAR-IMU synchronization is not correct.
[2026-07-08 20:05:40.165] [odom] [warning] IMU bias validation results:
[2026-07-08 20:05:40.165] [odom] [warning] num_bias_validations=24000
[2026-07-08 20:05:40.165] [odom] [warning] bias_acc=[0.453, -0.803, 0.016] m/s^2, bias_gyro=[-0.020, 0.000, 0.002] rad/s
[2026-07-08 20:05:40.165] [odom] [warning] acc_stat ax=0.387 +- 0.251 [min=-0.214, max=0.986], ay=-0.786 +- 0.329 [min=-1.421, max=0.031], az=0.056 +- 0.035 [min=-0.002, max=0.119] m/s^2
[2026-07-08 20:05:40.165] [odom] [warning] gyro_stat wx=-0.020 +- 0.000 [min=-0.020, max=-0.017], wy=-0.000 +- 0.001 [min=-0.004, max=0.002], wz=0.001 +- 0.000 [min=0.000, max=0.002] rad/s
[2026-07-08 20:05:41.924] [odom] [warning] IMU prediction is not good.
[2026-07-08 20:05:41.924] [odom] [warning] Possibly T_lidar_imu is not accurate or IMU bias is not well estimated.
[2026-07-08 20:05:41.924] [odom] [warning] IMU validation results:
[2026-07-08 20:05:41.924] [odom] [warning] num_validations=23360
[2026-07-08 20:05:41.924] [odom] [warning] No-IMU errors rot=0.213 +- 0.269 deg, trans=0.025 +- 0.022 m, vel=0.029 +- 0.029 m/s
[2026-07-08 20:05:41.924] [odom] [warning] IMU errors rot=0.071 +- 0.059 deg, trans=0.028 +- 0.018 m, vel=0.084 +- 0.049 m/s
[2026-07-08 20:05:41.924] [odom] [warning] IMU better ratios rot=0.85, trans=0.06, vel=0.12
[2026-07-08 20:05:41.986] [odom] [warning] IMU bias estimation seems inaccurate.
[2026-07-08 20:05:41.986] [odom] [warning] Possibly T_lidar_imu is not accurate or LiDAR-IMU synchronization is not correct.
[2026-07-08 20:05:41.986] [odom] [warning] IMU bias validation results:
[2026-07-08 20:05:41.986] [odom] [warning] num_bias_validations=24064
[2026-07-08 20:05:41.986] [odom] [warning] bias_acc=[0.444, -0.798, 0.018] m/s^2, bias_gyro=[-0.020, -0.000, 0.002] rad/s
[2026-07-08 20:05:41.986] [odom] [warning] acc_stat ax=0.387 +- 0.250 [min=-0.214, max=0.986], ay=-0.786 +- 0.329 [min=-1.421, max=0.031], az=0.056 +- 0.035 [min=-0.002, max=0.119] m/s^2
[2026-07-08 20:05:41.986] [odom] [warning] gyro_stat wx=-0.020 +- 0.000 [min=-0.020, max=-0.017], wy=-0.000 +- 0.001 [min=-0.004, max=0.002], wz=0.001 +- 0.000 [min=0.000, max=0.002] rad/s
[2026-07-08 20:05:42.218] [glim] [info] playback speed: 3.933x
[2026-07-08 20:05:43.620] [odom] [warning] IMU prediction is not good.
[2026-07-08 20:05:43.620] [odom] [warning] Possibly T_lidar_imu is not accurate or IMU bias is not well estimated.
[2026-07-08 20:05:43.620] [odom] [warning] IMU validation results:
[2026-07-08 20:05:43.620] [odom] [warning] num_validations=23424
[2026-07-08 20:05:43.620] [odom] [warning] No-IMU errors rot=0.213 +- 0.269 deg, trans=0.025 +- 0.022 m, vel=0.029 +- 0.029 m/s
[2026-07-08 20:05:43.620] [odom] [warning] IMU errors rot=0.071 +- 0.059 deg, trans=0.028 +- 0.018 m, vel=0.084 +- 0.049 m/s
[2026-07-08 20:05:43.620] [odom] [warning] IMU better ratios rot=0.85, trans=0.06, vel=0.12
[2026-07-08 20:05:43.784] [odom] [warning] IMU bias estimation seems inaccurate.
[2026-07-08 20:05:43.784] [odom] [warning] Possibly T_lidar_imu is not accurate or LiDAR-IMU synchronization is not correct.
[2026-07-08 20:05:43.784] [odom] [warning] IMU bias validation results:
[2026-07-08 20:05:43.784] [odom] [warning] num_bias_validations=24128
[2026-07-08 20:05:43.784] [odom] [warning] bias_acc=[0.434, -0.796, 0.019] m/s^2, bias_gyro=[-0.020, 0.001, 0.002] rad/s
[2026-07-08 20:05:43.784] [odom] [warning] acc_stat ax=0.387 +- 0.250 [min=-0.214, max=0.986], ay=-0.786 +- 0.329 [min=-1.421, max=0.031], az=0.056 +- 0.035 [min=-0.002, max=0.119] m/s^2
[2026-07-08 20:05:43.784] [odom] [warning] gyro_stat wx=-0.020 +- 0.000 [min=-0.020, max=-0.017], wy=-0.000 +- 0.001 [min=-0.004, max=0.002], wz=0.001 +- 0.000 [min=0.000, max=0.002] rad/s
[2026-07-08 20:05:46.230] [odom] [warning] IMU prediction is not good.
[2026-07-08 20:05:46.230] [odom] [warning] Possibly T_lidar_imu is not accurate or IMU bias is not well estimated.
[2026-07-08 20:05:46.230] [odom] [warning] IMU validation results:
[2026-07-08 20:05:46.230] [odom] [warning] num_validations=23488
[2026-07-08 20:05:46.230] [odom] [warning] No-IMU errors rot=0.213 +- 0.269 deg, trans=0.024 +- 0.022 m, vel=0.029 +- 0.029 m/s
[2026-07-08 20:05:46.230] [odom] [warning] IMU errors rot=0.071 +- 0.059 deg, trans=0.028 +- 0.018 m, vel=0.083 +- 0.049 m/s
[2026-07-08 20:05:46.230] [odom] [warning] IMU better ratios rot=0.85, trans=0.05, vel=0.12
[2026-07-08 20:05:46.275] [odom] [warning] IMU bias estimation seems inaccurate.
[2026-07-08 20:05:46.275] [odom] [warning] Possibly T_lidar_imu is not accurate or LiDAR-IMU synchronization is not correct.
[2026-07-08 20:05:46.275] [odom] [warning] IMU bias validation results:
[2026-07-08 20:05:46.275] [odom] [warning] num_bias_validations=24192
[2026-07-08 20:05:46.275] [odom] [warning] bias_acc=[0.424, -0.791, 0.021] m/s^2, bias_gyro=[-0.020, -0.000, 0.002] rad/s
[2026-07-08 20:05:46.275] [odom] [warning] acc_stat ax=0.387 +- 0.250 [min=-0.214, max=0.986], ay=-0.786 +- 0.328 [min=-1.421, max=0.031], az=0.056 +- 0.035 [min=-0.002, max=0.119] m/s^2
[2026-07-08 20:05:46.275] [odom] [warning] gyro_stat wx=-0.020 +- 0.000 [min=-0.020, max=-0.017], wy=-0.000 +- 0.001 [min=-0.004, max=0.002], wz=0.001 +- 0.000 [min=0.000, max=0.002] rad/s
[2026-07-08 20:05:47.236] [glim] [info] playback speed: 3.497x
[2026-07-08 20:05:47.237] [glim] [warning] large time gap between consecutive IMU data!!
[2026-07-08 20:05:47.237] [glim] [warning] current=1783506809.821614 last=1783506807.601893 diff=2.219720
[2026-07-08 20:05:47.237] [glim] [warning] large time difference between points and imu!!
[2026-07-08 20:05:47.237] [glim] [warning] points=1783506807.403428 imu=1783506809.821614 diff=2.418185
[2026-07-08 20:05:47.237] [glim] [warning] large time difference between points and imu!!
[2026-07-08 20:05:47.237] [glim] [warning] points=1783506807.403428 imu=1783506809.831604 diff=2.428176
[2026-07-08 20:05:47.238] [glim] [warning] large time difference between points and imu!!
[2026-07-08 20:05:47.238] [glim] [warning] points=1783506807.403428 imu=1783506809.841597 diff=2.438169
[2026-07-08 20:05:47.271] [glim] [warning] large time gap between consecutive LiDAR frames!!
[2026-07-08 20:05:47.271] [glim] [warning] current=1783506808.823618 last=1783506807.504888 diff=1.318731
[2026-07-08 20:05:47.712] [odom] [warning] insufficient number of IMU data between LiDAR scans!! (odometry_estimation)
[2026-07-08 20:05:47.712] [odom] [warning] t_last=1783506808.823618 t_current=1783506808.924992 num_imu=0
[2026-07-08 20:05:47.764] [odom] [warning] IMU prediction is not good.
[2026-07-08 20:05:47.764] [odom] [warning] Possibly T_lidar_imu is not accurate or IMU bias is not well estimated.
[2026-07-08 20:05:47.764] [odom] [warning] IMU validation results:
[2026-07-08 20:05:47.764] [odom] [warning] num_validations=23552
[2026-07-08 20:05:47.764] [odom] [warning] No-IMU errors rot=0.214 +- 0.270 deg, trans=0.024 +- 0.022 m, vel=0.029 +- 0.030 m/s
[2026-07-08 20:05:47.764] [odom] [warning] IMU errors rot=0.071 +- 0.059 deg, trans=0.028 +- 0.018 m, vel=0.083 +- 0.049 m/s
[2026-07-08 20:05:47.764] [odom] [warning] IMU better ratios rot=0.85, trans=0.06, vel=0.12
[2026-07-08 20:05:47.764] [odom] [warning] IMU bias estimation seems inaccurate.
[2026-07-08 20:05:47.764] [odom] [warning] Possibly T_lidar_imu is not accurate or LiDAR-IMU synchronization is not correct.
[2026-07-08 20:05:47.764] [odom] [warning] IMU bias validation results:
[2026-07-08 20:05:47.764] [odom] [warning] num_bias_validations=24256
[2026-07-08 20:05:47.764] [odom] [warning] bias_acc=[0.419, -0.788, 0.022] m/s^2, bias_gyro=[-0.020, -0.001, 0.001] rad/s
[2026-07-08 20:05:47.764] [odom] [warning] acc_stat ax=0.387 +- 0.249 [min=-0.214, max=0.986], ay=-0.786 +- 0.328 [min=-1.421, max=0.031], az=0.056 +- 0.035 [min=-0.002, max=0.119] m/s^2
[2026-07-08 20:05:47.764] [odom] [warning] gyro_stat wx=-0.020 +- 0.000 [min=-0.020, max=-0.017], wy=-0.000 +- 0.001 [min=-0.004, max=0.002], wz=0.001 +- 0.000 [min=0.000, max=0.002] rad/s
[2026-07-08 20:05:47.764] [odom] [warning] insufficient number of IMU data between LiDAR scans!! (odometry_estimation)
[2026-07-08 20:05:47.764] [odom] [warning] t_last=1783506808.924992 t_current=1783506809.026419 num_imu=0
[2026-07-08 20:05:47.791] [odom] [warning] insufficient number of IMU data between LiDAR scans!! (odometry_estimation)
[2026-07-08 20:05:47.791] [odom] [warning] t_last=1783506809.026419 t_current=1783506809.127852 num_imu=0
[2026-07-08 20:05:47.823] [odom] [warning] insufficient number of IMU data between LiDAR scans!! (odometry_estimation)
[2026-07-08 20:05:47.823] [odom] [warning] t_last=1783506809.127852 t_current=1783506809.229285 num_imu=0
[2026-07-08 20:05:47.836] [odom] [warning] insufficient number of IMU data between LiDAR scans!! (odometry_estimation)
[2026-07-08 20:05:47.836] [odom] [warning] t_last=1783506809.229285 t_current=1783506809.330685 num_imu=0
[2026-07-08 20:05:47.853] [odom] [warning] insufficient number of IMU data between LiDAR scans!! (odometry_estimation)
[2026-07-08 20:05:47.853] [odom] [warning] t_last=1783506809.330685 t_current=1783506809.432221 num_imu=0
[2026-07-08 20:05:47.883] [odom] [warning] insufficient number of IMU data between LiDAR scans!! (odometry_estimation)
[2026-07-08 20:05:47.883] [odom] [warning] t_last=1783506809.432221 t_current=1783506809.533568 num_imu=0
[2026-07-08 20:05:47.917] [odom] [warning] insufficient number of IMU data between LiDAR scans!! (odometry_estimation)
[2026-07-08 20:05:47.917] [odom] [warning] t_last=1783506809.533568 t_current=1783506809.635107 num_imu=0
[2026-07-08 20:05:47.954] [odom] [warning] insufficient number of IMU data between LiDAR scans!! (odometry_estimation)
[2026-07-08 20:05:47.954] [odom] [warning] t_last=1783506809.635107 t_current=1783506809.736528 num_imu=0
[2026-07-08 20:05:48.407] [submap] [warning] insufficient IMU data between LiDAR frames!! (sub_mapping)
[2026-07-08 20:05:48.459] [submap] [warning] insufficient IMU data between LiDAR frames!! (sub_mapping)
[2026-07-08 20:05:48.489] [submap] [warning] insufficient IMU data between LiDAR frames!! (sub_mapping)
[2026-07-08 20:05:48.510] [submap] [warning] insufficient IMU data between LiDAR frames!! (sub_mapping)
[2026-07-08 20:05:48.541] [submap] [warning] insufficient IMU data between LiDAR frames!! (sub_mapping)
[2026-07-08 20:05:48.602] [submap] [warning] insufficient IMU data between LiDAR frames!! (sub_mapping)
[2026-07-08 20:05:48.633] [submap] [warning] insufficient IMU data between LiDAR frames!! (sub_mapping)
[2026-07-08 20:05:48.663] [submap] [warning] insufficient IMU data between LiDAR frames!! (sub_mapping)
[2026-07-08 20:05:48.704] [submap] [warning] insufficient IMU data between LiDAR frames!! (sub_mapping)
[2026-07-08 20:05:48.873] [odom] [warning] IMU prediction is not good.
[2026-07-08 20:05:48.873] [odom] [warning] Possibly T_lidar_imu is not accurate or IMU bias is not well estimated.
[2026-07-08 20:05:48.873] [odom] [warning] IMU validation results:
[2026-07-08 20:05:48.873] [odom] [warning] num_validations=23616
[2026-07-08 20:05:48.873] [odom] [warning] No-IMU errors rot=0.214 +- 0.270 deg, trans=0.025 +- 0.023 m, vel=0.029 +- 0.030 m/s
[2026-07-08 20:05:48.873] [odom] [warning] IMU errors rot=0.072 +- 0.062 deg, trans=0.028 +- 0.019 m, vel=0.083 +- 0.050 m/s
[2026-07-08 20:05:48.873] [odom] [warning] IMU better ratios rot=0.85, trans=0.06, vel=0.12
[2026-07-08 20:05:48.873] [odom] [warning] IMU bias estimation seems inaccurate.
[2026-07-08 20:05:48.873] [odom] [warning] Possibly T_lidar_imu is not accurate or LiDAR-IMU synchronization is not correct.
[2026-07-08 20:05:48.873] [odom] [warning] IMU bias validation results:
[2026-07-08 20:05:48.873] [odom] [warning] num_bias_validations=24320
[2026-07-08 20:05:48.873] [odom] [warning] bias_acc=[0.413, -0.784, 0.022] m/s^2, bias_gyro=[-0.020, -0.002, -0.001] rad/s
[2026-07-08 20:05:48.873] [odom] [warning] acc_stat ax=0.387 +- 0.249 [min=-0.214, max=0.986], ay=-0.786 +- 0.327 [min=-1.421, max=0.031], az=0.055 +- 0.035 [min=-0.002, max=0.119] m/s^2
[2026-07-08 20:05:48.873] [odom] [warning] gyro_stat wx=-0.020 +- 0.000 [min=-0.020, max=-0.017], wy=-0.000 +- 0.001 [min=-0.004, max=0.002], wz=0.001 +- 0.000 [min=-0.001, max=0.002] rad/s
[2026-07-08 20:05:50.547] [odom] [warning] IMU prediction is not good.
[2026-07-08 20:05:50.547] [odom] [warning] Possibly T_lidar_imu is not accurate or IMU bias is not well estimated.
[2026-07-08 20:05:50.547] [odom] [warning] IMU validation results:
[2026-07-08 20:05:50.547] [odom] [warning] num_validations=23680
[2026-07-08 20:05:50.547] [odom] [warning] No-IMU errors rot=0.214 +- 0.270 deg, trans=0.024 +- 0.023 m, vel=0.029 +- 0.030 m/s
[2026-07-08 20:05:50.547] [odom] [warning] IMU errors rot=0.072 +- 0.062 deg, trans=0.028 +- 0.019 m, vel=0.083 +- 0.050 m/s
[2026-07-08 20:05:50.547] [odom] [warning] IMU better ratios rot=0.85, trans=0.06, vel=0.12
[2026-07-08 20:05:50.547] [odom] [warning] IMU bias estimation seems inaccurate.
[2026-07-08 20:05:50.547] [odom] [warning] Possibly T_lidar_imu is not accurate or LiDAR-IMU synchronization is not correct.
[2026-07-08 20:05:50.547] [odom] [warning] IMU bias validation results:
[2026-07-08 20:05:50.547] [odom] [warning] num_bias_validations=24384
[2026-07-08 20:05:50.547] [odom] [warning] bias_acc=[0.413, -0.781, 0.022] m/s^2, bias_gyro=[-0.020, -0.001, -0.000] rad/s
[2026-07-08 20:05:50.547] [odom] [warning] acc_stat ax=0.387 +- 0.249 [min=-0.214, max=0.986], ay=-0.786 +- 0.327 [min=-1.421, max=0.031], az=0.055 +- 0.035 [min=-0.002, max=0.119] m/s^2
[2026-07-08 20:05:50.547] [odom] [warning] gyro_stat wx=-0.020 +- 0.000 [min=-0.020, max=-0.017], wy=-0.000 +- 0.001 [min=-0.004, max=0.002], wz=0.001 +- 0.000 [min=-0.001, max=0.002] rad/s
[2026-07-08 20:05:52.095] [odom] [warning] IMU bias estimation seems inaccurate.
[2026-07-08 20:05:52.095] [odom] [warning] Possibly T_lidar_imu is not accurate or LiDAR-IMU synchronization is not correct.
[2026-07-08 20:05:52.095] [odom] [warning] IMU bias validation results:
[2026-07-08 20:05:52.095] [odom] [warning] num_bias_validations=24448
[2026-07-08 20:05:52.095] [odom] [warning] bias_acc=[0.409, -0.777, 0.023] m/s^2, bias_gyro=[-0.020, -0.000, 0.000] rad/s
[2026-07-08 20:05:52.095] [odom] [warning] acc_stat ax=0.387 +- 0.248 [min=-0.214, max=0.986], ay=-0.786 +- 0.326 [min=-1.421, max=0.031], az=0.055 +- 0.035 [min=-0.002, max=0.119] m/s^2
[2026-07-08 20:05:52.095] [odom] [warning] gyro_stat wx=-0.020 +- 0.000 [min=-0.020, max=-0.017], wy=-0.000 +- 0.001 [min=-0.004, max=0.002], wz=0.001 +- 0.000 [min=-0.001, max=0.002] rad/s
[2026-07-08 20:05:52.189] [odom] [warning] IMU prediction is not good.
[2026-07-08 20:05:52.189] [odom] [warning] Possibly T_lidar_imu is not accurate or IMU bias is not well estimated.
[2026-07-08 20:05:52.189] [odom] [warning] IMU validation results:
[2026-07-08 20:05:52.189] [odom] [warning] num_validations=23744
[2026-07-08 20:05:52.189] [odom] [warning] No-IMU errors rot=0.214 +- 0.270 deg, trans=0.024 +- 0.023 m, vel=0.029 +- 0.030 m/s
[2026-07-08 20:05:52.189] [odom] [warning] IMU errors rot=0.072 +- 0.062 deg, trans=0.028 +- 0.019 m, vel=0.083 +- 0.050 m/s
[2026-07-08 20:05:52.189] [odom] [warning] IMU better ratios rot=0.85, trans=0.06, vel=0.12
[2026-07-08 20:05:52.262] [glim] [info] playback speed: 4.440x
[2026-07-08 20:05:55.157] [odom] [warning] IMU bias estimation seems inaccurate.
[2026-07-08 20:05:55.157] [odom] [warning] Possibly T_lidar_imu is not accurate or LiDAR-IMU synchronization is not correct.
[2026-07-08 20:05:55.157] [odom] [warning] IMU bias validation results:
[2026-07-08 20:05:55.157] [odom] [warning] num_bias_validations=24512
[2026-07-08 20:05:55.157] [odom] [warning] bias_acc=[0.402, -0.775, 0.024] m/s^2, bias_gyro=[-0.020, -0.000, 0.000] rad/s
[2026-07-08 20:05:55.157] [odom] [warning] acc_stat ax=0.387 +- 0.248 [min=-0.214, max=0.986], ay=-0.786 +- 0.326 [min=-1.421, max=0.031], az=0.055 +- 0.035 [min=-0.002, max=0.119] m/s^2
[2026-07-08 20:05:55.157] [odom] [warning] gyro_stat wx=-0.020 +- 0.000 [min=-0.020, max=-0.017], wy=-0.000 +- 0.001 [min=-0.004, max=0.002], wz=0.001 +- 0.000 [min=-0.001, max=0.002] rad/s
[2026-07-08 20:05:55.795] [odom] [warning] IMU prediction is not good.
[2026-07-08 20:05:55.795] [odom] [warning] Possibly T_lidar_imu is not accurate or IMU bias is not well estimated.
[2026-07-08 20:05:55.795] [odom] [warning] IMU validation results:
[2026-07-08 20:05:55.795] [odom] [warning] num_validations=23808
[2026-07-08 20:05:55.795] [odom] [warning] No-IMU errors rot=0.215 +- 0.270 deg, trans=0.024 +- 0.023 m, vel=0.029 +- 0.030 m/s
[2026-07-08 20:05:55.795] [odom] [warning] IMU errors rot=0.072 +- 0.062 deg, trans=0.028 +- 0.019 m, vel=0.083 +- 0.050 m/s
[2026-07-08 20:05:55.795] [odom] [warning] IMU better ratios rot=0.85, trans=0.06, vel=0.12
[2026-07-08 20:05:56.218] [odom] [warning] IMU bias estimation seems inaccurate.
[2026-07-08 20:05:56.218] [odom] [warning] Possibly T_lidar_imu is not accurate or LiDAR-IMU synchronization is not correct.
[2026-07-08 20:05:56.218] [odom] [warning] IMU bias validation results:
[2026-07-08 20:05:56.218] [odom] [warning] num_bias_validations=24576
[2026-07-08 20:05:56.218] [odom] [warning] bias_acc=[0.399, -0.772, 0.024] m/s^2, bias_gyro=[-0.020, -0.001, 0.000] rad/s
[2026-07-08 20:05:56.218] [odom] [warning] acc_stat ax=0.387 +- 0.248 [min=-0.214, max=0.986], ay=-0.786 +- 0.326 [min=-1.421, max=0.031], az=0.055 +- 0.035 [min=-0.002, max=0.119] m/s^2
[2026-07-08 20:05:56.218] [odom] [warning] gyro_stat wx=-0.020 +- 0.000 [min=-0.020, max=-0.017], wy=-0.000 +- 0.001 [min=-0.004, max=0.002], wz=0.001 +- 0.000 [min=-0.001, max=0.002] rad/s
[2026-07-08 20:05:57.279] [glim] [info] playback speed: 3.134x
[2026-07-08 20:05:57.285] [odom] [warning] IMU prediction is not good.
[2026-07-08 20:05:57.285] [odom] [warning] Possibly T_lidar_imu is not accurate or IMU bias is not well estimated.
[2026-07-08 20:05:57.285] [odom] [warning] IMU validation results:
[2026-07-08 20:05:57.285] [odom] [warning] num_validations=23872
[2026-07-08 20:05:57.285] [odom] [warning] No-IMU errors rot=0.215 +- 0.270 deg, trans=0.024 +- 0.023 m, vel=0.029 +- 0.030 m/s
[2026-07-08 20:05:57.285] [odom] [warning] IMU errors rot=0.072 +- 0.062 deg, trans=0.028 +- 0.019 m, vel=0.083 +- 0.050 m/s
[2026-07-08 20:05:57.285] [odom] [warning] IMU better ratios rot=0.85, trans=0.06, vel=0.12
[2026-07-08 20:05:58.538] [odom] [warning] IMU bias estimation seems inaccurate.
[2026-07-08 20:05:58.538] [odom] [warning] Possibly T_lidar_imu is not accurate or LiDAR-IMU synchronization is not correct.
[2026-07-08 20:05:58.538] [odom] [warning] IMU bias validation results:
[2026-07-08 20:05:58.538] [odom] [warning] num_bias_validations=24640
[2026-07-08 20:05:58.538] [odom] [warning] bias_acc=[0.402, -0.767, 0.024] m/s^2, bias_gyro=[-0.020, -0.001, 0.001] rad/s
[2026-07-08 20:05:58.538] [odom] [warning] acc_stat ax=0.387 +- 0.247 [min=-0.214, max=0.986], ay=-0.786 +- 0.325 [min=-1.421, max=0.031], az=0.055 +- 0.035 [min=-0.002, max=0.119] m/s^2
[2026-07-08 20:05:58.538] [odom] [warning] gyro_stat wx=-0.020 +- 0.000 [min=-0.020, max=-0.017], wy=-0.000 +- 0.001 [min=-0.004, max=0.002], wz=0.001 +- 0.000 [min=-0.001, max=0.002] rad/s
[2026-07-08 20:05:59.541] [odom] [warning] IMU prediction is not good.
[2026-07-08 20:05:59.541] [odom] [warning] Possibly T_lidar_imu is not accurate or IMU bias is not well estimated.
[2026-07-08 20:05:59.541] [odom] [warning] IMU validation results:
[2026-07-08 20:05:59.541] [odom] [warning] num_validations=23936
[2026-07-08 20:05:59.541] [odom] [warning] No-IMU errors rot=0.216 +- 0.271 deg, trans=0.024 +- 0.023 m, vel=0.029 +- 0.030 m/s
[2026-07-08 20:05:59.541] [odom] [warning] IMU errors rot=0.072 +- 0.062 deg, trans=0.028 +- 0.019 m, vel=0.083 +- 0.050 m/s
[2026-07-08 20:05:59.541] [odom] [warning] IMU better ratios rot=0.85, trans=0.06, vel=0.12
[2026-07-08 20:05:59.897] [odom] [warning] IMU bias estimation seems inaccurate.
[2026-07-08 20:05:59.898] [odom] [warning] Possibly T_lidar_imu is not accurate or LiDAR-IMU synchronization is not correct.
[2026-07-08 20:05:59.898] [odom] [warning] IMU bias validation results:
[2026-07-08 20:05:59.898] [odom] [warning] num_bias_validations=24704
[2026-07-08 20:05:59.898] [odom] [warning] bias_acc=[0.395, -0.758, 0.024] m/s^2, bias_gyro=[-0.020, 0.001, 0.001] rad/s
[2026-07-08 20:05:59.898] [odom] [warning] acc_stat ax=0.387 +- 0.247 [min=-0.214, max=0.986], ay=-0.786 +- 0.325 [min=-1.421, max=0.031], az=0.055 +- 0.035 [min=-0.002, max=0.119] m/s^2
[2026-07-08 20:05:59.898] [odom] [warning] gyro_stat wx=-0.020 +- 0.000 [min=-0.020, max=-0.017], wy=-0.000 +- 0.001 [min=-0.004, max=0.002], wz=0.001 +- 0.000 [min=-0.001, max=0.002] rad/s
[2026-07-08 20:06:01.292] [odom] [warning] IMU prediction is not good.
[2026-07-08 20:06:01.292] [odom] [warning] Possibly T_lidar_imu is not accurate or IMU bias is not well estimated.
[2026-07-08 20:06:01.292] [odom] [warning] IMU validation results:
[2026-07-08 20:06:01.292] [odom] [warning] num_validations=24000
[2026-07-08 20:06:01.292] [odom] [warning] No-IMU errors rot=0.216 +- 0.271 deg, trans=0.024 +- 0.023 m, vel=0.029 +- 0.030 m/s
[2026-07-08 20:06:01.292] [odom] [warning] IMU errors rot=0.072 +- 0.062 deg, trans=0.028 +- 0.019 m, vel=0.083 +- 0.050 m/s
[2026-07-08 20:06:01.292] [odom] [warning] IMU better ratios rot=0.85, trans=0.06, vel=0.12
[2026-07-08 20:06:02.285] [glim] [info] playback speed: 3.019x
[2026-07-08 20:06:02.440] [odom] [warning] IMU bias estimation seems inaccurate.
[2026-07-08 20:06:02.440] [odom] [warning] Possibly T_lidar_imu is not accurate or LiDAR-IMU synchronization is not correct.
[2026-07-08 20:06:02.440] [odom] [warning] IMU bias validation results:
[2026-07-08 20:06:02.440] [odom] [warning] num_bias_validations=24768
[2026-07-08 20:06:02.440] [odom] [warning] bias_acc=[0.382, -0.753, 0.027] m/s^2, bias_gyro=[-0.020, 0.001, 0.001] rad/s
[2026-07-08 20:06:02.440] [odom] [warning] acc_stat ax=0.387 +- 0.247 [min=-0.214, max=0.986], ay=-0.786 +- 0.324 [min=-1.421, max=0.031], az=0.055 +- 0.035 [min=-0.002, max=0.119] m/s^2
[2026-07-08 20:06:02.440] [odom] [warning] gyro_stat wx=-0.020 +- 0.000 [min=-0.020, max=-0.017], wy=-0.000 +- 0.001 [min=-0.004, max=0.002], wz=0.001 +- 0.000 [min=-0.001, max=0.002] rad/s
[2026-07-08 20:06:02.894] [odom] [warning] IMU prediction is not good.
[2026-07-08 20:06:02.894] [odom] [warning] Possibly T_lidar_imu is not accurate or IMU bias is not well estimated.
[2026-07-08 20:06:02.894] [odom] [warning] IMU validation results:
[2026-07-08 20:06:02.894] [odom] [warning] num_validations=24064
[2026-07-08 20:06:02.894] [odom] [warning] No-IMU errors rot=0.216 +- 0.270 deg, trans=0.024 +- 0.023 m, vel=0.029 +- 0.030 m/s
[2026-07-08 20:06:02.894] [odom] [warning] IMU errors rot=0.072 +- 0.062 deg, trans=0.028 +- 0.019 m, vel=0.082 +- 0.050 m/s
[2026-07-08 20:06:02.894] [odom] [warning] IMU better ratios rot=0.85, trans=0.06, vel=0.12
[2026-07-08 20:06:04.310] [odom] [warning] IMU bias estimation seems inaccurate.
[2026-07-08 20:06:04.310] [odom] [warning] Possibly T_lidar_imu is not accurate or LiDAR-IMU synchronization is not correct.
[2026-07-08 20:06:04.310] [odom] [warning] IMU bias validation results:
[2026-07-08 20:06:04.310] [odom] [warning] num_bias_validations=24832
[2026-07-08 20:06:04.310] [odom] [warning] bias_acc=[0.366, -0.749, 0.029] m/s^2, bias_gyro=[-0.020, 0.001, 0.001] rad/s
[2026-07-08 20:06:04.310] [odom] [warning] acc_stat ax=0.387 +- 0.246 [min=-0.214, max=0.986], ay=-0.785 +- 0.324 [min=-1.421, max=0.031], az=0.055 +- 0.035 [min=-0.002, max=0.119] m/s^2
[2026-07-08 20:06:04.310] [odom] [warning] gyro_stat wx=-0.020 +- 0.000 [min=-0.020, max=-0.017], wy=-0.000 +- 0.001 [min=-0.004, max=0.002], wz=0.001 +- 0.000 [min=-0.001, max=0.002] rad/s
[2026-07-08 20:06:04.945] [glim] [warning] large time gap between consecutive LiDAR frames!!
[2026-07-08 20:06:04.945] [glim] [warning] current=1783506875.160208 last=1783506870.494329 diff=4.665880
[2026-07-08 20:06:05.194] [odom] [warning] waiting for IMU data (scan_end_time=1783506875.261535, last_imu_time=1783506870.605344 |frames|=11)
[2026-07-08 20:06:05.204] [odom] [warning] waiting for IMU data (scan_end_time=1783506875.261535, last_imu_time=1783506870.605344 |frames|=11)
[2026-07-08 20:06:05.215] [odom] [warning] waiting for IMU data (scan_end_time=1783506875.261535, last_imu_time=1783506870.605344 |frames|=11)
[2026-07-08 20:06:05.225] [odom] [warning] waiting for IMU data (scan_end_time=1783506875.261535, last_imu_time=1783506870.605344 |frames|=11)
[2026-07-08 20:06:05.235] [odom] [warning] waiting for IMU data (scan_end_time=1783506875.261535, last_imu_time=1783506870.605344 |frames|=12)
[2026-07-08 20:06:05.245] [odom] [warning] waiting for IMU data (scan_end_time=1783506875.261535, last_imu_time=1783506870.605344 |frames|=12)
[2026-07-08 20:06:05.255] [odom] [warning] waiting for IMU data (scan_end_time=1783506875.261535, last_imu_time=1783506870.605344 |frames|=12)
[2026-07-08 20:06:05.265] [odom] [warning] waiting for IMU data (scan_end_time=1783506875.261535, last_imu_time=1783506870.605344 |frames|=12)
[2026-07-08 20:06:05.275] [odom] [warning] waiting for IMU data (scan_end_time=1783506875.261535, last_imu_time=1783506870.605344 |frames|=12)
[2026-07-08 20:06:05.285] [odom] [warning] waiting for IMU data (scan_end_time=1783506875.261535, last_imu_time=1783506870.605344 |frames|=13)
[2026-07-08 20:06:05.295] [odom] [warning] waiting for IMU data (scan_end_time=1783506875.261535, last_imu_time=1783506870.605344 |frames|=13)
[2026-07-08 20:06:05.305] [odom] [warning] waiting for IMU data (scan_end_time=1783506875.261535, last_imu_time=1783506870.605344 |frames|=13)
[2026-07-08 20:06:05.315] [odom] [warning] waiting for IMU data (scan_end_time=1783506875.261535, last_imu_time=1783506870.605344 |frames|=13)
[2026-07-08 20:06:05.326] [odom] [warning] waiting for IMU data (scan_end_time=1783506875.261535, last_imu_time=1783506870.605344 |frames|=13)
[2026-07-08 20:06:05.336] [odom] [warning] waiting for IMU data (scan_end_time=1783506875.261535, last_imu_time=1783506870.605344 |frames|=14)
[2026-07-08 20:06:05.346] [odom] [warning] waiting for IMU data (scan_end_time=1783506875.261535, last_imu_time=1783506870.605344 |frames|=14)
[2026-07-08 20:06:05.356] [odom] [warning] waiting for IMU data (scan_end_time=1783506875.261535, last_imu_time=1783506870.605344 |frames|=14)
[2026-07-08 20:06:05.366] [odom] [warning] waiting for IMU data (scan_end_time=1783506875.261535, last_imu_time=1783506870.605344 |frames|=14)
[2026-07-08 20:06:05.376] [odom] [warning] waiting for IMU data (scan_end_time=1783506875.261535, last_imu_time=1783506870.605344 |frames|=14)
[2026-07-08 20:06:05.387] [odom] [warning] waiting for IMU data (scan_end_time=1783506875.261535, last_imu_time=1783506870.605344 |frames|=14)
[2026-07-08 20:06:05.397] [odom] [warning] waiting for IMU data (scan_end_time=1783506875.261535, last_imu_time=1783506870.605344 |frames|=15)
[2026-07-08 20:06:05.407] [odom] [warning] waiting for IMU data (scan_end_time=1783506875.261535, last_imu_time=1783506870.605344 |frames|=15)
[2026-07-08 20:06:05.417] [odom] [warning] waiting for IMU data (scan_end_time=1783506875.261535, last_imu_time=1783506870.605344 |frames|=15)
[2026-07-08 20:06:05.427] [odom] [warning] waiting for IMU data (scan_end_time=1783506875.261535, last_imu_time=1783506870.605344 |frames|=15)
[2026-07-08 20:06:05.438] [odom] [warning] waiting for IMU data (scan_end_time=1783506875.261535, last_imu_time=1783506870.605344 |frames|=15)
[2026-07-08 20:06:05.448] [odom] [warning] waiting for IMU data (scan_end_time=1783506875.261535, last_imu_time=1783506870.605344 |frames|=15)
[2026-07-08 20:06:05.458] [odom] [warning] waiting for IMU data (scan_end_time=1783506875.261535, last_imu_time=1783506870.605344 |frames|=16)
[2026-07-08 20:06:05.468] [odom] [warning] waiting for IMU data (scan_end_time=1783506875.261535, last_imu_time=1783506870.605344 |frames|=16)
[2026-07-08 20:06:05.478] [odom] [warning] waiting for IMU data (scan_end_time=1783506875.261535, last_imu_time=1783506870.605344 |frames|=16)
[2026-07-08 20:06:05.488] [odom] [warning] waiting for IMU data (scan_end_time=1783506875.261535, last_imu_time=1783506870.605344 |frames|=16)
[2026-07-08 20:06:05.498] [odom] [warning] waiting for IMU data (scan_end_time=1783506875.261535, last_imu_time=1783506870.605344 |frames|=16)
[2026-07-08 20:06:05.508] [odom] [warning] waiting for IMU data (scan_end_time=1783506875.261535, last_imu_time=1783506870.605344 |frames|=16)
[2026-07-08 20:06:05.518] [odom] [warning] waiting for IMU data (scan_end_time=1783506875.261535, last_imu_time=1783506870.605344 |frames|=17)
[2026-07-08 20:06:05.529] [odom] [warning] waiting for IMU data (scan_end_time=1783506875.261535, last_imu_time=1783506870.605344 |frames|=17)
[2026-07-08 20:06:05.539] [odom] [warning] waiting for IMU data (scan_end_time=1783506875.261535, last_imu_time=1783506870.605344 |frames|=17)
[2026-07-08 20:06:05.549] [odom] [warning] waiting for IMU data (scan_end_time=1783506875.261535, last_imu_time=1783506870.605344 |frames|=17)
[2026-07-08 20:06:05.559] [odom] [warning] waiting for IMU data (scan_end_time=1783506875.261535, last_imu_time=1783506870.605344 |frames|=17)
[2026-07-08 20:06:05.569] [odom] [warning] waiting for IMU data (scan_end_time=1783506875.261535, last_imu_time=1783506870.605344 |frames|=17)
[2026-07-08 20:06:05.579] [odom] [warning] waiting for IMU data (scan_end_time=1783506875.261535, last_imu_time=1783506870.605344 |frames|=17)
[2026-07-08 20:06:05.590] [odom] [warning] waiting for IMU data (scan_end_time=1783506875.261535, last_imu_time=1783506870.605344 |frames|=18)
[2026-07-08 20:06:05.600] [odom] [warning] waiting for IMU data (scan_end_time=1783506875.261535, last_imu_time=1783506870.605344 |frames|=18)
[2026-07-08 20:06:05.610] [odom] [warning] waiting for IMU data (scan_end_time=1783506875.261535, last_imu_time=1783506870.605344 |frames|=18)
[2026-07-08 20:06:05.620] [odom] [warning] waiting for IMU data (scan_end_time=1783506875.261535, last_imu_time=1783506870.605344 |frames|=18)
[2026-07-08 20:06:05.630] [odom] [warning] waiting for IMU data (scan_end_time=1783506875.261535, last_imu_time=1783506870.605344 |frames|=18)
[2026-07-08 20:06:05.641] [odom] [warning] waiting for IMU data (scan_end_time=1783506875.261535, last_imu_time=1783506870.605344 |frames|=18)
[2026-07-08 20:06:05.651] [odom] [warning] waiting for IMU data (scan_end_time=1783506875.261535, last_imu_time=1783506870.605344 |frames|=18)
[2026-07-08 20:06:05.661] [odom] [warning] waiting for IMU data (scan_end_time=1783506875.261535, last_imu_time=1783506870.605344 |frames|=18)
[2026-07-08 20:06:05.671] [odom] [warning] waiting for IMU data (scan_end_time=1783506875.261535, last_imu_time=1783506870.605344 |frames|=19)
[2026-07-08 20:06:05.681] [odom] [warning] waiting for IMU data (scan_end_time=1783506875.261535, last_imu_time=1783506870.605344 |frames|=19)
[2026-07-08 20:06:05.691] [odom] [warning] waiting for IMU data (scan_end_time=1783506875.261535, last_imu_time=1783506870.605344 |frames|=19)
[2026-07-08 20:06:05.701] [odom] [warning] waiting for IMU data (scan_end_time=1783506875.261535, last_imu_time=1783506870.605344 |frames|=19)
[2026-07-08 20:06:05.712] [odom] [warning] waiting for IMU data (scan_end_time=1783506875.261535, last_imu_time=1783506870.605344 |frames|=19)
[2026-07-08 20:06:05.722] [odom] [warning] waiting for IMU data (scan_end_time=1783506875.261535, last_imu_time=1783506870.605344 |frames|=19)
[2026-07-08 20:06:05.732] [odom] [warning] waiting for IMU data (scan_end_time=1783506875.261535, last_imu_time=1783506870.605344 |frames|=19)
[2026-07-08 20:06:05.742] [odom] [warning] waiting for IMU data (scan_end_time=1783506875.261535, last_imu_time=1783506870.605344 |frames|=19)
[2026-07-08 20:06:05.752] [odom] [warning] waiting for IMU data (scan_end_time=1783506875.261535, last_imu_time=1783506870.605344 |frames|=20)
[2026-07-08 20:06:05.762] [odom] [warning] waiting for IMU data (scan_end_time=1783506875.261535, last_imu_time=1783506870.605344 |frames|=20)
[2026-07-08 20:06:05.772] [odom] [warning] waiting for IMU data (scan_end_time=1783506875.261535, last_imu_time=1783506870.605344 |frames|=20)
[2026-07-08 20:06:05.783] [odom] [warning] waiting for IMU data (scan_end_time=1783506875.261535, last_imu_time=1783506870.605344 |frames|=20)
[2026-07-08 20:06:05.793] [odom] [warning] waiting for IMU data (scan_end_time=1783506875.261535, last_imu_time=1783506870.605344 |frames|=20)
[2026-07-08 20:06:05.803] [odom] [warning] waiting for IMU data (scan_end_time=1783506875.261535, last_imu_time=1783506870.605344 |frames|=20)
[2026-07-08 20:06:05.813] [odom] [warning] waiting for IMU data (scan_end_time=1783506875.261535, last_imu_time=1783506870.605344 |frames|=20)
[2026-07-08 20:06:05.823] [odom] [warning] waiting for IMU data (scan_end_time=1783506875.261535, last_imu_time=1783506870.605344 |frames|=20)
[2026-07-08 20:06:05.833] [odom] [warning] waiting for IMU data (scan_end_time=1783506875.261535, last_imu_time=1783506870.605344 |frames|=21)
[2026-07-08 20:06:05.843] [odom] [warning] waiting for IMU data (scan_end_time=1783506875.261535, last_imu_time=1783506870.605344 |frames|=21)
[2026-07-08 20:06:05.854] [odom] [warning] waiting for IMU data (scan_end_time=1783506875.261535, last_imu_time=1783506870.605344 |frames|=21)
[2026-07-08 20:06:05.864] [odom] [warning] waiting for IMU data (scan_end_time=1783506875.261535, last_imu_time=1783506870.605344 |frames|=21)
[2026-07-08 20:06:05.874] [odom] [warning] waiting for IMU data (scan_end_time=1783506875.261535, last_imu_time=1783506870.605344 |frames|=21)
[2026-07-08 20:06:05.884] [odom] [warning] waiting for IMU data (scan_end_time=1783506875.261535, last_imu_time=1783506870.605344 |frames|=21)
[2026-07-08 20:06:05.894] [odom] [warning] waiting for IMU data (scan_end_time=1783506875.261535, last_imu_time=1783506870.605344 |frames|=21)
[2026-07-08 20:06:05.904] [odom] [warning] waiting for IMU data (scan_end_time=1783506875.261535, last_imu_time=1783506870.605344 |frames|=21)
[2026-07-08 20:06:05.914] [odom] [warning] waiting for IMU data (scan_end_time=1783506875.261535, last_imu_time=1783506870.605344 |frames|=21)
[2026-07-08 20:06:05.924] [odom] [warning] waiting for IMU data (scan_end_time=1783506875.261535, last_imu_time=1783506870.605344 |frames|=22)
[2026-07-08 20:06:05.935] [odom] [warning] waiting for IMU data (scan_end_time=1783506875.261535, last_imu_time=1783506870.605344 |frames|=22)
[2026-07-08 20:06:05.945] [odom] [warning] waiting for IMU data (scan_end_time=1783506875.261535, last_imu_time=1783506870.605344 |frames|=22)
[2026-07-08 20:06:05.955] [odom] [warning] waiting for IMU data (scan_end_time=1783506875.261535, last_imu_time=1783506870.605344 |frames|=22)
[2026-07-08 20:06:05.965] [odom] [warning] waiting for IMU data (scan_end_time=1783506875.261535, last_imu_time=1783506870.605344 |frames|=22)
[2026-07-08 20:06:05.975] [odom] [warning] waiting for IMU data (scan_end_time=1783506875.261535, last_imu_time=1783506870.605344 |frames|=22)
[2026-07-08 20:06:05.986] [odom] [warning] waiting for IMU data (scan_end_time=1783506875.261535, last_imu_time=1783506870.605344 |frames|=22)
[2026-07-08 20:06:05.996] [odom] [warning] waiting for IMU data (scan_end_time=1783506875.261535, last_imu_time=1783506870.605344 |frames|=22)
[2026-07-08 20:06:06.006] [odom] [warning] waiting for IMU data (scan_end_time=1783506875.261535, last_imu_time=1783506870.605344 |frames|=22)
[2026-07-08 20:06:06.016] [odom] [warning] waiting for IMU data (scan_end_time=1783506875.261535, last_imu_time=1783506870.605344 |frames|=22)
[2026-07-08 20:06:06.026] [odom] [warning] waiting for IMU data (scan_end_time=1783506875.261535, last_imu_time=1783506870.605344 |frames|=23)
[2026-07-08 20:06:06.036] [odom] [warning] waiting for IMU data (scan_end_time=1783506875.261535, last_imu_time=1783506870.605344 |frames|=23)
[2026-07-08 20:06:06.046] [odom] [warning] waiting for IMU data (scan_end_time=1783506875.261535, last_imu_time=1783506870.605344 |frames|=23)
[2026-07-08 20:06:06.057] [odom] [warning] waiting for IMU data (scan_end_time=1783506875.261535, last_imu_time=1783506870.605344 |frames|=23)
[2026-07-08 20:06:06.067] [odom] [warning] waiting for IMU data (scan_end_time=1783506875.261535, last_imu_time=1783506870.605344 |frames|=23)
[2026-07-08 20:06:06.077] [odom] [warning] waiting for IMU data (scan_end_time=1783506875.261535, last_imu_time=1783506870.605344 |frames|=23)
[2026-07-08 20:06:06.087] [odom] [warning] waiting for IMU data (scan_end_time=1783506875.261535, last_imu_time=1783506870.605344 |frames|=23)
[2026-07-08 20:06:06.097] [odom] [warning] waiting for IMU data (scan_end_time=1783506875.261535, last_imu_time=1783506870.605344 |frames|=23)
[2026-07-08 20:06:06.107] [odom] [warning] waiting for IMU data (scan_end_time=1783506875.261535, last_imu_time=1783506870.605344 |frames|=23)
[2026-07-08 20:06:06.117] [odom] [warning] waiting for IMU data (scan_end_time=1783506875.261535, last_imu_time=1783506870.605344 |frames|=23)
[2026-07-08 20:06:06.128] [odom] [warning] waiting for IMU data (scan_end_time=1783506875.261535, last_imu_time=1783506870.605344 |frames|=24)
[2026-07-08 20:06:06.138] [odom] [warning] waiting for IMU data (scan_end_time=1783506875.261535, last_imu_time=1783506870.605344 |frames|=24)
[2026-07-08 20:06:06.148] [odom] [warning] waiting for IMU data (scan_end_time=1783506875.261535, last_imu_time=1783506870.605344 |frames|=24)
[2026-07-08 20:06:06.158] [odom] [warning] waiting for IMU data (scan_end_time=1783506875.261535, last_imu_time=1783506870.605344 |frames|=24)
[2026-07-08 20:06:06.168] [odom] [warning] waiting for IMU data (scan_end_time=1783506875.261535, last_imu_time=1783506870.605344 |frames|=24)
[2026-07-08 20:06:06.178] [odom] [warning] waiting for IMU data (scan_end_time=1783506875.261535, last_imu_time=1783506870.605344 |frames|=24)
[2026-07-08 20:06:06.188] [odom] [warning] waiting for IMU data (scan_end_time=1783506875.261535, last_imu_time=1783506870.605344 |frames|=24)
[2026-07-08 20:06:06.199] [odom] [warning] waiting for IMU data (scan_end_time=1783506875.261535, last_imu_time=1783506870.605344 |frames|=24)
[2026-07-08 20:06:06.209] [odom] [warning] waiting for IMU data (scan_end_time=1783506875.261535, last_imu_time=1783506870.605344 |frames|=24)
[2026-07-08 20:06:06.219] [odom] [warning] waiting for IMU data (scan_end_time=1783506875.261535, last_imu_time=1783506870.605344 |frames|=24)
[2026-07-08 20:06:06.229] [odom] [warning] waiting for IMU data (scan_end_time=1783506875.261535, last_imu_time=1783506870.605344 |frames|=25)
[2026-07-08 20:06:06.239] [odom] [warning] waiting for IMU data (scan_end_time=1783506875.261535, last_imu_time=1783506870.605344 |frames|=25)
[2026-07-08 20:06:06.249] [odom] [warning] waiting for IMU data (scan_end_time=1783506875.261535, last_imu_time=1783506870.605344 |frames|=25)
[2026-07-08 20:06:06.259] [odom] [warning] waiting for IMU data (scan_end_time=1783506875.261535, last_imu_time=1783506870.605344 |frames|=25)
[2026-07-08 20:06:06.270] [odom] [warning] waiting for IMU data (scan_end_time=1783506875.261535, last_imu_time=1783506870.605344 |frames|=25)
[2026-07-08 20:06:06.280] [odom] [warning] waiting for IMU data (scan_end_time=1783506875.261535, last_imu_time=1783506870.605344 |frames|=25)
[2026-07-08 20:06:06.290] [odom] [warning] waiting for IMU data (scan_end_time=1783506875.261535, last_imu_time=1783506870.605344 |frames|=25)
[2026-07-08 20:06:06.300] [odom] [warning] waiting for IMU data (scan_end_time=1783506875.261535, last_imu_time=1783506870.605344 |frames|=25)
[2026-07-08 20:06:06.310] [odom] [warning] waiting for IMU data (scan_end_time=1783506875.261535, last_imu_time=1783506870.605344 |frames|=25)
[2026-07-08 20:06:06.321] [odom] [warning] waiting for IMU data (scan_end_time=1783506875.261535, last_imu_time=1783506870.605344 |frames|=25)
[2026-07-08 20:06:06.331] [odom] [warning] waiting for IMU data (scan_end_time=1783506875.261535, last_imu_time=1783506870.605344 |frames|=25)
[2026-07-08 20:06:06.341] [odom] [warning] waiting for IMU data (scan_end_time=1783506875.261535, last_imu_time=1783506870.605344 |frames|=26)
[2026-07-08 20:06:06.351] [odom] [warning] waiting for IMU data (scan_end_time=1783506875.261535, last_imu_time=1783506870.605344 |frames|=26)
[2026-07-08 20:06:06.361] [odom] [warning] waiting for IMU data (scan_end_time=1783506875.261535, last_imu_time=1783506870.605344 |frames|=26)
[2026-07-08 20:06:06.371] [odom] [warning] waiting for IMU data (scan_end_time=1783506875.261535, last_imu_time=1783506870.605344 |frames|=26)
[2026-07-08 20:06:06.382] [odom] [warning] waiting for IMU data (scan_end_time=1783506875.261535, last_imu_time=1783506870.605344 |frames|=26)
[2026-07-08 20:06:06.392] [odom] [warning] waiting for IMU data (scan_end_time=1783506875.261535, last_imu_time=1783506870.605344 |frames|=26)
[2026-07-08 20:06:06.402] [odom] [warning] waiting for IMU data (scan_end_time=1783506875.261535, last_imu_time=1783506870.605344 |frames|=26)
[2026-07-08 20:06:06.412] [odom] [warning] waiting for IMU data (scan_end_time=1783506875.261535, last_imu_time=1783506870.605344 |frames|=26)
[2026-07-08 20:06:06.422] [odom] [warning] waiting for IMU data (scan_end_time=1783506875.261535, last_imu_time=1783506870.605344 |frames|=26)
[2026-07-08 20:06:06.432] [odom] [warning] waiting for IMU data (scan_end_time=1783506875.261535, last_imu_time=1783506870.605344 |frames|=26)
[2026-07-08 20:06:06.443] [odom] [warning] waiting for IMU data (scan_end_time=1783506875.261535, last_imu_time=1783506870.605344 |frames|=26)
[2026-07-08 20:06:06.453] [odom] [warning] waiting for IMU data (scan_end_time=1783506875.261535, last_imu_time=1783506870.605344 |frames|=26)
[2026-07-08 20:06:06.463] [odom] [warning] waiting for IMU data (scan_end_time=1783506875.261535, last_imu_time=1783506870.605344 |frames|=27)
[2026-07-08 20:06:06.473] [odom] [warning] waiting for IMU data (scan_end_time=1783506875.261535, last_imu_time=1783506870.605344 |frames|=27)
[2026-07-08 20:06:06.483] [odom] [warning] waiting for IMU data (scan_end_time=1783506875.261535, last_imu_time=1783506870.605344 |frames|=27)
[2026-07-08 20:06:06.494] [odom] [warning] waiting for IMU data (scan_end_time=1783506875.261535, last_imu_time=1783506870.605344 |frames|=27)
[2026-07-08 20:06:06.504] [odom] [warning] waiting for IMU data (scan_end_time=1783506875.261535, last_imu_time=1783506870.605344 |frames|=27)
[2026-07-08 20:06:06.514] [odom] [warning] waiting for IMU data (scan_end_time=1783506875.261535, last_imu_time=1783506870.605344 |frames|=27)
[2026-07-08 20:06:06.524] [odom] [warning] waiting for IMU data (scan_end_time=1783506875.261535, last_imu_time=1783506870.605344 |frames|=27)
[2026-07-08 20:06:06.534] [odom] [warning] waiting for IMU data (scan_end_time=1783506875.261535, last_imu_time=1783506870.605344 |frames|=27)
[2026-07-08 20:06:06.544] [odom] [warning] waiting for IMU data (scan_end_time=1783506875.261535, last_imu_time=1783506870.605344 |frames|=27)
[2026-07-08 20:06:06.554] [odom] [warning] waiting for IMU data (scan_end_time=1783506875.261535, last_imu_time=1783506870.605344 |frames|=27)
[2026-07-08 20:06:06.565] [odom] [warning] waiting for IMU data (scan_end_time=1783506875.261535, last_imu_time=1783506870.605344 |frames|=27)
[2026-07-08 20:06:06.575] [odom] [warning] waiting for IMU data (scan_end_time=1783506875.261535, last_imu_time=1783506870.605344 |frames|=27)
[2026-07-08 20:06:06.585] [odom] [warning] waiting for IMU data (scan_end_time=1783506875.261535, last_imu_time=1783506870.605344 |frames|=28)
[2026-07-08 20:06:06.595] [odom] [warning] waiting for IMU data (scan_end_time=1783506875.261535, last_imu_time=1783506870.605344 |frames|=28)
[2026-07-08 20:06:06.605] [odom] [warning] waiting for IMU data (scan_end_time=1783506875.261535, last_imu_time=1783506870.605344 |frames|=28)
[2026-07-08 20:06:06.615] [odom] [warning] waiting for IMU data (scan_end_time=1783506875.261535, last_imu_time=1783506870.605344 |frames|=28)
[2026-07-08 20:06:06.626] [odom] [warning] waiting for IMU data (scan_end_time=1783506875.261535, last_imu_time=1783506870.605344 |frames|=28)
[2026-07-08 20:06:06.636] [odom] [warning] waiting for IMU data (scan_end_time=1783506875.261535, last_imu_time=1783506870.605344 |frames|=28)
[2026-07-08 20:06:06.646] [odom] [warning] waiting for IMU data (scan_end_time=1783506875.261535, last_imu_time=1783506870.605344 |frames|=28)
[2026-07-08 20:06:06.656] [odom] [warning] waiting for IMU data (scan_end_time=1783506875.261535, last_imu_time=1783506870.605344 |frames|=28)
[2026-07-08 20:06:06.666] [odom] [warning] waiting for IMU data (scan_end_time=1783506875.261535, last_imu_time=1783506870.605344 |frames|=28)
[2026-07-08 20:06:06.677] [odom] [warning] waiting for IMU data (scan_end_time=1783506875.261535, last_imu_time=1783506870.605344 |frames|=28)
[2026-07-08 20:06:06.687] [odom] [warning] waiting for IMU data (scan_end_time=1783506875.261535, last_imu_time=1783506870.605344 |frames|=28)
[2026-07-08 20:06:06.697] [odom] [warning] waiting for IMU data (scan_end_time=1783506875.261535, last_imu_time=1783506870.605344 |frames|=28)
[2026-07-08 20:06:06.707] [odom] [warning] waiting for IMU data (scan_end_time=1783506875.261535, last_imu_time=1783506870.605344 |frames|=28)
[2026-07-08 20:06:06.717] [odom] [warning] waiting for IMU data (scan_end_time=1783506875.261535, last_imu_time=1783506870.605344 |frames|=29)
[2026-07-08 20:06:06.727] [odom] [warning] waiting for IMU data (scan_end_time=1783506875.261535, last_imu_time=1783506870.605344 |frames|=29)
[2026-07-08 20:06:06.738] [odom] [warning] waiting for IMU data (scan_end_time=1783506875.261535, last_imu_time=1783506870.605344 |frames|=29)
[2026-07-08 20:06:06.748] [odom] [warning] waiting for IMU data (scan_end_time=1783506875.261535, last_imu_time=1783506870.605344 |frames|=29)
[2026-07-08 20:06:06.758] [odom] [warning] waiting for IMU data (scan_end_time=1783506875.261535, last_imu_time=1783506870.605344 |frames|=29)
[2026-07-08 20:06:06.768] [odom] [warning] waiting for IMU data (scan_end_time=1783506875.261535, last_imu_time=1783506870.605344 |frames|=29)
[2026-07-08 20:06:06.778] [odom] [warning] waiting for IMU data (scan_end_time=1783506875.261535, last_imu_time=1783506870.605344 |frames|=29)
[2026-07-08 20:06:06.788] [odom] [warning] waiting for IMU data (scan_end_time=1783506875.261535, last_imu_time=1783506870.605344 |frames|=29)
[2026-07-08 20:06:06.799] [odom] [warning] waiting for IMU data (scan_end_time=1783506875.261535, last_imu_time=1783506870.605344 |frames|=29)
[2026-07-08 20:06:06.809] [odom] [warning] waiting for IMU data (scan_end_time=1783506875.261535, last_imu_time=1783506870.605344 |frames|=29)
[2026-07-08 20:06:06.819] [odom] [warning] waiting for IMU data (scan_end_time=1783506875.261535, last_imu_time=1783506870.605344 |frames|=29)
[2026-07-08 20:06:06.829] [odom] [warning] waiting for IMU data (scan_end_time=1783506875.261535, last_imu_time=1783506870.605344 |frames|=29)
[2026-07-08 20:06:06.839] [odom] [warning] waiting for IMU data (scan_end_time=1783506875.261535, last_imu_time=1783506870.605344 |frames|=29)
[2026-07-08 20:06:06.849] [odom] [warning] waiting for IMU data (scan_end_time=1783506875.261535, last_imu_time=1783506870.605344 |frames|=30)
[2026-07-08 20:06:06.860] [odom] [warning] waiting for IMU data (scan_end_time=1783506875.261535, last_imu_time=1783506870.605344 |frames|=30)
[2026-07-08 20:06:06.870] [odom] [warning] waiting for IMU data (scan_end_time=1783506875.261535, last_imu_time=1783506870.605344 |frames|=30)
[2026-07-08 20:06:06.880] [odom] [warning] waiting for IMU data (scan_end_time=1783506875.261535, last_imu_time=1783506870.605344 |frames|=30)
[2026-07-08 20:06:06.890] [odom] [warning] waiting for IMU data (scan_end_time=1783506875.261535, last_imu_time=1783506870.605344 |frames|=30)
[2026-07-08 20:06:06.900] [odom] [warning] waiting for IMU data (scan_end_time=1783506875.261535, last_imu_time=1783506870.605344 |frames|=30)
[2026-07-08 20:06:06.910] [odom] [warning] waiting for IMU data (scan_end_time=1783506875.261535, last_imu_time=1783506870.605344 |frames|=30)
[2026-07-08 20:06:06.920] [odom] [warning] waiting for IMU data (scan_end_time=1783506875.261535, last_imu_time=1783506870.605344 |frames|=30)
[2026-07-08 20:06:06.931] [odom] [warning] waiting for IMU data (scan_end_time=1783506875.261535, last_imu_time=1783506870.605344 |frames|=30)
[2026-07-08 20:06:06.941] [odom] [warning] waiting for IMU data (scan_end_time=1783506875.261535, last_imu_time=1783506870.605344 |frames|=30)
[2026-07-08 20:06:06.951] [odom] [warning] waiting for IMU data (scan_end_time=1783506875.261535, last_imu_time=1783506870.605344 |frames|=30)
[2026-07-08 20:06:06.961] [odom] [warning] waiting for IMU data (scan_end_time=1783506875.261535, last_imu_time=1783506870.605344 |frames|=30)
[2026-07-08 20:06:06.971] [odom] [warning] waiting for IMU data (scan_end_time=1783506875.261535, last_imu_time=1783506870.605344 |frames|=30)
[2026-07-08 20:06:06.981] [odom] [warning] waiting for IMU data (scan_end_time=1783506875.261535, last_imu_time=1783506870.605344 |frames|=30)
[2026-07-08 20:06:06.992] [odom] [warning] waiting for IMU data (scan_end_time=1783506875.261535, last_imu_time=1783506870.605344 |frames|=31)
[2026-07-08 20:06:07.002] [odom] [warning] waiting for IMU data (scan_end_time=1783506875.261535, last_imu_time=1783506870.605344 |frames|=31)
[2026-07-08 20:06:07.012] [odom] [warning] waiting for IMU data (scan_end_time=1783506875.261535, last_imu_time=1783506870.605344 |frames|=31)
[2026-07-08 20:06:07.022] [odom] [warning] waiting for IMU data (scan_end_time=1783506875.261535, last_imu_time=1783506870.605344 |frames|=31)
[2026-07-08 20:06:07.032] [odom] [warning] waiting for IMU data (scan_end_time=1783506875.261535, last_imu_time=1783506870.605344 |frames|=31)
[2026-07-08 20:06:07.042] [odom] [warning] waiting for IMU data (scan_end_time=1783506875.261535, last_imu_time=1783506870.605344 |frames|=31)
[2026-07-08 20:06:07.053] [odom] [warning] waiting for IMU data (scan_end_time=1783506875.261535, last_imu_time=1783506870.605344 |frames|=31)
[2026-07-08 20:06:07.063] [odom] [warning] waiting for IMU data (scan_end_time=1783506875.261535, last_imu_time=1783506870.605344 |frames|=31)
[2026-07-08 20:06:07.073] [odom] [warning] waiting for IMU data (scan_end_time=1783506875.261535, last_imu_time=1783506870.605344 |frames|=31)
[2026-07-08 20:06:07.083] [odom] [warning] waiting for IMU data (scan_end_time=1783506875.261535, last_imu_time=1783506870.605344 |frames|=31)
[2026-07-08 20:06:07.093] [odom] [warning] waiting for IMU data (scan_end_time=1783506875.261535, last_imu_time=1783506870.605344 |frames|=31)
[2026-07-08 20:06:07.104] [odom] [warning] waiting for IMU data (scan_end_time=1783506875.261535, last_imu_time=1783506870.605344 |frames|=31)
[2026-07-08 20:06:07.114] [odom] [warning] waiting for IMU data (scan_end_time=1783506875.261535, last_imu_time=1783506870.605344 |frames|=31)
[2026-07-08 20:06:07.124] [odom] [warning] waiting for IMU data (scan_end_time=1783506875.261535, last_imu_time=1783506870.605344 |frames|=31)
[2026-07-08 20:06:07.134] [odom] [warning] waiting for IMU data (scan_end_time=1783506875.261535, last_imu_time=1783506870.605344 |frames|=32)
[2026-07-08 20:06:07.144] [odom] [warning] waiting for IMU data (scan_end_time=1783506875.261535, last_imu_time=1783506870.605344 |frames|=32)
[2026-07-08 20:06:07.154] [odom] [warning] waiting for IMU data (scan_end_time=1783506875.261535, last_imu_time=1783506870.605344 |frames|=32)
[2026-07-08 20:06:07.164] [odom] [warning] waiting for IMU data (scan_end_time=1783506875.261535, last_imu_time=1783506870.605344 |frames|=32)
[2026-07-08 20:06:07.175] [odom] [warning] waiting for IMU data (scan_end_time=1783506875.261535, last_imu_time=1783506870.605344 |frames|=32)
[2026-07-08 20:06:07.185] [odom] [warning] waiting for IMU data (scan_end_time=1783506875.261535, last_imu_time=1783506870.605344 |frames|=32)
[2026-07-08 20:06:07.195] [odom] [warning] waiting for IMU data (scan_end_time=1783506875.261535, last_imu_time=1783506870.605344 |frames|=32)
[2026-07-08 20:06:07.205] [odom] [warning] waiting for IMU data (scan_end_time=1783506875.261535, last_imu_time=1783506870.605344 |frames|=32)
[2026-07-08 20:06:07.215] [odom] [warning] waiting for IMU data (scan_end_time=1783506875.261535, last_imu_time=1783506870.605344 |frames|=32)
[2026-07-08 20:06:07.226] [odom] [warning] waiting for IMU data (scan_end_time=1783506875.261535, last_imu_time=1783506870.605344 |frames|=32)
[2026-07-08 20:06:07.236] [odom] [warning] waiting for IMU data (scan_end_time=1783506875.261535, last_imu_time=1783506870.605344 |frames|=32)
[2026-07-08 20:06:07.246] [odom] [warning] waiting for IMU data (scan_end_time=1783506875.261535, last_imu_time=1783506870.605344 |frames|=32)
[2026-07-08 20:06:07.256] [odom] [warning] waiting for IMU data (scan_end_time=1783506875.261535, last_imu_time=1783506870.605344 |frames|=32)
[2026-07-08 20:06:07.266] [odom] [warning] waiting for IMU data (scan_end_time=1783506875.261535, last_imu_time=1783506870.605344 |frames|=32)
[2026-07-08 20:06:07.276] [odom] [warning] waiting for IMU data (scan_end_time=1783506875.261535, last_imu_time=1783506870.605344 |frames|=32)
[2026-07-08 20:06:07.286] [odom] [warning] waiting for IMU data (scan_end_time=1783506875.261535, last_imu_time=1783506870.605344 |frames|=33)
[2026-07-08 20:06:07.297] [odom] [warning] waiting for IMU data (scan_end_time=1783506875.261535, last_imu_time=1783506870.605344 |frames|=33)
[2026-07-08 20:06:07.307] [odom] [warning] waiting for IMU data (scan_end_time=1783506875.261535, last_imu_time=1783506870.605344 |frames|=33)
[2026-07-08 20:06:07.317] [odom] [warning] waiting for IMU data (scan_end_time=1783506875.261535, last_imu_time=1783506870.605344 |frames|=33)
[2026-07-08 20:06:07.327] [odom] [warning] waiting for IMU data (scan_end_time=1783506875.261535, last_imu_time=1783506870.605344 |frames|=33)
[2026-07-08 20:06:07.337] [odom] [warning] waiting for IMU data (scan_end_time=1783506875.261535, last_imu_time=1783506870.605344 |frames|=33)
[2026-07-08 20:06:07.347] [odom] [warning] waiting for IMU data (scan_end_time=1783506875.261535, last_imu_time=1783506870.605344 |frames|=33)
[2026-07-08 20:06:07.357] [odom] [warning] waiting for IMU data (scan_end_time=1783506875.261535, last_imu_time=1783506870.605344 |frames|=33)
[2026-07-08 20:06:07.368] [odom] [warning] waiting for IMU data (scan_end_time=1783506875.261535, last_imu_time=1783506870.605344 |frames|=33)
[2026-07-08 20:06:07.378] [odom] [warning] waiting for IMU data (scan_end_time=1783506875.261535, last_imu_time=1783506870.605344 |frames|=33)
[2026-07-08 20:06:07.388] [odom] [warning] waiting for IMU data (scan_end_time=1783506875.261535, last_imu_time=1783506870.605344 |frames|=33)
[2026-07-08 20:06:07.398] [odom] [warning] waiting for IMU data (scan_end_time=1783506875.261535, last_imu_time=1783506870.605344 |frames|=33)
[2026-07-08 20:06:07.408] [odom] [warning] waiting for IMU data (scan_end_time=1783506875.261535, last_imu_time=1783506870.605344 |frames|=33)
[2026-07-08 20:06:07.414] [glim] [info] playback speed: 3.481x
[2026-07-08 20:06:07.418] [odom] [warning] waiting for IMU data (scan_end_time=1783506875.261535, last_imu_time=1783506870.605344 |frames|=33)
[2026-07-08 20:06:07.429] [odom] [warning] waiting for IMU data (scan_end_time=1783506875.261535, last_imu_time=1783506870.605344 |frames|=33)
[2026-07-08 20:06:07.439] [odom] [warning] waiting for IMU data (scan_end_time=1783506875.261535, last_imu_time=1783506870.605344 |frames|=34)
[2026-07-08 20:06:07.449] [odom] [warning] waiting for IMU data (scan_end_time=1783506875.261535, last_imu_time=1783506870.605344 |frames|=34)
[2026-07-08 20:06:07.459] [odom] [warning] waiting for IMU data (scan_end_time=1783506875.261535, last_imu_time=1783506870.605344 |frames|=34)
[2026-07-08 20:06:07.469] [odom] [warning] waiting for IMU data (scan_end_time=1783506875.261535, last_imu_time=1783506870.605344 |frames|=34)
[2026-07-08 20:06:07.479] [odom] [warning] waiting for IMU data (scan_end_time=1783506875.261535, last_imu_time=1783506870.605344 |frames|=34)
[2026-07-08 20:06:07.490] [odom] [warning] waiting for IMU data (scan_end_time=1783506875.261535, last_imu_time=1783506870.605344 |frames|=34)
[2026-07-08 20:06:07.500] [odom] [warning] waiting for IMU data (scan_end_time=1783506875.261535, last_imu_time=1783506870.605344 |frames|=34)
[2026-07-08 20:06:07.510] [odom] [warning] waiting for IMU data (scan_end_time=1783506875.261535, last_imu_time=1783506870.605344 |frames|=34)
[2026-07-08 20:06:07.520] [odom] [warning] waiting for IMU data (scan_end_time=1783506875.261535, last_imu_time=1783506870.605344 |frames|=34)
[2026-07-08 20:06:07.530] [odom] [warning] waiting for IMU data (scan_end_time=1783506875.261535, last_imu_time=1783506870.605344 |frames|=34)
[2026-07-08 20:06:07.540] [odom] [warning] waiting for IMU data (scan_end_time=1783506875.261535, last_imu_time=1783506870.605344 |frames|=34)
[2026-07-08 20:06:07.551] [odom] [warning] waiting for IMU data (scan_end_time=1783506875.261535, last_imu_time=1783506870.605344 |frames|=34)
[2026-07-08 20:06:07.561] [odom] [warning] waiting for IMU data (scan_end_time=1783506875.261535, last_imu_time=1783506870.605344 |frames|=34)
[2026-07-08 20:06:07.571] [odom] [warning] waiting for IMU data (scan_end_time=1783506875.261535, last_imu_time=1783506870.605344 |frames|=34)
[2026-07-08 20:06:07.581] [odom] [warning] waiting for IMU data (scan_end_time=1783506875.261535, last_imu_time=1783506870.605344 |frames|=34)
[2026-07-08 20:06:07.591] [odom] [warning] waiting for IMU data (scan_end_time=1783506875.261535, last_imu_time=1783506870.605344 |frames|=34)
[2026-07-08 20:06:07.601] [odom] [warning] waiting for IMU data (scan_end_time=1783506875.261535, last_imu_time=1783506870.605344 |frames|=35)
[2026-07-08 20:06:07.612] [odom] [warning] waiting for IMU data (scan_end_time=1783506875.261535, last_imu_time=1783506870.605344 |frames|=35)
[2026-07-08 20:06:07.622] [odom] [warning] waiting for IMU data (scan_end_time=1783506875.261535, last_imu_time=1783506870.605344 |frames|=35)
[2026-07-08 20:06:07.632] [odom] [warning] waiting for IMU data (scan_end_time=1783506875.261535, last_imu_time=1783506870.605344 |frames|=35)
[2026-07-08 20:06:07.642] [odom] [warning] waiting for IMU data (scan_end_time=1783506875.261535, last_imu_time=1783506870.605344 |frames|=35)
[2026-07-08 20:06:07.652] [odom] [warning] waiting for IMU data (scan_end_time=1783506875.261535, last_imu_time=1783506870.605344 |frames|=35)
[2026-07-08 20:06:07.662] [odom] [warning] waiting for IMU data (scan_end_time=1783506875.261535, last_imu_time=1783506870.605344 |frames|=35)
[2026-07-08 20:06:07.672] [odom] [warning] waiting for IMU data (scan_end_time=1783506875.261535, last_imu_time=1783506870.605344 |frames|=35)
[2026-07-08 20:06:07.683] [odom] [warning] waiting for IMU data (scan_end_time=1783506875.261535, last_imu_time=1783506870.605344 |frames|=35)
[2026-07-08 20:06:07.693] [odom] [warning] waiting for IMU data (scan_end_time=1783506875.261535, last_imu_time=1783506870.605344 |frames|=35)
[2026-07-08 20:06:07.703] [odom] [warning] waiting for IMU data (scan_end_time=1783506875.261535, last_imu_time=1783506870.605344 |frames|=35)
[2026-07-08 20:06:07.713] [odom] [warning] waiting for IMU data (scan_end_time=1783506875.261535, last_imu_time=1783506870.605344 |frames|=35)
[2026-07-08 20:06:07.723] [odom] [warning] waiting for IMU data (scan_end_time=1783506875.261535, last_imu_time=1783506870.605344 |frames|=35)
[2026-07-08 20:06:07.733] [odom] [warning] waiting for IMU data (scan_end_time=1783506875.261535, last_imu_time=1783506870.605344 |frames|=35)
[2026-07-08 20:06:07.744] [odom] [warning] waiting for IMU data (scan_end_time=1783506875.261535, last_imu_time=1783506870.605344 |frames|=35)
[2026-07-08 20:06:07.754] [odom] [warning] waiting for IMU data (scan_end_time=1783506875.261535, last_imu_time=1783506870.605344 |frames|=35)
[2026-07-08 20:06:07.764] [odom] [warning] waiting for IMU data (scan_end_time=1783506875.261535, last_imu_time=1783506870.605344 |frames|=35)
[2026-07-08 20:06:07.774] [odom] [warning] waiting for IMU data (scan_end_time=1783506875.261535, last_imu_time=1783506870.605344 |frames|=36)
[2026-07-08 20:06:07.784] [odom] [warning] waiting for IMU data (scan_end_time=1783506875.261535, last_imu_time=1783506870.605344 |frames|=36)
[2026-07-08 20:06:07.794] [odom] [warning] waiting for IMU data (scan_end_time=1783506875.261535, last_imu_time=1783506870.605344 |frames|=36)
[2026-07-08 20:06:07.804] [odom] [warning] waiting for IMU data (scan_end_time=1783506875.261535, last_imu_time=1783506870.605344 |frames|=36)
[2026-07-08 20:06:07.814] [odom] [warning] waiting for IMU data (scan_end_time=1783506875.261535, last_imu_time=1783506870.605344 |frames|=36)
[2026-07-08 20:06:07.825] [odom] [warning] waiting for IMU data (scan_end_time=1783506875.261535, last_imu_time=1783506870.605344 |frames|=36)
[2026-07-08 20:06:07.835] [odom] [warning] waiting for IMU data (scan_end_time=1783506875.261535, last_imu_time=1783506870.605344 |frames|=36)
[2026-07-08 20:06:07.845] [odom] [warning] waiting for IMU data (scan_end_time=1783506875.261535, last_imu_time=1783506870.605344 |frames|=36)
[2026-07-08 20:06:07.855] [odom] [warning] waiting for IMU data (scan_end_time=1783506875.261535, last_imu_time=1783506870.605344 |frames|=36)
[2026-07-08 20:06:07.865] [odom] [warning] waiting for IMU data (scan_end_time=1783506875.261535, last_imu_time=1783506870.605344 |frames|=36)
[2026-07-08 20:06:07.875] [odom] [warning] waiting for IMU data (scan_end_time=1783506875.261535, last_imu_time=1783506870.605344 |frames|=36)
[2026-07-08 20:06:07.886] [odom] [warning] waiting for IMU data (scan_end_time=1783506875.261535, last_imu_time=1783506870.605344 |frames|=36)
[2026-07-08 20:06:07.896] [odom] [warning] waiting for IMU data (scan_end_time=1783506875.261535, last_imu_time=1783506870.605344 |frames|=36)
[2026-07-08 20:06:07.906] [odom] [warning] waiting for IMU data (scan_end_time=1783506875.261535, last_imu_time=1783506870.605344 |frames|=36)
[2026-07-08 20:06:07.916] [odom] [warning] waiting for IMU data (scan_end_time=1783506875.261535, last_imu_time=1783506870.605344 |frames|=36)
[2026-07-08 20:06:07.926] [odom] [warning] waiting for IMU data (scan_end_time=1783506875.261535, last_imu_time=1783506870.605344 |frames|=36)
[2026-07-08 20:06:07.936] [odom] [warning] waiting for IMU data (scan_end_time=1783506875.261535, last_imu_time=1783506870.605344 |frames|=36)
[2026-07-08 20:06:07.947] [odom] [warning] waiting for IMU data (scan_end_time=1783506875.261535, last_imu_time=1783506870.605344 |frames|=37)
[2026-07-08 20:06:07.957] [odom] [warning] waiting for IMU data (scan_end_time=1783506875.261535, last_imu_time=1783506870.605344 |frames|=37)
[2026-07-08 20:06:07.967] [odom] [warning] waiting for IMU data (scan_end_time=1783506875.261535, last_imu_time=1783506870.605344 |frames|=37)
[2026-07-08 20:06:07.977] [odom] [warning] waiting for IMU data (scan_end_time=1783506875.261535, last_imu_time=1783506870.605344 |frames|=37)
[2026-07-08 20:06:07.987] [odom] [warning] waiting for IMU data (scan_end_time=1783506875.261535, last_imu_time=1783506870.605344 |frames|=37)
[2026-07-08 20:06:07.997] [odom] [warning] waiting for IMU data (scan_end_time=1783506875.261535, last_imu_time=1783506870.605344 |frames|=37)
[2026-07-08 20:06:08.008] [odom] [warning] waiting for IMU data (scan_end_time=1783506875.261535, last_imu_time=1783506870.605344 |frames|=37)
[2026-07-08 20:06:08.018] [odom] [warning] waiting for IMU data (scan_end_time=1783506875.261535, last_imu_time=1783506870.605344 |frames|=37)
[2026-07-08 20:06:08.028] [odom] [warning] waiting for IMU data (scan_end_time=1783506875.261535, last_imu_time=1783506870.605344 |frames|=37)
[2026-07-08 20:06:08.038] [odom] [warning] waiting for IMU data (scan_end_time=1783506875.261535, last_imu_time=1783506870.605344 |frames|=37)
[2026-07-08 20:06:08.048] [odom] [warning] waiting for IMU data (scan_end_time=1783506875.261535, last_imu_time=1783506870.605344 |frames|=37)
[2026-07-08 20:06:08.059] [odom] [warning] waiting for IMU data (scan_end_time=1783506875.261535, last_imu_time=1783506870.605344 |frames|=37)
[2026-07-08 20:06:08.069] [odom] [warning] waiting for IMU data (scan_end_time=1783506875.261535, last_imu_time=1783506870.605344 |frames|=37)
[2026-07-08 20:06:08.079] [odom] [warning] waiting for IMU data (scan_end_time=1783506875.261535, last_imu_time=1783506870.605344 |frames|=37)
[2026-07-08 20:06:08.089] [odom] [warning] waiting for IMU data (scan_end_time=1783506875.261535, last_imu_time=1783506870.605344 |frames|=37)
[2026-07-08 20:06:08.099] [odom] [warning] waiting for IMU data (scan_end_time=1783506875.261535, last_imu_time=1783506870.605344 |frames|=37)
[2026-07-08 20:06:08.109] [odom] [warning] waiting for IMU data (scan_end_time=1783506875.261535, last_imu_time=1783506870.605344 |frames|=37)
[2026-07-08 20:06:08.119] [odom] [warning] waiting for IMU data (scan_end_time=1783506875.261535, last_imu_time=1783506870.605344 |frames|=37)
[2026-07-08 20:06:08.130] [odom] [warning] waiting for IMU data (scan_end_time=1783506875.261535, last_imu_time=1783506870.605344 |frames|=38)
[2026-07-08 20:06:08.140] [odom] [warning] waiting for IMU data (scan_end_time=1783506875.261535, last_imu_time=1783506870.605344 |frames|=38)
[2026-07-08 20:06:08.150] [odom] [warning] waiting for IMU data (scan_end_time=1783506875.261535, last_imu_time=1783506870.605344 |frames|=38)
[2026-07-08 20:06:08.160] [odom] [warning] waiting for IMU data (scan_end_time=1783506875.261535, last_imu_time=1783506870.605344 |frames|=38)
[2026-07-08 20:06:08.170] [odom] [warning] waiting for IMU data (scan_end_time=1783506875.261535, last_imu_time=1783506870.605344 |frames|=38)
[2026-07-08 20:06:08.180] [odom] [warning] waiting for IMU data (scan_end_time=1783506875.261535, last_imu_time=1783506870.605344 |frames|=38)
[2026-07-08 20:06:08.190] [odom] [warning] waiting for IMU data (scan_end_time=1783506875.261535, last_imu_time=1783506870.605344 |frames|=38)
[2026-07-08 20:06:08.200] [odom] [warning] waiting for IMU data (scan_end_time=1783506875.261535, last_imu_time=1783506870.605344 |frames|=38)
[2026-07-08 20:06:08.210] [odom] [warning] waiting for IMU data (scan_end_time=1783506875.261535, last_imu_time=1783506870.605344 |frames|=38)
[2026-07-08 20:06:08.221] [odom] [warning] waiting for IMU data (scan_end_time=1783506875.261535, last_imu_time=1783506870.605344 |frames|=38)
[2026-07-08 20:06:08.231] [odom] [warning] waiting for IMU data (scan_end_time=1783506875.261535, last_imu_time=1783506870.605344 |frames|=38)
[2026-07-08 20:06:08.241] [odom] [warning] waiting for IMU data (scan_end_time=1783506875.261535, last_imu_time=1783506870.605344 |frames|=38)
[2026-07-08 20:06:08.251] [odom] [warning] waiting for IMU data (scan_end_time=1783506875.261535, last_imu_time=1783506870.605344 |frames|=38)
[2026-07-08 20:06:08.261] [odom] [warning] waiting for IMU data (scan_end_time=1783506875.261535, last_imu_time=1783506870.605344 |frames|=38)
[2026-07-08 20:06:08.272] [odom] [warning] waiting for IMU data (scan_end_time=1783506875.261535, last_imu_time=1783506870.605344 |frames|=38)
[2026-07-08 20:06:08.282] [odom] [warning] waiting for IMU data (scan_end_time=1783506875.261535, last_imu_time=1783506870.605344 |frames|=38)
[2026-07-08 20:06:08.292] [odom] [warning] waiting for IMU data (scan_end_time=1783506875.261535, last_imu_time=1783506870.605344 |frames|=38)
[2026-07-08 20:06:08.302] [odom] [warning] waiting for IMU data (scan_end_time=1783506875.261535, last_imu_time=1783506870.605344 |frames|=38)
[2026-07-08 20:06:08.312] [odom] [warning] waiting for IMU data (scan_end_time=1783506875.261535, last_imu_time=1783506870.605344 |frames|=39)
[2026-07-08 20:06:08.322] [odom] [warning] waiting for IMU data (scan_end_time=1783506875.261535, last_imu_time=1783506870.605344 |frames|=39)
[2026-07-08 20:06:08.332] [odom] [warning] waiting for IMU data (scan_end_time=1783506875.261535, last_imu_time=1783506870.605344 |frames|=39)
[2026-07-08 20:06:08.343] [odom] [warning] waiting for IMU data (scan_end_time=1783506875.261535, last_imu_time=1783506870.605344 |frames|=39)
[2026-07-08 20:06:08.353] [odom] [warning] waiting for IMU data (scan_end_time=1783506875.261535, last_imu_time=1783506870.605344 |frames|=39)
[2026-07-08 20:06:08.363] [odom] [warning] waiting for IMU data (scan_end_time=1783506875.261535, last_imu_time=1783506870.605344 |frames|=39)
[2026-07-08 20:06:08.373] [odom] [warning] waiting for IMU data (scan_end_time=1783506875.261535, last_imu_time=1783506870.605344 |frames|=39)
[2026-07-08 20:06:08.383] [odom] [warning] waiting for IMU data (scan_end_time=1783506875.261535, last_imu_time=1783506870.605344 |frames|=39)
[2026-07-08 20:06:08.394] [odom] [warning] waiting for IMU data (scan_end_time=1783506875.261535, last_imu_time=1783506870.605344 |frames|=39)
[2026-07-08 20:06:08.404] [odom] [warning] waiting for IMU data (scan_end_time=1783506875.261535, last_imu_time=1783506870.605344 |frames|=39)
[2026-07-08 20:06:08.414] [odom] [warning] waiting for IMU data (scan_end_time=1783506875.261535, last_imu_time=1783506870.605344 |frames|=39)
[2026-07-08 20:06:08.424] [odom] [warning] waiting for IMU data (scan_end_time=1783506875.261535, last_imu_time=1783506870.605344 |frames|=39)
[2026-07-08 20:06:08.434] [odom] [warning] waiting for IMU data (scan_end_time=1783506875.261535, last_imu_time=1783506870.605344 |frames|=39)
[2026-07-08 20:06:08.444] [odom] [warning] waiting for IMU data (scan_end_time=1783506875.261535, last_imu_time=1783506870.605344 |frames|=39)
[2026-07-08 20:06:08.455] [odom] [warning] waiting for IMU data (scan_end_time=1783506875.261535, last_imu_time=1783506870.605344 |frames|=39)
[2026-07-08 20:06:08.465] [odom] [warning] waiting for IMU data (scan_end_time=1783506875.261535, last_imu_time=1783506870.605344 |frames|=39)
[2026-07-08 20:06:08.475] [odom] [warning] waiting for IMU data (scan_end_time=1783506875.261535, last_imu_time=1783506870.605344 |frames|=39)
[2026-07-08 20:06:08.485] [odom] [warning] waiting for IMU data (scan_end_time=1783506875.261535, last_imu_time=1783506870.605344 |frames|=39)
[2026-07-08 20:06:08.495] [odom] [warning] waiting for IMU data (scan_end_time=1783506875.261535, last_imu_time=1783506870.605344 |frames|=39)
[2026-07-08 20:06:08.505] [odom] [warning] waiting for IMU data (scan_end_time=1783506875.261535, last_imu_time=1783506870.605344 |frames|=40)
[2026-07-08 20:06:08.516] [odom] [warning] waiting for IMU data (scan_end_time=1783506875.261535, last_imu_time=1783506870.605344 |frames|=40)
[2026-07-08 20:06:08.526] [odom] [warning] waiting for IMU data (scan_end_time=1783506875.261535, last_imu_time=1783506870.605344 |frames|=40)
[2026-07-08 20:06:08.536] [odom] [warning] waiting for IMU data (scan_end_time=1783506875.261535, last_imu_time=1783506870.605344 |frames|=40)
[2026-07-08 20:06:08.546] [odom] [warning] waiting for IMU data (scan_end_time=1783506875.261535, last_imu_time=1783506870.605344 |frames|=40)
[2026-07-08 20:06:08.556] [odom] [warning] waiting for IMU data (scan_end_time=1783506875.261535, last_imu_time=1783506870.605344 |frames|=40)
[2026-07-08 20:06:08.566] [odom] [warning] waiting for IMU data (scan_end_time=1783506875.261535, last_imu_time=1783506870.605344 |frames|=40)
[2026-07-08 20:06:08.577] [odom] [warning] waiting for IMU data (scan_end_time=1783506875.261535, last_imu_time=1783506870.605344 |frames|=40)
[2026-07-08 20:06:08.587] [odom] [warning] waiting for IMU data (scan_end_time=1783506875.261535, last_imu_time=1783506870.605344 |frames|=40)
[2026-07-08 20:06:08.597] [odom] [warning] waiting for IMU data (scan_end_time=1783506875.261535, last_imu_time=1783506870.605344 |frames|=40)
[2026-07-08 20:06:08.607] [odom] [warning] waiting for IMU data (scan_end_time=1783506875.261535, last_imu_time=1783506870.605344 |frames|=40)
[2026-07-08 20:06:08.617] [odom] [warning] waiting for IMU data (scan_end_time=1783506875.261535, last_imu_time=1783506870.605344 |frames|=40)
[2026-07-08 20:06:08.627] [odom] [warning] waiting for IMU data (scan_end_time=1783506875.261535, last_imu_time=1783506870.605344 |frames|=40)
[2026-07-08 20:06:08.637] [odom] [warning] waiting for IMU data (scan_end_time=1783506875.261535, last_imu_time=1783506870.605344 |frames|=40)
[2026-07-08 20:06:08.648] [odom] [warning] waiting for IMU data (scan_end_time=1783506875.261535, last_imu_time=1783506870.605344 |frames|=40)
[2026-07-08 20:06:08.658] [odom] [warning] waiting for IMU data (scan_end_time=1783506875.261535, last_imu_time=1783506870.605344 |frames|=40)
[2026-07-08 20:06:08.668] [odom] [warning] waiting for IMU data (scan_end_time=1783506875.261535, last_imu_time=1783506870.605344 |frames|=40)
[2026-07-08 20:06:08.678] [odom] [warning] waiting for IMU data (scan_end_time=1783506875.261535, last_imu_time=1783506870.605344 |frames|=40)
[2026-07-08 20:06:08.688] [odom] [warning] waiting for IMU data (scan_end_time=1783506875.261535, last_imu_time=1783506870.605344 |frames|=40)
[2026-07-08 20:06:08.699] [odom] [warning] waiting for IMU data (scan_end_time=1783506875.261535, last_imu_time=1783506870.605344 |frames|=41)
[2026-07-08 20:06:08.709] [odom] [warning] waiting for IMU data (scan_end_time=1783506875.261535, last_imu_time=1783506870.605344 |frames|=41)
[2026-07-08 20:06:08.719] [odom] [warning] waiting for IMU data (scan_end_time=1783506875.261535, last_imu_time=1783506870.605344 |frames|=41)
[2026-07-08 20:06:08.729] [odom] [warning] waiting for IMU data (scan_end_time=1783506875.261535, last_imu_time=1783506870.605344 |frames|=41)
[2026-07-08 20:06:08.739] [odom] [warning] waiting for IMU data (scan_end_time=1783506875.261535, last_imu_time=1783506870.605344 |frames|=41)
[2026-07-08 20:06:08.750] [odom] [warning] waiting for IMU data (scan_end_time=1783506875.261535, last_imu_time=1783506870.605344 |frames|=41)
[2026-07-08 20:06:08.760] [odom] [warning] waiting for IMU data (scan_end_time=1783506875.261535, last_imu_time=1783506870.605344 |frames|=41)
[2026-07-08 20:06:08.770] [odom] [warning] waiting for IMU data (scan_end_time=1783506875.261535, last_imu_time=1783506870.605344 |frames|=41)
[2026-07-08 20:06:08.780] [odom] [warning] waiting for IMU data (scan_end_time=1783506875.261535, last_imu_time=1783506870.605344 |frames|=41)
[2026-07-08 20:06:08.790] [odom] [warning] waiting for IMU data (scan_end_time=1783506875.261535, last_imu_time=1783506870.605344 |frames|=41)
[2026-07-08 20:06:08.800] [odom] [warning] waiting for IMU data (scan_end_time=1783506875.261535, last_imu_time=1783506870.605344 |frames|=41)
[2026-07-08 20:06:08.811] [odom] [warning] waiting for IMU data (scan_end_time=1783506875.261535, last_imu_time=1783506870.605344 |frames|=41)
[2026-07-08 20:06:08.821] [odom] [warning] waiting for IMU data (scan_end_time=1783506875.261535, last_imu_time=1783506870.605344 |frames|=41)
[2026-07-08 20:06:08.831] [odom] [warning] waiting for IMU data (scan_end_time=1783506875.261535, last_imu_time=1783506870.605344 |frames|=41)
[2026-07-08 20:06:08.841] [odom] [warning] waiting for IMU data (scan_end_time=1783506875.261535, last_imu_time=1783506870.605344 |frames|=41)
[2026-07-08 20:06:08.851] [odom] [warning] waiting for IMU data (scan_end_time=1783506875.261535, last_imu_time=1783506870.605344 |frames|=41)
[2026-07-08 20:06:08.861] [odom] [warning] waiting for IMU data (scan_end_time=1783506875.261535, last_imu_time=1783506870.605344 |frames|=41)
[2026-07-08 20:06:08.872] [odom] [warning] waiting for IMU data (scan_end_time=1783506875.261535, last_imu_time=1783506870.605344 |frames|=41)
[2026-07-08 20:06:08.882] [odom] [warning] waiting for IMU data (scan_end_time=1783506875.261535, last_imu_time=1783506870.605344 |frames|=41)
[2026-07-08 20:06:08.892] [odom] [warning] waiting for IMU data (scan_end_time=1783506875.261535, last_imu_time=1783506870.605344 |frames|=42)
[2026-07-08 20:06:08.902] [odom] [warning] waiting for IMU data (scan_end_time=1783506875.261535, last_imu_time=1783506870.605344 |frames|=42)
[2026-07-08 20:06:08.912] [odom] [warning] waiting for IMU data (scan_end_time=1783506875.261535, last_imu_time=1783506870.605344 |frames|=42)
[2026-07-08 20:06:08.923] [odom] [warning] waiting for IMU data (scan_end_time=1783506875.261535, last_imu_time=1783506870.605344 |frames|=42)
[2026-07-08 20:06:08.933] [odom] [warning] waiting for IMU data (scan_end_time=1783506875.261535, last_imu_time=1783506870.605344 |frames|=42)
[2026-07-08 20:06:08.943] [odom] [warning] waiting for IMU data (scan_end_time=1783506875.261535, last_imu_time=1783506870.605344 |frames|=42)
[2026-07-08 20:06:08.953] [odom] [warning] waiting for IMU data (scan_end_time=1783506875.261535, last_imu_time=1783506870.605344 |frames|=42)
[2026-07-08 20:06:08.963] [odom] [warning] waiting for IMU data (scan_end_time=1783506875.261535, last_imu_time=1783506870.605344 |frames|=42)
[2026-07-08 20:06:08.974] [odom] [warning] waiting for IMU data (scan_end_time=1783506875.261535, last_imu_time=1783506870.605344 |frames|=42)
[2026-07-08 20:06:08.984] [odom] [warning] waiting for IMU data (scan_end_time=1783506875.261535, last_imu_time=1783506870.605344 |frames|=42)
[2026-07-08 20:06:08.994] [odom] [warning] waiting for IMU data (scan_end_time=1783506875.261535, last_imu_time=1783506870.605344 |frames|=42)
[2026-07-08 20:06:09.004] [odom] [warning] waiting for IMU data (scan_end_time=1783506875.261535, last_imu_time=1783506870.605344 |frames|=42)
[2026-07-08 20:06:09.014] [odom] [warning] waiting for IMU data (scan_end_time=1783506875.261535, last_imu_time=1783506870.605344 |frames|=42)
[2026-07-08 20:06:09.025] [odom] [warning] waiting for IMU data (scan_end_time=1783506875.261535, last_imu_time=1783506870.605344 |frames|=42)
[2026-07-08 20:06:09.035] [odom] [warning] waiting for IMU data (scan_end_time=1783506875.261535, last_imu_time=1783506870.605344 |frames|=42)
[2026-07-08 20:06:09.045] [odom] [warning] waiting for IMU data (scan_end_time=1783506875.261535, last_imu_time=1783506870.605344 |frames|=42)
[2026-07-08 20:06:09.055] [odom] [warning] waiting for IMU data (scan_end_time=1783506875.261535, last_imu_time=1783506870.605344 |frames|=42)
[2026-07-08 20:06:09.065] [odom] [warning] waiting for IMU data (scan_end_time=1783506875.261535, last_imu_time=1783506870.605344 |frames|=42)
[2026-07-08 20:06:09.075] [odom] [warning] waiting for IMU data (scan_end_time=1783506875.261535, last_imu_time=1783506870.605344 |frames|=42)
[2026-07-08 20:06:09.086] [odom] [warning] waiting for IMU data (scan_end_time=1783506875.261535, last_imu_time=1783506870.605344 |frames|=42)
[2026-07-08 20:06:09.096] [odom] [warning] waiting for IMU data (scan_end_time=1783506875.261535, last_imu_time=1783506870.605344 |frames|=43)
[2026-07-08 20:06:09.106] [odom] [warning] waiting for IMU data (scan_end_time=1783506875.261535, last_imu_time=1783506870.605344 |frames|=43)
[2026-07-08 20:06:09.116] [odom] [warning] waiting for IMU data (scan_end_time=1783506875.261535, last_imu_time=1783506870.605344 |frames|=43)
[2026-07-08 20:06:09.126] [odom] [warning] waiting for IMU data (scan_end_time=1783506875.261535, last_imu_time=1783506870.605344 |frames|=43)
[2026-07-08 20:06:09.136] [odom] [warning] waiting for IMU data (scan_end_time=1783506875.261535, last_imu_time=1783506870.605344 |frames|=43)
[2026-07-08 20:06:09.147] [odom] [warning] waiting for IMU data (scan_end_time=1783506875.261535, last_imu_time=1783506870.605344 |frames|=43)
[2026-07-08 20:06:09.157] [odom] [warning] waiting for IMU data (scan_end_time=1783506875.261535, last_imu_time=1783506870.605344 |frames|=43)
[2026-07-08 20:06:09.167] [odom] [warning] waiting for IMU data (scan_end_time=1783506875.261535, last_imu_time=1783506870.605344 |frames|=43)
[2026-07-08 20:06:09.177] [odom] [warning] waiting for IMU data (scan_end_time=1783506875.261535, last_imu_time=1783506870.605344 |frames|=43)
[2026-07-08 20:06:09.187] [odom] [warning] waiting for IMU data (scan_end_time=1783506875.261535, last_imu_time=1783506870.605344 |frames|=43)
[2026-07-08 20:06:09.197] [odom] [warning] waiting for IMU data (scan_end_time=1783506875.261535, last_imu_time=1783506870.605344 |frames|=43)
[2026-07-08 20:06:09.208] [odom] [warning] waiting for IMU data (scan_end_time=1783506875.261535, last_imu_time=1783506870.605344 |frames|=43)
[2026-07-08 20:06:09.218] [odom] [warning] waiting for IMU data (scan_end_time=1783506875.261535, last_imu_time=1783506870.605344 |frames|=43)
[2026-07-08 20:06:09.228] [odom] [warning] waiting for IMU data (scan_end_time=1783506875.261535, last_imu_time=1783506870.605344 |frames|=43)
[2026-07-08 20:06:09.238] [odom] [warning] waiting for IMU data (scan_end_time=1783506875.261535, last_imu_time=1783506870.605344 |frames|=43)
[2026-07-08 20:06:09.248] [odom] [warning] waiting for IMU data (scan_end_time=1783506875.261535, last_imu_time=1783506870.605344 |frames|=43)
[2026-07-08 20:06:09.259] [odom] [warning] waiting for IMU data (scan_end_time=1783506875.261535, last_imu_time=1783506870.605344 |frames|=43)
[2026-07-08 20:06:09.269] [odom] [warning] waiting for IMU data (scan_end_time=1783506875.261535, last_imu_time=1783506870.605344 |frames|=43)
[2026-07-08 20:06:09.279] [odom] [warning] waiting for IMU data (scan_end_time=1783506875.261535, last_imu_time=1783506870.605344 |frames|=43)
[2026-07-08 20:06:09.289] [odom] [warning] waiting for IMU data (scan_end_time=1783506875.261535, last_imu_time=1783506870.605344 |frames|=43)
[2026-07-08 20:06:09.299] [odom] [warning] waiting for IMU data (scan_end_time=1783506875.261535, last_imu_time=1783506870.605344 |frames|=43)
[2026-07-08 20:06:09.310] [odom] [warning] waiting for IMU data (scan_end_time=1783506875.261535, last_imu_time=1783506870.605344 |frames|=44)
[2026-07-08 20:06:09.320] [odom] [warning] waiting for IMU data (scan_end_time=1783506875.261535, last_imu_time=1783506870.605344 |frames|=44)
[2026-07-08 20:06:09.330] [odom] [warning] waiting for IMU data (scan_end_time=1783506875.261535, last_imu_time=1783506870.605344 |frames|=44)
[2026-07-08 20:06:09.340] [odom] [warning] waiting for IMU data (scan_end_time=1783506875.261535, last_imu_time=1783506870.605344 |frames|=44)
[2026-07-08 20:06:09.350] [odom] [warning] waiting for IMU data (scan_end_time=1783506875.261535, last_imu_time=1783506870.605344 |frames|=44)
[2026-07-08 20:06:09.360] [odom] [warning] waiting for IMU data (scan_end_time=1783506875.261535, last_imu_time=1783506870.605344 |frames|=44)
[2026-07-08 20:06:09.370] [odom] [warning] waiting for IMU data (scan_end_time=1783506875.261535, last_imu_time=1783506870.605344 |frames|=44)
[2026-07-08 20:06:09.381] [odom] [warning] waiting for IMU data (scan_end_time=1783506875.261535, last_imu_time=1783506870.605344 |frames|=44)
[2026-07-08 20:06:09.391] [odom] [warning] waiting for IMU data (scan_end_time=1783506875.261535, last_imu_time=1783506870.605344 |frames|=44)
[2026-07-08 20:06:09.401] [odom] [warning] waiting for IMU data (scan_end_time=1783506875.261535, last_imu_time=1783506870.605344 |frames|=44)
[2026-07-08 20:06:09.411] [odom] [warning] waiting for IMU data (scan_end_time=1783506875.261535, last_imu_time=1783506870.605344 |frames|=44)
[2026-07-08 20:06:09.421] [odom] [warning] waiting for IMU data (scan_end_time=1783506875.261535, last_imu_time=1783506870.605344 |frames|=44)
[2026-07-08 20:06:09.432] [odom] [warning] waiting for IMU data (scan_end_time=1783506875.261535, last_imu_time=1783506870.605344 |frames|=44)
[2026-07-08 20:06:09.442] [odom] [warning] waiting for IMU data (scan_end_time=1783506875.261535, last_imu_time=1783506870.605344 |frames|=44)
[2026-07-08 20:06:09.452] [odom] [warning] waiting for IMU data (scan_end_time=1783506875.261535, last_imu_time=1783506870.605344 |frames|=44)
[2026-07-08 20:06:09.462] [odom] [warning] waiting for IMU data (scan_end_time=1783506875.261535, last_imu_time=1783506870.605344 |frames|=44)
[2026-07-08 20:06:09.472] [odom] [warning] waiting for IMU data (scan_end_time=1783506875.261535, last_imu_time=1783506870.605344 |frames|=44)
[2026-07-08 20:06:09.483] [odom] [warning] waiting for IMU data (scan_end_time=1783506875.261535, last_imu_time=1783506870.605344 |frames|=44)
[2026-07-08 20:06:09.493] [odom] [warning] waiting for IMU data (scan_end_time=1783506875.261535, last_imu_time=1783506870.605344 |frames|=44)
[2026-07-08 20:06:09.503] [odom] [warning] waiting for IMU data (scan_end_time=1783506875.261535, last_imu_time=1783506870.605344 |frames|=44)
[2026-07-08 20:06:09.513] [odom] [warning] waiting for IMU data (scan_end_time=1783506875.261535, last_imu_time=1783506870.605344 |frames|=44)
[2026-07-08 20:06:09.523] [odom] [warning] waiting for IMU data (scan_end_time=1783506875.261535, last_imu_time=1783506870.605344 |frames|=45)
[2026-07-08 20:06:09.534] [odom] [warning] waiting for IMU data (scan_end_time=1783506875.261535, last_imu_time=1783506870.605344 |frames|=45)
[2026-07-08 20:06:09.544] [odom] [warning] waiting for IMU data (scan_end_time=1783506875.261535, last_imu_time=1783506870.605344 |frames|=45)
[2026-07-08 20:06:09.554] [odom] [warning] waiting for IMU data (scan_end_time=1783506875.261535, last_imu_time=1783506870.605344 |frames|=45)
[2026-07-08 20:06:09.564] [odom] [warning] waiting for IMU data (scan_end_time=1783506875.261535, last_imu_time=1783506870.605344 |frames|=45)
[2026-07-08 20:06:09.574] [odom] [warning] waiting for IMU data (scan_end_time=1783506875.261535, last_imu_time=1783506870.605344 |frames|=45)
[2026-07-08 20:06:09.585] [odom] [warning] waiting for IMU data (scan_end_time=1783506875.261535, last_imu_time=1783506870.605344 |frames|=45)
[2026-07-08 20:06:09.595] [odom] [warning] waiting for IMU data (scan_end_time=1783506875.261535, last_imu_time=1783506870.605344 |frames|=45)
[2026-07-08 20:06:09.605] [odom] [warning] waiting for IMU data (scan_end_time=1783506875.261535, last_imu_time=1783506870.605344 |frames|=45)
[2026-07-08 20:06:09.615] [odom] [warning] waiting for IMU data (scan_end_time=1783506875.261535, last_imu_time=1783506870.605344 |frames|=45)
[2026-07-08 20:06:09.625] [odom] [warning] waiting for IMU data (scan_end_time=1783506875.261535, last_imu_time=1783506870.605344 |frames|=45)
[2026-07-08 20:06:09.636] [odom] [warning] waiting for IMU data (scan_end_time=1783506875.261535, last_imu_time=1783506870.605344 |frames|=45)
[2026-07-08 20:06:09.646] [odom] [warning] waiting for IMU data (scan_end_time=1783506875.261535, last_imu_time=1783506870.605344 |frames|=45)
[2026-07-08 20:06:09.656] [odom] [warning] waiting for IMU data (scan_end_time=1783506875.261535, last_imu_time=1783506870.605344 |frames|=45)
[2026-07-08 20:06:09.666] [odom] [warning] waiting for IMU data (scan_end_time=1783506875.261535, last_imu_time=1783506870.605344 |frames|=45)
[2026-07-08 20:06:09.676] [odom] [warning] waiting for IMU data (scan_end_time=1783506875.261535, last_imu_time=1783506870.605344 |frames|=45)
[2026-07-08 20:06:09.686] [odom] [warning] waiting for IMU data (scan_end_time=1783506875.261535, last_imu_time=1783506870.605344 |frames|=45)
[2026-07-08 20:06:09.697] [odom] [warning] waiting for IMU data (scan_end_time=1783506875.261535, last_imu_time=1783506870.605344 |frames|=45)
[2026-07-08 20:06:09.707] [odom] [warning] waiting for IMU data (scan_end_time=1783506875.261535, last_imu_time=1783506870.605344 |frames|=45)
[2026-07-08 20:06:09.717] [odom] [warning] waiting for IMU data (scan_end_time=1783506875.261535, last_imu_time=1783506870.605344 |frames|=45)
[2026-07-08 20:06:09.727] [odom] [warning] waiting for IMU data (scan_end_time=1783506875.261535, last_imu_time=1783506870.605344 |frames|=45)
[2026-07-08 20:06:09.737] [odom] [warning] waiting for IMU data (scan_end_time=1783506875.261535, last_imu_time=1783506870.605344 |frames|=46)
[2026-07-08 20:06:09.748] [odom] [warning] waiting for IMU data (scan_end_time=1783506875.261535, last_imu_time=1783506870.605344 |frames|=46)
[2026-07-08 20:06:09.758] [odom] [warning] waiting for IMU data (scan_end_time=1783506875.261535, last_imu_time=1783506870.605344 |frames|=46)
[2026-07-08 20:06:09.768] [odom] [warning] waiting for IMU data (scan_end_time=1783506875.261535, last_imu_time=1783506870.605344 |frames|=46)
[2026-07-08 20:06:09.778] [odom] [warning] waiting for IMU data (scan_end_time=1783506875.261535, last_imu_time=1783506870.605344 |frames|=46)
[2026-07-08 20:06:09.788] [odom] [warning] waiting for IMU data (scan_end_time=1783506875.261535, last_imu_time=1783506870.605344 |frames|=46)
[2026-07-08 20:06:09.798] [odom] [warning] waiting for IMU data (scan_end_time=1783506875.261535, last_imu_time=1783506870.605344 |frames|=46)
[2026-07-08 20:06:09.809] [odom] [warning] waiting for IMU data (scan_end_time=1783506875.261535, last_imu_time=1783506870.605344 |frames|=46)
[2026-07-08 20:06:09.819] [odom] [warning] waiting for IMU data (scan_end_time=1783506875.261535, last_imu_time=1783506870.605344 |frames|=46)
[2026-07-08 20:06:09.829] [odom] [warning] waiting for IMU data (scan_end_time=1783506875.261535, last_imu_time=1783506870.605344 |frames|=46)
[2026-07-08 20:06:09.839] [odom] [warning] waiting for IMU data (scan_end_time=1783506875.261535, last_imu_time=1783506870.605344 |frames|=46)
[2026-07-08 20:06:09.849] [odom] [warning] waiting for IMU data (scan_end_time=1783506875.261535, last_imu_time=1783506870.605344 |frames|=46)
[2026-07-08 20:06:09.860] [odom] [warning] waiting for IMU data (scan_end_time=1783506875.261535, last_imu_time=1783506870.605344 |frames|=46)
[2026-07-08 20:06:09.870] [odom] [warning] waiting for IMU data (scan_end_time=1783506875.261535, last_imu_time=1783506870.605344 |frames|=46)
[2026-07-08 20:06:09.880] [odom] [warning] waiting for IMU data (scan_end_time=1783506875.261535, last_imu_time=1783506870.605344 |frames|=46)
[2026-07-08 20:06:09.890] [odom] [warning] waiting for IMU data (scan_end_time=1783506875.261535, last_imu_time=1783506870.605344 |frames|=46)
[2026-07-08 20:06:09.900] [odom] [warning] waiting for IMU data (scan_end_time=1783506875.261535, last_imu_time=1783506870.605344 |frames|=46)
[2026-07-08 20:06:09.910] [odom] [warning] waiting for IMU data (scan_end_time=1783506875.261535, last_imu_time=1783506870.605344 |frames|=46)
[2026-07-08 20:06:09.920] [odom] [warning] waiting for IMU data (scan_end_time=1783506875.261535, last_imu_time=1783506870.605344 |frames|=46)
[2026-07-08 20:06:09.930] [odom] [warning] waiting for IMU data (scan_end_time=1783506875.261535, last_imu_time=1783506870.605344 |frames|=46)
[2026-07-08 20:06:09.941] [odom] [warning] waiting for IMU data (scan_end_time=1783506875.261535, last_imu_time=1783506870.605344 |frames|=46)
[2026-07-08 20:06:09.951] [odom] [warning] waiting for IMU data (scan_end_time=1783506875.261535, last_imu_time=1783506870.605344 |frames|=47)
[2026-07-08 20:06:09.961] [odom] [warning] waiting for IMU data (scan_end_time=1783506875.261535, last_imu_time=1783506870.605344 |frames|=47)
[2026-07-08 20:06:09.971] [odom] [warning] waiting for IMU data (scan_end_time=1783506875.261535, last_imu_time=1783506870.605344 |frames|=47)
[2026-07-08 20:06:09.981] [odom] [warning] waiting for IMU data (scan_end_time=1783506875.261535, last_imu_time=1783506870.605344 |frames|=47)
[2026-07-08 20:06:09.991] [odom] [warning] waiting for IMU data (scan_end_time=1783506875.261535, last_imu_time=1783506870.605344 |frames|=47)
[2026-07-08 20:06:10.001] [odom] [warning] waiting for IMU data (scan_end_time=1783506875.261535, last_imu_time=1783506870.605344 |frames|=47)
[2026-07-08 20:06:10.012] [odom] [warning] waiting for IMU data (scan_end_time=1783506875.261535, last_imu_time=1783506870.605344 |frames|=47)
[2026-07-08 20:06:10.022] [odom] [warning] waiting for IMU data (scan_end_time=1783506875.261535, last_imu_time=1783506870.605344 |frames|=47)
[2026-07-08 20:06:10.032] [odom] [warning] waiting for IMU data (scan_end_time=1783506875.261535, last_imu_time=1783506870.605344 |frames|=47)
[2026-07-08 20:06:10.042] [odom] [warning] waiting for IMU data (scan_end_time=1783506875.261535, last_imu_time=1783506870.605344 |frames|=47)
[2026-07-08 20:06:10.052] [odom] [warning] waiting for IMU data (scan_end_time=1783506875.261535, last_imu_time=1783506870.605344 |frames|=47)
[2026-07-08 20:06:10.062] [odom] [warning] waiting for IMU data (scan_end_time=1783506875.261535, last_imu_time=1783506870.605344 |frames|=47)
[2026-07-08 20:06:10.073] [odom] [warning] waiting for IMU data (scan_end_time=1783506875.261535, last_imu_time=1783506870.605344 |frames|=47)
[2026-07-08 20:06:10.083] [odom] [warning] waiting for IMU data (scan_end_time=1783506875.261535, last_imu_time=1783506870.605344 |frames|=47)
[2026-07-08 20:06:10.093] [odom] [warning] waiting for IMU data (scan_end_time=1783506875.261535, last_imu_time=1783506870.605344 |frames|=47)
[2026-07-08 20:06:10.103] [odom] [warning] waiting for IMU data (scan_end_time=1783506875.261535, last_imu_time=1783506870.605344 |frames|=47)
[2026-07-08 20:06:10.113] [odom] [warning] waiting for IMU data (scan_end_time=1783506875.261535, last_imu_time=1783506870.605344 |frames|=47)
[2026-07-08 20:06:10.124] [odom] [warning] waiting for IMU data (scan_end_time=1783506875.261535, last_imu_time=1783506870.605344 |frames|=47)
[2026-07-08 20:06:10.134] [odom] [warning] waiting for IMU data (scan_end_time=1783506875.261535, last_imu_time=1783506870.605344 |frames|=47)
[2026-07-08 20:06:10.144] [odom] [warning] waiting for IMU data (scan_end_time=1783506875.261535, last_imu_time=1783506870.605344 |frames|=47)
[2026-07-08 20:06:10.154] [odom] [warning] waiting for IMU data (scan_end_time=1783506875.261535, last_imu_time=1783506870.605344 |frames|=47)
[2026-07-08 20:06:10.164] [odom] [warning] waiting for IMU data (scan_end_time=1783506875.261535, last_imu_time=1783506870.605344 |frames|=47)
[2026-07-08 20:06:10.174] [odom] [warning] waiting for IMU data (scan_end_time=1783506875.261535, last_imu_time=1783506870.605344 |frames|=47)
[2026-07-08 20:06:10.184] [odom] [warning] waiting for IMU data (scan_end_time=1783506875.261535, last_imu_time=1783506870.605344 |frames|=48)
[2026-07-08 20:06:10.195] [odom] [warning] waiting for IMU data (scan_end_time=1783506875.261535, last_imu_time=1783506870.605344 |frames|=48)
[2026-07-08 20:06:10.205] [odom] [warning] waiting for IMU data (scan_end_time=1783506875.261535, last_imu_time=1783506870.605344 |frames|=48)
[2026-07-08 20:06:10.215] [odom] [warning] waiting for IMU data (scan_end_time=1783506875.261535, last_imu_time=1783506870.605344 |frames|=48)
[2026-07-08 20:06:10.225] [odom] [warning] waiting for IMU data (scan_end_time=1783506875.261535, last_imu_time=1783506870.605344 |frames|=48)
[2026-07-08 20:06:10.235] [odom] [warning] waiting for IMU data (scan_end_time=1783506875.261535, last_imu_time=1783506870.605344 |frames|=48)
[2026-07-08 20:06:10.245] [odom] [warning] waiting for IMU data (scan_end_time=1783506875.261535, last_imu_time=1783506870.605344 |frames|=48)
[2026-07-08 20:06:10.256] [odom] [warning] waiting for IMU data (scan_end_time=1783506875.261535, last_imu_time=1783506870.605344 |frames|=48)
[2026-07-08 20:06:10.266] [odom] [warning] waiting for IMU data (scan_end_time=1783506875.261535, last_imu_time=1783506870.605344 |frames|=48)
[2026-07-08 20:06:10.276] [odom] [warning] waiting for IMU data (scan_end_time=1783506875.261535, last_imu_time=1783506870.605344 |frames|=48)
[2026-07-08 20:06:10.286] [odom] [warning] waiting for IMU data (scan_end_time=1783506875.261535, last_imu_time=1783506870.605344 |frames|=48)
[2026-07-08 20:06:10.296] [odom] [warning] waiting for IMU data (scan_end_time=1783506875.261535, last_imu_time=1783506870.605344 |frames|=48)
[2026-07-08 20:06:10.307] [odom] [warning] waiting for IMU data (scan_end_time=1783506875.261535, last_imu_time=1783506870.605344 |frames|=48)
[2026-07-08 20:06:10.317] [odom] [warning] waiting for IMU data (scan_end_time=1783506875.261535, last_imu_time=1783506870.605344 |frames|=48)
[2026-07-08 20:06:10.327] [odom] [warning] waiting for IMU data (scan_end_time=1783506875.261535, last_imu_time=1783506870.605344 |frames|=48)
[2026-07-08 20:06:10.337] [odom] [warning] waiting for IMU data (scan_end_time=1783506875.261535, last_imu_time=1783506870.605344 |frames|=48)
[2026-07-08 20:06:10.347] [odom] [warning] waiting for IMU data (scan_end_time=1783506875.261535, last_imu_time=1783506870.605344 |frames|=48)
[2026-07-08 20:06:10.357] [odom] [warning] waiting for IMU data (scan_end_time=1783506875.261535, last_imu_time=1783506870.605344 |frames|=48)
[2026-07-08 20:06:10.368] [odom] [warning] waiting for IMU data (scan_end_time=1783506875.261535, last_imu_time=1783506870.605344 |frames|=48)
[2026-07-08 20:06:10.378] [odom] [warning] waiting for IMU data (scan_end_time=1783506875.261535, last_imu_time=1783506870.605344 |frames|=48)
[2026-07-08 20:06:10.388] [odom] [warning] waiting for IMU data (scan_end_time=1783506875.261535, last_imu_time=1783506870.605344 |frames|=48)
[2026-07-08 20:06:10.398] [odom] [warning] waiting for IMU data (scan_end_time=1783506875.261535, last_imu_time=1783506870.605344 |frames|=48)
[2026-07-08 20:06:10.408] [odom] [warning] waiting for IMU data (scan_end_time=1783506875.261535, last_imu_time=1783506870.605344 |frames|=49)
[2026-07-08 20:06:10.418] [odom] [warning] waiting for IMU data (scan_end_time=1783506875.261535, last_imu_time=1783506870.605344 |frames|=49)
[2026-07-08 20:06:10.429] [odom] [warning] waiting for IMU data (scan_end_time=1783506875.261535, last_imu_time=1783506870.605344 |frames|=49)
[2026-07-08 20:06:10.439] [odom] [warning] waiting for IMU data (scan_end_time=1783506875.261535, last_imu_time=1783506870.605344 |frames|=49)
[2026-07-08 20:06:10.449] [odom] [warning] waiting for IMU data (scan_end_time=1783506875.261535, last_imu_time=1783506870.605344 |frames|=49)
[2026-07-08 20:06:10.459] [odom] [warning] waiting for IMU data (scan_end_time=1783506875.261535, last_imu_time=1783506870.605344 |frames|=49)
[2026-07-08 20:06:10.469] [odom] [warning] waiting for IMU data (scan_end_time=1783506875.261535, last_imu_time=1783506870.605344 |frames|=49)
[2026-07-08 20:06:10.479] [odom] [warning] waiting for IMU data (scan_end_time=1783506875.261535, last_imu_time=1783506870.605344 |frames|=49)
[2026-07-08 20:06:10.490] [odom] [warning] waiting for IMU data (scan_end_time=1783506875.261535, last_imu_time=1783506870.605344 |frames|=49)
[2026-07-08 20:06:10.500] [odom] [warning] waiting for IMU data (scan_end_time=1783506875.261535, last_imu_time=1783506870.605344 |frames|=49)
[2026-07-08 20:06:10.510] [odom] [warning] waiting for IMU data (scan_end_time=1783506875.261535, last_imu_time=1783506870.605344 |frames|=49)
[2026-07-08 20:06:10.520] [odom] [warning] waiting for IMU data (scan_end_time=1783506875.261535, last_imu_time=1783506870.605344 |frames|=49)
[2026-07-08 20:06:10.530] [odom] [warning] waiting for IMU data (scan_end_time=1783506875.261535, last_imu_time=1783506870.605344 |frames|=49)
[2026-07-08 20:06:10.540] [odom] [warning] waiting for IMU data (scan_end_time=1783506875.261535, last_imu_time=1783506870.605344 |frames|=49)
[2026-07-08 20:06:10.551] [odom] [warning] waiting for IMU data (scan_end_time=1783506875.261535, last_imu_time=1783506870.605344 |frames|=49)
[2026-07-08 20:06:10.561] [odom] [warning] waiting for IMU data (scan_end_time=1783506875.261535, last_imu_time=1783506870.605344 |frames|=49)
[2026-07-08 20:06:10.571] [odom] [warning] waiting for IMU data (scan_end_time=1783506875.261535, last_imu_time=1783506870.605344 |frames|=49)
[2026-07-08 20:06:10.581] [odom] [warning] waiting for IMU data (scan_end_time=1783506875.261535, last_imu_time=1783506870.605344 |frames|=49)
[2026-07-08 20:06:10.591] [odom] [warning] waiting for IMU data (scan_end_time=1783506875.261535, last_imu_time=1783506870.605344 |frames|=49)
[2026-07-08 20:06:10.601] [odom] [warning] waiting for IMU data (scan_end_time=1783506875.261535, last_imu_time=1783506870.605344 |frames|=49)
[2026-07-08 20:06:10.612] [odom] [warning] waiting for IMU data (scan_end_time=1783506875.261535, last_imu_time=1783506870.605344 |frames|=49)
[2026-07-08 20:06:10.622] [odom] [warning] waiting for IMU data (scan_end_time=1783506875.261535, last_imu_time=1783506870.605344 |frames|=49)
[2026-07-08 20:06:10.632] [odom] [warning] waiting for IMU data (scan_end_time=1783506875.261535, last_imu_time=1783506870.605344 |frames|=49)
[2026-07-08 20:06:10.642] [odom] [warning] waiting for IMU data (scan_end_time=1783506875.261535, last_imu_time=1783506870.605344 |frames|=49)
[2026-07-08 20:06:10.652] [odom] [warning] waiting for IMU data (scan_end_time=1783506875.261535, last_imu_time=1783506870.605344 |frames|=50)
[2026-07-08 20:06:10.662] [odom] [warning] waiting for IMU data (scan_end_time=1783506875.261535, last_imu_time=1783506870.605344 |frames|=50)
[2026-07-08 20:06:10.673] [odom] [warning] waiting for IMU data (scan_end_time=1783506875.261535, last_imu_time=1783506870.605344 |frames|=50)
[2026-07-08 20:06:10.683] [odom] [warning] waiting for IMU data (scan_end_time=1783506875.261535, last_imu_time=1783506870.605344 |frames|=50)
[2026-07-08 20:06:10.693] [odom] [warning] waiting for IMU data (scan_end_time=1783506875.261535, last_imu_time=1783506870.605344 |frames|=50)
[2026-07-08 20:06:10.703] [odom] [warning] waiting for IMU data (scan_end_time=1783506875.261535, last_imu_time=1783506870.605344 |frames|=50)
[2026-07-08 20:06:10.713] [odom] [warning] waiting for IMU data (scan_end_time=1783506875.261535, last_imu_time=1783506870.605344 |frames|=50)
[2026-07-08 20:06:10.723] [odom] [warning] waiting for IMU data (scan_end_time=1783506875.261535, last_imu_time=1783506870.605344 |frames|=50)
[2026-07-08 20:06:10.733] [odom] [warning] waiting for IMU data (scan_end_time=1783506875.261535, last_imu_time=1783506870.605344 |frames|=50)
[2026-07-08 20:06:10.744] [odom] [warning] waiting for IMU data (scan_end_time=1783506875.261535, last_imu_time=1783506870.605344 |frames|=50)
[2026-07-08 20:06:10.754] [odom] [warning] waiting for IMU data (scan_end_time=1783506875.261535, last_imu_time=1783506870.605344 |frames|=50)
[2026-07-08 20:06:10.764] [odom] [warning] waiting for IMU data (scan_end_time=1783506875.261535, last_imu_time=1783506870.605344 |frames|=50)
[2026-07-08 20:06:10.774] [odom] [warning] waiting for IMU data (scan_end_time=1783506875.261535, last_imu_time=1783506870.605344 |frames|=50)
[2026-07-08 20:06:10.784] [odom] [warning] waiting for IMU data (scan_end_time=1783506875.261535, last_imu_time=1783506870.605344 |frames|=50)
[2026-07-08 20:06:10.795] [odom] [warning] waiting for IMU data (scan_end_time=1783506875.261535, last_imu_time=1783506870.605344 |frames|=50)
[2026-07-08 20:06:10.805] [odom] [warning] waiting for IMU data (scan_end_time=1783506875.261535, last_imu_time=1783506870.605344 |frames|=50)
[2026-07-08 20:06:10.815] [odom] [warning] waiting for IMU data (scan_end_time=1783506875.261535, last_imu_time=1783506870.605344 |frames|=50)
[2026-07-08 20:06:10.825] [odom] [warning] waiting for IMU data (scan_end_time=1783506875.261535, last_imu_time=1783506870.605344 |frames|=50)
[2026-07-08 20:06:10.835] [odom] [warning] waiting for IMU data (scan_end_time=1783506875.261535, last_imu_time=1783506870.605344 |frames|=50)
[2026-07-08 20:06:10.846] [odom] [warning] waiting for IMU data (scan_end_time=1783506875.261535, last_imu_time=1783506870.605344 |frames|=50)
[2026-07-08 20:06:10.856] [odom] [warning] waiting for IMU data (scan_end_time=1783506875.261535, last_imu_time=1783506870.605344 |frames|=50)
[2026-07-08 20:06:10.866] [odom] [warning] waiting for IMU data (scan_end_time=1783506875.261535, last_imu_time=1783506870.605344 |frames|=50)
[2026-07-08 20:06:10.876] [odom] [warning] waiting for IMU data (scan_end_time=1783506875.261535, last_imu_time=1783506870.605344 |frames|=50)
[2026-07-08 20:06:10.886] [odom] [warning] waiting for IMU data (scan_end_time=1783506875.261535, last_imu_time=1783506870.605344 |frames|=51)
[2026-07-08 20:06:10.897] [odom] [warning] waiting for IMU data (scan_end_time=1783506875.261535, last_imu_time=1783506870.605344 |frames|=51)
[2026-07-08 20:06:10.907] [odom] [warning] waiting for IMU data (scan_end_time=1783506875.261535, last_imu_time=1783506870.605344 |frames|=51)
[2026-07-08 20:06:10.917] [odom] [warning] waiting for IMU data (scan_end_time=1783506875.261535, last_imu_time=1783506870.605344 |frames|=51)
[2026-07-08 20:06:10.927] [odom] [warning] waiting for IMU data (scan_end_time=1783506875.261535, last_imu_time=1783506870.605344 |frames|=51)
[2026-07-08 20:06:10.937] [odom] [warning] waiting for IMU data (scan_end_time=1783506875.261535, last_imu_time=1783506870.605344 |frames|=51)
[2026-07-08 20:06:10.947] [odom] [warning] waiting for IMU data (scan_end_time=1783506875.261535, last_imu_time=1783506870.605344 |frames|=51)
[2026-07-08 20:06:10.957] [odom] [warning] waiting for IMU data (scan_end_time=1783506875.261535, last_imu_time=1783506870.605344 |frames|=51)
[2026-07-08 20:06:10.967] [odom] [warning] waiting for IMU data (scan_end_time=1783506875.261535, last_imu_time=1783506870.605344 |frames|=51)
[2026-07-08 20:06:10.978] [odom] [warning] waiting for IMU data (scan_end_time=1783506875.261535, last_imu_time=1783506870.605344 |frames|=51)
[2026-07-08 20:06:10.988] [odom] [warning] waiting for IMU data (scan_end_time=1783506875.261535, last_imu_time=1783506870.605344 |frames|=51)
[2026-07-08 20:06:10.998] [odom] [warning] waiting for IMU data (scan_end_time=1783506875.261535, last_imu_time=1783506870.605344 |frames|=51)
[2026-07-08 20:06:11.008] [odom] [warning] waiting for IMU data (scan_end_time=1783506875.261535, last_imu_time=1783506870.605344 |frames|=51)
[2026-07-08 20:06:11.018] [odom] [warning] waiting for IMU data (scan_end_time=1783506875.261535, last_imu_time=1783506870.605344 |frames|=51)
[2026-07-08 20:06:11.028] [odom] [warning] waiting for IMU data (scan_end_time=1783506875.261535, last_imu_time=1783506870.605344 |frames|=51)
[2026-07-08 20:06:11.039] [odom] [warning] waiting for IMU data (scan_end_time=1783506875.261535, last_imu_time=1783506870.605344 |frames|=51)
[2026-07-08 20:06:11.049] [odom] [warning] waiting for IMU data (scan_end_time=1783506875.261535, last_imu_time=1783506870.605344 |frames|=51)
[2026-07-08 20:06:11.059] [odom] [warning] waiting for IMU data (scan_end_time=1783506875.261535, last_imu_time=1783506870.605344 |frames|=51)
[2026-07-08 20:06:11.069] [odom] [warning] waiting for IMU data (scan_end_time=1783506875.261535, last_imu_time=1783506870.605344 |frames|=51)
[2026-07-08 20:06:11.079] [odom] [warning] waiting for IMU data (scan_end_time=1783506875.261535, last_imu_time=1783506870.605344 |frames|=51)
[2026-07-08 20:06:11.090] [odom] [warning] waiting for IMU data (scan_end_time=1783506875.261535, last_imu_time=1783506870.605344 |frames|=51)
[2026-07-08 20:06:11.100] [odom] [warning] waiting for IMU data (scan_end_time=1783506875.261535, last_imu_time=1783506870.605344 |frames|=51)
[2026-07-08 20:06:11.110] [odom] [warning] waiting for IMU data (scan_end_time=1783506875.261535, last_imu_time=1783506870.605344 |frames|=51)
[2026-07-08 20:06:11.120] [odom] [warning] waiting for IMU data (scan_end_time=1783506875.261535, last_imu_time=1783506870.605344 |frames|=51)
[2026-07-08 20:06:11.130] [odom] [warning] waiting for IMU data (scan_end_time=1783506875.261535, last_imu_time=1783506870.605344 |frames|=52)
[2026-07-08 20:06:11.140] [odom] [warning] waiting for IMU data (scan_end_time=1783506875.261535, last_imu_time=1783506870.605344 |frames|=52)
[2026-07-08 20:06:11.151] [odom] [warning] waiting for IMU data (scan_end_time=1783506875.261535, last_imu_time=1783506870.605344 |frames|=52)
[2026-07-08 20:06:11.161] [odom] [warning] waiting for IMU data (scan_end_time=1783506875.261535, last_imu_time=1783506870.605344 |frames|=52)
[2026-07-08 20:06:11.171] [odom] [warning] waiting for IMU data (scan_end_time=1783506875.261535, last_imu_time=1783506870.605344 |frames|=52)
[2026-07-08 20:06:11.181] [odom] [warning] waiting for IMU data (scan_end_time=1783506875.261535, last_imu_time=1783506870.605344 |frames|=52)
[2026-07-08 20:06:11.191] [odom] [warning] waiting for IMU data (scan_end_time=1783506875.261535, last_imu_time=1783506870.605344 |frames|=52)
[2026-07-08 20:06:11.201] [odom] [warning] waiting for IMU data (scan_end_time=1783506875.261535, last_imu_time=1783506870.605344 |frames|=52)
[2026-07-08 20:06:11.212] [odom] [warning] waiting for IMU data (scan_end_time=1783506875.261535, last_imu_time=1783506870.605344 |frames|=52)
[2026-07-08 20:06:11.222] [odom] [warning] waiting for IMU data (scan_end_time=1783506875.261535, last_imu_time=1783506870.605344 |frames|=52)
[2026-07-08 20:06:11.232] [odom] [warning] waiting for IMU data (scan_end_time=1783506875.261535, last_imu_time=1783506870.605344 |frames|=52)
[2026-07-08 20:06:11.242] [odom] [warning] waiting for IMU data (scan_end_time=1783506875.261535, last_imu_time=1783506870.605344 |frames|=52)
[2026-07-08 20:06:11.252] [odom] [warning] waiting for IMU data (scan_end_time=1783506875.261535, last_imu_time=1783506870.605344 |frames|=52)
[2026-07-08 20:06:11.263] [odom] [warning] waiting for IMU data (scan_end_time=1783506875.261535, last_imu_time=1783506870.605344 |frames|=52)
[2026-07-08 20:06:11.273] [odom] [warning] waiting for IMU data (scan_end_time=1783506875.261535, last_imu_time=1783506870.605344 |frames|=52)
[2026-07-08 20:06:11.283] [odom] [warning] waiting for IMU data (scan_end_time=1783506875.261535, last_imu_time=1783506870.605344 |frames|=52)
[2026-07-08 20:06:11.293] [odom] [warning] waiting for IMU data (scan_end_time=1783506875.261535, last_imu_time=1783506870.605344 |frames|=52)
[2026-07-08 20:06:11.303] [odom] [warning] waiting for IMU data (scan_end_time=1783506875.261535, last_imu_time=1783506870.605344 |frames|=52)
[2026-07-08 20:06:11.314] [odom] [warning] waiting for IMU data (scan_end_time=1783506875.261535, last_imu_time=1783506870.605344 |frames|=52)
[2026-07-08 20:06:11.324] [odom] [warning] waiting for IMU data (scan_end_time=1783506875.261535, last_imu_time=1783506870.605344 |frames|=52)
[2026-07-08 20:06:11.334] [odom] [warning] waiting for IMU data (scan_end_time=1783506875.261535, last_imu_time=1783506870.605344 |frames|=52)
[2026-07-08 20:06:11.344] [odom] [warning] waiting for IMU data (scan_end_time=1783506875.261535, last_imu_time=1783506870.605344 |frames|=52)
[2026-07-08 20:06:11.354] [odom] [warning] waiting for IMU data (scan_end_time=1783506875.261535, last_imu_time=1783506870.605344 |frames|=52)
[2026-07-08 20:06:11.364] [odom] [warning] waiting for IMU data (scan_end_time=1783506875.261535, last_imu_time=1783506870.605344 |frames|=52)
[2026-07-08 20:06:11.374] [odom] [warning] waiting for IMU data (scan_end_time=1783506875.261535, last_imu_time=1783506870.605344 |frames|=53)
[2026-07-08 20:06:11.385] [odom] [warning] waiting for IMU data (scan_end_time=1783506875.261535, last_imu_time=1783506870.605344 |frames|=53)
[2026-07-08 20:06:11.395] [odom] [warning] waiting for IMU data (scan_end_time=1783506875.261535, last_imu_time=1783506870.605344 |frames|=53)
[2026-07-08 20:06:11.405] [odom] [warning] waiting for IMU data (scan_end_time=1783506875.261535, last_imu_time=1783506870.605344 |frames|=53)
[2026-07-08 20:06:11.415] [odom] [warning] waiting for IMU data (scan_end_time=1783506875.261535, last_imu_time=1783506870.605344 |frames|=53)
[2026-07-08 20:06:11.425] [odom] [warning] waiting for IMU data (scan_end_time=1783506875.261535, last_imu_time=1783506870.605344 |frames|=53)
[2026-07-08 20:06:11.436] [odom] [warning] waiting for IMU data (scan_end_time=1783506875.261535, last_imu_time=1783506870.605344 |frames|=53)
[2026-07-08 20:06:11.446] [odom] [warning] waiting for IMU data (scan_end_time=1783506875.261535, last_imu_time=1783506870.605344 |frames|=53)
[2026-07-08 20:06:11.456] [odom] [warning] waiting for IMU data (scan_end_time=1783506875.261535, last_imu_time=1783506870.605344 |frames|=53)
[2026-07-08 20:06:11.466] [odom] [warning] waiting for IMU data (scan_end_time=1783506875.261535, last_imu_time=1783506870.605344 |frames|=53)
[2026-07-08 20:06:11.476] [odom] [warning] waiting for IMU data (scan_end_time=1783506875.261535, last_imu_time=1783506870.605344 |frames|=53)
[2026-07-08 20:06:11.486] [odom] [warning] waiting for IMU data (scan_end_time=1783506875.261535, last_imu_time=1783506870.605344 |frames|=53)
[2026-07-08 20:06:11.497] [odom] [warning] waiting for IMU data (scan_end_time=1783506875.261535, last_imu_time=1783506870.605344 |frames|=53)
[2026-07-08 20:06:11.507] [odom] [warning] waiting for IMU data (scan_end_time=1783506875.261535, last_imu_time=1783506870.605344 |frames|=53)
[2026-07-08 20:06:11.517] [odom] [warning] waiting for IMU data (scan_end_time=1783506875.261535, last_imu_time=1783506870.605344 |frames|=53)
[2026-07-08 20:06:11.527] [odom] [warning] waiting for IMU data (scan_end_time=1783506875.261535, last_imu_time=1783506870.605344 |frames|=53)
[2026-07-08 20:06:11.537] [odom] [warning] waiting for IMU data (scan_end_time=1783506875.261535, last_imu_time=1783506870.605344 |frames|=53)
[2026-07-08 20:06:11.547] [odom] [warning] waiting for IMU data (scan_end_time=1783506875.261535, last_imu_time=1783506870.605344 |frames|=53)
[2026-07-08 20:06:11.557] [odom] [warning] waiting for IMU data (scan_end_time=1783506875.261535, last_imu_time=1783506870.605344 |frames|=53)
[2026-07-08 20:06:11.567] [odom] [warning] waiting for IMU data (scan_end_time=1783506875.261535, last_imu_time=1783506870.605344 |frames|=53)
[2026-07-08 20:06:11.577] [odom] [warning] waiting for IMU data (scan_end_time=1783506875.261535, last_imu_time=1783506870.605344 |frames|=53)
[2026-07-08 20:06:11.587] [odom] [warning] waiting for IMU data (scan_end_time=1783506875.261535, last_imu_time=1783506870.605344 |frames|=53)
[2026-07-08 20:06:11.597] [odom] [warning] waiting for IMU data (scan_end_time=1783506875.261535, last_imu_time=1783506870.605344 |frames|=53)
[2026-07-08 20:06:11.608] [odom] [warning] waiting for IMU data (scan_end_time=1783506875.261535, last_imu_time=1783506870.605344 |frames|=53)
[2026-07-08 20:06:11.609] [glim] [warning] large time gap between consecutive IMU data!!
[2026-07-08 20:06:11.609] [glim] [warning] current=1783506880.564401 last=1783506870.605344 diff=9.959058
[2026-07-08 20:06:11.618] [odom] [warning] waiting for IMU data (scan_end_time=1783506875.261535, last_imu_time=1783506870.605344 |frames|=53)
[2026-07-08 20:06:11.641] [odom] [warning] IMU prediction is not good.
[2026-07-08 20:06:11.641] [odom] [warning] Possibly T_lidar_imu is not accurate or IMU bias is not well estimated.
[2026-07-08 20:06:11.641] [odom] [warning] IMU validation results:
[2026-07-08 20:06:11.641] [odom] [warning] num_validations=24128
[2026-07-08 20:06:11.641] [odom] [warning] No-IMU errors rot=0.216 +- 0.273 deg, trans=0.025 +- 0.074 m, vel=0.029 +- 0.043 m/s
[2026-07-08 20:06:11.641] [odom] [warning] IMU errors rot=0.072 +- 0.062 deg, trans=0.028 +- 0.019 m, vel=0.082 +- 0.050 m/s
[2026-07-08 20:06:11.641] [odom] [warning] IMU better ratios rot=0.85, trans=0.06, vel=0.12
[2026-07-08 20:06:11.642] [odom] [warning] insufficient number of IMU data between LiDAR scans!! (odometry_estimation)
[2026-07-08 20:06:11.642] [odom] [warning] t_last=1783506875.160208 t_current=1783506875.261527 num_imu=0
[2026-07-08 20:06:11.657] [odom] [warning] insufficient number of IMU data between LiDAR scans!! (odometry_estimation)
[2026-07-08 20:06:11.657] [odom] [warning] t_last=1783506875.261527 t_current=1783506875.363145 num_imu=0
[2026-07-08 20:06:11.671] [odom] [warning] insufficient number of IMU data between LiDAR scans!! (odometry_estimation)
[2026-07-08 20:06:11.671] [odom] [warning] t_last=1783506875.363145 t_current=1783506875.464498 num_imu=0
[2026-07-08 20:06:11.683] [odom] [warning] insufficient number of IMU data between LiDAR scans!! (odometry_estimation)
[2026-07-08 20:06:11.683] [odom] [warning] t_last=1783506875.464498 t_current=1783506875.565974 num_imu=0
[2026-07-08 20:06:11.692] [odom] [warning] insufficient number of IMU data between LiDAR scans!! (odometry_estimation)
[2026-07-08 20:06:11.692] [odom] [warning] t_last=1783506875.565974 t_current=1783506875.667405 num_imu=0
[2026-07-08 20:06:11.700] [odom] [warning] insufficient number of IMU data between LiDAR scans!! (odometry_estimation)
[2026-07-08 20:06:11.700] [odom] [warning] t_last=1783506875.667405 t_current=1783506875.768848 num_imu=0
[2026-07-08 20:06:11.705] [odom] [warning] insufficient number of IMU data between LiDAR scans!! (odometry_estimation)
[2026-07-08 20:06:11.705] [odom] [warning] t_last=1783506875.768848 t_current=1783506875.870249 num_imu=0
[2026-07-08 20:06:11.711] [odom] [warning] insufficient number of IMU data between LiDAR scans!! (odometry_estimation)
[2026-07-08 20:06:11.711] [odom] [warning] t_last=1783506875.870249 t_current=1783506875.971567 num_imu=0
[2026-07-08 20:06:11.716] [odom] [warning] insufficient number of IMU data between LiDAR scans!! (odometry_estimation)
[2026-07-08 20:06:11.716] [odom] [warning] t_last=1783506875.971567 t_current=1783506876.073182 num_imu=0
[2026-07-08 20:06:11.722] [odom] [warning] insufficient number of IMU data between LiDAR scans!! (odometry_estimation)
[2026-07-08 20:06:11.722] [odom] [warning] t_last=1783506876.073182 t_current=1783506876.174461 num_imu=0
[2026-07-08 20:06:11.727] [odom] [warning] insufficient number of IMU data between LiDAR scans!! (odometry_estimation)
[2026-07-08 20:06:11.727] [odom] [warning] t_last=1783506876.174461 t_current=1783506876.276047 num_imu=0
[2026-07-08 20:06:11.733] [odom] [warning] insufficient number of IMU data between LiDAR scans!! (odometry_estimation)
[2026-07-08 20:06:11.733] [odom] [warning] t_last=1783506876.276047 t_current=1783506876.377398 num_imu=0
[2026-07-08 20:06:11.738] [odom] [warning] insufficient number of IMU data between LiDAR scans!! (odometry_estimation)
[2026-07-08 20:06:11.738] [odom] [warning] t_last=1783506876.377398 t_current=1783506876.478908 num_imu=0
[2026-07-08 20:06:11.743] [odom] [warning] insufficient number of IMU data between LiDAR scans!! (odometry_estimation)
[2026-07-08 20:06:11.743] [odom] [warning] t_last=1783506876.478908 t_current=1783506876.580245 num_imu=0
[2026-07-08 20:06:11.749] [odom] [warning] insufficient number of IMU data between LiDAR scans!! (odometry_estimation)
[2026-07-08 20:06:11.749] [odom] [warning] t_last=1783506876.580245 t_current=1783506876.681802 num_imu=0
[2026-07-08 20:06:11.755] [odom] [warning] insufficient number of IMU data between LiDAR scans!! (odometry_estimation)
[2026-07-08 20:06:11.755] [odom] [warning] t_last=1783506876.681802 t_current=1783506876.783175 num_imu=0
[2026-07-08 20:06:11.760] [odom] [warning] insufficient number of IMU data between LiDAR scans!! (odometry_estimation)
[2026-07-08 20:06:11.760] [odom] [warning] t_last=1783506876.783175 t_current=1783506876.884528 num_imu=0
[2026-07-08 20:06:11.766] [odom] [warning] insufficient number of IMU data between LiDAR scans!! (odometry_estimation)
[2026-07-08 20:06:11.766] [odom] [warning] t_last=1783506876.884528 t_current=1783506876.986059 num_imu=0
[2026-07-08 20:06:11.771] [odom] [warning] insufficient number of IMU data between LiDAR scans!! (odometry_estimation)
[2026-07-08 20:06:11.771] [odom] [warning] t_last=1783506876.986059 t_current=1783506877.087352 num_imu=0
[2026-07-08 20:06:11.777] [odom] [warning] insufficient number of IMU data between LiDAR scans!! (odometry_estimation)
[2026-07-08 20:06:11.777] [odom] [warning] t_last=1783506877.087352 t_current=1783506877.188807 num_imu=0
[2026-07-08 20:06:11.783] [odom] [warning] insufficient number of IMU data between LiDAR scans!! (odometry_estimation)
[2026-07-08 20:06:11.783] [odom] [warning] t_last=1783506877.188807 t_current=1783506877.290331 num_imu=0
[2026-07-08 20:06:11.788] [odom] [warning] insufficient number of IMU data between LiDAR scans!! (odometry_estimation)
[2026-07-08 20:06:11.788] [odom] [warning] t_last=1783506877.290331 t_current=1783506877.391699 num_imu=0
[2026-07-08 20:06:11.794] [odom] [warning] insufficient number of IMU data between LiDAR scans!! (odometry_estimation)
[2026-07-08 20:06:11.794] [odom] [warning] t_last=1783506877.391699 t_current=1783506877.493216 num_imu=0
[2026-07-08 20:06:11.800] [odom] [warning] insufficient number of IMU data between LiDAR scans!! (odometry_estimation)
[2026-07-08 20:06:11.800] [odom] [warning] t_last=1783506877.493216 t_current=1783506877.594533 num_imu=0
[2026-07-08 20:06:11.805] [odom] [warning] insufficient number of IMU data between LiDAR scans!! (odometry_estimation)
[2026-07-08 20:06:11.805] [odom] [warning] t_last=1783506877.594533 t_current=1783506877.695963 num_imu=0
[2026-07-08 20:06:11.811] [odom] [warning] insufficient number of IMU data between LiDAR scans!! (odometry_estimation)
[2026-07-08 20:06:11.811] [odom] [warning] t_last=1783506877.695963 t_current=1783506877.797405 num_imu=0
[2026-07-08 20:06:11.817] [odom] [warning] insufficient number of IMU data between LiDAR scans!! (odometry_estimation)
[2026-07-08 20:06:11.817] [odom] [warning] t_last=1783506877.797405 t_current=1783506877.898808 num_imu=0
[2026-07-08 20:06:11.822] [odom] [warning] insufficient number of IMU data between LiDAR scans!! (odometry_estimation)
[2026-07-08 20:06:11.822] [odom] [warning] t_last=1783506877.898808 t_current=1783506878.000267 num_imu=0
[2026-07-08 20:06:11.828] [odom] [warning] insufficient number of IMU data between LiDAR scans!! (odometry_estimation)
[2026-07-08 20:06:11.828] [odom] [warning] t_last=1783506878.000267 t_current=1783506878.101690 num_imu=0
[2026-07-08 20:06:11.834] [odom] [warning] insufficient number of IMU data between LiDAR scans!! (odometry_estimation)
[2026-07-08 20:06:11.834] [odom] [warning] t_last=1783506878.101690 t_current=1783506878.203257 num_imu=0
[2026-07-08 20:06:11.839] [odom] [warning] insufficient number of IMU data between LiDAR scans!! (odometry_estimation)
[2026-07-08 20:06:11.839] [odom] [warning] t_last=1783506878.203257 t_current=1783506878.304547 num_imu=0
[2026-07-08 20:06:11.845] [odom] [warning] insufficient number of IMU data between LiDAR scans!! (odometry_estimation)
[2026-07-08 20:06:11.845] [odom] [warning] t_last=1783506878.304547 t_current=1783506878.405978 num_imu=0
[2026-07-08 20:06:11.851] [odom] [warning] IMU bias estimation seems inaccurate.
[2026-07-08 20:06:11.851] [odom] [warning] Possibly T_lidar_imu is not accurate or LiDAR-IMU synchronization is not correct.
[2026-07-08 20:06:11.851] [odom] [warning] IMU bias validation results:
[2026-07-08 20:06:11.851] [odom] [warning] num_bias_validations=24896
[2026-07-08 20:06:11.851] [odom] [warning] bias_acc=[0.358, -0.750, 0.028] m/s^2, bias_gyro=[-0.021, 0.002, 0.001] rad/s
[2026-07-08 20:06:11.851] [odom] [warning] acc_stat ax=0.387 +- 0.246 [min=-0.214, max=0.986], ay=-0.785 +- 0.323 [min=-1.421, max=0.031], az=0.055 +- 0.035 [min=-0.002, max=0.119] m/s^2
[2026-07-08 20:06:11.851] [odom] [warning] gyro_stat wx=-0.020 +- 0.000 [min=-0.021, max=-0.017], wy=-0.000 +- 0.001 [min=-0.004, max=0.002], wz=0.001 +- 0.000 [min=-0.001, max=0.002] rad/s
[2026-07-08 20:06:11.851] [odom] [warning] insufficient number of IMU data between LiDAR scans!! (odometry_estimation)
[2026-07-08 20:06:11.851] [odom] [warning] t_last=1783506878.405978 t_current=1783506878.507385 num_imu=0
[2026-07-08 20:06:11.857] [odom] [warning] insufficient number of IMU data between LiDAR scans!! (odometry_estimation)
[2026-07-08 20:06:11.857] [odom] [warning] t_last=1783506878.507385 t_current=1783506878.608844 num_imu=0
[2026-07-08 20:06:11.862] [odom] [warning] insufficient number of IMU data between LiDAR scans!! (odometry_estimation)
[2026-07-08 20:06:11.862] [odom] [warning] t_last=1783506878.608844 t_current=1783506878.710240 num_imu=0
[2026-07-08 20:06:11.868] [odom] [warning] insufficient number of IMU data between LiDAR scans!! (odometry_estimation)
[2026-07-08 20:06:11.868] [odom] [warning] t_last=1783506878.710240 t_current=1783506878.811741 num_imu=0
[2026-07-08 20:06:11.874] [odom] [warning] insufficient number of IMU data between LiDAR scans!! (odometry_estimation)
[2026-07-08 20:06:11.874] [odom] [warning] t_last=1783506878.811741 t_current=1783506878.913148 num_imu=0
[2026-07-08 20:06:11.880] [odom] [warning] insufficient number of IMU data between LiDAR scans!! (odometry_estimation)
[2026-07-08 20:06:11.880] [odom] [warning] t_last=1783506878.913148 t_current=1783506879.014568 num_imu=0
[2026-07-08 20:06:11.886] [odom] [warning] insufficient number of IMU data between LiDAR scans!! (odometry_estimation)
[2026-07-08 20:06:11.886] [odom] [warning] t_last=1783506879.014568 t_current=1783506879.115988 num_imu=0
[2026-07-08 20:06:11.892] [odom] [warning] insufficient number of IMU data between LiDAR scans!! (odometry_estimation)
[2026-07-08 20:06:11.892] [odom] [warning] t_last=1783506879.115988 t_current=1783506879.217414 num_imu=0
[2026-07-08 20:06:11.898] [odom] [warning] insufficient number of IMU data between LiDAR scans!! (odometry_estimation)
[2026-07-08 20:06:11.898] [odom] [warning] t_last=1783506879.217414 t_current=1783506879.318887 num_imu=0
[2026-07-08 20:06:11.904] [odom] [warning] insufficient number of IMU data between LiDAR scans!! (odometry_estimation)
[2026-07-08 20:06:11.904] [odom] [warning] t_last=1783506879.318887 t_current=1783506879.420304 num_imu=0
[2026-07-08 20:06:11.911] [odom] [warning] insufficient number of IMU data between LiDAR scans!! (odometry_estimation)
[2026-07-08 20:06:11.911] [odom] [warning] t_last=1783506879.420304 t_current=1783506879.521833 num_imu=0
[2026-07-08 20:06:11.917] [odom] [warning] insufficient number of IMU data between LiDAR scans!! (odometry_estimation)
[2026-07-08 20:06:11.917] [odom] [warning] t_last=1783506879.521833 t_current=1783506879.623273 num_imu=0
[2026-07-08 20:06:11.923] [odom] [warning] insufficient number of IMU data between LiDAR scans!! (odometry_estimation)
[2026-07-08 20:06:11.923] [odom] [warning] t_last=1783506879.623273 t_current=1783506879.724619 num_imu=0
[2026-07-08 20:06:11.930] [odom] [warning] insufficient number of IMU data between LiDAR scans!! (odometry_estimation)
[2026-07-08 20:06:11.930] [odom] [warning] t_last=1783506879.724619 t_current=1783506879.826041 num_imu=0
[2026-07-08 20:06:11.936] [odom] [warning] insufficient number of IMU data between LiDAR scans!! (odometry_estimation)
[2026-07-08 20:06:11.936] [odom] [warning] t_last=1783506879.826041 t_current=1783506879.927455 num_imu=0
[2026-07-08 20:06:11.943] [odom] [warning] insufficient number of IMU data between LiDAR scans!! (odometry_estimation)
[2026-07-08 20:06:11.943] [odom] [warning] t_last=1783506879.927455 t_current=1783506880.029039 num_imu=0
[2026-07-08 20:06:11.951] [odom] [warning] insufficient number of IMU data between LiDAR scans!! (odometry_estimation)
[2026-07-08 20:06:11.952] [odom] [warning] t_last=1783506880.029039 t_current=1783506880.130394 num_imu=0
[2026-07-08 20:06:11.960] [odom] [warning] insufficient number of IMU data between LiDAR scans!! (odometry_estimation)
[2026-07-08 20:06:11.960] [odom] [warning] t_last=1783506880.130394 t_current=1783506880.231784 num_imu=0
[2026-07-08 20:06:12.004] [odom] [warning] insufficient number of IMU data between LiDAR scans!! (odometry_estimation)
[2026-07-08 20:06:12.004] [odom] [warning] t_last=1783506880.231784 t_current=1783506880.333347 num_imu=0
[2026-07-08 20:06:12.042] [odom] [warning] insufficient number of IMU data between LiDAR scans!! (odometry_estimation)
[2026-07-08 20:06:12.042] [odom] [warning] t_last=1783506880.333347 t_current=1783506880.434664 num_imu=0
[2026-07-08 20:06:12.056] [submap] [warning] insufficient IMU data between LiDAR frames!! (sub_mapping)
[2026-07-08 20:06:12.079] [odom] [warning] insufficient number of IMU data between LiDAR scans!! (odometry_estimation)
[2026-07-08 20:06:12.079] [odom] [warning] t_last=1783506880.434664 t_current=1783506880.536060 num_imu=0
[2026-07-08 20:06:12.110] [submap] [warning] insufficient IMU data between LiDAR frames!! (sub_mapping)
[2026-07-08 20:06:12.145] [submap] [warning] insufficient IMU data between LiDAR frames!! (sub_mapping)
[2026-07-08 20:06:12.169] [submap] [warning] insufficient IMU data between LiDAR frames!! (sub_mapping)
[2026-07-08 20:06:12.200] [submap] [warning] insufficient IMU data between LiDAR frames!! (sub_mapping)
[2026-07-08 20:06:12.235] [submap] [warning] insufficient IMU data between LiDAR frames!! (sub_mapping)
[2026-07-08 20:06:12.300] [submap] [warning] insufficient IMU data between LiDAR frames!! (sub_mapping)
[2026-07-08 20:06:12.334] [submap] [warning] insufficient IMU data between LiDAR frames!! (sub_mapping)
[2026-07-08 20:06:12.369] [submap] [warning] insufficient IMU data between LiDAR frames!! (sub_mapping)
[2026-07-08 20:06:12.403] [submap] [warning] insufficient IMU data between LiDAR frames!! (sub_mapping)
[2026-07-08 20:06:12.432] [glim] [info] playback speed: 0.768x
[2026-07-08 20:06:12.470] [submap] [warning] insufficient IMU data between LiDAR frames!! (sub_mapping)
[2026-07-08 20:06:12.506] [submap] [warning] insufficient IMU data between LiDAR frames!! (sub_mapping)
[2026-07-08 20:06:12.541] [submap] [warning] insufficient IMU data between LiDAR frames!! (sub_mapping)
[2026-07-08 20:06:12.544] [odom] [warning] IMU prediction is not good.
[2026-07-08 20:06:12.544] [odom] [warning] Possibly T_lidar_imu is not accurate or IMU bias is not well estimated.
[2026-07-08 20:06:12.544] [odom] [warning] IMU validation results:
[2026-07-08 20:06:12.544] [odom] [warning] num_validations=24192
[2026-07-08 20:06:12.544] [odom] [warning] No-IMU errors rot=0.215 +- 0.273 deg, trans=0.026 +- 0.077 m, vel=0.029 +- 0.053 m/s
[2026-07-08 20:06:12.544] [odom] [warning] IMU errors rot=0.072 +- 0.062 deg, trans=0.028 +- 0.020 m, vel=0.083 +- 0.059 m/s
[2026-07-08 20:06:12.544] [odom] [warning] IMU better ratios rot=0.85, trans=0.06, vel=0.12
[2026-07-08 20:06:12.575] [submap] [warning] insufficient IMU data between LiDAR frames!! (sub_mapping)
[2026-07-08 20:06:12.609] [submap] [warning] insufficient IMU data between LiDAR frames!! (sub_mapping)
[2026-07-08 20:06:12.644] [submap] [warning] insufficient IMU data between LiDAR frames!! (sub_mapping)
[2026-07-08 20:06:12.644] [submap] [warning] insufficient IMU data between LiDAR frames!! (sub_mapping)
[2026-07-08 20:06:12.679] [submap] [warning] insufficient IMU data between LiDAR frames!! (sub_mapping)
[2026-07-08 20:06:12.743] [submap] [warning] insufficient IMU data between LiDAR frames!! (sub_mapping)
[2026-07-08 20:06:12.778] [submap] [warning] insufficient IMU data between LiDAR frames!! (sub_mapping)
[2026-07-08 20:06:12.803] [submap] [warning] insufficient IMU data between LiDAR frames!! (sub_mapping)
[2026-07-08 20:06:12.834] [submap] [warning] insufficient IMU data between LiDAR frames!! (sub_mapping)
[2026-07-08 20:06:12.868] [submap] [warning] insufficient IMU data between LiDAR frames!! (sub_mapping)
[2026-07-08 20:06:12.899] [submap] [warning] insufficient IMU data between LiDAR frames!! (sub_mapping)
[2026-07-08 20:06:12.935] [submap] [warning] insufficient IMU data between LiDAR frames!! (sub_mapping)
[2026-07-08 20:06:12.976] [submap] [warning] insufficient IMU data between LiDAR frames!! (sub_mapping)
[2026-07-08 20:06:13.010] [submap] [warning] insufficient IMU data between LiDAR frames!! (sub_mapping)
[2026-07-08 20:06:13.041] [submap] [warning] insufficient IMU data between LiDAR frames!! (sub_mapping)
[2026-07-08 20:06:13.078] [submap] [warning] insufficient IMU data between LiDAR frames!! (sub_mapping)
[2026-07-08 20:06:13.108] [submap] [warning] insufficient IMU data between LiDAR frames!! (sub_mapping)
[2026-07-08 20:06:13.152] [global] [warning] insufficient IMU data between submaps (global_mapping)!!
[2026-07-08 20:06:13.176] [submap] [warning] insufficient IMU data between LiDAR frames!! (sub_mapping)
[2026-07-08 20:06:13.211] [submap] [warning] insufficient IMU data between LiDAR frames!! (sub_mapping)
[2026-07-08 20:06:13.245] [submap] [warning] insufficient IMU data between LiDAR frames!! (sub_mapping)
[2026-07-08 20:06:13.290] [submap] [warning] insufficient IMU data between LiDAR frames!! (sub_mapping)
[2026-07-08 20:06:13.324] [submap] [warning] insufficient IMU data between LiDAR frames!! (sub_mapping)
[2026-07-08 20:06:13.359] [submap] [warning] insufficient IMU data between LiDAR frames!! (sub_mapping)
[2026-07-08 20:06:13.395] [submap] [warning] insufficient IMU data between LiDAR frames!! (sub_mapping)
[2026-07-08 20:06:13.430] [submap] [warning] insufficient IMU data between LiDAR frames!! (sub_mapping)
[2026-07-08 20:06:13.468] [submap] [warning] insufficient IMU data between LiDAR frames!! (sub_mapping)
[2026-07-08 20:06:13.505] [submap] [warning] insufficient IMU data between LiDAR frames!! (sub_mapping)
[2026-07-08 20:06:13.542] [submap] [warning] insufficient IMU data between LiDAR frames!! (sub_mapping)
[2026-07-08 20:06:13.586] [submap] [warning] insufficient IMU data between LiDAR frames!! (sub_mapping)
[2026-07-08 20:06:13.621] [submap] [warning] insufficient IMU data between LiDAR frames!! (sub_mapping)
[2026-07-08 20:06:13.626] [odom] [warning] IMU bias estimation seems inaccurate.
[2026-07-08 20:06:13.626] [odom] [warning] Possibly T_lidar_imu is not accurate or LiDAR-IMU synchronization is not correct.
[2026-07-08 20:06:13.626] [odom] [warning] IMU bias validation results:
[2026-07-08 20:06:13.626] [odom] [warning] num_bias_validations=24960
[2026-07-08 20:06:13.626] [odom] [warning] bias_acc=[0.348, -0.746, 0.030] m/s^2, bias_gyro=[-0.021, 0.001, 0.001] rad/s
[2026-07-08 20:06:13.626] [odom] [warning] acc_stat ax=0.387 +- 0.246 [min=-0.214, max=0.986], ay=-0.785 +- 0.323 [min=-1.421, max=0.031], az=0.055 +- 0.035 [min=-0.002, max=0.119] m/s^2
[2026-07-08 20:06:13.626] [odom] [warning] gyro_stat wx=-0.020 +- 0.000 [min=-0.021, max=-0.017], wy=-0.000 +- 0.001 [min=-0.004, max=0.002], wz=0.001 +- 0.000 [min=-0.001, max=0.002] rad/s
[2026-07-08 20:06:13.656] [submap] [warning] insufficient IMU data between LiDAR frames!! (sub_mapping)
[2026-07-08 20:06:13.735] [submap] [warning] insufficient IMU data between LiDAR frames!! (sub_mapping)
[2026-07-08 20:06:13.767] [global] [warning] insufficient IMU data between submaps (global_mapping)!!
[2026-07-08 20:06:13.806] [submap] [warning] insufficient IMU data between LiDAR frames!! (sub_mapping)
[2026-07-08 20:06:13.850] [submap] [warning] insufficient IMU data between LiDAR frames!! (sub_mapping)
[2026-07-08 20:06:13.891] [submap] [warning] insufficient IMU data between LiDAR frames!! (sub_mapping)
[2026-07-08 20:06:13.942] [submap] [warning] insufficient IMU data between LiDAR frames!! (sub_mapping)
[2026-07-08 20:06:14.027] [submap] [warning] insufficient IMU data between LiDAR frames!! (sub_mapping)
[2026-07-08 20:06:15.222] [odom] [warning] IMU prediction is not good.
[2026-07-08 20:06:15.222] [odom] [warning] Possibly T_lidar_imu is not accurate or IMU bias is not well estimated.
[2026-07-08 20:06:15.222] [odom] [warning] IMU validation results:
[2026-07-08 20:06:15.222] [odom] [warning] num_validations=24256
[2026-07-08 20:06:15.222] [odom] [warning] No-IMU errors rot=0.216 +- 0.275 deg, trans=0.026 +- 0.077 m, vel=0.029 +- 0.053 m/s
[2026-07-08 20:06:15.222] [odom] [warning] IMU errors rot=0.072 +- 0.062 deg, trans=0.028 +- 0.020 m, vel=0.082 +- 0.059 m/s
[2026-07-08 20:06:15.222] [odom] [warning] IMU better ratios rot=0.85, trans=0.06, vel=0.12
[2026-07-08 20:06:15.551] [odom] [warning] IMU bias estimation seems inaccurate.
[2026-07-08 20:06:15.551] [odom] [warning] Possibly T_lidar_imu is not accurate or LiDAR-IMU synchronization is not correct.
[2026-07-08 20:06:15.551] [odom] [warning] IMU bias validation results:
[2026-07-08 20:06:15.551] [odom] [warning] num_bias_validations=25024
[2026-07-08 20:06:15.551] [odom] [warning] bias_acc=[0.344, -0.738, 0.031] m/s^2, bias_gyro=[-0.020, -0.001, 0.001] rad/s
[2026-07-08 20:06:15.551] [odom] [warning] acc_stat ax=0.387 +- 0.246 [min=-0.214, max=0.986], ay=-0.785 +- 0.323 [min=-1.421, max=0.031], az=0.055 +- 0.035 [min=-0.002, max=0.119] m/s^2
[2026-07-08 20:06:15.551] [odom] [warning] gyro_stat wx=-0.020 +- 0.000 [min=-0.021, max=-0.017], wy=-0.000 +- 0.001 [min=-0.004, max=0.002], wz=0.001 +- 0.000 [min=-0.001, max=0.002] rad/s
[2026-07-08 20:06:15.885] [global] [warning] insufficient IMU data between submaps (global_mapping)!!
[2026-07-08 20:06:16.963] [odom] [warning] IMU prediction is not good.
[2026-07-08 20:06:16.963] [odom] [warning] Possibly T_lidar_imu is not accurate or IMU bias is not well estimated.
[2026-07-08 20:06:16.963] [odom] [warning] IMU validation results:
[2026-07-08 20:06:16.963] [odom] [warning] num_validations=24320
[2026-07-08 20:06:16.963] [odom] [warning] No-IMU errors rot=0.216 +- 0.275 deg, trans=0.026 +- 0.077 m, vel=0.029 +- 0.053 m/s
[2026-07-08 20:06:16.963] [odom] [warning] IMU errors rot=0.072 +- 0.062 deg, trans=0.028 +- 0.020 m, vel=0.082 +- 0.058 m/s
[2026-07-08 20:06:16.963] [odom] [warning] IMU better ratios rot=0.85, trans=0.06, vel=0.12
[2026-07-08 20:06:17.466] [glim] [info] playback speed: 2.901x
[2026-07-08 20:06:17.914] [odom] [warning] IMU bias estimation seems inaccurate.
[2026-07-08 20:06:17.914] [odom] [warning] Possibly T_lidar_imu is not accurate or LiDAR-IMU synchronization is not correct.
[2026-07-08 20:06:17.914] [odom] [warning] IMU bias validation results:
[2026-07-08 20:06:17.914] [odom] [warning] num_bias_validations=25088
[2026-07-08 20:06:17.914] [odom] [warning] bias_acc=[0.349, -0.728, 0.030] m/s^2, bias_gyro=[-0.020, -0.001, 0.001] rad/s
[2026-07-08 20:06:17.914] [odom] [warning] acc_stat ax=0.387 +- 0.245 [min=-0.214, max=0.986], ay=-0.785 +- 0.322 [min=-1.421, max=0.031], az=0.055 +- 0.035 [min=-0.002, max=0.119] m/s^2
[2026-07-08 20:06:17.914] [odom] [warning] gyro_stat wx=-0.020 +- 0.000 [min=-0.021, max=-0.017], wy=-0.000 +- 0.001 [min=-0.004, max=0.002], wz=0.001 +- 0.000 [min=-0.001, max=0.002] rad/s
[2026-07-08 20:06:19.247] [odom] [warning] IMU prediction is not good.
[2026-07-08 20:06:19.247] [odom] [warning] Possibly T_lidar_imu is not accurate or IMU bias is not well estimated.
[2026-07-08 20:06:19.247] [odom] [warning] IMU validation results:
[2026-07-08 20:06:19.247] [odom] [warning] num_validations=24384
[2026-07-08 20:06:19.247] [odom] [warning] No-IMU errors rot=0.216 +- 0.275 deg, trans=0.026 +- 0.077 m, vel=0.029 +- 0.053 m/s
[2026-07-08 20:06:19.247] [odom] [warning] IMU errors rot=0.072 +- 0.062 deg, trans=0.028 +- 0.020 m, vel=0.082 +- 0.058 m/s
[2026-07-08 20:06:19.247] [odom] [warning] IMU better ratios rot=0.85, trans=0.06, vel=0.12
[2026-07-08 20:06:20.865] [odom] [warning] IMU bias estimation seems inaccurate.
[2026-07-08 20:06:20.865] [odom] [warning] Possibly T_lidar_imu is not accurate or LiDAR-IMU synchronization is not correct.
[2026-07-08 20:06:20.865] [odom] [warning] IMU bias validation results:
[2026-07-08 20:06:20.865] [odom] [warning] num_bias_validations=25152
[2026-07-08 20:06:20.865] [odom] [warning] bias_acc=[0.355, -0.719, 0.030] m/s^2, bias_gyro=[-0.020, -0.001, 0.001] rad/s
[2026-07-08 20:06:20.865] [odom] [warning] acc_stat ax=0.387 +- 0.245 [min=-0.214, max=0.986], ay=-0.785 +- 0.322 [min=-1.421, max=0.031], az=0.054 +- 0.035 [min=-0.002, max=0.119] m/s^2
[2026-07-08 20:06:20.865] [odom] [warning] gyro_stat wx=-0.020 +- 0.000 [min=-0.021, max=-0.017], wy=-0.000 +- 0.001 [min=-0.004, max=0.002], wz=0.001 +- 0.000 [min=-0.001, max=0.002] rad/s
[2026-07-08 20:06:22.211] [odom] [warning] IMU prediction is not good.
[2026-07-08 20:06:22.211] [odom] [warning] Possibly T_lidar_imu is not accurate or IMU bias is not well estimated.
[2026-07-08 20:06:22.211] [odom] [warning] IMU validation results:
[2026-07-08 20:06:22.211] [odom] [warning] num_validations=24448
[2026-07-08 20:06:22.211] [odom] [warning] No-IMU errors rot=0.216 +- 0.274 deg, trans=0.026 +- 0.077 m, vel=0.029 +- 0.053 m/s
[2026-07-08 20:06:22.211] [odom] [warning] IMU errors rot=0.072 +- 0.062 deg, trans=0.028 +- 0.020 m, vel=0.082 +- 0.058 m/s
[2026-07-08 20:06:22.211] [odom] [warning] IMU better ratios rot=0.85, trans=0.06, vel=0.12
[2026-07-08 20:06:22.480] [glim] [info] playback speed: 2.852x
[2026-07-08 20:06:22.495] [odom] [warning] IMU bias estimation seems inaccurate.
[2026-07-08 20:06:22.495] [odom] [warning] Possibly T_lidar_imu is not accurate or LiDAR-IMU synchronization is not correct.
[2026-07-08 20:06:22.495] [odom] [warning] IMU bias validation results:
[2026-07-08 20:06:22.495] [odom] [warning] num_bias_validations=25216
[2026-07-08 20:06:22.495] [odom] [warning] bias_acc=[0.361, -0.708, 0.030] m/s^2, bias_gyro=[-0.020, -0.000, 0.001] rad/s
[2026-07-08 20:06:22.495] [odom] [warning] acc_stat ax=0.387 +- 0.245 [min=-0.214, max=0.986], ay=-0.785 +- 0.321 [min=-1.421, max=0.031], az=0.054 +- 0.035 [min=-0.002, max=0.119] m/s^2
[2026-07-08 20:06:22.495] [odom] [warning] gyro_stat wx=-0.020 +- 0.000 [min=-0.021, max=-0.017], wy=-0.000 +- 0.001 [min=-0.004, max=0.002], wz=0.001 +- 0.000 [min=-0.001, max=0.002] rad/s
[2026-07-08 20:06:23.438] [odom] [warning] IMU prediction is not good.
[2026-07-08 20:06:23.438] [odom] [warning] Possibly T_lidar_imu is not accurate or IMU bias is not well estimated.
[2026-07-08 20:06:23.438] [odom] [warning] IMU validation results:
[2026-07-08 20:06:23.438] [odom] [warning] num_validations=24512
[2026-07-08 20:06:23.438] [odom] [warning] No-IMU errors rot=0.216 +- 0.274 deg, trans=0.026 +- 0.077 m, vel=0.029 +- 0.053 m/s
[2026-07-08 20:06:23.438] [odom] [warning] IMU errors rot=0.072 +- 0.062 deg, trans=0.028 +- 0.020 m, vel=0.082 +- 0.058 m/s
[2026-07-08 20:06:23.438] [odom] [warning] IMU better ratios rot=0.85, trans=0.06, vel=0.12
[2026-07-08 20:06:24.868] [odom] [warning] IMU bias estimation seems inaccurate.
[2026-07-08 20:06:24.868] [odom] [warning] Possibly T_lidar_imu is not accurate or LiDAR-IMU synchronization is not correct.
[2026-07-08 20:06:24.868] [odom] [warning] IMU bias validation results:
[2026-07-08 20:06:24.868] [odom] [warning] num_bias_validations=25280
[2026-07-08 20:06:24.868] [odom] [warning] bias_acc=[0.361, -0.697, 0.030] m/s^2, bias_gyro=[-0.020, 0.000, 0.001] rad/s
[2026-07-08 20:06:24.868] [odom] [warning] acc_stat ax=0.387 +- 0.244 [min=-0.214, max=0.986], ay=-0.784 +- 0.321 [min=-1.421, max=0.031], az=0.054 +- 0.035 [min=-0.002, max=0.119] m/s^2
[2026-07-08 20:06:24.868] [odom] [warning] gyro_stat wx=-0.020 +- 0.000 [min=-0.021, max=-0.017], wy=-0.000 +- 0.001 [min=-0.004, max=0.002], wz=0.001 +- 0.000 [min=-0.001, max=0.002] rad/s
[2026-07-08 20:06:25.116] [odom] [warning] IMU prediction is not good.
[2026-07-08 20:06:25.116] [odom] [warning] Possibly T_lidar_imu is not accurate or IMU bias is not well estimated.
[2026-07-08 20:06:25.116] [odom] [warning] IMU validation results:
[2026-07-08 20:06:25.116] [odom] [warning] num_validations=24576
[2026-07-08 20:06:25.116] [odom] [warning] No-IMU errors rot=0.216 +- 0.274 deg, trans=0.026 +- 0.077 m, vel=0.029 +- 0.052 m/s
[2026-07-08 20:06:25.116] [odom] [warning] IMU errors rot=0.072 +- 0.062 deg, trans=0.028 +- 0.020 m, vel=0.082 +- 0.058 m/s
[2026-07-08 20:06:25.116] [odom] [warning] IMU better ratios rot=0.85, trans=0.06, vel=0.12
[2026-07-08 20:06:25.855] [odom] [warning] IMU bias estimation seems inaccurate.
[2026-07-08 20:06:25.855] [odom] [warning] Possibly T_lidar_imu is not accurate or LiDAR-IMU synchronization is not correct.
[2026-07-08 20:06:25.855] [odom] [warning] IMU bias validation results:
[2026-07-08 20:06:25.855] [odom] [warning] num_bias_validations=25344
[2026-07-08 20:06:25.855] [odom] [warning] bias_acc=[0.362, -0.690, 0.031] m/s^2, bias_gyro=[-0.020, -0.000, 0.001] rad/s
[2026-07-08 20:06:25.855] [odom] [warning] acc_stat ax=0.387 +- 0.244 [min=-0.214, max=0.986], ay=-0.784 +- 0.321 [min=-1.421, max=0.031], az=0.054 +- 0.035 [min=-0.002, max=0.119] m/s^2
[2026-07-08 20:06:25.855] [odom] [warning] gyro_stat wx=-0.020 +- 0.000 [min=-0.021, max=-0.017], wy=-0.000 +- 0.001 [min=-0.004, max=0.002], wz=0.001 +- 0.000 [min=-0.001, max=0.002] rad/s
[2026-07-08 20:06:27.108] [odom] [warning] IMU prediction is not good.
[2026-07-08 20:06:27.108] [odom] [warning] Possibly T_lidar_imu is not accurate or IMU bias is not well estimated.
[2026-07-08 20:06:27.108] [odom] [warning] IMU validation results:
[2026-07-08 20:06:27.108] [odom] [warning] num_validations=24640
[2026-07-08 20:06:27.108] [odom] [warning] No-IMU errors rot=0.216 +- 0.274 deg, trans=0.026 +- 0.076 m, vel=0.029 +- 0.052 m/s
[2026-07-08 20:06:27.108] [odom] [warning] IMU errors rot=0.072 +- 0.062 deg, trans=0.028 +- 0.020 m, vel=0.082 +- 0.058 m/s
[2026-07-08 20:06:27.108] [odom] [warning] IMU better ratios rot=0.85, trans=0.06, vel=0.12
[2026-07-08 20:06:27.486] [glim] [info] playback speed: 3.587x
[2026-07-08 20:06:28.154] [odom] [warning] IMU bias estimation seems inaccurate.
[2026-07-08 20:06:28.154] [odom] [warning] Possibly T_lidar_imu is not accurate or LiDAR-IMU synchronization is not correct.
[2026-07-08 20:06:28.154] [odom] [warning] IMU bias validation results:
[2026-07-08 20:06:28.154] [odom] [warning] num_bias_validations=25408
[2026-07-08 20:06:28.154] [odom] [warning] bias_acc=[0.367, -0.682, 0.031] m/s^2, bias_gyro=[-0.020, -0.001, 0.001] rad/s
[2026-07-08 20:06:28.154] [odom] [warning] acc_stat ax=0.387 +- 0.244 [min=-0.214, max=0.986], ay=-0.784 +- 0.320 [min=-1.421, max=0.031], az=0.054 +- 0.035 [min=-0.002, max=0.119] m/s^2
[2026-07-08 20:06:28.154] [odom] [warning] gyro_stat wx=-0.020 +- 0.000 [min=-0.021, max=-0.017], wy=-0.000 +- 0.001 [min=-0.004, max=0.002], wz=0.001 +- 0.000 [min=-0.001, max=0.002] rad/s
[2026-07-08 20:06:28.432] [odom] [warning] IMU prediction is not good.
[2026-07-08 20:06:28.432] [odom] [warning] Possibly T_lidar_imu is not accurate or IMU bias is not well estimated.
[2026-07-08 20:06:28.432] [odom] [warning] IMU validation results:
[2026-07-08 20:06:28.432] [odom] [warning] num_validations=24704
[2026-07-08 20:06:28.432] [odom] [warning] No-IMU errors rot=0.216 +- 0.273 deg, trans=0.026 +- 0.076 m, vel=0.029 +- 0.052 m/s
[2026-07-08 20:06:28.432] [odom] [warning] IMU errors rot=0.071 +- 0.062 deg, trans=0.028 +- 0.020 m, vel=0.082 +- 0.058 m/s
[2026-07-08 20:06:28.432] [odom] [warning] IMU better ratios rot=0.85, trans=0.06, vel=0.12
[2026-07-08 20:06:29.272] [odom] [warning] IMU bias estimation seems inaccurate.
[2026-07-08 20:06:29.272] [odom] [warning] Possibly T_lidar_imu is not accurate or LiDAR-IMU synchronization is not correct.
[2026-07-08 20:06:29.272] [odom] [warning] IMU bias validation results:
[2026-07-08 20:06:29.272] [odom] [warning] num_bias_validations=25472
[2026-07-08 20:06:29.272] [odom] [warning] bias_acc=[0.373, -0.673, 0.031] m/s^2, bias_gyro=[-0.020, -0.001, 0.001] rad/s
[2026-07-08 20:06:29.272] [odom] [warning] acc_stat ax=0.387 +- 0.243 [min=-0.214, max=0.986], ay=-0.784 +- 0.320 [min=-1.421, max=0.031], az=0.054 +- 0.035 [min=-0.002, max=0.119] m/s^2
[2026-07-08 20:06:29.272] [odom] [warning] gyro_stat wx=-0.020 +- 0.000 [min=-0.021, max=-0.017], wy=-0.000 +- 0.001 [min=-0.004, max=0.002], wz=0.001 +- 0.000 [min=-0.001, max=0.002] rad/s
[2026-07-08 20:06:30.616] [odom] [warning] IMU prediction is not good.
[2026-07-08 20:06:30.616] [odom] [warning] Possibly T_lidar_imu is not accurate or IMU bias is not well estimated.
[2026-07-08 20:06:30.616] [odom] [warning] IMU validation results:
[2026-07-08 20:06:30.616] [odom] [warning] num_validations=24768
[2026-07-08 20:06:30.616] [odom] [warning] No-IMU errors rot=0.215 +- 0.273 deg, trans=0.025 +- 0.076 m, vel=0.029 +- 0.052 m/s
[2026-07-08 20:06:30.616] [odom] [warning] IMU errors rot=0.071 +- 0.062 deg, trans=0.028 +- 0.020 m, vel=0.082 +- 0.058 m/s
[2026-07-08 20:06:30.616] [odom] [warning] IMU better ratios rot=0.85, trans=0.06, vel=0.12
[2026-07-08 20:06:30.877] [odom] [warning] IMU bias estimation seems inaccurate.
[2026-07-08 20:06:30.877] [odom] [warning] Possibly T_lidar_imu is not accurate or LiDAR-IMU synchronization is not correct.
[2026-07-08 20:06:30.877] [odom] [warning] IMU bias validation results:
[2026-07-08 20:06:30.877] [odom] [warning] num_bias_validations=25536
[2026-07-08 20:06:30.877] [odom] [warning] bias_acc=[0.380, -0.665, 0.031] m/s^2, bias_gyro=[-0.020, -0.001, 0.001] rad/s
[2026-07-08 20:06:30.877] [odom] [warning] acc_stat ax=0.387 +- 0.243 [min=-0.214, max=0.986], ay=-0.783 +- 0.320 [min=-1.421, max=0.031], az=0.054 +- 0.035 [min=-0.002, max=0.119] m/s^2
[2026-07-08 20:06:30.877] [odom] [warning] gyro_stat wx=-0.020 +- 0.000 [min=-0.021, max=-0.017], wy=-0.000 +- 0.001 [min=-0.004, max=0.002], wz=0.001 +- 0.000 [min=-0.001, max=0.002] rad/s
[2026-07-08 20:06:31.706] [odom] [warning] IMU prediction is not good.
[2026-07-08 20:06:31.706] [odom] [warning] Possibly T_lidar_imu is not accurate or IMU bias is not well estimated.
[2026-07-08 20:06:31.706] [odom] [warning] IMU validation results:
[2026-07-08 20:06:31.706] [odom] [warning] num_validations=24832
[2026-07-08 20:06:31.706] [odom] [warning] No-IMU errors rot=0.215 +- 0.273 deg, trans=0.025 +- 0.076 m, vel=0.029 +- 0.052 m/s
[2026-07-08 20:06:31.706] [odom] [warning] IMU errors rot=0.071 +- 0.062 deg, trans=0.028 +- 0.020 m, vel=0.082 +- 0.058 m/s
[2026-07-08 20:06:31.706] [odom] [warning] IMU better ratios rot=0.85, trans=0.06, vel=0.12
[2026-07-08 20:06:32.533] [glim] [info] playback speed: 3.999x
[2026-07-08 20:06:33.386] [odom] [warning] IMU bias estimation seems inaccurate.
[2026-07-08 20:06:33.386] [odom] [warning] Possibly T_lidar_imu is not accurate or LiDAR-IMU synchronization is not correct.
[2026-07-08 20:06:33.386] [odom] [warning] IMU bias validation results:
[2026-07-08 20:06:33.386] [odom] [warning] num_bias_validations=25600
[2026-07-08 20:06:33.386] [odom] [warning] bias_acc=[0.387, -0.658, 0.031] m/s^2, bias_gyro=[-0.020, -0.000, 0.001] rad/s
[2026-07-08 20:06:33.386] [odom] [warning] acc_stat ax=0.387 +- 0.243 [min=-0.214, max=0.986], ay=-0.783 +- 0.319 [min=-1.421, max=0.031], az=0.054 +- 0.035 [min=-0.002, max=0.119] m/s^2
[2026-07-08 20:06:33.386] [odom] [warning] gyro_stat wx=-0.020 +- 0.000 [min=-0.021, max=-0.017], wy=-0.000 +- 0.001 [min=-0.004, max=0.002], wz=0.001 +- 0.000 [min=-0.001, max=0.002] rad/s
[2026-07-08 20:06:33.475] [glim] [warning] large time gap between consecutive LiDAR frames!!
[2026-07-08 20:06:33.475] [glim] [warning] current=1783506968.176514 last=1783506951.439444 diff=16.737070
[2026-07-08 20:06:33.490] [glim] [warning] large time gap between consecutive IMU data!!
[2026-07-08 20:06:33.490] [glim] [warning] current=1783506968.347746 last=1783506951.598913 diff=16.748833
local_index: -1, data.size(): 1, total_size: 25618
terminate called after throwing an instance of 'std::out_of_range'
  what():  IndexedSlidingWindow: index out of range
[ros2run]: Aborted
real 893.06
user 1900.79
sys 56.54
==> GLIM end 2026-07-08T11:06:33Z
