==> GLIM start 2026-07-08T08:16:18Z
[2026-07-08 17:16:18.514] [glim] [info] config_path: /home/systemlab/whill_lab0_ros2/docs/m5r-bench-data/2026-07-08-campus-demo/glim-out/config/
[2026-07-08 17:16:18.515] [glim] [info] load libodometry_estimation_gpu.so
[2026-07-08 17:16:20.584] [glim] [info] load libsub_mapping.so
[2026-07-08 17:16:20.584] [glim] [info] load libglobal_mapping.so
[2026-07-08 17:16:20.585] [glim] [info] load libmemory_monitor.so
[2026-07-08 17:16:20.586] [glim] [info] load libstandard_viewer.so
[2026-07-08 17:16:20.721] [glim] [info] load librviz_viewer.so
[2026-07-08 17:16:20.736] [glim] [info] topics:
[2026-07-08 17:16:20.736] [glim] [info] - /imu/data_rep145
[2026-07-08 17:16:20.736] [glim] [info] - /velodyne_points
[2026-07-08 17:16:20.736] [glim] [info] - /image
[2026-07-08 17:16:20.736] [glim] [info] bag_filenames:
[2026-07-08 17:16:20.736] [glim] [info] - /home/systemlab/whill_lab0_ros2/docs/m5r-bench-data/2026-07-08-campus-demo/bag
[2026-07-08 17:16:20.736] [glim] [warning] param glim_ros/playback_speed not found
[2026-07-08 17:16:20.736] [glim] [warning] use default_value=100
[2026-07-08 17:16:20.736] [glim] [info] opening /home/systemlab/whill_lab0_ros2/docs/m5r-bench-data/2026-07-08-campus-demo/bag
[2026-07-08 17:16:20.736] [glim] [info] detected storage_id=sqlite3 from metadata.yaml
[INFO] [1783498580.741080915] [rosbag2_storage]: Opened database '/home/systemlab/whill_lab0_ros2/docs/m5r-bench-data/2026-07-08-campus-demo/bag/bag_0.db3' for READ_ONLY.
[2026-07-08 17:16:20.745] [glim] [warning] negative per-point timestamp is found!! min=-0.100184 max=0.001306
[2026-07-08 17:16:20.745] [glim] [warning] add an offset to the frame timestamp to make per-point ones positive!!
[2026-07-08 17:16:20.889] [odom] [info] estimate initial IMU state
Initial error: 12239.7, values: 33
iter      cost      cost_change    lambda  success iter_time
   0      50.6971      1.2e+04      1e-05      1    0.00027
   1        0.095           51      1e-06      1    0.00021
   2        0.095      0.00023      1e-07      1    0.00019
   3        0.095     -4.4e-10      1e-08      1    0.00021
[2026-07-08 17:16:20.891] [odom] [info] initial IMU state estimation result
[2026-07-08 17:16:20.891] [odom] [info] T_world_imu=se3(0.000794,0.000060,-0.000300,-0.045774,-0.069145,-0.003194,0.996551)
[2026-07-08 17:16:20.891] [odom] [info] v_world_imu=vec(-0.005436,0.005533,0.052656)
[2026-07-08 17:16:20.891] [odom] [info] imu_bias=vec(0.000338,0.000098,0.001784,-0.003888,0.000215,0.000260)
[2026-07-08 17:16:20.901] [rviz] [info] auto-detected IMU frame ID: imu_link
[2026-07-08 17:16:20.901] [rviz] [info] auto-detected LiDAR frame ID: velodyne
[2026-07-08 17:16:20.901] [rviz] [info] base_frame_id is not set. using IMU frame ID 'imu_link' as base frame ID.
[2026-07-08 17:16:23.486] [odom] [warning] IMU prediction is not good.
[2026-07-08 17:16:23.486] [odom] [warning] Possibly T_lidar_imu is not accurate or IMU bias is not well estimated.
[2026-07-08 17:16:23.486] [odom] [warning] IMU validation results:
[2026-07-08 17:16:23.486] [odom] [warning] num_validations=64
[2026-07-08 17:16:23.487] [odom] [warning] No-IMU errors rot=0.281 +- 0.320 deg, trans=0.009 +- 0.008 m, vel=0.048 +- 0.037 m/s
[2026-07-08 17:16:23.487] [odom] [warning] IMU errors rot=0.132 +- 0.123 deg, trans=0.009 +- 0.007 m, vel=0.032 +- 0.027 m/s
[2026-07-08 17:16:23.487] [odom] [warning] IMU better ratios rot=0.84, trans=0.39, vel=0.70
[2026-07-08 17:16:24.216] [odom] [warning] IMU prediction is not good.
[2026-07-08 17:16:24.216] [odom] [warning] Possibly T_lidar_imu is not accurate or IMU bias is not well estimated.
[2026-07-08 17:16:24.216] [odom] [warning] IMU validation results:
[2026-07-08 17:16:24.216] [odom] [warning] num_validations=128
[2026-07-08 17:16:24.216] [odom] [warning] No-IMU errors rot=0.219 +- 0.257 deg, trans=0.008 +- 0.006 m, vel=0.038 +- 0.036 m/s
[2026-07-08 17:16:24.216] [odom] [warning] IMU errors rot=0.094 +- 0.099 deg, trans=0.008 +- 0.006 m, vel=0.028 +- 0.021 m/s
[2026-07-08 17:16:24.216] [odom] [warning] IMU better ratios rot=0.86, trans=0.27, vel=0.55
[2026-07-08 17:16:24.996] [odom] [warning] IMU prediction is not good.
[2026-07-08 17:16:24.996] [odom] [warning] Possibly T_lidar_imu is not accurate or IMU bias is not well estimated.
[2026-07-08 17:16:24.996] [odom] [warning] IMU validation results:
[2026-07-08 17:16:24.996] [odom] [warning] num_validations=192
[2026-07-08 17:16:24.996] [odom] [warning] No-IMU errors rot=0.202 +- 0.224 deg, trans=0.008 +- 0.005 m, vel=0.032 +- 0.031 m/s
[2026-07-08 17:16:24.996] [odom] [warning] IMU errors rot=0.082 +- 0.085 deg, trans=0.008 +- 0.005 m, vel=0.026 +- 0.018 m/s
[2026-07-08 17:16:24.996] [odom] [warning] IMU better ratios rot=0.87, trans=0.23, vel=0.53
[2026-07-08 17:16:25.787] [odom] [warning] IMU prediction is not good.
[2026-07-08 17:16:25.787] [odom] [warning] Possibly T_lidar_imu is not accurate or IMU bias is not well estimated.
[2026-07-08 17:16:25.787] [odom] [warning] IMU validation results:
[2026-07-08 17:16:25.787] [odom] [warning] num_validations=256
[2026-07-08 17:16:25.787] [odom] [warning] No-IMU errors rot=0.186 +- 0.207 deg, trans=0.008 +- 0.005 m, vel=0.031 +- 0.030 m/s
[2026-07-08 17:16:25.787] [odom] [warning] IMU errors rot=0.075 +- 0.079 deg, trans=0.008 +- 0.005 m, vel=0.025 +- 0.018 m/s
[2026-07-08 17:16:25.787] [odom] [warning] IMU better ratios rot=0.88, trans=0.24, vel=0.53
[2026-07-08 17:16:26.973] [odom] [warning] IMU prediction is not good.
[2026-07-08 17:16:26.973] [odom] [warning] Possibly T_lidar_imu is not accurate or IMU bias is not well estimated.
[2026-07-08 17:16:26.973] [odom] [warning] IMU validation results:
[2026-07-08 17:16:26.973] [odom] [warning] num_validations=320
[2026-07-08 17:16:26.973] [odom] [warning] No-IMU errors rot=0.190 +- 0.196 deg, trans=0.008 +- 0.005 m, vel=0.033 +- 0.030 m/s
[2026-07-08 17:16:26.973] [odom] [warning] IMU errors rot=0.079 +- 0.074 deg, trans=0.008 +- 0.005 m, vel=0.026 +- 0.017 m/s
[2026-07-08 17:16:26.973] [odom] [warning] IMU better ratios rot=0.89, trans=0.26, vel=0.53
[2026-07-08 17:16:28.422] [odom] [warning] IMU prediction is not good.
[2026-07-08 17:16:28.422] [odom] [warning] Possibly T_lidar_imu is not accurate or IMU bias is not well estimated.
[2026-07-08 17:16:28.422] [odom] [warning] IMU validation results:
[2026-07-08 17:16:28.422] [odom] [warning] num_validations=384
[2026-07-08 17:16:28.422] [odom] [warning] No-IMU errors rot=0.371 +- 0.676 deg, trans=0.011 +- 0.010 m, vel=0.034 +- 0.029 m/s
[2026-07-08 17:16:28.422] [odom] [warning] IMU errors rot=0.097 +- 0.093 deg, trans=0.013 +- 0.012 m, vel=0.041 +- 0.042 m/s
[2026-07-08 17:16:28.422] [odom] [warning] IMU better ratios rot=0.90, trans=0.22, vel=0.46
[2026-07-08 17:16:30.257] [odom] [warning] IMU prediction is not good.
[2026-07-08 17:16:30.257] [odom] [warning] Possibly T_lidar_imu is not accurate or IMU bias is not well estimated.
[2026-07-08 17:16:30.257] [odom] [warning] IMU validation results:
[2026-07-08 17:16:30.257] [odom] [warning] num_validations=448
[2026-07-08 17:16:30.257] [odom] [warning] No-IMU errors rot=0.340 +- 0.632 deg, trans=0.016 +- 0.015 m, vel=0.033 +- 0.028 m/s
[2026-07-08 17:16:30.257] [odom] [warning] IMU errors rot=0.092 +- 0.088 deg, trans=0.018 +- 0.018 m, vel=0.056 +- 0.052 m/s
[2026-07-08 17:16:30.257] [odom] [warning] IMU better ratios rot=0.90, trans=0.19, vel=0.39
[2026-07-08 17:16:30.755] [glim] [info] playback speed: 5.255x
[2026-07-08 17:16:31.355] [odom] [warning] IMU prediction is not good.
[2026-07-08 17:16:31.355] [odom] [warning] Possibly T_lidar_imu is not accurate or IMU bias is not well estimated.
[2026-07-08 17:16:31.355] [odom] [warning] IMU validation results:
[2026-07-08 17:16:31.355] [odom] [warning] num_validations=512
[2026-07-08 17:16:31.355] [odom] [warning] No-IMU errors rot=0.316 +- 0.595 deg, trans=0.020 +- 0.018 m, vel=0.032 +- 0.027 m/s
[2026-07-08 17:16:31.355] [odom] [warning] IMU errors rot=0.090 +- 0.084 deg, trans=0.023 +- 0.021 m, vel=0.065 +- 0.055 m/s
[2026-07-08 17:16:31.355] [odom] [warning] IMU better ratios rot=0.88, trans=0.17, vel=0.34
[2026-07-08 17:16:33.084] [odom] [warning] IMU prediction is not good.
[2026-07-08 17:16:33.084] [odom] [warning] Possibly T_lidar_imu is not accurate or IMU bias is not well estimated.
[2026-07-08 17:16:33.084] [odom] [warning] IMU validation results:
[2026-07-08 17:16:33.084] [odom] [warning] num_validations=576
[2026-07-08 17:16:33.084] [odom] [warning] No-IMU errors rot=0.295 +- 0.565 deg, trans=0.024 +- 0.021 m, vel=0.032 +- 0.026 m/s
[2026-07-08 17:16:33.084] [odom] [warning] IMU errors rot=0.087 +- 0.080 deg, trans=0.027 +- 0.023 m, vel=0.072 +- 0.055 m/s
[2026-07-08 17:16:33.084] [odom] [warning] IMU better ratios rot=0.87, trans=0.15, vel=0.30
[2026-07-08 17:16:34.595] [odom] [warning] IMU prediction is not good.
[2026-07-08 17:16:34.595] [odom] [warning] Possibly T_lidar_imu is not accurate or IMU bias is not well estimated.
[2026-07-08 17:16:34.595] [odom] [warning] IMU validation results:
[2026-07-08 17:16:34.595] [odom] [warning] num_validations=640
[2026-07-08 17:16:34.595] [odom] [warning] No-IMU errors rot=0.277 +- 0.539 deg, trans=0.026 +- 0.021 m, vel=0.031 +- 0.025 m/s
[2026-07-08 17:16:34.595] [odom] [warning] IMU errors rot=0.083 +- 0.078 deg, trans=0.029 +- 0.023 m, vel=0.075 +- 0.054 m/s
[2026-07-08 17:16:34.595] [odom] [warning] IMU better ratios rot=0.87, trans=0.13, vel=0.27
[2026-07-08 17:16:35.766] [glim] [info] playback speed: 3.685x
[2026-07-08 17:16:37.059] [odom] [warning] IMU prediction is not good.
[2026-07-08 17:16:37.059] [odom] [warning] Possibly T_lidar_imu is not accurate or IMU bias is not well estimated.
[2026-07-08 17:16:37.059] [odom] [warning] IMU validation results:
[2026-07-08 17:16:37.059] [odom] [warning] num_validations=704
[2026-07-08 17:16:37.059] [odom] [warning] No-IMU errors rot=0.263 +- 0.517 deg, trans=0.028 +- 0.020 m, vel=0.030 +- 0.024 m/s
[2026-07-08 17:16:37.059] [odom] [warning] IMU errors rot=0.080 +- 0.075 deg, trans=0.031 +- 0.023 m, vel=0.078 +- 0.052 m/s
[2026-07-08 17:16:37.059] [odom] [warning] IMU better ratios rot=0.87, trans=0.12, vel=0.25
[2026-07-08 17:16:38.312] [odom] [warning] IMU prediction is not good.
[2026-07-08 17:16:38.312] [odom] [warning] Possibly T_lidar_imu is not accurate or IMU bias is not well estimated.
[2026-07-08 17:16:38.312] [odom] [warning] IMU validation results:
[2026-07-08 17:16:38.312] [odom] [warning] num_validations=768
[2026-07-08 17:16:38.312] [odom] [warning] No-IMU errors rot=0.252 +- 0.496 deg, trans=0.030 +- 0.020 m, vel=0.029 +- 0.023 m/s
[2026-07-08 17:16:38.312] [odom] [warning] IMU errors rot=0.077 +- 0.073 deg, trans=0.033 +- 0.023 m, vel=0.081 +- 0.051 m/s
[2026-07-08 17:16:38.312] [odom] [warning] IMU better ratios rot=0.88, trans=0.11, vel=0.23
[2026-07-08 17:16:40.058] [odom] [warning] IMU prediction is not good.
[2026-07-08 17:16:40.058] [odom] [warning] Possibly T_lidar_imu is not accurate or IMU bias is not well estimated.
[2026-07-08 17:16:40.058] [odom] [warning] IMU validation results:
[2026-07-08 17:16:40.058] [odom] [warning] num_validations=832
[2026-07-08 17:16:40.058] [odom] [warning] No-IMU errors rot=0.247 +- 0.479 deg, trans=0.030 +- 0.020 m, vel=0.029 +- 0.023 m/s
[2026-07-08 17:16:40.058] [odom] [warning] IMU errors rot=0.075 +- 0.071 deg, trans=0.034 +- 0.022 m, vel=0.083 +- 0.049 m/s
[2026-07-08 17:16:40.058] [odom] [warning] IMU better ratios rot=0.88, trans=0.10, vel=0.21
[2026-07-08 17:16:40.784] [glim] [info] playback speed: 4.144x
[2026-07-08 17:16:41.551] [odom] [warning] IMU prediction is not good.
[2026-07-08 17:16:41.551] [odom] [warning] Possibly T_lidar_imu is not accurate or IMU bias is not well estimated.
[2026-07-08 17:16:41.551] [odom] [warning] IMU validation results:
[2026-07-08 17:16:41.551] [odom] [warning] num_validations=896
[2026-07-08 17:16:41.551] [odom] [warning] No-IMU errors rot=0.239 +- 0.463 deg, trans=0.031 +- 0.019 m, vel=0.028 +- 0.022 m/s
[2026-07-08 17:16:41.551] [odom] [warning] IMU errors rot=0.073 +- 0.069 deg, trans=0.034 +- 0.022 m, vel=0.083 +- 0.048 m/s
[2026-07-08 17:16:41.551] [odom] [warning] IMU better ratios rot=0.89, trans=0.10, vel=0.20
[2026-07-08 17:16:42.622] [odom] [warning] IMU prediction is not good.
[2026-07-08 17:16:42.622] [odom] [warning] Possibly T_lidar_imu is not accurate or IMU bias is not well estimated.
[2026-07-08 17:16:42.622] [odom] [warning] IMU validation results:
[2026-07-08 17:16:42.622] [odom] [warning] num_validations=960
[2026-07-08 17:16:42.622] [odom] [warning] No-IMU errors rot=0.234 +- 0.448 deg, trans=0.031 +- 0.019 m, vel=0.028 +- 0.022 m/s
[2026-07-08 17:16:42.622] [odom] [warning] IMU errors rot=0.071 +- 0.067 deg, trans=0.034 +- 0.021 m, vel=0.083 +- 0.046 m/s
[2026-07-08 17:16:42.622] [odom] [warning] IMU better ratios rot=0.89, trans=0.09, vel=0.18
[2026-07-08 17:16:45.593] [odom] [warning] IMU prediction is not good.
[2026-07-08 17:16:45.593] [odom] [warning] Possibly T_lidar_imu is not accurate or IMU bias is not well estimated.
[2026-07-08 17:16:45.593] [odom] [warning] IMU validation results:
[2026-07-08 17:16:45.593] [odom] [warning] num_validations=1024
[2026-07-08 17:16:45.593] [odom] [warning] No-IMU errors rot=0.227 +- 0.435 deg, trans=0.031 +- 0.018 m, vel=0.027 +- 0.021 m/s
[2026-07-08 17:16:45.593] [odom] [warning] IMU errors rot=0.070 +- 0.065 deg, trans=0.035 +- 0.020 m, vel=0.084 +- 0.045 m/s
[2026-07-08 17:16:45.593] [odom] [warning] IMU better ratios rot=0.90, trans=0.08, vel=0.17
[2026-07-08 17:16:45.785] [glim] [info] playback speed: 3.143x
[2026-07-08 17:16:45.914] [odom] [warning] IMU bias estimation seems inaccurate.
[2026-07-08 17:16:45.914] [odom] [warning] Possibly T_lidar_imu is not accurate or LiDAR-IMU synchronization is not correct.
[2026-07-08 17:16:45.914] [odom] [warning] IMU bias validation results:
[2026-07-08 17:16:45.914] [odom] [warning] num_bias_validations=1344
[2026-07-08 17:16:45.914] [odom] [warning] bias_acc=[0.517, -0.166, 0.037] m/s^2, bias_gyro=[-0.019, 0.000, 0.001] rad/s
[2026-07-08 17:16:45.914] [odom] [warning] acc_stat ax=0.171 +- 0.188 [min=-0.006, max=0.517], ay=-0.040 +- 0.064 [min=-0.166, max=0.022], az=0.042 +- 0.012 [min=0.012, max=0.060] m/s^2
[2026-07-08 17:16:45.914] [odom] [warning] gyro_stat wx=-0.018 +- 0.001 [min=-0.019, max=-0.016], wy=0.000 +- 0.001 [min=-0.003, max=0.002], wz=0.001 +- 0.000 [min=0.001, max=0.001] rad/s
[2026-07-08 17:16:46.670] [odom] [warning] IMU prediction is not good.
[2026-07-08 17:16:46.670] [odom] [warning] Possibly T_lidar_imu is not accurate or IMU bias is not well estimated.
[2026-07-08 17:16:46.670] [odom] [warning] IMU validation results:
[2026-07-08 17:16:46.670] [odom] [warning] num_validations=1088
[2026-07-08 17:16:46.670] [odom] [warning] No-IMU errors rot=0.220 +- 0.423 deg, trans=0.031 +- 0.018 m, vel=0.027 +- 0.021 m/s
[2026-07-08 17:16:46.670] [odom] [warning] IMU errors rot=0.068 +- 0.064 deg, trans=0.035 +- 0.020 m, vel=0.084 +- 0.043 m/s
[2026-07-08 17:16:46.670] [odom] [warning] IMU better ratios rot=0.89, trans=0.08, vel=0.16
[2026-07-08 17:16:47.047] [odom] [warning] IMU bias estimation seems inaccurate.
[2026-07-08 17:16:47.047] [odom] [warning] Possibly T_lidar_imu is not accurate or LiDAR-IMU synchronization is not correct.
[2026-07-08 17:16:47.047] [odom] [warning] IMU bias validation results:
[2026-07-08 17:16:47.047] [odom] [warning] num_bias_validations=1408
[2026-07-08 17:16:47.047] [odom] [warning] bias_acc=[0.546, -0.177, 0.035] m/s^2, bias_gyro=[-0.019, 0.001, 0.001] rad/s
[2026-07-08 17:16:47.047] [odom] [warning] acc_stat ax=0.188 +- 0.200 [min=-0.006, max=0.546], ay=-0.046 +- 0.068 [min=-0.177, max=0.022], az=0.042 +- 0.012 [min=0.012, max=0.060] m/s^2
[2026-07-08 17:16:47.047] [odom] [warning] gyro_stat wx=-0.018 +- 0.001 [min=-0.019, max=-0.016], wy=0.000 +- 0.001 [min=-0.003, max=0.002], wz=0.001 +- 0.000 [min=0.001, max=0.001] rad/s
[2026-07-08 17:16:48.864] [odom] [warning] IMU prediction is not good.
[2026-07-08 17:16:48.864] [odom] [warning] Possibly T_lidar_imu is not accurate or IMU bias is not well estimated.
[2026-07-08 17:16:48.864] [odom] [warning] IMU validation results:
[2026-07-08 17:16:48.864] [odom] [warning] num_validations=1152
[2026-07-08 17:16:48.864] [odom] [warning] No-IMU errors rot=0.214 +- 0.412 deg, trans=0.030 +- 0.017 m, vel=0.026 +- 0.020 m/s
[2026-07-08 17:16:48.864] [odom] [warning] IMU errors rot=0.066 +- 0.063 deg, trans=0.034 +- 0.019 m, vel=0.084 +- 0.042 m/s
[2026-07-08 17:16:48.864] [odom] [warning] IMU better ratios rot=0.89, trans=0.07, vel=0.15
[2026-07-08 17:16:49.247] [odom] [warning] IMU bias estimation seems inaccurate.
[2026-07-08 17:16:49.247] [odom] [warning] Possibly T_lidar_imu is not accurate or LiDAR-IMU synchronization is not correct.
[2026-07-08 17:16:49.247] [odom] [warning] IMU bias validation results:
[2026-07-08 17:16:49.247] [odom] [warning] num_bias_validations=1472
[2026-07-08 17:16:49.247] [odom] [warning] bias_acc=[0.572, -0.189, 0.034] m/s^2, bias_gyro=[-0.019, 0.001, 0.001] rad/s
[2026-07-08 17:16:49.247] [odom] [warning] acc_stat ax=0.205 +- 0.210 [min=-0.006, max=0.572], ay=-0.053 +- 0.073 [min=-0.189, max=0.022], az=0.042 +- 0.012 [min=0.012, max=0.060] m/s^2
[2026-07-08 17:16:49.247] [odom] [warning] gyro_stat wx=-0.018 +- 0.001 [min=-0.019, max=-0.016], wy=0.000 +- 0.001 [min=-0.003, max=0.002], wz=0.001 +- 0.000 [min=0.001, max=0.001] rad/s
[2026-07-08 17:16:50.759] [odom] [warning] IMU prediction is not good.
[2026-07-08 17:16:50.759] [odom] [warning] Possibly T_lidar_imu is not accurate or IMU bias is not well estimated.
[2026-07-08 17:16:50.759] [odom] [warning] IMU validation results:
[2026-07-08 17:16:50.759] [odom] [warning] num_validations=1216
[2026-07-08 17:16:50.759] [odom] [warning] No-IMU errors rot=0.211 +- 0.403 deg, trans=0.030 +- 0.017 m, vel=0.026 +- 0.020 m/s
[2026-07-08 17:16:50.759] [odom] [warning] IMU errors rot=0.066 +- 0.061 deg, trans=0.034 +- 0.019 m, vel=0.083 +- 0.041 m/s
[2026-07-08 17:16:50.759] [odom] [warning] IMU better ratios rot=0.90, trans=0.07, vel=0.14
[2026-07-08 17:16:50.790] [glim] [info] playback speed: 3.771x
[2026-07-08 17:16:51.160] [odom] [warning] IMU bias estimation seems inaccurate.
[2026-07-08 17:16:51.160] [odom] [warning] Possibly T_lidar_imu is not accurate or LiDAR-IMU synchronization is not correct.
[2026-07-08 17:16:51.160] [odom] [warning] IMU bias validation results:
[2026-07-08 17:16:51.160] [odom] [warning] num_bias_validations=1536
[2026-07-08 17:16:51.160] [odom] [warning] bias_acc=[0.595, -0.200, 0.033] m/s^2, bias_gyro=[-0.019, 0.001, 0.001] rad/s
[2026-07-08 17:16:51.160] [odom] [warning] acc_stat ax=0.221 +- 0.220 [min=-0.006, max=0.595], ay=-0.059 +- 0.077 [min=-0.200, max=0.022], az=0.041 +- 0.011 [min=0.012, max=0.060] m/s^2
[2026-07-08 17:16:51.160] [odom] [warning] gyro_stat wx=-0.018 +- 0.001 [min=-0.019, max=-0.016], wy=0.000 +- 0.001 [min=-0.003, max=0.002], wz=0.001 +- 0.000 [min=0.001, max=0.001] rad/s
[2026-07-08 17:16:52.189] [odom] [warning] IMU prediction is not good.
[2026-07-08 17:16:52.189] [odom] [warning] Possibly T_lidar_imu is not accurate or IMU bias is not well estimated.
[2026-07-08 17:16:52.189] [odom] [warning] IMU validation results:
[2026-07-08 17:16:52.189] [odom] [warning] num_validations=1280
[2026-07-08 17:16:52.189] [odom] [warning] No-IMU errors rot=0.207 +- 0.393 deg, trans=0.029 +- 0.017 m, vel=0.025 +- 0.020 m/s
[2026-07-08 17:16:52.189] [odom] [warning] IMU errors rot=0.064 +- 0.060 deg, trans=0.033 +- 0.019 m, vel=0.082 +- 0.040 m/s
[2026-07-08 17:16:52.189] [odom] [warning] IMU better ratios rot=0.90, trans=0.07, vel=0.14
[2026-07-08 17:16:52.284] [odom] [warning] IMU bias estimation seems inaccurate.
[2026-07-08 17:16:52.284] [odom] [warning] Possibly T_lidar_imu is not accurate or LiDAR-IMU synchronization is not correct.
[2026-07-08 17:16:52.284] [odom] [warning] IMU bias validation results:
[2026-07-08 17:16:52.284] [odom] [warning] num_bias_validations=1600
[2026-07-08 17:16:52.285] [odom] [warning] bias_acc=[0.614, -0.212, 0.033] m/s^2, bias_gyro=[-0.019, 0.001, 0.001] rad/s
[2026-07-08 17:16:52.285] [odom] [warning] acc_stat ax=0.237 +- 0.229 [min=-0.006, max=0.614], ay=-0.065 +- 0.081 [min=-0.212, max=0.022], az=0.041 +- 0.011 [min=0.012, max=0.060] m/s^2
[2026-07-08 17:16:52.285] [odom] [warning] gyro_stat wx=-0.018 +- 0.001 [min=-0.019, max=-0.016], wy=0.000 +- 0.001 [min=-0.003, max=0.002], wz=0.001 +- 0.000 [min=0.001, max=0.001] rad/s
[2026-07-08 17:16:53.680] [odom] [warning] IMU prediction is not good.
[2026-07-08 17:16:53.680] [odom] [warning] Possibly T_lidar_imu is not accurate or IMU bias is not well estimated.
[2026-07-08 17:16:53.680] [odom] [warning] IMU validation results:
[2026-07-08 17:16:53.680] [odom] [warning] num_validations=1344
[2026-07-08 17:16:53.680] [odom] [warning] No-IMU errors rot=0.203 +- 0.385 deg, trans=0.029 +- 0.016 m, vel=0.025 +- 0.019 m/s
[2026-07-08 17:16:53.680] [odom] [warning] IMU errors rot=0.063 +- 0.059 deg, trans=0.033 +- 0.018 m, vel=0.081 +- 0.039 m/s
[2026-07-08 17:16:53.680] [odom] [warning] IMU better ratios rot=0.90, trans=0.06, vel=0.13
[2026-07-08 17:16:53.768] [odom] [warning] IMU bias estimation seems inaccurate.
[2026-07-08 17:16:53.768] [odom] [warning] Possibly T_lidar_imu is not accurate or LiDAR-IMU synchronization is not correct.
[2026-07-08 17:16:53.768] [odom] [warning] IMU bias validation results:
[2026-07-08 17:16:53.768] [odom] [warning] num_bias_validations=1664
[2026-07-08 17:16:53.768] [odom] [warning] bias_acc=[0.634, -0.226, 0.031] m/s^2, bias_gyro=[-0.019, 0.001, 0.001] rad/s
[2026-07-08 17:16:53.768] [odom] [warning] acc_stat ax=0.252 +- 0.237 [min=-0.006, max=0.634], ay=-0.071 +- 0.086 [min=-0.226, max=0.022], az=0.041 +- 0.011 [min=0.012, max=0.060] m/s^2
[2026-07-08 17:16:53.768] [odom] [warning] gyro_stat wx=-0.018 +- 0.001 [min=-0.019, max=-0.016], wy=0.000 +- 0.001 [min=-0.003, max=0.002], wz=0.001 +- 0.000 [min=0.001, max=0.001] rad/s
[2026-07-08 17:16:55.574] [odom] [warning] IMU prediction is not good.
[2026-07-08 17:16:55.574] [odom] [warning] Possibly T_lidar_imu is not accurate or IMU bias is not well estimated.
[2026-07-08 17:16:55.574] [odom] [warning] IMU validation results:
[2026-07-08 17:16:55.574] [odom] [warning] num_validations=1408
[2026-07-08 17:16:55.574] [odom] [warning] No-IMU errors rot=0.197 +- 0.377 deg, trans=0.028 +- 0.016 m, vel=0.024 +- 0.019 m/s
[2026-07-08 17:16:55.574] [odom] [warning] IMU errors rot=0.061 +- 0.058 deg, trans=0.032 +- 0.018 m, vel=0.081 +- 0.039 m/s
[2026-07-08 17:16:55.574] [odom] [warning] IMU better ratios rot=0.90, trans=0.06, vel=0.12
[2026-07-08 17:16:55.802] [glim] [info] playback speed: 3.988x
[2026-07-08 17:16:55.899] [odom] [warning] IMU bias estimation seems inaccurate.
[2026-07-08 17:16:55.899] [odom] [warning] Possibly T_lidar_imu is not accurate or LiDAR-IMU synchronization is not correct.
[2026-07-08 17:16:55.899] [odom] [warning] IMU bias validation results:
[2026-07-08 17:16:55.899] [odom] [warning] num_bias_validations=1728
[2026-07-08 17:16:55.899] [odom] [warning] bias_acc=[0.652, -0.235, 0.030] m/s^2, bias_gyro=[-0.019, 0.001, 0.001] rad/s
[2026-07-08 17:16:55.899] [odom] [warning] acc_stat ax=0.267 +- 0.245 [min=-0.006, max=0.652], ay=-0.077 +- 0.089 [min=-0.235, max=0.022], az=0.040 +- 0.011 [min=0.012, max=0.060] m/s^2
[2026-07-08 17:16:55.899] [odom] [warning] gyro_stat wx=-0.018 +- 0.001 [min=-0.019, max=-0.016], wy=0.000 +- 0.001 [min=-0.003, max=0.002], wz=0.001 +- 0.000 [min=0.001, max=0.001] rad/s
[2026-07-08 17:16:58.116] [odom] [warning] IMU prediction is not good.
[2026-07-08 17:16:58.116] [odom] [warning] Possibly T_lidar_imu is not accurate or IMU bias is not well estimated.
[2026-07-08 17:16:58.116] [odom] [warning] IMU validation results:
[2026-07-08 17:16:58.116] [odom] [warning] num_validations=1472
[2026-07-08 17:16:58.116] [odom] [warning] No-IMU errors rot=0.196 +- 0.370 deg, trans=0.028 +- 0.016 m, vel=0.024 +- 0.019 m/s
[2026-07-08 17:16:58.116] [odom] [warning] IMU errors rot=0.060 +- 0.057 deg, trans=0.032 +- 0.018 m, vel=0.080 +- 0.038 m/s
[2026-07-08 17:16:58.116] [odom] [warning] IMU better ratios rot=0.90, trans=0.06, vel=0.12
[2026-07-08 17:16:58.574] [odom] [warning] IMU bias estimation seems inaccurate.
[2026-07-08 17:16:58.574] [odom] [warning] Possibly T_lidar_imu is not accurate or LiDAR-IMU synchronization is not correct.
[2026-07-08 17:16:58.574] [odom] [warning] IMU bias validation results:
[2026-07-08 17:16:58.574] [odom] [warning] num_bias_validations=1792
[2026-07-08 17:16:58.574] [odom] [warning] bias_acc=[0.670, -0.244, 0.030] m/s^2, bias_gyro=[-0.019, 0.001, 0.001] rad/s
[2026-07-08 17:16:58.574] [odom] [warning] acc_stat ax=0.282 +- 0.252 [min=-0.006, max=0.670], ay=-0.083 +- 0.093 [min=-0.244, max=0.022], az=0.040 +- 0.011 [min=0.012, max=0.060] m/s^2
[2026-07-08 17:16:58.574] [odom] [warning] gyro_stat wx=-0.018 +- 0.001 [min=-0.019, max=-0.016], wy=0.000 +- 0.001 [min=-0.003, max=0.002], wz=0.001 +- 0.000 [min=0.001, max=0.001] rad/s
[2026-07-08 17:17:00.624] [odom] [warning] IMU prediction is not good.
[2026-07-08 17:17:00.624] [odom] [warning] Possibly T_lidar_imu is not accurate or IMU bias is not well estimated.
[2026-07-08 17:17:00.624] [odom] [warning] IMU validation results:
[2026-07-08 17:17:00.624] [odom] [warning] num_validations=1536
[2026-07-08 17:17:00.624] [odom] [warning] No-IMU errors rot=0.192 +- 0.363 deg, trans=0.027 +- 0.016 m, vel=0.024 +- 0.019 m/s
[2026-07-08 17:17:00.624] [odom] [warning] IMU errors rot=0.059 +- 0.057 deg, trans=0.031 +- 0.018 m, vel=0.079 +- 0.038 m/s
[2026-07-08 17:17:00.624] [odom] [warning] IMU better ratios rot=0.90, trans=0.06, vel=0.11
[2026-07-08 17:17:00.817] [glim] [info] playback speed: 2.569x
[2026-07-08 17:17:00.966] [odom] [warning] IMU bias estimation seems inaccurate.
[2026-07-08 17:17:00.966] [odom] [warning] Possibly T_lidar_imu is not accurate or LiDAR-IMU synchronization is not correct.
[2026-07-08 17:17:00.966] [odom] [warning] IMU bias validation results:
[2026-07-08 17:17:00.966] [odom] [warning] num_bias_validations=1856
[2026-07-08 17:17:00.966] [odom] [warning] bias_acc=[0.686, -0.253, 0.029] m/s^2, bias_gyro=[-0.019, 0.001, 0.001] rad/s
[2026-07-08 17:17:00.966] [odom] [warning] acc_stat ax=0.295 +- 0.258 [min=-0.006, max=0.686], ay=-0.089 +- 0.097 [min=-0.253, max=0.022], az=0.040 +- 0.011 [min=0.012, max=0.060] m/s^2
[2026-07-08 17:17:00.966] [odom] [warning] gyro_stat wx=-0.018 +- 0.001 [min=-0.019, max=-0.016], wy=0.000 +- 0.001 [min=-0.003, max=0.002], wz=0.001 +- 0.000 [min=0.001, max=0.001] rad/s
[2026-07-08 17:17:02.848] [odom] [warning] IMU prediction is not good.
[2026-07-08 17:17:02.848] [odom] [warning] Possibly T_lidar_imu is not accurate or IMU bias is not well estimated.
[2026-07-08 17:17:02.848] [odom] [warning] IMU validation results:
[2026-07-08 17:17:02.848] [odom] [warning] num_validations=1600
[2026-07-08 17:17:02.848] [odom] [warning] No-IMU errors rot=0.188 +- 0.356 deg, trans=0.027 +- 0.016 m, vel=0.024 +- 0.018 m/s
[2026-07-08 17:17:02.848] [odom] [warning] IMU errors rot=0.059 +- 0.056 deg, trans=0.030 +- 0.018 m, vel=0.078 +- 0.037 m/s
[2026-07-08 17:17:02.848] [odom] [warning] IMU better ratios rot=0.89, trans=0.05, vel=0.11
[2026-07-08 17:17:03.267] [odom] [warning] IMU bias estimation seems inaccurate.
[2026-07-08 17:17:03.267] [odom] [warning] Possibly T_lidar_imu is not accurate or LiDAR-IMU synchronization is not correct.
[2026-07-08 17:17:03.267] [odom] [warning] IMU bias validation results:
[2026-07-08 17:17:03.267] [odom] [warning] num_bias_validations=1920
[2026-07-08 17:17:03.267] [odom] [warning] bias_acc=[0.700, -0.261, 0.028] m/s^2, bias_gyro=[-0.019, 0.001, 0.001] rad/s
[2026-07-08 17:17:03.267] [odom] [warning] acc_stat ax=0.309 +- 0.264 [min=-0.006, max=0.700], ay=-0.095 +- 0.100 [min=-0.261, max=0.022], az=0.039 +- 0.011 [min=0.012, max=0.060] m/s^2
[2026-07-08 17:17:03.267] [odom] [warning] gyro_stat wx=-0.018 +- 0.001 [min=-0.019, max=-0.016], wy=0.000 +- 0.001 [min=-0.003, max=0.002], wz=0.001 +- 0.000 [min=0.001, max=0.001] rad/s
[2026-07-08 17:17:04.303] [odom] [warning] IMU prediction is not good.
[2026-07-08 17:17:04.303] [odom] [warning] Possibly T_lidar_imu is not accurate or IMU bias is not well estimated.
[2026-07-08 17:17:04.303] [odom] [warning] IMU validation results:
[2026-07-08 17:17:04.303] [odom] [warning] num_validations=1664
[2026-07-08 17:17:04.303] [odom] [warning] No-IMU errors rot=0.187 +- 0.350 deg, trans=0.026 +- 0.016 m, vel=0.024 +- 0.018 m/s
[2026-07-08 17:17:04.303] [odom] [warning] IMU errors rot=0.059 +- 0.055 deg, trans=0.030 +- 0.018 m, vel=0.077 +- 0.037 m/s
[2026-07-08 17:17:04.303] [odom] [warning] IMU better ratios rot=0.89, trans=0.05, vel=0.11
[2026-07-08 17:17:04.394] [odom] [warning] IMU bias estimation seems inaccurate.
[2026-07-08 17:17:04.394] [odom] [warning] Possibly T_lidar_imu is not accurate or LiDAR-IMU synchronization is not correct.
[2026-07-08 17:17:04.394] [odom] [warning] IMU bias validation results:
[2026-07-08 17:17:04.394] [odom] [warning] num_bias_validations=1984
[2026-07-08 17:17:04.394] [odom] [warning] bias_acc=[0.712, -0.267, 0.028] m/s^2, bias_gyro=[-0.019, 0.001, 0.001] rad/s
[2026-07-08 17:17:04.394] [odom] [warning] acc_stat ax=0.322 +- 0.269 [min=-0.006, max=0.712], ay=-0.100 +- 0.103 [min=-0.267, max=0.022], az=0.039 +- 0.011 [min=0.012, max=0.060] m/s^2
[2026-07-08 17:17:04.394] [odom] [warning] gyro_stat wx=-0.018 +- 0.001 [min=-0.019, max=-0.016], wy=0.000 +- 0.001 [min=-0.003, max=0.002], wz=0.001 +- 0.000 [min=0.001, max=0.001] rad/s
[2026-07-08 17:17:05.845] [glim] [info] playback speed: 3.592x
[2026-07-08 17:17:06.273] [odom] [warning] IMU prediction is not good.
[2026-07-08 17:17:06.273] [odom] [warning] Possibly T_lidar_imu is not accurate or IMU bias is not well estimated.
[2026-07-08 17:17:06.273] [odom] [warning] IMU validation results:
[2026-07-08 17:17:06.273] [odom] [warning] num_validations=1728
[2026-07-08 17:17:06.273] [odom] [warning] No-IMU errors rot=0.185 +- 0.344 deg, trans=0.026 +- 0.016 m, vel=0.024 +- 0.018 m/s
[2026-07-08 17:17:06.273] [odom] [warning] IMU errors rot=0.059 +- 0.055 deg, trans=0.029 +- 0.018 m, vel=0.075 +- 0.037 m/s
[2026-07-08 17:17:06.273] [odom] [warning] IMU better ratios rot=0.89, trans=0.05, vel=0.11
[2026-07-08 17:17:06.762] [odom] [warning] IMU bias estimation seems inaccurate.
[2026-07-08 17:17:06.762] [odom] [warning] Possibly T_lidar_imu is not accurate or LiDAR-IMU synchronization is not correct.
[2026-07-08 17:17:06.762] [odom] [warning] IMU bias validation results:
[2026-07-08 17:17:06.762] [odom] [warning] num_bias_validations=2048
[2026-07-08 17:17:06.762] [odom] [warning] bias_acc=[0.722, -0.276, 0.027] m/s^2, bias_gyro=[-0.019, 0.001, 0.001] rad/s
[2026-07-08 17:17:06.762] [odom] [warning] acc_stat ax=0.334 +- 0.274 [min=-0.006, max=0.722], ay=-0.106 +- 0.106 [min=-0.276, max=0.022], az=0.038 +- 0.011 [min=0.012, max=0.060] m/s^2
[2026-07-08 17:17:06.762] [odom] [warning] gyro_stat wx=-0.019 +- 0.001 [min=-0.019, max=-0.016], wy=0.000 +- 0.001 [min=-0.003, max=0.002], wz=0.001 +- 0.000 [min=0.001, max=0.001] rad/s
[2026-07-08 17:17:07.345] [odom] [warning] IMU prediction is not good.
[2026-07-08 17:17:07.345] [odom] [warning] Possibly T_lidar_imu is not accurate or IMU bias is not well estimated.
[2026-07-08 17:17:07.345] [odom] [warning] IMU validation results:
[2026-07-08 17:17:07.345] [odom] [warning] num_validations=1792
[2026-07-08 17:17:07.345] [odom] [warning] No-IMU errors rot=0.183 +- 0.338 deg, trans=0.025 +- 0.016 m, vel=0.024 +- 0.018 m/s
[2026-07-08 17:17:07.345] [odom] [warning] IMU errors rot=0.058 +- 0.054 deg, trans=0.029 +- 0.017 m, vel=0.075 +- 0.037 m/s
[2026-07-08 17:17:07.345] [odom] [warning] IMU better ratios rot=0.89, trans=0.05, vel=0.10
[2026-07-08 17:17:07.650] [odom] [warning] IMU bias estimation seems inaccurate.
[2026-07-08 17:17:07.650] [odom] [warning] Possibly T_lidar_imu is not accurate or LiDAR-IMU synchronization is not correct.
[2026-07-08 17:17:07.650] [odom] [warning] IMU bias validation results:
[2026-07-08 17:17:07.650] [odom] [warning] num_bias_validations=2112
[2026-07-08 17:17:07.650] [odom] [warning] bias_acc=[0.732, -0.289, 0.027] m/s^2, bias_gyro=[-0.020, 0.001, 0.001] rad/s
[2026-07-08 17:17:07.650] [odom] [warning] acc_stat ax=0.347 +- 0.278 [min=-0.006, max=0.732], ay=-0.111 +- 0.109 [min=-0.289, max=0.022], az=0.038 +- 0.011 [min=0.012, max=0.060] m/s^2
[2026-07-08 17:17:07.650] [odom] [warning] gyro_stat wx=-0.019 +- 0.001 [min=-0.020, max=-0.016], wy=0.000 +- 0.001 [min=-0.003, max=0.002], wz=0.001 +- 0.000 [min=0.001, max=0.001] rad/s
[2026-07-08 17:17:09.290] [odom] [warning] IMU prediction is not good.
[2026-07-08 17:17:09.290] [odom] [warning] Possibly T_lidar_imu is not accurate or IMU bias is not well estimated.
[2026-07-08 17:17:09.290] [odom] [warning] IMU validation results:
[2026-07-08 17:17:09.290] [odom] [warning] num_validations=1856
[2026-07-08 17:17:09.290] [odom] [warning] No-IMU errors rot=0.180 +- 0.333 deg, trans=0.025 +- 0.015 m, vel=0.024 +- 0.018 m/s
[2026-07-08 17:17:09.290] [odom] [warning] IMU errors rot=0.058 +- 0.053 deg, trans=0.028 +- 0.017 m, vel=0.074 +- 0.036 m/s
[2026-07-08 17:17:09.290] [odom] [warning] IMU better ratios rot=0.89, trans=0.05, vel=0.10
[2026-07-08 17:17:09.680] [odom] [warning] IMU bias estimation seems inaccurate.
[2026-07-08 17:17:09.680] [odom] [warning] Possibly T_lidar_imu is not accurate or LiDAR-IMU synchronization is not correct.
[2026-07-08 17:17:09.680] [odom] [warning] IMU bias validation results:
[2026-07-08 17:17:09.680] [odom] [warning] num_bias_validations=2176
[2026-07-08 17:17:09.680] [odom] [warning] bias_acc=[0.740, -0.302, 0.026] m/s^2, bias_gyro=[-0.020, 0.002, 0.001] rad/s
[2026-07-08 17:17:09.680] [odom] [warning] acc_stat ax=0.358 +- 0.282 [min=-0.006, max=0.740], ay=-0.117 +- 0.112 [min=-0.302, max=0.022], az=0.038 +- 0.011 [min=0.012, max=0.060] m/s^2
[2026-07-08 17:17:09.680] [odom] [warning] gyro_stat wx=-0.019 +- 0.001 [min=-0.020, max=-0.016], wy=0.000 +- 0.001 [min=-0.003, max=0.002], wz=0.001 +- 0.000 [min=0.001, max=0.001] rad/s
[2026-07-08 17:17:10.849] [glim] [info] playback speed: 3.568x
[2026-07-08 17:17:11.700] [odom] [warning] IMU prediction is not good.
[2026-07-08 17:17:11.700] [odom] [warning] Possibly T_lidar_imu is not accurate or IMU bias is not well estimated.
[2026-07-08 17:17:11.700] [odom] [warning] IMU validation results:
[2026-07-08 17:17:11.700] [odom] [warning] num_validations=1920
[2026-07-08 17:17:11.700] [odom] [warning] No-IMU errors rot=0.179 +- 0.328 deg, trans=0.025 +- 0.015 m, vel=0.024 +- 0.017 m/s
[2026-07-08 17:17:11.700] [odom] [warning] IMU errors rot=0.057 +- 0.053 deg, trans=0.028 +- 0.017 m, vel=0.073 +- 0.036 m/s
[2026-07-08 17:17:11.700] [odom] [warning] IMU better ratios rot=0.89, trans=0.04, vel=0.10
[2026-07-08 17:17:12.163] [odom] [warning] IMU bias estimation seems inaccurate.
[2026-07-08 17:17:12.163] [odom] [warning] Possibly T_lidar_imu is not accurate or LiDAR-IMU synchronization is not correct.
[2026-07-08 17:17:12.163] [odom] [warning] IMU bias validation results:
[2026-07-08 17:17:12.163] [odom] [warning] num_bias_validations=2240
[2026-07-08 17:17:12.163] [odom] [warning] bias_acc=[0.746, -0.318, 0.026] m/s^2, bias_gyro=[-0.020, 0.001, 0.001] rad/s
[2026-07-08 17:17:12.163] [odom] [warning] acc_stat ax=0.369 +- 0.286 [min=-0.006, max=0.746], ay=-0.123 +- 0.115 [min=-0.318, max=0.022], az=0.037 +- 0.011 [min=0.012, max=0.060] m/s^2
[2026-07-08 17:17:12.163] [odom] [warning] gyro_stat wx=-0.019 +- 0.001 [min=-0.020, max=-0.016], wy=0.001 +- 0.001 [min=-0.003, max=0.002], wz=0.001 +- 0.000 [min=0.001, max=0.001] rad/s
[2026-07-08 17:17:13.856] [odom] [warning] IMU prediction is not good.
[2026-07-08 17:17:13.856] [odom] [warning] Possibly T_lidar_imu is not accurate or IMU bias is not well estimated.
[2026-07-08 17:17:13.856] [odom] [warning] IMU validation results:
[2026-07-08 17:17:13.856] [odom] [warning] num_validations=1984
[2026-07-08 17:17:13.856] [odom] [warning] No-IMU errors rot=0.176 +- 0.323 deg, trans=0.024 +- 0.015 m, vel=0.024 +- 0.017 m/s
[2026-07-08 17:17:13.856] [odom] [warning] IMU errors rot=0.056 +- 0.052 deg, trans=0.027 +- 0.017 m, vel=0.073 +- 0.035 m/s
[2026-07-08 17:17:13.856] [odom] [warning] IMU better ratios rot=0.89, trans=0.04, vel=0.09
[2026-07-08 17:17:14.335] [odom] [warning] IMU bias estimation seems inaccurate.
[2026-07-08 17:17:14.335] [odom] [warning] Possibly T_lidar_imu is not accurate or LiDAR-IMU synchronization is not correct.
[2026-07-08 17:17:14.335] [odom] [warning] IMU bias validation results:
[2026-07-08 17:17:14.335] [odom] [warning] num_bias_validations=2304
[2026-07-08 17:17:14.335] [odom] [warning] bias_acc=[0.750, -0.333, 0.025] m/s^2, bias_gyro=[-0.020, 0.002, 0.001] rad/s
[2026-07-08 17:17:14.335] [odom] [warning] acc_stat ax=0.380 +- 0.288 [min=-0.006, max=0.750], ay=-0.129 +- 0.119 [min=-0.333, max=0.022], az=0.037 +- 0.011 [min=0.012, max=0.060] m/s^2
[2026-07-08 17:17:14.335] [odom] [warning] gyro_stat wx=-0.019 +- 0.001 [min=-0.020, max=-0.016], wy=0.001 +- 0.001 [min=-0.003, max=0.002], wz=0.001 +- 0.000 [min=0.001, max=0.001] rad/s
[2026-07-08 17:17:15.283] [odom] [warning] IMU prediction is not good.
[2026-07-08 17:17:15.283] [odom] [warning] Possibly T_lidar_imu is not accurate or IMU bias is not well estimated.
[2026-07-08 17:17:15.283] [odom] [warning] IMU validation results:
[2026-07-08 17:17:15.283] [odom] [warning] num_validations=2048
[2026-07-08 17:17:15.283] [odom] [warning] No-IMU errors rot=0.176 +- 0.318 deg, trans=0.024 +- 0.015 m, vel=0.024 +- 0.017 m/s
[2026-07-08 17:17:15.283] [odom] [warning] IMU errors rot=0.056 +- 0.052 deg, trans=0.027 +- 0.017 m, vel=0.072 +- 0.035 m/s
[2026-07-08 17:17:15.283] [odom] [warning] IMU better ratios rot=0.89, trans=0.04, vel=0.09
[2026-07-08 17:17:15.460] [odom] [warning] IMU bias estimation seems inaccurate.
[2026-07-08 17:17:15.460] [odom] [warning] Possibly T_lidar_imu is not accurate or LiDAR-IMU synchronization is not correct.
[2026-07-08 17:17:15.460] [odom] [warning] IMU bias validation results:
[2026-07-08 17:17:15.460] [odom] [warning] num_bias_validations=2368
[2026-07-08 17:17:15.460] [odom] [warning] bias_acc=[0.753, -0.347, 0.025] m/s^2, bias_gyro=[-0.019, 0.001, 0.001] rad/s
[2026-07-08 17:17:15.460] [odom] [warning] acc_stat ax=0.390 +- 0.291 [min=-0.006, max=0.753], ay=-0.134 +- 0.122 [min=-0.347, max=0.022], az=0.037 +- 0.011 [min=0.012, max=0.060] m/s^2
[2026-07-08 17:17:15.460] [odom] [warning] gyro_stat wx=-0.019 +- 0.001 [min=-0.020, max=-0.016], wy=0.001 +- 0.001 [min=-0.003, max=0.002], wz=0.001 +- 0.000 [min=0.001, max=0.001] rad/s
[2026-07-08 17:17:15.883] [glim] [info] playback speed: 3.486x
[2026-07-08 17:17:16.751] [odom] [warning] IMU prediction is not good.
[2026-07-08 17:17:16.751] [odom] [warning] Possibly T_lidar_imu is not accurate or IMU bias is not well estimated.
[2026-07-08 17:17:16.751] [odom] [warning] IMU validation results:
[2026-07-08 17:17:16.751] [odom] [warning] num_validations=2112
[2026-07-08 17:17:16.751] [odom] [warning] No-IMU errors rot=0.173 +- 0.314 deg, trans=0.023 +- 0.015 m, vel=0.024 +- 0.017 m/s
[2026-07-08 17:17:16.751] [odom] [warning] IMU errors rot=0.055 +- 0.051 deg, trans=0.027 +- 0.017 m, vel=0.071 +- 0.035 m/s
[2026-07-08 17:17:16.751] [odom] [warning] IMU better ratios rot=0.89, trans=0.04, vel=0.09
[2026-07-08 17:17:16.825] [odom] [warning] IMU bias estimation seems inaccurate.
[2026-07-08 17:17:16.825] [odom] [warning] Possibly T_lidar_imu is not accurate or LiDAR-IMU synchronization is not correct.
[2026-07-08 17:17:16.825] [odom] [warning] IMU bias validation results:
[2026-07-08 17:17:16.825] [odom] [warning] num_bias_validations=2432
[2026-07-08 17:17:16.825] [odom] [warning] bias_acc=[0.756, -0.357, 0.025] m/s^2, bias_gyro=[-0.019, 0.001, 0.001] rad/s
[2026-07-08 17:17:16.825] [odom] [warning] acc_stat ax=0.399 +- 0.293 [min=-0.006, max=0.756], ay=-0.140 +- 0.126 [min=-0.357, max=0.022], az=0.036 +- 0.011 [min=0.012, max=0.060] m/s^2
[2026-07-08 17:17:16.825] [odom] [warning] gyro_stat wx=-0.019 +- 0.001 [min=-0.020, max=-0.016], wy=0.001 +- 0.001 [min=-0.003, max=0.002], wz=0.001 +- 0.000 [min=0.001, max=0.001] rad/s
[2026-07-08 17:17:18.311] [odom] [warning] IMU prediction is not good.
[2026-07-08 17:17:18.311] [odom] [warning] Possibly T_lidar_imu is not accurate or IMU bias is not well estimated.
[2026-07-08 17:17:18.311] [odom] [warning] IMU validation results:
[2026-07-08 17:17:18.311] [odom] [warning] num_validations=2176
[2026-07-08 17:17:18.311] [odom] [warning] No-IMU errors rot=0.171 +- 0.310 deg, trans=0.023 +- 0.015 m, vel=0.024 +- 0.017 m/s
[2026-07-08 17:17:18.311] [odom] [warning] IMU errors rot=0.055 +- 0.051 deg, trans=0.026 +- 0.017 m, vel=0.070 +- 0.035 m/s
[2026-07-08 17:17:18.311] [odom] [warning] IMU better ratios rot=0.89, trans=0.04, vel=0.10
[2026-07-08 17:17:18.376] [odom] [warning] IMU bias estimation seems inaccurate.
[2026-07-08 17:17:18.376] [odom] [warning] Possibly T_lidar_imu is not accurate or LiDAR-IMU synchronization is not correct.
[2026-07-08 17:17:18.376] [odom] [warning] IMU bias validation results:
[2026-07-08 17:17:18.376] [odom] [warning] num_bias_validations=2496
[2026-07-08 17:17:18.376] [odom] [warning] bias_acc=[0.758, -0.364, 0.025] m/s^2, bias_gyro=[-0.019, 0.002, 0.001] rad/s
[2026-07-08 17:17:18.376] [odom] [warning] acc_stat ax=0.409 +- 0.295 [min=-0.006, max=0.758], ay=-0.146 +- 0.129 [min=-0.364, max=0.022], az=0.036 +- 0.011 [min=0.012, max=0.060] m/s^2
[2026-07-08 17:17:18.376] [odom] [warning] gyro_stat wx=-0.019 +- 0.001 [min=-0.020, max=-0.016], wy=0.001 +- 0.001 [min=-0.003, max=0.002], wz=0.001 +- 0.000 [min=0.001, max=0.001] rad/s
[2026-07-08 17:17:19.193] [odom] [warning] IMU prediction is not good.
[2026-07-08 17:17:19.193] [odom] [warning] Possibly T_lidar_imu is not accurate or IMU bias is not well estimated.
[2026-07-08 17:17:19.193] [odom] [warning] IMU validation results:
[2026-07-08 17:17:19.193] [odom] [warning] num_validations=2240
[2026-07-08 17:17:19.193] [odom] [warning] No-IMU errors rot=0.170 +- 0.306 deg, trans=0.022 +- 0.015 m, vel=0.025 +- 0.017 m/s
[2026-07-08 17:17:19.193] [odom] [warning] IMU errors rot=0.055 +- 0.050 deg, trans=0.026 +- 0.017 m, vel=0.069 +- 0.035 m/s
[2026-07-08 17:17:19.193] [odom] [warning] IMU better ratios rot=0.89, trans=0.05, vel=0.11
[2026-07-08 17:17:19.495] [odom] [warning] IMU bias estimation seems inaccurate.
[2026-07-08 17:17:19.495] [odom] [warning] Possibly T_lidar_imu is not accurate or LiDAR-IMU synchronization is not correct.
[2026-07-08 17:17:19.495] [odom] [warning] IMU bias validation results:
[2026-07-08 17:17:19.495] [odom] [warning] num_bias_validations=2560
[2026-07-08 17:17:19.495] [odom] [warning] bias_acc=[0.755, -0.367, 0.024] m/s^2, bias_gyro=[-0.019, 0.002, 0.001] rad/s
[2026-07-08 17:17:19.495] [odom] [warning] acc_stat ax=0.417 +- 0.296 [min=-0.006, max=0.758], ay=-0.152 +- 0.132 [min=-0.367, max=0.022], az=0.036 +- 0.011 [min=0.012, max=0.060] m/s^2
[2026-07-08 17:17:19.495] [odom] [warning] gyro_stat wx=-0.019 +- 0.001 [min=-0.020, max=-0.016], wy=0.001 +- 0.001 [min=-0.003, max=0.002], wz=0.001 +- 0.000 [min=0.001, max=0.001] rad/s
[2026-07-08 17:17:20.814] [odom] [warning] IMU prediction is not good.
[2026-07-08 17:17:20.814] [odom] [warning] Possibly T_lidar_imu is not accurate or IMU bias is not well estimated.
[2026-07-08 17:17:20.814] [odom] [warning] IMU validation results:
[2026-07-08 17:17:20.814] [odom] [warning] num_validations=2304
[2026-07-08 17:17:20.814] [odom] [warning] No-IMU errors rot=0.171 +- 0.302 deg, trans=0.022 +- 0.015 m, vel=0.025 +- 0.017 m/s
[2026-07-08 17:17:20.814] [odom] [warning] IMU errors rot=0.055 +- 0.050 deg, trans=0.025 +- 0.017 m, vel=0.068 +- 0.035 m/s
[2026-07-08 17:17:20.814] [odom] [warning] IMU better ratios rot=0.89, trans=0.05, vel=0.12
[2026-07-08 17:17:20.882] [odom] [warning] IMU bias estimation seems inaccurate.
[2026-07-08 17:17:20.882] [odom] [warning] Possibly T_lidar_imu is not accurate or LiDAR-IMU synchronization is not correct.
[2026-07-08 17:17:20.882] [odom] [warning] IMU bias validation results:
[2026-07-08 17:17:20.882] [odom] [warning] num_bias_validations=2624
[2026-07-08 17:17:20.882] [odom] [warning] bias_acc=[0.751, -0.370, 0.025] m/s^2, bias_gyro=[-0.019, 0.002, 0.001] rad/s
[2026-07-08 17:17:20.882] [odom] [warning] acc_stat ax=0.425 +- 0.297 [min=-0.006, max=0.758], ay=-0.157 +- 0.135 [min=-0.370, max=0.022], az=0.036 +- 0.011 [min=0.012, max=0.060] m/s^2
[2026-07-08 17:17:20.882] [odom] [warning] gyro_stat wx=-0.019 +- 0.001 [min=-0.020, max=-0.016], wy=0.001 +- 0.001 [min=-0.003, max=0.002], wz=0.001 +- 0.000 [min=0.001, max=0.001] rad/s
[2026-07-08 17:17:20.888] [glim] [info] playback speed: 4.884x
[2026-07-08 17:17:21.891] [odom] [warning] IMU prediction is not good.
[2026-07-08 17:17:21.891] [odom] [warning] Possibly T_lidar_imu is not accurate or IMU bias is not well estimated.
[2026-07-08 17:17:21.891] [odom] [warning] IMU validation results:
[2026-07-08 17:17:21.891] [odom] [warning] num_validations=2368
[2026-07-08 17:17:21.891] [odom] [warning] No-IMU errors rot=0.170 +- 0.298 deg, trans=0.022 +- 0.015 m, vel=0.025 +- 0.017 m/s
[2026-07-08 17:17:21.891] [odom] [warning] IMU errors rot=0.054 +- 0.049 deg, trans=0.025 +- 0.017 m, vel=0.067 +- 0.035 m/s
[2026-07-08 17:17:21.891] [odom] [warning] IMU better ratios rot=0.89, trans=0.06, vel=0.12
[2026-07-08 17:17:22.366] [odom] [warning] IMU bias estimation seems inaccurate.
[2026-07-08 17:17:22.366] [odom] [warning] Possibly T_lidar_imu is not accurate or LiDAR-IMU synchronization is not correct.
[2026-07-08 17:17:22.366] [odom] [warning] IMU bias validation results:
[2026-07-08 17:17:22.366] [odom] [warning] num_bias_validations=2688
[2026-07-08 17:17:22.367] [odom] [warning] bias_acc=[0.743, -0.371, 0.025] m/s^2, bias_gyro=[-0.019, 0.002, 0.001] rad/s
[2026-07-08 17:17:22.367] [odom] [warning] acc_stat ax=0.433 +- 0.297 [min=-0.006, max=0.758], ay=-0.162 +- 0.137 [min=-0.371, max=0.022], az=0.035 +- 0.011 [min=0.012, max=0.060] m/s^2
[2026-07-08 17:17:22.367] [odom] [warning] gyro_stat wx=-0.019 +- 0.001 [min=-0.020, max=-0.016], wy=0.001 +- 0.001 [min=-0.003, max=0.002], wz=0.001 +- 0.000 [min=0.001, max=0.001] rad/s
[2026-07-08 17:17:24.085] [odom] [warning] IMU prediction is not good.
[2026-07-08 17:17:24.085] [odom] [warning] Possibly T_lidar_imu is not accurate or IMU bias is not well estimated.
[2026-07-08 17:17:24.085] [odom] [warning] IMU validation results:
[2026-07-08 17:17:24.085] [odom] [warning] num_validations=2432
[2026-07-08 17:17:24.085] [odom] [warning] No-IMU errors rot=0.169 +- 0.295 deg, trans=0.021 +- 0.015 m, vel=0.025 +- 0.017 m/s
[2026-07-08 17:17:24.085] [odom] [warning] IMU errors rot=0.054 +- 0.049 deg, trans=0.024 +- 0.017 m, vel=0.066 +- 0.035 m/s
[2026-07-08 17:17:24.085] [odom] [warning] IMU better ratios rot=0.89, trans=0.05, vel=0.12
[2026-07-08 17:17:24.471] [odom] [warning] IMU bias estimation seems inaccurate.
[2026-07-08 17:17:24.471] [odom] [warning] Possibly T_lidar_imu is not accurate or LiDAR-IMU synchronization is not correct.
[2026-07-08 17:17:24.471] [odom] [warning] IMU bias validation results:
[2026-07-08 17:17:24.471] [odom] [warning] num_bias_validations=2752
[2026-07-08 17:17:24.471] [odom] [warning] bias_acc=[0.733, -0.371, 0.026] m/s^2, bias_gyro=[-0.019, 0.002, 0.001] rad/s
[2026-07-08 17:17:24.471] [odom] [warning] acc_stat ax=0.440 +- 0.297 [min=-0.006, max=0.758], ay=-0.167 +- 0.139 [min=-0.371, max=0.022], az=0.035 +- 0.011 [min=0.012, max=0.060] m/s^2
[2026-07-08 17:17:24.471] [odom] [warning] gyro_stat wx=-0.019 +- 0.001 [min=-0.020, max=-0.016], wy=0.001 +- 0.001 [min=-0.003, max=0.002], wz=0.001 +- 0.000 [min=0.001, max=0.001] rad/s
[2026-07-08 17:17:25.181] [odom] [warning] IMU prediction is not good.
[2026-07-08 17:17:25.181] [odom] [warning] Possibly T_lidar_imu is not accurate or IMU bias is not well estimated.
[2026-07-08 17:17:25.181] [odom] [warning] IMU validation results:
[2026-07-08 17:17:25.181] [odom] [warning] num_validations=2496
[2026-07-08 17:17:25.181] [odom] [warning] No-IMU errors rot=0.169 +- 0.291 deg, trans=0.021 +- 0.015 m, vel=0.025 +- 0.017 m/s
[2026-07-08 17:17:25.181] [odom] [warning] IMU errors rot=0.054 +- 0.048 deg, trans=0.024 +- 0.017 m, vel=0.066 +- 0.035 m/s
[2026-07-08 17:17:25.181] [odom] [warning] IMU better ratios rot=0.89, trans=0.05, vel=0.12
[2026-07-08 17:17:25.562] [odom] [warning] IMU bias estimation seems inaccurate.
[2026-07-08 17:17:25.562] [odom] [warning] Possibly T_lidar_imu is not accurate or LiDAR-IMU synchronization is not correct.
[2026-07-08 17:17:25.562] [odom] [warning] IMU bias validation results:
[2026-07-08 17:17:25.562] [odom] [warning] num_bias_validations=2816
[2026-07-08 17:17:25.562] [odom] [warning] bias_acc=[0.721, -0.373, 0.027] m/s^2, bias_gyro=[-0.019, 0.002, 0.001] rad/s
[2026-07-08 17:17:25.562] [odom] [warning] acc_stat ax=0.446 +- 0.297 [min=-0.006, max=0.758], ay=-0.172 +- 0.141 [min=-0.373, max=0.022], az=0.035 +- 0.011 [min=0.012, max=0.060] m/s^2
[2026-07-08 17:17:25.562] [odom] [warning] gyro_stat wx=-0.019 +- 0.001 [min=-0.020, max=-0.016], wy=0.001 +- 0.001 [min=-0.003, max=0.002], wz=0.001 +- 0.000 [min=0.001, max=0.001] rad/s
[2026-07-08 17:17:25.924] [glim] [info] playback speed: 4.188x
[2026-07-08 17:17:27.519] [odom] [warning] IMU prediction is not good.
[2026-07-08 17:17:27.519] [odom] [warning] Possibly T_lidar_imu is not accurate or IMU bias is not well estimated.
[2026-07-08 17:17:27.519] [odom] [warning] IMU validation results:
[2026-07-08 17:17:27.519] [odom] [warning] num_validations=2560
[2026-07-08 17:17:27.519] [odom] [warning] No-IMU errors rot=0.170 +- 0.290 deg, trans=0.021 +- 0.015 m, vel=0.025 +- 0.017 m/s
[2026-07-08 17:17:27.519] [odom] [warning] IMU errors rot=0.055 +- 0.048 deg, trans=0.024 +- 0.016 m, vel=0.066 +- 0.035 m/s
[2026-07-08 17:17:27.519] [odom] [warning] IMU better ratios rot=0.89, trans=0.05, vel=0.12
[2026-07-08 17:17:27.584] [odom] [warning] IMU bias estimation seems inaccurate.
[2026-07-08 17:17:27.584] [odom] [warning] Possibly T_lidar_imu is not accurate or LiDAR-IMU synchronization is not correct.
[2026-07-08 17:17:27.584] [odom] [warning] IMU bias validation results:
[2026-07-08 17:17:27.584] [odom] [warning] num_bias_validations=2880
[2026-07-08 17:17:27.584] [odom] [warning] bias_acc=[0.708, -0.373, 0.028] m/s^2, bias_gyro=[-0.019, 0.001, 0.001] rad/s
[2026-07-08 17:17:27.584] [odom] [warning] acc_stat ax=0.452 +- 0.296 [min=-0.006, max=0.758], ay=-0.176 +- 0.143 [min=-0.373, max=0.022], az=0.035 +- 0.011 [min=0.012, max=0.060] m/s^2
[2026-07-08 17:17:27.584] [odom] [warning] gyro_stat wx=-0.019 +- 0.001 [min=-0.020, max=-0.016], wy=0.001 +- 0.001 [min=-0.003, max=0.002], wz=0.001 +- 0.000 [min=0.001, max=0.001] rad/s
[2026-07-08 17:17:28.741] [odom] [warning] IMU prediction is not good.
[2026-07-08 17:17:28.742] [odom] [warning] Possibly T_lidar_imu is not accurate or IMU bias is not well estimated.
[2026-07-08 17:17:28.742] [odom] [warning] IMU validation results:
[2026-07-08 17:17:28.742] [odom] [warning] num_validations=2624
[2026-07-08 17:17:28.742] [odom] [warning] No-IMU errors rot=0.176 +- 0.290 deg, trans=0.021 +- 0.015 m, vel=0.026 +- 0.018 m/s
[2026-07-08 17:17:28.742] [odom] [warning] IMU errors rot=0.056 +- 0.049 deg, trans=0.024 +- 0.016 m, vel=0.065 +- 0.034 m/s
[2026-07-08 17:17:28.742] [odom] [warning] IMU better ratios rot=0.89, trans=0.06, vel=0.13
[2026-07-08 17:17:29.175] [odom] [warning] IMU bias estimation seems inaccurate.
[2026-07-08 17:17:29.175] [odom] [warning] Possibly T_lidar_imu is not accurate or LiDAR-IMU synchronization is not correct.
[2026-07-08 17:17:29.175] [odom] [warning] IMU bias validation results:
[2026-07-08 17:17:29.175] [odom] [warning] num_bias_validations=2944
[2026-07-08 17:17:29.175] [odom] [warning] bias_acc=[0.700, -0.379, 0.028] m/s^2, bias_gyro=[-0.019, 0.000, 0.001] rad/s
[2026-07-08 17:17:29.175] [odom] [warning] acc_stat ax=0.458 +- 0.295 [min=-0.006, max=0.758], ay=-0.180 +- 0.144 [min=-0.379, max=0.022], az=0.035 +- 0.011 [min=0.012, max=0.060] m/s^2
[2026-07-08 17:17:29.175] [odom] [warning] gyro_stat wx=-0.019 +- 0.001 [min=-0.020, max=-0.016], wy=0.001 +- 0.001 [min=-0.003, max=0.002], wz=0.001 +- 0.000 [min=0.001, max=0.001] rad/s
[2026-07-08 17:17:30.939] [glim] [info] playback speed: 3.398x
[2026-07-08 17:17:31.192] [odom] [warning] IMU prediction is not good.
[2026-07-08 17:17:31.192] [odom] [warning] Possibly T_lidar_imu is not accurate or IMU bias is not well estimated.
[2026-07-08 17:17:31.192] [odom] [warning] IMU validation results:
[2026-07-08 17:17:31.192] [odom] [warning] num_validations=2688
[2026-07-08 17:17:31.192] [odom] [warning] No-IMU errors rot=0.194 +- 0.321 deg, trans=0.021 +- 0.014 m, vel=0.026 +- 0.018 m/s
[2026-07-08 17:17:31.192] [odom] [warning] IMU errors rot=0.058 +- 0.052 deg, trans=0.024 +- 0.016 m, vel=0.065 +- 0.034 m/s
[2026-07-08 17:17:31.192] [odom] [warning] IMU better ratios rot=0.89, trans=0.06, vel=0.13
[2026-07-08 17:17:31.291] [odom] [warning] IMU bias estimation seems inaccurate.
[2026-07-08 17:17:31.291] [odom] [warning] Possibly T_lidar_imu is not accurate or LiDAR-IMU synchronization is not correct.
[2026-07-08 17:17:31.291] [odom] [warning] IMU bias validation results:
[2026-07-08 17:17:31.291] [odom] [warning] num_bias_validations=3008
[2026-07-08 17:17:31.291] [odom] [warning] bias_acc=[0.692, -0.396, 0.028] m/s^2, bias_gyro=[-0.020, -0.002, 0.001] rad/s
[2026-07-08 17:17:31.291] [odom] [warning] acc_stat ax=0.463 +- 0.294 [min=-0.006, max=0.758], ay=-0.185 +- 0.146 [min=-0.396, max=0.022], az=0.034 +- 0.011 [min=0.012, max=0.060] m/s^2
[2026-07-08 17:17:31.291] [odom] [warning] gyro_stat wx=-0.019 +- 0.001 [min=-0.020, max=-0.016], wy=0.001 +- 0.001 [min=-0.003, max=0.002], wz=0.001 +- 0.000 [min=0.001, max=0.001] rad/s
[2026-07-08 17:17:32.840] [odom] [warning] IMU prediction is not good.
[2026-07-08 17:17:32.840] [odom] [warning] Possibly T_lidar_imu is not accurate or IMU bias is not well estimated.
[2026-07-08 17:17:32.840] [odom] [warning] IMU validation results:
[2026-07-08 17:17:32.840] [odom] [warning] num_validations=2752
[2026-07-08 17:17:32.840] [odom] [warning] No-IMU errors rot=0.192 +- 0.318 deg, trans=0.021 +- 0.014 m, vel=0.026 +- 0.018 m/s
[2026-07-08 17:17:32.840] [odom] [warning] IMU errors rot=0.058 +- 0.052 deg, trans=0.024 +- 0.016 m, vel=0.066 +- 0.034 m/s
[2026-07-08 17:17:32.840] [odom] [warning] IMU better ratios rot=0.89, trans=0.05, vel=0.13
[2026-07-08 17:17:33.273] [odom] [warning] IMU bias estimation seems inaccurate.
[2026-07-08 17:17:33.273] [odom] [warning] Possibly T_lidar_imu is not accurate or LiDAR-IMU synchronization is not correct.
[2026-07-08 17:17:33.273] [odom] [warning] IMU bias validation results:
[2026-07-08 17:17:33.273] [odom] [warning] num_bias_validations=3072
[2026-07-08 17:17:33.273] [odom] [warning] bias_acc=[0.681, -0.421, 0.029] m/s^2, bias_gyro=[-0.019, -0.001, 0.001] rad/s
[2026-07-08 17:17:33.273] [odom] [warning] acc_stat ax=0.467 +- 0.292 [min=-0.006, max=0.758], ay=-0.190 +- 0.148 [min=-0.421, max=0.022], az=0.034 +- 0.011 [min=0.012, max=0.060] m/s^2
[2026-07-08 17:17:33.273] [odom] [warning] gyro_stat wx=-0.019 +- 0.001 [min=-0.020, max=-0.016], wy=0.001 +- 0.001 [min=-0.003, max=0.002], wz=0.001 +- 0.000 [min=0.001, max=0.001] rad/s
[2026-07-08 17:17:35.958] [glim] [info] playback speed: 2.627x
[2026-07-08 17:17:36.063] [odom] [warning] IMU prediction is not good.
[2026-07-08 17:17:36.063] [odom] [warning] Possibly T_lidar_imu is not accurate or IMU bias is not well estimated.
[2026-07-08 17:17:36.063] [odom] [warning] IMU validation results:
[2026-07-08 17:17:36.063] [odom] [warning] num_validations=2816
[2026-07-08 17:17:36.063] [odom] [warning] No-IMU errors rot=0.191 +- 0.315 deg, trans=0.021 +- 0.014 m, vel=0.027 +- 0.018 m/s
[2026-07-08 17:17:36.063] [odom] [warning] IMU errors rot=0.058 +- 0.052 deg, trans=0.024 +- 0.016 m, vel=0.067 +- 0.034 m/s
[2026-07-08 17:17:36.063] [odom] [warning] IMU better ratios rot=0.89, trans=0.05, vel=0.12
[2026-07-08 17:17:36.137] [odom] [warning] IMU bias estimation seems inaccurate.
[2026-07-08 17:17:36.137] [odom] [warning] Possibly T_lidar_imu is not accurate or LiDAR-IMU synchronization is not correct.
[2026-07-08 17:17:36.137] [odom] [warning] IMU bias validation results:
[2026-07-08 17:17:36.137] [odom] [warning] num_bias_validations=3136
[2026-07-08 17:17:36.137] [odom] [warning] bias_acc=[0.671, -0.445, 0.030] m/s^2, bias_gyro=[-0.019, -0.001, 0.001] rad/s
[2026-07-08 17:17:36.137] [odom] [warning] acc_stat ax=0.471 +- 0.291 [min=-0.006, max=0.758], ay=-0.195 +- 0.151 [min=-0.445, max=0.022], az=0.034 +- 0.011 [min=0.012, max=0.060] m/s^2
[2026-07-08 17:17:36.137] [odom] [warning] gyro_stat wx=-0.019 +- 0.001 [min=-0.020, max=-0.016], wy=0.001 +- 0.001 [min=-0.003, max=0.002], wz=0.001 +- 0.000 [min=0.001, max=0.001] rad/s
[2026-07-08 17:17:37.222] [odom] [warning] IMU prediction is not good.
[2026-07-08 17:17:37.222] [odom] [warning] Possibly T_lidar_imu is not accurate or IMU bias is not well estimated.
[2026-07-08 17:17:37.222] [odom] [warning] IMU validation results:
[2026-07-08 17:17:37.222] [odom] [warning] num_validations=2880
[2026-07-08 17:17:37.222] [odom] [warning] No-IMU errors rot=0.192 +- 0.313 deg, trans=0.021 +- 0.014 m, vel=0.027 +- 0.019 m/s
[2026-07-08 17:17:37.222] [odom] [warning] IMU errors rot=0.058 +- 0.052 deg, trans=0.024 +- 0.016 m, vel=0.068 +- 0.034 m/s
[2026-07-08 17:17:37.222] [odom] [warning] IMU better ratios rot=0.89, trans=0.05, vel=0.12
[2026-07-08 17:17:37.726] [odom] [warning] IMU bias estimation seems inaccurate.
[2026-07-08 17:17:37.726] [odom] [warning] Possibly T_lidar_imu is not accurate or LiDAR-IMU synchronization is not correct.
[2026-07-08 17:17:37.726] [odom] [warning] IMU bias validation results:
[2026-07-08 17:17:37.726] [odom] [warning] num_bias_validations=3200
[2026-07-08 17:17:37.726] [odom] [warning] bias_acc=[0.661, -0.468, 0.030] m/s^2, bias_gyro=[-0.019, -0.001, 0.001] rad/s
[2026-07-08 17:17:37.726] [odom] [warning] acc_stat ax=0.475 +- 0.289 [min=-0.006, max=0.758], ay=-0.201 +- 0.154 [min=-0.468, max=0.022], az=0.034 +- 0.011 [min=0.012, max=0.060] m/s^2
[2026-07-08 17:17:37.726] [odom] [warning] gyro_stat wx=-0.019 +- 0.001 [min=-0.020, max=-0.016], wy=0.001 +- 0.001 [min=-0.003, max=0.002], wz=0.001 +- 0.000 [min=0.001, max=0.001] rad/s
[2026-07-08 17:17:39.229] [odom] [warning] IMU prediction is not good.
[2026-07-08 17:17:39.229] [odom] [warning] Possibly T_lidar_imu is not accurate or IMU bias is not well estimated.
[2026-07-08 17:17:39.229] [odom] [warning] IMU validation results:
[2026-07-08 17:17:39.229] [odom] [warning] num_validations=2944
[2026-07-08 17:17:39.229] [odom] [warning] No-IMU errors rot=0.191 +- 0.310 deg, trans=0.021 +- 0.014 m, vel=0.027 +- 0.018 m/s
[2026-07-08 17:17:39.229] [odom] [warning] IMU errors rot=0.058 +- 0.051 deg, trans=0.024 +- 0.016 m, vel=0.068 +- 0.034 m/s
[2026-07-08 17:17:39.229] [odom] [warning] IMU better ratios rot=0.89, trans=0.05, vel=0.12
[2026-07-08 17:17:39.305] [odom] [warning] IMU bias estimation seems inaccurate.
[2026-07-08 17:17:39.305] [odom] [warning] Possibly T_lidar_imu is not accurate or LiDAR-IMU synchronization is not correct.
[2026-07-08 17:17:39.305] [odom] [warning] IMU bias validation results:
[2026-07-08 17:17:39.305] [odom] [warning] num_bias_validations=3264
[2026-07-08 17:17:39.305] [odom] [warning] bias_acc=[0.651, -0.492, 0.030] m/s^2, bias_gyro=[-0.019, -0.000, 0.001] rad/s
[2026-07-08 17:17:39.305] [odom] [warning] acc_stat ax=0.479 +- 0.287 [min=-0.006, max=0.758], ay=-0.206 +- 0.158 [min=-0.492, max=0.022], az=0.034 +- 0.011 [min=0.012, max=0.060] m/s^2
[2026-07-08 17:17:39.305] [odom] [warning] gyro_stat wx=-0.019 +- 0.001 [min=-0.020, max=-0.016], wy=0.001 +- 0.001 [min=-0.003, max=0.002], wz=0.001 +- 0.000 [min=0.001, max=0.001] rad/s
[2026-07-08 17:17:40.973] [glim] [info] playback speed: 3.721x
[2026-07-08 17:17:41.508] [odom] [warning] IMU prediction is not good.
[2026-07-08 17:17:41.508] [odom] [warning] Possibly T_lidar_imu is not accurate or IMU bias is not well estimated.
[2026-07-08 17:17:41.508] [odom] [warning] IMU validation results:
[2026-07-08 17:17:41.508] [odom] [warning] num_validations=3008
[2026-07-08 17:17:41.508] [odom] [warning] No-IMU errors rot=0.189 +- 0.307 deg, trans=0.021 +- 0.014 m, vel=0.026 +- 0.018 m/s
[2026-07-08 17:17:41.508] [odom] [warning] IMU errors rot=0.058 +- 0.051 deg, trans=0.024 +- 0.015 m, vel=0.069 +- 0.034 m/s
[2026-07-08 17:17:41.508] [odom] [warning] IMU better ratios rot=0.89, trans=0.05, vel=0.12
[2026-07-08 17:17:41.572] [odom] [warning] IMU bias estimation seems inaccurate.
[2026-07-08 17:17:41.572] [odom] [warning] Possibly T_lidar_imu is not accurate or LiDAR-IMU synchronization is not correct.
[2026-07-08 17:17:41.572] [odom] [warning] IMU bias validation results:
[2026-07-08 17:17:41.572] [odom] [warning] num_bias_validations=3328
[2026-07-08 17:17:41.572] [odom] [warning] bias_acc=[0.642, -0.514, 0.030] m/s^2, bias_gyro=[-0.019, -0.000, 0.001] rad/s
[2026-07-08 17:17:41.572] [odom] [warning] acc_stat ax=0.482 +- 0.285 [min=-0.006, max=0.758], ay=-0.212 +- 0.162 [min=-0.514, max=0.022], az=0.034 +- 0.011 [min=0.012, max=0.060] m/s^2
[2026-07-08 17:17:41.572] [odom] [warning] gyro_stat wx=-0.019 +- 0.001 [min=-0.020, max=-0.016], wy=0.001 +- 0.001 [min=-0.003, max=0.002], wz=0.001 +- 0.000 [min=0.001, max=0.001] rad/s
[2026-07-08 17:17:42.851] [odom] [warning] IMU prediction is not good.
[2026-07-08 17:17:42.851] [odom] [warning] Possibly T_lidar_imu is not accurate or IMU bias is not well estimated.
[2026-07-08 17:17:42.851] [odom] [warning] IMU validation results:
[2026-07-08 17:17:42.851] [odom] [warning] num_validations=3072
[2026-07-08 17:17:42.851] [odom] [warning] No-IMU errors rot=0.190 +- 0.305 deg, trans=0.021 +- 0.014 m, vel=0.027 +- 0.018 m/s
[2026-07-08 17:17:42.851] [odom] [warning] IMU errors rot=0.058 +- 0.051 deg, trans=0.024 +- 0.015 m, vel=0.069 +- 0.034 m/s
[2026-07-08 17:17:42.851] [odom] [warning] IMU better ratios rot=0.89, trans=0.05, vel=0.11
[2026-07-08 17:17:43.390] [odom] [warning] IMU bias estimation seems inaccurate.
[2026-07-08 17:17:43.390] [odom] [warning] Possibly T_lidar_imu is not accurate or LiDAR-IMU synchronization is not correct.
[2026-07-08 17:17:43.390] [odom] [warning] IMU bias validation results:
[2026-07-08 17:17:43.390] [odom] [warning] num_bias_validations=3392
[2026-07-08 17:17:43.390] [odom] [warning] bias_acc=[0.633, -0.534, 0.030] m/s^2, bias_gyro=[-0.019, 0.001, 0.001] rad/s
[2026-07-08 17:17:43.390] [odom] [warning] acc_stat ax=0.485 +- 0.283 [min=-0.006, max=0.758], ay=-0.218 +- 0.166 [min=-0.534, max=0.022], az=0.034 +- 0.010 [min=0.012, max=0.060] m/s^2
[2026-07-08 17:17:43.390] [odom] [warning] gyro_stat wx=-0.019 +- 0.001 [min=-0.020, max=-0.016], wy=0.001 +- 0.001 [min=-0.003, max=0.002], wz=0.001 +- 0.000 [min=0.001, max=0.001] rad/s
[2026-07-08 17:17:44.452] [odom] [warning] IMU prediction is not good.
[2026-07-08 17:17:44.452] [odom] [warning] Possibly T_lidar_imu is not accurate or IMU bias is not well estimated.
[2026-07-08 17:17:44.452] [odom] [warning] IMU validation results:
[2026-07-08 17:17:44.452] [odom] [warning] num_validations=3136
[2026-07-08 17:17:44.452] [odom] [warning] No-IMU errors rot=0.190 +- 0.303 deg, trans=0.021 +- 0.014 m, vel=0.027 +- 0.018 m/s
[2026-07-08 17:17:44.452] [odom] [warning] IMU errors rot=0.058 +- 0.051 deg, trans=0.024 +- 0.015 m, vel=0.069 +- 0.033 m/s
[2026-07-08 17:17:44.452] [odom] [warning] IMU better ratios rot=0.89, trans=0.05, vel=0.11
[2026-07-08 17:17:44.641] [odom] [warning] IMU bias estimation seems inaccurate.
[2026-07-08 17:17:44.641] [odom] [warning] Possibly T_lidar_imu is not accurate or LiDAR-IMU synchronization is not correct.
[2026-07-08 17:17:44.641] [odom] [warning] IMU bias validation results:
[2026-07-08 17:17:44.641] [odom] [warning] num_bias_validations=3456
[2026-07-08 17:17:44.641] [odom] [warning] bias_acc=[0.624, -0.551, 0.030] m/s^2, bias_gyro=[-0.019, 0.000, 0.001] rad/s
[2026-07-08 17:17:44.641] [odom] [warning] acc_stat ax=0.487 +- 0.281 [min=-0.006, max=0.758], ay=-0.224 +- 0.171 [min=-0.551, max=0.022], az=0.034 +- 0.010 [min=0.012, max=0.060] m/s^2
[2026-07-08 17:17:44.641] [odom] [warning] gyro_stat wx=-0.019 +- 0.001 [min=-0.020, max=-0.016], wy=0.001 +- 0.001 [min=-0.003, max=0.002], wz=0.001 +- 0.000 [min=0.001, max=0.001] rad/s
[2026-07-08 17:17:46.007] [glim] [info] playback speed: 3.626x
[2026-07-08 17:17:46.759] [odom] [warning] IMU prediction is not good.
[2026-07-08 17:17:46.759] [odom] [warning] Possibly T_lidar_imu is not accurate or IMU bias is not well estimated.
[2026-07-08 17:17:46.759] [odom] [warning] IMU validation results:
[2026-07-08 17:17:46.759] [odom] [warning] num_validations=3200
[2026-07-08 17:17:46.759] [odom] [warning] No-IMU errors rot=0.191 +- 0.300 deg, trans=0.021 +- 0.013 m, vel=0.026 +- 0.018 m/s
[2026-07-08 17:17:46.759] [odom] [warning] IMU errors rot=0.058 +- 0.051 deg, trans=0.024 +- 0.015 m, vel=0.069 +- 0.033 m/s
[2026-07-08 17:17:46.759] [odom] [warning] IMU better ratios rot=0.89, trans=0.05, vel=0.11
[2026-07-08 17:17:46.844] [odom] [warning] IMU bias estimation seems inaccurate.
[2026-07-08 17:17:46.844] [odom] [warning] Possibly T_lidar_imu is not accurate or LiDAR-IMU synchronization is not correct.
[2026-07-08 17:17:46.844] [odom] [warning] IMU bias validation results:
[2026-07-08 17:17:46.844] [odom] [warning] num_bias_validations=3520
[2026-07-08 17:17:46.844] [odom] [warning] bias_acc=[0.615, -0.568, 0.030] m/s^2, bias_gyro=[-0.019, 0.000, 0.001] rad/s
[2026-07-08 17:17:46.844] [odom] [warning] acc_stat ax=0.489 +- 0.279 [min=-0.006, max=0.758], ay=-0.231 +- 0.175 [min=-0.568, max=0.022], az=0.034 +- 0.010 [min=0.012, max=0.060] m/s^2
[2026-07-08 17:17:46.844] [odom] [warning] gyro_stat wx=-0.019 +- 0.001 [min=-0.020, max=-0.016], wy=0.001 +- 0.001 [min=-0.003, max=0.002], wz=0.001 +- 0.000 [min=0.001, max=0.001] rad/s
[2026-07-08 17:17:47.863] [odom] [warning] IMU prediction is not good.
[2026-07-08 17:17:47.863] [odom] [warning] Possibly T_lidar_imu is not accurate or IMU bias is not well estimated.
[2026-07-08 17:17:47.863] [odom] [warning] IMU validation results:
[2026-07-08 17:17:47.863] [odom] [warning] num_validations=3264
[2026-07-08 17:17:47.863] [odom] [warning] No-IMU errors rot=0.191 +- 0.298 deg, trans=0.021 +- 0.013 m, vel=0.026 +- 0.018 m/s
[2026-07-08 17:17:47.863] [odom] [warning] IMU errors rot=0.058 +- 0.050 deg, trans=0.024 +- 0.015 m, vel=0.069 +- 0.033 m/s
[2026-07-08 17:17:47.863] [odom] [warning] IMU better ratios rot=0.89, trans=0.05, vel=0.11
[2026-07-08 17:17:48.365] [odom] [warning] IMU bias estimation seems inaccurate.
[2026-07-08 17:17:48.365] [odom] [warning] Possibly T_lidar_imu is not accurate or LiDAR-IMU synchronization is not correct.
[2026-07-08 17:17:48.365] [odom] [warning] IMU bias validation results:
[2026-07-08 17:17:48.365] [odom] [warning] num_bias_validations=3584
[2026-07-08 17:17:48.365] [odom] [warning] bias_acc=[0.607, -0.584, 0.030] m/s^2, bias_gyro=[-0.019, 0.001, 0.001] rad/s
[2026-07-08 17:17:48.365] [odom] [warning] acc_stat ax=0.492 +- 0.277 [min=-0.006, max=0.758], ay=-0.237 +- 0.180 [min=-0.584, max=0.022], az=0.034 +- 0.010 [min=0.012, max=0.060] m/s^2
[2026-07-08 17:17:48.365] [odom] [warning] gyro_stat wx=-0.019 +- 0.001 [min=-0.020, max=-0.016], wy=0.001 +- 0.001 [min=-0.003, max=0.002], wz=0.001 +- 0.000 [min=0.001, max=0.001] rad/s
[2026-07-08 17:17:50.296] [odom] [warning] IMU prediction is not good.
[2026-07-08 17:17:50.296] [odom] [warning] Possibly T_lidar_imu is not accurate or IMU bias is not well estimated.
[2026-07-08 17:17:50.296] [odom] [warning] IMU validation results:
[2026-07-08 17:17:50.296] [odom] [warning] num_validations=3328
[2026-07-08 17:17:50.296] [odom] [warning] No-IMU errors rot=0.191 +- 0.296 deg, trans=0.021 +- 0.013 m, vel=0.026 +- 0.018 m/s
[2026-07-08 17:17:50.296] [odom] [warning] IMU errors rot=0.059 +- 0.050 deg, trans=0.024 +- 0.015 m, vel=0.069 +- 0.032 m/s
[2026-07-08 17:17:50.296] [odom] [warning] IMU better ratios rot=0.89, trans=0.05, vel=0.10
[2026-07-08 17:17:50.366] [odom] [warning] IMU bias estimation seems inaccurate.
[2026-07-08 17:17:50.366] [odom] [warning] Possibly T_lidar_imu is not accurate or LiDAR-IMU synchronization is not correct.
[2026-07-08 17:17:50.366] [odom] [warning] IMU bias validation results:
[2026-07-08 17:17:50.366] [odom] [warning] num_bias_validations=3648
[2026-07-08 17:17:50.366] [odom] [warning] bias_acc=[0.599, -0.596, 0.030] m/s^2, bias_gyro=[-0.018, 0.001, 0.001] rad/s
[2026-07-08 17:17:50.366] [odom] [warning] acc_stat ax=0.493 +- 0.275 [min=-0.006, max=0.758], ay=-0.243 +- 0.185 [min=-0.596, max=0.022], az=0.034 +- 0.010 [min=0.012, max=0.060] m/s^2
[2026-07-08 17:17:50.366] [odom] [warning] gyro_stat wx=-0.019 +- 0.001 [min=-0.020, max=-0.016], wy=0.001 +- 0.001 [min=-0.003, max=0.002], wz=0.001 +- 0.000 [min=0.001, max=0.001] rad/s
[2026-07-08 17:17:51.025] [glim] [info] playback speed: 3.861x
[2026-07-08 17:17:51.937] [odom] [warning] IMU prediction is not good.
[2026-07-08 17:17:51.937] [odom] [warning] Possibly T_lidar_imu is not accurate or IMU bias is not well estimated.
[2026-07-08 17:17:51.937] [odom] [warning] IMU validation results:
[2026-07-08 17:17:51.937] [odom] [warning] num_validations=3392
[2026-07-08 17:17:51.937] [odom] [warning] No-IMU errors rot=0.191 +- 0.294 deg, trans=0.021 +- 0.013 m, vel=0.026 +- 0.018 m/s
[2026-07-08 17:17:51.937] [odom] [warning] IMU errors rot=0.058 +- 0.050 deg, trans=0.024 +- 0.015 m, vel=0.069 +- 0.032 m/s
[2026-07-08 17:17:51.937] [odom] [warning] IMU better ratios rot=0.89, trans=0.04, vel=0.10
[2026-07-08 17:17:52.421] [odom] [warning] IMU bias estimation seems inaccurate.
[2026-07-08 17:17:52.421] [odom] [warning] Possibly T_lidar_imu is not accurate or LiDAR-IMU synchronization is not correct.
[2026-07-08 17:17:52.421] [odom] [warning] IMU bias validation results:
[2026-07-08 17:17:52.421] [odom] [warning] num_bias_validations=3712
[2026-07-08 17:17:52.421] [odom] [warning] bias_acc=[0.590, -0.606, 0.030] m/s^2, bias_gyro=[-0.019, 0.001, 0.001] rad/s
[2026-07-08 17:17:52.421] [odom] [warning] acc_stat ax=0.495 +- 0.273 [min=-0.006, max=0.758], ay=-0.250 +- 0.189 [min=-0.606, max=0.022], az=0.034 +- 0.010 [min=0.012, max=0.060] m/s^2
[2026-07-08 17:17:52.421] [odom] [warning] gyro_stat wx=-0.019 +- 0.001 [min=-0.020, max=-0.016], wy=0.001 +- 0.001 [min=-0.003, max=0.002], wz=0.001 +- 0.000 [min=0.001, max=0.001] rad/s
[2026-07-08 17:17:54.683] [odom] [warning] IMU prediction is not good.
[2026-07-08 17:17:54.683] [odom] [warning] Possibly T_lidar_imu is not accurate or IMU bias is not well estimated.
[2026-07-08 17:17:54.683] [odom] [warning] IMU validation results:
[2026-07-08 17:17:54.683] [odom] [warning] num_validations=3456
[2026-07-08 17:17:54.683] [odom] [warning] No-IMU errors rot=0.191 +- 0.292 deg, trans=0.021 +- 0.013 m, vel=0.026 +- 0.018 m/s
[2026-07-08 17:17:54.683] [odom] [warning] IMU errors rot=0.059 +- 0.050 deg, trans=0.024 +- 0.014 m, vel=0.068 +- 0.032 m/s
[2026-07-08 17:17:54.683] [odom] [warning] IMU better ratios rot=0.89, trans=0.04, vel=0.10
[2026-07-08 17:17:54.745] [odom] [warning] IMU bias estimation seems inaccurate.
[2026-07-08 17:17:54.745] [odom] [warning] Possibly T_lidar_imu is not accurate or LiDAR-IMU synchronization is not correct.
[2026-07-08 17:17:54.745] [odom] [warning] IMU bias validation results:
[2026-07-08 17:17:54.745] [odom] [warning] num_bias_validations=3776
[2026-07-08 17:17:54.745] [odom] [warning] bias_acc=[0.582, -0.616, 0.030] m/s^2, bias_gyro=[-0.019, 0.000, 0.001] rad/s
[2026-07-08 17:17:54.745] [odom] [warning] acc_stat ax=0.497 +- 0.271 [min=-0.006, max=0.758], ay=-0.256 +- 0.193 [min=-0.616, max=0.022], az=0.033 +- 0.010 [min=0.012, max=0.060] m/s^2
[2026-07-08 17:17:54.745] [odom] [warning] gyro_stat wx=-0.019 +- 0.001 [min=-0.020, max=-0.016], wy=0.001 +- 0.001 [min=-0.003, max=0.002], wz=0.001 +- 0.000 [min=0.001, max=0.001] rad/s
[2026-07-08 17:17:55.679] [odom] [warning] IMU prediction is not good.
[2026-07-08 17:17:55.679] [odom] [warning] Possibly T_lidar_imu is not accurate or IMU bias is not well estimated.
[2026-07-08 17:17:55.679] [odom] [warning] IMU validation results:
[2026-07-08 17:17:55.679] [odom] [warning] num_validations=3520
[2026-07-08 17:17:55.679] [odom] [warning] No-IMU errors rot=0.191 +- 0.290 deg, trans=0.021 +- 0.013 m, vel=0.026 +- 0.018 m/s
[2026-07-08 17:17:55.679] [odom] [warning] IMU errors rot=0.059 +- 0.050 deg, trans=0.024 +- 0.014 m, vel=0.068 +- 0.032 m/s
[2026-07-08 17:17:55.679] [odom] [warning] IMU better ratios rot=0.88, trans=0.04, vel=0.10
[2026-07-08 17:17:56.057] [glim] [info] playback speed: 3.185x
[2026-07-08 17:17:56.182] [odom] [warning] IMU bias estimation seems inaccurate.
[2026-07-08 17:17:56.182] [odom] [warning] Possibly T_lidar_imu is not accurate or LiDAR-IMU synchronization is not correct.
[2026-07-08 17:17:56.182] [odom] [warning] IMU bias validation results:
[2026-07-08 17:17:56.182] [odom] [warning] num_bias_validations=3840
[2026-07-08 17:17:56.182] [odom] [warning] bias_acc=[0.575, -0.627, 0.031] m/s^2, bias_gyro=[-0.018, 0.000, 0.001] rad/s
[2026-07-08 17:17:56.182] [odom] [warning] acc_stat ax=0.498 +- 0.269 [min=-0.006, max=0.758], ay=-0.262 +- 0.197 [min=-0.627, max=0.022], az=0.033 +- 0.010 [min=0.012, max=0.060] m/s^2
[2026-07-08 17:17:56.182] [odom] [warning] gyro_stat wx=-0.019 +- 0.001 [min=-0.020, max=-0.016], wy=0.001 +- 0.001 [min=-0.003, max=0.002], wz=0.001 +- 0.000 [min=0.001, max=0.001] rad/s
[2026-07-08 17:17:57.126] [odom] [warning] IMU prediction is not good.
[2026-07-08 17:17:57.126] [odom] [warning] Possibly T_lidar_imu is not accurate or IMU bias is not well estimated.
[2026-07-08 17:17:57.126] [odom] [warning] IMU validation results:
[2026-07-08 17:17:57.126] [odom] [warning] num_validations=3584
[2026-07-08 17:17:57.126] [odom] [warning] No-IMU errors rot=0.191 +- 0.288 deg, trans=0.021 +- 0.013 m, vel=0.026 +- 0.018 m/s
[2026-07-08 17:17:57.126] [odom] [warning] IMU errors rot=0.059 +- 0.050 deg, trans=0.024 +- 0.014 m, vel=0.068 +- 0.032 m/s
[2026-07-08 17:17:57.126] [odom] [warning] IMU better ratios rot=0.89, trans=0.04, vel=0.10
[2026-07-08 17:17:57.400] [odom] [warning] IMU bias estimation seems inaccurate.
[2026-07-08 17:17:57.400] [odom] [warning] Possibly T_lidar_imu is not accurate or LiDAR-IMU synchronization is not correct.
[2026-07-08 17:17:57.400] [odom] [warning] IMU bias validation results:
[2026-07-08 17:17:57.400] [odom] [warning] num_bias_validations=3904
[2026-07-08 17:17:57.400] [odom] [warning] bias_acc=[0.569, -0.637, 0.031] m/s^2, bias_gyro=[-0.019, 0.001, 0.001] rad/s
[2026-07-08 17:17:57.400] [odom] [warning] acc_stat ax=0.499 +- 0.267 [min=-0.006, max=0.758], ay=-0.268 +- 0.202 [min=-0.637, max=0.022], az=0.033 +- 0.010 [min=0.012, max=0.060] m/s^2
[2026-07-08 17:17:57.400] [odom] [warning] gyro_stat wx=-0.019 +- 0.001 [min=-0.020, max=-0.016], wy=0.001 +- 0.001 [min=-0.003, max=0.002], wz=0.001 +- 0.000 [min=0.001, max=0.001] rad/s
[2026-07-08 17:17:59.486] [odom] [warning] IMU prediction is not good.
[2026-07-08 17:17:59.486] [odom] [warning] Possibly T_lidar_imu is not accurate or IMU bias is not well estimated.
[2026-07-08 17:17:59.486] [odom] [warning] IMU validation results:
[2026-07-08 17:17:59.486] [odom] [warning] num_validations=3648
[2026-07-08 17:17:59.486] [odom] [warning] No-IMU errors rot=0.189 +- 0.286 deg, trans=0.021 +- 0.013 m, vel=0.026 +- 0.018 m/s
[2026-07-08 17:17:59.486] [odom] [warning] IMU errors rot=0.058 +- 0.049 deg, trans=0.024 +- 0.014 m, vel=0.068 +- 0.031 m/s
[2026-07-08 17:17:59.486] [odom] [warning] IMU better ratios rot=0.88, trans=0.04, vel=0.10
[2026-07-08 17:17:59.573] [odom] [warning] IMU bias estimation seems inaccurate.
[2026-07-08 17:17:59.573] [odom] [warning] Possibly T_lidar_imu is not accurate or LiDAR-IMU synchronization is not correct.
[2026-07-08 17:17:59.573] [odom] [warning] IMU bias validation results:
[2026-07-08 17:17:59.573] [odom] [warning] num_bias_validations=3968
[2026-07-08 17:17:59.573] [odom] [warning] bias_acc=[0.560, -0.648, 0.031] m/s^2, bias_gyro=[-0.019, 0.001, 0.001] rad/s
[2026-07-08 17:17:59.573] [odom] [warning] acc_stat ax=0.500 +- 0.265 [min=-0.006, max=0.758], ay=-0.274 +- 0.206 [min=-0.648, max=0.022], az=0.033 +- 0.010 [min=0.012, max=0.060] m/s^2
[2026-07-08 17:17:59.573] [odom] [warning] gyro_stat wx=-0.019 +- 0.001 [min=-0.020, max=-0.016], wy=0.001 +- 0.001 [min=-0.003, max=0.002], wz=0.001 +- 0.000 [min=0.001, max=0.001] rad/s
[2026-07-08 17:18:00.611] [odom] [warning] IMU prediction is not good.
[2026-07-08 17:18:00.611] [odom] [warning] Possibly T_lidar_imu is not accurate or IMU bias is not well estimated.
[2026-07-08 17:18:00.611] [odom] [warning] IMU validation results:
[2026-07-08 17:18:00.611] [odom] [warning] num_validations=3712
[2026-07-08 17:18:00.611] [odom] [warning] No-IMU errors rot=0.188 +- 0.284 deg, trans=0.021 +- 0.013 m, vel=0.026 +- 0.018 m/s
[2026-07-08 17:18:00.611] [odom] [warning] IMU errors rot=0.058 +- 0.049 deg, trans=0.024 +- 0.014 m, vel=0.067 +- 0.031 m/s
[2026-07-08 17:18:00.611] [odom] [warning] IMU better ratios rot=0.88, trans=0.04, vel=0.10
[2026-07-08 17:18:01.047] [odom] [warning] IMU bias estimation seems inaccurate.
[2026-07-08 17:18:01.047] [odom] [warning] Possibly T_lidar_imu is not accurate or LiDAR-IMU synchronization is not correct.
[2026-07-08 17:18:01.047] [odom] [warning] IMU bias validation results:
[2026-07-08 17:18:01.047] [odom] [warning] num_bias_validations=4032
[2026-07-08 17:18:01.047] [odom] [warning] bias_acc=[0.552, -0.658, 0.031] m/s^2, bias_gyro=[-0.019, 0.001, 0.001] rad/s
[2026-07-08 17:18:01.047] [odom] [warning] acc_stat ax=0.501 +- 0.263 [min=-0.006, max=0.758], ay=-0.280 +- 0.210 [min=-0.658, max=0.022], az=0.033 +- 0.010 [min=0.012, max=0.060] m/s^2
[2026-07-08 17:18:01.047] [odom] [warning] gyro_stat wx=-0.019 +- 0.001 [min=-0.020, max=-0.016], wy=0.001 +- 0.001 [min=-0.003, max=0.002], wz=0.001 +- 0.000 [min=0.001, max=0.001] rad/s
[2026-07-08 17:18:01.079] [glim] [info] playback speed: 3.939x
[2026-07-08 17:18:03.103] [odom] [warning] IMU prediction is not good.
[2026-07-08 17:18:03.103] [odom] [warning] Possibly T_lidar_imu is not accurate or IMU bias is not well estimated.
[2026-07-08 17:18:03.103] [odom] [warning] IMU validation results:
[2026-07-08 17:18:03.103] [odom] [warning] num_validations=3776
[2026-07-08 17:18:03.103] [odom] [warning] No-IMU errors rot=0.195 +- 0.290 deg, trans=0.021 +- 0.012 m, vel=0.026 +- 0.018 m/s
[2026-07-08 17:18:03.103] [odom] [warning] IMU errors rot=0.059 +- 0.050 deg, trans=0.023 +- 0.014 m, vel=0.067 +- 0.031 m/s
[2026-07-08 17:18:03.103] [odom] [warning] IMU better ratios rot=0.89, trans=0.04, vel=0.10
[2026-07-08 17:18:03.519] [odom] [warning] IMU bias estimation seems inaccurate.
[2026-07-08 17:18:03.519] [odom] [warning] Possibly T_lidar_imu is not accurate or LiDAR-IMU synchronization is not correct.
[2026-07-08 17:18:03.519] [odom] [warning] IMU bias validation results:
[2026-07-08 17:18:03.519] [odom] [warning] num_bias_validations=4096
[2026-07-08 17:18:03.519] [odom] [warning] bias_acc=[0.544, -0.669, 0.033] m/s^2, bias_gyro=[-0.019, -0.001, 0.001] rad/s
[2026-07-08 17:18:03.519] [odom] [warning] acc_stat ax=0.502 +- 0.261 [min=-0.006, max=0.758], ay=-0.286 +- 0.213 [min=-0.669, max=0.022], az=0.033 +- 0.010 [min=0.012, max=0.060] m/s^2
[2026-07-08 17:18:03.519] [odom] [warning] gyro_stat wx=-0.019 +- 0.001 [min=-0.020, max=-0.016], wy=0.001 +- 0.001 [min=-0.003, max=0.002], wz=0.001 +- 0.000 [min=0.001, max=0.001] rad/s
[2026-07-08 17:18:04.981] [odom] [warning] IMU prediction is not good.
[2026-07-08 17:18:04.981] [odom] [warning] Possibly T_lidar_imu is not accurate or IMU bias is not well estimated.
[2026-07-08 17:18:04.981] [odom] [warning] IMU validation results:
[2026-07-08 17:18:04.981] [odom] [warning] num_validations=3840
[2026-07-08 17:18:04.981] [odom] [warning] No-IMU errors rot=0.206 +- 0.303 deg, trans=0.021 +- 0.012 m, vel=0.026 +- 0.018 m/s
[2026-07-08 17:18:04.981] [odom] [warning] IMU errors rot=0.060 +- 0.051 deg, trans=0.023 +- 0.014 m, vel=0.067 +- 0.031 m/s
[2026-07-08 17:18:04.981] [odom] [warning] IMU better ratios rot=0.89, trans=0.04, vel=0.10
[2026-07-08 17:18:05.226] [odom] [warning] IMU bias estimation seems inaccurate.
[2026-07-08 17:18:05.226] [odom] [warning] Possibly T_lidar_imu is not accurate or LiDAR-IMU synchronization is not correct.
[2026-07-08 17:18:05.226] [odom] [warning] IMU bias validation results:
[2026-07-08 17:18:05.226] [odom] [warning] num_bias_validations=4160
[2026-07-08 17:18:05.226] [odom] [warning] bias_acc=[0.535, -0.682, 0.033] m/s^2, bias_gyro=[-0.019, -0.003, 0.001] rad/s
[2026-07-08 17:18:05.226] [odom] [warning] acc_stat ax=0.502 +- 0.259 [min=-0.006, max=0.758], ay=-0.292 +- 0.217 [min=-0.682, max=0.022], az=0.033 +- 0.010 [min=0.012, max=0.060] m/s^2
[2026-07-08 17:18:05.226] [odom] [warning] gyro_stat wx=-0.019 +- 0.001 [min=-0.020, max=-0.016], wy=0.000 +- 0.001 [min=-0.003, max=0.002], wz=0.001 +- 0.000 [min=0.001, max=0.001] rad/s
[2026-07-08 17:18:06.094] [glim] [info] playback speed: 3.398x
[2026-07-08 17:18:06.643] [odom] [warning] IMU prediction is not good.
[2026-07-08 17:18:06.643] [odom] [warning] Possibly T_lidar_imu is not accurate or IMU bias is not well estimated.
[2026-07-08 17:18:06.643] [odom] [warning] IMU validation results:
[2026-07-08 17:18:06.643] [odom] [warning] num_validations=3904
[2026-07-08 17:18:06.643] [odom] [warning] No-IMU errors rot=0.208 +- 0.303 deg, trans=0.020 +- 0.012 m, vel=0.026 +- 0.018 m/s
[2026-07-08 17:18:06.643] [odom] [warning] IMU errors rot=0.061 +- 0.051 deg, trans=0.023 +- 0.014 m, vel=0.067 +- 0.031 m/s
[2026-07-08 17:18:06.643] [odom] [warning] IMU better ratios rot=0.89, trans=0.04, vel=0.09
[2026-07-08 17:18:07.072] [odom] [warning] IMU bias estimation seems inaccurate.
[2026-07-08 17:18:07.072] [odom] [warning] Possibly T_lidar_imu is not accurate or LiDAR-IMU synchronization is not correct.
[2026-07-08 17:18:07.072] [odom] [warning] IMU bias validation results:
[2026-07-08 17:18:07.072] [odom] [warning] num_bias_validations=4224
[2026-07-08 17:18:07.072] [odom] [warning] bias_acc=[0.529, -0.695, 0.032] m/s^2, bias_gyro=[-0.018, -0.002, 0.001] rad/s
[2026-07-08 17:18:07.072] [odom] [warning] acc_stat ax=0.502 +- 0.257 [min=-0.006, max=0.758], ay=-0.299 +- 0.221 [min=-0.695, max=0.022], az=0.033 +- 0.009 [min=0.012, max=0.060] m/s^2
[2026-07-08 17:18:07.072] [odom] [warning] gyro_stat wx=-0.019 +- 0.001 [min=-0.020, max=-0.016], wy=0.000 +- 0.001 [min=-0.003, max=0.002], wz=0.001 +- 0.000 [min=0.001, max=0.001] rad/s
[2026-07-08 17:18:07.725] [odom] [warning] IMU prediction is not good.
[2026-07-08 17:18:07.725] [odom] [warning] Possibly T_lidar_imu is not accurate or IMU bias is not well estimated.
[2026-07-08 17:18:07.725] [odom] [warning] IMU validation results:
[2026-07-08 17:18:07.725] [odom] [warning] num_validations=3968
[2026-07-08 17:18:07.725] [odom] [warning] No-IMU errors rot=0.208 +- 0.301 deg, trans=0.020 +- 0.012 m, vel=0.026 +- 0.018 m/s
[2026-07-08 17:18:07.725] [odom] [warning] IMU errors rot=0.061 +- 0.051 deg, trans=0.023 +- 0.014 m, vel=0.067 +- 0.031 m/s
[2026-07-08 17:18:07.725] [odom] [warning] IMU better ratios rot=0.89, trans=0.04, vel=0.09
[2026-07-08 17:18:08.059] [odom] [warning] IMU bias estimation seems inaccurate.
[2026-07-08 17:18:08.059] [odom] [warning] Possibly T_lidar_imu is not accurate or LiDAR-IMU synchronization is not correct.
[2026-07-08 17:18:08.059] [odom] [warning] IMU bias validation results:
[2026-07-08 17:18:08.059] [odom] [warning] num_bias_validations=4288
[2026-07-08 17:18:08.059] [odom] [warning] bias_acc=[0.522, -0.703, 0.031] m/s^2, bias_gyro=[-0.018, -0.002, 0.001] rad/s
[2026-07-08 17:18:08.059] [odom] [warning] acc_stat ax=0.503 +- 0.255 [min=-0.006, max=0.758], ay=-0.305 +- 0.225 [min=-0.703, max=0.022], az=0.033 +- 0.009 [min=0.012, max=0.060] m/s^2
[2026-07-08 17:18:08.059] [odom] [warning] gyro_stat wx=-0.019 +- 0.001 [min=-0.020, max=-0.016], wy=0.000 +- 0.001 [min=-0.003, max=0.002], wz=0.001 +- 0.000 [min=0.001, max=0.001] rad/s
[2026-07-08 17:18:09.181] [odom] [warning] IMU prediction is not good.
[2026-07-08 17:18:09.181] [odom] [warning] Possibly T_lidar_imu is not accurate or IMU bias is not well estimated.
[2026-07-08 17:18:09.181] [odom] [warning] IMU validation results:
[2026-07-08 17:18:09.181] [odom] [warning] num_validations=4032
[2026-07-08 17:18:09.181] [odom] [warning] No-IMU errors rot=0.207 +- 0.299 deg, trans=0.020 +- 0.012 m, vel=0.026 +- 0.018 m/s
[2026-07-08 17:18:09.181] [odom] [warning] IMU errors rot=0.060 +- 0.051 deg, trans=0.023 +- 0.014 m, vel=0.066 +- 0.030 m/s
[2026-07-08 17:18:09.181] [odom] [warning] IMU better ratios rot=0.89, trans=0.04, vel=0.09
[2026-07-08 17:18:09.380] [odom] [warning] IMU bias estimation seems inaccurate.
[2026-07-08 17:18:09.380] [odom] [warning] Possibly T_lidar_imu is not accurate or LiDAR-IMU synchronization is not correct.
[2026-07-08 17:18:09.380] [odom] [warning] IMU bias validation results:
[2026-07-08 17:18:09.380] [odom] [warning] num_bias_validations=4352
[2026-07-08 17:18:09.380] [odom] [warning] bias_acc=[0.515, -0.709, 0.031] m/s^2, bias_gyro=[-0.018, -0.001, 0.001] rad/s
[2026-07-08 17:18:09.380] [odom] [warning] acc_stat ax=0.503 +- 0.253 [min=-0.006, max=0.758], ay=-0.311 +- 0.228 [min=-0.709, max=0.022], az=0.033 +- 0.009 [min=0.012, max=0.060] m/s^2
[2026-07-08 17:18:09.380] [odom] [warning] gyro_stat wx=-0.019 +- 0.001 [min=-0.020, max=-0.016], wy=0.000 +- 0.001 [min=-0.003, max=0.002], wz=0.001 +- 0.000 [min=0.001, max=0.001] rad/s
[2026-07-08 17:18:11.115] [glim] [info] playback speed: 4.101x
[2026-07-08 17:18:11.138] [odom] [warning] IMU prediction is not good.
[2026-07-08 17:18:11.138] [odom] [warning] Possibly T_lidar_imu is not accurate or IMU bias is not well estimated.
[2026-07-08 17:18:11.138] [odom] [warning] IMU validation results:
[2026-07-08 17:18:11.138] [odom] [warning] num_validations=4096
[2026-07-08 17:18:11.138] [odom] [warning] No-IMU errors rot=0.206 +- 0.297 deg, trans=0.020 +- 0.012 m, vel=0.026 +- 0.018 m/s
[2026-07-08 17:18:11.138] [odom] [warning] IMU errors rot=0.060 +- 0.050 deg, trans=0.023 +- 0.014 m, vel=0.066 +- 0.031 m/s
[2026-07-08 17:18:11.138] [odom] [warning] IMU better ratios rot=0.89, trans=0.04, vel=0.09
[2026-07-08 17:18:11.433] [odom] [warning] IMU bias estimation seems inaccurate.
[2026-07-08 17:18:11.433] [odom] [warning] Possibly T_lidar_imu is not accurate or LiDAR-IMU synchronization is not correct.
[2026-07-08 17:18:11.433] [odom] [warning] IMU bias validation results:
[2026-07-08 17:18:11.433] [odom] [warning] num_bias_validations=4416
[2026-07-08 17:18:11.433] [odom] [warning] bias_acc=[0.509, -0.711, 0.031] m/s^2, bias_gyro=[-0.018, -0.002, 0.001] rad/s
[2026-07-08 17:18:11.433] [odom] [warning] acc_stat ax=0.503 +- 0.251 [min=-0.006, max=0.758], ay=-0.316 +- 0.232 [min=-0.711, max=0.022], az=0.033 +- 0.009 [min=0.012, max=0.060] m/s^2
[2026-07-08 17:18:11.433] [odom] [warning] gyro_stat wx=-0.019 +- 0.001 [min=-0.020, max=-0.016], wy=0.000 +- 0.001 [min=-0.003, max=0.002], wz=0.001 +- 0.000 [min=0.001, max=0.001] rad/s
[2026-07-08 17:18:11.995] [odom] [warning] IMU prediction is not good.
[2026-07-08 17:18:11.995] [odom] [warning] Possibly T_lidar_imu is not accurate or IMU bias is not well estimated.
[2026-07-08 17:18:11.995] [odom] [warning] IMU validation results:
[2026-07-08 17:18:11.995] [odom] [warning] num_validations=4160
[2026-07-08 17:18:11.995] [odom] [warning] No-IMU errors rot=0.205 +- 0.295 deg, trans=0.020 +- 0.012 m, vel=0.026 +- 0.018 m/s
[2026-07-08 17:18:11.995] [odom] [warning] IMU errors rot=0.060 +- 0.050 deg, trans=0.023 +- 0.014 m, vel=0.065 +- 0.031 m/s
[2026-07-08 17:18:11.995] [odom] [warning] IMU better ratios rot=0.89, trans=0.04, vel=0.10
[2026-07-08 17:18:12.312] [odom] [warning] IMU bias estimation seems inaccurate.
[2026-07-08 17:18:12.312] [odom] [warning] Possibly T_lidar_imu is not accurate or LiDAR-IMU synchronization is not correct.
[2026-07-08 17:18:12.312] [odom] [warning] IMU bias validation results:
[2026-07-08 17:18:12.312] [odom] [warning] num_bias_validations=4480
[2026-07-08 17:18:12.312] [odom] [warning] bias_acc=[0.505, -0.712, 0.031] m/s^2, bias_gyro=[-0.018, -0.001, 0.001] rad/s
[2026-07-08 17:18:12.312] [odom] [warning] acc_stat ax=0.503 +- 0.249 [min=-0.006, max=0.758], ay=-0.322 +- 0.235 [min=-0.712, max=0.022], az=0.033 +- 0.009 [min=0.012, max=0.060] m/s^2
[2026-07-08 17:18:12.312] [odom] [warning] gyro_stat wx=-0.019 +- 0.001 [min=-0.020, max=-0.016], wy=0.000 +- 0.001 [min=-0.003, max=0.002], wz=0.001 +- 0.000 [min=0.001, max=0.001] rad/s
[2026-07-08 17:18:13.959] [odom] [warning] IMU prediction is not good.
[2026-07-08 17:18:13.959] [odom] [warning] Possibly T_lidar_imu is not accurate or IMU bias is not well estimated.
[2026-07-08 17:18:13.959] [odom] [warning] IMU validation results:
[2026-07-08 17:18:13.959] [odom] [warning] num_validations=4224
[2026-07-08 17:18:13.959] [odom] [warning] No-IMU errors rot=0.204 +- 0.293 deg, trans=0.020 +- 0.012 m, vel=0.026 +- 0.017 m/s
[2026-07-08 17:18:13.959] [odom] [warning] IMU errors rot=0.060 +- 0.050 deg, trans=0.022 +- 0.014 m, vel=0.065 +- 0.031 m/s
[2026-07-08 17:18:13.959] [odom] [warning] IMU better ratios rot=0.89, trans=0.04, vel=0.11
[2026-07-08 17:18:14.018] [odom] [warning] IMU bias estimation seems inaccurate.
[2026-07-08 17:18:14.018] [odom] [warning] Possibly T_lidar_imu is not accurate or LiDAR-IMU synchronization is not correct.
[2026-07-08 17:18:14.018] [odom] [warning] IMU bias validation results:
[2026-07-08 17:18:14.018] [odom] [warning] num_bias_validations=4544
[2026-07-08 17:18:14.018] [odom] [warning] bias_acc=[0.502, -0.714, 0.030] m/s^2, bias_gyro=[-0.018, -0.002, 0.001] rad/s
[2026-07-08 17:18:14.018] [odom] [warning] acc_stat ax=0.503 +- 0.248 [min=-0.006, max=0.758], ay=-0.328 +- 0.238 [min=-0.714, max=0.022], az=0.033 +- 0.009 [min=0.012, max=0.060] m/s^2
[2026-07-08 17:18:14.018] [odom] [warning] gyro_stat wx=-0.019 +- 0.001 [min=-0.020, max=-0.016], wy=0.000 +- 0.001 [min=-0.003, max=0.002], wz=0.001 +- 0.000 [min=0.001, max=0.001] rad/s
[2026-07-08 17:18:14.942] [odom] [warning] IMU prediction is not good.
[2026-07-08 17:18:14.942] [odom] [warning] Possibly T_lidar_imu is not accurate or IMU bias is not well estimated.
[2026-07-08 17:18:14.942] [odom] [warning] IMU validation results:
[2026-07-08 17:18:14.942] [odom] [warning] num_validations=4288
[2026-07-08 17:18:14.942] [odom] [warning] No-IMU errors rot=0.203 +- 0.292 deg, trans=0.019 +- 0.012 m, vel=0.026 +- 0.017 m/s
[2026-07-08 17:18:14.942] [odom] [warning] IMU errors rot=0.059 +- 0.050 deg, trans=0.022 +- 0.014 m, vel=0.064 +- 0.031 m/s
[2026-07-08 17:18:14.942] [odom] [warning] IMU better ratios rot=0.89, trans=0.05, vel=0.11
[2026-07-08 17:18:15.250] [odom] [warning] IMU bias estimation seems inaccurate.
[2026-07-08 17:18:15.250] [odom] [warning] Possibly T_lidar_imu is not accurate or LiDAR-IMU synchronization is not correct.
[2026-07-08 17:18:15.250] [odom] [warning] IMU bias validation results:
[2026-07-08 17:18:15.250] [odom] [warning] num_bias_validations=4608
[2026-07-08 17:18:15.250] [odom] [warning] bias_acc=[0.500, -0.717, 0.029] m/s^2, bias_gyro=[-0.018, -0.001, 0.001] rad/s
[2026-07-08 17:18:15.250] [odom] [warning] acc_stat ax=0.503 +- 0.246 [min=-0.006, max=0.758], ay=-0.333 +- 0.240 [min=-0.717, max=0.022], az=0.033 +- 0.009 [min=0.012, max=0.060] m/s^2
[2026-07-08 17:18:15.250] [odom] [warning] gyro_stat wx=-0.019 +- 0.001 [min=-0.020, max=-0.016], wy=0.000 +- 0.001 [min=-0.003, max=0.002], wz=0.001 +- 0.000 [min=0.001, max=0.001] rad/s
[2026-07-08 17:18:16.133] [glim] [info] playback speed: 4.690x
[2026-07-08 17:18:17.209] [odom] [warning] IMU bias estimation seems inaccurate.
[2026-07-08 17:18:17.209] [odom] [warning] Possibly T_lidar_imu is not accurate or LiDAR-IMU synchronization is not correct.
[2026-07-08 17:18:17.209] [odom] [warning] IMU bias validation results:
[2026-07-08 17:18:17.209] [odom] [warning] num_bias_validations=4672
[2026-07-08 17:18:17.209] [odom] [warning] bias_acc=[0.499, -0.719, 0.028] m/s^2, bias_gyro=[-0.019, -0.001, 0.001] rad/s
[2026-07-08 17:18:17.209] [odom] [warning] acc_stat ax=0.503 +- 0.244 [min=-0.006, max=0.758], ay=-0.338 +- 0.243 [min=-0.719, max=0.022], az=0.033 +- 0.009 [min=0.012, max=0.060] m/s^2
[2026-07-08 17:18:17.209] [odom] [warning] gyro_stat wx=-0.019 +- 0.001 [min=-0.020, max=-0.016], wy=0.000 +- 0.001 [min=-0.003, max=0.002], wz=0.001 +- 0.000 [min=0.001, max=0.001] rad/s
[2026-07-08 17:18:17.985] [odom] [warning] IMU prediction is not good.
[2026-07-08 17:18:17.985] [odom] [warning] Possibly T_lidar_imu is not accurate or IMU bias is not well estimated.
[2026-07-08 17:18:17.985] [odom] [warning] IMU validation results:
[2026-07-08 17:18:17.985] [odom] [warning] num_validations=4352
[2026-07-08 17:18:17.985] [odom] [warning] No-IMU errors rot=0.205 +- 0.291 deg, trans=0.019 +- 0.012 m, vel=0.026 +- 0.017 m/s
[2026-07-08 17:18:17.985] [odom] [warning] IMU errors rot=0.059 +- 0.050 deg, trans=0.022 +- 0.014 m, vel=0.063 +- 0.031 m/s
[2026-07-08 17:18:17.985] [odom] [warning] IMU better ratios rot=0.89, trans=0.05, vel=0.12
[2026-07-08 17:18:18.501] [odom] [warning] IMU bias estimation seems inaccurate.
[2026-07-08 17:18:18.501] [odom] [warning] Possibly T_lidar_imu is not accurate or LiDAR-IMU synchronization is not correct.
[2026-07-08 17:18:18.501] [odom] [warning] IMU bias validation results:
[2026-07-08 17:18:18.501] [odom] [warning] num_bias_validations=4736
[2026-07-08 17:18:18.501] [odom] [warning] bias_acc=[0.495, -0.723, 0.028] m/s^2, bias_gyro=[-0.019, 0.000, 0.001] rad/s
[2026-07-08 17:18:18.501] [odom] [warning] acc_stat ax=0.503 +- 0.243 [min=-0.006, max=0.758], ay=-0.343 +- 0.245 [min=-0.723, max=0.022], az=0.033 +- 0.009 [min=0.012, max=0.060] m/s^2
[2026-07-08 17:18:18.501] [odom] [warning] gyro_stat wx=-0.019 +- 0.001 [min=-0.020, max=-0.016], wy=0.000 +- 0.001 [min=-0.003, max=0.002], wz=0.001 +- 0.000 [min=0.001, max=0.001] rad/s
[2026-07-08 17:18:18.911] [odom] [warning] IMU prediction is not good.
[2026-07-08 17:18:18.911] [odom] [warning] Possibly T_lidar_imu is not accurate or IMU bias is not well estimated.
[2026-07-08 17:18:18.911] [odom] [warning] IMU validation results:
[2026-07-08 17:18:18.911] [odom] [warning] num_validations=4416
[2026-07-08 17:18:18.911] [odom] [warning] No-IMU errors rot=0.205 +- 0.290 deg, trans=0.019 +- 0.012 m, vel=0.026 +- 0.018 m/s
[2026-07-08 17:18:18.911] [odom] [warning] IMU errors rot=0.060 +- 0.050 deg, trans=0.022 +- 0.014 m, vel=0.063 +- 0.031 m/s
[2026-07-08 17:18:18.911] [odom] [warning] IMU better ratios rot=0.89, trans=0.05, vel=0.13
[2026-07-08 17:18:20.356] [odom] [warning] IMU bias estimation seems inaccurate.
[2026-07-08 17:18:20.357] [odom] [warning] Possibly T_lidar_imu is not accurate or LiDAR-IMU synchronization is not correct.
[2026-07-08 17:18:20.357] [odom] [warning] IMU bias validation results:
[2026-07-08 17:18:20.357] [odom] [warning] num_bias_validations=4800
[2026-07-08 17:18:20.357] [odom] [warning] bias_acc=[0.491, -0.727, 0.027] m/s^2, bias_gyro=[-0.019, 0.000, 0.001] rad/s
[2026-07-08 17:18:20.357] [odom] [warning] acc_stat ax=0.503 +- 0.241 [min=-0.006, max=0.758], ay=-0.349 +- 0.248 [min=-0.727, max=0.022], az=0.033 +- 0.009 [min=0.012, max=0.060] m/s^2
[2026-07-08 17:18:20.357] [odom] [warning] gyro_stat wx=-0.019 +- 0.001 [min=-0.020, max=-0.016], wy=0.000 +- 0.001 [min=-0.003, max=0.002], wz=0.001 +- 0.000 [min=0.001, max=0.001] rad/s
[2026-07-08 17:18:21.163] [glim] [info] playback speed: 3.771x
[2026-07-08 17:18:21.277] [odom] [warning] IMU prediction is not good.
[2026-07-08 17:18:21.277] [odom] [warning] Possibly T_lidar_imu is not accurate or IMU bias is not well estimated.
[2026-07-08 17:18:21.277] [odom] [warning] IMU validation results:
[2026-07-08 17:18:21.277] [odom] [warning] num_validations=4480
[2026-07-08 17:18:21.277] [odom] [warning] No-IMU errors rot=0.205 +- 0.288 deg, trans=0.019 +- 0.012 m, vel=0.026 +- 0.017 m/s
[2026-07-08 17:18:21.277] [odom] [warning] IMU errors rot=0.060 +- 0.050 deg, trans=0.022 +- 0.014 m, vel=0.062 +- 0.031 m/s
[2026-07-08 17:18:21.277] [odom] [warning] IMU better ratios rot=0.89, trans=0.05, vel=0.13
[2026-07-08 17:18:23.054] [odom] [warning] IMU bias estimation seems inaccurate.
[2026-07-08 17:18:23.054] [odom] [warning] Possibly T_lidar_imu is not accurate or LiDAR-IMU synchronization is not correct.
[2026-07-08 17:18:23.054] [odom] [warning] IMU bias validation results:
[2026-07-08 17:18:23.054] [odom] [warning] num_bias_validations=4864
[2026-07-08 17:18:23.054] [odom] [warning] bias_acc=[0.485, -0.733, 0.027] m/s^2, bias_gyro=[-0.019, 0.000, 0.001] rad/s
[2026-07-08 17:18:23.054] [odom] [warning] acc_stat ax=0.502 +- 0.239 [min=-0.006, max=0.758], ay=-0.354 +- 0.250 [min=-0.733, max=0.022], az=0.033 +- 0.009 [min=0.012, max=0.060] m/s^2
[2026-07-08 17:18:23.054] [odom] [warning] gyro_stat wx=-0.019 +- 0.001 [min=-0.020, max=-0.016], wy=0.000 +- 0.001 [min=-0.003, max=0.002], wz=0.001 +- 0.000 [min=0.001, max=0.001] rad/s
[2026-07-08 17:18:23.241] [odom] [warning] IMU prediction is not good.
[2026-07-08 17:18:23.241] [odom] [warning] Possibly T_lidar_imu is not accurate or IMU bias is not well estimated.
[2026-07-08 17:18:23.241] [odom] [warning] IMU validation results:
[2026-07-08 17:18:23.241] [odom] [warning] num_validations=4544
[2026-07-08 17:18:23.241] [odom] [warning] No-IMU errors rot=0.204 +- 0.286 deg, trans=0.019 +- 0.012 m, vel=0.026 +- 0.017 m/s
[2026-07-08 17:18:23.241] [odom] [warning] IMU errors rot=0.060 +- 0.049 deg, trans=0.022 +- 0.014 m, vel=0.062 +- 0.031 m/s
[2026-07-08 17:18:23.241] [odom] [warning] IMU better ratios rot=0.89, trans=0.05, vel=0.13
[2026-07-08 17:18:23.854] [odom] [warning] IMU bias estimation seems inaccurate.
[2026-07-08 17:18:23.854] [odom] [warning] Possibly T_lidar_imu is not accurate or LiDAR-IMU synchronization is not correct.
[2026-07-08 17:18:23.854] [odom] [warning] IMU bias validation results:
[2026-07-08 17:18:23.854] [odom] [warning] num_bias_validations=4928
[2026-07-08 17:18:23.854] [odom] [warning] bias_acc=[0.478, -0.742, 0.027] m/s^2, bias_gyro=[-0.019, 0.001, 0.001] rad/s
[2026-07-08 17:18:23.854] [odom] [warning] acc_stat ax=0.502 +- 0.238 [min=-0.006, max=0.758], ay=-0.359 +- 0.252 [min=-0.742, max=0.022], az=0.033 +- 0.009 [min=0.012, max=0.060] m/s^2
[2026-07-08 17:18:23.854] [odom] [warning] gyro_stat wx=-0.019 +- 0.001 [min=-0.020, max=-0.016], wy=0.000 +- 0.001 [min=-0.003, max=0.002], wz=0.001 +- 0.000 [min=0.001, max=0.001] rad/s
[2026-07-08 17:18:24.881] [odom] [warning] IMU prediction is not good.
[2026-07-08 17:18:24.881] [odom] [warning] Possibly T_lidar_imu is not accurate or IMU bias is not well estimated.
[2026-07-08 17:18:24.881] [odom] [warning] IMU validation results:
[2026-07-08 17:18:24.881] [odom] [warning] num_validations=4608
[2026-07-08 17:18:24.881] [odom] [warning] No-IMU errors rot=0.203 +- 0.284 deg, trans=0.019 +- 0.012 m, vel=0.026 +- 0.017 m/s
[2026-07-08 17:18:24.881] [odom] [warning] IMU errors rot=0.059 +- 0.049 deg, trans=0.022 +- 0.014 m, vel=0.062 +- 0.031 m/s
[2026-07-08 17:18:24.881] [odom] [warning] IMU better ratios rot=0.89, trans=0.05, vel=0.12
[2026-07-08 17:18:26.202] [glim] [info] playback speed: 3.241x
[2026-07-08 17:18:26.339] [odom] [warning] IMU bias estimation seems inaccurate.
[2026-07-08 17:18:26.339] [odom] [warning] Possibly T_lidar_imu is not accurate or LiDAR-IMU synchronization is not correct.
[2026-07-08 17:18:26.339] [odom] [warning] IMU bias validation results:
[2026-07-08 17:18:26.339] [odom] [warning] num_bias_validations=4992
[2026-07-08 17:18:26.339] [odom] [warning] bias_acc=[0.471, -0.751, 0.027] m/s^2, bias_gyro=[-0.019, 0.001, 0.001] rad/s
[2026-07-08 17:18:26.339] [odom] [warning] acc_stat ax=0.502 +- 0.236 [min=-0.006, max=0.758], ay=-0.364 +- 0.254 [min=-0.751, max=0.022], az=0.033 +- 0.009 [min=0.012, max=0.060] m/s^2
[2026-07-08 17:18:26.339] [odom] [warning] gyro_stat wx=-0.019 +- 0.001 [min=-0.020, max=-0.016], wy=0.000 +- 0.001 [min=-0.003, max=0.002], wz=0.001 +- 0.000 [min=0.001, max=0.001] rad/s
[2026-07-08 17:18:26.550] [odom] [warning] IMU prediction is not good.
[2026-07-08 17:18:26.550] [odom] [warning] Possibly T_lidar_imu is not accurate or IMU bias is not well estimated.
[2026-07-08 17:18:26.550] [odom] [warning] IMU validation results:
[2026-07-08 17:18:26.550] [odom] [warning] num_validations=4672
[2026-07-08 17:18:26.550] [odom] [warning] No-IMU errors rot=0.202 +- 0.283 deg, trans=0.019 +- 0.012 m, vel=0.026 +- 0.017 m/s
[2026-07-08 17:18:26.550] [odom] [warning] IMU errors rot=0.059 +- 0.049 deg, trans=0.021 +- 0.013 m, vel=0.062 +- 0.031 m/s
[2026-07-08 17:18:26.550] [odom] [warning] IMU better ratios rot=0.89, trans=0.05, vel=0.12
[2026-07-08 17:18:27.466] [odom] [warning] IMU bias estimation seems inaccurate.
[2026-07-08 17:18:27.466] [odom] [warning] Possibly T_lidar_imu is not accurate or LiDAR-IMU synchronization is not correct.
[2026-07-08 17:18:27.466] [odom] [warning] IMU bias validation results:
[2026-07-08 17:18:27.466] [odom] [warning] num_bias_validations=5056
[2026-07-08 17:18:27.466] [odom] [warning] bias_acc=[0.463, -0.761, 0.027] m/s^2, bias_gyro=[-0.019, 0.001, 0.001] rad/s
[2026-07-08 17:18:27.466] [odom] [warning] acc_stat ax=0.501 +- 0.235 [min=-0.006, max=0.758], ay=-0.369 +- 0.257 [min=-0.761, max=0.022], az=0.033 +- 0.009 [min=0.012, max=0.060] m/s^2
[2026-07-08 17:18:27.466] [odom] [warning] gyro_stat wx=-0.019 +- 0.001 [min=-0.020, max=-0.016], wy=0.000 +- 0.001 [min=-0.003, max=0.002], wz=0.001 +- 0.000 [min=0.001, max=0.001] rad/s
[2026-07-08 17:18:28.322] [odom] [warning] IMU prediction is not good.
[2026-07-08 17:18:28.322] [odom] [warning] Possibly T_lidar_imu is not accurate or IMU bias is not well estimated.
[2026-07-08 17:18:28.322] [odom] [warning] IMU validation results:
[2026-07-08 17:18:28.322] [odom] [warning] num_validations=4736
[2026-07-08 17:18:28.322] [odom] [warning] No-IMU errors rot=0.201 +- 0.281 deg, trans=0.019 +- 0.012 m, vel=0.026 +- 0.017 m/s
[2026-07-08 17:18:28.322] [odom] [warning] IMU errors rot=0.059 +- 0.049 deg, trans=0.022 +- 0.013 m, vel=0.062 +- 0.031 m/s
[2026-07-08 17:18:28.322] [odom] [warning] IMU better ratios rot=0.89, trans=0.05, vel=0.12
[2026-07-08 17:18:29.073] [odom] [warning] IMU bias estimation seems inaccurate.
[2026-07-08 17:18:29.073] [odom] [warning] Possibly T_lidar_imu is not accurate or LiDAR-IMU synchronization is not correct.
[2026-07-08 17:18:29.073] [odom] [warning] IMU bias validation results:
[2026-07-08 17:18:29.073] [odom] [warning] num_bias_validations=5120
[2026-07-08 17:18:29.073] [odom] [warning] bias_acc=[0.454, -0.772, 0.028] m/s^2, bias_gyro=[-0.019, 0.001, 0.001] rad/s
[2026-07-08 17:18:29.073] [odom] [warning] acc_stat ax=0.501 +- 0.233 [min=-0.006, max=0.758], ay=-0.374 +- 0.259 [min=-0.772, max=0.022], az=0.033 +- 0.009 [min=0.012, max=0.060] m/s^2
[2026-07-08 17:18:29.073] [odom] [warning] gyro_stat wx=-0.019 +- 0.001 [min=-0.020, max=-0.016], wy=0.000 +- 0.001 [min=-0.003, max=0.002], wz=0.001 +- 0.000 [min=0.001, max=0.001] rad/s
[2026-07-08 17:18:30.147] [odom] [warning] IMU prediction is not good.
[2026-07-08 17:18:30.147] [odom] [warning] Possibly T_lidar_imu is not accurate or IMU bias is not well estimated.
[2026-07-08 17:18:30.147] [odom] [warning] IMU validation results:
[2026-07-08 17:18:30.147] [odom] [warning] num_validations=4800
[2026-07-08 17:18:30.147] [odom] [warning] No-IMU errors rot=0.202 +- 0.281 deg, trans=0.019 +- 0.012 m, vel=0.026 +- 0.017 m/s
[2026-07-08 17:18:30.147] [odom] [warning] IMU errors rot=0.060 +- 0.049 deg, trans=0.022 +- 0.013 m, vel=0.062 +- 0.031 m/s
[2026-07-08 17:18:30.147] [odom] [warning] IMU better ratios rot=0.89, trans=0.05, vel=0.12
[2026-07-08 17:18:30.445] [odom] [warning] IMU bias estimation seems inaccurate.
[2026-07-08 17:18:30.445] [odom] [warning] Possibly T_lidar_imu is not accurate or LiDAR-IMU synchronization is not correct.
[2026-07-08 17:18:30.445] [odom] [warning] IMU bias validation results:
[2026-07-08 17:18:30.445] [odom] [warning] num_bias_validations=5184
[2026-07-08 17:18:30.445] [odom] [warning] bias_acc=[0.440, -0.780, 0.028] m/s^2, bias_gyro=[-0.019, 0.001, 0.001] rad/s
[2026-07-08 17:18:30.445] [odom] [warning] acc_stat ax=0.500 +- 0.232 [min=-0.006, max=0.758], ay=-0.379 +- 0.261 [min=-0.780, max=0.022], az=0.032 +- 0.009 [min=0.012, max=0.060] m/s^2
[2026-07-08 17:18:30.445] [odom] [warning] gyro_stat wx=-0.019 +- 0.001 [min=-0.020, max=-0.016], wy=0.000 +- 0.001 [min=-0.003, max=0.002], wz=0.001 +- 0.000 [min=0.001, max=0.001] rad/s
[2026-07-08 17:18:31.230] [glim] [info] playback speed: 4.479x
[2026-07-08 17:18:31.370] [odom] [warning] IMU prediction is not good.
[2026-07-08 17:18:31.370] [odom] [warning] Possibly T_lidar_imu is not accurate or IMU bias is not well estimated.
[2026-07-08 17:18:31.370] [odom] [warning] IMU validation results:
[2026-07-08 17:18:31.370] [odom] [warning] num_validations=4864
[2026-07-08 17:18:31.370] [odom] [warning] No-IMU errors rot=0.203 +- 0.283 deg, trans=0.019 +- 0.012 m, vel=0.026 +- 0.017 m/s
[2026-07-08 17:18:31.370] [odom] [warning] IMU errors rot=0.060 +- 0.050 deg, trans=0.022 +- 0.013 m, vel=0.062 +- 0.030 m/s
[2026-07-08 17:18:31.370] [odom] [warning] IMU better ratios rot=0.89, trans=0.05, vel=0.12
[2026-07-08 17:18:32.680] [odom] [warning] IMU bias estimation seems inaccurate.
[2026-07-08 17:18:32.680] [odom] [warning] Possibly T_lidar_imu is not accurate or LiDAR-IMU synchronization is not correct.
[2026-07-08 17:18:32.680] [odom] [warning] IMU bias validation results:
[2026-07-08 17:18:32.680] [odom] [warning] num_bias_validations=5248
[2026-07-08 17:18:32.680] [odom] [warning] bias_acc=[0.425, -0.789, 0.030] m/s^2, bias_gyro=[-0.019, 0.001, 0.001] rad/s
[2026-07-08 17:18:32.680] [odom] [warning] acc_stat ax=0.499 +- 0.231 [min=-0.006, max=0.758], ay=-0.384 +- 0.264 [min=-0.789, max=0.022], az=0.032 +- 0.009 [min=0.012, max=0.060] m/s^2
[2026-07-08 17:18:32.680] [odom] [warning] gyro_stat wx=-0.019 +- 0.001 [min=-0.020, max=-0.016], wy=0.000 +- 0.001 [min=-0.003, max=0.002], wz=0.001 +- 0.000 [min=0.001, max=0.001] rad/s
[2026-07-08 17:18:33.896] [odom] [warning] IMU prediction is not good.
[2026-07-08 17:18:33.896] [odom] [warning] Possibly T_lidar_imu is not accurate or IMU bias is not well estimated.
[2026-07-08 17:18:33.896] [odom] [warning] IMU validation results:
[2026-07-08 17:18:33.896] [odom] [warning] num_validations=4928
[2026-07-08 17:18:33.896] [odom] [warning] No-IMU errors rot=0.203 +- 0.285 deg, trans=0.019 +- 0.012 m, vel=0.026 +- 0.017 m/s
[2026-07-08 17:18:33.896] [odom] [warning] IMU errors rot=0.060 +- 0.050 deg, trans=0.022 +- 0.013 m, vel=0.062 +- 0.030 m/s
[2026-07-08 17:18:33.896] [odom] [warning] IMU better ratios rot=0.88, trans=0.05, vel=0.12
[2026-07-08 17:18:35.799] [odom] [warning] IMU bias estimation seems inaccurate.
[2026-07-08 17:18:35.799] [odom] [warning] Possibly T_lidar_imu is not accurate or LiDAR-IMU synchronization is not correct.
[2026-07-08 17:18:35.799] [odom] [warning] IMU bias validation results:
[2026-07-08 17:18:35.799] [odom] [warning] num_bias_validations=5312
[2026-07-08 17:18:35.799] [odom] [warning] bias_acc=[0.413, -0.798, 0.031] m/s^2, bias_gyro=[-0.019, 0.001, 0.001] rad/s
[2026-07-08 17:18:35.799] [odom] [warning] acc_stat ax=0.498 +- 0.230 [min=-0.006, max=0.758], ay=-0.389 +- 0.266 [min=-0.798, max=0.022], az=0.032 +- 0.009 [min=0.012, max=0.060] m/s^2
[2026-07-08 17:18:35.799] [odom] [warning] gyro_stat wx=-0.019 +- 0.001 [min=-0.020, max=-0.016], wy=0.000 +- 0.001 [min=-0.003, max=0.002], wz=0.001 +- 0.000 [min=0.001, max=0.001] rad/s
[2026-07-08 17:18:36.004] [odom] [warning] IMU prediction is not good.
[2026-07-08 17:18:36.004] [odom] [warning] Possibly T_lidar_imu is not accurate or IMU bias is not well estimated.
[2026-07-08 17:18:36.004] [odom] [warning] IMU validation results:
[2026-07-08 17:18:36.004] [odom] [warning] num_validations=4992
[2026-07-08 17:18:36.004] [odom] [warning] No-IMU errors rot=0.203 +- 0.283 deg, trans=0.019 +- 0.012 m, vel=0.026 +- 0.017 m/s
[2026-07-08 17:18:36.004] [odom] [warning] IMU errors rot=0.060 +- 0.050 deg, trans=0.022 +- 0.013 m, vel=0.062 +- 0.030 m/s
[2026-07-08 17:18:36.004] [odom] [warning] IMU better ratios rot=0.88, trans=0.05, vel=0.12
[2026-07-08 17:18:36.249] [glim] [info] playback speed: 2.991x
[2026-07-08 17:18:37.101] [odom] [warning] IMU bias estimation seems inaccurate.
[2026-07-08 17:18:37.101] [odom] [warning] Possibly T_lidar_imu is not accurate or LiDAR-IMU synchronization is not correct.
[2026-07-08 17:18:37.101] [odom] [warning] IMU bias validation results:
[2026-07-08 17:18:37.101] [odom] [warning] num_bias_validations=5376
[2026-07-08 17:18:37.101] [odom] [warning] bias_acc=[0.398, -0.811, 0.033] m/s^2, bias_gyro=[-0.020, 0.002, 0.002] rad/s
[2026-07-08 17:18:37.101] [odom] [warning] acc_stat ax=0.497 +- 0.229 [min=-0.006, max=0.758], ay=-0.394 +- 0.268 [min=-0.811, max=0.022], az=0.032 +- 0.009 [min=0.012, max=0.060] m/s^2
[2026-07-08 17:18:37.101] [odom] [warning] gyro_stat wx=-0.019 +- 0.001 [min=-0.020, max=-0.016], wy=0.000 +- 0.001 [min=-0.003, max=0.002], wz=0.001 +- 0.000 [min=0.001, max=0.002] rad/s
[2026-07-08 17:18:38.323] [odom] [warning] IMU prediction is not good.
[2026-07-08 17:18:38.323] [odom] [warning] Possibly T_lidar_imu is not accurate or IMU bias is not well estimated.
[2026-07-08 17:18:38.323] [odom] [warning] IMU validation results:
[2026-07-08 17:18:38.323] [odom] [warning] num_validations=5056
[2026-07-08 17:18:38.323] [odom] [warning] No-IMU errors rot=0.202 +- 0.282 deg, trans=0.019 +- 0.012 m, vel=0.026 +- 0.017 m/s
[2026-07-08 17:18:38.323] [odom] [warning] IMU errors rot=0.061 +- 0.050 deg, trans=0.022 +- 0.013 m, vel=0.062 +- 0.030 m/s
[2026-07-08 17:18:38.323] [odom] [warning] IMU better ratios rot=0.88, trans=0.05, vel=0.11
[2026-07-08 17:18:39.330] [odom] [warning] IMU bias estimation seems inaccurate.
[2026-07-08 17:18:39.330] [odom] [warning] Possibly T_lidar_imu is not accurate or LiDAR-IMU synchronization is not correct.
[2026-07-08 17:18:39.330] [odom] [warning] IMU bias validation results:
[2026-07-08 17:18:39.330] [odom] [warning] num_bias_validations=5440
[2026-07-08 17:18:39.330] [odom] [warning] bias_acc=[0.385, -0.822, 0.034] m/s^2, bias_gyro=[-0.019, 0.001, 0.001] rad/s
[2026-07-08 17:18:39.330] [odom] [warning] acc_stat ax=0.495 +- 0.228 [min=-0.006, max=0.758], ay=-0.399 +- 0.271 [min=-0.822, max=0.022], az=0.032 +- 0.009 [min=0.012, max=0.060] m/s^2
[2026-07-08 17:18:39.330] [odom] [warning] gyro_stat wx=-0.019 +- 0.001 [min=-0.020, max=-0.016], wy=0.000 +- 0.001 [min=-0.003, max=0.002], wz=0.001 +- 0.000 [min=0.001, max=0.002] rad/s
[2026-07-08 17:18:40.199] [odom] [warning] IMU prediction is not good.
[2026-07-08 17:18:40.199] [odom] [warning] Possibly T_lidar_imu is not accurate or IMU bias is not well estimated.
[2026-07-08 17:18:40.199] [odom] [warning] IMU validation results:
[2026-07-08 17:18:40.199] [odom] [warning] num_validations=5120
[2026-07-08 17:18:40.199] [odom] [warning] No-IMU errors rot=0.201 +- 0.280 deg, trans=0.019 +- 0.012 m, vel=0.026 +- 0.017 m/s
[2026-07-08 17:18:40.199] [odom] [warning] IMU errors rot=0.060 +- 0.050 deg, trans=0.022 +- 0.013 m, vel=0.062 +- 0.030 m/s
[2026-07-08 17:18:40.199] [odom] [warning] IMU better ratios rot=0.88, trans=0.05, vel=0.11
[2026-07-08 17:18:41.286] [glim] [info] playback speed: 2.940x
[2026-07-08 17:18:41.544] [odom] [warning] IMU bias estimation seems inaccurate.
[2026-07-08 17:18:41.544] [odom] [warning] Possibly T_lidar_imu is not accurate or LiDAR-IMU synchronization is not correct.
[2026-07-08 17:18:41.544] [odom] [warning] IMU bias validation results:
[2026-07-08 17:18:41.544] [odom] [warning] num_bias_validations=5504
[2026-07-08 17:18:41.544] [odom] [warning] bias_acc=[0.375, -0.833, 0.036] m/s^2, bias_gyro=[-0.019, 0.001, 0.001] rad/s
[2026-07-08 17:18:41.544] [odom] [warning] acc_stat ax=0.494 +- 0.227 [min=-0.006, max=0.758], ay=-0.404 +- 0.273 [min=-0.833, max=0.022], az=0.032 +- 0.008 [min=0.012, max=0.060] m/s^2
[2026-07-08 17:18:41.544] [odom] [warning] gyro_stat wx=-0.019 +- 0.001 [min=-0.020, max=-0.016], wy=0.000 +- 0.001 [min=-0.003, max=0.002], wz=0.001 +- 0.000 [min=0.001, max=0.002] rad/s
[2026-07-08 17:18:42.263] [odom] [warning] IMU prediction is not good.
[2026-07-08 17:18:42.263] [odom] [warning] Possibly T_lidar_imu is not accurate or IMU bias is not well estimated.
[2026-07-08 17:18:42.263] [odom] [warning] IMU validation results:
[2026-07-08 17:18:42.263] [odom] [warning] num_validations=5184
[2026-07-08 17:18:42.263] [odom] [warning] No-IMU errors rot=0.200 +- 0.279 deg, trans=0.019 +- 0.011 m, vel=0.026 +- 0.017 m/s
[2026-07-08 17:18:42.263] [odom] [warning] IMU errors rot=0.060 +- 0.050 deg, trans=0.022 +- 0.013 m, vel=0.062 +- 0.030 m/s
[2026-07-08 17:18:42.263] [odom] [warning] IMU better ratios rot=0.88, trans=0.05, vel=0.11
[2026-07-08 17:18:43.753] [odom] [warning] IMU bias estimation seems inaccurate.
[2026-07-08 17:18:43.753] [odom] [warning] Possibly T_lidar_imu is not accurate or LiDAR-IMU synchronization is not correct.
[2026-07-08 17:18:43.753] [odom] [warning] IMU bias validation results:
[2026-07-08 17:18:43.753] [odom] [warning] num_bias_validations=5568
[2026-07-08 17:18:43.753] [odom] [warning] bias_acc=[0.363, -0.844, 0.038] m/s^2, bias_gyro=[-0.019, 0.001, 0.001] rad/s
[2026-07-08 17:18:43.753] [odom] [warning] acc_stat ax=0.493 +- 0.226 [min=-0.006, max=0.758], ay=-0.409 +- 0.275 [min=-0.844, max=0.022], az=0.033 +- 0.008 [min=0.012, max=0.060] m/s^2
[2026-07-08 17:18:43.753] [odom] [warning] gyro_stat wx=-0.019 +- 0.001 [min=-0.020, max=-0.016], wy=0.000 +- 0.001 [min=-0.003, max=0.002], wz=0.001 +- 0.000 [min=0.001, max=0.002] rad/s
[2026-07-08 17:18:44.221] [odom] [warning] IMU prediction is not good.
[2026-07-08 17:18:44.221] [odom] [warning] Possibly T_lidar_imu is not accurate or IMU bias is not well estimated.
[2026-07-08 17:18:44.221] [odom] [warning] IMU validation results:
[2026-07-08 17:18:44.221] [odom] [warning] num_validations=5248
[2026-07-08 17:18:44.221] [odom] [warning] No-IMU errors rot=0.199 +- 0.277 deg, trans=0.019 +- 0.011 m, vel=0.026 +- 0.017 m/s
[2026-07-08 17:18:44.221] [odom] [warning] IMU errors rot=0.060 +- 0.049 deg, trans=0.022 +- 0.013 m, vel=0.062 +- 0.030 m/s
[2026-07-08 17:18:44.221] [odom] [warning] IMU better ratios rot=0.88, trans=0.05, vel=0.11
[2026-07-08 17:18:45.839] [odom] [warning] IMU bias estimation seems inaccurate.
[2026-07-08 17:18:45.839] [odom] [warning] Possibly T_lidar_imu is not accurate or LiDAR-IMU synchronization is not correct.
[2026-07-08 17:18:45.839] [odom] [warning] IMU bias validation results:
[2026-07-08 17:18:45.839] [odom] [warning] num_bias_validations=5632
[2026-07-08 17:18:45.839] [odom] [warning] bias_acc=[0.352, -0.855, 0.039] m/s^2, bias_gyro=[-0.019, 0.001, 0.002] rad/s
[2026-07-08 17:18:45.839] [odom] [warning] acc_stat ax=0.491 +- 0.225 [min=-0.006, max=0.758], ay=-0.414 +- 0.278 [min=-0.855, max=0.022], az=0.033 +- 0.008 [min=0.012, max=0.060] m/s^2
[2026-07-08 17:18:45.839] [odom] [warning] gyro_stat wx=-0.019 +- 0.001 [min=-0.020, max=-0.016], wy=0.000 +- 0.001 [min=-0.003, max=0.002], wz=0.001 +- 0.000 [min=0.001, max=0.002] rad/s
[2026-07-08 17:18:46.259] [odom] [warning] IMU prediction is not good.
[2026-07-08 17:18:46.259] [odom] [warning] Possibly T_lidar_imu is not accurate or IMU bias is not well estimated.
[2026-07-08 17:18:46.259] [odom] [warning] IMU validation results:
[2026-07-08 17:18:46.259] [odom] [warning] num_validations=5312
[2026-07-08 17:18:46.259] [odom] [warning] No-IMU errors rot=0.198 +- 0.276 deg, trans=0.019 +- 0.011 m, vel=0.026 +- 0.017 m/s
[2026-07-08 17:18:46.259] [odom] [warning] IMU errors rot=0.060 +- 0.049 deg, trans=0.022 +- 0.013 m, vel=0.062 +- 0.029 m/s
[2026-07-08 17:18:46.259] [odom] [warning] IMU better ratios rot=0.88, trans=0.05, vel=0.11
[2026-07-08 17:18:46.286] [glim] [info] playback speed: 3.164x
[2026-07-08 17:18:46.956] [odom] [warning] IMU bias estimation seems inaccurate.
[2026-07-08 17:18:46.956] [odom] [warning] Possibly T_lidar_imu is not accurate or LiDAR-IMU synchronization is not correct.
[2026-07-08 17:18:46.956] [odom] [warning] IMU bias validation results:
[2026-07-08 17:18:46.956] [odom] [warning] num_bias_validations=5696
[2026-07-08 17:18:46.956] [odom] [warning] bias_acc=[0.341, -0.866, 0.041] m/s^2, bias_gyro=[-0.019, 0.001, 0.002] rad/s
[2026-07-08 17:18:46.956] [odom] [warning] acc_stat ax=0.489 +- 0.224 [min=-0.006, max=0.758], ay=-0.419 +- 0.280 [min=-0.866, max=0.022], az=0.033 +- 0.008 [min=0.012, max=0.060] m/s^2
[2026-07-08 17:18:46.956] [odom] [warning] gyro_stat wx=-0.019 +- 0.001 [min=-0.020, max=-0.016], wy=0.000 +- 0.001 [min=-0.003, max=0.002], wz=0.001 +- 0.000 [min=0.001, max=0.002] rad/s
[2026-07-08 17:18:47.842] [odom] [warning] IMU prediction is not good.
[2026-07-08 17:18:47.842] [odom] [warning] Possibly T_lidar_imu is not accurate or IMU bias is not well estimated.
[2026-07-08 17:18:47.842] [odom] [warning] IMU validation results:
[2026-07-08 17:18:47.842] [odom] [warning] num_validations=5376
[2026-07-08 17:18:47.842] [odom] [warning] No-IMU errors rot=0.197 +- 0.275 deg, trans=0.019 +- 0.011 m, vel=0.026 +- 0.017 m/s
[2026-07-08 17:18:47.842] [odom] [warning] IMU errors rot=0.060 +- 0.049 deg, trans=0.022 +- 0.013 m, vel=0.062 +- 0.029 m/s
[2026-07-08 17:18:47.842] [odom] [warning] IMU better ratios rot=0.88, trans=0.05, vel=0.11
[2026-07-08 17:18:49.792] [odom] [warning] IMU bias estimation seems inaccurate.
[2026-07-08 17:18:49.792] [odom] [warning] Possibly T_lidar_imu is not accurate or LiDAR-IMU synchronization is not correct.
[2026-07-08 17:18:49.792] [odom] [warning] IMU bias validation results:
[2026-07-08 17:18:49.792] [odom] [warning] num_bias_validations=5760
[2026-07-08 17:18:49.792] [odom] [warning] bias_acc=[0.330, -0.875, 0.041] m/s^2, bias_gyro=[-0.019, 0.001, 0.001] rad/s
[2026-07-08 17:18:49.792] [odom] [warning] acc_stat ax=0.487 +- 0.224 [min=-0.006, max=0.758], ay=-0.424 +- 0.283 [min=-0.875, max=0.022], az=0.033 +- 0.008 [min=0.012, max=0.060] m/s^2
[2026-07-08 17:18:49.792] [odom] [warning] gyro_stat wx=-0.019 +- 0.001 [min=-0.020, max=-0.016], wy=0.000 +- 0.001 [min=-0.003, max=0.002], wz=0.001 +- 0.000 [min=0.001, max=0.002] rad/s
[2026-07-08 17:18:50.185] [odom] [warning] IMU prediction is not good.
[2026-07-08 17:18:50.185] [odom] [warning] Possibly T_lidar_imu is not accurate or IMU bias is not well estimated.
[2026-07-08 17:18:50.185] [odom] [warning] IMU validation results:
[2026-07-08 17:18:50.185] [odom] [warning] num_validations=5440
[2026-07-08 17:18:50.185] [odom] [warning] No-IMU errors rot=0.196 +- 0.273 deg, trans=0.019 +- 0.011 m, vel=0.026 +- 0.017 m/s
[2026-07-08 17:18:50.185] [odom] [warning] IMU errors rot=0.060 +- 0.049 deg, trans=0.022 +- 0.013 m, vel=0.062 +- 0.029 m/s
[2026-07-08 17:18:50.185] [odom] [warning] IMU better ratios rot=0.88, trans=0.04, vel=0.11
[2026-07-08 17:18:50.899] [odom] [warning] IMU bias estimation seems inaccurate.
[2026-07-08 17:18:50.899] [odom] [warning] Possibly T_lidar_imu is not accurate or LiDAR-IMU synchronization is not correct.
[2026-07-08 17:18:50.899] [odom] [warning] IMU bias validation results:
[2026-07-08 17:18:50.899] [odom] [warning] num_bias_validations=5824
[2026-07-08 17:18:50.899] [odom] [warning] bias_acc=[0.318, -0.883, 0.042] m/s^2, bias_gyro=[-0.019, 0.001, 0.001] rad/s
[2026-07-08 17:18:50.899] [odom] [warning] acc_stat ax=0.486 +- 0.223 [min=-0.006, max=0.758], ay=-0.429 +- 0.285 [min=-0.883, max=0.022], az=0.033 +- 0.008 [min=0.012, max=0.060] m/s^2
[2026-07-08 17:18:50.899] [odom] [warning] gyro_stat wx=-0.019 +- 0.001 [min=-0.020, max=-0.016], wy=0.000 +- 0.001 [min=-0.003, max=0.002], wz=0.001 +- 0.000 [min=0.001, max=0.002] rad/s
[2026-07-08 17:18:51.294] [glim] [info] playback speed: 3.688x
[2026-07-08 17:18:51.848] [odom] [warning] IMU prediction is not good.
[2026-07-08 17:18:51.848] [odom] [warning] Possibly T_lidar_imu is not accurate or IMU bias is not well estimated.
[2026-07-08 17:18:51.848] [odom] [warning] IMU validation results:
[2026-07-08 17:18:51.848] [odom] [warning] num_validations=5504
[2026-07-08 17:18:51.848] [odom] [warning] No-IMU errors rot=0.195 +- 0.272 deg, trans=0.019 +- 0.011 m, vel=0.026 +- 0.017 m/s
[2026-07-08 17:18:51.848] [odom] [warning] IMU errors rot=0.059 +- 0.049 deg, trans=0.022 +- 0.013 m, vel=0.062 +- 0.029 m/s
[2026-07-08 17:18:51.848] [odom] [warning] IMU better ratios rot=0.88, trans=0.04, vel=0.11
[2026-07-08 17:18:53.369] [odom] [warning] IMU bias estimation seems inaccurate.
[2026-07-08 17:18:53.369] [odom] [warning] Possibly T_lidar_imu is not accurate or LiDAR-IMU synchronization is not correct.
[2026-07-08 17:18:53.369] [odom] [warning] IMU bias validation results:
[2026-07-08 17:18:53.369] [odom] [warning] num_bias_validations=5888
[2026-07-08 17:18:53.369] [odom] [warning] bias_acc=[0.307, -0.887, 0.043] m/s^2, bias_gyro=[-0.019, 0.001, 0.001] rad/s
[2026-07-08 17:18:53.369] [odom] [warning] acc_stat ax=0.484 +- 0.223 [min=-0.006, max=0.758], ay=-0.434 +- 0.288 [min=-0.887, max=0.022], az=0.033 +- 0.008 [min=0.012, max=0.060] m/s^2
[2026-07-08 17:18:53.369] [odom] [warning] gyro_stat wx=-0.019 +- 0.001 [min=-0.020, max=-0.016], wy=0.000 +- 0.001 [min=-0.003, max=0.002], wz=0.001 +- 0.000 [min=0.001, max=0.002] rad/s
[2026-07-08 17:18:53.576] [odom] [warning] IMU prediction is not good.
[2026-07-08 17:18:53.576] [odom] [warning] Possibly T_lidar_imu is not accurate or IMU bias is not well estimated.
[2026-07-08 17:18:53.576] [odom] [warning] IMU validation results:
[2026-07-08 17:18:53.576] [odom] [warning] num_validations=5568
[2026-07-08 17:18:53.576] [odom] [warning] No-IMU errors rot=0.195 +- 0.270 deg, trans=0.019 +- 0.011 m, vel=0.026 +- 0.017 m/s
[2026-07-08 17:18:53.576] [odom] [warning] IMU errors rot=0.059 +- 0.048 deg, trans=0.022 +- 0.012 m, vel=0.062 +- 0.029 m/s
[2026-07-08 17:18:53.577] [odom] [warning] IMU better ratios rot=0.88, trans=0.04, vel=0.10
[2026-07-08 17:18:54.658] [odom] [warning] IMU bias estimation seems inaccurate.
[2026-07-08 17:18:54.658] [odom] [warning] Possibly T_lidar_imu is not accurate or LiDAR-IMU synchronization is not correct.
[2026-07-08 17:18:54.658] [odom] [warning] IMU bias validation results:
[2026-07-08 17:18:54.658] [odom] [warning] num_bias_validations=5952
[2026-07-08 17:18:54.658] [odom] [warning] bias_acc=[0.295, -0.892, 0.044] m/s^2, bias_gyro=[-0.019, 0.001, 0.001] rad/s
[2026-07-08 17:18:54.658] [odom] [warning] acc_stat ax=0.482 +- 0.222 [min=-0.006, max=0.758], ay=-0.439 +- 0.290 [min=-0.892, max=0.022], az=0.033 +- 0.008 [min=0.012, max=0.060] m/s^2
[2026-07-08 17:18:54.658] [odom] [warning] gyro_stat wx=-0.019 +- 0.001 [min=-0.020, max=-0.016], wy=0.000 +- 0.001 [min=-0.003, max=0.002], wz=0.001 +- 0.000 [min=0.001, max=0.002] rad/s
[2026-07-08 17:18:55.547] [odom] [warning] IMU prediction is not good.
[2026-07-08 17:18:55.547] [odom] [warning] Possibly T_lidar_imu is not accurate or IMU bias is not well estimated.
[2026-07-08 17:18:55.547] [odom] [warning] IMU validation results:
[2026-07-08 17:18:55.547] [odom] [warning] num_validations=5632
[2026-07-08 17:18:55.547] [odom] [warning] No-IMU errors rot=0.194 +- 0.269 deg, trans=0.019 +- 0.011 m, vel=0.025 +- 0.017 m/s
[2026-07-08 17:18:55.547] [odom] [warning] IMU errors rot=0.059 +- 0.048 deg, trans=0.022 +- 0.012 m, vel=0.062 +- 0.029 m/s
[2026-07-08 17:18:55.547] [odom] [warning] IMU better ratios rot=0.88, trans=0.04, vel=0.10
[2026-07-08 17:18:56.312] [glim] [info] playback speed: 3.558x
[2026-07-08 17:18:56.425] [odom] [warning] IMU bias estimation seems inaccurate.
[2026-07-08 17:18:56.425] [odom] [warning] Possibly T_lidar_imu is not accurate or LiDAR-IMU synchronization is not correct.
[2026-07-08 17:18:56.425] [odom] [warning] IMU bias validation results:
[2026-07-08 17:18:56.425] [odom] [warning] num_bias_validations=6016
[2026-07-08 17:18:56.425] [odom] [warning] bias_acc=[0.283, -0.899, 0.045] m/s^2, bias_gyro=[-0.019, 0.001, 0.001] rad/s
[2026-07-08 17:18:56.425] [odom] [warning] acc_stat ax=0.480 +- 0.222 [min=-0.006, max=0.758], ay=-0.444 +- 0.292 [min=-0.899, max=0.022], az=0.033 +- 0.009 [min=0.012, max=0.060] m/s^2
[2026-07-08 17:18:56.425] [odom] [warning] gyro_stat wx=-0.019 +- 0.001 [min=-0.020, max=-0.016], wy=0.000 +- 0.001 [min=-0.003, max=0.002], wz=0.001 +- 0.000 [min=0.001, max=0.002] rad/s
[2026-07-08 17:18:57.643] [odom] [warning] IMU prediction is not good.
[2026-07-08 17:18:57.643] [odom] [warning] Possibly T_lidar_imu is not accurate or IMU bias is not well estimated.
[2026-07-08 17:18:57.643] [odom] [warning] IMU validation results:
[2026-07-08 17:18:57.643] [odom] [warning] num_validations=5696
[2026-07-08 17:18:57.643] [odom] [warning] No-IMU errors rot=0.194 +- 0.268 deg, trans=0.019 +- 0.011 m, vel=0.025 +- 0.017 m/s
[2026-07-08 17:18:57.643] [odom] [warning] IMU errors rot=0.059 +- 0.048 deg, trans=0.022 +- 0.012 m, vel=0.062 +- 0.028 m/s
[2026-07-08 17:18:57.643] [odom] [warning] IMU better ratios rot=0.88, trans=0.04, vel=0.10
[2026-07-08 17:18:59.402] [odom] [warning] IMU bias estimation seems inaccurate.
[2026-07-08 17:18:59.402] [odom] [warning] Possibly T_lidar_imu is not accurate or LiDAR-IMU synchronization is not correct.
[2026-07-08 17:18:59.402] [odom] [warning] IMU bias validation results:
[2026-07-08 17:18:59.402] [odom] [warning] num_bias_validations=6080
[2026-07-08 17:18:59.402] [odom] [warning] bias_acc=[0.270, -0.906, 0.047] m/s^2, bias_gyro=[-0.019, 0.001, 0.001] rad/s
[2026-07-08 17:18:59.402] [odom] [warning] acc_stat ax=0.477 +- 0.222 [min=-0.006, max=0.758], ay=-0.449 +- 0.295 [min=-0.906, max=0.022], az=0.033 +- 0.009 [min=0.012, max=0.060] m/s^2
[2026-07-08 17:18:59.402] [odom] [warning] gyro_stat wx=-0.019 +- 0.001 [min=-0.020, max=-0.016], wy=0.000 +- 0.001 [min=-0.003, max=0.002], wz=0.001 +- 0.000 [min=0.001, max=0.002] rad/s
[2026-07-08 17:18:59.624] [odom] [warning] IMU prediction is not good.
[2026-07-08 17:18:59.624] [odom] [warning] Possibly T_lidar_imu is not accurate or IMU bias is not well estimated.
[2026-07-08 17:18:59.624] [odom] [warning] IMU validation results:
[2026-07-08 17:18:59.624] [odom] [warning] num_validations=5760
[2026-07-08 17:18:59.624] [odom] [warning] No-IMU errors rot=0.193 +- 0.267 deg, trans=0.019 +- 0.011 m, vel=0.025 +- 0.017 m/s
[2026-07-08 17:18:59.624] [odom] [warning] IMU errors rot=0.059 +- 0.048 deg, trans=0.022 +- 0.012 m, vel=0.062 +- 0.028 m/s
[2026-07-08 17:18:59.624] [odom] [warning] IMU better ratios rot=0.88, trans=0.04, vel=0.10
[2026-07-08 17:19:00.620] [odom] [warning] IMU bias estimation seems inaccurate.
[2026-07-08 17:19:00.620] [odom] [warning] Possibly T_lidar_imu is not accurate or LiDAR-IMU synchronization is not correct.
[2026-07-08 17:19:00.620] [odom] [warning] IMU bias validation results:
[2026-07-08 17:19:00.620] [odom] [warning] num_bias_validations=6144
[2026-07-08 17:19:00.620] [odom] [warning] bias_acc=[0.256, -0.914, 0.049] m/s^2, bias_gyro=[-0.019, 0.002, 0.001] rad/s
[2026-07-08 17:19:00.620] [odom] [warning] acc_stat ax=0.475 +- 0.222 [min=-0.006, max=0.758], ay=-0.454 +- 0.297 [min=-0.914, max=0.022], az=0.034 +- 0.009 [min=0.012, max=0.060] m/s^2
[2026-07-08 17:19:00.620] [odom] [warning] gyro_stat wx=-0.019 +- 0.001 [min=-0.020, max=-0.016], wy=0.000 +- 0.001 [min=-0.003, max=0.002], wz=0.001 +- 0.000 [min=0.001, max=0.002] rad/s
[2026-07-08 17:19:01.321] [glim] [info] playback speed: 2.957x
[2026-07-08 17:19:01.689] [odom] [warning] IMU prediction is not good.
[2026-07-08 17:19:01.689] [odom] [warning] Possibly T_lidar_imu is not accurate or IMU bias is not well estimated.
[2026-07-08 17:19:01.689] [odom] [warning] IMU validation results:
[2026-07-08 17:19:01.689] [odom] [warning] num_validations=5824
[2026-07-08 17:19:01.689] [odom] [warning] No-IMU errors rot=0.192 +- 0.265 deg, trans=0.019 +- 0.011 m, vel=0.025 +- 0.017 m/s
[2026-07-08 17:19:01.689] [odom] [warning] IMU errors rot=0.059 +- 0.048 deg, trans=0.022 +- 0.012 m, vel=0.062 +- 0.028 m/s
[2026-07-08 17:19:01.689] [odom] [warning] IMU better ratios rot=0.88, trans=0.04, vel=0.10
[2026-07-08 17:19:02.113] [odom] [warning] IMU bias estimation seems inaccurate.
[2026-07-08 17:19:02.113] [odom] [warning] Possibly T_lidar_imu is not accurate or LiDAR-IMU synchronization is not correct.
[2026-07-08 17:19:02.113] [odom] [warning] IMU bias validation results:
[2026-07-08 17:19:02.113] [odom] [warning] num_bias_validations=6208
[2026-07-08 17:19:02.113] [odom] [warning] bias_acc=[0.242, -0.922, 0.051] m/s^2, bias_gyro=[-0.019, 0.001, 0.001] rad/s
[2026-07-08 17:19:02.113] [odom] [warning] acc_stat ax=0.473 +- 0.222 [min=-0.006, max=0.758], ay=-0.459 +- 0.299 [min=-0.922, max=0.022], az=0.034 +- 0.009 [min=0.012, max=0.060] m/s^2
[2026-07-08 17:19:02.113] [odom] [warning] gyro_stat wx=-0.019 +- 0.001 [min=-0.020, max=-0.016], wy=0.000 +- 0.001 [min=-0.003, max=0.002], wz=0.001 +- 0.000 [min=0.001, max=0.002] rad/s
[2026-07-08 17:19:03.084] [odom] [warning] IMU prediction is not good.
[2026-07-08 17:19:03.084] [odom] [warning] Possibly T_lidar_imu is not accurate or IMU bias is not well estimated.
[2026-07-08 17:19:03.084] [odom] [warning] IMU validation results:
[2026-07-08 17:19:03.084] [odom] [warning] num_validations=5888
[2026-07-08 17:19:03.084] [odom] [warning] No-IMU errors rot=0.192 +- 0.264 deg, trans=0.019 +- 0.011 m, vel=0.025 +- 0.017 m/s
[2026-07-08 17:19:03.084] [odom] [warning] IMU errors rot=0.059 +- 0.048 deg, trans=0.022 +- 0.012 m, vel=0.062 +- 0.028 m/s
[2026-07-08 17:19:03.084] [odom] [warning] IMU better ratios rot=0.88, trans=0.04, vel=0.10
[2026-07-08 17:19:04.095] [odom] [warning] IMU bias estimation seems inaccurate.
[2026-07-08 17:19:04.095] [odom] [warning] Possibly T_lidar_imu is not accurate or LiDAR-IMU synchronization is not correct.
[2026-07-08 17:19:04.095] [odom] [warning] IMU bias validation results:
[2026-07-08 17:19:04.095] [odom] [warning] num_bias_validations=6272
[2026-07-08 17:19:04.095] [odom] [warning] bias_acc=[0.229, -0.929, 0.052] m/s^2, bias_gyro=[-0.019, 0.001, 0.001] rad/s
[2026-07-08 17:19:04.095] [odom] [warning] acc_stat ax=0.470 +- 0.222 [min=-0.006, max=0.758], ay=-0.463 +- 0.301 [min=-0.929, max=0.022], az=0.034 +- 0.009 [min=0.012, max=0.060] m/s^2
[2026-07-08 17:19:04.095] [odom] [warning] gyro_stat wx=-0.019 +- 0.001 [min=-0.020, max=-0.016], wy=0.000 +- 0.001 [min=-0.003, max=0.002], wz=0.001 +- 0.000 [min=0.001, max=0.002] rad/s
[2026-07-08 17:19:04.701] [odom] [warning] IMU prediction is not good.
[2026-07-08 17:19:04.701] [odom] [warning] Possibly T_lidar_imu is not accurate or IMU bias is not well estimated.
[2026-07-08 17:19:04.701] [odom] [warning] IMU validation results:
[2026-07-08 17:19:04.701] [odom] [warning] num_validations=5952
[2026-07-08 17:19:04.701] [odom] [warning] No-IMU errors rot=0.191 +- 0.263 deg, trans=0.019 +- 0.011 m, vel=0.025 +- 0.016 m/s
[2026-07-08 17:19:04.701] [odom] [warning] IMU errors rot=0.059 +- 0.047 deg, trans=0.022 +- 0.012 m, vel=0.062 +- 0.028 m/s
[2026-07-08 17:19:04.701] [odom] [warning] IMU better ratios rot=0.88, trans=0.04, vel=0.10
[2026-07-08 17:19:06.015] [odom] [warning] IMU bias estimation seems inaccurate.
[2026-07-08 17:19:06.015] [odom] [warning] Possibly T_lidar_imu is not accurate or LiDAR-IMU synchronization is not correct.
[2026-07-08 17:19:06.015] [odom] [warning] IMU bias validation results:
[2026-07-08 17:19:06.015] [odom] [warning] num_bias_validations=6336
[2026-07-08 17:19:06.015] [odom] [warning] bias_acc=[0.216, -0.939, 0.053] m/s^2, bias_gyro=[-0.019, 0.001, 0.002] rad/s
[2026-07-08 17:19:06.015] [odom] [warning] acc_stat ax=0.468 +- 0.222 [min=-0.006, max=0.758], ay=-0.468 +- 0.304 [min=-0.939, max=0.022], az=0.034 +- 0.009 [min=0.012, max=0.060] m/s^2
[2026-07-08 17:19:06.015] [odom] [warning] gyro_stat wx=-0.019 +- 0.001 [min=-0.020, max=-0.016], wy=0.000 +- 0.001 [min=-0.003, max=0.002], wz=0.001 +- 0.000 [min=0.001, max=0.002] rad/s
[2026-07-08 17:19:06.328] [glim] [info] playback speed: 3.728x
[2026-07-08 17:19:07.135] [odom] [warning] IMU prediction is not good.
[2026-07-08 17:19:07.135] [odom] [warning] Possibly T_lidar_imu is not accurate or IMU bias is not well estimated.
[2026-07-08 17:19:07.135] [odom] [warning] IMU validation results:
[2026-07-08 17:19:07.135] [odom] [warning] num_validations=6016
[2026-07-08 17:19:07.135] [odom] [warning] No-IMU errors rot=0.190 +- 0.262 deg, trans=0.019 +- 0.011 m, vel=0.025 +- 0.016 m/s
[2026-07-08 17:19:07.135] [odom] [warning] IMU errors rot=0.058 +- 0.047 deg, trans=0.022 +- 0.012 m, vel=0.062 +- 0.028 m/s
[2026-07-08 17:19:07.135] [odom] [warning] IMU better ratios rot=0.88, trans=0.04, vel=0.10
[2026-07-08 17:19:08.909] [odom] [warning] IMU bias estimation seems inaccurate.
[2026-07-08 17:19:08.909] [odom] [warning] Possibly T_lidar_imu is not accurate or LiDAR-IMU synchronization is not correct.
[2026-07-08 17:19:08.909] [odom] [warning] IMU bias validation results:
[2026-07-08 17:19:08.909] [odom] [warning] num_bias_validations=6400
[2026-07-08 17:19:08.909] [odom] [warning] bias_acc=[0.203, -0.951, 0.054] m/s^2, bias_gyro=[-0.020, 0.001, 0.002] rad/s
[2026-07-08 17:19:08.909] [odom] [warning] acc_stat ax=0.465 +- 0.223 [min=-0.006, max=0.758], ay=-0.473 +- 0.306 [min=-0.951, max=0.022], az=0.034 +- 0.009 [min=0.012, max=0.060] m/s^2
[2026-07-08 17:19:08.909] [odom] [warning] gyro_stat wx=-0.019 +- 0.001 [min=-0.020, max=-0.016], wy=0.000 +- 0.001 [min=-0.003, max=0.002], wz=0.001 +- 0.000 [min=0.001, max=0.002] rad/s
[2026-07-08 17:19:09.411] [odom] [warning] IMU prediction is not good.
[2026-07-08 17:19:09.411] [odom] [warning] Possibly T_lidar_imu is not accurate or IMU bias is not well estimated.
[2026-07-08 17:19:09.411] [odom] [warning] IMU validation results:
[2026-07-08 17:19:09.411] [odom] [warning] num_validations=6080
[2026-07-08 17:19:09.411] [odom] [warning] No-IMU errors rot=0.189 +- 0.261 deg, trans=0.019 +- 0.011 m, vel=0.025 +- 0.016 m/s
[2026-07-08 17:19:09.411] [odom] [warning] IMU errors rot=0.058 +- 0.047 deg, trans=0.022 +- 0.012 m, vel=0.062 +- 0.028 m/s
[2026-07-08 17:19:09.411] [odom] [warning] IMU better ratios rot=0.88, trans=0.04, vel=0.10
[2026-07-08 17:19:11.058] [odom] [warning] IMU bias estimation seems inaccurate.
[2026-07-08 17:19:11.058] [odom] [warning] Possibly T_lidar_imu is not accurate or LiDAR-IMU synchronization is not correct.
[2026-07-08 17:19:11.058] [odom] [warning] IMU bias validation results:
[2026-07-08 17:19:11.058] [odom] [warning] num_bias_validations=6464
[2026-07-08 17:19:11.058] [odom] [warning] bias_acc=[0.190, -0.966, 0.055] m/s^2, bias_gyro=[-0.019, 0.001, 0.002] rad/s
[2026-07-08 17:19:11.058] [odom] [warning] acc_stat ax=0.462 +- 0.223 [min=-0.006, max=0.758], ay=-0.478 +- 0.308 [min=-0.966, max=0.022], az=0.035 +- 0.009 [min=0.012, max=0.060] m/s^2
[2026-07-08 17:19:11.058] [odom] [warning] gyro_stat wx=-0.019 +- 0.001 [min=-0.020, max=-0.016], wy=0.000 +- 0.001 [min=-0.003, max=0.002], wz=0.001 +- 0.000 [min=0.001, max=0.002] rad/s
[2026-07-08 17:19:11.352] [glim] [info] playback speed: 2.605x
[2026-07-08 17:19:11.947] [odom] [warning] IMU prediction is not good.
[2026-07-08 17:19:11.947] [odom] [warning] Possibly T_lidar_imu is not accurate or IMU bias is not well estimated.
[2026-07-08 17:19:11.947] [odom] [warning] IMU validation results:
[2026-07-08 17:19:11.947] [odom] [warning] num_validations=6144
[2026-07-08 17:19:11.947] [odom] [warning] No-IMU errors rot=0.189 +- 0.259 deg, trans=0.019 +- 0.011 m, vel=0.025 +- 0.016 m/s
[2026-07-08 17:19:11.947] [odom] [warning] IMU errors rot=0.058 +- 0.047 deg, trans=0.022 +- 0.012 m, vel=0.062 +- 0.028 m/s
[2026-07-08 17:19:11.947] [odom] [warning] IMU better ratios rot=0.88, trans=0.04, vel=0.10
[2026-07-08 17:19:13.286] [odom] [warning] IMU bias estimation seems inaccurate.
[2026-07-08 17:19:13.286] [odom] [warning] Possibly T_lidar_imu is not accurate or LiDAR-IMU synchronization is not correct.
[2026-07-08 17:19:13.286] [odom] [warning] IMU bias validation results:
[2026-07-08 17:19:13.286] [odom] [warning] num_bias_validations=6528
[2026-07-08 17:19:13.286] [odom] [warning] bias_acc=[0.178, -0.982, 0.056] m/s^2, bias_gyro=[-0.019, 0.001, 0.002] rad/s
[2026-07-08 17:19:13.286] [odom] [warning] acc_stat ax=0.459 +- 0.224 [min=-0.006, max=0.758], ay=-0.483 +- 0.311 [min=-0.982, max=0.022], az=0.035 +- 0.010 [min=0.012, max=0.060] m/s^2
[2026-07-08 17:19:13.286] [odom] [warning] gyro_stat wx=-0.019 +- 0.001 [min=-0.020, max=-0.016], wy=0.000 +- 0.001 [min=-0.003, max=0.002], wz=0.001 +- 0.000 [min=0.001, max=0.002] rad/s
[2026-07-08 17:19:13.987] [odom] [warning] IMU prediction is not good.
[2026-07-08 17:19:13.987] [odom] [warning] Possibly T_lidar_imu is not accurate or IMU bias is not well estimated.
[2026-07-08 17:19:13.987] [odom] [warning] IMU validation results:
[2026-07-08 17:19:13.987] [odom] [warning] num_validations=6208
[2026-07-08 17:19:13.987] [odom] [warning] No-IMU errors rot=0.190 +- 0.261 deg, trans=0.020 +- 0.011 m, vel=0.025 +- 0.016 m/s
[2026-07-08 17:19:13.987] [odom] [warning] IMU errors rot=0.058 +- 0.047 deg, trans=0.022 +- 0.012 m, vel=0.063 +- 0.028 m/s
[2026-07-08 17:19:13.987] [odom] [warning] IMU better ratios rot=0.88, trans=0.04, vel=0.09
[2026-07-08 17:19:14.904] [odom] [warning] IMU bias estimation seems inaccurate.
[2026-07-08 17:19:14.904] [odom] [warning] Possibly T_lidar_imu is not accurate or LiDAR-IMU synchronization is not correct.
[2026-07-08 17:19:14.904] [odom] [warning] IMU bias validation results:
[2026-07-08 17:19:14.904] [odom] [warning] num_bias_validations=6592
[2026-07-08 17:19:14.904] [odom] [warning] bias_acc=[0.166, -0.990, 0.058] m/s^2, bias_gyro=[-0.019, -0.003, 0.001] rad/s
[2026-07-08 17:19:14.904] [odom] [warning] acc_stat ax=0.457 +- 0.225 [min=-0.006, max=0.758], ay=-0.488 +- 0.313 [min=-0.990, max=0.022], az=0.035 +- 0.010 [min=0.012, max=0.060] m/s^2
[2026-07-08 17:19:14.904] [odom] [warning] gyro_stat wx=-0.019 +- 0.001 [min=-0.020, max=-0.016], wy=0.000 +- 0.001 [min=-0.003, max=0.002], wz=0.001 +- 0.000 [min=0.001, max=0.002] rad/s
[2026-07-08 17:19:15.689] [odom] [warning] IMU prediction is not good.
[2026-07-08 17:19:15.689] [odom] [warning] Possibly T_lidar_imu is not accurate or IMU bias is not well estimated.
[2026-07-08 17:19:15.689] [odom] [warning] IMU validation results:
[2026-07-08 17:19:15.689] [odom] [warning] num_validations=6272
[2026-07-08 17:19:15.689] [odom] [warning] No-IMU errors rot=0.200 +- 0.279 deg, trans=0.020 +- 0.011 m, vel=0.025 +- 0.016 m/s
[2026-07-08 17:19:15.689] [odom] [warning] IMU errors rot=0.059 +- 0.048 deg, trans=0.022 +- 0.012 m, vel=0.063 +- 0.027 m/s
[2026-07-08 17:19:15.689] [odom] [warning] IMU better ratios rot=0.88, trans=0.04, vel=0.09
[2026-07-08 17:19:16.372] [glim] [info] playback speed: 3.395x
[2026-07-08 17:19:17.008] [odom] [warning] IMU bias estimation seems inaccurate.
[2026-07-08 17:19:17.008] [odom] [warning] Possibly T_lidar_imu is not accurate or LiDAR-IMU synchronization is not correct.
[2026-07-08 17:19:17.008] [odom] [warning] IMU bias validation results:
[2026-07-08 17:19:17.008] [odom] [warning] num_bias_validations=6656
[2026-07-08 17:19:17.008] [odom] [warning] bias_acc=[0.156, -0.983, 0.059] m/s^2, bias_gyro=[-0.019, -0.004, 0.001] rad/s
[2026-07-08 17:19:17.008] [odom] [warning] acc_stat ax=0.454 +- 0.226 [min=-0.006, max=0.758], ay=-0.492 +- 0.315 [min=-0.990, max=0.022], az=0.035 +- 0.010 [min=0.012, max=0.060] m/s^2
[2026-07-08 17:19:17.008] [odom] [warning] gyro_stat wx=-0.019 +- 0.001 [min=-0.020, max=-0.016], wy=0.000 +- 0.001 [min=-0.004, max=0.002], wz=0.001 +- 0.000 [min=0.001, max=0.002] rad/s
[2026-07-08 17:19:17.800] [odom] [warning] IMU prediction is not good.
[2026-07-08 17:19:17.800] [odom] [warning] Possibly T_lidar_imu is not accurate or IMU bias is not well estimated.
[2026-07-08 17:19:17.800] [odom] [warning] IMU validation results:
[2026-07-08 17:19:17.800] [odom] [warning] num_validations=6336
[2026-07-08 17:19:17.800] [odom] [warning] No-IMU errors rot=0.201 +- 0.279 deg, trans=0.020 +- 0.011 m, vel=0.025 +- 0.016 m/s
[2026-07-08 17:19:17.800] [odom] [warning] IMU errors rot=0.059 +- 0.048 deg, trans=0.022 +- 0.012 m, vel=0.063 +- 0.027 m/s
[2026-07-08 17:19:17.800] [odom] [warning] IMU better ratios rot=0.88, trans=0.04, vel=0.09
[2026-07-08 17:19:19.311] [odom] [warning] IMU bias estimation seems inaccurate.
[2026-07-08 17:19:19.311] [odom] [warning] Possibly T_lidar_imu is not accurate or LiDAR-IMU synchronization is not correct.
[2026-07-08 17:19:19.311] [odom] [warning] IMU bias validation results:
[2026-07-08 17:19:19.311] [odom] [warning] num_bias_validations=6720
[2026-07-08 17:19:19.311] [odom] [warning] bias_acc=[0.148, -0.971, 0.059] m/s^2, bias_gyro=[-0.018, -0.003, 0.001] rad/s
[2026-07-08 17:19:19.311] [odom] [warning] acc_stat ax=0.451 +- 0.227 [min=-0.006, max=0.758], ay=-0.497 +- 0.317 [min=-0.990, max=0.022], az=0.035 +- 0.010 [min=0.012, max=0.060] m/s^2
[2026-07-08 17:19:19.311] [odom] [warning] gyro_stat wx=-0.019 +- 0.001 [min=-0.020, max=-0.016], wy=0.000 +- 0.001 [min=-0.004, max=0.002], wz=0.001 +- 0.000 [min=0.001, max=0.002] rad/s
[2026-07-08 17:19:20.634] [odom] [warning] IMU prediction is not good.
[2026-07-08 17:19:20.634] [odom] [warning] Possibly T_lidar_imu is not accurate or IMU bias is not well estimated.
[2026-07-08 17:19:20.634] [odom] [warning] IMU validation results:
[2026-07-08 17:19:20.634] [odom] [warning] num_validations=6400
[2026-07-08 17:19:20.634] [odom] [warning] No-IMU errors rot=0.201 +- 0.278 deg, trans=0.020 +- 0.011 m, vel=0.025 +- 0.016 m/s
[2026-07-08 17:19:20.634] [odom] [warning] IMU errors rot=0.059 +- 0.048 deg, trans=0.022 +- 0.012 m, vel=0.063 +- 0.027 m/s
[2026-07-08 17:19:20.634] [odom] [warning] IMU better ratios rot=0.88, trans=0.04, vel=0.09
[2026-07-08 17:19:21.388] [glim] [info] playback speed: 2.447x
[2026-07-08 17:19:22.745] [odom] [warning] IMU bias estimation seems inaccurate.
[2026-07-08 17:19:22.745] [odom] [warning] Possibly T_lidar_imu is not accurate or LiDAR-IMU synchronization is not correct.
[2026-07-08 17:19:22.745] [odom] [warning] IMU bias validation results:
[2026-07-08 17:19:22.745] [odom] [warning] num_bias_validations=6784
[2026-07-08 17:19:22.745] [odom] [warning] bias_acc=[0.141, -0.955, 0.060] m/s^2, bias_gyro=[-0.018, -0.002, 0.001] rad/s
[2026-07-08 17:19:22.745] [odom] [warning] acc_stat ax=0.448 +- 0.228 [min=-0.006, max=0.758], ay=-0.501 +- 0.319 [min=-0.990, max=0.022], az=0.036 +- 0.011 [min=0.012, max=0.060] m/s^2
[2026-07-08 17:19:22.745] [odom] [warning] gyro_stat wx=-0.019 +- 0.001 [min=-0.020, max=-0.016], wy=0.000 +- 0.001 [min=-0.004, max=0.002], wz=0.001 +- 0.000 [min=0.001, max=0.002] rad/s
[2026-07-08 17:19:24.081] [odom] [warning] IMU prediction is not good.
[2026-07-08 17:19:24.081] [odom] [warning] Possibly T_lidar_imu is not accurate or IMU bias is not well estimated.
[2026-07-08 17:19:24.081] [odom] [warning] IMU validation results:
[2026-07-08 17:19:24.081] [odom] [warning] num_validations=6464
[2026-07-08 17:19:24.081] [odom] [warning] No-IMU errors rot=0.200 +- 0.277 deg, trans=0.020 +- 0.011 m, vel=0.025 +- 0.016 m/s
[2026-07-08 17:19:24.081] [odom] [warning] IMU errors rot=0.059 +- 0.048 deg, trans=0.022 +- 0.012 m, vel=0.063 +- 0.027 m/s
[2026-07-08 17:19:24.081] [odom] [warning] IMU better ratios rot=0.88, trans=0.04, vel=0.09
[2026-07-08 17:19:26.134] [odom] [warning] IMU bias estimation seems inaccurate.
[2026-07-08 17:19:26.134] [odom] [warning] Possibly T_lidar_imu is not accurate or LiDAR-IMU synchronization is not correct.
[2026-07-08 17:19:26.134] [odom] [warning] IMU bias validation results:
[2026-07-08 17:19:26.134] [odom] [warning] num_bias_validations=6848
[2026-07-08 17:19:26.134] [odom] [warning] bias_acc=[0.134, -0.938, 0.061] m/s^2, bias_gyro=[-0.018, -0.002, 0.001] rad/s
[2026-07-08 17:19:26.134] [odom] [warning] acc_stat ax=0.445 +- 0.228 [min=-0.006, max=0.758], ay=-0.505 +- 0.320 [min=-0.990, max=0.022], az=0.036 +- 0.011 [min=0.012, max=0.061] m/s^2
[2026-07-08 17:19:26.134] [odom] [warning] gyro_stat wx=-0.019 +- 0.001 [min=-0.020, max=-0.016], wy=0.000 +- 0.001 [min=-0.004, max=0.002], wz=0.001 +- 0.000 [min=0.001, max=0.002] rad/s
[2026-07-08 17:19:26.378] [odom] [warning] IMU prediction is not good.
[2026-07-08 17:19:26.378] [odom] [warning] Possibly T_lidar_imu is not accurate or IMU bias is not well estimated.
[2026-07-08 17:19:26.378] [odom] [warning] IMU validation results:
[2026-07-08 17:19:26.378] [odom] [warning] num_validations=6528
[2026-07-08 17:19:26.378] [odom] [warning] No-IMU errors rot=0.200 +- 0.276 deg, trans=0.020 +- 0.011 m, vel=0.025 +- 0.016 m/s
[2026-07-08 17:19:26.378] [odom] [warning] IMU errors rot=0.059 +- 0.047 deg, trans=0.022 +- 0.012 m, vel=0.063 +- 0.027 m/s
[2026-07-08 17:19:26.378] [odom] [warning] IMU better ratios rot=0.88, trans=0.04, vel=0.09
[2026-07-08 17:19:26.405] [glim] [info] playback speed: 2.204x
[2026-07-08 17:19:27.291] [odom] [warning] IMU bias estimation seems inaccurate.
[2026-07-08 17:19:27.291] [odom] [warning] Possibly T_lidar_imu is not accurate or LiDAR-IMU synchronization is not correct.
[2026-07-08 17:19:27.291] [odom] [warning] IMU bias validation results:
[2026-07-08 17:19:27.291] [odom] [warning] num_bias_validations=6912
[2026-07-08 17:19:27.291] [odom] [warning] bias_acc=[0.126, -0.920, 0.062] m/s^2, bias_gyro=[-0.018, -0.001, 0.001] rad/s
[2026-07-08 17:19:27.291] [odom] [warning] acc_stat ax=0.442 +- 0.229 [min=-0.006, max=0.758], ay=-0.509 +- 0.321 [min=-0.990, max=0.022], az=0.036 +- 0.011 [min=0.012, max=0.062] m/s^2
[2026-07-08 17:19:27.291] [odom] [warning] gyro_stat wx=-0.019 +- 0.001 [min=-0.020, max=-0.016], wy=0.000 +- 0.001 [min=-0.004, max=0.002], wz=0.001 +- 0.000 [min=0.001, max=0.002] rad/s
[2026-07-08 17:19:28.592] [odom] [warning] IMU prediction is not good.
[2026-07-08 17:19:28.592] [odom] [warning] Possibly T_lidar_imu is not accurate or IMU bias is not well estimated.
[2026-07-08 17:19:28.592] [odom] [warning] IMU validation results:
[2026-07-08 17:19:28.592] [odom] [warning] num_validations=6592
[2026-07-08 17:19:28.592] [odom] [warning] No-IMU errors rot=0.199 +- 0.275 deg, trans=0.020 +- 0.011 m, vel=0.025 +- 0.016 m/s
[2026-07-08 17:19:28.592] [odom] [warning] IMU errors rot=0.059 +- 0.047 deg, trans=0.022 +- 0.012 m, vel=0.063 +- 0.027 m/s
[2026-07-08 17:19:28.592] [odom] [warning] IMU better ratios rot=0.88, trans=0.04, vel=0.09
[2026-07-08 17:19:28.996] [odom] [warning] IMU bias estimation seems inaccurate.
[2026-07-08 17:19:28.996] [odom] [warning] Possibly T_lidar_imu is not accurate or LiDAR-IMU synchronization is not correct.
[2026-07-08 17:19:28.996] [odom] [warning] IMU bias validation results:
[2026-07-08 17:19:28.996] [odom] [warning] num_bias_validations=6976
[2026-07-08 17:19:28.996] [odom] [warning] bias_acc=[0.119, -0.903, 0.063] m/s^2, bias_gyro=[-0.018, -0.001, 0.001] rad/s
[2026-07-08 17:19:28.996] [odom] [warning] acc_stat ax=0.439 +- 0.230 [min=-0.006, max=0.758], ay=-0.513 +- 0.322 [min=-0.990, max=0.022], az=0.036 +- 0.011 [min=0.012, max=0.063] m/s^2
[2026-07-08 17:19:28.996] [odom] [warning] gyro_stat wx=-0.019 +- 0.001 [min=-0.020, max=-0.016], wy=0.000 +- 0.001 [min=-0.004, max=0.002], wz=0.001 +- 0.000 [min=0.001, max=0.002] rad/s
[2026-07-08 17:19:29.700] [odom] [warning] IMU prediction is not good.
[2026-07-08 17:19:29.700] [odom] [warning] Possibly T_lidar_imu is not accurate or IMU bias is not well estimated.
[2026-07-08 17:19:29.700] [odom] [warning] IMU validation results:
[2026-07-08 17:19:29.700] [odom] [warning] num_validations=6656
[2026-07-08 17:19:29.700] [odom] [warning] No-IMU errors rot=0.199 +- 0.273 deg, trans=0.020 +- 0.010 m, vel=0.025 +- 0.016 m/s
[2026-07-08 17:19:29.700] [odom] [warning] IMU errors rot=0.059 +- 0.047 deg, trans=0.022 +- 0.012 m, vel=0.063 +- 0.027 m/s
[2026-07-08 17:19:29.700] [odom] [warning] IMU better ratios rot=0.88, trans=0.04, vel=0.09
[2026-07-08 17:19:31.167] [odom] [warning] IMU bias estimation seems inaccurate.
[2026-07-08 17:19:31.167] [odom] [warning] Possibly T_lidar_imu is not accurate or LiDAR-IMU synchronization is not correct.
[2026-07-08 17:19:31.167] [odom] [warning] IMU bias validation results:
[2026-07-08 17:19:31.167] [odom] [warning] num_bias_validations=7040
[2026-07-08 17:19:31.167] [odom] [warning] bias_acc=[0.112, -0.888, 0.064] m/s^2, bias_gyro=[-0.018, -0.001, 0.001] rad/s
[2026-07-08 17:19:31.167] [odom] [warning] acc_stat ax=0.436 +- 0.232 [min=-0.006, max=0.758], ay=-0.516 +- 0.322 [min=-0.990, max=0.022], az=0.037 +- 0.012 [min=0.012, max=0.064] m/s^2
[2026-07-08 17:19:31.167] [odom] [warning] gyro_stat wx=-0.019 +- 0.001 [min=-0.020, max=-0.016], wy=0.000 +- 0.001 [min=-0.004, max=0.002], wz=0.001 +- 0.000 [min=0.001, max=0.002] rad/s
[2026-07-08 17:19:31.419] [glim] [info] playback speed: 3.702x
[2026-07-08 17:19:31.698] [odom] [warning] IMU prediction is not good.
[2026-07-08 17:19:31.698] [odom] [warning] Possibly T_lidar_imu is not accurate or IMU bias is not well estimated.
[2026-07-08 17:19:31.698] [odom] [warning] IMU validation results:
[2026-07-08 17:19:31.698] [odom] [warning] num_validations=6720
[2026-07-08 17:19:31.698] [odom] [warning] No-IMU errors rot=0.198 +- 0.272 deg, trans=0.020 +- 0.010 m, vel=0.025 +- 0.016 m/s
[2026-07-08 17:19:31.698] [odom] [warning] IMU errors rot=0.059 +- 0.047 deg, trans=0.022 +- 0.012 m, vel=0.063 +- 0.027 m/s
[2026-07-08 17:19:31.698] [odom] [warning] IMU better ratios rot=0.88, trans=0.04, vel=0.09
[2026-07-08 17:19:33.178] [odom] [warning] IMU bias estimation seems inaccurate.
[2026-07-08 17:19:33.178] [odom] [warning] Possibly T_lidar_imu is not accurate or LiDAR-IMU synchronization is not correct.
[2026-07-08 17:19:33.178] [odom] [warning] IMU bias validation results:
[2026-07-08 17:19:33.178] [odom] [warning] num_bias_validations=7104
[2026-07-08 17:19:33.178] [odom] [warning] bias_acc=[0.104, -0.874, 0.065] m/s^2, bias_gyro=[-0.018, -0.000, 0.001] rad/s
[2026-07-08 17:19:33.178] [odom] [warning] acc_stat ax=0.433 +- 0.233 [min=-0.006, max=0.758], ay=-0.520 +- 0.323 [min=-0.990, max=0.022], az=0.037 +- 0.012 [min=0.012, max=0.065] m/s^2
[2026-07-08 17:19:33.178] [odom] [warning] gyro_stat wx=-0.019 +- 0.001 [min=-0.020, max=-0.016], wy=0.000 +- 0.001 [min=-0.004, max=0.002], wz=0.001 +- 0.000 [min=0.001, max=0.002] rad/s
[2026-07-08 17:19:33.400] [odom] [warning] IMU prediction is not good.
[2026-07-08 17:19:33.400] [odom] [warning] Possibly T_lidar_imu is not accurate or IMU bias is not well estimated.
[2026-07-08 17:19:33.400] [odom] [warning] IMU validation results:
[2026-07-08 17:19:33.400] [odom] [warning] num_validations=6784
[2026-07-08 17:19:33.400] [odom] [warning] No-IMU errors rot=0.199 +- 0.272 deg, trans=0.020 +- 0.010 m, vel=0.025 +- 0.016 m/s
[2026-07-08 17:19:33.400] [odom] [warning] IMU errors rot=0.059 +- 0.047 deg, trans=0.022 +- 0.012 m, vel=0.063 +- 0.027 m/s
[2026-07-08 17:19:33.400] [odom] [warning] IMU better ratios rot=0.88, trans=0.04, vel=0.09
[2026-07-08 17:19:35.134] [odom] [warning] IMU bias estimation seems inaccurate.
[2026-07-08 17:19:35.134] [odom] [warning] Possibly T_lidar_imu is not accurate or LiDAR-IMU synchronization is not correct.
[2026-07-08 17:19:35.134] [odom] [warning] IMU bias validation results:
[2026-07-08 17:19:35.134] [odom] [warning] num_bias_validations=7168
[2026-07-08 17:19:35.134] [odom] [warning] bias_acc=[0.094, -0.865, 0.066] m/s^2, bias_gyro=[-0.019, -0.000, 0.001] rad/s
[2026-07-08 17:19:35.134] [odom] [warning] acc_stat ax=0.430 +- 0.234 [min=-0.006, max=0.758], ay=-0.523 +- 0.323 [min=-0.990, max=0.022], az=0.037 +- 0.012 [min=0.012, max=0.066] m/s^2
[2026-07-08 17:19:35.134] [odom] [warning] gyro_stat wx=-0.019 +- 0.001 [min=-0.020, max=-0.016], wy=0.000 +- 0.001 [min=-0.004, max=0.002], wz=0.001 +- 0.000 [min=0.001, max=0.002] rad/s
[2026-07-08 17:19:35.763] [odom] [warning] IMU prediction is not good.
[2026-07-08 17:19:35.763] [odom] [warning] Possibly T_lidar_imu is not accurate or IMU bias is not well estimated.
[2026-07-08 17:19:35.763] [odom] [warning] IMU validation results:
[2026-07-08 17:19:35.763] [odom] [warning] num_validations=6848
[2026-07-08 17:19:35.763] [odom] [warning] No-IMU errors rot=0.199 +- 0.271 deg, trans=0.020 +- 0.010 m, vel=0.025 +- 0.016 m/s
[2026-07-08 17:19:35.763] [odom] [warning] IMU errors rot=0.059 +- 0.047 deg, trans=0.022 +- 0.012 m, vel=0.063 +- 0.027 m/s
[2026-07-08 17:19:35.763] [odom] [warning] IMU better ratios rot=0.88, trans=0.04, vel=0.09
[2026-07-08 17:19:36.420] [glim] [info] playback speed: 3.225x
[2026-07-08 17:19:37.390] [odom] [warning] IMU bias estimation seems inaccurate.
[2026-07-08 17:19:37.390] [odom] [warning] Possibly T_lidar_imu is not accurate or LiDAR-IMU synchronization is not correct.
[2026-07-08 17:19:37.390] [odom] [warning] IMU bias validation results:
[2026-07-08 17:19:37.390] [odom] [warning] num_bias_validations=7232
[2026-07-08 17:19:37.390] [odom] [warning] bias_acc=[0.086, -0.857, 0.067] m/s^2, bias_gyro=[-0.019, -0.001, 0.001] rad/s
[2026-07-08 17:19:37.390] [odom] [warning] acc_stat ax=0.427 +- 0.235 [min=-0.006, max=0.758], ay=-0.526 +- 0.323 [min=-0.990, max=0.022], az=0.037 +- 0.012 [min=0.012, max=0.067] m/s^2
[2026-07-08 17:19:37.390] [odom] [warning] gyro_stat wx=-0.019 +- 0.001 [min=-0.020, max=-0.016], wy=0.000 +- 0.001 [min=-0.004, max=0.002], wz=0.001 +- 0.000 [min=0.001, max=0.002] rad/s
[2026-07-08 17:19:38.090] [odom] [warning] IMU prediction is not good.
[2026-07-08 17:19:38.090] [odom] [warning] Possibly T_lidar_imu is not accurate or IMU bias is not well estimated.
[2026-07-08 17:19:38.090] [odom] [warning] IMU validation results:
[2026-07-08 17:19:38.090] [odom] [warning] num_validations=6912
[2026-07-08 17:19:38.090] [odom] [warning] No-IMU errors rot=0.199 +- 0.271 deg, trans=0.020 +- 0.010 m, vel=0.025 +- 0.016 m/s
[2026-07-08 17:19:38.090] [odom] [warning] IMU errors rot=0.059 +- 0.047 deg, trans=0.022 +- 0.012 m, vel=0.063 +- 0.026 m/s
[2026-07-08 17:19:38.090] [odom] [warning] IMU better ratios rot=0.88, trans=0.04, vel=0.09
[2026-07-08 17:19:39.428] [odom] [warning] IMU bias estimation seems inaccurate.
[2026-07-08 17:19:39.428] [odom] [warning] Possibly T_lidar_imu is not accurate or LiDAR-IMU synchronization is not correct.
[2026-07-08 17:19:39.428] [odom] [warning] IMU bias validation results:
[2026-07-08 17:19:39.428] [odom] [warning] num_bias_validations=7296
[2026-07-08 17:19:39.428] [odom] [warning] bias_acc=[0.081, -0.847, 0.068] m/s^2, bias_gyro=[-0.019, -0.000, 0.001] rad/s
[2026-07-08 17:19:39.428] [odom] [warning] acc_stat ax=0.424 +- 0.236 [min=-0.006, max=0.758], ay=-0.528 +- 0.323 [min=-0.990, max=0.022], az=0.038 +- 0.013 [min=0.012, max=0.068] m/s^2
[2026-07-08 17:19:39.428] [odom] [warning] gyro_stat wx=-0.019 +- 0.001 [min=-0.020, max=-0.016], wy=0.000 +- 0.001 [min=-0.004, max=0.002], wz=0.001 +- 0.000 [min=0.001, max=0.002] rad/s
[2026-07-08 17:19:40.131] [odom] [warning] IMU prediction is not good.
[2026-07-08 17:19:40.131] [odom] [warning] Possibly T_lidar_imu is not accurate or IMU bias is not well estimated.
[2026-07-08 17:19:40.131] [odom] [warning] IMU validation results:
[2026-07-08 17:19:40.131] [odom] [warning] num_validations=6976
[2026-07-08 17:19:40.131] [odom] [warning] No-IMU errors rot=0.200 +- 0.270 deg, trans=0.020 +- 0.010 m, vel=0.025 +- 0.016 m/s
[2026-07-08 17:19:40.131] [odom] [warning] IMU errors rot=0.060 +- 0.047 deg, trans=0.022 +- 0.011 m, vel=0.063 +- 0.026 m/s
[2026-07-08 17:19:40.131] [odom] [warning] IMU better ratios rot=0.88, trans=0.04, vel=0.09
[2026-07-08 17:19:41.258] [odom] [warning] IMU bias estimation seems inaccurate.
[2026-07-08 17:19:41.258] [odom] [warning] Possibly T_lidar_imu is not accurate or LiDAR-IMU synchronization is not correct.
[2026-07-08 17:19:41.258] [odom] [warning] IMU bias validation results:
[2026-07-08 17:19:41.258] [odom] [warning] num_bias_validations=7360
[2026-07-08 17:19:41.258] [odom] [warning] bias_acc=[0.073, -0.839, 0.069] m/s^2, bias_gyro=[-0.019, 0.000, 0.001] rad/s
[2026-07-08 17:19:41.258] [odom] [warning] acc_stat ax=0.421 +- 0.237 [min=-0.006, max=0.758], ay=-0.531 +- 0.323 [min=-0.990, max=0.022], az=0.038 +- 0.013 [min=0.012, max=0.069] m/s^2
[2026-07-08 17:19:41.258] [odom] [warning] gyro_stat wx=-0.019 +- 0.001 [min=-0.020, max=-0.016], wy=0.000 +- 0.001 [min=-0.004, max=0.002], wz=0.001 +- 0.000 [min=0.001, max=0.002] rad/s
[2026-07-08 17:19:41.436] [glim] [info] playback speed: 3.195x
[2026-07-08 17:19:41.802] [odom] [warning] IMU prediction is not good.
[2026-07-08 17:19:41.802] [odom] [warning] Possibly T_lidar_imu is not accurate or IMU bias is not well estimated.
[2026-07-08 17:19:41.802] [odom] [warning] IMU validation results:
[2026-07-08 17:19:41.802] [odom] [warning] num_validations=7040
[2026-07-08 17:19:41.802] [odom] [warning] No-IMU errors rot=0.199 +- 0.269 deg, trans=0.020 +- 0.010 m, vel=0.025 +- 0.016 m/s
[2026-07-08 17:19:41.802] [odom] [warning] IMU errors rot=0.060 +- 0.047 deg, trans=0.022 +- 0.011 m, vel=0.063 +- 0.026 m/s
[2026-07-08 17:19:41.802] [odom] [warning] IMU better ratios rot=0.88, trans=0.03, vel=0.09
[2026-07-08 17:19:43.254] [odom] [warning] IMU bias estimation seems inaccurate.
[2026-07-08 17:19:43.254] [odom] [warning] Possibly T_lidar_imu is not accurate or LiDAR-IMU synchronization is not correct.
[2026-07-08 17:19:43.254] [odom] [warning] IMU bias validation results:
[2026-07-08 17:19:43.254] [odom] [warning] num_bias_validations=7424
[2026-07-08 17:19:43.254] [odom] [warning] bias_acc=[0.064, -0.832, 0.070] m/s^2, bias_gyro=[-0.019, 0.000, 0.001] rad/s
[2026-07-08 17:19:43.254] [odom] [warning] acc_stat ax=0.418 +- 0.239 [min=-0.006, max=0.758], ay=-0.534 +- 0.323 [min=-0.990, max=0.022], az=0.038 +- 0.013 [min=0.012, max=0.070] m/s^2
[2026-07-08 17:19:43.254] [odom] [warning] gyro_stat wx=-0.019 +- 0.001 [min=-0.020, max=-0.016], wy=0.000 +- 0.001 [min=-0.004, max=0.002], wz=0.001 +- 0.000 [min=0.001, max=0.002] rad/s
[2026-07-08 17:19:43.568] [odom] [warning] IMU prediction is not good.
[2026-07-08 17:19:43.568] [odom] [warning] Possibly T_lidar_imu is not accurate or IMU bias is not well estimated.
[2026-07-08 17:19:43.568] [odom] [warning] IMU validation results:
[2026-07-08 17:19:43.568] [odom] [warning] num_validations=7104
[2026-07-08 17:19:43.568] [odom] [warning] No-IMU errors rot=0.199 +- 0.269 deg, trans=0.020 +- 0.010 m, vel=0.025 +- 0.017 m/s
[2026-07-08 17:19:43.568] [odom] [warning] IMU errors rot=0.060 +- 0.047 deg, trans=0.022 +- 0.011 m, vel=0.062 +- 0.026 m/s
[2026-07-08 17:19:43.568] [odom] [warning] IMU better ratios rot=0.88, trans=0.04, vel=0.09
[2026-07-08 17:19:45.188] [odom] [warning] IMU bias estimation seems inaccurate.
[2026-07-08 17:19:45.188] [odom] [warning] Possibly T_lidar_imu is not accurate or LiDAR-IMU synchronization is not correct.
[2026-07-08 17:19:45.188] [odom] [warning] IMU bias validation results:
[2026-07-08 17:19:45.188] [odom] [warning] num_bias_validations=7488
[2026-07-08 17:19:45.188] [odom] [warning] bias_acc=[0.057, -0.823, 0.071] m/s^2, bias_gyro=[-0.019, 0.000, 0.001] rad/s
[2026-07-08 17:19:45.188] [odom] [warning] acc_stat ax=0.415 +- 0.240 [min=-0.006, max=0.758], ay=-0.536 +- 0.322 [min=-0.990, max=0.022], az=0.039 +- 0.013 [min=0.012, max=0.071] m/s^2
[2026-07-08 17:19:45.188] [odom] [warning] gyro_stat wx=-0.019 +- 0.001 [min=-0.020, max=-0.016], wy=0.000 +- 0.001 [min=-0.004, max=0.002], wz=0.001 +- 0.000 [min=0.001, max=0.002] rad/s
[2026-07-08 17:19:45.397] [odom] [warning] IMU prediction is not good.
[2026-07-08 17:19:45.397] [odom] [warning] Possibly T_lidar_imu is not accurate or IMU bias is not well estimated.
[2026-07-08 17:19:45.397] [odom] [warning] IMU validation results:
[2026-07-08 17:19:45.397] [odom] [warning] num_validations=7168
[2026-07-08 17:19:45.397] [odom] [warning] No-IMU errors rot=0.199 +- 0.268 deg, trans=0.019 +- 0.010 m, vel=0.025 +- 0.017 m/s
[2026-07-08 17:19:45.397] [odom] [warning] IMU errors rot=0.060 +- 0.047 deg, trans=0.022 +- 0.011 m, vel=0.062 +- 0.026 m/s
[2026-07-08 17:19:45.397] [odom] [warning] IMU better ratios rot=0.88, trans=0.04, vel=0.09
[2026-07-08 17:19:46.444] [odom] [warning] IMU bias estimation seems inaccurate.
[2026-07-08 17:19:46.444] [odom] [warning] Possibly T_lidar_imu is not accurate or LiDAR-IMU synchronization is not correct.
[2026-07-08 17:19:46.444] [odom] [warning] IMU bias validation results:
[2026-07-08 17:19:46.444] [odom] [warning] num_bias_validations=7552
[2026-07-08 17:19:46.444] [odom] [warning] bias_acc=[0.048, -0.814, 0.072] m/s^2, bias_gyro=[-0.019, 0.000, 0.001] rad/s
[2026-07-08 17:19:46.444] [odom] [warning] acc_stat ax=0.412 +- 0.241 [min=-0.006, max=0.758], ay=-0.538 +- 0.322 [min=-0.990, max=0.022], az=0.039 +- 0.014 [min=0.012, max=0.072] m/s^2
[2026-07-08 17:19:46.444] [odom] [warning] gyro_stat wx=-0.019 +- 0.001 [min=-0.020, max=-0.016], wy=0.000 +- 0.001 [min=-0.004, max=0.002], wz=0.001 +- 0.000 [min=0.001, max=0.002] rad/s
[2026-07-08 17:19:46.460] [glim] [info] playback speed: 3.655x
[2026-07-08 17:19:47.026] [odom] [warning] IMU prediction is not good.
[2026-07-08 17:19:47.026] [odom] [warning] Possibly T_lidar_imu is not accurate or IMU bias is not well estimated.
[2026-07-08 17:19:47.026] [odom] [warning] IMU validation results:
[2026-07-08 17:19:47.026] [odom] [warning] num_validations=7232
[2026-07-08 17:19:47.026] [odom] [warning] No-IMU errors rot=0.199 +- 0.267 deg, trans=0.019 +- 0.010 m, vel=0.025 +- 0.017 m/s
[2026-07-08 17:19:47.026] [odom] [warning] IMU errors rot=0.060 +- 0.047 deg, trans=0.022 +- 0.011 m, vel=0.062 +- 0.026 m/s
[2026-07-08 17:19:47.026] [odom] [warning] IMU better ratios rot=0.88, trans=0.03, vel=0.09
[2026-07-08 17:19:48.105] [odom] [warning] IMU bias estimation seems inaccurate.
[2026-07-08 17:19:48.105] [odom] [warning] Possibly T_lidar_imu is not accurate or LiDAR-IMU synchronization is not correct.
[2026-07-08 17:19:48.105] [odom] [warning] IMU bias validation results:
[2026-07-08 17:19:48.105] [odom] [warning] num_bias_validations=7616
[2026-07-08 17:19:48.105] [odom] [warning] bias_acc=[0.040, -0.806, 0.073] m/s^2, bias_gyro=[-0.019, 0.001, 0.001] rad/s
[2026-07-08 17:19:48.105] [odom] [warning] acc_stat ax=0.408 +- 0.243 [min=-0.006, max=0.758], ay=-0.541 +- 0.322 [min=-0.990, max=0.022], az=0.039 +- 0.014 [min=0.012, max=0.073] m/s^2
[2026-07-08 17:19:48.105] [odom] [warning] gyro_stat wx=-0.019 +- 0.001 [min=-0.020, max=-0.016], wy=0.000 +- 0.001 [min=-0.004, max=0.002], wz=0.001 +- 0.000 [min=0.001, max=0.002] rad/s
[2026-07-08 17:19:48.724] [odom] [warning] IMU prediction is not good.
[2026-07-08 17:19:48.724] [odom] [warning] Possibly T_lidar_imu is not accurate or IMU bias is not well estimated.
[2026-07-08 17:19:48.724] [odom] [warning] IMU validation results:
[2026-07-08 17:19:48.724] [odom] [warning] num_validations=7296
[2026-07-08 17:19:48.724] [odom] [warning] No-IMU errors rot=0.199 +- 0.267 deg, trans=0.019 +- 0.010 m, vel=0.025 +- 0.017 m/s
[2026-07-08 17:19:48.724] [odom] [warning] IMU errors rot=0.060 +- 0.048 deg, trans=0.022 +- 0.011 m, vel=0.062 +- 0.026 m/s
[2026-07-08 17:19:48.724] [odom] [warning] IMU better ratios rot=0.88, trans=0.03, vel=0.09
[2026-07-08 17:19:49.621] [odom] [warning] IMU bias estimation seems inaccurate.
[2026-07-08 17:19:49.621] [odom] [warning] Possibly T_lidar_imu is not accurate or LiDAR-IMU synchronization is not correct.
[2026-07-08 17:19:49.621] [odom] [warning] IMU bias validation results:
[2026-07-08 17:19:49.621] [odom] [warning] num_bias_validations=7680
[2026-07-08 17:19:49.621] [odom] [warning] bias_acc=[0.030, -0.799, 0.075] m/s^2, bias_gyro=[-0.019, 0.001, 0.001] rad/s
[2026-07-08 17:19:49.621] [odom] [warning] acc_stat ax=0.405 +- 0.244 [min=-0.006, max=0.758], ay=-0.543 +- 0.321 [min=-0.990, max=0.022], az=0.039 +- 0.014 [min=0.012, max=0.075] m/s^2
[2026-07-08 17:19:49.621] [odom] [warning] gyro_stat wx=-0.019 +- 0.001 [min=-0.020, max=-0.016], wy=0.000 +- 0.001 [min=-0.004, max=0.002], wz=0.001 +- 0.000 [min=0.001, max=0.002] rad/s
[2026-07-08 17:19:50.703] [odom] [warning] IMU prediction is not good.
[2026-07-08 17:19:50.703] [odom] [warning] Possibly T_lidar_imu is not accurate or IMU bias is not well estimated.
[2026-07-08 17:19:50.703] [odom] [warning] IMU validation results:
[2026-07-08 17:19:50.703] [odom] [warning] num_validations=7360
[2026-07-08 17:19:50.703] [odom] [warning] No-IMU errors rot=0.199 +- 0.266 deg, trans=0.019 +- 0.010 m, vel=0.025 +- 0.017 m/s
[2026-07-08 17:19:50.703] [odom] [warning] IMU errors rot=0.060 +- 0.048 deg, trans=0.022 +- 0.011 m, vel=0.062 +- 0.026 m/s
[2026-07-08 17:19:50.703] [odom] [warning] IMU better ratios rot=0.88, trans=0.03, vel=0.09
[2026-07-08 17:19:51.375] [odom] [warning] IMU bias estimation seems inaccurate.
[2026-07-08 17:19:51.375] [odom] [warning] Possibly T_lidar_imu is not accurate or LiDAR-IMU synchronization is not correct.
[2026-07-08 17:19:51.375] [odom] [warning] IMU bias validation results:
[2026-07-08 17:19:51.375] [odom] [warning] num_bias_validations=7744
[2026-07-08 17:19:51.375] [odom] [warning] bias_acc=[0.022, -0.788, 0.076] m/s^2, bias_gyro=[-0.019, 0.000, 0.001] rad/s
[2026-07-08 17:19:51.375] [odom] [warning] acc_stat ax=0.402 +- 0.245 [min=-0.006, max=0.758], ay=-0.545 +- 0.320 [min=-0.990, max=0.022], az=0.040 +- 0.015 [min=0.012, max=0.076] m/s^2
[2026-07-08 17:19:51.375] [odom] [warning] gyro_stat wx=-0.019 +- 0.001 [min=-0.020, max=-0.016], wy=0.000 +- 0.001 [min=-0.004, max=0.002], wz=0.001 +- 0.000 [min=0.001, max=0.002] rad/s
[2026-07-08 17:19:51.478] [glim] [info] playback speed: 3.922x
[2026-07-08 17:19:52.285] [odom] [warning] IMU prediction is not good.
[2026-07-08 17:19:52.285] [odom] [warning] Possibly T_lidar_imu is not accurate or IMU bias is not well estimated.
[2026-07-08 17:19:52.285] [odom] [warning] IMU validation results:
[2026-07-08 17:19:52.285] [odom] [warning] num_validations=7424
[2026-07-08 17:19:52.285] [odom] [warning] No-IMU errors rot=0.199 +- 0.266 deg, trans=0.019 +- 0.010 m, vel=0.025 +- 0.017 m/s
[2026-07-08 17:19:52.285] [odom] [warning] IMU errors rot=0.060 +- 0.047 deg, trans=0.022 +- 0.011 m, vel=0.062 +- 0.026 m/s
[2026-07-08 17:19:52.285] [odom] [warning] IMU better ratios rot=0.88, trans=0.03, vel=0.09
[2026-07-08 17:19:53.101] [odom] [warning] IMU bias estimation seems inaccurate.
[2026-07-08 17:19:53.101] [odom] [warning] Possibly T_lidar_imu is not accurate or LiDAR-IMU synchronization is not correct.
[2026-07-08 17:19:53.101] [odom] [warning] IMU bias validation results:
[2026-07-08 17:19:53.101] [odom] [warning] num_bias_validations=7808
[2026-07-08 17:19:53.101] [odom] [warning] bias_acc=[0.015, -0.777, 0.077] m/s^2, bias_gyro=[-0.019, 0.001, 0.001] rad/s
[2026-07-08 17:19:53.101] [odom] [warning] acc_stat ax=0.399 +- 0.247 [min=-0.006, max=0.758], ay=-0.547 +- 0.320 [min=-0.990, max=0.022], az=0.040 +- 0.015 [min=0.012, max=0.077] m/s^2
[2026-07-08 17:19:53.101] [odom] [warning] gyro_stat wx=-0.019 +- 0.001 [min=-0.020, max=-0.016], wy=0.000 +- 0.001 [min=-0.004, max=0.002], wz=0.001 +- 0.000 [min=0.001, max=0.002] rad/s
[2026-07-08 17:19:53.437] [odom] [warning] IMU prediction is not good.
[2026-07-08 17:19:53.437] [odom] [warning] Possibly T_lidar_imu is not accurate or IMU bias is not well estimated.
[2026-07-08 17:19:53.437] [odom] [warning] IMU validation results:
[2026-07-08 17:19:53.437] [odom] [warning] num_validations=7488
[2026-07-08 17:19:53.437] [odom] [warning] No-IMU errors rot=0.199 +- 0.265 deg, trans=0.019 +- 0.010 m, vel=0.025 +- 0.017 m/s
[2026-07-08 17:19:53.437] [odom] [warning] IMU errors rot=0.060 +- 0.047 deg, trans=0.022 +- 0.011 m, vel=0.062 +- 0.026 m/s
[2026-07-08 17:19:53.437] [odom] [warning] IMU better ratios rot=0.88, trans=0.03, vel=0.08
[2026-07-08 17:19:54.884] [odom] [warning] IMU bias estimation seems inaccurate.
[2026-07-08 17:19:54.884] [odom] [warning] Possibly T_lidar_imu is not accurate or LiDAR-IMU synchronization is not correct.
[2026-07-08 17:19:54.884] [odom] [warning] IMU bias validation results:
[2026-07-08 17:19:54.884] [odom] [warning] num_bias_validations=7872
[2026-07-08 17:19:54.884] [odom] [warning] bias_acc=[0.009, -0.768, 0.077] m/s^2, bias_gyro=[-0.019, 0.001, 0.001] rad/s
[2026-07-08 17:19:54.884] [odom] [warning] acc_stat ax=0.396 +- 0.248 [min=-0.006, max=0.758], ay=-0.549 +- 0.319 [min=-0.990, max=0.022], az=0.040 +- 0.015 [min=0.012, max=0.077] m/s^2
[2026-07-08 17:19:54.884] [odom] [warning] gyro_stat wx=-0.019 +- 0.001 [min=-0.020, max=-0.016], wy=0.000 +- 0.001 [min=-0.004, max=0.002], wz=0.001 +- 0.000 [min=0.001, max=0.002] rad/s
[2026-07-08 17:19:55.148] [odom] [warning] IMU prediction is not good.
[2026-07-08 17:19:55.148] [odom] [warning] Possibly T_lidar_imu is not accurate or IMU bias is not well estimated.
[2026-07-08 17:19:55.148] [odom] [warning] IMU validation results:
[2026-07-08 17:19:55.148] [odom] [warning] num_validations=7552
[2026-07-08 17:19:55.148] [odom] [warning] No-IMU errors rot=0.199 +- 0.264 deg, trans=0.019 +- 0.010 m, vel=0.025 +- 0.017 m/s
[2026-07-08 17:19:55.148] [odom] [warning] IMU errors rot=0.060 +- 0.047 deg, trans=0.022 +- 0.011 m, vel=0.062 +- 0.026 m/s
[2026-07-08 17:19:55.148] [odom] [warning] IMU better ratios rot=0.88, trans=0.03, vel=0.08
[2026-07-08 17:19:55.890] [odom] [warning] IMU bias estimation seems inaccurate.
[2026-07-08 17:19:55.890] [odom] [warning] Possibly T_lidar_imu is not accurate or LiDAR-IMU synchronization is not correct.
[2026-07-08 17:19:55.890] [odom] [warning] IMU bias validation results:
[2026-07-08 17:19:55.890] [odom] [warning] num_bias_validations=7936
[2026-07-08 17:19:55.890] [odom] [warning] bias_acc=[0.000, -0.762, 0.078] m/s^2, bias_gyro=[-0.019, 0.001, 0.001] rad/s
[2026-07-08 17:19:55.890] [odom] [warning] acc_stat ax=0.393 +- 0.250 [min=-0.006, max=0.758], ay=-0.550 +- 0.318 [min=-0.990, max=0.022], az=0.041 +- 0.016 [min=0.012, max=0.078] m/s^2
[2026-07-08 17:19:55.890] [odom] [warning] gyro_stat wx=-0.019 +- 0.001 [min=-0.020, max=-0.016], wy=0.000 +- 0.001 [min=-0.004, max=0.002], wz=0.001 +- 0.000 [min=0.001, max=0.002] rad/s
[2026-07-08 17:19:56.479] [glim] [info] playback speed: 4.240x
[2026-07-08 17:19:56.787] [odom] [warning] IMU prediction is not good.
[2026-07-08 17:19:56.787] [odom] [warning] Possibly T_lidar_imu is not accurate or IMU bias is not well estimated.
[2026-07-08 17:19:56.787] [odom] [warning] IMU validation results:
[2026-07-08 17:19:56.787] [odom] [warning] num_validations=7616
[2026-07-08 17:19:56.787] [odom] [warning] No-IMU errors rot=0.199 +- 0.263 deg, trans=0.019 +- 0.010 m, vel=0.025 +- 0.017 m/s
[2026-07-08 17:19:56.787] [odom] [warning] IMU errors rot=0.060 +- 0.047 deg, trans=0.022 +- 0.011 m, vel=0.062 +- 0.026 m/s
[2026-07-08 17:19:56.787] [odom] [warning] IMU better ratios rot=0.88, trans=0.03, vel=0.08
[2026-07-08 17:19:57.340] [odom] [warning] IMU bias estimation seems inaccurate.
[2026-07-08 17:19:57.340] [odom] [warning] Possibly T_lidar_imu is not accurate or LiDAR-IMU synchronization is not correct.
[2026-07-08 17:19:57.340] [odom] [warning] IMU bias validation results:
[2026-07-08 17:19:57.340] [odom] [warning] num_bias_validations=8000
[2026-07-08 17:19:57.340] [odom] [warning] bias_acc=[-0.009, -0.755, 0.079] m/s^2, bias_gyro=[-0.019, 0.001, 0.001] rad/s
[2026-07-08 17:19:57.340] [odom] [warning] acc_stat ax=0.389 +- 0.251 [min=-0.009, max=0.758], ay=-0.552 +- 0.318 [min=-0.990, max=0.022], az=0.041 +- 0.016 [min=0.012, max=0.079] m/s^2
[2026-07-08 17:19:57.340] [odom] [warning] gyro_stat wx=-0.019 +- 0.001 [min=-0.020, max=-0.016], wy=0.000 +- 0.001 [min=-0.004, max=0.002], wz=0.001 +- 0.000 [min=0.001, max=0.002] rad/s
[2026-07-08 17:19:58.082] [odom] [warning] IMU prediction is not good.
[2026-07-08 17:19:58.082] [odom] [warning] Possibly T_lidar_imu is not accurate or IMU bias is not well estimated.
[2026-07-08 17:19:58.082] [odom] [warning] IMU validation results:
[2026-07-08 17:19:58.082] [odom] [warning] num_validations=7680
[2026-07-08 17:19:58.082] [odom] [warning] No-IMU errors rot=0.199 +- 0.262 deg, trans=0.019 +- 0.010 m, vel=0.025 +- 0.017 m/s
[2026-07-08 17:19:58.082] [odom] [warning] IMU errors rot=0.060 +- 0.047 deg, trans=0.022 +- 0.011 m, vel=0.062 +- 0.026 m/s
[2026-07-08 17:19:58.082] [odom] [warning] IMU better ratios rot=0.88, trans=0.03, vel=0.08
[2026-07-08 17:19:59.247] [odom] [warning] IMU bias estimation seems inaccurate.
[2026-07-08 17:19:59.247] [odom] [warning] Possibly T_lidar_imu is not accurate or LiDAR-IMU synchronization is not correct.
[2026-07-08 17:19:59.247] [odom] [warning] IMU bias validation results:
[2026-07-08 17:19:59.247] [odom] [warning] num_bias_validations=8064
[2026-07-08 17:19:59.247] [odom] [warning] bias_acc=[-0.017, -0.747, 0.080] m/s^2, bias_gyro=[-0.019, 0.001, 0.001] rad/s
[2026-07-08 17:19:59.247] [odom] [warning] acc_stat ax=0.386 +- 0.253 [min=-0.017, max=0.758], ay=-0.554 +- 0.317 [min=-0.990, max=0.022], az=0.041 +- 0.016 [min=0.012, max=0.080] m/s^2
[2026-07-08 17:19:59.247] [odom] [warning] gyro_stat wx=-0.019 +- 0.001 [min=-0.020, max=-0.016], wy=0.000 +- 0.001 [min=-0.004, max=0.002], wz=0.001 +- 0.000 [min=0.001, max=0.002] rad/s
[2026-07-08 17:19:59.567] [odom] [warning] IMU prediction is not good.
[2026-07-08 17:19:59.567] [odom] [warning] Possibly T_lidar_imu is not accurate or IMU bias is not well estimated.
[2026-07-08 17:19:59.567] [odom] [warning] IMU validation results:
[2026-07-08 17:19:59.567] [odom] [warning] num_validations=7744
[2026-07-08 17:19:59.567] [odom] [warning] No-IMU errors rot=0.199 +- 0.262 deg, trans=0.019 +- 0.010 m, vel=0.025 +- 0.017 m/s
[2026-07-08 17:19:59.567] [odom] [warning] IMU errors rot=0.060 +- 0.048 deg, trans=0.022 +- 0.011 m, vel=0.062 +- 0.025 m/s
[2026-07-08 17:19:59.567] [odom] [warning] IMU better ratios rot=0.88, trans=0.03, vel=0.08
[2026-07-08 17:20:01.053] [odom] [warning] IMU bias estimation seems inaccurate.
[2026-07-08 17:20:01.053] [odom] [warning] Possibly T_lidar_imu is not accurate or LiDAR-IMU synchronization is not correct.
[2026-07-08 17:20:01.053] [odom] [warning] IMU bias validation results:
[2026-07-08 17:20:01.053] [odom] [warning] num_bias_validations=8128
[2026-07-08 17:20:01.053] [odom] [warning] bias_acc=[-0.025, -0.740, 0.081] m/s^2, bias_gyro=[-0.019, 0.000, 0.001] rad/s
[2026-07-08 17:20:01.053] [odom] [warning] acc_stat ax=0.383 +- 0.255 [min=-0.025, max=0.758], ay=-0.555 +- 0.316 [min=-0.990, max=0.022], az=0.042 +- 0.017 [min=0.012, max=0.081] m/s^2
[2026-07-08 17:20:01.053] [odom] [warning] gyro_stat wx=-0.019 +- 0.001 [min=-0.020, max=-0.016], wy=0.000 +- 0.001 [min=-0.004, max=0.002], wz=0.001 +- 0.000 [min=0.001, max=0.002] rad/s
[2026-07-08 17:20:01.356] [odom] [warning] IMU prediction is not good.
[2026-07-08 17:20:01.356] [odom] [warning] Possibly T_lidar_imu is not accurate or IMU bias is not well estimated.
[2026-07-08 17:20:01.356] [odom] [warning] IMU validation results:
[2026-07-08 17:20:01.356] [odom] [warning] num_validations=7808
[2026-07-08 17:20:01.356] [odom] [warning] No-IMU errors rot=0.199 +- 0.261 deg, trans=0.019 +- 0.010 m, vel=0.025 +- 0.017 m/s
[2026-07-08 17:20:01.356] [odom] [warning] IMU errors rot=0.061 +- 0.048 deg, trans=0.022 +- 0.011 m, vel=0.061 +- 0.025 m/s
[2026-07-08 17:20:01.356] [odom] [warning] IMU better ratios rot=0.88, trans=0.03, vel=0.08
[2026-07-08 17:20:01.501] [glim] [info] playback speed: 4.081x
[2026-07-08 17:20:02.647] [odom] [warning] IMU bias estimation seems inaccurate.
[2026-07-08 17:20:02.647] [odom] [warning] Possibly T_lidar_imu is not accurate or LiDAR-IMU synchronization is not correct.
[2026-07-08 17:20:02.647] [odom] [warning] IMU bias validation results:
[2026-07-08 17:20:02.647] [odom] [warning] num_bias_validations=8192
[2026-07-08 17:20:02.647] [odom] [warning] bias_acc=[-0.035, -0.735, 0.083] m/s^2, bias_gyro=[-0.019, 0.001, 0.001] rad/s
[2026-07-08 17:20:02.647] [odom] [warning] acc_stat ax=0.380 +- 0.256 [min=-0.035, max=0.758], ay=-0.556 +- 0.315 [min=-0.990, max=0.022], az=0.042 +- 0.017 [min=0.012, max=0.083] m/s^2
[2026-07-08 17:20:02.647] [odom] [warning] gyro_stat wx=-0.019 +- 0.001 [min=-0.020, max=-0.016], wy=0.000 +- 0.001 [min=-0.004, max=0.002], wz=0.001 +- 0.000 [min=0.001, max=0.002] rad/s
[2026-07-08 17:20:03.207] [odom] [warning] IMU prediction is not good.
[2026-07-08 17:20:03.207] [odom] [warning] Possibly T_lidar_imu is not accurate or IMU bias is not well estimated.
[2026-07-08 17:20:03.207] [odom] [warning] IMU validation results:
[2026-07-08 17:20:03.207] [odom] [warning] num_validations=7872
[2026-07-08 17:20:03.207] [odom] [warning] No-IMU errors rot=0.198 +- 0.260 deg, trans=0.019 +- 0.010 m, vel=0.025 +- 0.017 m/s
[2026-07-08 17:20:03.207] [odom] [warning] IMU errors rot=0.061 +- 0.048 deg, trans=0.022 +- 0.011 m, vel=0.061 +- 0.025 m/s
[2026-07-08 17:20:03.207] [odom] [warning] IMU better ratios rot=0.88, trans=0.03, vel=0.08
[2026-07-08 17:20:04.074] [odom] [warning] IMU bias estimation seems inaccurate.
[2026-07-08 17:20:04.074] [odom] [warning] Possibly T_lidar_imu is not accurate or LiDAR-IMU synchronization is not correct.
[2026-07-08 17:20:04.074] [odom] [warning] IMU bias validation results:
[2026-07-08 17:20:04.074] [odom] [warning] num_bias_validations=8256
[2026-07-08 17:20:04.074] [odom] [warning] bias_acc=[-0.047, -0.732, 0.085] m/s^2, bias_gyro=[-0.019, 0.001, 0.001] rad/s
[2026-07-08 17:20:04.074] [odom] [warning] acc_stat ax=0.376 +- 0.258 [min=-0.047, max=0.758], ay=-0.558 +- 0.314 [min=-0.990, max=0.022], az=0.042 +- 0.017 [min=0.012, max=0.085] m/s^2
[2026-07-08 17:20:04.074] [odom] [warning] gyro_stat wx=-0.019 +- 0.001 [min=-0.020, max=-0.016], wy=0.000 +- 0.001 [min=-0.004, max=0.002], wz=0.001 +- 0.000 [min=0.001, max=0.002] rad/s
[2026-07-08 17:20:05.537] [odom] [warning] IMU prediction is not good.
[2026-07-08 17:20:05.537] [odom] [warning] Possibly T_lidar_imu is not accurate or IMU bias is not well estimated.
[2026-07-08 17:20:05.537] [odom] [warning] IMU validation results:
[2026-07-08 17:20:05.537] [odom] [warning] num_validations=7936
[2026-07-08 17:20:05.537] [odom] [warning] No-IMU errors rot=0.199 +- 0.263 deg, trans=0.019 +- 0.010 m, vel=0.025 +- 0.017 m/s
[2026-07-08 17:20:05.537] [odom] [warning] IMU errors rot=0.061 +- 0.048 deg, trans=0.022 +- 0.011 m, vel=0.061 +- 0.025 m/s
[2026-07-08 17:20:05.537] [odom] [warning] IMU better ratios rot=0.88, trans=0.03, vel=0.08
[2026-07-08 17:20:05.802] [odom] [warning] IMU bias estimation seems inaccurate.
[2026-07-08 17:20:05.802] [odom] [warning] Possibly T_lidar_imu is not accurate or LiDAR-IMU synchronization is not correct.
[2026-07-08 17:20:05.802] [odom] [warning] IMU bias validation results:
[2026-07-08 17:20:05.802] [odom] [warning] num_bias_validations=8320
[2026-07-08 17:20:05.802] [odom] [warning] bias_acc=[-0.055, -0.725, 0.086] m/s^2, bias_gyro=[-0.018, -0.001, 0.001] rad/s
[2026-07-08 17:20:05.802] [odom] [warning] acc_stat ax=0.373 +- 0.260 [min=-0.055, max=0.758], ay=-0.559 +- 0.314 [min=-0.990, max=0.022], az=0.043 +- 0.018 [min=0.012, max=0.086] m/s^2
[2026-07-08 17:20:05.802] [odom] [warning] gyro_stat wx=-0.019 +- 0.001 [min=-0.020, max=-0.016], wy=0.000 +- 0.001 [min=-0.004, max=0.002], wz=0.001 +- 0.000 [min=0.001, max=0.002] rad/s
[2026-07-08 17:20:06.510] [glim] [info] playback speed: 3.808x
[2026-07-08 17:20:06.781] [odom] [warning] IMU prediction is not good.
[2026-07-08 17:20:06.781] [odom] [warning] Possibly T_lidar_imu is not accurate or IMU bias is not well estimated.
[2026-07-08 17:20:06.781] [odom] [warning] IMU validation results:
[2026-07-08 17:20:06.781] [odom] [warning] num_validations=8000
[2026-07-08 17:20:06.781] [odom] [warning] No-IMU errors rot=0.205 +- 0.272 deg, trans=0.019 +- 0.010 m, vel=0.025 +- 0.017 m/s
[2026-07-08 17:20:06.781] [odom] [warning] IMU errors rot=0.062 +- 0.049 deg, trans=0.022 +- 0.011 m, vel=0.061 +- 0.025 m/s
[2026-07-08 17:20:06.781] [odom] [warning] IMU better ratios rot=0.88, trans=0.03, vel=0.08
[2026-07-08 17:20:08.472] [odom] [warning] IMU bias estimation seems inaccurate.
[2026-07-08 17:20:08.472] [odom] [warning] Possibly T_lidar_imu is not accurate or LiDAR-IMU synchronization is not correct.
[2026-07-08 17:20:08.472] [odom] [warning] IMU bias validation results:
[2026-07-08 17:20:08.472] [odom] [warning] num_bias_validations=8384
[2026-07-08 17:20:08.472] [odom] [warning] bias_acc=[-0.043, -0.709, 0.086] m/s^2, bias_gyro=[-0.018, -0.003, 0.001] rad/s
[2026-07-08 17:20:08.472] [odom] [warning] acc_stat ax=0.370 +- 0.261 [min=-0.055, max=0.758], ay=-0.560 +- 0.313 [min=-0.990, max=0.022], az=0.043 +- 0.018 [min=0.012, max=0.086] m/s^2
[2026-07-08 17:20:08.472] [odom] [warning] gyro_stat wx=-0.019 +- 0.001 [min=-0.020, max=-0.016], wy=0.000 +- 0.001 [min=-0.004, max=0.002], wz=0.001 +- 0.000 [min=0.001, max=0.002] rad/s
[2026-07-08 17:20:10.284] [odom] [warning] IMU prediction is not good.
[2026-07-08 17:20:10.284] [odom] [warning] Possibly T_lidar_imu is not accurate or IMU bias is not well estimated.
[2026-07-08 17:20:10.284] [odom] [warning] IMU validation results:
[2026-07-08 17:20:10.284] [odom] [warning] num_validations=8064
[2026-07-08 17:20:10.284] [odom] [warning] No-IMU errors rot=0.206 +- 0.272 deg, trans=0.019 +- 0.010 m, vel=0.025 +- 0.017 m/s
[2026-07-08 17:20:10.284] [odom] [warning] IMU errors rot=0.062 +- 0.049 deg, trans=0.022 +- 0.011 m, vel=0.062 +- 0.025 m/s
[2026-07-08 17:20:10.284] [odom] [warning] IMU better ratios rot=0.88, trans=0.03, vel=0.08
[2026-07-08 17:20:11.510] [glim] [info] playback speed: 1.969x
[2026-07-08 17:20:12.028] [odom] [warning] IMU bias estimation seems inaccurate.
[2026-07-08 17:20:12.028] [odom] [warning] Possibly T_lidar_imu is not accurate or LiDAR-IMU synchronization is not correct.
[2026-07-08 17:20:12.028] [odom] [warning] IMU bias validation results:
[2026-07-08 17:20:12.028] [odom] [warning] num_bias_validations=8448
[2026-07-08 17:20:12.028] [odom] [warning] bias_acc=[-0.015, -0.691, 0.084] m/s^2, bias_gyro=[-0.018, -0.004, 0.001] rad/s
[2026-07-08 17:20:12.028] [odom] [warning] acc_stat ax=0.367 +- 0.262 [min=-0.055, max=0.758], ay=-0.561 +- 0.312 [min=-0.990, max=0.022], az=0.043 +- 0.018 [min=0.012, max=0.086] m/s^2
[2026-07-08 17:20:12.028] [odom] [warning] gyro_stat wx=-0.019 +- 0.001 [min=-0.020, max=-0.016], wy=0.000 +- 0.001 [min=-0.004, max=0.002], wz=0.001 +- 0.000 [min=0.001, max=0.002] rad/s
[2026-07-08 17:20:12.616] [odom] [warning] IMU prediction is not good.
[2026-07-08 17:20:12.616] [odom] [warning] Possibly T_lidar_imu is not accurate or IMU bias is not well estimated.
[2026-07-08 17:20:12.616] [odom] [warning] IMU validation results:
[2026-07-08 17:20:12.616] [odom] [warning] num_validations=8128
[2026-07-08 17:20:12.616] [odom] [warning] No-IMU errors rot=0.206 +- 0.271 deg, trans=0.019 +- 0.010 m, vel=0.025 +- 0.017 m/s
[2026-07-08 17:20:12.616] [odom] [warning] IMU errors rot=0.063 +- 0.051 deg, trans=0.022 +- 0.012 m, vel=0.062 +- 0.027 m/s
[2026-07-08 17:20:12.616] [odom] [warning] IMU better ratios rot=0.88, trans=0.03, vel=0.08
[2026-07-08 17:20:13.338] [odom] [warning] IMU bias estimation seems inaccurate.
[2026-07-08 17:20:13.338] [odom] [warning] Possibly T_lidar_imu is not accurate or LiDAR-IMU synchronization is not correct.
[2026-07-08 17:20:13.338] [odom] [warning] IMU bias validation results:
[2026-07-08 17:20:13.338] [odom] [warning] num_bias_validations=8512
[2026-07-08 17:20:13.338] [odom] [warning] bias_acc=[0.013, -0.673, 0.082] m/s^2, bias_gyro=[-0.018, -0.002, 0.001] rad/s
[2026-07-08 17:20:13.338] [odom] [warning] acc_stat ax=0.364 +- 0.263 [min=-0.055, max=0.758], ay=-0.562 +- 0.311 [min=-0.990, max=0.022], az=0.043 +- 0.018 [min=0.012, max=0.086] m/s^2
[2026-07-08 17:20:13.338] [odom] [warning] gyro_stat wx=-0.019 +- 0.001 [min=-0.020, max=-0.016], wy=0.000 +- 0.001 [min=-0.004, max=0.002], wz=0.001 +- 0.000 [min=0.001, max=0.002] rad/s
[2026-07-08 17:20:14.897] [odom] [warning] IMU prediction is not good.
[2026-07-08 17:20:14.897] [odom] [warning] Possibly T_lidar_imu is not accurate or IMU bias is not well estimated.
[2026-07-08 17:20:14.897] [odom] [warning] IMU validation results:
[2026-07-08 17:20:14.897] [odom] [warning] num_validations=8192
[2026-07-08 17:20:14.897] [odom] [warning] No-IMU errors rot=0.206 +- 0.270 deg, trans=0.020 +- 0.011 m, vel=0.025 +- 0.017 m/s
[2026-07-08 17:20:14.897] [odom] [warning] IMU errors rot=0.063 +- 0.051 deg, trans=0.022 +- 0.012 m, vel=0.063 +- 0.027 m/s
[2026-07-08 17:20:14.897] [odom] [warning] IMU better ratios rot=0.88, trans=0.03, vel=0.08
[2026-07-08 17:20:16.561] [glim] [info] playback speed: 2.731x
[2026-07-08 17:20:16.623] [odom] [warning] IMU bias estimation seems inaccurate.
[2026-07-08 17:20:16.623] [odom] [warning] Possibly T_lidar_imu is not accurate or LiDAR-IMU synchronization is not correct.
[2026-07-08 17:20:16.623] [odom] [warning] IMU bias validation results:
[2026-07-08 17:20:16.623] [odom] [warning] num_bias_validations=8576
[2026-07-08 17:20:16.623] [odom] [warning] bias_acc=[0.034, -0.656, 0.080] m/s^2, bias_gyro=[-0.018, -0.001, 0.001] rad/s
[2026-07-08 17:20:16.623] [odom] [warning] acc_stat ax=0.362 +- 0.264 [min=-0.055, max=0.758], ay=-0.563 +- 0.310 [min=-0.990, max=0.022], az=0.044 +- 0.019 [min=0.012, max=0.086] m/s^2
[2026-07-08 17:20:16.623] [odom] [warning] gyro_stat wx=-0.019 +- 0.001 [min=-0.020, max=-0.016], wy=0.000 +- 0.001 [min=-0.004, max=0.002], wz=0.001 +- 0.000 [min=0.001, max=0.002] rad/s
[2026-07-08 17:20:17.090] [odom] [warning] IMU prediction is not good.
[2026-07-08 17:20:17.090] [odom] [warning] Possibly T_lidar_imu is not accurate or IMU bias is not well estimated.
[2026-07-08 17:20:17.090] [odom] [warning] IMU validation results:
[2026-07-08 17:20:17.090] [odom] [warning] num_validations=8256
[2026-07-08 17:20:17.090] [odom] [warning] No-IMU errors rot=0.205 +- 0.270 deg, trans=0.020 +- 0.011 m, vel=0.025 +- 0.017 m/s
[2026-07-08 17:20:17.090] [odom] [warning] IMU errors rot=0.063 +- 0.051 deg, trans=0.023 +- 0.012 m, vel=0.063 +- 0.027 m/s
[2026-07-08 17:20:17.090] [odom] [warning] IMU better ratios rot=0.88, trans=0.03, vel=0.08
[2026-07-08 17:20:17.827] [odom] [warning] IMU bias estimation seems inaccurate.
[2026-07-08 17:20:17.827] [odom] [warning] Possibly T_lidar_imu is not accurate or LiDAR-IMU synchronization is not correct.
[2026-07-08 17:20:17.827] [odom] [warning] IMU bias validation results:
[2026-07-08 17:20:17.827] [odom] [warning] num_bias_validations=8640
[2026-07-08 17:20:17.827] [odom] [warning] bias_acc=[0.053, -0.638, 0.079] m/s^2, bias_gyro=[-0.018, -0.001, 0.001] rad/s
[2026-07-08 17:20:17.827] [odom] [warning] acc_stat ax=0.360 +- 0.264 [min=-0.055, max=0.758], ay=-0.563 +- 0.308 [min=-0.990, max=0.022], az=0.044 +- 0.019 [min=0.012, max=0.086] m/s^2
[2026-07-08 17:20:17.827] [odom] [warning] gyro_stat wx=-0.019 +- 0.001 [min=-0.020, max=-0.016], wy=0.000 +- 0.001 [min=-0.004, max=0.002], wz=0.001 +- 0.000 [min=0.001, max=0.002] rad/s
[2026-07-08 17:20:19.416] [odom] [warning] IMU prediction is not good.
[2026-07-08 17:20:19.416] [odom] [warning] Possibly T_lidar_imu is not accurate or IMU bias is not well estimated.
[2026-07-08 17:20:19.416] [odom] [warning] IMU validation results:
[2026-07-08 17:20:19.416] [odom] [warning] num_validations=8320
[2026-07-08 17:20:19.416] [odom] [warning] No-IMU errors rot=0.205 +- 0.269 deg, trans=0.020 +- 0.011 m, vel=0.025 +- 0.017 m/s
[2026-07-08 17:20:19.416] [odom] [warning] IMU errors rot=0.063 +- 0.052 deg, trans=0.023 +- 0.012 m, vel=0.064 +- 0.028 m/s
[2026-07-08 17:20:19.416] [odom] [warning] IMU better ratios rot=0.88, trans=0.03, vel=0.08
[2026-07-08 17:20:19.659] [odom] [warning] IMU bias estimation seems inaccurate.
[2026-07-08 17:20:19.659] [odom] [warning] Possibly T_lidar_imu is not accurate or LiDAR-IMU synchronization is not correct.
[2026-07-08 17:20:19.659] [odom] [warning] IMU bias validation results:
[2026-07-08 17:20:19.659] [odom] [warning] num_bias_validations=8704
[2026-07-08 17:20:19.659] [odom] [warning] bias_acc=[0.075, -0.622, 0.077] m/s^2, bias_gyro=[-0.018, -0.001, 0.001] rad/s
[2026-07-08 17:20:19.659] [odom] [warning] acc_stat ax=0.357 +- 0.264 [min=-0.055, max=0.758], ay=-0.564 +- 0.307 [min=-0.990, max=0.022], az=0.044 +- 0.019 [min=0.012, max=0.086] m/s^2
[2026-07-08 17:20:19.659] [odom] [warning] gyro_stat wx=-0.019 +- 0.001 [min=-0.020, max=-0.016], wy=0.000 +- 0.001 [min=-0.004, max=0.002], wz=0.001 +- 0.000 [min=0.001, max=0.002] rad/s
[2026-07-08 17:20:20.730] [odom] [warning] IMU prediction is not good.
[2026-07-08 17:20:20.730] [odom] [warning] Possibly T_lidar_imu is not accurate or IMU bias is not well estimated.
[2026-07-08 17:20:20.730] [odom] [warning] IMU validation results:
[2026-07-08 17:20:20.730] [odom] [warning] num_validations=8384
[2026-07-08 17:20:20.730] [odom] [warning] No-IMU errors rot=0.205 +- 0.268 deg, trans=0.020 +- 0.011 m, vel=0.025 +- 0.017 m/s
[2026-07-08 17:20:20.730] [odom] [warning] IMU errors rot=0.063 +- 0.052 deg, trans=0.023 +- 0.012 m, vel=0.064 +- 0.028 m/s
[2026-07-08 17:20:20.730] [odom] [warning] IMU better ratios rot=0.88, trans=0.03, vel=0.08
[2026-07-08 17:20:21.604] [glim] [info] playback speed: 3.601x
[2026-07-08 17:20:22.279] [odom] [warning] IMU bias estimation seems inaccurate.
[2026-07-08 17:20:22.279] [odom] [warning] Possibly T_lidar_imu is not accurate or LiDAR-IMU synchronization is not correct.
[2026-07-08 17:20:22.279] [odom] [warning] IMU bias validation results:
[2026-07-08 17:20:22.280] [odom] [warning] num_bias_validations=8768
[2026-07-08 17:20:22.280] [odom] [warning] bias_acc=[0.095, -0.606, 0.076] m/s^2, bias_gyro=[-0.018, -0.001, 0.001] rad/s
[2026-07-08 17:20:22.280] [odom] [warning] acc_stat ax=0.356 +- 0.264 [min=-0.055, max=0.758], ay=-0.564 +- 0.306 [min=-0.990, max=0.022], az=0.044 +- 0.019 [min=0.012, max=0.086] m/s^2
[2026-07-08 17:20:22.280] [odom] [warning] gyro_stat wx=-0.019 +- 0.001 [min=-0.020, max=-0.016], wy=0.000 +- 0.001 [min=-0.004, max=0.002], wz=0.001 +- 0.000 [min=0.001, max=0.002] rad/s
[2026-07-08 17:20:23.858] [odom] [warning] IMU prediction is not good.
[2026-07-08 17:20:23.858] [odom] [warning] Possibly T_lidar_imu is not accurate or IMU bias is not well estimated.
[2026-07-08 17:20:23.858] [odom] [warning] IMU validation results:
[2026-07-08 17:20:23.858] [odom] [warning] num_validations=8448
[2026-07-08 17:20:23.858] [odom] [warning] No-IMU errors rot=0.205 +- 0.267 deg, trans=0.020 +- 0.011 m, vel=0.026 +- 0.017 m/s
[2026-07-08 17:20:23.858] [odom] [warning] IMU errors rot=0.063 +- 0.052 deg, trans=0.023 +- 0.012 m, vel=0.064 +- 0.028 m/s
[2026-07-08 17:20:23.858] [odom] [warning] IMU better ratios rot=0.88, trans=0.03, vel=0.08
[2026-07-08 17:20:24.199] [odom] [warning] IMU bias estimation seems inaccurate.
[2026-07-08 17:20:24.199] [odom] [warning] Possibly T_lidar_imu is not accurate or LiDAR-IMU synchronization is not correct.
[2026-07-08 17:20:24.199] [odom] [warning] IMU bias validation results:
[2026-07-08 17:20:24.199] [odom] [warning] num_bias_validations=8832
[2026-07-08 17:20:24.199] [odom] [warning] bias_acc=[0.115, -0.585, 0.075] m/s^2, bias_gyro=[-0.018, -0.000, 0.001] rad/s
[2026-07-08 17:20:24.199] [odom] [warning] acc_stat ax=0.354 +- 0.264 [min=-0.055, max=0.758], ay=-0.564 +- 0.305 [min=-0.990, max=0.022], az=0.045 +- 0.019 [min=0.012, max=0.086] m/s^2
[2026-07-08 17:20:24.199] [odom] [warning] gyro_stat wx=-0.019 +- 0.001 [min=-0.020, max=-0.016], wy=0.000 +- 0.001 [min=-0.004, max=0.002], wz=0.001 +- 0.000 [min=0.001, max=0.002] rad/s
[2026-07-08 17:20:25.172] [odom] [warning] IMU prediction is not good.
[2026-07-08 17:20:25.172] [odom] [warning] Possibly T_lidar_imu is not accurate or IMU bias is not well estimated.
[2026-07-08 17:20:25.172] [odom] [warning] IMU validation results:
[2026-07-08 17:20:25.172] [odom] [warning] num_validations=8512
[2026-07-08 17:20:25.172] [odom] [warning] No-IMU errors rot=0.205 +- 0.267 deg, trans=0.020 +- 0.011 m, vel=0.026 +- 0.017 m/s
[2026-07-08 17:20:25.172] [odom] [warning] IMU errors rot=0.063 +- 0.052 deg, trans=0.023 +- 0.013 m, vel=0.065 +- 0.028 m/s
[2026-07-08 17:20:25.172] [odom] [warning] IMU better ratios rot=0.88, trans=0.03, vel=0.08
[2026-07-08 17:20:26.632] [glim] [info] playback speed: 2.804x
[2026-07-08 17:20:26.775] [odom] [warning] IMU bias estimation seems inaccurate.
[2026-07-08 17:20:26.775] [odom] [warning] Possibly T_lidar_imu is not accurate or LiDAR-IMU synchronization is not correct.
[2026-07-08 17:20:26.775] [odom] [warning] IMU bias validation results:
[2026-07-08 17:20:26.775] [odom] [warning] num_bias_validations=8896
[2026-07-08 17:20:26.775] [odom] [warning] bias_acc=[0.131, -0.564, 0.075] m/s^2, bias_gyro=[-0.018, -0.000, 0.001] rad/s
[2026-07-08 17:20:26.775] [odom] [warning] acc_stat ax=0.352 +- 0.264 [min=-0.055, max=0.758], ay=-0.564 +- 0.304 [min=-0.990, max=0.022], az=0.045 +- 0.019 [min=0.012, max=0.086] m/s^2
[2026-07-08 17:20:26.775] [odom] [warning] gyro_stat wx=-0.019 +- 0.001 [min=-0.020, max=-0.016], wy=0.000 +- 0.001 [min=-0.004, max=0.002], wz=0.001 +- 0.000 [min=0.001, max=0.002] rad/s
[2026-07-08 17:20:27.592] [odom] [warning] IMU prediction is not good.
[2026-07-08 17:20:27.592] [odom] [warning] Possibly T_lidar_imu is not accurate or IMU bias is not well estimated.
[2026-07-08 17:20:27.592] [odom] [warning] IMU validation results:
[2026-07-08 17:20:27.592] [odom] [warning] num_validations=8576
[2026-07-08 17:20:27.592] [odom] [warning] No-IMU errors rot=0.204 +- 0.266 deg, trans=0.020 +- 0.011 m, vel=0.026 +- 0.017 m/s
[2026-07-08 17:20:27.592] [odom] [warning] IMU errors rot=0.063 +- 0.052 deg, trans=0.023 +- 0.013 m, vel=0.065 +- 0.029 m/s
[2026-07-08 17:20:27.592] [odom] [warning] IMU better ratios rot=0.88, trans=0.03, vel=0.08
[2026-07-08 17:20:28.020] [odom] [warning] IMU bias estimation seems inaccurate.
[2026-07-08 17:20:28.020] [odom] [warning] Possibly T_lidar_imu is not accurate or LiDAR-IMU synchronization is not correct.
[2026-07-08 17:20:28.020] [odom] [warning] IMU bias validation results:
[2026-07-08 17:20:28.020] [odom] [warning] num_bias_validations=8960
[2026-07-08 17:20:28.020] [odom] [warning] bias_acc=[0.148, -0.543, 0.074] m/s^2, bias_gyro=[-0.018, -0.000, 0.001] rad/s
[2026-07-08 17:20:28.020] [odom] [warning] acc_stat ax=0.351 +- 0.263 [min=-0.055, max=0.758], ay=-0.564 +- 0.303 [min=-0.990, max=0.022], az=0.045 +- 0.019 [min=0.012, max=0.086] m/s^2
[2026-07-08 17:20:28.020] [odom] [warning] gyro_stat wx=-0.019 +- 0.001 [min=-0.020, max=-0.016], wy=0.000 +- 0.001 [min=-0.004, max=0.002], wz=0.001 +- 0.000 [min=0.001, max=0.002] rad/s
[2026-07-08 17:20:29.393] [odom] [warning] IMU prediction is not good.
[2026-07-08 17:20:29.393] [odom] [warning] Possibly T_lidar_imu is not accurate or IMU bias is not well estimated.
[2026-07-08 17:20:29.393] [odom] [warning] IMU validation results:
[2026-07-08 17:20:29.393] [odom] [warning] num_validations=8640
[2026-07-08 17:20:29.393] [odom] [warning] No-IMU errors rot=0.204 +- 0.265 deg, trans=0.021 +- 0.011 m, vel=0.026 +- 0.017 m/s
[2026-07-08 17:20:29.393] [odom] [warning] IMU errors rot=0.063 +- 0.052 deg, trans=0.023 +- 0.013 m, vel=0.065 +- 0.029 m/s
[2026-07-08 17:20:29.393] [odom] [warning] IMU better ratios rot=0.88, trans=0.03, vel=0.08
[2026-07-08 17:20:29.957] [odom] [warning] IMU bias estimation seems inaccurate.
[2026-07-08 17:20:29.957] [odom] [warning] Possibly T_lidar_imu is not accurate or LiDAR-IMU synchronization is not correct.
[2026-07-08 17:20:29.957] [odom] [warning] IMU bias validation results:
[2026-07-08 17:20:29.957] [odom] [warning] num_bias_validations=9024
[2026-07-08 17:20:29.957] [odom] [warning] bias_acc=[0.161, -0.520, 0.074] m/s^2, bias_gyro=[-0.018, 0.001, 0.001] rad/s
[2026-07-08 17:20:29.957] [odom] [warning] acc_stat ax=0.349 +- 0.263 [min=-0.055, max=0.758], ay=-0.564 +- 0.302 [min=-0.990, max=0.022], az=0.045 +- 0.019 [min=0.012, max=0.086] m/s^2
[2026-07-08 17:20:29.957] [odom] [warning] gyro_stat wx=-0.019 +- 0.001 [min=-0.020, max=-0.016], wy=0.000 +- 0.001 [min=-0.004, max=0.002], wz=0.001 +- 0.000 [min=0.001, max=0.002] rad/s
[2026-07-08 17:20:30.470] [odom] [warning] IMU prediction is not good.
[2026-07-08 17:20:30.470] [odom] [warning] Possibly T_lidar_imu is not accurate or IMU bias is not well estimated.
[2026-07-08 17:20:30.470] [odom] [warning] IMU validation results:
[2026-07-08 17:20:30.470] [odom] [warning] num_validations=8704
[2026-07-08 17:20:30.470] [odom] [warning] No-IMU errors rot=0.203 +- 0.264 deg, trans=0.021 +- 0.011 m, vel=0.026 +- 0.017 m/s
[2026-07-08 17:20:30.470] [odom] [warning] IMU errors rot=0.063 +- 0.051 deg, trans=0.024 +- 0.013 m, vel=0.066 +- 0.029 m/s
[2026-07-08 17:20:30.470] [odom] [warning] IMU better ratios rot=0.88, trans=0.03, vel=0.08
[2026-07-08 17:20:31.670] [glim] [info] playback speed: 3.826x
[2026-07-08 17:20:32.416] [odom] [warning] IMU prediction is not good.
[2026-07-08 17:20:32.416] [odom] [warning] Possibly T_lidar_imu is not accurate or IMU bias is not well estimated.
[2026-07-08 17:20:32.416] [odom] [warning] IMU validation results:
[2026-07-08 17:20:32.416] [odom] [warning] num_validations=8768
[2026-07-08 17:20:32.416] [odom] [warning] No-IMU errors rot=0.203 +- 0.263 deg, trans=0.021 +- 0.011 m, vel=0.026 +- 0.017 m/s
[2026-07-08 17:20:32.416] [odom] [warning] IMU errors rot=0.063 +- 0.051 deg, trans=0.024 +- 0.013 m, vel=0.066 +- 0.029 m/s
[2026-07-08 17:20:32.416] [odom] [warning] IMU better ratios rot=0.88, trans=0.03, vel=0.08
[2026-07-08 17:20:35.606] [odom] [warning] IMU prediction is not good.
[2026-07-08 17:20:35.606] [odom] [warning] Possibly T_lidar_imu is not accurate or IMU bias is not well estimated.
[2026-07-08 17:20:35.606] [odom] [warning] IMU validation results:
[2026-07-08 17:20:35.606] [odom] [warning] num_validations=8832
[2026-07-08 17:20:35.606] [odom] [warning] No-IMU errors rot=0.203 +- 0.263 deg, trans=0.021 +- 0.011 m, vel=0.026 +- 0.017 m/s
[2026-07-08 17:20:35.606] [odom] [warning] IMU errors rot=0.063 +- 0.051 deg, trans=0.024 +- 0.013 m, vel=0.066 +- 0.029 m/s
[2026-07-08 17:20:35.606] [odom] [warning] IMU better ratios rot=0.88, trans=0.03, vel=0.08
[2026-07-08 17:20:36.679] [glim] [info] playback speed: 3.200x
[2026-07-08 17:20:36.792] [odom] [warning] IMU prediction is not good.
[2026-07-08 17:20:36.792] [odom] [warning] Possibly T_lidar_imu is not accurate or IMU bias is not well estimated.
[2026-07-08 17:20:36.792] [odom] [warning] IMU validation results:
[2026-07-08 17:20:36.792] [odom] [warning] num_validations=8896
[2026-07-08 17:20:36.792] [odom] [warning] No-IMU errors rot=0.205 +- 0.266 deg, trans=0.021 +- 0.011 m, vel=0.026 +- 0.018 m/s
[2026-07-08 17:20:36.792] [odom] [warning] IMU errors rot=0.064 +- 0.053 deg, trans=0.024 +- 0.013 m, vel=0.067 +- 0.029 m/s
[2026-07-08 17:20:36.792] [odom] [warning] IMU better ratios rot=0.88, trans=0.03, vel=0.08
[2026-07-08 17:20:38.129] [odom] [warning] IMU prediction is not good.
[2026-07-08 17:20:38.129] [odom] [warning] Possibly T_lidar_imu is not accurate or IMU bias is not well estimated.
[2026-07-08 17:20:38.129] [odom] [warning] IMU validation results:
[2026-07-08 17:20:38.129] [odom] [warning] num_validations=8960
[2026-07-08 17:20:38.129] [odom] [warning] No-IMU errors rot=0.207 +- 0.267 deg, trans=0.021 +- 0.011 m, vel=0.026 +- 0.018 m/s
[2026-07-08 17:20:38.129] [odom] [warning] IMU errors rot=0.065 +- 0.054 deg, trans=0.024 +- 0.013 m, vel=0.067 +- 0.030 m/s
[2026-07-08 17:20:38.129] [odom] [warning] IMU better ratios rot=0.88, trans=0.03, vel=0.08
[2026-07-08 17:20:40.062] [odom] [warning] IMU prediction is not good.
[2026-07-08 17:20:40.062] [odom] [warning] Possibly T_lidar_imu is not accurate or IMU bias is not well estimated.
[2026-07-08 17:20:40.062] [odom] [warning] IMU validation results:
[2026-07-08 17:20:40.062] [odom] [warning] num_validations=9024
[2026-07-08 17:20:40.062] [odom] [warning] No-IMU errors rot=0.207 +- 0.266 deg, trans=0.021 +- 0.011 m, vel=0.026 +- 0.018 m/s
[2026-07-08 17:20:40.062] [odom] [warning] IMU errors rot=0.065 +- 0.054 deg, trans=0.024 +- 0.013 m, vel=0.067 +- 0.030 m/s
[2026-07-08 17:20:40.062] [odom] [warning] IMU better ratios rot=0.87, trans=0.03, vel=0.07
[2026-07-08 17:20:41.680] [glim] [info] playback speed: 3.468x
[2026-07-08 17:20:42.818] [odom] [warning] IMU prediction is not good.
[2026-07-08 17:20:42.818] [odom] [warning] Possibly T_lidar_imu is not accurate or IMU bias is not well estimated.
[2026-07-08 17:20:42.818] [odom] [warning] IMU validation results:
[2026-07-08 17:20:42.818] [odom] [warning] num_validations=9088
[2026-07-08 17:20:42.818] [odom] [warning] No-IMU errors rot=0.206 +- 0.265 deg, trans=0.021 +- 0.011 m, vel=0.026 +- 0.018 m/s
[2026-07-08 17:20:42.818] [odom] [warning] IMU errors rot=0.065 +- 0.054 deg, trans=0.024 +- 0.013 m, vel=0.067 +- 0.030 m/s
[2026-07-08 17:20:42.818] [odom] [warning] IMU better ratios rot=0.87, trans=0.03, vel=0.07
[2026-07-08 17:20:45.722] [odom] [warning] IMU prediction is not good.
[2026-07-08 17:20:45.722] [odom] [warning] Possibly T_lidar_imu is not accurate or IMU bias is not well estimated.
[2026-07-08 17:20:45.722] [odom] [warning] IMU validation results:
[2026-07-08 17:20:45.722] [odom] [warning] num_validations=9152
[2026-07-08 17:20:45.722] [odom] [warning] No-IMU errors rot=0.206 +- 0.265 deg, trans=0.021 +- 0.011 m, vel=0.026 +- 0.018 m/s
[2026-07-08 17:20:45.722] [odom] [warning] IMU errors rot=0.065 +- 0.054 deg, trans=0.024 +- 0.013 m, vel=0.067 +- 0.030 m/s
[2026-07-08 17:20:45.722] [odom] [warning] IMU better ratios rot=0.87, trans=0.03, vel=0.07
[2026-07-08 17:20:46.680] [glim] [info] playback speed: 2.260x
[2026-07-08 17:20:48.397] [odom] [warning] IMU prediction is not good.
[2026-07-08 17:20:48.397] [odom] [warning] Possibly T_lidar_imu is not accurate or IMU bias is not well estimated.
[2026-07-08 17:20:48.397] [odom] [warning] IMU validation results:
[2026-07-08 17:20:48.397] [odom] [warning] num_validations=9216
[2026-07-08 17:20:48.397] [odom] [warning] No-IMU errors rot=0.205 +- 0.264 deg, trans=0.021 +- 0.011 m, vel=0.026 +- 0.018 m/s
[2026-07-08 17:20:48.397] [odom] [warning] IMU errors rot=0.065 +- 0.053 deg, trans=0.024 +- 0.013 m, vel=0.067 +- 0.030 m/s
[2026-07-08 17:20:48.397] [odom] [warning] IMU better ratios rot=0.87, trans=0.03, vel=0.07
[2026-07-08 17:20:49.869] [odom] [warning] IMU prediction is not good.
[2026-07-08 17:20:49.869] [odom] [warning] Possibly T_lidar_imu is not accurate or IMU bias is not well estimated.
[2026-07-08 17:20:49.869] [odom] [warning] IMU validation results:
[2026-07-08 17:20:49.869] [odom] [warning] num_validations=9280
[2026-07-08 17:20:49.869] [odom] [warning] No-IMU errors rot=0.205 +- 0.263 deg, trans=0.021 +- 0.011 m, vel=0.026 +- 0.018 m/s
[2026-07-08 17:20:49.869] [odom] [warning] IMU errors rot=0.065 +- 0.054 deg, trans=0.024 +- 0.013 m, vel=0.067 +- 0.030 m/s
[2026-07-08 17:20:49.869] [odom] [warning] IMU better ratios rot=0.87, trans=0.03, vel=0.07
[2026-07-08 17:20:51.700] [glim] [info] playback speed: 2.942x
[2026-07-08 17:20:52.912] [odom] [warning] IMU prediction is not good.
[2026-07-08 17:20:52.912] [odom] [warning] Possibly T_lidar_imu is not accurate or IMU bias is not well estimated.
[2026-07-08 17:20:52.912] [odom] [warning] IMU validation results:
[2026-07-08 17:20:52.912] [odom] [warning] num_validations=9344
[2026-07-08 17:20:52.912] [odom] [warning] No-IMU errors rot=0.204 +- 0.262 deg, trans=0.021 +- 0.011 m, vel=0.026 +- 0.018 m/s
[2026-07-08 17:20:52.912] [odom] [warning] IMU errors rot=0.065 +- 0.053 deg, trans=0.024 +- 0.013 m, vel=0.068 +- 0.030 m/s
[2026-07-08 17:20:52.912] [odom] [warning] IMU better ratios rot=0.87, trans=0.03, vel=0.07
[2026-07-08 17:20:54.230] [odom] [warning] IMU prediction is not good.
[2026-07-08 17:20:54.230] [odom] [warning] Possibly T_lidar_imu is not accurate or IMU bias is not well estimated.
[2026-07-08 17:20:54.230] [odom] [warning] IMU validation results:
[2026-07-08 17:20:54.230] [odom] [warning] num_validations=9408
[2026-07-08 17:20:54.230] [odom] [warning] No-IMU errors rot=0.204 +- 0.262 deg, trans=0.021 +- 0.011 m, vel=0.026 +- 0.018 m/s
[2026-07-08 17:20:54.230] [odom] [warning] IMU errors rot=0.065 +- 0.053 deg, trans=0.024 +- 0.012 m, vel=0.068 +- 0.030 m/s
[2026-07-08 17:20:54.230] [odom] [warning] IMU better ratios rot=0.87, trans=0.03, vel=0.07
[2026-07-08 17:20:56.744] [glim] [info] playback speed: 2.796x
[2026-07-08 17:20:57.678] [odom] [warning] IMU prediction is not good.
[2026-07-08 17:20:57.678] [odom] [warning] Possibly T_lidar_imu is not accurate or IMU bias is not well estimated.
[2026-07-08 17:20:57.678] [odom] [warning] IMU validation results:
[2026-07-08 17:20:57.678] [odom] [warning] num_validations=9472
[2026-07-08 17:20:57.678] [odom] [warning] No-IMU errors rot=0.203 +- 0.261 deg, trans=0.021 +- 0.011 m, vel=0.026 +- 0.018 m/s
[2026-07-08 17:20:57.678] [odom] [warning] IMU errors rot=0.064 +- 0.053 deg, trans=0.024 +- 0.012 m, vel=0.068 +- 0.030 m/s
[2026-07-08 17:20:57.678] [odom] [warning] IMU better ratios rot=0.87, trans=0.03, vel=0.07
[2026-07-08 17:21:00.402] [odom] [warning] IMU prediction is not good.
[2026-07-08 17:21:00.402] [odom] [warning] Possibly T_lidar_imu is not accurate or IMU bias is not well estimated.
[2026-07-08 17:21:00.402] [odom] [warning] IMU validation results:
[2026-07-08 17:21:00.402] [odom] [warning] num_validations=9536
[2026-07-08 17:21:00.402] [odom] [warning] No-IMU errors rot=0.202 +- 0.260 deg, trans=0.021 +- 0.011 m, vel=0.026 +- 0.018 m/s
[2026-07-08 17:21:00.402] [odom] [warning] IMU errors rot=0.064 +- 0.053 deg, trans=0.024 +- 0.012 m, vel=0.068 +- 0.030 m/s
[2026-07-08 17:21:00.402] [odom] [warning] IMU better ratios rot=0.87, trans=0.03, vel=0.07
[2026-07-08 17:21:01.777] [glim] [info] playback speed: 2.742x
[2026-07-08 17:21:02.165] [odom] [warning] IMU prediction is not good.
[2026-07-08 17:21:02.165] [odom] [warning] Possibly T_lidar_imu is not accurate or IMU bias is not well estimated.
[2026-07-08 17:21:02.165] [odom] [warning] IMU validation results:
[2026-07-08 17:21:02.165] [odom] [warning] num_validations=9600
[2026-07-08 17:21:02.165] [odom] [warning] No-IMU errors rot=0.202 +- 0.260 deg, trans=0.021 +- 0.011 m, vel=0.026 +- 0.018 m/s
[2026-07-08 17:21:02.165] [odom] [warning] IMU errors rot=0.064 +- 0.053 deg, trans=0.024 +- 0.012 m, vel=0.068 +- 0.030 m/s
[2026-07-08 17:21:02.165] [odom] [warning] IMU better ratios rot=0.87, trans=0.03, vel=0.07
[2026-07-08 17:21:05.639] [odom] [warning] IMU prediction is not good.
[2026-07-08 17:21:05.639] [odom] [warning] Possibly T_lidar_imu is not accurate or IMU bias is not well estimated.
[2026-07-08 17:21:05.639] [odom] [warning] IMU validation results:
[2026-07-08 17:21:05.639] [odom] [warning] num_validations=9664
[2026-07-08 17:21:05.639] [odom] [warning] No-IMU errors rot=0.201 +- 0.259 deg, trans=0.021 +- 0.011 m, vel=0.026 +- 0.018 m/s
[2026-07-08 17:21:05.639] [odom] [warning] IMU errors rot=0.064 +- 0.053 deg, trans=0.024 +- 0.012 m, vel=0.068 +- 0.029 m/s
[2026-07-08 17:21:05.639] [odom] [warning] IMU better ratios rot=0.87, trans=0.03, vel=0.07
[2026-07-08 17:21:06.825] [glim] [info] playback speed: 1.909x
[2026-07-08 17:21:09.117] [odom] [warning] IMU prediction is not good.
[2026-07-08 17:21:09.117] [odom] [warning] Possibly T_lidar_imu is not accurate or IMU bias is not well estimated.
[2026-07-08 17:21:09.117] [odom] [warning] IMU validation results:
[2026-07-08 17:21:09.117] [odom] [warning] num_validations=9728
[2026-07-08 17:21:09.117] [odom] [warning] No-IMU errors rot=0.201 +- 0.258 deg, trans=0.021 +- 0.011 m, vel=0.026 +- 0.018 m/s
[2026-07-08 17:21:09.117] [odom] [warning] IMU errors rot=0.064 +- 0.053 deg, trans=0.024 +- 0.012 m, vel=0.068 +- 0.029 m/s
[2026-07-08 17:21:09.117] [odom] [warning] IMU better ratios rot=0.87, trans=0.03, vel=0.07
[2026-07-08 17:21:10.283] [odom] [warning] IMU prediction is not good.
[2026-07-08 17:21:10.283] [odom] [warning] Possibly T_lidar_imu is not accurate or IMU bias is not well estimated.
[2026-07-08 17:21:10.283] [odom] [warning] IMU validation results:
[2026-07-08 17:21:10.283] [odom] [warning] num_validations=9792
[2026-07-08 17:21:10.283] [odom] [warning] No-IMU errors rot=0.200 +- 0.258 deg, trans=0.021 +- 0.011 m, vel=0.026 +- 0.018 m/s
[2026-07-08 17:21:10.283] [odom] [warning] IMU errors rot=0.064 +- 0.053 deg, trans=0.024 +- 0.012 m, vel=0.068 +- 0.029 m/s
[2026-07-08 17:21:10.283] [odom] [warning] IMU better ratios rot=0.87, trans=0.03, vel=0.07
[2026-07-08 17:21:11.854] [glim] [info] playback speed: 2.885x
[2026-07-08 17:21:13.094] [odom] [warning] IMU prediction is not good.
[2026-07-08 17:21:13.094] [odom] [warning] Possibly T_lidar_imu is not accurate or IMU bias is not well estimated.
[2026-07-08 17:21:13.094] [odom] [warning] IMU validation results:
[2026-07-08 17:21:13.094] [odom] [warning] num_validations=9856
[2026-07-08 17:21:13.094] [odom] [warning] No-IMU errors rot=0.200 +- 0.257 deg, trans=0.021 +- 0.011 m, vel=0.026 +- 0.018 m/s
[2026-07-08 17:21:13.094] [odom] [warning] IMU errors rot=0.063 +- 0.053 deg, trans=0.024 +- 0.012 m, vel=0.068 +- 0.029 m/s
[2026-07-08 17:21:13.094] [odom] [warning] IMU better ratios rot=0.87, trans=0.03, vel=0.07
[2026-07-08 17:21:14.248] [odom] [warning] IMU prediction is not good.
[2026-07-08 17:21:14.248] [odom] [warning] Possibly T_lidar_imu is not accurate or IMU bias is not well estimated.
[2026-07-08 17:21:14.248] [odom] [warning] IMU validation results:
[2026-07-08 17:21:14.248] [odom] [warning] num_validations=9920
[2026-07-08 17:21:14.248] [odom] [warning] No-IMU errors rot=0.200 +- 0.256 deg, trans=0.021 +- 0.011 m, vel=0.026 +- 0.018 m/s
[2026-07-08 17:21:14.248] [odom] [warning] IMU errors rot=0.064 +- 0.053 deg, trans=0.024 +- 0.012 m, vel=0.068 +- 0.029 m/s
[2026-07-08 17:21:14.248] [odom] [warning] IMU better ratios rot=0.87, trans=0.03, vel=0.07
[2026-07-08 17:21:16.047] [odom] [warning] IMU prediction is not good.
[2026-07-08 17:21:16.047] [odom] [warning] Possibly T_lidar_imu is not accurate or IMU bias is not well estimated.
[2026-07-08 17:21:16.047] [odom] [warning] IMU validation results:
[2026-07-08 17:21:16.047] [odom] [warning] num_validations=9984
[2026-07-08 17:21:16.047] [odom] [warning] No-IMU errors rot=0.199 +- 0.256 deg, trans=0.020 +- 0.011 m, vel=0.026 +- 0.018 m/s
[2026-07-08 17:21:16.047] [odom] [warning] IMU errors rot=0.064 +- 0.053 deg, trans=0.023 +- 0.012 m, vel=0.068 +- 0.029 m/s
[2026-07-08 17:21:16.047] [odom] [warning] IMU better ratios rot=0.88, trans=0.03, vel=0.07
[2026-07-08 17:21:16.862] [glim] [info] playback speed: 4.092x
[2026-07-08 17:21:17.101] [odom] [warning] IMU prediction is not good.
[2026-07-08 17:21:17.101] [odom] [warning] Possibly T_lidar_imu is not accurate or IMU bias is not well estimated.
[2026-07-08 17:21:17.101] [odom] [warning] IMU validation results:
[2026-07-08 17:21:17.101] [odom] [warning] num_validations=10048
[2026-07-08 17:21:17.101] [odom] [warning] No-IMU errors rot=0.199 +- 0.255 deg, trans=0.020 +- 0.011 m, vel=0.026 +- 0.018 m/s
[2026-07-08 17:21:17.101] [odom] [warning] IMU errors rot=0.063 +- 0.053 deg, trans=0.023 +- 0.012 m, vel=0.067 +- 0.029 m/s
[2026-07-08 17:21:17.101] [odom] [warning] IMU better ratios rot=0.87, trans=0.03, vel=0.07
[2026-07-08 17:21:18.743] [odom] [warning] IMU prediction is not good.
[2026-07-08 17:21:18.743] [odom] [warning] Possibly T_lidar_imu is not accurate or IMU bias is not well estimated.
[2026-07-08 17:21:18.743] [odom] [warning] IMU validation results:
[2026-07-08 17:21:18.743] [odom] [warning] num_validations=10112
[2026-07-08 17:21:18.743] [odom] [warning] No-IMU errors rot=0.198 +- 0.254 deg, trans=0.020 +- 0.011 m, vel=0.026 +- 0.018 m/s
[2026-07-08 17:21:18.743] [odom] [warning] IMU errors rot=0.063 +- 0.052 deg, trans=0.023 +- 0.012 m, vel=0.067 +- 0.029 m/s
[2026-07-08 17:21:18.743] [odom] [warning] IMU better ratios rot=0.88, trans=0.03, vel=0.07
[2026-07-08 17:21:19.957] [odom] [warning] IMU prediction is not good.
[2026-07-08 17:21:19.957] [odom] [warning] Possibly T_lidar_imu is not accurate or IMU bias is not well estimated.
[2026-07-08 17:21:19.957] [odom] [warning] IMU validation results:
[2026-07-08 17:21:19.957] [odom] [warning] num_validations=10176
[2026-07-08 17:21:19.957] [odom] [warning] No-IMU errors rot=0.199 +- 0.254 deg, trans=0.020 +- 0.011 m, vel=0.026 +- 0.018 m/s
[2026-07-08 17:21:19.957] [odom] [warning] IMU errors rot=0.064 +- 0.053 deg, trans=0.023 +- 0.012 m, vel=0.067 +- 0.030 m/s
[2026-07-08 17:21:19.957] [odom] [warning] IMU better ratios rot=0.87, trans=0.03, vel=0.08
[2026-07-08 17:21:21.718] [odom] [warning] IMU prediction is not good.
[2026-07-08 17:21:21.718] [odom] [warning] Possibly T_lidar_imu is not accurate or IMU bias is not well estimated.
[2026-07-08 17:21:21.718] [odom] [warning] IMU validation results:
[2026-07-08 17:21:21.718] [odom] [warning] num_validations=10240
[2026-07-08 17:21:21.718] [odom] [warning] No-IMU errors rot=0.199 +- 0.254 deg, trans=0.020 +- 0.011 m, vel=0.026 +- 0.018 m/s
[2026-07-08 17:21:21.718] [odom] [warning] IMU errors rot=0.064 +- 0.053 deg, trans=0.023 +- 0.012 m, vel=0.067 +- 0.030 m/s
[2026-07-08 17:21:21.718] [odom] [warning] IMU better ratios rot=0.87, trans=0.03, vel=0.08
[2026-07-08 17:21:21.894] [glim] [info] playback speed: 4.253x
[2026-07-08 17:21:25.362] [odom] [warning] IMU prediction is not good.
[2026-07-08 17:21:25.362] [odom] [warning] Possibly T_lidar_imu is not accurate or IMU bias is not well estimated.
[2026-07-08 17:21:25.362] [odom] [warning] IMU validation results:
[2026-07-08 17:21:25.362] [odom] [warning] num_validations=10304
[2026-07-08 17:21:25.362] [odom] [warning] No-IMU errors rot=0.202 +- 0.260 deg, trans=0.020 +- 0.011 m, vel=0.026 +- 0.018 m/s
[2026-07-08 17:21:25.362] [odom] [warning] IMU errors rot=0.064 +- 0.054 deg, trans=0.023 +- 0.012 m, vel=0.067 +- 0.029 m/s
[2026-07-08 17:21:25.362] [odom] [warning] IMU better ratios rot=0.87, trans=0.03, vel=0.08
[2026-07-08 17:21:26.669] [odom] [warning] IMU prediction is not good.
[2026-07-08 17:21:26.670] [odom] [warning] Possibly T_lidar_imu is not accurate or IMU bias is not well estimated.
[2026-07-08 17:21:26.670] [odom] [warning] IMU validation results:
[2026-07-08 17:21:26.670] [odom] [warning] num_validations=10368
[2026-07-08 17:21:26.670] [odom] [warning] No-IMU errors rot=0.207 +- 0.274 deg, trans=0.020 +- 0.011 m, vel=0.026 +- 0.018 m/s
[2026-07-08 17:21:26.670] [odom] [warning] IMU errors rot=0.065 +- 0.054 deg, trans=0.023 +- 0.012 m, vel=0.067 +- 0.030 m/s
[2026-07-08 17:21:26.670] [odom] [warning] IMU better ratios rot=0.88, trans=0.03, vel=0.08
[2026-07-08 17:21:26.924] [glim] [info] playback speed: 3.469x
[2026-07-08 17:21:28.276] [odom] [warning] IMU prediction is not good.
[2026-07-08 17:21:28.276] [odom] [warning] Possibly T_lidar_imu is not accurate or IMU bias is not well estimated.
[2026-07-08 17:21:28.276] [odom] [warning] IMU validation results:
[2026-07-08 17:21:28.276] [odom] [warning] num_validations=10432
[2026-07-08 17:21:28.276] [odom] [warning] No-IMU errors rot=0.207 +- 0.273 deg, trans=0.020 +- 0.011 m, vel=0.026 +- 0.018 m/s
[2026-07-08 17:21:28.276] [odom] [warning] IMU errors rot=0.065 +- 0.054 deg, trans=0.023 +- 0.012 m, vel=0.067 +- 0.030 m/s
[2026-07-08 17:21:28.276] [odom] [warning] IMU better ratios rot=0.87, trans=0.03, vel=0.08
[2026-07-08 17:21:31.441] [odom] [warning] IMU prediction is not good.
[2026-07-08 17:21:31.441] [odom] [warning] Possibly T_lidar_imu is not accurate or IMU bias is not well estimated.
[2026-07-08 17:21:31.441] [odom] [warning] IMU validation results:
[2026-07-08 17:21:31.441] [odom] [warning] num_validations=10496
[2026-07-08 17:21:31.441] [odom] [warning] No-IMU errors rot=0.206 +- 0.272 deg, trans=0.020 +- 0.011 m, vel=0.026 +- 0.018 m/s
[2026-07-08 17:21:31.441] [odom] [warning] IMU errors rot=0.065 +- 0.054 deg, trans=0.023 +- 0.012 m, vel=0.067 +- 0.030 m/s
[2026-07-08 17:21:31.441] [odom] [warning] IMU better ratios rot=0.87, trans=0.03, vel=0.08
[2026-07-08 17:21:31.926] [glim] [info] playback speed: 3.042x
[2026-07-08 17:21:32.569] [odom] [warning] IMU prediction is not good.
[2026-07-08 17:21:32.569] [odom] [warning] Possibly T_lidar_imu is not accurate or IMU bias is not well estimated.
[2026-07-08 17:21:32.569] [odom] [warning] IMU validation results:
[2026-07-08 17:21:32.569] [odom] [warning] num_validations=10560
[2026-07-08 17:21:32.569] [odom] [warning] No-IMU errors rot=0.205 +- 0.271 deg, trans=0.020 +- 0.011 m, vel=0.026 +- 0.018 m/s
[2026-07-08 17:21:32.569] [odom] [warning] IMU errors rot=0.065 +- 0.054 deg, trans=0.023 +- 0.012 m, vel=0.068 +- 0.030 m/s
[2026-07-08 17:21:32.569] [odom] [warning] IMU better ratios rot=0.87, trans=0.03, vel=0.08
[2026-07-08 17:21:34.422] [odom] [warning] IMU prediction is not good.
[2026-07-08 17:21:34.422] [odom] [warning] Possibly T_lidar_imu is not accurate or IMU bias is not well estimated.
[2026-07-08 17:21:34.422] [odom] [warning] IMU validation results:
[2026-07-08 17:21:34.422] [odom] [warning] num_validations=10624
[2026-07-08 17:21:34.422] [odom] [warning] No-IMU errors rot=0.205 +- 0.271 deg, trans=0.020 +- 0.011 m, vel=0.026 +- 0.018 m/s
[2026-07-08 17:21:34.422] [odom] [warning] IMU errors rot=0.065 +- 0.054 deg, trans=0.023 +- 0.012 m, vel=0.068 +- 0.030 m/s
[2026-07-08 17:21:34.422] [odom] [warning] IMU better ratios rot=0.87, trans=0.03, vel=0.08
[2026-07-08 17:21:36.872] [odom] [warning] IMU prediction is not good.
[2026-07-08 17:21:36.872] [odom] [warning] Possibly T_lidar_imu is not accurate or IMU bias is not well estimated.
[2026-07-08 17:21:36.872] [odom] [warning] IMU validation results:
[2026-07-08 17:21:36.872] [odom] [warning] num_validations=10688
[2026-07-08 17:21:36.872] [odom] [warning] No-IMU errors rot=0.206 +- 0.271 deg, trans=0.020 +- 0.011 m, vel=0.026 +- 0.018 m/s
[2026-07-08 17:21:36.872] [odom] [warning] IMU errors rot=0.065 +- 0.054 deg, trans=0.023 +- 0.012 m, vel=0.068 +- 0.030 m/s
[2026-07-08 17:21:36.872] [odom] [warning] IMU better ratios rot=0.87, trans=0.03, vel=0.08
[2026-07-08 17:21:36.961] [glim] [info] playback speed: 3.324x
[2026-07-08 17:21:39.304] [odom] [warning] IMU prediction is not good.
[2026-07-08 17:21:39.304] [odom] [warning] Possibly T_lidar_imu is not accurate or IMU bias is not well estimated.
[2026-07-08 17:21:39.304] [odom] [warning] IMU validation results:
[2026-07-08 17:21:39.304] [odom] [warning] num_validations=10752
[2026-07-08 17:21:39.304] [odom] [warning] No-IMU errors rot=0.206 +- 0.270 deg, trans=0.020 +- 0.011 m, vel=0.026 +- 0.018 m/s
[2026-07-08 17:21:39.304] [odom] [warning] IMU errors rot=0.065 +- 0.054 deg, trans=0.023 +- 0.012 m, vel=0.068 +- 0.030 m/s
[2026-07-08 17:21:39.304] [odom] [warning] IMU better ratios rot=0.87, trans=0.03, vel=0.08
[2026-07-08 17:21:41.029] [odom] [warning] IMU prediction is not good.
[2026-07-08 17:21:41.029] [odom] [warning] Possibly T_lidar_imu is not accurate or IMU bias is not well estimated.
[2026-07-08 17:21:41.029] [odom] [warning] IMU validation results:
[2026-07-08 17:21:41.029] [odom] [warning] num_validations=10816
[2026-07-08 17:21:41.029] [odom] [warning] No-IMU errors rot=0.208 +- 0.273 deg, trans=0.020 +- 0.011 m, vel=0.027 +- 0.019 m/s
[2026-07-08 17:21:41.029] [odom] [warning] IMU errors rot=0.066 +- 0.055 deg, trans=0.023 +- 0.012 m, vel=0.068 +- 0.030 m/s
[2026-07-08 17:21:41.029] [odom] [warning] IMU better ratios rot=0.87, trans=0.03, vel=0.08
[2026-07-08 17:21:41.999] [glim] [info] playback speed: 3.020x
[2026-07-08 17:21:42.999] [odom] [warning] IMU prediction is not good.
[2026-07-08 17:21:42.999] [odom] [warning] Possibly T_lidar_imu is not accurate or IMU bias is not well estimated.
[2026-07-08 17:21:42.999] [odom] [warning] IMU validation results:
[2026-07-08 17:21:42.999] [odom] [warning] num_validations=10880
[2026-07-08 17:21:42.999] [odom] [warning] No-IMU errors rot=0.215 +- 0.300 deg, trans=0.020 +- 0.011 m, vel=0.027 +- 0.019 m/s
[2026-07-08 17:21:42.999] [odom] [warning] IMU errors rot=0.067 +- 0.057 deg, trans=0.023 +- 0.012 m, vel=0.068 +- 0.030 m/s
[2026-07-08 17:21:42.999] [odom] [warning] IMU better ratios rot=0.87, trans=0.03, vel=0.08
[2026-07-08 17:21:45.556] [odom] [warning] IMU prediction is not good.
[2026-07-08 17:21:45.556] [odom] [warning] Possibly T_lidar_imu is not accurate or IMU bias is not well estimated.
[2026-07-08 17:21:45.556] [odom] [warning] IMU validation results:
[2026-07-08 17:21:45.556] [odom] [warning] num_validations=10944
[2026-07-08 17:21:45.556] [odom] [warning] No-IMU errors rot=0.216 +- 0.301 deg, trans=0.021 +- 0.011 m, vel=0.027 +- 0.019 m/s
[2026-07-08 17:21:45.556] [odom] [warning] IMU errors rot=0.067 +- 0.057 deg, trans=0.024 +- 0.012 m, vel=0.069 +- 0.031 m/s
[2026-07-08 17:21:45.556] [odom] [warning] IMU better ratios rot=0.87, trans=0.03, vel=0.08
[2026-07-08 17:21:46.284] [odom] [warning] IMU bias estimation seems inaccurate.
[2026-07-08 17:21:46.284] [odom] [warning] Possibly T_lidar_imu is not accurate or LiDAR-IMU synchronization is not correct.
[2026-07-08 17:21:46.284] [odom] [warning] IMU bias validation results:
[2026-07-08 17:21:46.284] [odom] [warning] num_bias_validations=11392
[2026-07-08 17:21:46.284] [odom] [warning] bias_acc=[0.502, -0.272, 0.056] m/s^2, bias_gyro=[-0.018, -0.003, 0.001] rad/s
[2026-07-08 17:21:46.284] [odom] [warning] acc_stat ax=0.341 +- 0.238 [min=-0.055, max=0.758], ay=-0.498 +- 0.302 [min=-0.990, max=0.022], az=0.052 +- 0.021 [min=0.012, max=0.086] m/s^2
[2026-07-08 17:21:46.284] [odom] [warning] gyro_stat wx=-0.019 +- 0.001 [min=-0.020, max=-0.016], wy=0.000 +- 0.001 [min=-0.004, max=0.002], wz=0.001 +- 0.000 [min=0.001, max=0.002] rad/s
[2026-07-08 17:21:46.680] [odom] [warning] IMU prediction is not good.
[2026-07-08 17:21:46.680] [odom] [warning] Possibly T_lidar_imu is not accurate or IMU bias is not well estimated.
[2026-07-08 17:21:46.680] [odom] [warning] IMU validation results:
[2026-07-08 17:21:46.680] [odom] [warning] num_validations=11008
[2026-07-08 17:21:46.680] [odom] [warning] No-IMU errors rot=0.216 +- 0.300 deg, trans=0.021 +- 0.011 m, vel=0.027 +- 0.019 m/s
[2026-07-08 17:21:46.680] [odom] [warning] IMU errors rot=0.067 +- 0.057 deg, trans=0.024 +- 0.012 m, vel=0.069 +- 0.031 m/s
[2026-07-08 17:21:46.680] [odom] [warning] IMU better ratios rot=0.87, trans=0.03, vel=0.08
[2026-07-08 17:21:47.004] [glim] [info] playback speed: 3.568x
[2026-07-08 17:21:48.413] [odom] [warning] IMU bias estimation seems inaccurate.
[2026-07-08 17:21:48.413] [odom] [warning] Possibly T_lidar_imu is not accurate or LiDAR-IMU synchronization is not correct.
[2026-07-08 17:21:48.413] [odom] [warning] IMU bias validation results:
[2026-07-08 17:21:48.413] [odom] [warning] num_bias_validations=11456
[2026-07-08 17:21:48.413] [odom] [warning] bias_acc=[0.520, -0.299, 0.051] m/s^2, bias_gyro=[-0.017, -0.002, 0.001] rad/s
[2026-07-08 17:21:48.413] [odom] [warning] acc_stat ax=0.342 +- 0.237 [min=-0.055, max=0.758], ay=-0.497 +- 0.302 [min=-0.990, max=0.022], az=0.052 +- 0.021 [min=0.012, max=0.086] m/s^2
[2026-07-08 17:21:48.413] [odom] [warning] gyro_stat wx=-0.019 +- 0.001 [min=-0.020, max=-0.016], wy=0.000 +- 0.001 [min=-0.004, max=0.002], wz=0.001 +- 0.000 [min=0.001, max=0.002] rad/s
[2026-07-08 17:21:48.513] [odom] [warning] IMU prediction is not good.
[2026-07-08 17:21:48.513] [odom] [warning] Possibly T_lidar_imu is not accurate or IMU bias is not well estimated.
[2026-07-08 17:21:48.513] [odom] [warning] IMU validation results:
[2026-07-08 17:21:48.513] [odom] [warning] num_validations=11072
[2026-07-08 17:21:48.513] [odom] [warning] No-IMU errors rot=0.217 +- 0.300 deg, trans=0.021 +- 0.011 m, vel=0.027 +- 0.019 m/s
[2026-07-08 17:21:48.513] [odom] [warning] IMU errors rot=0.067 +- 0.057 deg, trans=0.024 +- 0.012 m, vel=0.070 +- 0.032 m/s
[2026-07-08 17:21:48.513] [odom] [warning] IMU better ratios rot=0.87, trans=0.03, vel=0.08
[2026-07-08 17:21:50.653] [odom] [warning] IMU bias estimation seems inaccurate.
[2026-07-08 17:21:50.653] [odom] [warning] Possibly T_lidar_imu is not accurate or LiDAR-IMU synchronization is not correct.
[2026-07-08 17:21:50.653] [odom] [warning] IMU bias validation results:
[2026-07-08 17:21:50.653] [odom] [warning] num_bias_validations=11520
[2026-07-08 17:21:50.653] [odom] [warning] bias_acc=[0.535, -0.320, 0.049] m/s^2, bias_gyro=[-0.018, -0.002, 0.001] rad/s
[2026-07-08 17:21:50.653] [odom] [warning] acc_stat ax=0.344 +- 0.237 [min=-0.055, max=0.758], ay=-0.496 +- 0.301 [min=-0.990, max=0.022], az=0.051 +- 0.021 [min=0.012, max=0.086] m/s^2
[2026-07-08 17:21:50.653] [odom] [warning] gyro_stat wx=-0.019 +- 0.001 [min=-0.020, max=-0.016], wy=0.000 +- 0.001 [min=-0.004, max=0.002], wz=0.001 +- 0.000 [min=0.001, max=0.002] rad/s
[2026-07-08 17:21:51.288] [odom] [warning] IMU prediction is not good.
[2026-07-08 17:21:51.288] [odom] [warning] Possibly T_lidar_imu is not accurate or IMU bias is not well estimated.
[2026-07-08 17:21:51.288] [odom] [warning] IMU validation results:
[2026-07-08 17:21:51.288] [odom] [warning] num_validations=11136
[2026-07-08 17:21:51.288] [odom] [warning] No-IMU errors rot=0.217 +- 0.300 deg, trans=0.021 +- 0.011 m, vel=0.027 +- 0.019 m/s
[2026-07-08 17:21:51.288] [odom] [warning] IMU errors rot=0.067 +- 0.057 deg, trans=0.024 +- 0.012 m, vel=0.070 +- 0.032 m/s
[2026-07-08 17:21:51.288] [odom] [warning] IMU better ratios rot=0.87, trans=0.03, vel=0.08
[2026-07-08 17:21:52.031] [glim] [info] playback speed: 2.764x
[2026-07-08 17:21:53.883] [odom] [warning] IMU bias estimation seems inaccurate.
[2026-07-08 17:21:53.883] [odom] [warning] Possibly T_lidar_imu is not accurate or LiDAR-IMU synchronization is not correct.
[2026-07-08 17:21:53.883] [odom] [warning] IMU bias validation results:
[2026-07-08 17:21:53.883] [odom] [warning] num_bias_validations=11584
[2026-07-08 17:21:53.883] [odom] [warning] bias_acc=[0.550, -0.347, 0.046] m/s^2, bias_gyro=[-0.018, -0.002, 0.001] rad/s
[2026-07-08 17:21:53.883] [odom] [warning] acc_stat ax=0.345 +- 0.237 [min=-0.055, max=0.758], ay=-0.495 +- 0.300 [min=-0.990, max=0.022], az=0.051 +- 0.021 [min=0.012, max=0.086] m/s^2
[2026-07-08 17:21:53.883] [odom] [warning] gyro_stat wx=-0.019 +- 0.001 [min=-0.020, max=-0.016], wy=0.000 +- 0.001 [min=-0.004, max=0.002], wz=0.001 +- 0.000 [min=0.001, max=0.002] rad/s
[2026-07-08 17:21:54.520] [odom] [warning] IMU prediction is not good.
[2026-07-08 17:21:54.520] [odom] [warning] Possibly T_lidar_imu is not accurate or IMU bias is not well estimated.
[2026-07-08 17:21:54.520] [odom] [warning] IMU validation results:
[2026-07-08 17:21:54.520] [odom] [warning] num_validations=11200
[2026-07-08 17:21:54.520] [odom] [warning] No-IMU errors rot=0.217 +- 0.299 deg, trans=0.021 +- 0.011 m, vel=0.027 +- 0.019 m/s
[2026-07-08 17:21:54.520] [odom] [warning] IMU errors rot=0.067 +- 0.057 deg, trans=0.024 +- 0.012 m, vel=0.070 +- 0.032 m/s
[2026-07-08 17:21:54.520] [odom] [warning] IMU better ratios rot=0.87, trans=0.03, vel=0.08
[2026-07-08 17:21:56.165] [odom] [warning] IMU bias estimation seems inaccurate.
[2026-07-08 17:21:56.165] [odom] [warning] Possibly T_lidar_imu is not accurate or LiDAR-IMU synchronization is not correct.
[2026-07-08 17:21:56.165] [odom] [warning] IMU bias validation results:
[2026-07-08 17:21:56.165] [odom] [warning] num_bias_validations=11648
[2026-07-08 17:21:56.165] [odom] [warning] bias_acc=[0.561, -0.375, 0.044] m/s^2, bias_gyro=[-0.018, -0.001, 0.001] rad/s
[2026-07-08 17:21:56.165] [odom] [warning] acc_stat ax=0.346 +- 0.237 [min=-0.055, max=0.758], ay=-0.494 +- 0.300 [min=-0.990, max=0.022], az=0.051 +- 0.021 [min=0.012, max=0.086] m/s^2
[2026-07-08 17:21:56.165] [odom] [warning] gyro_stat wx=-0.019 +- 0.001 [min=-0.020, max=-0.016], wy=0.000 +- 0.001 [min=-0.004, max=0.002], wz=0.001 +- 0.000 [min=0.001, max=0.002] rad/s
[2026-07-08 17:21:56.285] [odom] [warning] IMU prediction is not good.
[2026-07-08 17:21:56.285] [odom] [warning] Possibly T_lidar_imu is not accurate or IMU bias is not well estimated.
[2026-07-08 17:21:56.285] [odom] [warning] IMU validation results:
[2026-07-08 17:21:56.285] [odom] [warning] num_validations=11264
[2026-07-08 17:21:56.285] [odom] [warning] No-IMU errors rot=0.217 +- 0.299 deg, trans=0.021 +- 0.011 m, vel=0.027 +- 0.020 m/s
[2026-07-08 17:21:56.285] [odom] [warning] IMU errors rot=0.067 +- 0.057 deg, trans=0.024 +- 0.012 m, vel=0.071 +- 0.032 m/s
[2026-07-08 17:21:56.285] [odom] [warning] IMU better ratios rot=0.87, trans=0.03, vel=0.07
[2026-07-08 17:21:57.045] [glim] [info] playback speed: 2.731x
[2026-07-08 17:21:58.518] [odom] [warning] IMU bias estimation seems inaccurate.
[2026-07-08 17:21:58.518] [odom] [warning] Possibly T_lidar_imu is not accurate or LiDAR-IMU synchronization is not correct.
[2026-07-08 17:21:58.518] [odom] [warning] IMU bias validation results:
[2026-07-08 17:21:58.518] [odom] [warning] num_bias_validations=11712
[2026-07-08 17:21:58.518] [odom] [warning] bias_acc=[0.569, -0.402, 0.043] m/s^2, bias_gyro=[-0.018, -0.001, 0.001] rad/s
[2026-07-08 17:21:58.518] [odom] [warning] acc_stat ax=0.347 +- 0.237 [min=-0.055, max=0.758], ay=-0.494 +- 0.299 [min=-0.990, max=0.022], az=0.051 +- 0.021 [min=0.012, max=0.086] m/s^2
[2026-07-08 17:21:58.518] [odom] [warning] gyro_stat wx=-0.019 +- 0.001 [min=-0.020, max=-0.016], wy=0.000 +- 0.001 [min=-0.004, max=0.002], wz=0.001 +- 0.000 [min=0.001, max=0.002] rad/s
[2026-07-08 17:21:59.165] [odom] [warning] IMU prediction is not good.
[2026-07-08 17:21:59.165] [odom] [warning] Possibly T_lidar_imu is not accurate or IMU bias is not well estimated.
[2026-07-08 17:21:59.165] [odom] [warning] IMU validation results:
[2026-07-08 17:21:59.165] [odom] [warning] num_validations=11328
[2026-07-08 17:21:59.165] [odom] [warning] No-IMU errors rot=0.216 +- 0.298 deg, trans=0.021 +- 0.011 m, vel=0.027 +- 0.020 m/s
[2026-07-08 17:21:59.165] [odom] [warning] IMU errors rot=0.067 +- 0.057 deg, trans=0.024 +- 0.012 m, vel=0.071 +- 0.032 m/s
[2026-07-08 17:21:59.165] [odom] [warning] IMU better ratios rot=0.87, trans=0.03, vel=0.07
[2026-07-08 17:22:00.286] [odom] [warning] IMU bias estimation seems inaccurate.
[2026-07-08 17:22:00.286] [odom] [warning] Possibly T_lidar_imu is not accurate or LiDAR-IMU synchronization is not correct.
[2026-07-08 17:22:00.286] [odom] [warning] IMU bias validation results:
[2026-07-08 17:22:00.286] [odom] [warning] num_bias_validations=11776
[2026-07-08 17:22:00.286] [odom] [warning] bias_acc=[0.578, -0.429, 0.041] m/s^2, bias_gyro=[-0.018, -0.001, 0.001] rad/s
[2026-07-08 17:22:00.286] [odom] [warning] acc_stat ax=0.348 +- 0.237 [min=-0.055, max=0.758], ay=-0.493 +- 0.298 [min=-0.990, max=0.022], az=0.051 +- 0.021 [min=0.012, max=0.086] m/s^2
[2026-07-08 17:22:00.286] [odom] [warning] gyro_stat wx=-0.019 +- 0.001 [min=-0.020, max=-0.016], wy=0.000 +- 0.001 [min=-0.004, max=0.002], wz=0.001 +- 0.000 [min=0.001, max=0.002] rad/s
[2026-07-08 17:22:00.459] [odom] [warning] IMU prediction is not good.
[2026-07-08 17:22:00.459] [odom] [warning] Possibly T_lidar_imu is not accurate or IMU bias is not well estimated.
[2026-07-08 17:22:00.459] [odom] [warning] IMU validation results:
[2026-07-08 17:22:00.459] [odom] [warning] num_validations=11392
[2026-07-08 17:22:00.459] [odom] [warning] No-IMU errors rot=0.216 +- 0.297 deg, trans=0.021 +- 0.011 m, vel=0.027 +- 0.019 m/s
[2026-07-08 17:22:00.459] [odom] [warning] IMU errors rot=0.067 +- 0.056 deg, trans=0.024 +- 0.012 m, vel=0.071 +- 0.032 m/s
[2026-07-08 17:22:00.459] [odom] [warning] IMU better ratios rot=0.87, trans=0.03, vel=0.07
[2026-07-08 17:22:02.052] [glim] [info] playback speed: 2.836x
[2026-07-08 17:22:03.183] [odom] [warning] IMU bias estimation seems inaccurate.
[2026-07-08 17:22:03.183] [odom] [warning] Possibly T_lidar_imu is not accurate or LiDAR-IMU synchronization is not correct.
[2026-07-08 17:22:03.183] [odom] [warning] IMU bias validation results:
[2026-07-08 17:22:03.183] [odom] [warning] num_bias_validations=11840
[2026-07-08 17:22:03.183] [odom] [warning] bias_acc=[0.586, -0.455, 0.039] m/s^2, bias_gyro=[-0.018, -0.000, 0.001] rad/s
[2026-07-08 17:22:03.183] [odom] [warning] acc_stat ax=0.350 +- 0.237 [min=-0.055, max=0.758], ay=-0.493 +- 0.297 [min=-0.990, max=0.022], az=0.051 +- 0.021 [min=0.012, max=0.086] m/s^2
[2026-07-08 17:22:03.183] [odom] [warning] gyro_stat wx=-0.019 +- 0.001 [min=-0.020, max=-0.016], wy=0.000 +- 0.001 [min=-0.004, max=0.002], wz=0.001 +- 0.000 [min=0.001, max=0.002] rad/s
[2026-07-08 17:22:03.688] [odom] [warning] IMU prediction is not good.
[2026-07-08 17:22:03.688] [odom] [warning] Possibly T_lidar_imu is not accurate or IMU bias is not well estimated.
[2026-07-08 17:22:03.688] [odom] [warning] IMU validation results:
[2026-07-08 17:22:03.688] [odom] [warning] num_validations=11456
[2026-07-08 17:22:03.688] [odom] [warning] No-IMU errors rot=0.216 +- 0.297 deg, trans=0.021 +- 0.011 m, vel=0.027 +- 0.019 m/s
[2026-07-08 17:22:03.688] [odom] [warning] IMU errors rot=0.067 +- 0.056 deg, trans=0.024 +- 0.012 m, vel=0.071 +- 0.032 m/s
[2026-07-08 17:22:03.688] [odom] [warning] IMU better ratios rot=0.87, trans=0.03, vel=0.07
[2026-07-08 17:22:04.445] [odom] [warning] IMU bias estimation seems inaccurate.
[2026-07-08 17:22:04.445] [odom] [warning] Possibly T_lidar_imu is not accurate or LiDAR-IMU synchronization is not correct.
[2026-07-08 17:22:04.445] [odom] [warning] IMU bias validation results:
[2026-07-08 17:22:04.445] [odom] [warning] num_bias_validations=11904
[2026-07-08 17:22:04.445] [odom] [warning] bias_acc=[0.594, -0.479, 0.038] m/s^2, bias_gyro=[-0.018, -0.000, 0.001] rad/s
[2026-07-08 17:22:04.445] [odom] [warning] acc_stat ax=0.351 +- 0.237 [min=-0.055, max=0.758], ay=-0.493 +- 0.297 [min=-0.990, max=0.022], az=0.051 +- 0.021 [min=0.012, max=0.086] m/s^2
[2026-07-08 17:22:04.445] [odom] [warning] gyro_stat wx=-0.019 +- 0.001 [min=-0.020, max=-0.016], wy=0.000 +- 0.001 [min=-0.004, max=0.002], wz=0.001 +- 0.000 [min=0.001, max=0.002] rad/s
[2026-07-08 17:22:04.906] [odom] [warning] IMU prediction is not good.
[2026-07-08 17:22:04.906] [odom] [warning] Possibly T_lidar_imu is not accurate or IMU bias is not well estimated.
[2026-07-08 17:22:04.906] [odom] [warning] IMU validation results:
[2026-07-08 17:22:04.906] [odom] [warning] num_validations=11520
[2026-07-08 17:22:04.906] [odom] [warning] No-IMU errors rot=0.215 +- 0.296 deg, trans=0.021 +- 0.011 m, vel=0.027 +- 0.019 m/s
[2026-07-08 17:22:04.906] [odom] [warning] IMU errors rot=0.067 +- 0.056 deg, trans=0.024 +- 0.012 m, vel=0.071 +- 0.032 m/s
[2026-07-08 17:22:04.906] [odom] [warning] IMU better ratios rot=0.87, trans=0.03, vel=0.07
[2026-07-08 17:22:06.525] [odom] [warning] IMU bias estimation seems inaccurate.
[2026-07-08 17:22:06.525] [odom] [warning] Possibly T_lidar_imu is not accurate or LiDAR-IMU synchronization is not correct.
[2026-07-08 17:22:06.525] [odom] [warning] IMU bias validation results:
[2026-07-08 17:22:06.525] [odom] [warning] num_bias_validations=11968
[2026-07-08 17:22:06.525] [odom] [warning] bias_acc=[0.600, -0.503, 0.036] m/s^2, bias_gyro=[-0.018, -0.000, 0.001] rad/s
[2026-07-08 17:22:06.525] [odom] [warning] acc_stat ax=0.352 +- 0.237 [min=-0.055, max=0.758], ay=-0.493 +- 0.296 [min=-0.990, max=0.022], az=0.051 +- 0.021 [min=0.012, max=0.086] m/s^2
[2026-07-08 17:22:06.525] [odom] [warning] gyro_stat wx=-0.019 +- 0.001 [min=-0.020, max=-0.016], wy=0.000 +- 0.001 [min=-0.004, max=0.002], wz=0.001 +- 0.000 [min=0.001, max=0.002] rad/s
[2026-07-08 17:22:06.931] [odom] [warning] IMU prediction is not good.
[2026-07-08 17:22:06.931] [odom] [warning] Possibly T_lidar_imu is not accurate or IMU bias is not well estimated.
[2026-07-08 17:22:06.931] [odom] [warning] IMU validation results:
[2026-07-08 17:22:06.931] [odom] [warning] num_validations=11584
[2026-07-08 17:22:06.931] [odom] [warning] No-IMU errors rot=0.215 +- 0.295 deg, trans=0.021 +- 0.011 m, vel=0.027 +- 0.019 m/s
[2026-07-08 17:22:06.931] [odom] [warning] IMU errors rot=0.066 +- 0.056 deg, trans=0.024 +- 0.012 m, vel=0.072 +- 0.032 m/s
[2026-07-08 17:22:06.931] [odom] [warning] IMU better ratios rot=0.87, trans=0.03, vel=0.07
[2026-07-08 17:22:07.068] [glim] [info] playback speed: 3.216x
[2026-07-08 17:22:08.662] [odom] [warning] IMU bias estimation seems inaccurate.
[2026-07-08 17:22:08.662] [odom] [warning] Possibly T_lidar_imu is not accurate or LiDAR-IMU synchronization is not correct.
[2026-07-08 17:22:08.662] [odom] [warning] IMU bias validation results:
[2026-07-08 17:22:08.662] [odom] [warning] num_bias_validations=12032
[2026-07-08 17:22:08.662] [odom] [warning] bias_acc=[0.606, -0.526, 0.035] m/s^2, bias_gyro=[-0.018, 0.000, 0.001] rad/s
[2026-07-08 17:22:08.662] [odom] [warning] acc_stat ax=0.354 +- 0.237 [min=-0.055, max=0.758], ay=-0.493 +- 0.295 [min=-0.990, max=0.022], az=0.051 +- 0.021 [min=0.012, max=0.086] m/s^2
[2026-07-08 17:22:08.662] [odom] [warning] gyro_stat wx=-0.019 +- 0.001 [min=-0.020, max=-0.016], wy=0.000 +- 0.001 [min=-0.004, max=0.002], wz=0.001 +- 0.000 [min=0.001, max=0.002] rad/s
[2026-07-08 17:22:08.770] [odom] [warning] IMU prediction is not good.
[2026-07-08 17:22:08.770] [odom] [warning] Possibly T_lidar_imu is not accurate or IMU bias is not well estimated.
[2026-07-08 17:22:08.770] [odom] [warning] IMU validation results:
[2026-07-08 17:22:08.770] [odom] [warning] num_validations=11648
[2026-07-08 17:22:08.770] [odom] [warning] No-IMU errors rot=0.214 +- 0.295 deg, trans=0.021 +- 0.011 m, vel=0.027 +- 0.019 m/s
[2026-07-08 17:22:08.770] [odom] [warning] IMU errors rot=0.066 +- 0.056 deg, trans=0.024 +- 0.012 m, vel=0.072 +- 0.032 m/s
[2026-07-08 17:22:08.770] [odom] [warning] IMU better ratios rot=0.87, trans=0.03, vel=0.07
[2026-07-08 17:22:11.020] [odom] [warning] IMU bias estimation seems inaccurate.
[2026-07-08 17:22:11.020] [odom] [warning] Possibly T_lidar_imu is not accurate or LiDAR-IMU synchronization is not correct.
[2026-07-08 17:22:11.020] [odom] [warning] IMU bias validation results:
[2026-07-08 17:22:11.020] [odom] [warning] num_bias_validations=12096
[2026-07-08 17:22:11.020] [odom] [warning] bias_acc=[0.612, -0.549, 0.033] m/s^2, bias_gyro=[-0.018, 0.000, 0.001] rad/s
[2026-07-08 17:22:11.020] [odom] [warning] acc_stat ax=0.355 +- 0.237 [min=-0.055, max=0.758], ay=-0.494 +- 0.294 [min=-0.990, max=0.022], az=0.051 +- 0.021 [min=0.012, max=0.086] m/s^2
[2026-07-08 17:22:11.020] [odom] [warning] gyro_stat wx=-0.019 +- 0.001 [min=-0.020, max=-0.016], wy=0.000 +- 0.001 [min=-0.004, max=0.002], wz=0.001 +- 0.000 [min=0.001, max=0.002] rad/s
[2026-07-08 17:22:11.101] [odom] [warning] IMU prediction is not good.
[2026-07-08 17:22:11.101] [odom] [warning] Possibly T_lidar_imu is not accurate or IMU bias is not well estimated.
[2026-07-08 17:22:11.101] [odom] [warning] IMU validation results:
[2026-07-08 17:22:11.101] [odom] [warning] num_validations=11712
[2026-07-08 17:22:11.101] [odom] [warning] No-IMU errors rot=0.214 +- 0.294 deg, trans=0.021 +- 0.011 m, vel=0.027 +- 0.019 m/s
[2026-07-08 17:22:11.101] [odom] [warning] IMU errors rot=0.066 +- 0.056 deg, trans=0.024 +- 0.012 m, vel=0.072 +- 0.032 m/s
[2026-07-08 17:22:11.101] [odom] [warning] IMU better ratios rot=0.87, trans=0.03, vel=0.07
[2026-07-08 17:22:12.070] [glim] [info] playback speed: 3.488x
[2026-07-08 17:22:12.377] [odom] [warning] IMU bias estimation seems inaccurate.
[2026-07-08 17:22:12.377] [odom] [warning] Possibly T_lidar_imu is not accurate or LiDAR-IMU synchronization is not correct.
[2026-07-08 17:22:12.377] [odom] [warning] IMU bias validation results:
[2026-07-08 17:22:12.377] [odom] [warning] num_bias_validations=12160
[2026-07-08 17:22:12.377] [odom] [warning] bias_acc=[0.617, -0.569, 0.032] m/s^2, bias_gyro=[-0.018, 0.000, 0.001] rad/s
[2026-07-08 17:22:12.377] [odom] [warning] acc_stat ax=0.356 +- 0.237 [min=-0.055, max=0.758], ay=-0.494 +- 0.294 [min=-0.990, max=0.022], az=0.051 +- 0.021 [min=0.012, max=0.086] m/s^2
[2026-07-08 17:22:12.377] [odom] [warning] gyro_stat wx=-0.019 +- 0.001 [min=-0.020, max=-0.016], wy=0.000 +- 0.001 [min=-0.004, max=0.002], wz=0.001 +- 0.000 [min=0.001, max=0.002] rad/s
[2026-07-08 17:22:13.030] [odom] [warning] IMU prediction is not good.
[2026-07-08 17:22:13.030] [odom] [warning] Possibly T_lidar_imu is not accurate or IMU bias is not well estimated.
[2026-07-08 17:22:13.030] [odom] [warning] IMU validation results:
[2026-07-08 17:22:13.030] [odom] [warning] num_validations=11776
[2026-07-08 17:22:13.030] [odom] [warning] No-IMU errors rot=0.213 +- 0.293 deg, trans=0.021 +- 0.011 m, vel=0.027 +- 0.019 m/s
[2026-07-08 17:22:13.030] [odom] [warning] IMU errors rot=0.066 +- 0.056 deg, trans=0.024 +- 0.012 m, vel=0.072 +- 0.032 m/s
[2026-07-08 17:22:13.030] [odom] [warning] IMU better ratios rot=0.87, trans=0.03, vel=0.07
[2026-07-08 17:22:14.033] [odom] [warning] IMU bias estimation seems inaccurate.
[2026-07-08 17:22:14.033] [odom] [warning] Possibly T_lidar_imu is not accurate or LiDAR-IMU synchronization is not correct.
[2026-07-08 17:22:14.033] [odom] [warning] IMU bias validation results:
[2026-07-08 17:22:14.033] [odom] [warning] num_bias_validations=12224
[2026-07-08 17:22:14.033] [odom] [warning] bias_acc=[0.622, -0.590, 0.030] m/s^2, bias_gyro=[-0.018, 0.000, 0.001] rad/s
[2026-07-08 17:22:14.033] [odom] [warning] acc_stat ax=0.358 +- 0.237 [min=-0.055, max=0.758], ay=-0.494 +- 0.293 [min=-0.990, max=0.022], az=0.051 +- 0.021 [min=0.012, max=0.086] m/s^2
[2026-07-08 17:22:14.033] [odom] [warning] gyro_stat wx=-0.019 +- 0.001 [min=-0.020, max=-0.016], wy=0.000 +- 0.001 [min=-0.004, max=0.002], wz=0.001 +- 0.000 [min=0.001, max=0.002] rad/s
[2026-07-08 17:22:14.424] [odom] [warning] IMU prediction is not good.
[2026-07-08 17:22:14.424] [odom] [warning] Possibly T_lidar_imu is not accurate or IMU bias is not well estimated.
[2026-07-08 17:22:14.424] [odom] [warning] IMU validation results:
[2026-07-08 17:22:14.424] [odom] [warning] num_validations=11840
[2026-07-08 17:22:14.424] [odom] [warning] No-IMU errors rot=0.213 +- 0.293 deg, trans=0.021 +- 0.011 m, vel=0.027 +- 0.019 m/s
[2026-07-08 17:22:14.424] [odom] [warning] IMU errors rot=0.066 +- 0.056 deg, trans=0.024 +- 0.012 m, vel=0.072 +- 0.032 m/s
[2026-07-08 17:22:14.424] [odom] [warning] IMU better ratios rot=0.87, trans=0.03, vel=0.07
[2026-07-08 17:22:17.072] [glim] [info] playback speed: 2.698x
[2026-07-08 17:22:17.316] [odom] [warning] IMU bias estimation seems inaccurate.
[2026-07-08 17:22:17.316] [odom] [warning] Possibly T_lidar_imu is not accurate or LiDAR-IMU synchronization is not correct.
[2026-07-08 17:22:17.316] [odom] [warning] IMU bias validation results:
[2026-07-08 17:22:17.316] [odom] [warning] num_bias_validations=12288
[2026-07-08 17:22:17.316] [odom] [warning] bias_acc=[0.625, -0.610, 0.029] m/s^2, bias_gyro=[-0.018, 0.000, 0.001] rad/s
[2026-07-08 17:22:17.316] [odom] [warning] acc_stat ax=0.359 +- 0.237 [min=-0.055, max=0.758], ay=-0.495 +- 0.292 [min=-0.990, max=0.022], az=0.051 +- 0.021 [min=0.012, max=0.086] m/s^2
[2026-07-08 17:22:17.316] [odom] [warning] gyro_stat wx=-0.019 +- 0.001 [min=-0.020, max=-0.016], wy=0.000 +- 0.001 [min=-0.004, max=0.002], wz=0.001 +- 0.000 [min=0.001, max=0.002] rad/s
[2026-07-08 17:22:17.970] [odom] [warning] IMU prediction is not good.
[2026-07-08 17:22:17.970] [odom] [warning] Possibly T_lidar_imu is not accurate or IMU bias is not well estimated.
[2026-07-08 17:22:17.970] [odom] [warning] IMU validation results:
[2026-07-08 17:22:17.970] [odom] [warning] num_validations=11904
[2026-07-08 17:22:17.970] [odom] [warning] No-IMU errors rot=0.212 +- 0.292 deg, trans=0.021 +- 0.011 m, vel=0.027 +- 0.019 m/s
[2026-07-08 17:22:17.970] [odom] [warning] IMU errors rot=0.066 +- 0.056 deg, trans=0.024 +- 0.012 m, vel=0.072 +- 0.032 m/s
[2026-07-08 17:22:17.970] [odom] [warning] IMU better ratios rot=0.87, trans=0.03, vel=0.07
[2026-07-08 17:22:18.835] [odom] [warning] IMU bias estimation seems inaccurate.
[2026-07-08 17:22:18.835] [odom] [warning] Possibly T_lidar_imu is not accurate or LiDAR-IMU synchronization is not correct.
[2026-07-08 17:22:18.835] [odom] [warning] IMU bias validation results:
[2026-07-08 17:22:18.835] [odom] [warning] num_bias_validations=12352
[2026-07-08 17:22:18.835] [odom] [warning] bias_acc=[0.630, -0.626, 0.027] m/s^2, bias_gyro=[-0.018, 0.001, 0.001] rad/s
[2026-07-08 17:22:18.835] [odom] [warning] acc_stat ax=0.361 +- 0.238 [min=-0.055, max=0.758], ay=-0.496 +- 0.292 [min=-0.990, max=0.022], az=0.050 +- 0.021 [min=0.012, max=0.086] m/s^2
[2026-07-08 17:22:18.835] [odom] [warning] gyro_stat wx=-0.019 +- 0.001 [min=-0.020, max=-0.016], wy=0.000 +- 0.001 [min=-0.004, max=0.002], wz=0.001 +- 0.000 [min=0.001, max=0.002] rad/s
[2026-07-08 17:22:19.254] [odom] [warning] IMU prediction is not good.
[2026-07-08 17:22:19.254] [odom] [warning] Possibly T_lidar_imu is not accurate or IMU bias is not well estimated.
[2026-07-08 17:22:19.254] [odom] [warning] IMU validation results:
[2026-07-08 17:22:19.254] [odom] [warning] num_validations=11968
[2026-07-08 17:22:19.254] [odom] [warning] No-IMU errors rot=0.212 +- 0.291 deg, trans=0.021 +- 0.011 m, vel=0.027 +- 0.019 m/s
[2026-07-08 17:22:19.254] [odom] [warning] IMU errors rot=0.066 +- 0.056 deg, trans=0.024 +- 0.012 m, vel=0.072 +- 0.032 m/s
[2026-07-08 17:22:19.254] [odom] [warning] IMU better ratios rot=0.87, trans=0.03, vel=0.07
[2026-07-08 17:22:21.082] [odom] [warning] IMU bias estimation seems inaccurate.
[2026-07-08 17:22:21.082] [odom] [warning] Possibly T_lidar_imu is not accurate or LiDAR-IMU synchronization is not correct.
[2026-07-08 17:22:21.082] [odom] [warning] IMU bias validation results:
[2026-07-08 17:22:21.082] [odom] [warning] num_bias_validations=12416
[2026-07-08 17:22:21.082] [odom] [warning] bias_acc=[0.633, -0.640, 0.026] m/s^2, bias_gyro=[-0.018, 0.001, 0.001] rad/s
[2026-07-08 17:22:21.082] [odom] [warning] acc_stat ax=0.362 +- 0.238 [min=-0.055, max=0.758], ay=-0.496 +- 0.291 [min=-0.990, max=0.022], az=0.050 +- 0.021 [min=0.012, max=0.086] m/s^2
[2026-07-08 17:22:21.082] [odom] [warning] gyro_stat wx=-0.019 +- 0.001 [min=-0.020, max=-0.016], wy=0.000 +- 0.001 [min=-0.004, max=0.002], wz=0.001 +- 0.000 [min=0.001, max=0.002] rad/s
[2026-07-08 17:22:21.171] [odom] [warning] IMU prediction is not good.
[2026-07-08 17:22:21.171] [odom] [warning] Possibly T_lidar_imu is not accurate or IMU bias is not well estimated.
[2026-07-08 17:22:21.171] [odom] [warning] IMU validation results:
[2026-07-08 17:22:21.171] [odom] [warning] num_validations=12032
[2026-07-08 17:22:21.171] [odom] [warning] No-IMU errors rot=0.211 +- 0.291 deg, trans=0.021 +- 0.011 m, vel=0.027 +- 0.019 m/s
[2026-07-08 17:22:21.171] [odom] [warning] IMU errors rot=0.066 +- 0.056 deg, trans=0.024 +- 0.012 m, vel=0.072 +- 0.032 m/s
[2026-07-08 17:22:21.171] [odom] [warning] IMU better ratios rot=0.87, trans=0.03, vel=0.07
[2026-07-08 17:22:22.103] [glim] [info] playback speed: 3.347x
[2026-07-08 17:22:23.230] [odom] [warning] IMU bias estimation seems inaccurate.
[2026-07-08 17:22:23.231] [odom] [warning] Possibly T_lidar_imu is not accurate or LiDAR-IMU synchronization is not correct.
[2026-07-08 17:22:23.231] [odom] [warning] IMU bias validation results:
[2026-07-08 17:22:23.231] [odom] [warning] num_bias_validations=12480
[2026-07-08 17:22:23.231] [odom] [warning] bias_acc=[0.637, -0.650, 0.025] m/s^2, bias_gyro=[-0.018, 0.001, 0.001] rad/s
[2026-07-08 17:22:23.231] [odom] [warning] acc_stat ax=0.363 +- 0.238 [min=-0.055, max=0.758], ay=-0.497 +- 0.291 [min=-0.990, max=0.022], az=0.050 +- 0.021 [min=0.012, max=0.086] m/s^2
[2026-07-08 17:22:23.231] [odom] [warning] gyro_stat wx=-0.019 +- 0.001 [min=-0.020, max=-0.016], wy=0.000 +- 0.001 [min=-0.004, max=0.002], wz=0.001 +- 0.000 [min=0.001, max=0.002] rad/s
[2026-07-08 17:22:23.305] [odom] [warning] IMU prediction is not good.
[2026-07-08 17:22:23.305] [odom] [warning] Possibly T_lidar_imu is not accurate or IMU bias is not well estimated.
[2026-07-08 17:22:23.305] [odom] [warning] IMU validation results:
[2026-07-08 17:22:23.305] [odom] [warning] num_validations=12096
[2026-07-08 17:22:23.305] [odom] [warning] No-IMU errors rot=0.211 +- 0.290 deg, trans=0.021 +- 0.011 m, vel=0.027 +- 0.019 m/s
[2026-07-08 17:22:23.305] [odom] [warning] IMU errors rot=0.066 +- 0.056 deg, trans=0.024 +- 0.012 m, vel=0.072 +- 0.032 m/s
[2026-07-08 17:22:23.305] [odom] [warning] IMU better ratios rot=0.87, trans=0.03, vel=0.07
[2026-07-08 17:22:24.833] [odom] [warning] IMU bias estimation seems inaccurate.
[2026-07-08 17:22:24.833] [odom] [warning] Possibly T_lidar_imu is not accurate or LiDAR-IMU synchronization is not correct.
[2026-07-08 17:22:24.833] [odom] [warning] IMU bias validation results:
[2026-07-08 17:22:24.833] [odom] [warning] num_bias_validations=12544
[2026-07-08 17:22:24.833] [odom] [warning] bias_acc=[0.641, -0.661, 0.023] m/s^2, bias_gyro=[-0.018, 0.001, 0.001] rad/s
[2026-07-08 17:22:24.833] [odom] [warning] acc_stat ax=0.365 +- 0.238 [min=-0.055, max=0.758], ay=-0.498 +- 0.290 [min=-0.990, max=0.022], az=0.050 +- 0.021 [min=0.012, max=0.086] m/s^2
[2026-07-08 17:22:24.833] [odom] [warning] gyro_stat wx=-0.019 +- 0.001 [min=-0.020, max=-0.016], wy=0.000 +- 0.001 [min=-0.004, max=0.002], wz=0.001 +- 0.000 [min=0.001, max=0.002] rad/s
[2026-07-08 17:22:25.415] [odom] [warning] IMU prediction is not good.
[2026-07-08 17:22:25.415] [odom] [warning] Possibly T_lidar_imu is not accurate or IMU bias is not well estimated.
[2026-07-08 17:22:25.415] [odom] [warning] IMU validation results:
[2026-07-08 17:22:25.415] [odom] [warning] num_validations=12160
[2026-07-08 17:22:25.415] [odom] [warning] No-IMU errors rot=0.210 +- 0.289 deg, trans=0.021 +- 0.011 m, vel=0.027 +- 0.019 m/s
[2026-07-08 17:22:25.415] [odom] [warning] IMU errors rot=0.065 +- 0.055 deg, trans=0.024 +- 0.012 m, vel=0.072 +- 0.032 m/s
[2026-07-08 17:22:25.415] [odom] [warning] IMU better ratios rot=0.87, trans=0.03, vel=0.07
[2026-07-08 17:22:27.081] [odom] [warning] IMU bias estimation seems inaccurate.
[2026-07-08 17:22:27.081] [odom] [warning] Possibly T_lidar_imu is not accurate or LiDAR-IMU synchronization is not correct.
[2026-07-08 17:22:27.081] [odom] [warning] IMU bias validation results:
[2026-07-08 17:22:27.081] [odom] [warning] num_bias_validations=12608
[2026-07-08 17:22:27.081] [odom] [warning] bias_acc=[0.644, -0.672, 0.022] m/s^2, bias_gyro=[-0.018, 0.001, 0.001] rad/s
[2026-07-08 17:22:27.081] [odom] [warning] acc_stat ax=0.366 +- 0.238 [min=-0.055, max=0.758], ay=-0.499 +- 0.290 [min=-0.990, max=0.022], az=0.050 +- 0.021 [min=0.012, max=0.086] m/s^2
[2026-07-08 17:22:27.081] [odom] [warning] gyro_stat wx=-0.019 +- 0.001 [min=-0.020, max=-0.016], wy=0.000 +- 0.001 [min=-0.004, max=0.002], wz=0.001 +- 0.000 [min=0.001, max=0.002] rad/s
[2026-07-08 17:22:27.117] [glim] [info] playback speed: 3.197x
[2026-07-08 17:22:27.665] [odom] [warning] IMU prediction is not good.
[2026-07-08 17:22:27.665] [odom] [warning] Possibly T_lidar_imu is not accurate or IMU bias is not well estimated.
[2026-07-08 17:22:27.665] [odom] [warning] IMU validation results:
[2026-07-08 17:22:27.665] [odom] [warning] num_validations=12224
[2026-07-08 17:22:27.665] [odom] [warning] No-IMU errors rot=0.210 +- 0.289 deg, trans=0.021 +- 0.011 m, vel=0.027 +- 0.019 m/s
[2026-07-08 17:22:27.665] [odom] [warning] IMU errors rot=0.065 +- 0.055 deg, trans=0.024 +- 0.012 m, vel=0.072 +- 0.032 m/s
[2026-07-08 17:22:27.665] [odom] [warning] IMU better ratios rot=0.87, trans=0.03, vel=0.07
[2026-07-08 17:22:30.650] [odom] [warning] IMU bias estimation seems inaccurate.
[2026-07-08 17:22:30.650] [odom] [warning] Possibly T_lidar_imu is not accurate or LiDAR-IMU synchronization is not correct.
[2026-07-08 17:22:30.650] [odom] [warning] IMU bias validation results:
[2026-07-08 17:22:30.650] [odom] [warning] num_bias_validations=12672
[2026-07-08 17:22:30.650] [odom] [warning] bias_acc=[0.647, -0.684, 0.021] m/s^2, bias_gyro=[-0.019, 0.001, 0.001] rad/s
[2026-07-08 17:22:30.650] [odom] [warning] acc_stat ax=0.368 +- 0.239 [min=-0.055, max=0.758], ay=-0.500 +- 0.289 [min=-0.990, max=0.022], az=0.050 +- 0.021 [min=0.012, max=0.086] m/s^2
[2026-07-08 17:22:30.650] [odom] [warning] gyro_stat wx=-0.019 +- 0.001 [min=-0.020, max=-0.016], wy=0.000 +- 0.001 [min=-0.004, max=0.002], wz=0.001 +- 0.000 [min=0.001, max=0.002] rad/s
[2026-07-08 17:22:31.290] [odom] [warning] IMU prediction is not good.
[2026-07-08 17:22:31.290] [odom] [warning] Possibly T_lidar_imu is not accurate or IMU bias is not well estimated.
[2026-07-08 17:22:31.290] [odom] [warning] IMU validation results:
[2026-07-08 17:22:31.290] [odom] [warning] num_validations=12288
[2026-07-08 17:22:31.290] [odom] [warning] No-IMU errors rot=0.209 +- 0.288 deg, trans=0.021 +- 0.011 m, vel=0.027 +- 0.019 m/s
[2026-07-08 17:22:31.290] [odom] [warning] IMU errors rot=0.065 +- 0.055 deg, trans=0.024 +- 0.012 m, vel=0.072 +- 0.032 m/s
[2026-07-08 17:22:31.290] [odom] [warning] IMU better ratios rot=0.87, trans=0.03, vel=0.07
[2026-07-08 17:22:32.142] [glim] [info] playback speed: 1.817x
[2026-07-08 17:22:33.993] [odom] [warning] IMU bias estimation seems inaccurate.
[2026-07-08 17:22:33.993] [odom] [warning] Possibly T_lidar_imu is not accurate or LiDAR-IMU synchronization is not correct.
[2026-07-08 17:22:33.993] [odom] [warning] IMU bias validation results:
[2026-07-08 17:22:33.993] [odom] [warning] num_bias_validations=12736
[2026-07-08 17:22:33.993] [odom] [warning] bias_acc=[0.650, -0.697, 0.020] m/s^2, bias_gyro=[-0.018, 0.001, 0.001] rad/s
[2026-07-08 17:22:33.993] [odom] [warning] acc_stat ax=0.369 +- 0.239 [min=-0.055, max=0.758], ay=-0.501 +- 0.289 [min=-0.990, max=0.022], az=0.050 +- 0.021 [min=0.012, max=0.086] m/s^2
[2026-07-08 17:22:33.993] [odom] [warning] gyro_stat wx=-0.019 +- 0.001 [min=-0.020, max=-0.016], wy=0.000 +- 0.001 [min=-0.004, max=0.002], wz=0.001 +- 0.000 [min=0.001, max=0.002] rad/s
[2026-07-08 17:22:34.075] [odom] [warning] IMU prediction is not good.
[2026-07-08 17:22:34.075] [odom] [warning] Possibly T_lidar_imu is not accurate or IMU bias is not well estimated.
[2026-07-08 17:22:34.075] [odom] [warning] IMU validation results:
[2026-07-08 17:22:34.075] [odom] [warning] num_validations=12352
[2026-07-08 17:22:34.075] [odom] [warning] No-IMU errors rot=0.209 +- 0.288 deg, trans=0.021 +- 0.011 m, vel=0.027 +- 0.019 m/s
[2026-07-08 17:22:34.075] [odom] [warning] IMU errors rot=0.065 +- 0.055 deg, trans=0.024 +- 0.012 m, vel=0.071 +- 0.032 m/s
[2026-07-08 17:22:34.075] [odom] [warning] IMU better ratios rot=0.87, trans=0.03, vel=0.07
[2026-07-08 17:22:35.381] [odom] [warning] IMU bias estimation seems inaccurate.
[2026-07-08 17:22:35.381] [odom] [warning] Possibly T_lidar_imu is not accurate or LiDAR-IMU synchronization is not correct.
[2026-07-08 17:22:35.381] [odom] [warning] IMU bias validation results:
[2026-07-08 17:22:35.381] [odom] [warning] num_bias_validations=12800
[2026-07-08 17:22:35.381] [odom] [warning] bias_acc=[0.653, -0.707, 0.018] m/s^2, bias_gyro=[-0.018, 0.001, 0.001] rad/s
[2026-07-08 17:22:35.381] [odom] [warning] acc_stat ax=0.370 +- 0.239 [min=-0.055, max=0.758], ay=-0.502 +- 0.288 [min=-0.990, max=0.022], az=0.049 +- 0.021 [min=0.012, max=0.086] m/s^2
[2026-07-08 17:22:35.381] [odom] [warning] gyro_stat wx=-0.019 +- 0.001 [min=-0.020, max=-0.016], wy=0.000 +- 0.001 [min=-0.004, max=0.002], wz=0.001 +- 0.000 [min=0.001, max=0.002] rad/s
[2026-07-08 17:22:35.764] [odom] [warning] IMU prediction is not good.
[2026-07-08 17:22:35.764] [odom] [warning] Possibly T_lidar_imu is not accurate or IMU bias is not well estimated.
[2026-07-08 17:22:35.764] [odom] [warning] IMU validation results:
[2026-07-08 17:22:35.764] [odom] [warning] num_validations=12416
[2026-07-08 17:22:35.764] [odom] [warning] No-IMU errors rot=0.208 +- 0.287 deg, trans=0.021 +- 0.011 m, vel=0.027 +- 0.019 m/s
[2026-07-08 17:22:35.764] [odom] [warning] IMU errors rot=0.065 +- 0.055 deg, trans=0.024 +- 0.012 m, vel=0.071 +- 0.032 m/s
[2026-07-08 17:22:35.764] [odom] [warning] IMU better ratios rot=0.87, trans=0.03, vel=0.07
[2026-07-08 17:22:37.107] [odom] [warning] IMU bias estimation seems inaccurate.
[2026-07-08 17:22:37.107] [odom] [warning] Possibly T_lidar_imu is not accurate or LiDAR-IMU synchronization is not correct.
[2026-07-08 17:22:37.107] [odom] [warning] IMU bias validation results:
[2026-07-08 17:22:37.107] [odom] [warning] num_bias_validations=12864
[2026-07-08 17:22:37.107] [odom] [warning] bias_acc=[0.656, -0.714, 0.017] m/s^2, bias_gyro=[-0.018, 0.001, 0.001] rad/s
[2026-07-08 17:22:37.107] [odom] [warning] acc_stat ax=0.372 +- 0.239 [min=-0.055, max=0.758], ay=-0.503 +- 0.288 [min=-0.990, max=0.022], az=0.049 +- 0.021 [min=0.012, max=0.086] m/s^2
[2026-07-08 17:22:37.107] [odom] [warning] gyro_stat wx=-0.019 +- 0.001 [min=-0.020, max=-0.016], wy=0.000 +- 0.001 [min=-0.004, max=0.002], wz=0.001 +- 0.000 [min=0.001, max=0.002] rad/s
[2026-07-08 17:22:37.146] [glim] [info] playback speed: 3.305x
[2026-07-08 17:22:37.200] [odom] [warning] IMU prediction is not good.
[2026-07-08 17:22:37.200] [odom] [warning] Possibly T_lidar_imu is not accurate or IMU bias is not well estimated.
[2026-07-08 17:22:37.200] [odom] [warning] IMU validation results:
[2026-07-08 17:22:37.200] [odom] [warning] num_validations=12480
[2026-07-08 17:22:37.200] [odom] [warning] No-IMU errors rot=0.208 +- 0.286 deg, trans=0.021 +- 0.011 m, vel=0.027 +- 0.019 m/s
[2026-07-08 17:22:37.200] [odom] [warning] IMU errors rot=0.065 +- 0.055 deg, trans=0.024 +- 0.012 m, vel=0.071 +- 0.032 m/s
[2026-07-08 17:22:37.200] [odom] [warning] IMU better ratios rot=0.87, trans=0.03, vel=0.07
[2026-07-08 17:22:38.707] [odom] [warning] IMU bias estimation seems inaccurate.
[2026-07-08 17:22:38.707] [odom] [warning] Possibly T_lidar_imu is not accurate or LiDAR-IMU synchronization is not correct.
[2026-07-08 17:22:38.707] [odom] [warning] IMU bias validation results:
[2026-07-08 17:22:38.707] [odom] [warning] num_bias_validations=12928
[2026-07-08 17:22:38.707] [odom] [warning] bias_acc=[0.659, -0.721, 0.016] m/s^2, bias_gyro=[-0.018, 0.001, 0.001] rad/s
[2026-07-08 17:22:38.707] [odom] [warning] acc_stat ax=0.373 +- 0.240 [min=-0.055, max=0.758], ay=-0.504 +- 0.288 [min=-0.990, max=0.022], az=0.049 +- 0.021 [min=0.012, max=0.086] m/s^2
[2026-07-08 17:22:38.707] [odom] [warning] gyro_stat wx=-0.019 +- 0.001 [min=-0.020, max=-0.016], wy=0.000 +- 0.001 [min=-0.004, max=0.002], wz=0.001 +- 0.000 [min=0.001, max=0.002] rad/s
[2026-07-08 17:22:38.889] [odom] [warning] IMU prediction is not good.
[2026-07-08 17:22:38.889] [odom] [warning] Possibly T_lidar_imu is not accurate or IMU bias is not well estimated.
[2026-07-08 17:22:38.889] [odom] [warning] IMU validation results:
[2026-07-08 17:22:38.889] [odom] [warning] num_validations=12544
[2026-07-08 17:22:38.889] [odom] [warning] No-IMU errors rot=0.208 +- 0.286 deg, trans=0.021 +- 0.011 m, vel=0.027 +- 0.019 m/s
[2026-07-08 17:22:38.889] [odom] [warning] IMU errors rot=0.065 +- 0.055 deg, trans=0.024 +- 0.012 m, vel=0.071 +- 0.032 m/s
[2026-07-08 17:22:38.889] [odom] [warning] IMU better ratios rot=0.87, trans=0.03, vel=0.07
[2026-07-08 17:22:40.533] [odom] [warning] IMU bias estimation seems inaccurate.
[2026-07-08 17:22:40.533] [odom] [warning] Possibly T_lidar_imu is not accurate or LiDAR-IMU synchronization is not correct.
[2026-07-08 17:22:40.533] [odom] [warning] IMU bias validation results:
[2026-07-08 17:22:40.533] [odom] [warning] num_bias_validations=12992
[2026-07-08 17:22:40.533] [odom] [warning] bias_acc=[0.661, -0.723, 0.015] m/s^2, bias_gyro=[-0.018, 0.001, 0.001] rad/s
[2026-07-08 17:22:40.533] [odom] [warning] acc_stat ax=0.375 +- 0.240 [min=-0.055, max=0.758], ay=-0.505 +- 0.287 [min=-0.990, max=0.022], az=0.049 +- 0.021 [min=0.012, max=0.086] m/s^2
[2026-07-08 17:22:40.533] [odom] [warning] gyro_stat wx=-0.019 +- 0.001 [min=-0.020, max=-0.016], wy=0.000 +- 0.001 [min=-0.004, max=0.002], wz=0.001 +- 0.000 [min=0.001, max=0.002] rad/s
[2026-07-08 17:22:40.869] [odom] [warning] IMU prediction is not good.
[2026-07-08 17:22:40.869] [odom] [warning] Possibly T_lidar_imu is not accurate or IMU bias is not well estimated.
[2026-07-08 17:22:40.869] [odom] [warning] IMU validation results:
[2026-07-08 17:22:40.869] [odom] [warning] num_validations=12608
[2026-07-08 17:22:40.869] [odom] [warning] No-IMU errors rot=0.207 +- 0.285 deg, trans=0.020 +- 0.011 m, vel=0.027 +- 0.019 m/s
[2026-07-08 17:22:40.869] [odom] [warning] IMU errors rot=0.065 +- 0.055 deg, trans=0.024 +- 0.012 m, vel=0.071 +- 0.032 m/s
[2026-07-08 17:22:40.869] [odom] [warning] IMU better ratios rot=0.87, trans=0.03, vel=0.07
[2026-07-08 17:22:42.161] [glim] [info] playback speed: 3.722x
[2026-07-08 17:22:42.374] [odom] [warning] IMU bias estimation seems inaccurate.
[2026-07-08 17:22:42.374] [odom] [warning] Possibly T_lidar_imu is not accurate or LiDAR-IMU synchronization is not correct.
[2026-07-08 17:22:42.374] [odom] [warning] IMU bias validation results:
[2026-07-08 17:22:42.374] [odom] [warning] num_bias_validations=13056
[2026-07-08 17:22:42.374] [odom] [warning] bias_acc=[0.663, -0.725, 0.014] m/s^2, bias_gyro=[-0.018, 0.000, 0.001] rad/s
[2026-07-08 17:22:42.374] [odom] [warning] acc_stat ax=0.376 +- 0.240 [min=-0.055, max=0.758], ay=-0.506 +- 0.287 [min=-0.990, max=0.022], az=0.049 +- 0.021 [min=0.012, max=0.086] m/s^2
[2026-07-08 17:22:42.374] [odom] [warning] gyro_stat wx=-0.019 +- 0.001 [min=-0.020, max=-0.016], wy=0.000 +- 0.001 [min=-0.004, max=0.002], wz=0.001 +- 0.000 [min=0.001, max=0.002] rad/s
[2026-07-08 17:22:42.712] [odom] [warning] IMU prediction is not good.
[2026-07-08 17:22:42.712] [odom] [warning] Possibly T_lidar_imu is not accurate or IMU bias is not well estimated.
[2026-07-08 17:22:42.712] [odom] [warning] IMU validation results:
[2026-07-08 17:22:42.712] [odom] [warning] num_validations=12672
[2026-07-08 17:22:42.712] [odom] [warning] No-IMU errors rot=0.207 +- 0.285 deg, trans=0.020 +- 0.011 m, vel=0.027 +- 0.019 m/s
[2026-07-08 17:22:42.712] [odom] [warning] IMU errors rot=0.065 +- 0.055 deg, trans=0.024 +- 0.012 m, vel=0.070 +- 0.032 m/s
[2026-07-08 17:22:42.712] [odom] [warning] IMU better ratios rot=0.87, trans=0.03, vel=0.07
[2026-07-08 17:22:43.517] [odom] [warning] IMU bias estimation seems inaccurate.
[2026-07-08 17:22:43.517] [odom] [warning] Possibly T_lidar_imu is not accurate or LiDAR-IMU synchronization is not correct.
[2026-07-08 17:22:43.517] [odom] [warning] IMU bias validation results:
[2026-07-08 17:22:43.517] [odom] [warning] num_bias_validations=13120
[2026-07-08 17:22:43.517] [odom] [warning] bias_acc=[0.666, -0.728, 0.013] m/s^2, bias_gyro=[-0.018, 0.000, 0.001] rad/s
[2026-07-08 17:22:43.517] [odom] [warning] acc_stat ax=0.378 +- 0.240 [min=-0.055, max=0.758], ay=-0.507 +- 0.287 [min=-0.990, max=0.022], az=0.049 +- 0.022 [min=0.012, max=0.086] m/s^2
[2026-07-08 17:22:43.517] [odom] [warning] gyro_stat wx=-0.019 +- 0.001 [min=-0.020, max=-0.016], wy=0.000 +- 0.001 [min=-0.004, max=0.002], wz=0.001 +- 0.000 [min=0.001, max=0.002] rad/s
[2026-07-08 17:22:43.863] [odom] [warning] IMU prediction is not good.
[2026-07-08 17:22:43.863] [odom] [warning] Possibly T_lidar_imu is not accurate or IMU bias is not well estimated.
[2026-07-08 17:22:43.863] [odom] [warning] IMU validation results:
[2026-07-08 17:22:43.863] [odom] [warning] num_validations=12736
[2026-07-08 17:22:43.863] [odom] [warning] No-IMU errors rot=0.206 +- 0.284 deg, trans=0.020 +- 0.011 m, vel=0.027 +- 0.019 m/s
[2026-07-08 17:22:43.863] [odom] [warning] IMU errors rot=0.065 +- 0.055 deg, trans=0.023 +- 0.012 m, vel=0.070 +- 0.032 m/s
[2026-07-08 17:22:43.863] [odom] [warning] IMU better ratios rot=0.87, trans=0.03, vel=0.07
[2026-07-08 17:22:44.879] [odom] [warning] IMU bias estimation seems inaccurate.
[2026-07-08 17:22:44.879] [odom] [warning] Possibly T_lidar_imu is not accurate or LiDAR-IMU synchronization is not correct.
[2026-07-08 17:22:44.879] [odom] [warning] IMU bias validation results:
[2026-07-08 17:22:44.879] [odom] [warning] num_bias_validations=13184
[2026-07-08 17:22:44.879] [odom] [warning] bias_acc=[0.667, -0.733, 0.013] m/s^2, bias_gyro=[-0.018, 0.001, 0.001] rad/s
[2026-07-08 17:22:44.879] [odom] [warning] acc_stat ax=0.379 +- 0.241 [min=-0.055, max=0.758], ay=-0.508 +- 0.287 [min=-0.990, max=0.022], az=0.048 +- 0.022 [min=0.012, max=0.086] m/s^2
[2026-07-08 17:22:44.879] [odom] [warning] gyro_stat wx=-0.019 +- 0.001 [min=-0.020, max=-0.016], wy=0.000 +- 0.001 [min=-0.004, max=0.002], wz=0.001 +- 0.000 [min=0.001, max=0.002] rad/s
[2026-07-08 17:22:44.971] [odom] [warning] IMU prediction is not good.
[2026-07-08 17:22:44.971] [odom] [warning] Possibly T_lidar_imu is not accurate or IMU bias is not well estimated.
[2026-07-08 17:22:44.971] [odom] [warning] IMU validation results:
[2026-07-08 17:22:44.971] [odom] [warning] num_validations=12800
[2026-07-08 17:22:44.971] [odom] [warning] No-IMU errors rot=0.206 +- 0.283 deg, trans=0.020 +- 0.011 m, vel=0.027 +- 0.019 m/s
[2026-07-08 17:22:44.971] [odom] [warning] IMU errors rot=0.065 +- 0.055 deg, trans=0.023 +- 0.012 m, vel=0.070 +- 0.032 m/s
[2026-07-08 17:22:44.971] [odom] [warning] IMU better ratios rot=0.87, trans=0.03, vel=0.08
[2026-07-08 17:22:46.524] [odom] [warning] IMU bias estimation seems inaccurate.
[2026-07-08 17:22:46.524] [odom] [warning] Possibly T_lidar_imu is not accurate or LiDAR-IMU synchronization is not correct.
[2026-07-08 17:22:46.524] [odom] [warning] IMU bias validation results:
[2026-07-08 17:22:46.524] [odom] [warning] num_bias_validations=13248
[2026-07-08 17:22:46.524] [odom] [warning] bias_acc=[0.666, -0.738, 0.012] m/s^2, bias_gyro=[-0.018, 0.001, 0.001] rad/s
[2026-07-08 17:22:46.524] [odom] [warning] acc_stat ax=0.380 +- 0.241 [min=-0.055, max=0.758], ay=-0.509 +- 0.286 [min=-0.990, max=0.022], az=0.048 +- 0.022 [min=0.012, max=0.086] m/s^2
[2026-07-08 17:22:46.524] [odom] [warning] gyro_stat wx=-0.019 +- 0.001 [min=-0.020, max=-0.016], wy=0.000 +- 0.001 [min=-0.004, max=0.002], wz=0.001 +- 0.000 [min=0.001, max=0.002] rad/s
[2026-07-08 17:22:46.849] [odom] [warning] IMU prediction is not good.
[2026-07-08 17:22:46.849] [odom] [warning] Possibly T_lidar_imu is not accurate or IMU bias is not well estimated.
[2026-07-08 17:22:46.849] [odom] [warning] IMU validation results:
[2026-07-08 17:22:46.849] [odom] [warning] num_validations=12864
[2026-07-08 17:22:46.849] [odom] [warning] No-IMU errors rot=0.206 +- 0.283 deg, trans=0.020 +- 0.011 m, vel=0.027 +- 0.019 m/s
[2026-07-08 17:22:46.849] [odom] [warning] IMU errors rot=0.064 +- 0.055 deg, trans=0.023 +- 0.012 m, vel=0.070 +- 0.032 m/s
[2026-07-08 17:22:46.849] [odom] [warning] IMU better ratios rot=0.87, trans=0.03, vel=0.08
[2026-07-08 17:22:47.175] [glim] [info] playback speed: 4.897x
[2026-07-08 17:22:47.396] [odom] [warning] IMU bias estimation seems inaccurate.
[2026-07-08 17:22:47.396] [odom] [warning] Possibly T_lidar_imu is not accurate or LiDAR-IMU synchronization is not correct.
[2026-07-08 17:22:47.396] [odom] [warning] IMU bias validation results:
[2026-07-08 17:22:47.396] [odom] [warning] num_bias_validations=13312
[2026-07-08 17:22:47.396] [odom] [warning] bias_acc=[0.664, -0.744, 0.011] m/s^2, bias_gyro=[-0.019, 0.001, 0.001] rad/s
[2026-07-08 17:22:47.396] [odom] [warning] acc_stat ax=0.382 +- 0.241 [min=-0.055, max=0.758], ay=-0.511 +- 0.286 [min=-0.990, max=0.022], az=0.048 +- 0.022 [min=0.011, max=0.086] m/s^2
[2026-07-08 17:22:47.396] [odom] [warning] gyro_stat wx=-0.019 +- 0.001 [min=-0.020, max=-0.016], wy=0.000 +- 0.001 [min=-0.004, max=0.002], wz=0.001 +- 0.000 [min=0.001, max=0.002] rad/s
[2026-07-08 17:22:47.729] [odom] [warning] IMU prediction is not good.
[2026-07-08 17:22:47.729] [odom] [warning] Possibly T_lidar_imu is not accurate or IMU bias is not well estimated.
[2026-07-08 17:22:47.729] [odom] [warning] IMU validation results:
[2026-07-08 17:22:47.729] [odom] [warning] num_validations=12928
[2026-07-08 17:22:47.729] [odom] [warning] No-IMU errors rot=0.206 +- 0.282 deg, trans=0.020 +- 0.011 m, vel=0.027 +- 0.019 m/s
[2026-07-08 17:22:47.729] [odom] [warning] IMU errors rot=0.064 +- 0.055 deg, trans=0.023 +- 0.012 m, vel=0.069 +- 0.032 m/s
[2026-07-08 17:22:47.729] [odom] [warning] IMU better ratios rot=0.87, trans=0.03, vel=0.08
[2026-07-08 17:22:49.048] [odom] [warning] IMU bias estimation seems inaccurate.
[2026-07-08 17:22:49.048] [odom] [warning] Possibly T_lidar_imu is not accurate or LiDAR-IMU synchronization is not correct.
[2026-07-08 17:22:49.048] [odom] [warning] IMU bias validation results:
[2026-07-08 17:22:49.048] [odom] [warning] num_bias_validations=13376
[2026-07-08 17:22:49.048] [odom] [warning] bias_acc=[0.660, -0.750, 0.010] m/s^2, bias_gyro=[-0.019, 0.001, 0.002] rad/s
[2026-07-08 17:22:49.048] [odom] [warning] acc_stat ax=0.383 +- 0.241 [min=-0.055, max=0.758], ay=-0.512 +- 0.286 [min=-0.990, max=0.022], az=0.048 +- 0.022 [min=0.010, max=0.086] m/s^2
[2026-07-08 17:22:49.048] [odom] [warning] gyro_stat wx=-0.019 +- 0.001 [min=-0.020, max=-0.016], wy=0.000 +- 0.001 [min=-0.004, max=0.002], wz=0.001 +- 0.000 [min=0.001, max=0.002] rad/s
[2026-07-08 17:22:49.243] [odom] [warning] IMU prediction is not good.
[2026-07-08 17:22:49.243] [odom] [warning] Possibly T_lidar_imu is not accurate or IMU bias is not well estimated.
[2026-07-08 17:22:49.243] [odom] [warning] IMU validation results:
[2026-07-08 17:22:49.243] [odom] [warning] num_validations=12992
[2026-07-08 17:22:49.243] [odom] [warning] No-IMU errors rot=0.206 +- 0.282 deg, trans=0.020 +- 0.011 m, vel=0.026 +- 0.019 m/s
[2026-07-08 17:22:49.243] [odom] [warning] IMU errors rot=0.065 +- 0.055 deg, trans=0.023 +- 0.012 m, vel=0.069 +- 0.032 m/s
[2026-07-08 17:22:49.243] [odom] [warning] IMU better ratios rot=0.87, trans=0.03, vel=0.08
[2026-07-08 17:22:50.684] [odom] [warning] IMU bias estimation seems inaccurate.
[2026-07-08 17:22:50.684] [odom] [warning] Possibly T_lidar_imu is not accurate or LiDAR-IMU synchronization is not correct.
[2026-07-08 17:22:50.684] [odom] [warning] IMU bias validation results:
[2026-07-08 17:22:50.684] [odom] [warning] num_bias_validations=13440
[2026-07-08 17:22:50.684] [odom] [warning] bias_acc=[0.654, -0.755, 0.009] m/s^2, bias_gyro=[-0.018, 0.002, 0.001] rad/s
[2026-07-08 17:22:50.684] [odom] [warning] acc_stat ax=0.384 +- 0.242 [min=-0.055, max=0.758], ay=-0.513 +- 0.286 [min=-0.990, max=0.022], az=0.048 +- 0.022 [min=0.009, max=0.086] m/s^2
[2026-07-08 17:22:50.684] [odom] [warning] gyro_stat wx=-0.019 +- 0.001 [min=-0.020, max=-0.016], wy=0.000 +- 0.001 [min=-0.004, max=0.002], wz=0.001 +- 0.000 [min=0.001, max=0.002] rad/s
[2026-07-08 17:22:50.950] [odom] [warning] IMU prediction is not good.
[2026-07-08 17:22:50.950] [odom] [warning] Possibly T_lidar_imu is not accurate or IMU bias is not well estimated.
[2026-07-08 17:22:50.950] [odom] [warning] IMU validation results:
[2026-07-08 17:22:50.950] [odom] [warning] num_validations=13056
[2026-07-08 17:22:50.950] [odom] [warning] No-IMU errors rot=0.206 +- 0.281 deg, trans=0.020 +- 0.011 m, vel=0.026 +- 0.019 m/s
[2026-07-08 17:22:50.950] [odom] [warning] IMU errors rot=0.065 +- 0.055 deg, trans=0.023 +- 0.012 m, vel=0.069 +- 0.032 m/s
[2026-07-08 17:22:50.950] [odom] [warning] IMU better ratios rot=0.87, trans=0.03, vel=0.08
[2026-07-08 17:22:52.186] [glim] [info] playback speed: 3.907x
[2026-07-08 17:22:52.916] [odom] [warning] IMU bias estimation seems inaccurate.
[2026-07-08 17:22:52.916] [odom] [warning] Possibly T_lidar_imu is not accurate or LiDAR-IMU synchronization is not correct.
[2026-07-08 17:22:52.916] [odom] [warning] IMU bias validation results:
[2026-07-08 17:22:52.916] [odom] [warning] num_bias_validations=13504
[2026-07-08 17:22:52.916] [odom] [warning] bias_acc=[0.646, -0.757, 0.010] m/s^2, bias_gyro=[-0.018, 0.001, 0.001] rad/s
[2026-07-08 17:22:52.916] [odom] [warning] acc_stat ax=0.386 +- 0.242 [min=-0.055, max=0.758], ay=-0.514 +- 0.285 [min=-0.990, max=0.022], az=0.048 +- 0.022 [min=0.009, max=0.086] m/s^2
[2026-07-08 17:22:52.916] [odom] [warning] gyro_stat wx=-0.019 +- 0.001 [min=-0.020, max=-0.016], wy=0.000 +- 0.001 [min=-0.004, max=0.002], wz=0.001 +- 0.000 [min=0.001, max=0.002] rad/s
[2026-07-08 17:22:53.232] [odom] [warning] IMU prediction is not good.
[2026-07-08 17:22:53.232] [odom] [warning] Possibly T_lidar_imu is not accurate or IMU bias is not well estimated.
[2026-07-08 17:22:53.232] [odom] [warning] IMU validation results:
[2026-07-08 17:22:53.232] [odom] [warning] num_validations=13120
[2026-07-08 17:22:53.232] [odom] [warning] No-IMU errors rot=0.205 +- 0.281 deg, trans=0.020 +- 0.011 m, vel=0.026 +- 0.019 m/s
[2026-07-08 17:22:53.232] [odom] [warning] IMU errors rot=0.065 +- 0.055 deg, trans=0.023 +- 0.012 m, vel=0.069 +- 0.032 m/s
[2026-07-08 17:22:53.232] [odom] [warning] IMU better ratios rot=0.87, trans=0.03, vel=0.08
[2026-07-08 17:22:54.820] [odom] [warning] IMU bias estimation seems inaccurate.
[2026-07-08 17:22:54.820] [odom] [warning] Possibly T_lidar_imu is not accurate or LiDAR-IMU synchronization is not correct.
[2026-07-08 17:22:54.820] [odom] [warning] IMU bias validation results:
[2026-07-08 17:22:54.820] [odom] [warning] num_bias_validations=13568
[2026-07-08 17:22:54.820] [odom] [warning] bias_acc=[0.639, -0.757, 0.010] m/s^2, bias_gyro=[-0.018, 0.001, 0.001] rad/s
[2026-07-08 17:22:54.820] [odom] [warning] acc_stat ax=0.387 +- 0.242 [min=-0.055, max=0.758], ay=-0.515 +- 0.285 [min=-0.990, max=0.022], az=0.047 +- 0.022 [min=0.009, max=0.086] m/s^2
[2026-07-08 17:22:54.820] [odom] [warning] gyro_stat wx=-0.019 +- 0.001 [min=-0.020, max=-0.016], wy=0.000 +- 0.001 [min=-0.004, max=0.002], wz=0.001 +- 0.000 [min=0.001, max=0.002] rad/s
[2026-07-08 17:22:55.199] [odom] [warning] IMU prediction is not good.
[2026-07-08 17:22:55.199] [odom] [warning] Possibly T_lidar_imu is not accurate or IMU bias is not well estimated.
[2026-07-08 17:22:55.199] [odom] [warning] IMU validation results:
[2026-07-08 17:22:55.199] [odom] [warning] num_validations=13184
[2026-07-08 17:22:55.199] [odom] [warning] No-IMU errors rot=0.205 +- 0.280 deg, trans=0.020 +- 0.011 m, vel=0.026 +- 0.019 m/s
[2026-07-08 17:22:55.199] [odom] [warning] IMU errors rot=0.065 +- 0.055 deg, trans=0.023 +- 0.012 m, vel=0.069 +- 0.033 m/s
[2026-07-08 17:22:55.199] [odom] [warning] IMU better ratios rot=0.87, trans=0.03, vel=0.08
[2026-07-08 17:22:56.361] [odom] [warning] IMU bias estimation seems inaccurate.
[2026-07-08 17:22:56.361] [odom] [warning] Possibly T_lidar_imu is not accurate or LiDAR-IMU synchronization is not correct.
[2026-07-08 17:22:56.361] [odom] [warning] IMU bias validation results:
[2026-07-08 17:22:56.361] [odom] [warning] num_bias_validations=13632
[2026-07-08 17:22:56.361] [odom] [warning] bias_acc=[0.634, -0.756, 0.010] m/s^2, bias_gyro=[-0.018, 0.000, 0.001] rad/s
[2026-07-08 17:22:56.361] [odom] [warning] acc_stat ax=0.388 +- 0.242 [min=-0.055, max=0.758], ay=-0.516 +- 0.285 [min=-0.990, max=0.022], az=0.047 +- 0.022 [min=0.009, max=0.086] m/s^2
[2026-07-08 17:22:56.361] [odom] [warning] gyro_stat wx=-0.019 +- 0.001 [min=-0.020, max=-0.016], wy=0.000 +- 0.001 [min=-0.004, max=0.002], wz=0.001 +- 0.000 [min=0.001, max=0.002] rad/s
[2026-07-08 17:22:57.211] [glim] [info] playback speed: 3.533x
[2026-07-08 17:22:57.874] [odom] [warning] IMU prediction is not good.
[2026-07-08 17:22:57.874] [odom] [warning] Possibly T_lidar_imu is not accurate or IMU bias is not well estimated.
[2026-07-08 17:22:57.874] [odom] [warning] IMU validation results:
[2026-07-08 17:22:57.874] [odom] [warning] num_validations=13248
[2026-07-08 17:22:57.874] [odom] [warning] No-IMU errors rot=0.207 +- 0.282 deg, trans=0.020 +- 0.011 m, vel=0.027 +- 0.019 m/s
[2026-07-08 17:22:57.874] [odom] [warning] IMU errors rot=0.065 +- 0.055 deg, trans=0.023 +- 0.012 m, vel=0.069 +- 0.033 m/s
[2026-07-08 17:22:57.874] [odom] [warning] IMU better ratios rot=0.87, trans=0.03, vel=0.08
[2026-07-08 17:22:58.498] [odom] [warning] IMU bias estimation seems inaccurate.
[2026-07-08 17:22:58.498] [odom] [warning] Possibly T_lidar_imu is not accurate or LiDAR-IMU synchronization is not correct.
[2026-07-08 17:22:58.498] [odom] [warning] IMU bias validation results:
[2026-07-08 17:22:58.498] [odom] [warning] num_bias_validations=13696
[2026-07-08 17:22:58.498] [odom] [warning] bias_acc=[0.632, -0.755, 0.010] m/s^2, bias_gyro=[-0.017, -0.002, 0.001] rad/s
[2026-07-08 17:22:58.498] [odom] [warning] acc_stat ax=0.389 +- 0.242 [min=-0.055, max=0.758], ay=-0.517 +- 0.285 [min=-0.990, max=0.022], az=0.047 +- 0.022 [min=0.009, max=0.086] m/s^2
[2026-07-08 17:22:58.498] [odom] [warning] gyro_stat wx=-0.019 +- 0.001 [min=-0.020, max=-0.016], wy=0.000 +- 0.001 [min=-0.004, max=0.002], wz=0.001 +- 0.000 [min=0.001, max=0.002] rad/s
[2026-07-08 17:23:00.428] [odom] [warning] IMU prediction is not good.
[2026-07-08 17:23:00.428] [odom] [warning] Possibly T_lidar_imu is not accurate or IMU bias is not well estimated.
[2026-07-08 17:23:00.428] [odom] [warning] IMU validation results:
[2026-07-08 17:23:00.428] [odom] [warning] num_validations=13312
[2026-07-08 17:23:00.428] [odom] [warning] No-IMU errors rot=0.210 +- 0.285 deg, trans=0.020 +- 0.011 m, vel=0.027 +- 0.019 m/s
[2026-07-08 17:23:00.428] [odom] [warning] IMU errors rot=0.065 +- 0.055 deg, trans=0.023 +- 0.012 m, vel=0.068 +- 0.033 m/s
[2026-07-08 17:23:00.428] [odom] [warning] IMU better ratios rot=0.87, trans=0.03, vel=0.08
[2026-07-08 17:23:01.138] [odom] [warning] IMU bias estimation seems inaccurate.
[2026-07-08 17:23:01.138] [odom] [warning] Possibly T_lidar_imu is not accurate or LiDAR-IMU synchronization is not correct.
[2026-07-08 17:23:01.138] [odom] [warning] IMU bias validation results:
[2026-07-08 17:23:01.138] [odom] [warning] num_bias_validations=13760
[2026-07-08 17:23:01.138] [odom] [warning] bias_acc=[0.633, -0.762, 0.009] m/s^2, bias_gyro=[-0.017, -0.003, 0.001] rad/s
[2026-07-08 17:23:01.138] [odom] [warning] acc_stat ax=0.390 +- 0.242 [min=-0.055, max=0.758], ay=-0.519 +- 0.285 [min=-0.990, max=0.022], az=0.047 +- 0.023 [min=0.009, max=0.086] m/s^2
[2026-07-08 17:23:01.138] [odom] [warning] gyro_stat wx=-0.019 +- 0.001 [min=-0.020, max=-0.016], wy=0.000 +- 0.001 [min=-0.004, max=0.002], wz=0.001 +- 0.000 [min=0.001, max=0.002] rad/s
[2026-07-08 17:23:02.226] [glim] [info] playback speed: 2.751x
[2026-07-08 17:23:02.324] [odom] [warning] IMU prediction is not good.
[2026-07-08 17:23:02.324] [odom] [warning] Possibly T_lidar_imu is not accurate or IMU bias is not well estimated.
[2026-07-08 17:23:02.324] [odom] [warning] IMU validation results:
[2026-07-08 17:23:02.324] [odom] [warning] num_validations=13376
[2026-07-08 17:23:02.324] [odom] [warning] No-IMU errors rot=0.209 +- 0.284 deg, trans=0.020 +- 0.011 m, vel=0.026 +- 0.019 m/s
[2026-07-08 17:23:02.324] [odom] [warning] IMU errors rot=0.065 +- 0.055 deg, trans=0.023 +- 0.012 m, vel=0.068 +- 0.033 m/s
[2026-07-08 17:23:02.324] [odom] [warning] IMU better ratios rot=0.87, trans=0.03, vel=0.08
[2026-07-08 17:23:02.443] [odom] [warning] IMU bias estimation seems inaccurate.
[2026-07-08 17:23:02.443] [odom] [warning] Possibly T_lidar_imu is not accurate or LiDAR-IMU synchronization is not correct.
[2026-07-08 17:23:02.443] [odom] [warning] IMU bias validation results:
[2026-07-08 17:23:02.443] [odom] [warning] num_bias_validations=13824
[2026-07-08 17:23:02.443] [odom] [warning] bias_acc=[0.638, -0.764, 0.008] m/s^2, bias_gyro=[-0.017, -0.003, 0.001] rad/s
[2026-07-08 17:23:02.443] [odom] [warning] acc_stat ax=0.391 +- 0.242 [min=-0.055, max=0.758], ay=-0.520 +- 0.285 [min=-0.990, max=0.022], az=0.047 +- 0.023 [min=0.008, max=0.086] m/s^2
[2026-07-08 17:23:02.443] [odom] [warning] gyro_stat wx=-0.019 +- 0.001 [min=-0.020, max=-0.016], wy=0.000 +- 0.001 [min=-0.004, max=0.002], wz=0.001 +- 0.000 [min=0.001, max=0.002] rad/s
[2026-07-08 17:23:03.497] [odom] [warning] IMU prediction is not good.
[2026-07-08 17:23:03.497] [odom] [warning] Possibly T_lidar_imu is not accurate or IMU bias is not well estimated.
[2026-07-08 17:23:03.497] [odom] [warning] IMU validation results:
[2026-07-08 17:23:03.497] [odom] [warning] num_validations=13440
[2026-07-08 17:23:03.497] [odom] [warning] No-IMU errors rot=0.209 +- 0.284 deg, trans=0.020 +- 0.011 m, vel=0.026 +- 0.019 m/s
[2026-07-08 17:23:03.497] [odom] [warning] IMU errors rot=0.065 +- 0.055 deg, trans=0.023 +- 0.012 m, vel=0.068 +- 0.033 m/s
[2026-07-08 17:23:03.497] [odom] [warning] IMU better ratios rot=0.87, trans=0.03, vel=0.08
[2026-07-08 17:23:04.101] [odom] [warning] IMU bias estimation seems inaccurate.
[2026-07-08 17:23:04.101] [odom] [warning] Possibly T_lidar_imu is not accurate or LiDAR-IMU synchronization is not correct.
[2026-07-08 17:23:04.101] [odom] [warning] IMU bias validation results:
[2026-07-08 17:23:04.101] [odom] [warning] num_bias_validations=13888
[2026-07-08 17:23:04.101] [odom] [warning] bias_acc=[0.643, -0.767, 0.007] m/s^2, bias_gyro=[-0.017, -0.002, 0.001] rad/s
[2026-07-08 17:23:04.101] [odom] [warning] acc_stat ax=0.392 +- 0.242 [min=-0.055, max=0.758], ay=-0.521 +- 0.284 [min=-0.990, max=0.022], az=0.047 +- 0.023 [min=0.007, max=0.086] m/s^2
[2026-07-08 17:23:04.101] [odom] [warning] gyro_stat wx=-0.019 +- 0.001 [min=-0.020, max=-0.016], wy=0.000 +- 0.001 [min=-0.004, max=0.002], wz=0.001 +- 0.000 [min=0.001, max=0.002] rad/s
[2026-07-08 17:23:04.656] [odom] [warning] IMU prediction is not good.
[2026-07-08 17:23:04.656] [odom] [warning] Possibly T_lidar_imu is not accurate or IMU bias is not well estimated.
[2026-07-08 17:23:04.656] [odom] [warning] IMU validation results:
[2026-07-08 17:23:04.656] [odom] [warning] num_validations=13504
[2026-07-08 17:23:04.656] [odom] [warning] No-IMU errors rot=0.209 +- 0.283 deg, trans=0.020 +- 0.011 m, vel=0.026 +- 0.019 m/s
[2026-07-08 17:23:04.656] [odom] [warning] IMU errors rot=0.066 +- 0.055 deg, trans=0.023 +- 0.012 m, vel=0.068 +- 0.033 m/s
[2026-07-08 17:23:04.656] [odom] [warning] IMU better ratios rot=0.87, trans=0.03, vel=0.09
[2026-07-08 17:23:05.301] [odom] [warning] IMU bias estimation seems inaccurate.
[2026-07-08 17:23:05.301] [odom] [warning] Possibly T_lidar_imu is not accurate or LiDAR-IMU synchronization is not correct.
[2026-07-08 17:23:05.301] [odom] [warning] IMU bias validation results:
[2026-07-08 17:23:05.301] [odom] [warning] num_bias_validations=13952
[2026-07-08 17:23:05.301] [odom] [warning] bias_acc=[0.649, -0.768, 0.007] m/s^2, bias_gyro=[-0.018, -0.002, 0.001] rad/s
[2026-07-08 17:23:05.301] [odom] [warning] acc_stat ax=0.394 +- 0.242 [min=-0.055, max=0.758], ay=-0.522 +- 0.284 [min=-0.990, max=0.022], az=0.046 +- 0.023 [min=0.007, max=0.086] m/s^2
[2026-07-08 17:23:05.301] [odom] [warning] gyro_stat wx=-0.019 +- 0.001 [min=-0.020, max=-0.016], wy=0.000 +- 0.001 [min=-0.004, max=0.002], wz=0.001 +- 0.000 [min=0.001, max=0.002] rad/s
[2026-07-08 17:23:06.675] [odom] [warning] IMU prediction is not good.
[2026-07-08 17:23:06.675] [odom] [warning] Possibly T_lidar_imu is not accurate or IMU bias is not well estimated.
[2026-07-08 17:23:06.675] [odom] [warning] IMU validation results:
[2026-07-08 17:23:06.675] [odom] [warning] num_validations=13568
[2026-07-08 17:23:06.675] [odom] [warning] No-IMU errors rot=0.209 +- 0.283 deg, trans=0.020 +- 0.011 m, vel=0.026 +- 0.019 m/s
[2026-07-08 17:23:06.675] [odom] [warning] IMU errors rot=0.066 +- 0.055 deg, trans=0.023 +- 0.012 m, vel=0.068 +- 0.033 m/s
[2026-07-08 17:23:06.675] [odom] [warning] IMU better ratios rot=0.87, trans=0.03, vel=0.09
[2026-07-08 17:23:06.815] [odom] [warning] IMU bias estimation seems inaccurate.
[2026-07-08 17:23:06.815] [odom] [warning] Possibly T_lidar_imu is not accurate or LiDAR-IMU synchronization is not correct.
[2026-07-08 17:23:06.815] [odom] [warning] IMU bias validation results:
[2026-07-08 17:23:06.815] [odom] [warning] num_bias_validations=14016
[2026-07-08 17:23:06.815] [odom] [warning] bias_acc=[0.653, -0.767, 0.006] m/s^2, bias_gyro=[-0.017, -0.001, 0.001] rad/s
[2026-07-08 17:23:06.815] [odom] [warning] acc_stat ax=0.395 +- 0.242 [min=-0.055, max=0.758], ay=-0.523 +- 0.284 [min=-0.990, max=0.022], az=0.046 +- 0.023 [min=0.006, max=0.086] m/s^2
[2026-07-08 17:23:06.815] [odom] [warning] gyro_stat wx=-0.019 +- 0.001 [min=-0.020, max=-0.016], wy=0.000 +- 0.001 [min=-0.004, max=0.002], wz=0.001 +- 0.000 [min=0.001, max=0.002] rad/s
[2026-07-08 17:23:07.246] [glim] [info] playback speed: 5.052x
[2026-07-08 17:23:07.849] [odom] [warning] IMU prediction is not good.
[2026-07-08 17:23:07.849] [odom] [warning] Possibly T_lidar_imu is not accurate or IMU bias is not well estimated.
[2026-07-08 17:23:07.849] [odom] [warning] IMU validation results:
[2026-07-08 17:23:07.849] [odom] [warning] num_validations=13632
[2026-07-08 17:23:07.849] [odom] [warning] No-IMU errors rot=0.208 +- 0.282 deg, trans=0.020 +- 0.011 m, vel=0.026 +- 0.019 m/s
[2026-07-08 17:23:07.849] [odom] [warning] IMU errors rot=0.066 +- 0.056 deg, trans=0.023 +- 0.012 m, vel=0.067 +- 0.033 m/s
[2026-07-08 17:23:07.849] [odom] [warning] IMU better ratios rot=0.87, trans=0.03, vel=0.09
[2026-07-08 17:23:08.453] [odom] [warning] IMU bias estimation seems inaccurate.
[2026-07-08 17:23:08.453] [odom] [warning] Possibly T_lidar_imu is not accurate or LiDAR-IMU synchronization is not correct.
[2026-07-08 17:23:08.453] [odom] [warning] IMU bias validation results:
[2026-07-08 17:23:08.453] [odom] [warning] num_bias_validations=14080
[2026-07-08 17:23:08.453] [odom] [warning] bias_acc=[0.655, -0.765, 0.006] m/s^2, bias_gyro=[-0.018, -0.001, 0.001] rad/s
[2026-07-08 17:23:08.453] [odom] [warning] acc_stat ax=0.396 +- 0.242 [min=-0.055, max=0.758], ay=-0.524 +- 0.284 [min=-0.990, max=0.022], az=0.046 +- 0.023 [min=0.006, max=0.086] m/s^2
[2026-07-08 17:23:08.453] [odom] [warning] gyro_stat wx=-0.019 +- 0.001 [min=-0.020, max=-0.016], wy=0.000 +- 0.001 [min=-0.004, max=0.002], wz=0.001 +- 0.000 [min=0.001, max=0.002] rad/s
[2026-07-08 17:23:09.919] [odom] [warning] IMU prediction is not good.
[2026-07-08 17:23:09.919] [odom] [warning] Possibly T_lidar_imu is not accurate or IMU bias is not well estimated.
[2026-07-08 17:23:09.919] [odom] [warning] IMU validation results:
[2026-07-08 17:23:09.919] [odom] [warning] num_validations=13696
[2026-07-08 17:23:09.919] [odom] [warning] No-IMU errors rot=0.208 +- 0.282 deg, trans=0.020 +- 0.011 m, vel=0.027 +- 0.019 m/s
[2026-07-08 17:23:09.919] [odom] [warning] IMU errors rot=0.066 +- 0.056 deg, trans=0.023 +- 0.012 m, vel=0.067 +- 0.033 m/s
[2026-07-08 17:23:09.919] [odom] [warning] IMU better ratios rot=0.87, trans=0.04, vel=0.09
[2026-07-08 17:23:10.079] [odom] [warning] IMU bias estimation seems inaccurate.
[2026-07-08 17:23:10.079] [odom] [warning] Possibly T_lidar_imu is not accurate or LiDAR-IMU synchronization is not correct.
[2026-07-08 17:23:10.079] [odom] [warning] IMU bias validation results:
[2026-07-08 17:23:10.079] [odom] [warning] num_bias_validations=14144
[2026-07-08 17:23:10.079] [odom] [warning] bias_acc=[0.657, -0.765, 0.006] m/s^2, bias_gyro=[-0.018, -0.000, 0.002] rad/s
[2026-07-08 17:23:10.079] [odom] [warning] acc_stat ax=0.397 +- 0.242 [min=-0.055, max=0.758], ay=-0.525 +- 0.284 [min=-0.990, max=0.022], az=0.046 +- 0.023 [min=0.006, max=0.086] m/s^2
[2026-07-08 17:23:10.079] [odom] [warning] gyro_stat wx=-0.019 +- 0.001 [min=-0.020, max=-0.016], wy=0.000 +- 0.001 [min=-0.004, max=0.002], wz=0.001 +- 0.000 [min=0.001, max=0.002] rad/s
[2026-07-08 17:23:11.192] [odom] [warning] IMU prediction is not good.
[2026-07-08 17:23:11.192] [odom] [warning] Possibly T_lidar_imu is not accurate or IMU bias is not well estimated.
[2026-07-08 17:23:11.192] [odom] [warning] IMU validation results:
[2026-07-08 17:23:11.192] [odom] [warning] num_validations=13760
[2026-07-08 17:23:11.192] [odom] [warning] No-IMU errors rot=0.209 +- 0.282 deg, trans=0.019 +- 0.011 m, vel=0.027 +- 0.019 m/s
[2026-07-08 17:23:11.192] [odom] [warning] IMU errors rot=0.066 +- 0.056 deg, trans=0.022 +- 0.012 m, vel=0.067 +- 0.033 m/s
[2026-07-08 17:23:11.192] [odom] [warning] IMU better ratios rot=0.87, trans=0.04, vel=0.09
[2026-07-08 17:23:11.735] [odom] [warning] IMU bias estimation seems inaccurate.
[2026-07-08 17:23:11.735] [odom] [warning] Possibly T_lidar_imu is not accurate or LiDAR-IMU synchronization is not correct.
[2026-07-08 17:23:11.735] [odom] [warning] IMU bias validation results:
[2026-07-08 17:23:11.735] [odom] [warning] num_bias_validations=14208
[2026-07-08 17:23:11.735] [odom] [warning] bias_acc=[0.656, -0.768, 0.005] m/s^2, bias_gyro=[-0.018, 0.000, 0.002] rad/s
[2026-07-08 17:23:11.735] [odom] [warning] acc_stat ax=0.398 +- 0.242 [min=-0.055, max=0.758], ay=-0.526 +- 0.284 [min=-0.990, max=0.022], az=0.046 +- 0.023 [min=0.005, max=0.086] m/s^2
[2026-07-08 17:23:11.735] [odom] [warning] gyro_stat wx=-0.019 +- 0.001 [min=-0.020, max=-0.016], wy=0.000 +- 0.001 [min=-0.004, max=0.002], wz=0.001 +- 0.000 [min=0.001, max=0.002] rad/s
[2026-07-08 17:23:12.254] [glim] [info] playback speed: 3.707x
[2026-07-08 17:23:13.203] [odom] [warning] IMU prediction is not good.
[2026-07-08 17:23:13.203] [odom] [warning] Possibly T_lidar_imu is not accurate or IMU bias is not well estimated.
[2026-07-08 17:23:13.203] [odom] [warning] IMU validation results:
[2026-07-08 17:23:13.203] [odom] [warning] num_validations=13824
[2026-07-08 17:23:13.203] [odom] [warning] No-IMU errors rot=0.209 +- 0.282 deg, trans=0.019 +- 0.011 m, vel=0.027 +- 0.019 m/s
[2026-07-08 17:23:13.203] [odom] [warning] IMU errors rot=0.067 +- 0.056 deg, trans=0.022 +- 0.012 m, vel=0.067 +- 0.033 m/s
[2026-07-08 17:23:13.203] [odom] [warning] IMU better ratios rot=0.87, trans=0.04, vel=0.10
[2026-07-08 17:23:13.494] [odom] [warning] IMU bias estimation seems inaccurate.
[2026-07-08 17:23:13.494] [odom] [warning] Possibly T_lidar_imu is not accurate or LiDAR-IMU synchronization is not correct.
[2026-07-08 17:23:13.494] [odom] [warning] IMU bias validation results:
[2026-07-08 17:23:13.494] [odom] [warning] num_bias_validations=14272
[2026-07-08 17:23:13.494] [odom] [warning] bias_acc=[0.654, -0.772, 0.005] m/s^2, bias_gyro=[-0.018, -0.000, 0.001] rad/s
[2026-07-08 17:23:13.494] [odom] [warning] acc_stat ax=0.400 +- 0.242 [min=-0.055, max=0.758], ay=-0.527 +- 0.283 [min=-0.990, max=0.022], az=0.045 +- 0.023 [min=0.005, max=0.086] m/s^2
[2026-07-08 17:23:13.494] [odom] [warning] gyro_stat wx=-0.019 +- 0.001 [min=-0.020, max=-0.016], wy=0.000 +- 0.001 [min=-0.004, max=0.002], wz=0.001 +- 0.000 [min=0.001, max=0.002] rad/s
[2026-07-08 17:23:14.692] [odom] [warning] IMU prediction is not good.
[2026-07-08 17:23:14.692] [odom] [warning] Possibly T_lidar_imu is not accurate or IMU bias is not well estimated.
[2026-07-08 17:23:14.692] [odom] [warning] IMU validation results:
[2026-07-08 17:23:14.692] [odom] [warning] num_validations=13888
[2026-07-08 17:23:14.692] [odom] [warning] No-IMU errors rot=0.209 +- 0.281 deg, trans=0.019 +- 0.011 m, vel=0.027 +- 0.019 m/s
[2026-07-08 17:23:14.692] [odom] [warning] IMU errors rot=0.067 +- 0.056 deg, trans=0.022 +- 0.012 m, vel=0.067 +- 0.033 m/s
[2026-07-08 17:23:14.692] [odom] [warning] IMU better ratios rot=0.87, trans=0.04, vel=0.10
[2026-07-08 17:23:15.120] [odom] [warning] IMU bias estimation seems inaccurate.
[2026-07-08 17:23:15.120] [odom] [warning] Possibly T_lidar_imu is not accurate or LiDAR-IMU synchronization is not correct.
[2026-07-08 17:23:15.120] [odom] [warning] IMU bias validation results:
[2026-07-08 17:23:15.120] [odom] [warning] num_bias_validations=14336
[2026-07-08 17:23:15.120] [odom] [warning] bias_acc=[0.648, -0.778, 0.005] m/s^2, bias_gyro=[-0.018, 0.001, 0.001] rad/s
[2026-07-08 17:23:15.120] [odom] [warning] acc_stat ax=0.401 +- 0.242 [min=-0.055, max=0.758], ay=-0.529 +- 0.283 [min=-0.990, max=0.022], az=0.045 +- 0.023 [min=0.005, max=0.086] m/s^2
[2026-07-08 17:23:15.120] [odom] [warning] gyro_stat wx=-0.019 +- 0.001 [min=-0.020, max=-0.016], wy=0.000 +- 0.001 [min=-0.004, max=0.002], wz=0.001 +- 0.000 [min=0.001, max=0.002] rad/s
[2026-07-08 17:23:16.664] [odom] [warning] IMU prediction is not good.
[2026-07-08 17:23:16.664] [odom] [warning] Possibly T_lidar_imu is not accurate or IMU bias is not well estimated.
[2026-07-08 17:23:16.664] [odom] [warning] IMU validation results:
[2026-07-08 17:23:16.664] [odom] [warning] num_validations=13952
[2026-07-08 17:23:16.664] [odom] [warning] No-IMU errors rot=0.209 +- 0.281 deg, trans=0.019 +- 0.011 m, vel=0.027 +- 0.019 m/s
[2026-07-08 17:23:16.664] [odom] [warning] IMU errors rot=0.067 +- 0.056 deg, trans=0.022 +- 0.012 m, vel=0.067 +- 0.033 m/s
[2026-07-08 17:23:16.664] [odom] [warning] IMU better ratios rot=0.87, trans=0.04, vel=0.10
[2026-07-08 17:23:17.258] [glim] [info] playback speed: 3.426x
[2026-07-08 17:23:17.589] [odom] [warning] IMU bias estimation seems inaccurate.
[2026-07-08 17:23:17.589] [odom] [warning] Possibly T_lidar_imu is not accurate or LiDAR-IMU synchronization is not correct.
[2026-07-08 17:23:17.589] [odom] [warning] IMU bias validation results:
[2026-07-08 17:23:17.589] [odom] [warning] num_bias_validations=14400
[2026-07-08 17:23:17.589] [odom] [warning] bias_acc=[0.637, -0.784, 0.005] m/s^2, bias_gyro=[-0.019, 0.001, 0.002] rad/s
[2026-07-08 17:23:17.589] [odom] [warning] acc_stat ax=0.402 +- 0.242 [min=-0.055, max=0.758], ay=-0.530 +- 0.283 [min=-0.990, max=0.022], az=0.045 +- 0.024 [min=0.005, max=0.086] m/s^2
[2026-07-08 17:23:17.589] [odom] [warning] gyro_stat wx=-0.019 +- 0.001 [min=-0.020, max=-0.016], wy=0.000 +- 0.001 [min=-0.004, max=0.002], wz=0.001 +- 0.000 [min=0.001, max=0.002] rad/s
[2026-07-08 17:23:20.036] [odom] [warning] IMU prediction is not good.
[2026-07-08 17:23:20.036] [odom] [warning] Possibly T_lidar_imu is not accurate or IMU bias is not well estimated.
[2026-07-08 17:23:20.036] [odom] [warning] IMU validation results:
[2026-07-08 17:23:20.036] [odom] [warning] num_validations=14016
[2026-07-08 17:23:20.036] [odom] [warning] No-IMU errors rot=0.208 +- 0.280 deg, trans=0.019 +- 0.011 m, vel=0.027 +- 0.019 m/s
[2026-07-08 17:23:20.036] [odom] [warning] IMU errors rot=0.067 +- 0.056 deg, trans=0.022 +- 0.012 m, vel=0.067 +- 0.033 m/s
[2026-07-08 17:23:20.036] [odom] [warning] IMU better ratios rot=0.87, trans=0.04, vel=0.10
[2026-07-08 17:23:20.516] [odom] [warning] IMU bias estimation seems inaccurate.
[2026-07-08 17:23:20.516] [odom] [warning] Possibly T_lidar_imu is not accurate or LiDAR-IMU synchronization is not correct.
[2026-07-08 17:23:20.516] [odom] [warning] IMU bias validation results:
[2026-07-08 17:23:20.516] [odom] [warning] num_bias_validations=14464
[2026-07-08 17:23:20.516] [odom] [warning] bias_acc=[0.628, -0.790, 0.005] m/s^2, bias_gyro=[-0.018, 0.001, 0.001] rad/s
[2026-07-08 17:23:20.516] [odom] [warning] acc_stat ax=0.403 +- 0.242 [min=-0.055, max=0.758], ay=-0.531 +- 0.283 [min=-0.990, max=0.022], az=0.045 +- 0.024 [min=0.005, max=0.086] m/s^2
[2026-07-08 17:23:20.516] [odom] [warning] gyro_stat wx=-0.019 +- 0.001 [min=-0.020, max=-0.016], wy=0.000 +- 0.001 [min=-0.004, max=0.002], wz=0.001 +- 0.000 [min=0.001, max=0.002] rad/s
[2026-07-08 17:23:21.191] [odom] [warning] IMU prediction is not good.
[2026-07-08 17:23:21.191] [odom] [warning] Possibly T_lidar_imu is not accurate or IMU bias is not well estimated.
[2026-07-08 17:23:21.191] [odom] [warning] IMU validation results:
[2026-07-08 17:23:21.191] [odom] [warning] num_validations=14080
[2026-07-08 17:23:21.191] [odom] [warning] No-IMU errors rot=0.208 +- 0.280 deg, trans=0.019 +- 0.011 m, vel=0.027 +- 0.019 m/s
[2026-07-08 17:23:21.191] [odom] [warning] IMU errors rot=0.067 +- 0.056 deg, trans=0.022 +- 0.012 m, vel=0.067 +- 0.033 m/s
[2026-07-08 17:23:21.191] [odom] [warning] IMU better ratios rot=0.87, trans=0.04, vel=0.10
[2026-07-08 17:23:21.861] [odom] [warning] IMU bias estimation seems inaccurate.
[2026-07-08 17:23:21.861] [odom] [warning] Possibly T_lidar_imu is not accurate or LiDAR-IMU synchronization is not correct.
[2026-07-08 17:23:21.861] [odom] [warning] IMU bias validation results:
[2026-07-08 17:23:21.861] [odom] [warning] num_bias_validations=14528
[2026-07-08 17:23:21.861] [odom] [warning] bias_acc=[0.618, -0.792, 0.005] m/s^2, bias_gyro=[-0.019, 0.001, 0.001] rad/s
[2026-07-08 17:23:21.861] [odom] [warning] acc_stat ax=0.404 +- 0.242 [min=-0.055, max=0.758], ay=-0.532 +- 0.283 [min=-0.990, max=0.022], az=0.045 +- 0.024 [min=0.005, max=0.086] m/s^2
[2026-07-08 17:23:21.861] [odom] [warning] gyro_stat wx=-0.019 +- 0.001 [min=-0.020, max=-0.016], wy=0.000 +- 0.001 [min=-0.004, max=0.002], wz=0.001 +- 0.000 [min=0.001, max=0.002] rad/s
[2026-07-08 17:23:22.285] [glim] [info] playback speed: 2.866x
[2026-07-08 17:23:23.009] [odom] [warning] IMU prediction is not good.
[2026-07-08 17:23:23.009] [odom] [warning] Possibly T_lidar_imu is not accurate or IMU bias is not well estimated.
[2026-07-08 17:23:23.009] [odom] [warning] IMU validation results:
[2026-07-08 17:23:23.009] [odom] [warning] num_validations=14144
[2026-07-08 17:23:23.009] [odom] [warning] No-IMU errors rot=0.208 +- 0.279 deg, trans=0.019 +- 0.011 m, vel=0.027 +- 0.019 m/s
[2026-07-08 17:23:23.009] [odom] [warning] IMU errors rot=0.067 +- 0.056 deg, trans=0.022 +- 0.012 m, vel=0.067 +- 0.033 m/s
[2026-07-08 17:23:23.009] [odom] [warning] IMU better ratios rot=0.87, trans=0.04, vel=0.10
[2026-07-08 17:23:23.488] [odom] [warning] IMU bias estimation seems inaccurate.
[2026-07-08 17:23:23.488] [odom] [warning] Possibly T_lidar_imu is not accurate or LiDAR-IMU synchronization is not correct.
[2026-07-08 17:23:23.488] [odom] [warning] IMU bias validation results:
[2026-07-08 17:23:23.488] [odom] [warning] num_bias_validations=14592
[2026-07-08 17:23:23.488] [odom] [warning] bias_acc=[0.608, -0.801, 0.005] m/s^2, bias_gyro=[-0.018, 0.001, 0.001] rad/s
[2026-07-08 17:23:23.488] [odom] [warning] acc_stat ax=0.405 +- 0.242 [min=-0.055, max=0.758], ay=-0.533 +- 0.283 [min=-0.990, max=0.022], az=0.045 +- 0.024 [min=0.005, max=0.086] m/s^2
[2026-07-08 17:23:23.488] [odom] [warning] gyro_stat wx=-0.019 +- 0.001 [min=-0.020, max=-0.016], wy=0.000 +- 0.001 [min=-0.004, max=0.002], wz=0.001 +- 0.000 [min=0.001, max=0.002] rad/s
[2026-07-08 17:23:25.269] [odom] [warning] IMU prediction is not good.
[2026-07-08 17:23:25.269] [odom] [warning] Possibly T_lidar_imu is not accurate or IMU bias is not well estimated.
[2026-07-08 17:23:25.269] [odom] [warning] IMU validation results:
[2026-07-08 17:23:25.269] [odom] [warning] num_validations=14208
[2026-07-08 17:23:25.269] [odom] [warning] No-IMU errors rot=0.208 +- 0.279 deg, trans=0.019 +- 0.011 m, vel=0.027 +- 0.019 m/s
[2026-07-08 17:23:25.269] [odom] [warning] IMU errors rot=0.067 +- 0.056 deg, trans=0.022 +- 0.012 m, vel=0.066 +- 0.033 m/s
[2026-07-08 17:23:25.269] [odom] [warning] IMU better ratios rot=0.87, trans=0.04, vel=0.10
[2026-07-08 17:23:26.085] [odom] [warning] IMU bias estimation seems inaccurate.
[2026-07-08 17:23:26.085] [odom] [warning] Possibly T_lidar_imu is not accurate or LiDAR-IMU synchronization is not correct.
[2026-07-08 17:23:26.085] [odom] [warning] IMU bias validation results:
[2026-07-08 17:23:26.085] [odom] [warning] num_bias_validations=14656
[2026-07-08 17:23:26.085] [odom] [warning] bias_acc=[0.601, -0.803, 0.005] m/s^2, bias_gyro=[-0.019, 0.001, 0.001] rad/s
[2026-07-08 17:23:26.085] [odom] [warning] acc_stat ax=0.405 +- 0.242 [min=-0.055, max=0.758], ay=-0.534 +- 0.283 [min=-0.990, max=0.022], az=0.044 +- 0.024 [min=0.005, max=0.086] m/s^2
[2026-07-08 17:23:26.085] [odom] [warning] gyro_stat wx=-0.019 +- 0.001 [min=-0.020, max=-0.016], wy=0.000 +- 0.001 [min=-0.004, max=0.002], wz=0.001 +- 0.000 [min=0.001, max=0.002] rad/s
[2026-07-08 17:23:26.530] [odom] [warning] IMU prediction is not good.
[2026-07-08 17:23:26.530] [odom] [warning] Possibly T_lidar_imu is not accurate or IMU bias is not well estimated.
[2026-07-08 17:23:26.530] [odom] [warning] IMU validation results:
[2026-07-08 17:23:26.530] [odom] [warning] num_validations=14272
[2026-07-08 17:23:26.530] [odom] [warning] No-IMU errors rot=0.208 +- 0.278 deg, trans=0.019 +- 0.011 m, vel=0.027 +- 0.019 m/s
[2026-07-08 17:23:26.530] [odom] [warning] IMU errors rot=0.067 +- 0.056 deg, trans=0.022 +- 0.012 m, vel=0.066 +- 0.033 m/s
[2026-07-08 17:23:26.530] [odom] [warning] IMU better ratios rot=0.87, trans=0.04, vel=0.10
[2026-07-08 17:23:27.174] [odom] [warning] IMU bias estimation seems inaccurate.
[2026-07-08 17:23:27.174] [odom] [warning] Possibly T_lidar_imu is not accurate or LiDAR-IMU synchronization is not correct.
[2026-07-08 17:23:27.174] [odom] [warning] IMU bias validation results:
[2026-07-08 17:23:27.174] [odom] [warning] num_bias_validations=14720
[2026-07-08 17:23:27.174] [odom] [warning] bias_acc=[0.592, -0.807, 0.005] m/s^2, bias_gyro=[-0.019, 0.001, 0.001] rad/s
[2026-07-08 17:23:27.174] [odom] [warning] acc_stat ax=0.406 +- 0.241 [min=-0.055, max=0.758], ay=-0.536 +- 0.283 [min=-0.990, max=0.022], az=0.044 +- 0.024 [min=0.005, max=0.086] m/s^2
[2026-07-08 17:23:27.174] [odom] [warning] gyro_stat wx=-0.019 +- 0.001 [min=-0.020, max=-0.016], wy=0.000 +- 0.001 [min=-0.004, max=0.002], wz=0.001 +- 0.000 [min=0.001, max=0.002] rad/s
[2026-07-08 17:23:27.293] [glim] [info] playback speed: 3.747x
[2026-07-08 17:23:29.467] [odom] [warning] IMU prediction is not good.
[2026-07-08 17:23:29.467] [odom] [warning] Possibly T_lidar_imu is not accurate or IMU bias is not well estimated.
[2026-07-08 17:23:29.467] [odom] [warning] IMU validation results:
[2026-07-08 17:23:29.467] [odom] [warning] num_validations=14336
[2026-07-08 17:23:29.467] [odom] [warning] No-IMU errors rot=0.208 +- 0.278 deg, trans=0.019 +- 0.011 m, vel=0.027 +- 0.019 m/s
[2026-07-08 17:23:29.467] [odom] [warning] IMU errors rot=0.067 +- 0.056 deg, trans=0.022 +- 0.012 m, vel=0.066 +- 0.033 m/s
[2026-07-08 17:23:29.467] [odom] [warning] IMU better ratios rot=0.87, trans=0.04, vel=0.10
[2026-07-08 17:23:29.988] [odom] [warning] IMU bias estimation seems inaccurate.
[2026-07-08 17:23:29.988] [odom] [warning] Possibly T_lidar_imu is not accurate or LiDAR-IMU synchronization is not correct.
[2026-07-08 17:23:29.988] [odom] [warning] IMU bias validation results:
[2026-07-08 17:23:29.988] [odom] [warning] num_bias_validations=14784
[2026-07-08 17:23:29.988] [odom] [warning] bias_acc=[0.581, -0.817, 0.007] m/s^2, bias_gyro=[-0.019, 0.001, 0.001] rad/s
[2026-07-08 17:23:29.988] [odom] [warning] acc_stat ax=0.407 +- 0.241 [min=-0.055, max=0.758], ay=-0.537 +- 0.283 [min=-0.990, max=0.022], az=0.044 +- 0.024 [min=0.005, max=0.086] m/s^2
[2026-07-08 17:23:29.988] [odom] [warning] gyro_stat wx=-0.019 +- 0.001 [min=-0.020, max=-0.016], wy=0.000 +- 0.001 [min=-0.004, max=0.002], wz=0.001 +- 0.000 [min=0.001, max=0.002] rad/s
[2026-07-08 17:23:30.597] [odom] [warning] IMU prediction is not good.
[2026-07-08 17:23:30.597] [odom] [warning] Possibly T_lidar_imu is not accurate or IMU bias is not well estimated.
[2026-07-08 17:23:30.597] [odom] [warning] IMU validation results:
[2026-07-08 17:23:30.597] [odom] [warning] num_validations=14400
[2026-07-08 17:23:30.597] [odom] [warning] No-IMU errors rot=0.208 +- 0.278 deg, trans=0.019 +- 0.011 m, vel=0.027 +- 0.019 m/s
[2026-07-08 17:23:30.597] [odom] [warning] IMU errors rot=0.067 +- 0.056 deg, trans=0.022 +- 0.012 m, vel=0.066 +- 0.033 m/s
[2026-07-08 17:23:30.597] [odom] [warning] IMU better ratios rot=0.87, trans=0.04, vel=0.10
[2026-07-08 17:23:31.334] [odom] [warning] IMU bias estimation seems inaccurate.
[2026-07-08 17:23:31.334] [odom] [warning] Possibly T_lidar_imu is not accurate or LiDAR-IMU synchronization is not correct.
[2026-07-08 17:23:31.334] [odom] [warning] IMU bias validation results:
[2026-07-08 17:23:31.334] [odom] [warning] num_bias_validations=14848
[2026-07-08 17:23:31.334] [odom] [warning] bias_acc=[0.569, -0.829, 0.010] m/s^2, bias_gyro=[-0.019, 0.001, 0.001] rad/s
[2026-07-08 17:23:31.334] [odom] [warning] acc_stat ax=0.408 +- 0.241 [min=-0.055, max=0.758], ay=-0.538 +- 0.283 [min=-0.990, max=0.022], az=0.044 +- 0.024 [min=0.005, max=0.086] m/s^2
[2026-07-08 17:23:31.334] [odom] [warning] gyro_stat wx=-0.019 +- 0.001 [min=-0.020, max=-0.016], wy=0.000 +- 0.001 [min=-0.004, max=0.002], wz=0.001 +- 0.000 [min=0.001, max=0.002] rad/s
[2026-07-08 17:23:32.311] [glim] [info] playback speed: 2.972x
[2026-07-08 17:23:32.560] [odom] [warning] IMU prediction is not good.
[2026-07-08 17:23:32.560] [odom] [warning] Possibly T_lidar_imu is not accurate or IMU bias is not well estimated.
[2026-07-08 17:23:32.560] [odom] [warning] IMU validation results:
[2026-07-08 17:23:32.560] [odom] [warning] num_validations=14464
[2026-07-08 17:23:32.560] [odom] [warning] No-IMU errors rot=0.208 +- 0.277 deg, trans=0.019 +- 0.011 m, vel=0.027 +- 0.019 m/s
[2026-07-08 17:23:32.560] [odom] [warning] IMU errors rot=0.067 +- 0.056 deg, trans=0.022 +- 0.012 m, vel=0.066 +- 0.033 m/s
[2026-07-08 17:23:32.560] [odom] [warning] IMU better ratios rot=0.87, trans=0.04, vel=0.10
[2026-07-08 17:23:32.966] [odom] [warning] IMU bias estimation seems inaccurate.
[2026-07-08 17:23:32.966] [odom] [warning] Possibly T_lidar_imu is not accurate or LiDAR-IMU synchronization is not correct.
[2026-07-08 17:23:32.966] [odom] [warning] IMU bias validation results:
[2026-07-08 17:23:32.966] [odom] [warning] num_bias_validations=14912
[2026-07-08 17:23:32.966] [odom] [warning] bias_acc=[0.556, -0.842, 0.013] m/s^2, bias_gyro=[-0.019, 0.002, 0.001] rad/s
[2026-07-08 17:23:32.966] [odom] [warning] acc_stat ax=0.408 +- 0.241 [min=-0.055, max=0.758], ay=-0.539 +- 0.283 [min=-0.990, max=0.022], az=0.044 +- 0.024 [min=0.005, max=0.086] m/s^2
[2026-07-08 17:23:32.966] [odom] [warning] gyro_stat wx=-0.019 +- 0.001 [min=-0.020, max=-0.016], wy=0.000 +- 0.001 [min=-0.004, max=0.002], wz=0.001 +- 0.000 [min=0.001, max=0.002] rad/s
[2026-07-08 17:23:34.929] [odom] [warning] IMU prediction is not good.
[2026-07-08 17:23:34.929] [odom] [warning] Possibly T_lidar_imu is not accurate or IMU bias is not well estimated.
[2026-07-08 17:23:34.929] [odom] [warning] IMU validation results:
[2026-07-08 17:23:34.929] [odom] [warning] num_validations=14528
[2026-07-08 17:23:34.929] [odom] [warning] No-IMU errors rot=0.208 +- 0.277 deg, trans=0.019 +- 0.011 m, vel=0.027 +- 0.019 m/s
[2026-07-08 17:23:34.929] [odom] [warning] IMU errors rot=0.067 +- 0.056 deg, trans=0.022 +- 0.012 m, vel=0.066 +- 0.033 m/s
[2026-07-08 17:23:34.929] [odom] [warning] IMU better ratios rot=0.87, trans=0.04, vel=0.10
[2026-07-08 17:23:35.073] [odom] [warning] IMU bias estimation seems inaccurate.
[2026-07-08 17:23:35.073] [odom] [warning] Possibly T_lidar_imu is not accurate or LiDAR-IMU synchronization is not correct.
[2026-07-08 17:23:35.073] [odom] [warning] IMU bias validation results:
[2026-07-08 17:23:35.073] [odom] [warning] num_bias_validations=14976
[2026-07-08 17:23:35.073] [odom] [warning] bias_acc=[0.545, -0.858, 0.016] m/s^2, bias_gyro=[-0.019, 0.002, 0.001] rad/s
[2026-07-08 17:23:35.073] [odom] [warning] acc_stat ax=0.409 +- 0.240 [min=-0.055, max=0.758], ay=-0.541 +- 0.283 [min=-0.990, max=0.022], az=0.044 +- 0.024 [min=0.005, max=0.086] m/s^2
[2026-07-08 17:23:35.073] [odom] [warning] gyro_stat wx=-0.019 +- 0.001 [min=-0.020, max=-0.016], wy=0.000 +- 0.001 [min=-0.004, max=0.002], wz=0.001 +- 0.000 [min=0.001, max=0.002] rad/s
[2026-07-08 17:23:36.215] [odom] [warning] IMU prediction is not good.
[2026-07-08 17:23:36.215] [odom] [warning] Possibly T_lidar_imu is not accurate or IMU bias is not well estimated.
[2026-07-08 17:23:36.215] [odom] [warning] IMU validation results:
[2026-07-08 17:23:36.215] [odom] [warning] num_validations=14592
[2026-07-08 17:23:36.215] [odom] [warning] No-IMU errors rot=0.209 +- 0.277 deg, trans=0.019 +- 0.011 m, vel=0.027 +- 0.019 m/s
[2026-07-08 17:23:36.215] [odom] [warning] IMU errors rot=0.067 +- 0.056 deg, trans=0.022 +- 0.012 m, vel=0.067 +- 0.032 m/s
[2026-07-08 17:23:36.215] [odom] [warning] IMU better ratios rot=0.87, trans=0.04, vel=0.10
[2026-07-08 17:23:37.080] [odom] [warning] IMU bias estimation seems inaccurate.
[2026-07-08 17:23:37.080] [odom] [warning] Possibly T_lidar_imu is not accurate or LiDAR-IMU synchronization is not correct.
[2026-07-08 17:23:37.080] [odom] [warning] IMU bias validation results:
[2026-07-08 17:23:37.080] [odom] [warning] num_bias_validations=15040
[2026-07-08 17:23:37.080] [odom] [warning] bias_acc=[0.530, -0.869, 0.018] m/s^2, bias_gyro=[-0.019, 0.001, 0.001] rad/s
[2026-07-08 17:23:37.080] [odom] [warning] acc_stat ax=0.409 +- 0.240 [min=-0.055, max=0.758], ay=-0.542 +- 0.283 [min=-0.990, max=0.022], az=0.044 +- 0.024 [min=0.005, max=0.086] m/s^2
[2026-07-08 17:23:37.080] [odom] [warning] gyro_stat wx=-0.019 +- 0.001 [min=-0.020, max=-0.016], wy=0.000 +- 0.001 [min=-0.004, max=0.002], wz=0.001 +- 0.000 [min=0.001, max=0.002] rad/s
[2026-07-08 17:23:37.333] [glim] [info] playback speed: 3.576x
[2026-07-08 17:23:38.592] [odom] [warning] IMU prediction is not good.
[2026-07-08 17:23:38.592] [odom] [warning] Possibly T_lidar_imu is not accurate or IMU bias is not well estimated.
[2026-07-08 17:23:38.592] [odom] [warning] IMU validation results:
[2026-07-08 17:23:38.592] [odom] [warning] num_validations=14656
[2026-07-08 17:23:38.592] [odom] [warning] No-IMU errors rot=0.208 +- 0.276 deg, trans=0.019 +- 0.011 m, vel=0.027 +- 0.019 m/s
[2026-07-08 17:23:38.592] [odom] [warning] IMU errors rot=0.067 +- 0.056 deg, trans=0.022 +- 0.012 m, vel=0.067 +- 0.032 m/s
[2026-07-08 17:23:38.592] [odom] [warning] IMU better ratios rot=0.87, trans=0.04, vel=0.10
[2026-07-08 17:23:38.806] [odom] [warning] IMU bias estimation seems inaccurate.
[2026-07-08 17:23:38.806] [odom] [warning] Possibly T_lidar_imu is not accurate or LiDAR-IMU synchronization is not correct.
[2026-07-08 17:23:38.806] [odom] [warning] IMU bias validation results:
[2026-07-08 17:23:38.806] [odom] [warning] num_bias_validations=15104
[2026-07-08 17:23:38.806] [odom] [warning] bias_acc=[0.515, -0.881, 0.021] m/s^2, bias_gyro=[-0.019, 0.001, 0.001] rad/s
[2026-07-08 17:23:38.806] [odom] [warning] acc_stat ax=0.410 +- 0.239 [min=-0.055, max=0.758], ay=-0.544 +- 0.283 [min=-0.990, max=0.022], az=0.043 +- 0.024 [min=0.005, max=0.086] m/s^2
[2026-07-08 17:23:38.806] [odom] [warning] gyro_stat wx=-0.019 +- 0.001 [min=-0.020, max=-0.016], wy=0.000 +- 0.001 [min=-0.004, max=0.002], wz=0.001 +- 0.000 [min=0.001, max=0.002] rad/s
[2026-07-08 17:23:40.365] [odom] [warning] IMU prediction is not good.
[2026-07-08 17:23:40.365] [odom] [warning] Possibly T_lidar_imu is not accurate or IMU bias is not well estimated.
[2026-07-08 17:23:40.365] [odom] [warning] IMU validation results:
[2026-07-08 17:23:40.365] [odom] [warning] num_validations=14720
[2026-07-08 17:23:40.365] [odom] [warning] No-IMU errors rot=0.208 +- 0.276 deg, trans=0.019 +- 0.011 m, vel=0.027 +- 0.019 m/s
[2026-07-08 17:23:40.365] [odom] [warning] IMU errors rot=0.067 +- 0.056 deg, trans=0.022 +- 0.012 m, vel=0.067 +- 0.032 m/s
[2026-07-08 17:23:40.365] [odom] [warning] IMU better ratios rot=0.87, trans=0.04, vel=0.10
[2026-07-08 17:23:40.888] [odom] [warning] IMU bias estimation seems inaccurate.
[2026-07-08 17:23:40.888] [odom] [warning] Possibly T_lidar_imu is not accurate or LiDAR-IMU synchronization is not correct.
[2026-07-08 17:23:40.888] [odom] [warning] IMU bias validation results:
[2026-07-08 17:23:40.888] [odom] [warning] num_bias_validations=15168
[2026-07-08 17:23:40.888] [odom] [warning] bias_acc=[0.501, -0.890, 0.023] m/s^2, bias_gyro=[-0.019, 0.001, 0.001] rad/s
[2026-07-08 17:23:40.888] [odom] [warning] acc_stat ax=0.410 +- 0.239 [min=-0.055, max=0.758], ay=-0.545 +- 0.284 [min=-0.990, max=0.022], az=0.043 +- 0.024 [min=0.005, max=0.086] m/s^2
[2026-07-08 17:23:40.888] [odom] [warning] gyro_stat wx=-0.019 +- 0.001 [min=-0.020, max=-0.016], wy=0.000 +- 0.001 [min=-0.004, max=0.002], wz=0.001 +- 0.000 [min=0.001, max=0.002] rad/s
[2026-07-08 17:23:42.105] [odom] [warning] IMU prediction is not good.
[2026-07-08 17:23:42.105] [odom] [warning] Possibly T_lidar_imu is not accurate or IMU bias is not well estimated.
[2026-07-08 17:23:42.105] [odom] [warning] IMU validation results:
[2026-07-08 17:23:42.105] [odom] [warning] num_validations=14784
[2026-07-08 17:23:42.105] [odom] [warning] No-IMU errors rot=0.208 +- 0.275 deg, trans=0.019 +- 0.011 m, vel=0.027 +- 0.019 m/s
[2026-07-08 17:23:42.105] [odom] [warning] IMU errors rot=0.067 +- 0.056 deg, trans=0.022 +- 0.012 m, vel=0.067 +- 0.032 m/s
[2026-07-08 17:23:42.105] [odom] [warning] IMU better ratios rot=0.87, trans=0.04, vel=0.10
[2026-07-08 17:23:42.371] [glim] [info] playback speed: 3.504x
[2026-07-08 17:23:43.012] [odom] [warning] IMU bias estimation seems inaccurate.
[2026-07-08 17:23:43.012] [odom] [warning] Possibly T_lidar_imu is not accurate or LiDAR-IMU synchronization is not correct.
[2026-07-08 17:23:43.012] [odom] [warning] IMU bias validation results:
[2026-07-08 17:23:43.012] [odom] [warning] num_bias_validations=15232
[2026-07-08 17:23:43.012] [odom] [warning] bias_acc=[0.487, -0.898, 0.025] m/s^2, bias_gyro=[-0.019, 0.001, 0.001] rad/s
[2026-07-08 17:23:43.012] [odom] [warning] acc_stat ax=0.411 +- 0.239 [min=-0.055, max=0.758], ay=-0.547 +- 0.284 [min=-0.990, max=0.022], az=0.043 +- 0.024 [min=0.005, max=0.086] m/s^2
[2026-07-08 17:23:43.012] [odom] [warning] gyro_stat wx=-0.019 +- 0.001 [min=-0.020, max=-0.016], wy=0.000 +- 0.001 [min=-0.004, max=0.002], wz=0.001 +- 0.000 [min=0.001, max=0.002] rad/s
[2026-07-08 17:23:44.617] [odom] [warning] IMU prediction is not good.
[2026-07-08 17:23:44.617] [odom] [warning] Possibly T_lidar_imu is not accurate or IMU bias is not well estimated.
[2026-07-08 17:23:44.617] [odom] [warning] IMU validation results:
[2026-07-08 17:23:44.617] [odom] [warning] num_validations=14848
[2026-07-08 17:23:44.617] [odom] [warning] No-IMU errors rot=0.208 +- 0.275 deg, trans=0.019 +- 0.011 m, vel=0.027 +- 0.019 m/s
[2026-07-08 17:23:44.617] [odom] [warning] IMU errors rot=0.067 +- 0.056 deg, trans=0.022 +- 0.012 m, vel=0.067 +- 0.032 m/s
[2026-07-08 17:23:44.617] [odom] [warning] IMU better ratios rot=0.87, trans=0.04, vel=0.09
[2026-07-08 17:23:45.264] [odom] [warning] IMU bias estimation seems inaccurate.
[2026-07-08 17:23:45.264] [odom] [warning] Possibly T_lidar_imu is not accurate or LiDAR-IMU synchronization is not correct.
[2026-07-08 17:23:45.264] [odom] [warning] IMU bias validation results:
[2026-07-08 17:23:45.264] [odom] [warning] num_bias_validations=15296
[2026-07-08 17:23:45.264] [odom] [warning] bias_acc=[0.471, -0.909, 0.027] m/s^2, bias_gyro=[-0.019, 0.001, 0.001] rad/s
[2026-07-08 17:23:45.264] [odom] [warning] acc_stat ax=0.411 +- 0.238 [min=-0.055, max=0.758], ay=-0.548 +- 0.284 [min=-0.990, max=0.022], az=0.043 +- 0.024 [min=0.005, max=0.086] m/s^2
[2026-07-08 17:23:45.264] [odom] [warning] gyro_stat wx=-0.019 +- 0.001 [min=-0.020, max=-0.016], wy=0.000 +- 0.001 [min=-0.004, max=0.002], wz=0.001 +- 0.000 [min=0.001, max=0.002] rad/s
[2026-07-08 17:23:47.172] [odom] [warning] IMU prediction is not good.
[2026-07-08 17:23:47.172] [odom] [warning] Possibly T_lidar_imu is not accurate or IMU bias is not well estimated.
[2026-07-08 17:23:47.172] [odom] [warning] IMU validation results:
[2026-07-08 17:23:47.172] [odom] [warning] num_validations=14912
[2026-07-08 17:23:47.172] [odom] [warning] No-IMU errors rot=0.207 +- 0.275 deg, trans=0.020 +- 0.011 m, vel=0.027 +- 0.019 m/s
[2026-07-08 17:23:47.172] [odom] [warning] IMU errors rot=0.067 +- 0.056 deg, trans=0.022 +- 0.012 m, vel=0.067 +- 0.032 m/s
[2026-07-08 17:23:47.172] [odom] [warning] IMU better ratios rot=0.87, trans=0.04, vel=0.09
[2026-07-08 17:23:47.385] [glim] [info] playback speed: 2.589x
[2026-07-08 17:23:47.836] [odom] [warning] IMU bias estimation seems inaccurate.
[2026-07-08 17:23:47.836] [odom] [warning] Possibly T_lidar_imu is not accurate or LiDAR-IMU synchronization is not correct.
[2026-07-08 17:23:47.836] [odom] [warning] IMU bias validation results:
[2026-07-08 17:23:47.836] [odom] [warning] num_bias_validations=15360
[2026-07-08 17:23:47.836] [odom] [warning] bias_acc=[0.454, -0.920, 0.029] m/s^2, bias_gyro=[-0.018, 0.000, 0.001] rad/s
[2026-07-08 17:23:47.836] [odom] [warning] acc_stat ax=0.411 +- 0.238 [min=-0.055, max=0.758], ay=-0.550 +- 0.285 [min=-0.990, max=0.022], az=0.043 +- 0.024 [min=0.005, max=0.086] m/s^2
[2026-07-08 17:23:47.836] [odom] [warning] gyro_stat wx=-0.019 +- 0.001 [min=-0.020, max=-0.016], wy=0.000 +- 0.001 [min=-0.004, max=0.002], wz=0.001 +- 0.000 [min=0.001, max=0.002] rad/s
[2026-07-08 17:23:48.966] [odom] [warning] IMU prediction is not good.
[2026-07-08 17:23:48.966] [odom] [warning] Possibly T_lidar_imu is not accurate or IMU bias is not well estimated.
[2026-07-08 17:23:48.966] [odom] [warning] IMU validation results:
[2026-07-08 17:23:48.966] [odom] [warning] num_validations=14976
[2026-07-08 17:23:48.966] [odom] [warning] No-IMU errors rot=0.208 +- 0.275 deg, trans=0.020 +- 0.011 m, vel=0.027 +- 0.019 m/s
[2026-07-08 17:23:48.966] [odom] [warning] IMU errors rot=0.067 +- 0.056 deg, trans=0.023 +- 0.012 m, vel=0.067 +- 0.032 m/s
[2026-07-08 17:23:48.966] [odom] [warning] IMU better ratios rot=0.87, trans=0.04, vel=0.09
[2026-07-08 17:23:49.487] [odom] [warning] IMU bias estimation seems inaccurate.
[2026-07-08 17:23:49.487] [odom] [warning] Possibly T_lidar_imu is not accurate or LiDAR-IMU synchronization is not correct.
[2026-07-08 17:23:49.487] [odom] [warning] IMU bias validation results:
[2026-07-08 17:23:49.487] [odom] [warning] num_bias_validations=15424
[2026-07-08 17:23:49.487] [odom] [warning] bias_acc=[0.438, -0.927, 0.032] m/s^2, bias_gyro=[-0.019, -0.001, 0.001] rad/s
[2026-07-08 17:23:49.487] [odom] [warning] acc_stat ax=0.411 +- 0.237 [min=-0.055, max=0.758], ay=-0.551 +- 0.285 [min=-0.990, max=0.022], az=0.043 +- 0.024 [min=0.005, max=0.086] m/s^2
[2026-07-08 17:23:49.487] [odom] [warning] gyro_stat wx=-0.019 +- 0.001 [min=-0.020, max=-0.016], wy=0.000 +- 0.001 [min=-0.004, max=0.002], wz=0.001 +- 0.000 [min=0.001, max=0.002] rad/s
[2026-07-08 17:23:51.418] [odom] [warning] IMU prediction is not good.
[2026-07-08 17:23:51.418] [odom] [warning] Possibly T_lidar_imu is not accurate or IMU bias is not well estimated.
[2026-07-08 17:23:51.418] [odom] [warning] IMU validation results:
[2026-07-08 17:23:51.418] [odom] [warning] num_validations=15040
[2026-07-08 17:23:51.418] [odom] [warning] No-IMU errors rot=0.209 +- 0.277 deg, trans=0.020 +- 0.011 m, vel=0.027 +- 0.019 m/s
[2026-07-08 17:23:51.418] [odom] [warning] IMU errors rot=0.068 +- 0.056 deg, trans=0.023 +- 0.012 m, vel=0.067 +- 0.032 m/s
[2026-07-08 17:23:51.418] [odom] [warning] IMU better ratios rot=0.87, trans=0.04, vel=0.09
[2026-07-08 17:23:52.066] [odom] [warning] IMU bias estimation seems inaccurate.
[2026-07-08 17:23:52.066] [odom] [warning] Possibly T_lidar_imu is not accurate or LiDAR-IMU synchronization is not correct.
[2026-07-08 17:23:52.066] [odom] [warning] IMU bias validation results:
[2026-07-08 17:23:52.066] [odom] [warning] num_bias_validations=15488
[2026-07-08 17:23:52.066] [odom] [warning] bias_acc=[0.419, -0.928, 0.034] m/s^2, bias_gyro=[-0.018, -0.001, 0.001] rad/s
[2026-07-08 17:23:52.066] [odom] [warning] acc_stat ax=0.411 +- 0.237 [min=-0.055, max=0.758], ay=-0.553 +- 0.286 [min=-0.990, max=0.022], az=0.043 +- 0.024 [min=0.005, max=0.086] m/s^2
[2026-07-08 17:23:52.066] [odom] [warning] gyro_stat wx=-0.019 +- 0.001 [min=-0.020, max=-0.016], wy=0.000 +- 0.001 [min=-0.004, max=0.002], wz=0.001 +- 0.000 [min=0.001, max=0.002] rad/s
[2026-07-08 17:23:52.386] [glim] [info] playback speed: 2.982x
[2026-07-08 17:23:54.588] [odom] [warning] IMU prediction is not good.
[2026-07-08 17:23:54.588] [odom] [warning] Possibly T_lidar_imu is not accurate or IMU bias is not well estimated.
[2026-07-08 17:23:54.588] [odom] [warning] IMU validation results:
[2026-07-08 17:23:54.588] [odom] [warning] num_validations=15104
[2026-07-08 17:23:54.588] [odom] [warning] No-IMU errors rot=0.209 +- 0.277 deg, trans=0.020 +- 0.011 m, vel=0.027 +- 0.019 m/s
[2026-07-08 17:23:54.588] [odom] [warning] IMU errors rot=0.068 +- 0.056 deg, trans=0.023 +- 0.012 m, vel=0.067 +- 0.032 m/s
[2026-07-08 17:23:54.588] [odom] [warning] IMU better ratios rot=0.87, trans=0.04, vel=0.09
[2026-07-08 17:23:55.483] [odom] [warning] IMU bias estimation seems inaccurate.
[2026-07-08 17:23:55.483] [odom] [warning] Possibly T_lidar_imu is not accurate or LiDAR-IMU synchronization is not correct.
[2026-07-08 17:23:55.483] [odom] [warning] IMU bias validation results:
[2026-07-08 17:23:55.483] [odom] [warning] num_bias_validations=15552
[2026-07-08 17:23:55.483] [odom] [warning] bias_acc=[0.405, -0.928, 0.036] m/s^2, bias_gyro=[-0.018, -0.001, 0.001] rad/s
[2026-07-08 17:23:55.483] [odom] [warning] acc_stat ax=0.411 +- 0.236 [min=-0.055, max=0.758], ay=-0.554 +- 0.286 [min=-0.990, max=0.022], az=0.043 +- 0.024 [min=0.005, max=0.086] m/s^2
[2026-07-08 17:23:55.483] [odom] [warning] gyro_stat wx=-0.019 +- 0.001 [min=-0.020, max=-0.016], wy=0.000 +- 0.001 [min=-0.004, max=0.002], wz=0.001 +- 0.000 [min=0.001, max=0.002] rad/s
[2026-07-08 17:23:55.953] [odom] [warning] IMU prediction is not good.
[2026-07-08 17:23:55.953] [odom] [warning] Possibly T_lidar_imu is not accurate or IMU bias is not well estimated.
[2026-07-08 17:23:55.953] [odom] [warning] IMU validation results:
[2026-07-08 17:23:55.953] [odom] [warning] num_validations=15168
[2026-07-08 17:23:55.953] [odom] [warning] No-IMU errors rot=0.209 +- 0.276 deg, trans=0.020 +- 0.011 m, vel=0.027 +- 0.019 m/s
[2026-07-08 17:23:55.953] [odom] [warning] IMU errors rot=0.068 +- 0.056 deg, trans=0.023 +- 0.012 m, vel=0.067 +- 0.032 m/s
[2026-07-08 17:23:55.953] [odom] [warning] IMU better ratios rot=0.87, trans=0.04, vel=0.09
[2026-07-08 17:23:56.548] [odom] [warning] IMU bias estimation seems inaccurate.
[2026-07-08 17:23:56.548] [odom] [warning] Possibly T_lidar_imu is not accurate or LiDAR-IMU synchronization is not correct.
[2026-07-08 17:23:56.548] [odom] [warning] IMU bias validation results:
[2026-07-08 17:23:56.548] [odom] [warning] num_bias_validations=15616
[2026-07-08 17:23:56.548] [odom] [warning] bias_acc=[0.393, -0.929, 0.038] m/s^2, bias_gyro=[-0.019, -0.000, 0.001] rad/s
[2026-07-08 17:23:56.548] [odom] [warning] acc_stat ax=0.411 +- 0.236 [min=-0.055, max=0.758], ay=-0.556 +- 0.287 [min=-0.990, max=0.022], az=0.043 +- 0.024 [min=0.005, max=0.086] m/s^2
[2026-07-08 17:23:56.548] [odom] [warning] gyro_stat wx=-0.019 +- 0.001 [min=-0.020, max=-0.016], wy=0.000 +- 0.001 [min=-0.004, max=0.002], wz=0.001 +- 0.000 [min=0.001, max=0.002] rad/s
[2026-07-08 17:23:57.397] [glim] [info] playback speed: 2.875x
[2026-07-08 17:23:57.849] [odom] [warning] IMU prediction is not good.
[2026-07-08 17:23:57.850] [odom] [warning] Possibly T_lidar_imu is not accurate or IMU bias is not well estimated.
[2026-07-08 17:23:57.850] [odom] [warning] IMU validation results:
[2026-07-08 17:23:57.850] [odom] [warning] num_validations=15232
[2026-07-08 17:23:57.850] [odom] [warning] No-IMU errors rot=0.209 +- 0.276 deg, trans=0.020 +- 0.011 m, vel=0.027 +- 0.019 m/s
[2026-07-08 17:23:57.850] [odom] [warning] IMU errors rot=0.068 +- 0.056 deg, trans=0.023 +- 0.012 m, vel=0.067 +- 0.032 m/s
[2026-07-08 17:23:57.850] [odom] [warning] IMU better ratios rot=0.87, trans=0.04, vel=0.09
[2026-07-08 17:23:58.039] [odom] [warning] IMU bias estimation seems inaccurate.
[2026-07-08 17:23:58.039] [odom] [warning] Possibly T_lidar_imu is not accurate or LiDAR-IMU synchronization is not correct.
[2026-07-08 17:23:58.039] [odom] [warning] IMU bias validation results:
[2026-07-08 17:23:58.039] [odom] [warning] num_bias_validations=15680
[2026-07-08 17:23:58.039] [odom] [warning] bias_acc=[0.380, -0.930, 0.039] m/s^2, bias_gyro=[-0.018, -0.001, 0.001] rad/s
[2026-07-08 17:23:58.039] [odom] [warning] acc_stat ax=0.411 +- 0.235 [min=-0.055, max=0.758], ay=-0.557 +- 0.287 [min=-0.990, max=0.022], az=0.043 +- 0.024 [min=0.005, max=0.086] m/s^2
[2026-07-08 17:23:58.039] [odom] [warning] gyro_stat wx=-0.019 +- 0.001 [min=-0.020, max=-0.016], wy=0.000 +- 0.001 [min=-0.004, max=0.002], wz=0.001 +- 0.000 [min=0.001, max=0.002] rad/s
[2026-07-08 17:23:59.546] [odom] [warning] IMU prediction is not good.
[2026-07-08 17:23:59.546] [odom] [warning] Possibly T_lidar_imu is not accurate or IMU bias is not well estimated.
[2026-07-08 17:23:59.546] [odom] [warning] IMU validation results:
[2026-07-08 17:23:59.546] [odom] [warning] num_validations=15296
[2026-07-08 17:23:59.546] [odom] [warning] No-IMU errors rot=0.209 +- 0.276 deg, trans=0.020 +- 0.011 m, vel=0.027 +- 0.019 m/s
[2026-07-08 17:23:59.546] [odom] [warning] IMU errors rot=0.068 +- 0.056 deg, trans=0.023 +- 0.012 m, vel=0.067 +- 0.032 m/s
[2026-07-08 17:23:59.546] [odom] [warning] IMU better ratios rot=0.87, trans=0.04, vel=0.09
[2026-07-08 17:23:59.969] [odom] [warning] IMU bias estimation seems inaccurate.
[2026-07-08 17:23:59.969] [odom] [warning] Possibly T_lidar_imu is not accurate or LiDAR-IMU synchronization is not correct.
[2026-07-08 17:23:59.969] [odom] [warning] IMU bias validation results:
[2026-07-08 17:23:59.969] [odom] [warning] num_bias_validations=15744
[2026-07-08 17:23:59.969] [odom] [warning] bias_acc=[0.369, -0.927, 0.040] m/s^2, bias_gyro=[-0.018, -0.001, 0.001] rad/s
[2026-07-08 17:23:59.969] [odom] [warning] acc_stat ax=0.411 +- 0.235 [min=-0.055, max=0.758], ay=-0.559 +- 0.287 [min=-0.990, max=0.022], az=0.043 +- 0.024 [min=0.005, max=0.086] m/s^2
[2026-07-08 17:23:59.969] [odom] [warning] gyro_stat wx=-0.019 +- 0.001 [min=-0.020, max=-0.016], wy=0.000 +- 0.001 [min=-0.004, max=0.002], wz=0.001 +- 0.000 [min=0.001, max=0.002] rad/s
[2026-07-08 17:24:00.906] [odom] [warning] IMU prediction is not good.
[2026-07-08 17:24:00.906] [odom] [warning] Possibly T_lidar_imu is not accurate or IMU bias is not well estimated.
[2026-07-08 17:24:00.906] [odom] [warning] IMU validation results:
[2026-07-08 17:24:00.906] [odom] [warning] num_validations=15360
[2026-07-08 17:24:00.906] [odom] [warning] No-IMU errors rot=0.209 +- 0.275 deg, trans=0.020 +- 0.011 m, vel=0.027 +- 0.019 m/s
[2026-07-08 17:24:00.906] [odom] [warning] IMU errors rot=0.068 +- 0.056 deg, trans=0.023 +- 0.012 m, vel=0.067 +- 0.032 m/s
[2026-07-08 17:24:00.906] [odom] [warning] IMU better ratios rot=0.87, trans=0.04, vel=0.09
[2026-07-08 17:24:01.737] [odom] [warning] IMU bias estimation seems inaccurate.
[2026-07-08 17:24:01.737] [odom] [warning] Possibly T_lidar_imu is not accurate or LiDAR-IMU synchronization is not correct.
[2026-07-08 17:24:01.737] [odom] [warning] IMU bias validation results:
[2026-07-08 17:24:01.737] [odom] [warning] num_bias_validations=15808
[2026-07-08 17:24:01.737] [odom] [warning] bias_acc=[0.359, -0.920, 0.040] m/s^2, bias_gyro=[-0.018, -0.001, 0.001] rad/s
[2026-07-08 17:24:01.737] [odom] [warning] acc_stat ax=0.411 +- 0.234 [min=-0.055, max=0.758], ay=-0.560 +- 0.288 [min=-0.990, max=0.022], az=0.043 +- 0.024 [min=0.005, max=0.086] m/s^2
[2026-07-08 17:24:01.737] [odom] [warning] gyro_stat wx=-0.019 +- 0.001 [min=-0.020, max=-0.016], wy=0.000 +- 0.001 [min=-0.004, max=0.002], wz=0.001 +- 0.000 [min=0.001, max=0.002] rad/s
[2026-07-08 17:24:02.415] [glim] [info] playback speed: 3.740x
[2026-07-08 17:24:02.791] [odom] [warning] IMU prediction is not good.
[2026-07-08 17:24:02.791] [odom] [warning] Possibly T_lidar_imu is not accurate or IMU bias is not well estimated.
[2026-07-08 17:24:02.791] [odom] [warning] IMU validation results:
[2026-07-08 17:24:02.791] [odom] [warning] num_validations=15424
[2026-07-08 17:24:02.791] [odom] [warning] No-IMU errors rot=0.211 +- 0.279 deg, trans=0.020 +- 0.011 m, vel=0.027 +- 0.019 m/s
[2026-07-08 17:24:02.791] [odom] [warning] IMU errors rot=0.068 +- 0.056 deg, trans=0.023 +- 0.012 m, vel=0.067 +- 0.032 m/s
[2026-07-08 17:24:02.791] [odom] [warning] IMU better ratios rot=0.87, trans=0.04, vel=0.09
[2026-07-08 17:24:03.054] [odom] [warning] IMU bias estimation seems inaccurate.
[2026-07-08 17:24:03.054] [odom] [warning] Possibly T_lidar_imu is not accurate or LiDAR-IMU synchronization is not correct.
[2026-07-08 17:24:03.054] [odom] [warning] IMU bias validation results:
[2026-07-08 17:24:03.054] [odom] [warning] num_bias_validations=15872
[2026-07-08 17:24:03.054] [odom] [warning] bias_acc=[0.348, -0.915, 0.040] m/s^2, bias_gyro=[-0.018, -0.000, 0.001] rad/s
[2026-07-08 17:24:03.054] [odom] [warning] acc_stat ax=0.410 +- 0.234 [min=-0.055, max=0.758], ay=-0.562 +- 0.288 [min=-0.990, max=0.022], az=0.043 +- 0.024 [min=0.005, max=0.086] m/s^2
[2026-07-08 17:24:03.054] [odom] [warning] gyro_stat wx=-0.019 +- 0.001 [min=-0.020, max=-0.016], wy=0.000 +- 0.001 [min=-0.004, max=0.002], wz=0.001 +- 0.000 [min=0.001, max=0.002] rad/s
[2026-07-08 17:24:04.760] [odom] [warning] IMU prediction is not good.
[2026-07-08 17:24:04.760] [odom] [warning] Possibly T_lidar_imu is not accurate or IMU bias is not well estimated.
[2026-07-08 17:24:04.760] [odom] [warning] IMU validation results:
[2026-07-08 17:24:04.760] [odom] [warning] num_validations=15488
[2026-07-08 17:24:04.760] [odom] [warning] No-IMU errors rot=0.212 +- 0.280 deg, trans=0.020 +- 0.011 m, vel=0.027 +- 0.019 m/s
[2026-07-08 17:24:04.760] [odom] [warning] IMU errors rot=0.068 +- 0.056 deg, trans=0.023 +- 0.012 m, vel=0.067 +- 0.032 m/s
[2026-07-08 17:24:04.760] [odom] [warning] IMU better ratios rot=0.87, trans=0.04, vel=0.09
[2026-07-08 17:24:05.614] [odom] [warning] IMU bias estimation seems inaccurate.
[2026-07-08 17:24:05.614] [odom] [warning] Possibly T_lidar_imu is not accurate or LiDAR-IMU synchronization is not correct.
[2026-07-08 17:24:05.614] [odom] [warning] IMU bias validation results:
[2026-07-08 17:24:05.614] [odom] [warning] num_bias_validations=15936
[2026-07-08 17:24:05.614] [odom] [warning] bias_acc=[0.339, -0.907, 0.041] m/s^2, bias_gyro=[-0.019, 0.000, 0.001] rad/s
[2026-07-08 17:24:05.614] [odom] [warning] acc_stat ax=0.410 +- 0.233 [min=-0.055, max=0.758], ay=-0.563 +- 0.288 [min=-0.990, max=0.022], az=0.043 +- 0.024 [min=0.005, max=0.086] m/s^2
[2026-07-08 17:24:05.614] [odom] [warning] gyro_stat wx=-0.019 +- 0.001 [min=-0.020, max=-0.016], wy=0.000 +- 0.001 [min=-0.004, max=0.002], wz=0.001 +- 0.000 [min=0.001, max=0.002] rad/s
[2026-07-08 17:24:07.437] [glim] [info] playback speed: 3.110x
[2026-07-08 17:24:07.766] [odom] [warning] IMU prediction is not good.
[2026-07-08 17:24:07.766] [odom] [warning] Possibly T_lidar_imu is not accurate or IMU bias is not well estimated.
[2026-07-08 17:24:07.766] [odom] [warning] IMU validation results:
[2026-07-08 17:24:07.766] [odom] [warning] num_validations=15552
[2026-07-08 17:24:07.766] [odom] [warning] No-IMU errors rot=0.212 +- 0.281 deg, trans=0.020 +- 0.011 m, vel=0.027 +- 0.019 m/s
[2026-07-08 17:24:07.766] [odom] [warning] IMU errors rot=0.068 +- 0.056 deg, trans=0.023 +- 0.012 m, vel=0.067 +- 0.032 m/s
[2026-07-08 17:24:07.766] [odom] [warning] IMU better ratios rot=0.87, trans=0.04, vel=0.09
[2026-07-08 17:24:08.573] [odom] [warning] IMU bias estimation seems inaccurate.
[2026-07-08 17:24:08.573] [odom] [warning] Possibly T_lidar_imu is not accurate or LiDAR-IMU synchronization is not correct.
[2026-07-08 17:24:08.573] [odom] [warning] IMU bias validation results:
[2026-07-08 17:24:08.573] [odom] [warning] num_bias_validations=16000
[2026-07-08 17:24:08.573] [odom] [warning] bias_acc=[0.325, -0.906, 0.043] m/s^2, bias_gyro=[-0.019, 0.001, 0.001] rad/s
[2026-07-08 17:24:08.573] [odom] [warning] acc_stat ax=0.410 +- 0.233 [min=-0.055, max=0.758], ay=-0.564 +- 0.289 [min=-0.990, max=0.022], az=0.043 +- 0.024 [min=0.005, max=0.086] m/s^2
[2026-07-08 17:24:08.573] [odom] [warning] gyro_stat wx=-0.019 +- 0.001 [min=-0.020, max=-0.016], wy=0.000 +- 0.001 [min=-0.004, max=0.002], wz=0.001 +- 0.000 [min=0.001, max=0.002] rad/s
[2026-07-08 17:24:10.271] [odom] [warning] IMU prediction is not good.
[2026-07-08 17:24:10.271] [odom] [warning] Possibly T_lidar_imu is not accurate or IMU bias is not well estimated.
[2026-07-08 17:24:10.271] [odom] [warning] IMU validation results:
[2026-07-08 17:24:10.271] [odom] [warning] num_validations=15616
[2026-07-08 17:24:10.271] [odom] [warning] No-IMU errors rot=0.212 +- 0.281 deg, trans=0.020 +- 0.010 m, vel=0.027 +- 0.019 m/s
[2026-07-08 17:24:10.271] [odom] [warning] IMU errors rot=0.068 +- 0.056 deg, trans=0.023 +- 0.012 m, vel=0.067 +- 0.032 m/s
[2026-07-08 17:24:10.271] [odom] [warning] IMU better ratios rot=0.87, trans=0.04, vel=0.09
[2026-07-08 17:24:10.408] [odom] [warning] IMU bias estimation seems inaccurate.
[2026-07-08 17:24:10.408] [odom] [warning] Possibly T_lidar_imu is not accurate or LiDAR-IMU synchronization is not correct.
[2026-07-08 17:24:10.408] [odom] [warning] IMU bias validation results:
[2026-07-08 17:24:10.408] [odom] [warning] num_bias_validations=16064
[2026-07-08 17:24:10.408] [odom] [warning] bias_acc=[0.309, -0.909, 0.046] m/s^2, bias_gyro=[-0.019, 0.002, 0.001] rad/s
[2026-07-08 17:24:10.408] [odom] [warning] acc_stat ax=0.409 +- 0.233 [min=-0.055, max=0.758], ay=-0.566 +- 0.289 [min=-0.990, max=0.022], az=0.043 +- 0.024 [min=0.005, max=0.086] m/s^2
[2026-07-08 17:24:10.408] [odom] [warning] gyro_stat wx=-0.019 +- 0.001 [min=-0.020, max=-0.016], wy=0.000 +- 0.001 [min=-0.004, max=0.002], wz=0.001 +- 0.000 [min=0.001, max=0.002] rad/s
[2026-07-08 17:24:12.109] [odom] [warning] IMU prediction is not good.
[2026-07-08 17:24:12.109] [odom] [warning] Possibly T_lidar_imu is not accurate or IMU bias is not well estimated.
[2026-07-08 17:24:12.109] [odom] [warning] IMU validation results:
[2026-07-08 17:24:12.109] [odom] [warning] num_validations=15680
[2026-07-08 17:24:12.109] [odom] [warning] No-IMU errors rot=0.212 +- 0.281 deg, trans=0.020 +- 0.010 m, vel=0.027 +- 0.019 m/s
[2026-07-08 17:24:12.109] [odom] [warning] IMU errors rot=0.068 +- 0.056 deg, trans=0.023 +- 0.012 m, vel=0.067 +- 0.032 m/s
[2026-07-08 17:24:12.109] [odom] [warning] IMU better ratios rot=0.87, trans=0.04, vel=0.09
[2026-07-08 17:24:12.468] [glim] [info] playback speed: 2.944x
[2026-07-08 17:24:12.671] [odom] [warning] IMU bias estimation seems inaccurate.
[2026-07-08 17:24:12.671] [odom] [warning] Possibly T_lidar_imu is not accurate or LiDAR-IMU synchronization is not correct.
[2026-07-08 17:24:12.671] [odom] [warning] IMU bias validation results:
[2026-07-08 17:24:12.671] [odom] [warning] num_bias_validations=16128
[2026-07-08 17:24:12.671] [odom] [warning] bias_acc=[0.290, -0.917, 0.049] m/s^2, bias_gyro=[-0.019, 0.001, 0.001] rad/s
[2026-07-08 17:24:12.671] [odom] [warning] acc_stat ax=0.409 +- 0.232 [min=-0.055, max=0.758], ay=-0.567 +- 0.289 [min=-0.990, max=0.022], az=0.043 +- 0.024 [min=0.005, max=0.086] m/s^2
[2026-07-08 17:24:12.671] [odom] [warning] gyro_stat wx=-0.019 +- 0.001 [min=-0.020, max=-0.016], wy=0.000 +- 0.001 [min=-0.004, max=0.002], wz=0.001 +- 0.000 [min=0.001, max=0.002] rad/s
[2026-07-08 17:24:14.236] [odom] [warning] IMU prediction is not good.
[2026-07-08 17:24:14.236] [odom] [warning] Possibly T_lidar_imu is not accurate or IMU bias is not well estimated.
[2026-07-08 17:24:14.236] [odom] [warning] IMU validation results:
[2026-07-08 17:24:14.236] [odom] [warning] num_validations=15744
[2026-07-08 17:24:14.236] [odom] [warning] No-IMU errors rot=0.211 +- 0.280 deg, trans=0.020 +- 0.010 m, vel=0.027 +- 0.019 m/s
[2026-07-08 17:24:14.236] [odom] [warning] IMU errors rot=0.068 +- 0.056 deg, trans=0.023 +- 0.012 m, vel=0.067 +- 0.032 m/s
[2026-07-08 17:24:14.236] [odom] [warning] IMU better ratios rot=0.87, trans=0.04, vel=0.09
[2026-07-08 17:24:14.971] [odom] [warning] IMU bias estimation seems inaccurate.
[2026-07-08 17:24:14.971] [odom] [warning] Possibly T_lidar_imu is not accurate or LiDAR-IMU synchronization is not correct.
[2026-07-08 17:24:14.971] [odom] [warning] IMU bias validation results:
[2026-07-08 17:24:14.971] [odom] [warning] num_bias_validations=16192
[2026-07-08 17:24:14.971] [odom] [warning] bias_acc=[0.272, -0.920, 0.051] m/s^2, bias_gyro=[-0.019, 0.001, 0.001] rad/s
[2026-07-08 17:24:14.971] [odom] [warning] acc_stat ax=0.408 +- 0.232 [min=-0.055, max=0.758], ay=-0.569 +- 0.289 [min=-0.990, max=0.022], az=0.043 +- 0.024 [min=0.005, max=0.086] m/s^2
[2026-07-08 17:24:14.971] [odom] [warning] gyro_stat wx=-0.019 +- 0.001 [min=-0.020, max=-0.016], wy=0.000 +- 0.001 [min=-0.004, max=0.002], wz=0.001 +- 0.000 [min=0.001, max=0.002] rad/s
[2026-07-08 17:24:17.038] [odom] [warning] IMU prediction is not good.
[2026-07-08 17:24:17.038] [odom] [warning] Possibly T_lidar_imu is not accurate or IMU bias is not well estimated.
[2026-07-08 17:24:17.038] [odom] [warning] IMU validation results:
[2026-07-08 17:24:17.038] [odom] [warning] num_validations=15808
[2026-07-08 17:24:17.038] [odom] [warning] No-IMU errors rot=0.211 +- 0.280 deg, trans=0.020 +- 0.010 m, vel=0.027 +- 0.019 m/s
[2026-07-08 17:24:17.038] [odom] [warning] IMU errors rot=0.068 +- 0.056 deg, trans=0.023 +- 0.012 m, vel=0.067 +- 0.032 m/s
[2026-07-08 17:24:17.038] [odom] [warning] IMU better ratios rot=0.87, trans=0.04, vel=0.09
[2026-07-08 17:24:17.197] [odom] [warning] IMU bias estimation seems inaccurate.
[2026-07-08 17:24:17.197] [odom] [warning] Possibly T_lidar_imu is not accurate or LiDAR-IMU synchronization is not correct.
[2026-07-08 17:24:17.197] [odom] [warning] IMU bias validation results:
[2026-07-08 17:24:17.197] [odom] [warning] num_bias_validations=16256
[2026-07-08 17:24:17.197] [odom] [warning] bias_acc=[0.252, -0.920, 0.054] m/s^2, bias_gyro=[-0.018, 0.002, 0.001] rad/s
[2026-07-08 17:24:17.197] [odom] [warning] acc_stat ax=0.408 +- 0.232 [min=-0.055, max=0.758], ay=-0.570 +- 0.290 [min=-0.990, max=0.022], az=0.043 +- 0.023 [min=0.005, max=0.086] m/s^2
[2026-07-08 17:24:17.197] [odom] [warning] gyro_stat wx=-0.019 +- 0.001 [min=-0.020, max=-0.016], wy=0.000 +- 0.001 [min=-0.004, max=0.002], wz=0.001 +- 0.000 [min=0.001, max=0.002] rad/s
[2026-07-08 17:24:17.482] [glim] [info] playback speed: 3.056x
[2026-07-08 17:24:18.837] [odom] [warning] IMU prediction is not good.
[2026-07-08 17:24:18.837] [odom] [warning] Possibly T_lidar_imu is not accurate or IMU bias is not well estimated.
[2026-07-08 17:24:18.837] [odom] [warning] IMU validation results:
[2026-07-08 17:24:18.837] [odom] [warning] num_validations=15872
[2026-07-08 17:24:18.837] [odom] [warning] No-IMU errors rot=0.211 +- 0.280 deg, trans=0.020 +- 0.010 m, vel=0.027 +- 0.019 m/s
[2026-07-08 17:24:18.837] [odom] [warning] IMU errors rot=0.068 +- 0.056 deg, trans=0.023 +- 0.012 m, vel=0.067 +- 0.032 m/s
[2026-07-08 17:24:18.837] [odom] [warning] IMU better ratios rot=0.87, trans=0.04, vel=0.09
[2026-07-08 17:24:19.591] [odom] [warning] IMU bias estimation seems inaccurate.
[2026-07-08 17:24:19.591] [odom] [warning] Possibly T_lidar_imu is not accurate or LiDAR-IMU synchronization is not correct.
[2026-07-08 17:24:19.591] [odom] [warning] IMU bias validation results:
[2026-07-08 17:24:19.591] [odom] [warning] num_bias_validations=16320
[2026-07-08 17:24:19.591] [odom] [warning] bias_acc=[0.230, -0.916, 0.057] m/s^2, bias_gyro=[-0.018, 0.000, 0.001] rad/s
[2026-07-08 17:24:19.591] [odom] [warning] acc_stat ax=0.407 +- 0.232 [min=-0.055, max=0.758], ay=-0.571 +- 0.290 [min=-0.990, max=0.022], az=0.043 +- 0.023 [min=0.005, max=0.086] m/s^2
[2026-07-08 17:24:19.591] [odom] [warning] gyro_stat wx=-0.019 +- 0.001 [min=-0.020, max=-0.016], wy=0.000 +- 0.001 [min=-0.004, max=0.002], wz=0.001 +- 0.000 [min=0.001, max=0.002] rad/s
[2026-07-08 17:24:20.756] [odom] [warning] IMU prediction is not good.
[2026-07-08 17:24:20.756] [odom] [warning] Possibly T_lidar_imu is not accurate or IMU bias is not well estimated.
[2026-07-08 17:24:20.756] [odom] [warning] IMU validation results:
[2026-07-08 17:24:20.756] [odom] [warning] num_validations=15936
[2026-07-08 17:24:20.756] [odom] [warning] No-IMU errors rot=0.212 +- 0.280 deg, trans=0.020 +- 0.010 m, vel=0.027 +- 0.019 m/s
[2026-07-08 17:24:20.756] [odom] [warning] IMU errors rot=0.068 +- 0.056 deg, trans=0.023 +- 0.012 m, vel=0.067 +- 0.031 m/s
[2026-07-08 17:24:20.756] [odom] [warning] IMU better ratios rot=0.87, trans=0.04, vel=0.09
[2026-07-08 17:24:21.502] [odom] [warning] IMU bias estimation seems inaccurate.
[2026-07-08 17:24:21.502] [odom] [warning] Possibly T_lidar_imu is not accurate or LiDAR-IMU synchronization is not correct.
[2026-07-08 17:24:21.502] [odom] [warning] IMU bias validation results:
[2026-07-08 17:24:21.502] [odom] [warning] num_bias_validations=16384
[2026-07-08 17:24:21.502] [odom] [warning] bias_acc=[0.215, -0.903, 0.060] m/s^2, bias_gyro=[-0.018, -0.001, 0.001] rad/s
[2026-07-08 17:24:21.502] [odom] [warning] acc_stat ax=0.406 +- 0.231 [min=-0.055, max=0.758], ay=-0.573 +- 0.290 [min=-0.990, max=0.022], az=0.043 +- 0.023 [min=0.005, max=0.086] m/s^2
[2026-07-08 17:24:21.502] [odom] [warning] gyro_stat wx=-0.019 +- 0.001 [min=-0.020, max=-0.016], wy=0.000 +- 0.001 [min=-0.004, max=0.002], wz=0.001 +- 0.000 [min=0.001, max=0.002] rad/s
[2026-07-08 17:24:22.495] [glim] [info] playback speed: 2.914x
[2026-07-08 17:24:23.096] [odom] [warning] IMU prediction is not good.
[2026-07-08 17:24:23.096] [odom] [warning] Possibly T_lidar_imu is not accurate or IMU bias is not well estimated.
[2026-07-08 17:24:23.096] [odom] [warning] IMU validation results:
[2026-07-08 17:24:23.096] [odom] [warning] num_validations=16000
[2026-07-08 17:24:23.096] [odom] [warning] No-IMU errors rot=0.212 +- 0.280 deg, trans=0.020 +- 0.010 m, vel=0.027 +- 0.019 m/s
[2026-07-08 17:24:23.096] [odom] [warning] IMU errors rot=0.068 +- 0.056 deg, trans=0.023 +- 0.012 m, vel=0.067 +- 0.031 m/s
[2026-07-08 17:24:23.096] [odom] [warning] IMU better ratios rot=0.87, trans=0.04, vel=0.09
[2026-07-08 17:24:23.836] [odom] [warning] IMU bias estimation seems inaccurate.
[2026-07-08 17:24:23.836] [odom] [warning] Possibly T_lidar_imu is not accurate or LiDAR-IMU synchronization is not correct.
[2026-07-08 17:24:23.836] [odom] [warning] IMU bias validation results:
[2026-07-08 17:24:23.836] [odom] [warning] num_bias_validations=16448
[2026-07-08 17:24:23.836] [odom] [warning] bias_acc=[0.206, -0.885, 0.061] m/s^2, bias_gyro=[-0.018, -0.001, 0.001] rad/s
[2026-07-08 17:24:23.836] [odom] [warning] acc_stat ax=0.405 +- 0.231 [min=-0.055, max=0.758], ay=-0.574 +- 0.290 [min=-0.990, max=0.022], az=0.043 +- 0.023 [min=0.005, max=0.086] m/s^2
[2026-07-08 17:24:23.836] [odom] [warning] gyro_stat wx=-0.019 +- 0.001 [min=-0.020, max=-0.016], wy=0.000 +- 0.001 [min=-0.004, max=0.002], wz=0.001 +- 0.000 [min=0.001, max=0.002] rad/s
[2026-07-08 17:24:26.604] [odom] [warning] IMU prediction is not good.
[2026-07-08 17:24:26.604] [odom] [warning] Possibly T_lidar_imu is not accurate or IMU bias is not well estimated.
[2026-07-08 17:24:26.604] [odom] [warning] IMU validation results:
[2026-07-08 17:24:26.604] [odom] [warning] num_validations=16064
[2026-07-08 17:24:26.604] [odom] [warning] No-IMU errors rot=0.212 +- 0.279 deg, trans=0.020 +- 0.010 m, vel=0.027 +- 0.019 m/s
[2026-07-08 17:24:26.604] [odom] [warning] IMU errors rot=0.068 +- 0.056 deg, trans=0.023 +- 0.012 m, vel=0.067 +- 0.031 m/s
[2026-07-08 17:24:26.604] [odom] [warning] IMU better ratios rot=0.87, trans=0.04, vel=0.09
[2026-07-08 17:24:27.365] [odom] [warning] IMU bias estimation seems inaccurate.
[2026-07-08 17:24:27.365] [odom] [warning] Possibly T_lidar_imu is not accurate or LiDAR-IMU synchronization is not correct.
[2026-07-08 17:24:27.365] [odom] [warning] IMU bias validation results:
[2026-07-08 17:24:27.365] [odom] [warning] num_bias_validations=16512
[2026-07-08 17:24:27.365] [odom] [warning] bias_acc=[0.201, -0.866, 0.062] m/s^2, bias_gyro=[-0.018, -0.001, 0.001] rad/s
[2026-07-08 17:24:27.365] [odom] [warning] acc_stat ax=0.405 +- 0.231 [min=-0.055, max=0.758], ay=-0.575 +- 0.290 [min=-0.990, max=0.022], az=0.043 +- 0.023 [min=0.005, max=0.086] m/s^2
[2026-07-08 17:24:27.365] [odom] [warning] gyro_stat wx=-0.019 +- 0.001 [min=-0.020, max=-0.016], wy=0.000 +- 0.001 [min=-0.004, max=0.002], wz=0.001 +- 0.000 [min=0.001, max=0.002] rad/s
[2026-07-08 17:24:27.495] [glim] [info] playback speed: 2.130x
[2026-07-08 17:24:27.922] [odom] [warning] IMU prediction is not good.
[2026-07-08 17:24:27.922] [odom] [warning] Possibly T_lidar_imu is not accurate or IMU bias is not well estimated.
[2026-07-08 17:24:27.922] [odom] [warning] IMU validation results:
[2026-07-08 17:24:27.922] [odom] [warning] num_validations=16128
[2026-07-08 17:24:27.922] [odom] [warning] No-IMU errors rot=0.211 +- 0.279 deg, trans=0.020 +- 0.010 m, vel=0.027 +- 0.019 m/s
[2026-07-08 17:24:27.922] [odom] [warning] IMU errors rot=0.067 +- 0.056 deg, trans=0.023 +- 0.012 m, vel=0.067 +- 0.031 m/s
[2026-07-08 17:24:27.922] [odom] [warning] IMU better ratios rot=0.87, trans=0.04, vel=0.09
[2026-07-08 17:24:28.409] [odom] [warning] IMU bias estimation seems inaccurate.
[2026-07-08 17:24:28.409] [odom] [warning] Possibly T_lidar_imu is not accurate or LiDAR-IMU synchronization is not correct.
[2026-07-08 17:24:28.409] [odom] [warning] IMU bias validation results:
[2026-07-08 17:24:28.409] [odom] [warning] num_bias_validations=16576
[2026-07-08 17:24:28.409] [odom] [warning] bias_acc=[0.198, -0.846, 0.062] m/s^2, bias_gyro=[-0.018, -0.001, 0.001] rad/s
[2026-07-08 17:24:28.409] [odom] [warning] acc_stat ax=0.404 +- 0.231 [min=-0.055, max=0.758], ay=-0.576 +- 0.290 [min=-0.990, max=0.022], az=0.043 +- 0.023 [min=0.005, max=0.086] m/s^2
[2026-07-08 17:24:28.409] [odom] [warning] gyro_stat wx=-0.019 +- 0.001 [min=-0.020, max=-0.016], wy=0.000 +- 0.001 [min=-0.004, max=0.002], wz=0.001 +- 0.000 [min=0.001, max=0.002] rad/s
[2026-07-08 17:24:30.813] [odom] [warning] IMU prediction is not good.
[2026-07-08 17:24:30.813] [odom] [warning] Possibly T_lidar_imu is not accurate or IMU bias is not well estimated.
[2026-07-08 17:24:30.813] [odom] [warning] IMU validation results:
[2026-07-08 17:24:30.813] [odom] [warning] num_validations=16192
[2026-07-08 17:24:30.813] [odom] [warning] No-IMU errors rot=0.211 +- 0.279 deg, trans=0.020 +- 0.010 m, vel=0.027 +- 0.019 m/s
[2026-07-08 17:24:30.813] [odom] [warning] IMU errors rot=0.067 +- 0.055 deg, trans=0.023 +- 0.012 m, vel=0.067 +- 0.031 m/s
[2026-07-08 17:24:30.813] [odom] [warning] IMU better ratios rot=0.87, trans=0.04, vel=0.09
[2026-07-08 17:24:30.918] [odom] [warning] IMU bias estimation seems inaccurate.
[2026-07-08 17:24:30.918] [odom] [warning] Possibly T_lidar_imu is not accurate or LiDAR-IMU synchronization is not correct.
[2026-07-08 17:24:30.918] [odom] [warning] IMU bias validation results:
[2026-07-08 17:24:30.918] [odom] [warning] num_bias_validations=16640
[2026-07-08 17:24:30.918] [odom] [warning] bias_acc=[0.196, -0.826, 0.063] m/s^2, bias_gyro=[-0.018, -0.001, 0.001] rad/s
[2026-07-08 17:24:30.918] [odom] [warning] acc_stat ax=0.403 +- 0.231 [min=-0.055, max=0.758], ay=-0.577 +- 0.290 [min=-0.990, max=0.022], az=0.043 +- 0.023 [min=0.005, max=0.086] m/s^2
[2026-07-08 17:24:30.918] [odom] [warning] gyro_stat wx=-0.019 +- 0.001 [min=-0.020, max=-0.016], wy=0.000 +- 0.001 [min=-0.004, max=0.002], wz=0.001 +- 0.000 [min=0.001, max=0.002] rad/s
[2026-07-08 17:24:31.912] [odom] [warning] IMU prediction is not good.
[2026-07-08 17:24:31.912] [odom] [warning] Possibly T_lidar_imu is not accurate or IMU bias is not well estimated.
[2026-07-08 17:24:31.912] [odom] [warning] IMU validation results:
[2026-07-08 17:24:31.912] [odom] [warning] num_validations=16256
[2026-07-08 17:24:31.912] [odom] [warning] No-IMU errors rot=0.211 +- 0.278 deg, trans=0.020 +- 0.010 m, vel=0.026 +- 0.019 m/s
[2026-07-08 17:24:31.912] [odom] [warning] IMU errors rot=0.067 +- 0.055 deg, trans=0.023 +- 0.012 m, vel=0.067 +- 0.031 m/s
[2026-07-08 17:24:31.912] [odom] [warning] IMU better ratios rot=0.87, trans=0.04, vel=0.09
[2026-07-08 17:24:32.497] [glim] [info] playback speed: 3.671x
[2026-07-08 17:24:32.582] [odom] [warning] IMU bias estimation seems inaccurate.
[2026-07-08 17:24:32.582] [odom] [warning] Possibly T_lidar_imu is not accurate or LiDAR-IMU synchronization is not correct.
[2026-07-08 17:24:32.582] [odom] [warning] IMU bias validation results:
[2026-07-08 17:24:32.582] [odom] [warning] num_bias_validations=16704
[2026-07-08 17:24:32.582] [odom] [warning] bias_acc=[0.191, -0.806, 0.064] m/s^2, bias_gyro=[-0.019, 0.000, 0.001] rad/s
[2026-07-08 17:24:32.582] [odom] [warning] acc_stat ax=0.402 +- 0.231 [min=-0.055, max=0.758], ay=-0.578 +- 0.290 [min=-0.990, max=0.022], az=0.044 +- 0.023 [min=0.005, max=0.086] m/s^2
[2026-07-08 17:24:32.582] [odom] [warning] gyro_stat wx=-0.019 +- 0.001 [min=-0.020, max=-0.016], wy=0.000 +- 0.001 [min=-0.004, max=0.002], wz=0.001 +- 0.000 [min=0.001, max=0.002] rad/s
[2026-07-08 17:24:33.708] [odom] [warning] IMU prediction is not good.
[2026-07-08 17:24:33.708] [odom] [warning] Possibly T_lidar_imu is not accurate or IMU bias is not well estimated.
[2026-07-08 17:24:33.708] [odom] [warning] IMU validation results:
[2026-07-08 17:24:33.708] [odom] [warning] num_validations=16320
[2026-07-08 17:24:33.708] [odom] [warning] No-IMU errors rot=0.210 +- 0.278 deg, trans=0.020 +- 0.010 m, vel=0.026 +- 0.019 m/s
[2026-07-08 17:24:33.708] [odom] [warning] IMU errors rot=0.067 +- 0.055 deg, trans=0.023 +- 0.012 m, vel=0.067 +- 0.031 m/s
[2026-07-08 17:24:33.708] [odom] [warning] IMU better ratios rot=0.87, trans=0.04, vel=0.09
[2026-07-08 17:24:33.915] [odom] [warning] IMU bias estimation seems inaccurate.
[2026-07-08 17:24:33.915] [odom] [warning] Possibly T_lidar_imu is not accurate or LiDAR-IMU synchronization is not correct.
[2026-07-08 17:24:33.915] [odom] [warning] IMU bias validation results:
[2026-07-08 17:24:33.915] [odom] [warning] num_bias_validations=16768
[2026-07-08 17:24:33.915] [odom] [warning] bias_acc=[0.182, -0.793, 0.065] m/s^2, bias_gyro=[-0.019, 0.000, 0.001] rad/s
[2026-07-08 17:24:33.915] [odom] [warning] acc_stat ax=0.401 +- 0.231 [min=-0.055, max=0.758], ay=-0.579 +- 0.289 [min=-0.990, max=0.022], az=0.044 +- 0.023 [min=0.005, max=0.086] m/s^2
[2026-07-08 17:24:33.915] [odom] [warning] gyro_stat wx=-0.019 +- 0.001 [min=-0.020, max=-0.016], wy=0.000 +- 0.001 [min=-0.004, max=0.002], wz=0.001 +- 0.000 [min=0.001, max=0.002] rad/s
[2026-07-08 17:24:35.984] [odom] [warning] IMU prediction is not good.
[2026-07-08 17:24:35.984] [odom] [warning] Possibly T_lidar_imu is not accurate or IMU bias is not well estimated.
[2026-07-08 17:24:35.984] [odom] [warning] IMU validation results:
[2026-07-08 17:24:35.984] [odom] [warning] num_validations=16384
[2026-07-08 17:24:35.984] [odom] [warning] No-IMU errors rot=0.211 +- 0.278 deg, trans=0.020 +- 0.010 m, vel=0.026 +- 0.019 m/s
[2026-07-08 17:24:35.984] [odom] [warning] IMU errors rot=0.067 +- 0.055 deg, trans=0.023 +- 0.012 m, vel=0.067 +- 0.031 m/s
[2026-07-08 17:24:35.984] [odom] [warning] IMU better ratios rot=0.87, trans=0.04, vel=0.09
[2026-07-08 17:24:36.080] [odom] [warning] IMU bias estimation seems inaccurate.
[2026-07-08 17:24:36.080] [odom] [warning] Possibly T_lidar_imu is not accurate or LiDAR-IMU synchronization is not correct.
[2026-07-08 17:24:36.080] [odom] [warning] IMU bias validation results:
[2026-07-08 17:24:36.080] [odom] [warning] num_bias_validations=16832
[2026-07-08 17:24:36.080] [odom] [warning] bias_acc=[0.168, -0.782, 0.066] m/s^2, bias_gyro=[-0.019, 0.001, 0.001] rad/s
[2026-07-08 17:24:36.080] [odom] [warning] acc_stat ax=0.400 +- 0.231 [min=-0.055, max=0.758], ay=-0.579 +- 0.289 [min=-0.990, max=0.022], az=0.044 +- 0.023 [min=0.005, max=0.086] m/s^2
[2026-07-08 17:24:36.080] [odom] [warning] gyro_stat wx=-0.019 +- 0.001 [min=-0.020, max=-0.016], wy=0.000 +- 0.001 [min=-0.004, max=0.002], wz=0.001 +- 0.000 [min=0.001, max=0.002] rad/s
[2026-07-08 17:24:37.516] [glim] [info] playback speed: 3.598x
[2026-07-08 17:24:37.558] [odom] [warning] IMU prediction is not good.
[2026-07-08 17:24:37.558] [odom] [warning] Possibly T_lidar_imu is not accurate or IMU bias is not well estimated.
[2026-07-08 17:24:37.558] [odom] [warning] IMU validation results:
[2026-07-08 17:24:37.558] [odom] [warning] num_validations=16448
[2026-07-08 17:24:37.558] [odom] [warning] No-IMU errors rot=0.210 +- 0.277 deg, trans=0.020 +- 0.010 m, vel=0.026 +- 0.019 m/s
[2026-07-08 17:24:37.558] [odom] [warning] IMU errors rot=0.067 +- 0.055 deg, trans=0.023 +- 0.012 m, vel=0.067 +- 0.031 m/s
[2026-07-08 17:24:37.558] [odom] [warning] IMU better ratios rot=0.87, trans=0.04, vel=0.09
[2026-07-08 17:24:38.068] [odom] [warning] IMU bias estimation seems inaccurate.
[2026-07-08 17:24:38.068] [odom] [warning] Possibly T_lidar_imu is not accurate or LiDAR-IMU synchronization is not correct.
[2026-07-08 17:24:38.068] [odom] [warning] IMU bias validation results:
[2026-07-08 17:24:38.068] [odom] [warning] num_bias_validations=16896
[2026-07-08 17:24:38.068] [odom] [warning] bias_acc=[0.156, -0.771, 0.068] m/s^2, bias_gyro=[-0.019, 0.001, 0.001] rad/s
[2026-07-08 17:24:38.068] [odom] [warning] acc_stat ax=0.400 +- 0.231 [min=-0.055, max=0.758], ay=-0.580 +- 0.289 [min=-0.990, max=0.022], az=0.044 +- 0.023 [min=0.005, max=0.086] m/s^2
[2026-07-08 17:24:38.068] [odom] [warning] gyro_stat wx=-0.019 +- 0.001 [min=-0.020, max=-0.016], wy=0.000 +- 0.001 [min=-0.004, max=0.002], wz=0.001 +- 0.000 [min=0.001, max=0.002] rad/s
[2026-07-08 17:24:38.680] [odom] [warning] IMU prediction is not good.
[2026-07-08 17:24:38.680] [odom] [warning] Possibly T_lidar_imu is not accurate or IMU bias is not well estimated.
[2026-07-08 17:24:38.680] [odom] [warning] IMU validation results:
[2026-07-08 17:24:38.680] [odom] [warning] num_validations=16512
[2026-07-08 17:24:38.680] [odom] [warning] No-IMU errors rot=0.210 +- 0.277 deg, trans=0.020 +- 0.010 m, vel=0.026 +- 0.019 m/s
[2026-07-08 17:24:38.680] [odom] [warning] IMU errors rot=0.067 +- 0.055 deg, trans=0.023 +- 0.012 m, vel=0.067 +- 0.031 m/s
[2026-07-08 17:24:38.680] [odom] [warning] IMU better ratios rot=0.87, trans=0.04, vel=0.09
[2026-07-08 17:24:39.162] [odom] [warning] IMU bias estimation seems inaccurate.
[2026-07-08 17:24:39.162] [odom] [warning] Possibly T_lidar_imu is not accurate or LiDAR-IMU synchronization is not correct.
[2026-07-08 17:24:39.162] [odom] [warning] IMU bias validation results:
[2026-07-08 17:24:39.162] [odom] [warning] num_bias_validations=16960
[2026-07-08 17:24:39.162] [odom] [warning] bias_acc=[0.143, -0.764, 0.070] m/s^2, bias_gyro=[-0.019, 0.001, 0.001] rad/s
[2026-07-08 17:24:39.162] [odom] [warning] acc_stat ax=0.399 +- 0.231 [min=-0.055, max=0.758], ay=-0.581 +- 0.288 [min=-0.990, max=0.022], az=0.044 +- 0.023 [min=0.005, max=0.086] m/s^2
[2026-07-08 17:24:39.162] [odom] [warning] gyro_stat wx=-0.019 +- 0.001 [min=-0.020, max=-0.016], wy=0.000 +- 0.001 [min=-0.004, max=0.002], wz=0.001 +- 0.000 [min=0.001, max=0.002] rad/s
[2026-07-08 17:24:40.605] [odom] [warning] IMU prediction is not good.
[2026-07-08 17:24:40.605] [odom] [warning] Possibly T_lidar_imu is not accurate or IMU bias is not well estimated.
[2026-07-08 17:24:40.605] [odom] [warning] IMU validation results:
[2026-07-08 17:24:40.605] [odom] [warning] num_validations=16576
[2026-07-08 17:24:40.605] [odom] [warning] No-IMU errors rot=0.210 +- 0.277 deg, trans=0.020 +- 0.010 m, vel=0.026 +- 0.019 m/s
[2026-07-08 17:24:40.605] [odom] [warning] IMU errors rot=0.067 +- 0.055 deg, trans=0.023 +- 0.012 m, vel=0.067 +- 0.031 m/s
[2026-07-08 17:24:40.605] [odom] [warning] IMU better ratios rot=0.87, trans=0.03, vel=0.09
[2026-07-08 17:24:40.753] [odom] [warning] IMU bias estimation seems inaccurate.
[2026-07-08 17:24:40.753] [odom] [warning] Possibly T_lidar_imu is not accurate or LiDAR-IMU synchronization is not correct.
[2026-07-08 17:24:40.753] [odom] [warning] IMU bias validation results:
[2026-07-08 17:24:40.753] [odom] [warning] num_bias_validations=17024
[2026-07-08 17:24:40.753] [odom] [warning] bias_acc=[0.134, -0.756, 0.071] m/s^2, bias_gyro=[-0.019, 0.000, 0.001] rad/s
[2026-07-08 17:24:40.753] [odom] [warning] acc_stat ax=0.398 +- 0.231 [min=-0.055, max=0.758], ay=-0.582 +- 0.288 [min=-0.990, max=0.022], az=0.044 +- 0.023 [min=0.005, max=0.086] m/s^2
[2026-07-08 17:24:40.753] [odom] [warning] gyro_stat wx=-0.019 +- 0.001 [min=-0.020, max=-0.016], wy=0.000 +- 0.001 [min=-0.004, max=0.002], wz=0.001 +- 0.000 [min=0.001, max=0.002] rad/s
[2026-07-08 17:24:42.458] [odom] [warning] IMU prediction is not good.
[2026-07-08 17:24:42.458] [odom] [warning] Possibly T_lidar_imu is not accurate or IMU bias is not well estimated.
[2026-07-08 17:24:42.458] [odom] [warning] IMU validation results:
[2026-07-08 17:24:42.458] [odom] [warning] num_validations=16640
[2026-07-08 17:24:42.458] [odom] [warning] No-IMU errors rot=0.210 +- 0.276 deg, trans=0.020 +- 0.010 m, vel=0.026 +- 0.019 m/s
[2026-07-08 17:24:42.458] [odom] [warning] IMU errors rot=0.067 +- 0.055 deg, trans=0.023 +- 0.012 m, vel=0.067 +- 0.031 m/s
[2026-07-08 17:24:42.458] [odom] [warning] IMU better ratios rot=0.87, trans=0.03, vel=0.09
[2026-07-08 17:24:42.542] [glim] [info] playback speed: 3.956x
[2026-07-08 17:24:42.628] [odom] [warning] IMU bias estimation seems inaccurate.
[2026-07-08 17:24:42.628] [odom] [warning] Possibly T_lidar_imu is not accurate or LiDAR-IMU synchronization is not correct.
[2026-07-08 17:24:42.628] [odom] [warning] IMU bias validation results:
[2026-07-08 17:24:42.628] [odom] [warning] num_bias_validations=17088
[2026-07-08 17:24:42.628] [odom] [warning] bias_acc=[0.125, -0.747, 0.073] m/s^2, bias_gyro=[-0.019, 0.000, 0.001] rad/s
[2026-07-08 17:24:42.628] [odom] [warning] acc_stat ax=0.397 +- 0.231 [min=-0.055, max=0.758], ay=-0.582 +- 0.288 [min=-0.990, max=0.022], az=0.044 +- 0.023 [min=0.005, max=0.086] m/s^2
[2026-07-08 17:24:42.628] [odom] [warning] gyro_stat wx=-0.019 +- 0.001 [min=-0.020, max=-0.016], wy=0.000 +- 0.001 [min=-0.004, max=0.002], wz=0.001 +- 0.000 [min=0.001, max=0.002] rad/s
[2026-07-08 17:24:44.132] [odom] [warning] IMU prediction is not good.
[2026-07-08 17:24:44.132] [odom] [warning] Possibly T_lidar_imu is not accurate or IMU bias is not well estimated.
[2026-07-08 17:24:44.132] [odom] [warning] IMU validation results:
[2026-07-08 17:24:44.132] [odom] [warning] num_validations=16704
[2026-07-08 17:24:44.132] [odom] [warning] No-IMU errors rot=0.210 +- 0.276 deg, trans=0.020 +- 0.010 m, vel=0.026 +- 0.019 m/s
[2026-07-08 17:24:44.132] [odom] [warning] IMU errors rot=0.067 +- 0.055 deg, trans=0.023 +- 0.012 m, vel=0.067 +- 0.031 m/s
[2026-07-08 17:24:44.132] [odom] [warning] IMU better ratios rot=0.87, trans=0.03, vel=0.09
[2026-07-08 17:24:44.778] [odom] [warning] IMU bias estimation seems inaccurate.
[2026-07-08 17:24:44.778] [odom] [warning] Possibly T_lidar_imu is not accurate or LiDAR-IMU synchronization is not correct.
[2026-07-08 17:24:44.778] [odom] [warning] IMU bias validation results:
[2026-07-08 17:24:44.778] [odom] [warning] num_bias_validations=17152
[2026-07-08 17:24:44.778] [odom] [warning] bias_acc=[0.118, -0.736, 0.074] m/s^2, bias_gyro=[-0.019, 0.000, 0.001] rad/s
[2026-07-08 17:24:44.778] [odom] [warning] acc_stat ax=0.395 +- 0.232 [min=-0.055, max=0.758], ay=-0.583 +- 0.287 [min=-0.990, max=0.022], az=0.044 +- 0.023 [min=0.005, max=0.086] m/s^2
[2026-07-08 17:24:44.778] [odom] [warning] gyro_stat wx=-0.019 +- 0.001 [min=-0.020, max=-0.016], wy=0.000 +- 0.001 [min=-0.004, max=0.002], wz=0.001 +- 0.000 [min=0.001, max=0.002] rad/s
[2026-07-08 17:24:45.553] [odom] [warning] IMU prediction is not good.
[2026-07-08 17:24:45.553] [odom] [warning] Possibly T_lidar_imu is not accurate or IMU bias is not well estimated.
[2026-07-08 17:24:45.553] [odom] [warning] IMU validation results:
[2026-07-08 17:24:45.553] [odom] [warning] num_validations=16768
[2026-07-08 17:24:45.553] [odom] [warning] No-IMU errors rot=0.209 +- 0.275 deg, trans=0.020 +- 0.010 m, vel=0.026 +- 0.019 m/s
[2026-07-08 17:24:45.553] [odom] [warning] IMU errors rot=0.067 +- 0.055 deg, trans=0.023 +- 0.012 m, vel=0.067 +- 0.031 m/s
[2026-07-08 17:24:45.553] [odom] [warning] IMU better ratios rot=0.87, trans=0.03, vel=0.09
[2026-07-08 17:24:45.904] [odom] [warning] IMU bias estimation seems inaccurate.
[2026-07-08 17:24:45.904] [odom] [warning] Possibly T_lidar_imu is not accurate or LiDAR-IMU synchronization is not correct.
[2026-07-08 17:24:45.904] [odom] [warning] IMU bias validation results:
[2026-07-08 17:24:45.904] [odom] [warning] num_bias_validations=17216
[2026-07-08 17:24:45.904] [odom] [warning] bias_acc=[0.111, -0.724, 0.075] m/s^2, bias_gyro=[-0.019, 0.000, 0.001] rad/s
[2026-07-08 17:24:45.904] [odom] [warning] acc_stat ax=0.394 +- 0.232 [min=-0.055, max=0.758], ay=-0.583 +- 0.287 [min=-0.990, max=0.022], az=0.044 +- 0.023 [min=0.005, max=0.086] m/s^2
[2026-07-08 17:24:45.904] [odom] [warning] gyro_stat wx=-0.019 +- 0.001 [min=-0.020, max=-0.016], wy=0.000 +- 0.001 [min=-0.004, max=0.002], wz=0.001 +- 0.000 [min=0.001, max=0.002] rad/s
[2026-07-08 17:24:47.087] [odom] [warning] IMU prediction is not good.
[2026-07-08 17:24:47.087] [odom] [warning] Possibly T_lidar_imu is not accurate or IMU bias is not well estimated.
[2026-07-08 17:24:47.087] [odom] [warning] IMU validation results:
[2026-07-08 17:24:47.087] [odom] [warning] num_validations=16832
[2026-07-08 17:24:47.087] [odom] [warning] No-IMU errors rot=0.209 +- 0.275 deg, trans=0.020 +- 0.010 m, vel=0.026 +- 0.019 m/s
[2026-07-08 17:24:47.087] [odom] [warning] IMU errors rot=0.067 +- 0.055 deg, trans=0.023 +- 0.012 m, vel=0.067 +- 0.031 m/s
[2026-07-08 17:24:47.087] [odom] [warning] IMU better ratios rot=0.87, trans=0.03, vel=0.09
[2026-07-08 17:24:47.448] [odom] [warning] IMU bias estimation seems inaccurate.
[2026-07-08 17:24:47.448] [odom] [warning] Possibly T_lidar_imu is not accurate or LiDAR-IMU synchronization is not correct.
[2026-07-08 17:24:47.448] [odom] [warning] IMU bias validation results:
[2026-07-08 17:24:47.448] [odom] [warning] num_bias_validations=17280
[2026-07-08 17:24:47.448] [odom] [warning] bias_acc=[0.104, -0.712, 0.076] m/s^2, bias_gyro=[-0.019, 0.000, 0.001] rad/s
[2026-07-08 17:24:47.448] [odom] [warning] acc_stat ax=0.393 +- 0.232 [min=-0.055, max=0.758], ay=-0.584 +- 0.287 [min=-0.990, max=0.022], az=0.044 +- 0.023 [min=0.005, max=0.086] m/s^2
[2026-07-08 17:24:47.448] [odom] [warning] gyro_stat wx=-0.019 +- 0.001 [min=-0.020, max=-0.016], wy=0.000 +- 0.001 [min=-0.004, max=0.002], wz=0.001 +- 0.000 [min=0.001, max=0.002] rad/s
[2026-07-08 17:24:47.547] [glim] [info] playback speed: 4.135x
[2026-07-08 17:24:49.136] [odom] [warning] IMU prediction is not good.
[2026-07-08 17:24:49.136] [odom] [warning] Possibly T_lidar_imu is not accurate or IMU bias is not well estimated.
[2026-07-08 17:24:49.136] [odom] [warning] IMU validation results:
[2026-07-08 17:24:49.136] [odom] [warning] num_validations=16896
[2026-07-08 17:24:49.136] [odom] [warning] No-IMU errors rot=0.209 +- 0.275 deg, trans=0.020 +- 0.010 m, vel=0.026 +- 0.019 m/s
[2026-07-08 17:24:49.136] [odom] [warning] IMU errors rot=0.067 +- 0.055 deg, trans=0.023 +- 0.011 m, vel=0.067 +- 0.031 m/s
[2026-07-08 17:24:49.136] [odom] [warning] IMU better ratios rot=0.87, trans=0.03, vel=0.09
[2026-07-08 17:24:49.443] [odom] [warning] IMU bias estimation seems inaccurate.
[2026-07-08 17:24:49.443] [odom] [warning] Possibly T_lidar_imu is not accurate or LiDAR-IMU synchronization is not correct.
[2026-07-08 17:24:49.443] [odom] [warning] IMU bias validation results:
[2026-07-08 17:24:49.443] [odom] [warning] num_bias_validations=17344
[2026-07-08 17:24:49.443] [odom] [warning] bias_acc=[0.096, -0.701, 0.077] m/s^2, bias_gyro=[-0.019, 0.000, 0.001] rad/s
[2026-07-08 17:24:49.443] [odom] [warning] acc_stat ax=0.392 +- 0.232 [min=-0.055, max=0.758], ay=-0.584 +- 0.286 [min=-0.990, max=0.022], az=0.045 +- 0.024 [min=0.005, max=0.086] m/s^2
[2026-07-08 17:24:49.443] [odom] [warning] gyro_stat wx=-0.019 +- 0.001 [min=-0.020, max=-0.016], wy=0.000 +- 0.001 [min=-0.004, max=0.002], wz=0.001 +- 0.000 [min=0.001, max=0.002] rad/s
[2026-07-08 17:24:50.999] [odom] [warning] IMU prediction is not good.
[2026-07-08 17:24:50.999] [odom] [warning] Possibly T_lidar_imu is not accurate or IMU bias is not well estimated.
[2026-07-08 17:24:50.999] [odom] [warning] IMU validation results:
[2026-07-08 17:24:50.999] [odom] [warning] num_validations=16960
[2026-07-08 17:24:50.999] [odom] [warning] No-IMU errors rot=0.209 +- 0.275 deg, trans=0.020 +- 0.010 m, vel=0.026 +- 0.019 m/s
[2026-07-08 17:24:50.999] [odom] [warning] IMU errors rot=0.067 +- 0.055 deg, trans=0.023 +- 0.011 m, vel=0.067 +- 0.031 m/s
[2026-07-08 17:24:50.999] [odom] [warning] IMU better ratios rot=0.87, trans=0.03, vel=0.09
[2026-07-08 17:24:51.273] [odom] [warning] IMU bias estimation seems inaccurate.
[2026-07-08 17:24:51.273] [odom] [warning] Possibly T_lidar_imu is not accurate or LiDAR-IMU synchronization is not correct.
[2026-07-08 17:24:51.273] [odom] [warning] IMU bias validation results:
[2026-07-08 17:24:51.273] [odom] [warning] num_bias_validations=17408
[2026-07-08 17:24:51.273] [odom] [warning] bias_acc=[0.089, -0.689, 0.079] m/s^2, bias_gyro=[-0.019, 0.000, 0.001] rad/s
[2026-07-08 17:24:51.273] [odom] [warning] acc_stat ax=0.391 +- 0.233 [min=-0.055, max=0.758], ay=-0.585 +- 0.286 [min=-0.990, max=0.022], az=0.045 +- 0.024 [min=0.005, max=0.086] m/s^2
[2026-07-08 17:24:51.273] [odom] [warning] gyro_stat wx=-0.019 +- 0.001 [min=-0.020, max=-0.016], wy=0.000 +- 0.001 [min=-0.004, max=0.002], wz=0.001 +- 0.000 [min=0.001, max=0.002] rad/s
[2026-07-08 17:24:52.591] [glim] [info] playback speed: 3.278x
[2026-07-08 17:24:52.856] [odom] [warning] IMU prediction is not good.
[2026-07-08 17:24:52.856] [odom] [warning] Possibly T_lidar_imu is not accurate or IMU bias is not well estimated.
[2026-07-08 17:24:52.856] [odom] [warning] IMU validation results:
[2026-07-08 17:24:52.856] [odom] [warning] num_validations=17024
[2026-07-08 17:24:52.856] [odom] [warning] No-IMU errors rot=0.208 +- 0.274 deg, trans=0.020 +- 0.010 m, vel=0.026 +- 0.019 m/s
[2026-07-08 17:24:52.856] [odom] [warning] IMU errors rot=0.066 +- 0.055 deg, trans=0.023 +- 0.011 m, vel=0.067 +- 0.031 m/s
[2026-07-08 17:24:52.856] [odom] [warning] IMU better ratios rot=0.87, trans=0.03, vel=0.09
[2026-07-08 17:24:52.978] [odom] [warning] IMU bias estimation seems inaccurate.
[2026-07-08 17:24:52.978] [odom] [warning] Possibly T_lidar_imu is not accurate or LiDAR-IMU synchronization is not correct.
[2026-07-08 17:24:52.978] [odom] [warning] IMU bias validation results:
[2026-07-08 17:24:52.978] [odom] [warning] num_bias_validations=17472
[2026-07-08 17:24:52.978] [odom] [warning] bias_acc=[0.084, -0.676, 0.080] m/s^2, bias_gyro=[-0.019, 0.000, 0.001] rad/s
[2026-07-08 17:24:52.978] [odom] [warning] acc_stat ax=0.390 +- 0.233 [min=-0.055, max=0.758], ay=-0.585 +- 0.285 [min=-0.990, max=0.022], az=0.045 +- 0.024 [min=0.005, max=0.086] m/s^2
[2026-07-08 17:24:52.978] [odom] [warning] gyro_stat wx=-0.019 +- 0.001 [min=-0.020, max=-0.016], wy=0.000 +- 0.001 [min=-0.004, max=0.002], wz=0.001 +- 0.000 [min=0.001, max=0.002] rad/s
[2026-07-08 17:24:54.137] [odom] [warning] IMU prediction is not good.
[2026-07-08 17:24:54.137] [odom] [warning] Possibly T_lidar_imu is not accurate or IMU bias is not well estimated.
[2026-07-08 17:24:54.137] [odom] [warning] IMU validation results:
[2026-07-08 17:24:54.137] [odom] [warning] num_validations=17088
[2026-07-08 17:24:54.137] [odom] [warning] No-IMU errors rot=0.208 +- 0.274 deg, trans=0.020 +- 0.010 m, vel=0.026 +- 0.019 m/s
[2026-07-08 17:24:54.137] [odom] [warning] IMU errors rot=0.066 +- 0.055 deg, trans=0.023 +- 0.011 m, vel=0.067 +- 0.031 m/s
[2026-07-08 17:24:54.137] [odom] [warning] IMU better ratios rot=0.87, trans=0.03, vel=0.09
[2026-07-08 17:24:54.940] [odom] [warning] IMU bias estimation seems inaccurate.
[2026-07-08 17:24:54.940] [odom] [warning] Possibly T_lidar_imu is not accurate or LiDAR-IMU synchronization is not correct.
[2026-07-08 17:24:54.940] [odom] [warning] IMU bias validation results:
[2026-07-08 17:24:54.940] [odom] [warning] num_bias_validations=17536
[2026-07-08 17:24:54.940] [odom] [warning] bias_acc=[0.077, -0.663, 0.081] m/s^2, bias_gyro=[-0.019, 0.001, 0.001] rad/s
[2026-07-08 17:24:54.940] [odom] [warning] acc_stat ax=0.389 +- 0.233 [min=-0.055, max=0.758], ay=-0.585 +- 0.285 [min=-0.990, max=0.022], az=0.045 +- 0.024 [min=0.005, max=0.086] m/s^2
[2026-07-08 17:24:54.940] [odom] [warning] gyro_stat wx=-0.019 +- 0.001 [min=-0.020, max=-0.016], wy=0.000 +- 0.001 [min=-0.004, max=0.002], wz=0.001 +- 0.000 [min=0.001, max=0.002] rad/s
[2026-07-08 17:24:55.949] [odom] [warning] IMU prediction is not good.
[2026-07-08 17:24:55.949] [odom] [warning] Possibly T_lidar_imu is not accurate or IMU bias is not well estimated.
[2026-07-08 17:24:55.949] [odom] [warning] IMU validation results:
[2026-07-08 17:24:55.949] [odom] [warning] num_validations=17152
[2026-07-08 17:24:55.949] [odom] [warning] No-IMU errors rot=0.208 +- 0.274 deg, trans=0.020 +- 0.010 m, vel=0.026 +- 0.019 m/s
[2026-07-08 17:24:55.949] [odom] [warning] IMU errors rot=0.066 +- 0.055 deg, trans=0.023 +- 0.011 m, vel=0.067 +- 0.031 m/s
[2026-07-08 17:24:55.949] [odom] [warning] IMU better ratios rot=0.87, trans=0.03, vel=0.09
[2026-07-08 17:24:56.560] [odom] [warning] IMU bias estimation seems inaccurate.
[2026-07-08 17:24:56.560] [odom] [warning] Possibly T_lidar_imu is not accurate or LiDAR-IMU synchronization is not correct.
[2026-07-08 17:24:56.560] [odom] [warning] IMU bias validation results:
[2026-07-08 17:24:56.560] [odom] [warning] num_bias_validations=17600
[2026-07-08 17:24:56.560] [odom] [warning] bias_acc=[0.069, -0.651, 0.082] m/s^2, bias_gyro=[-0.019, 0.001, 0.001] rad/s
[2026-07-08 17:24:56.560] [odom] [warning] acc_stat ax=0.388 +- 0.234 [min=-0.055, max=0.758], ay=-0.585 +- 0.284 [min=-0.990, max=0.022], az=0.045 +- 0.024 [min=0.005, max=0.086] m/s^2
[2026-07-08 17:24:56.560] [odom] [warning] gyro_stat wx=-0.019 +- 0.001 [min=-0.020, max=-0.016], wy=0.000 +- 0.001 [min=-0.004, max=0.002], wz=0.001 +- 0.000 [min=0.001, max=0.002] rad/s
[2026-07-08 17:24:57.620] [glim] [info] playback speed: 3.571x
[2026-07-08 17:24:58.771] [odom] [warning] IMU prediction is not good.
[2026-07-08 17:24:58.771] [odom] [warning] Possibly T_lidar_imu is not accurate or IMU bias is not well estimated.
[2026-07-08 17:24:58.771] [odom] [warning] IMU validation results:
[2026-07-08 17:24:58.771] [odom] [warning] num_validations=17216
[2026-07-08 17:24:58.771] [odom] [warning] No-IMU errors rot=0.207 +- 0.273 deg, trans=0.020 +- 0.010 m, vel=0.026 +- 0.019 m/s
[2026-07-08 17:24:58.771] [odom] [warning] IMU errors rot=0.066 +- 0.055 deg, trans=0.023 +- 0.011 m, vel=0.067 +- 0.030 m/s
[2026-07-08 17:24:58.771] [odom] [warning] IMU better ratios rot=0.87, trans=0.03, vel=0.08
[2026-07-08 17:24:58.904] [odom] [warning] IMU bias estimation seems inaccurate.
[2026-07-08 17:24:58.904] [odom] [warning] Possibly T_lidar_imu is not accurate or LiDAR-IMU synchronization is not correct.
[2026-07-08 17:24:58.904] [odom] [warning] IMU bias validation results:
[2026-07-08 17:24:58.904] [odom] [warning] num_bias_validations=17664
[2026-07-08 17:24:58.904] [odom] [warning] bias_acc=[0.060, -0.640, 0.084] m/s^2, bias_gyro=[-0.019, 0.001, 0.001] rad/s
[2026-07-08 17:24:58.904] [odom] [warning] acc_stat ax=0.387 +- 0.234 [min=-0.055, max=0.758], ay=-0.586 +- 0.284 [min=-0.990, max=0.022], az=0.045 +- 0.024 [min=0.005, max=0.086] m/s^2
[2026-07-08 17:24:58.904] [odom] [warning] gyro_stat wx=-0.019 +- 0.001 [min=-0.020, max=-0.016], wy=0.000 +- 0.001 [min=-0.004, max=0.002], wz=0.001 +- 0.000 [min=0.001, max=0.002] rad/s
[2026-07-08 17:25:00.061] [odom] [warning] IMU prediction is not good.
[2026-07-08 17:25:00.061] [odom] [warning] Possibly T_lidar_imu is not accurate or IMU bias is not well estimated.
[2026-07-08 17:25:00.061] [odom] [warning] IMU validation results:
[2026-07-08 17:25:00.061] [odom] [warning] num_validations=17280
[2026-07-08 17:25:00.061] [odom] [warning] No-IMU errors rot=0.207 +- 0.273 deg, trans=0.020 +- 0.010 m, vel=0.026 +- 0.019 m/s
[2026-07-08 17:25:00.061] [odom] [warning] IMU errors rot=0.066 +- 0.055 deg, trans=0.023 +- 0.011 m, vel=0.067 +- 0.030 m/s
[2026-07-08 17:25:00.061] [odom] [warning] IMU better ratios rot=0.87, trans=0.03, vel=0.08
[2026-07-08 17:25:00.828] [odom] [warning] IMU bias estimation seems inaccurate.
[2026-07-08 17:25:00.828] [odom] [warning] Possibly T_lidar_imu is not accurate or LiDAR-IMU synchronization is not correct.
[2026-07-08 17:25:00.828] [odom] [warning] IMU bias validation results:
[2026-07-08 17:25:00.828] [odom] [warning] num_bias_validations=17728
[2026-07-08 17:25:00.828] [odom] [warning] bias_acc=[0.052, -0.629, 0.085] m/s^2, bias_gyro=[-0.019, 0.001, 0.001] rad/s
[2026-07-08 17:25:00.828] [odom] [warning] acc_stat ax=0.385 +- 0.234 [min=-0.055, max=0.758], ay=-0.586 +- 0.283 [min=-0.990, max=0.022], az=0.045 +- 0.024 [min=0.005, max=0.086] m/s^2
[2026-07-08 17:25:00.828] [odom] [warning] gyro_stat wx=-0.019 +- 0.001 [min=-0.020, max=-0.016], wy=0.000 +- 0.001 [min=-0.004, max=0.002], wz=0.001 +- 0.000 [min=0.001, max=0.002] rad/s
[2026-07-08 17:25:01.421] [odom] [warning] IMU prediction is not good.
[2026-07-08 17:25:01.421] [odom] [warning] Possibly T_lidar_imu is not accurate or IMU bias is not well estimated.
[2026-07-08 17:25:01.421] [odom] [warning] IMU validation results:
[2026-07-08 17:25:01.421] [odom] [warning] num_validations=17344
[2026-07-08 17:25:01.421] [odom] [warning] No-IMU errors rot=0.207 +- 0.272 deg, trans=0.020 +- 0.010 m, vel=0.026 +- 0.019 m/s
[2026-07-08 17:25:01.421] [odom] [warning] IMU errors rot=0.066 +- 0.055 deg, trans=0.023 +- 0.011 m, vel=0.067 +- 0.030 m/s
[2026-07-08 17:25:01.421] [odom] [warning] IMU better ratios rot=0.87, trans=0.03, vel=0.08
[2026-07-08 17:25:01.934] [odom] [warning] IMU bias estimation seems inaccurate.
[2026-07-08 17:25:01.934] [odom] [warning] Possibly T_lidar_imu is not accurate or LiDAR-IMU synchronization is not correct.
[2026-07-08 17:25:01.934] [odom] [warning] IMU bias validation results:
[2026-07-08 17:25:01.934] [odom] [warning] num_bias_validations=17792
[2026-07-08 17:25:01.934] [odom] [warning] bias_acc=[0.045, -0.618, 0.087] m/s^2, bias_gyro=[-0.019, 0.000, 0.001] rad/s
[2026-07-08 17:25:01.934] [odom] [warning] acc_stat ax=0.384 +- 0.235 [min=-0.055, max=0.758], ay=-0.586 +- 0.283 [min=-0.990, max=0.022], az=0.046 +- 0.024 [min=0.005, max=0.087] m/s^2
[2026-07-08 17:25:01.934] [odom] [warning] gyro_stat wx=-0.019 +- 0.001 [min=-0.020, max=-0.016], wy=0.000 +- 0.001 [min=-0.004, max=0.002], wz=0.001 +- 0.000 [min=0.001, max=0.002] rad/s
[2026-07-08 17:25:02.657] [glim] [info] playback speed: 3.786x
[2026-07-08 17:25:04.460] [odom] [warning] IMU prediction is not good.
[2026-07-08 17:25:04.460] [odom] [warning] Possibly T_lidar_imu is not accurate or IMU bias is not well estimated.
[2026-07-08 17:25:04.460] [odom] [warning] IMU validation results:
[2026-07-08 17:25:04.460] [odom] [warning] num_validations=17408
[2026-07-08 17:25:04.460] [odom] [warning] No-IMU errors rot=0.206 +- 0.272 deg, trans=0.020 +- 0.010 m, vel=0.026 +- 0.019 m/s
[2026-07-08 17:25:04.460] [odom] [warning] IMU errors rot=0.066 +- 0.054 deg, trans=0.023 +- 0.011 m, vel=0.067 +- 0.030 m/s
[2026-07-08 17:25:04.460] [odom] [warning] IMU better ratios rot=0.87, trans=0.03, vel=0.08
[2026-07-08 17:25:05.200] [odom] [warning] IMU bias estimation seems inaccurate.
[2026-07-08 17:25:05.200] [odom] [warning] Possibly T_lidar_imu is not accurate or LiDAR-IMU synchronization is not correct.
[2026-07-08 17:25:05.200] [odom] [warning] IMU bias validation results:
[2026-07-08 17:25:05.200] [odom] [warning] num_bias_validations=17856
[2026-07-08 17:25:05.200] [odom] [warning] bias_acc=[0.041, -0.606, 0.088] m/s^2, bias_gyro=[-0.019, 0.000, 0.001] rad/s
[2026-07-08 17:25:05.200] [odom] [warning] acc_stat ax=0.383 +- 0.235 [min=-0.055, max=0.758], ay=-0.586 +- 0.282 [min=-0.990, max=0.022], az=0.046 +- 0.024 [min=0.005, max=0.088] m/s^2
[2026-07-08 17:25:05.200] [odom] [warning] gyro_stat wx=-0.019 +- 0.001 [min=-0.020, max=-0.016], wy=0.000 +- 0.001 [min=-0.004, max=0.002], wz=0.001 +- 0.000 [min=0.001, max=0.002] rad/s
[2026-07-08 17:25:06.158] [odom] [warning] IMU prediction is not good.
[2026-07-08 17:25:06.158] [odom] [warning] Possibly T_lidar_imu is not accurate or IMU bias is not well estimated.
[2026-07-08 17:25:06.158] [odom] [warning] IMU validation results:
[2026-07-08 17:25:06.158] [odom] [warning] num_validations=17472
[2026-07-08 17:25:06.158] [odom] [warning] No-IMU errors rot=0.206 +- 0.272 deg, trans=0.020 +- 0.010 m, vel=0.026 +- 0.019 m/s
[2026-07-08 17:25:06.158] [odom] [warning] IMU errors rot=0.066 +- 0.054 deg, trans=0.023 +- 0.011 m, vel=0.067 +- 0.030 m/s
[2026-07-08 17:25:06.158] [odom] [warning] IMU better ratios rot=0.87, trans=0.03, vel=0.08
[2026-07-08 17:25:06.416] [odom] [warning] IMU bias estimation seems inaccurate.
[2026-07-08 17:25:06.416] [odom] [warning] Possibly T_lidar_imu is not accurate or LiDAR-IMU synchronization is not correct.
[2026-07-08 17:25:06.416] [odom] [warning] IMU bias validation results:
[2026-07-08 17:25:06.416] [odom] [warning] num_bias_validations=17920
[2026-07-08 17:25:06.416] [odom] [warning] bias_acc=[0.036, -0.594, 0.089] m/s^2, bias_gyro=[-0.019, 0.000, 0.001] rad/s
[2026-07-08 17:25:06.416] [odom] [warning] acc_stat ax=0.382 +- 0.236 [min=-0.055, max=0.758], ay=-0.586 +- 0.282 [min=-0.990, max=0.022], az=0.046 +- 0.024 [min=0.005, max=0.089] m/s^2
[2026-07-08 17:25:06.416] [odom] [warning] gyro_stat wx=-0.019 +- 0.001 [min=-0.020, max=-0.016], wy=0.000 +- 0.001 [min=-0.004, max=0.002], wz=0.001 +- 0.000 [min=0.001, max=0.002] rad/s
[2026-07-08 17:25:07.681] [glim] [info] playback speed: 2.948x
[2026-07-08 17:25:08.427] [odom] [warning] IMU prediction is not good.
[2026-07-08 17:25:08.427] [odom] [warning] Possibly T_lidar_imu is not accurate or IMU bias is not well estimated.
[2026-07-08 17:25:08.427] [odom] [warning] IMU validation results:
[2026-07-08 17:25:08.427] [odom] [warning] num_validations=17536
[2026-07-08 17:25:08.427] [odom] [warning] No-IMU errors rot=0.206 +- 0.271 deg, trans=0.020 +- 0.010 m, vel=0.026 +- 0.019 m/s
[2026-07-08 17:25:08.427] [odom] [warning] IMU errors rot=0.065 +- 0.054 deg, trans=0.023 +- 0.011 m, vel=0.067 +- 0.030 m/s
[2026-07-08 17:25:08.427] [odom] [warning] IMU better ratios rot=0.87, trans=0.03, vel=0.08
[2026-07-08 17:25:09.123] [odom] [warning] IMU bias estimation seems inaccurate.
[2026-07-08 17:25:09.123] [odom] [warning] Possibly T_lidar_imu is not accurate or LiDAR-IMU synchronization is not correct.
[2026-07-08 17:25:09.123] [odom] [warning] IMU bias validation results:
[2026-07-08 17:25:09.123] [odom] [warning] num_bias_validations=17984
[2026-07-08 17:25:09.123] [odom] [warning] bias_acc=[0.030, -0.582, 0.090] m/s^2, bias_gyro=[-0.019, 0.001, 0.001] rad/s
[2026-07-08 17:25:09.123] [odom] [warning] acc_stat ax=0.380 +- 0.236 [min=-0.055, max=0.758], ay=-0.586 +- 0.281 [min=-0.990, max=0.022], az=0.046 +- 0.024 [min=0.005, max=0.090] m/s^2
[2026-07-08 17:25:09.123] [odom] [warning] gyro_stat wx=-0.019 +- 0.001 [min=-0.020, max=-0.016], wy=0.000 +- 0.001 [min=-0.004, max=0.002], wz=0.001 +- 0.000 [min=0.001, max=0.002] rad/s
[2026-07-08 17:25:09.726] [odom] [warning] IMU prediction is not good.
[2026-07-08 17:25:09.726] [odom] [warning] Possibly T_lidar_imu is not accurate or IMU bias is not well estimated.
[2026-07-08 17:25:09.726] [odom] [warning] IMU validation results:
[2026-07-08 17:25:09.726] [odom] [warning] num_validations=17600
[2026-07-08 17:25:09.726] [odom] [warning] No-IMU errors rot=0.205 +- 0.271 deg, trans=0.020 +- 0.010 m, vel=0.026 +- 0.019 m/s
[2026-07-08 17:25:09.726] [odom] [warning] IMU errors rot=0.065 +- 0.054 deg, trans=0.023 +- 0.011 m, vel=0.066 +- 0.030 m/s
[2026-07-08 17:25:09.726] [odom] [warning] IMU better ratios rot=0.87, trans=0.03, vel=0.08
[2026-07-08 17:25:10.142] [odom] [warning] IMU bias estimation seems inaccurate.
[2026-07-08 17:25:10.142] [odom] [warning] Possibly T_lidar_imu is not accurate or LiDAR-IMU synchronization is not correct.
[2026-07-08 17:25:10.142] [odom] [warning] IMU bias validation results:
[2026-07-08 17:25:10.142] [odom] [warning] num_bias_validations=18048
[2026-07-08 17:25:10.142] [odom] [warning] bias_acc=[0.023, -0.573, 0.091] m/s^2, bias_gyro=[-0.019, 0.001, 0.001] rad/s
[2026-07-08 17:25:10.142] [odom] [warning] acc_stat ax=0.379 +- 0.237 [min=-0.055, max=0.758], ay=-0.586 +- 0.281 [min=-0.990, max=0.022], az=0.046 +- 0.024 [min=0.005, max=0.091] m/s^2
[2026-07-08 17:25:10.142] [odom] [warning] gyro_stat wx=-0.019 +- 0.001 [min=-0.020, max=-0.016], wy=0.000 +- 0.001 [min=-0.004, max=0.002], wz=0.001 +- 0.000 [min=0.001, max=0.002] rad/s
[2026-07-08 17:25:12.712] [odom] [warning] IMU prediction is not good.
[2026-07-08 17:25:12.712] [odom] [warning] Possibly T_lidar_imu is not accurate or IMU bias is not well estimated.
[2026-07-08 17:25:12.712] [odom] [warning] IMU validation results:
[2026-07-08 17:25:12.712] [odom] [warning] num_validations=17664
[2026-07-08 17:25:12.712] [odom] [warning] No-IMU errors rot=0.205 +- 0.270 deg, trans=0.020 +- 0.010 m, vel=0.026 +- 0.019 m/s
[2026-07-08 17:25:12.712] [odom] [warning] IMU errors rot=0.065 +- 0.054 deg, trans=0.023 +- 0.011 m, vel=0.066 +- 0.030 m/s
[2026-07-08 17:25:12.712] [odom] [warning] IMU better ratios rot=0.87, trans=0.03, vel=0.08
[2026-07-08 17:25:12.715] [glim] [info] playback speed: 3.023x
[2026-07-08 17:25:13.091] [odom] [warning] IMU bias estimation seems inaccurate.
[2026-07-08 17:25:13.091] [odom] [warning] Possibly T_lidar_imu is not accurate or LiDAR-IMU synchronization is not correct.
[2026-07-08 17:25:13.091] [odom] [warning] IMU bias validation results:
[2026-07-08 17:25:13.091] [odom] [warning] num_bias_validations=18112
[2026-07-08 17:25:13.091] [odom] [warning] bias_acc=[0.014, -0.564, 0.093] m/s^2, bias_gyro=[-0.019, 0.002, 0.002] rad/s
[2026-07-08 17:25:13.091] [odom] [warning] acc_stat ax=0.378 +- 0.238 [min=-0.055, max=0.758], ay=-0.586 +- 0.280 [min=-0.990, max=0.022], az=0.046 +- 0.024 [min=0.005, max=0.093] m/s^2
[2026-07-08 17:25:13.091] [odom] [warning] gyro_stat wx=-0.019 +- 0.001 [min=-0.020, max=-0.016], wy=0.000 +- 0.001 [min=-0.004, max=0.002], wz=0.001 +- 0.000 [min=0.001, max=0.002] rad/s
[2026-07-08 17:25:14.160] [odom] [warning] IMU prediction is not good.
[2026-07-08 17:25:14.160] [odom] [warning] Possibly T_lidar_imu is not accurate or IMU bias is not well estimated.
[2026-07-08 17:25:14.160] [odom] [warning] IMU validation results:
[2026-07-08 17:25:14.160] [odom] [warning] num_validations=17728
[2026-07-08 17:25:14.160] [odom] [warning] No-IMU errors rot=0.208 +- 0.279 deg, trans=0.020 +- 0.010 m, vel=0.026 +- 0.019 m/s
[2026-07-08 17:25:14.160] [odom] [warning] IMU errors rot=0.066 +- 0.055 deg, trans=0.023 +- 0.011 m, vel=0.066 +- 0.030 m/s
[2026-07-08 17:25:14.160] [odom] [warning] IMU better ratios rot=0.87, trans=0.03, vel=0.08
[2026-07-08 17:25:14.375] [odom] [warning] IMU bias estimation seems inaccurate.
[2026-07-08 17:25:14.375] [odom] [warning] Possibly T_lidar_imu is not accurate or LiDAR-IMU synchronization is not correct.
[2026-07-08 17:25:14.375] [odom] [warning] IMU bias validation results:
[2026-07-08 17:25:14.375] [odom] [warning] num_bias_validations=18176
[2026-07-08 17:25:14.375] [odom] [warning] bias_acc=[0.000, -0.576, 0.095] m/s^2, bias_gyro=[-0.021, 0.004, 0.002] rad/s
[2026-07-08 17:25:14.375] [odom] [warning] acc_stat ax=0.376 +- 0.238 [min=-0.055, max=0.758], ay=-0.586 +- 0.280 [min=-0.990, max=0.022], az=0.046 +- 0.025 [min=0.005, max=0.095] m/s^2
[2026-07-08 17:25:14.375] [odom] [warning] gyro_stat wx=-0.019 +- 0.001 [min=-0.021, max=-0.016], wy=0.000 +- 0.001 [min=-0.004, max=0.004], wz=0.001 +- 0.000 [min=0.001, max=0.002] rad/s
[2026-07-08 17:25:16.881] [odom] [warning] IMU prediction is not good.
[2026-07-08 17:25:16.881] [odom] [warning] Possibly T_lidar_imu is not accurate or IMU bias is not well estimated.
[2026-07-08 17:25:16.881] [odom] [warning] IMU validation results:
[2026-07-08 17:25:16.881] [odom] [warning] num_validations=17792
[2026-07-08 17:25:16.881] [odom] [warning] No-IMU errors rot=0.209 +- 0.278 deg, trans=0.020 +- 0.010 m, vel=0.026 +- 0.019 m/s
[2026-07-08 17:25:16.881] [odom] [warning] IMU errors rot=0.066 +- 0.055 deg, trans=0.023 +- 0.011 m, vel=0.067 +- 0.030 m/s
[2026-07-08 17:25:16.881] [odom] [warning] IMU better ratios rot=0.87, trans=0.03, vel=0.08
[2026-07-08 17:25:17.332] [odom] [warning] IMU bias estimation seems inaccurate.
[2026-07-08 17:25:17.332] [odom] [warning] Possibly T_lidar_imu is not accurate or LiDAR-IMU synchronization is not correct.
[2026-07-08 17:25:17.332] [odom] [warning] IMU bias validation results:
[2026-07-08 17:25:17.332] [odom] [warning] num_bias_validations=18240
[2026-07-08 17:25:17.332] [odom] [warning] bias_acc=[-0.010, -0.607, 0.097] m/s^2, bias_gyro=[-0.021, 0.004, 0.002] rad/s
[2026-07-08 17:25:17.332] [odom] [warning] acc_stat ax=0.375 +- 0.239 [min=-0.055, max=0.758], ay=-0.586 +- 0.279 [min=-0.990, max=0.022], az=0.047 +- 0.025 [min=0.005, max=0.097] m/s^2
[2026-07-08 17:25:17.332] [odom] [warning] gyro_stat wx=-0.019 +- 0.001 [min=-0.021, max=-0.016], wy=0.000 +- 0.001 [min=-0.004, max=0.004], wz=0.001 +- 0.000 [min=0.001, max=0.002] rad/s
[2026-07-08 17:25:17.716] [glim] [info] playback speed: 2.921x
[2026-07-08 17:25:19.109] [odom] [warning] IMU prediction is not good.
[2026-07-08 17:25:19.109] [odom] [warning] Possibly T_lidar_imu is not accurate or IMU bias is not well estimated.
[2026-07-08 17:25:19.109] [odom] [warning] IMU validation results:
[2026-07-08 17:25:19.109] [odom] [warning] num_validations=17856
[2026-07-08 17:25:19.109] [odom] [warning] No-IMU errors rot=0.209 +- 0.278 deg, trans=0.020 +- 0.010 m, vel=0.026 +- 0.019 m/s
[2026-07-08 17:25:19.109] [odom] [warning] IMU errors rot=0.066 +- 0.055 deg, trans=0.023 +- 0.012 m, vel=0.067 +- 0.031 m/s
[2026-07-08 17:25:19.109] [odom] [warning] IMU better ratios rot=0.87, trans=0.03, vel=0.08
[2026-07-08 17:25:19.202] [odom] [warning] IMU bias estimation seems inaccurate.
[2026-07-08 17:25:19.202] [odom] [warning] Possibly T_lidar_imu is not accurate or LiDAR-IMU synchronization is not correct.
[2026-07-08 17:25:19.202] [odom] [warning] IMU bias validation results:
[2026-07-08 17:25:19.202] [odom] [warning] num_bias_validations=18304
[2026-07-08 17:25:19.202] [odom] [warning] bias_acc=[-0.023, -0.641, 0.099] m/s^2, bias_gyro=[-0.021, 0.004, 0.002] rad/s
[2026-07-08 17:25:19.202] [odom] [warning] acc_stat ax=0.374 +- 0.240 [min=-0.055, max=0.758], ay=-0.586 +- 0.279 [min=-0.990, max=0.022], az=0.047 +- 0.025 [min=0.005, max=0.099] m/s^2
[2026-07-08 17:25:19.202] [odom] [warning] gyro_stat wx=-0.019 +- 0.001 [min=-0.021, max=-0.016], wy=0.000 +- 0.001 [min=-0.004, max=0.004], wz=0.001 +- 0.000 [min=0.001, max=0.002] rad/s
[2026-07-08 17:25:21.827] [odom] [warning] IMU prediction is not good.
[2026-07-08 17:25:21.827] [odom] [warning] Possibly T_lidar_imu is not accurate or IMU bias is not well estimated.
[2026-07-08 17:25:21.827] [odom] [warning] IMU validation results:
[2026-07-08 17:25:21.827] [odom] [warning] num_validations=17920
[2026-07-08 17:25:21.827] [odom] [warning] No-IMU errors rot=0.209 +- 0.278 deg, trans=0.020 +- 0.011 m, vel=0.026 +- 0.019 m/s
[2026-07-08 17:25:21.827] [odom] [warning] IMU errors rot=0.066 +- 0.055 deg, trans=0.023 +- 0.012 m, vel=0.067 +- 0.031 m/s
[2026-07-08 17:25:21.827] [odom] [warning] IMU better ratios rot=0.87, trans=0.03, vel=0.08
[2026-07-08 17:25:22.294] [odom] [warning] IMU bias estimation seems inaccurate.
[2026-07-08 17:25:22.294] [odom] [warning] Possibly T_lidar_imu is not accurate or LiDAR-IMU synchronization is not correct.
[2026-07-08 17:25:22.294] [odom] [warning] IMU bias validation results:
[2026-07-08 17:25:22.294] [odom] [warning] num_bias_validations=18368
[2026-07-08 17:25:22.294] [odom] [warning] bias_acc=[-0.035, -0.676, 0.102] m/s^2, bias_gyro=[-0.020, 0.003, 0.002] rad/s
[2026-07-08 17:25:22.294] [odom] [warning] acc_stat ax=0.372 +- 0.240 [min=-0.055, max=0.758], ay=-0.586 +- 0.278 [min=-0.990, max=0.022], az=0.047 +- 0.025 [min=0.005, max=0.102] m/s^2
[2026-07-08 17:25:22.294] [odom] [warning] gyro_stat wx=-0.019 +- 0.001 [min=-0.021, max=-0.016], wy=0.000 +- 0.001 [min=-0.004, max=0.004], wz=0.001 +- 0.000 [min=0.001, max=0.002] rad/s
[2026-07-08 17:25:22.756] [glim] [info] playback speed: 2.617x
[2026-07-08 17:25:24.002] [glim] [warning] large time gap between consecutive IMU data!!
[2026-07-08 17:25:24.002] [glim] [warning] current=1783495982.713117 last=1783495891.544662 diff=91.168455
[2026-07-08 17:25:24.002] [glim] [warning] large time difference between points and imu!!
[2026-07-08 17:25:24.002] [glim] [warning] points=1783495891.431054 imu=1783495982.713117 diff=91.282063
[2026-07-08 17:25:24.003] [glim] [warning] large time difference between points and imu!!
[2026-07-08 17:25:24.003] [glim] [warning] points=1783495891.431054 imu=1783495982.723097 diff=91.292043
[2026-07-08 17:25:24.004] [glim] [warning] large time gap between consecutive LiDAR frames!!
[2026-07-08 17:25:24.004] [glim] [warning] current=1783495982.626613 last=1783495891.431054 diff=91.195559
local_index: -1, data.size(): 2, total_size: 18422
terminate called after throwing an instance of 'std::out_of_range'
  what():  IndexedSlidingWindow: index out of range
[ros2run]: Aborted
real 546.04
user 1233.04
sys 29.81
==> GLIM end 2026-07-08T08:25:24Z
