==> GLIM start 2026-07-09T13:56:14Z
[2026-07-09 22:56:14.718] [glim] [info] config_path: /home/systemlab/whill_lab0_ros2/docs/m5r-bench-data/2026-07-08-campus-outer-seg-A/glim-out-audit-tli/config/
[2026-07-09 22:56:14.718] [glim] [info] load libodometry_estimation_gpu.so
[2026-07-09 22:56:16.872] [glim] [info] load libsub_mapping.so
[2026-07-09 22:56:16.872] [glim] [info] load libglobal_mapping.so
[2026-07-09 22:56:16.873] [glim] [info] load libmemory_monitor.so
[2026-07-09 22:56:16.873] [glim] [info] load libstandard_viewer.so
[2026-07-09 22:56:17.031] [glim] [info] load librviz_viewer.so
[2026-07-09 22:56:17.040] [glim] [info] topics:
[2026-07-09 22:56:17.040] [glim] [info] - /imu/data_rep145
[2026-07-09 22:56:17.040] [glim] [info] - /velodyne_points
[2026-07-09 22:56:17.040] [glim] [info] - /image
[2026-07-09 22:56:17.040] [glim] [info] bag_filenames:
[2026-07-09 22:56:17.040] [glim] [info] - /home/systemlab/whill_lab0_ros2/docs/m5r-bench-data/2026-07-08-campus-outer-seg-A/bag
[2026-07-09 22:56:17.040] [glim] [warning] param glim_ros/playback_speed not found
[2026-07-09 22:56:17.040] [glim] [warning] use default_value=100
[2026-07-09 22:56:17.040] [glim] [info] opening /home/systemlab/whill_lab0_ros2/docs/m5r-bench-data/2026-07-08-campus-outer-seg-A/bag
[2026-07-09 22:56:17.041] [glim] [info] detected storage_id=sqlite3 from metadata.yaml
[INFO] [1783605377.044261550] [rosbag2_storage]: Opened database '/home/systemlab/whill_lab0_ros2/docs/m5r-bench-data/2026-07-08-campus-outer-seg-A/bag/bag_0.db3' for READ_ONLY.
[2026-07-09 22:56:17.048] [glim] [warning] negative per-point timestamp is found!! min=-0.100324 max=0.001306
[2026-07-09 22:56:17.048] [glim] [warning] add an offset to the frame timestamp to make per-point ones positive!!
[2026-07-09 22:56:17.167] [odom] [info] estimate initial IMU state
Initial error: 2491.76, values: 33
iter      cost      cost_change    lambda  success iter_time
   0      4.43925      2.5e+03      1e-05      1    0.00026
   1         0.16          4.3      1e-06      1     0.0002
   2         0.16        3e-07      1e-07      1    0.00019
[2026-07-09 22:56:17.169] [odom] [info] initial IMU state estimation result
[2026-07-09 22:56:17.169] [odom] [info] T_world_imu=se3(0.001055,0.001361,-0.000107,-0.052540,-0.065389,-0.002888,0.996472)
[2026-07-09 22:56:17.169] [odom] [info] v_world_imu=vec(0.010760,0.006540,0.053108)
[2026-07-09 22:56:17.169] [odom] [info] imu_bias=vec(-0.000396,-0.000166,0.001846,-0.004316,-0.000136,-0.000186)
[2026-07-09 22:56:17.175] [rviz] [info] auto-detected IMU frame ID: imu_link
[2026-07-09 22:56:17.175] [rviz] [info] auto-detected LiDAR frame ID: velodyne
[2026-07-09 22:56:17.175] [rviz] [info] base_frame_id is not set. using IMU frame ID 'imu_link' as base frame ID.
[2026-07-09 22:56:19.912] [odom] [warning] IMU prediction is not good.
[2026-07-09 22:56:19.912] [odom] [warning] Possibly T_lidar_imu is not accurate or IMU bias is not well estimated.
[2026-07-09 22:56:19.912] [odom] [warning] IMU validation results:
[2026-07-09 22:56:19.912] [odom] [warning] num_validations=64
[2026-07-09 22:56:19.912] [odom] [warning] No-IMU errors rot=0.229 +- 0.275 deg, trans=0.009 +- 0.006 m, vel=0.046 +- 0.036 m/s
[2026-07-09 22:56:19.912] [odom] [warning] IMU errors rot=0.108 +- 0.081 deg, trans=0.009 +- 0.006 m, vel=0.033 +- 0.020 m/s
[2026-07-09 22:56:19.912] [odom] [warning] IMU better ratios rot=0.86, trans=0.36, vel=0.58
[2026-07-09 22:56:20.681] [odom] [warning] IMU prediction is not good.
[2026-07-09 22:56:20.681] [odom] [warning] Possibly T_lidar_imu is not accurate or IMU bias is not well estimated.
[2026-07-09 22:56:20.681] [odom] [warning] IMU validation results:
[2026-07-09 22:56:20.681] [odom] [warning] num_validations=128
[2026-07-09 22:56:20.681] [odom] [warning] No-IMU errors rot=0.182 +- 0.231 deg, trans=0.008 +- 0.005 m, vel=0.036 +- 0.031 m/s
[2026-07-09 22:56:20.681] [odom] [warning] IMU errors rot=0.077 +- 0.068 deg, trans=0.008 +- 0.005 m, vel=0.029 +- 0.017 m/s
[2026-07-09 22:56:20.681] [odom] [warning] IMU better ratios rot=0.84, trans=0.32, vel=0.46
[2026-07-09 22:56:21.418] [odom] [warning] IMU prediction is not good.
[2026-07-09 22:56:21.418] [odom] [warning] Possibly T_lidar_imu is not accurate or IMU bias is not well estimated.
[2026-07-09 22:56:21.418] [odom] [warning] IMU validation results:
[2026-07-09 22:56:21.418] [odom] [warning] num_validations=192
[2026-07-09 22:56:21.418] [odom] [warning] No-IMU errors rot=0.160 +- 0.196 deg, trans=0.007 +- 0.005 m, vel=0.031 +- 0.027 m/s
[2026-07-09 22:56:21.418] [odom] [warning] IMU errors rot=0.072 +- 0.062 deg, trans=0.007 +- 0.004 m, vel=0.025 +- 0.016 m/s
[2026-07-09 22:56:21.418] [odom] [warning] IMU better ratios rot=0.83, trans=0.39, vel=0.51
[2026-07-09 22:56:22.421] [odom] [warning] IMU prediction is not good.
[2026-07-09 22:56:22.421] [odom] [warning] Possibly T_lidar_imu is not accurate or IMU bias is not well estimated.
[2026-07-09 22:56:22.421] [odom] [warning] IMU validation results:
[2026-07-09 22:56:22.421] [odom] [warning] num_validations=256
[2026-07-09 22:56:22.421] [odom] [warning] No-IMU errors rot=0.160 +- 0.181 deg, trans=0.007 +- 0.004 m, vel=0.029 +- 0.026 m/s
[2026-07-09 22:56:22.421] [odom] [warning] IMU errors rot=0.066 +- 0.059 deg, trans=0.007 +- 0.004 m, vel=0.024 +- 0.015 m/s
[2026-07-09 22:56:22.421] [odom] [warning] IMU better ratios rot=0.85, trans=0.39, vel=0.53
[2026-07-09 22:56:25.892] [odom] [warning] IMU prediction is not good.
[2026-07-09 22:56:25.892] [odom] [warning] Possibly T_lidar_imu is not accurate or IMU bias is not well estimated.
[2026-07-09 22:56:25.892] [odom] [warning] IMU validation results:
[2026-07-09 22:56:25.892] [odom] [warning] num_validations=512
[2026-07-09 22:56:25.892] [odom] [warning] No-IMU errors rot=0.153 +- 0.150 deg, trans=0.006 +- 0.004 m, vel=0.027 +- 0.022 m/s
[2026-07-09 22:56:25.892] [odom] [warning] IMU errors rot=0.062 +- 0.051 deg, trans=0.006 +- 0.004 m, vel=0.022 +- 0.013 m/s
[2026-07-09 22:56:25.892] [odom] [warning] IMU better ratios rot=0.88, trans=0.40, vel=0.56
[2026-07-09 22:56:26.714] [odom] [warning] IMU prediction is not good.
[2026-07-09 22:56:26.714] [odom] [warning] Possibly T_lidar_imu is not accurate or IMU bias is not well estimated.
[2026-07-09 22:56:26.714] [odom] [warning] IMU validation results:
[2026-07-09 22:56:26.714] [odom] [warning] num_validations=576
[2026-07-09 22:56:26.714] [odom] [warning] No-IMU errors rot=0.152 +- 0.143 deg, trans=0.006 +- 0.004 m, vel=0.026 +- 0.021 m/s
[2026-07-09 22:56:26.714] [odom] [warning] IMU errors rot=0.061 +- 0.049 deg, trans=0.006 +- 0.004 m, vel=0.022 +- 0.012 m/s
[2026-07-09 22:56:26.714] [odom] [warning] IMU better ratios rot=0.88, trans=0.38, vel=0.54
[2026-07-09 22:56:27.051] [glim] [info] playback speed: 7.316x
[2026-07-09 22:56:27.370] [odom] [warning] IMU prediction is not good.
[2026-07-09 22:56:27.370] [odom] [warning] Possibly T_lidar_imu is not accurate or IMU bias is not well estimated.
[2026-07-09 22:56:27.370] [odom] [warning] IMU validation results:
[2026-07-09 22:56:27.370] [odom] [warning] num_validations=640
[2026-07-09 22:56:27.370] [odom] [warning] No-IMU errors rot=0.153 +- 0.139 deg, trans=0.006 +- 0.004 m, vel=0.025 +- 0.020 m/s
[2026-07-09 22:56:27.370] [odom] [warning] IMU errors rot=0.064 +- 0.051 deg, trans=0.007 +- 0.004 m, vel=0.022 +- 0.012 m/s
[2026-07-09 22:56:27.370] [odom] [warning] IMU better ratios rot=0.85, trans=0.36, vel=0.51
[2026-07-09 22:56:28.579] [odom] [warning] IMU prediction is not good.
[2026-07-09 22:56:28.579] [odom] [warning] Possibly T_lidar_imu is not accurate or IMU bias is not well estimated.
[2026-07-09 22:56:28.579] [odom] [warning] IMU validation results:
[2026-07-09 22:56:28.579] [odom] [warning] num_validations=704
[2026-07-09 22:56:28.579] [odom] [warning] No-IMU errors rot=0.148 +- 0.134 deg, trans=0.007 +- 0.004 m, vel=0.025 +- 0.019 m/s
[2026-07-09 22:56:28.579] [odom] [warning] IMU errors rot=0.064 +- 0.049 deg, trans=0.007 +- 0.004 m, vel=0.023 +- 0.012 m/s
[2026-07-09 22:56:28.579] [odom] [warning] IMU better ratios rot=0.85, trans=0.33, vel=0.47
[2026-07-09 22:56:29.878] [odom] [warning] IMU prediction is not good.
[2026-07-09 22:56:29.878] [odom] [warning] Possibly T_lidar_imu is not accurate or IMU bias is not well estimated.
[2026-07-09 22:56:29.878] [odom] [warning] IMU validation results:
[2026-07-09 22:56:29.878] [odom] [warning] num_validations=768
[2026-07-09 22:56:29.878] [odom] [warning] No-IMU errors rot=0.159 +- 0.149 deg, trans=0.007 +- 0.004 m, vel=0.025 +- 0.020 m/s
[2026-07-09 22:56:29.878] [odom] [warning] IMU errors rot=0.066 +- 0.051 deg, trans=0.008 +- 0.004 m, vel=0.024 +- 0.014 m/s
[2026-07-09 22:56:29.878] [odom] [warning] IMU better ratios rot=0.85, trans=0.30, vel=0.45
[2026-07-09 22:56:31.339] [odom] [warning] IMU prediction is not good.
[2026-07-09 22:56:31.339] [odom] [warning] Possibly T_lidar_imu is not accurate or IMU bias is not well estimated.
[2026-07-09 22:56:31.339] [odom] [warning] IMU validation results:
[2026-07-09 22:56:31.339] [odom] [warning] num_validations=832
[2026-07-09 22:56:31.339] [odom] [warning] No-IMU errors rot=0.170 +- 0.189 deg, trans=0.008 +- 0.005 m, vel=0.026 +- 0.021 m/s
[2026-07-09 22:56:31.339] [odom] [warning] IMU errors rot=0.067 +- 0.052 deg, trans=0.008 +- 0.005 m, vel=0.026 +- 0.015 m/s
[2026-07-09 22:56:31.339] [odom] [warning] IMU better ratios rot=0.85, trans=0.28, vel=0.44
[2026-07-09 22:56:32.053] [glim] [info] playback speed: 5.922x
[2026-07-09 22:56:32.563] [odom] [warning] IMU prediction is not good.
[2026-07-09 22:56:32.563] [odom] [warning] Possibly T_lidar_imu is not accurate or IMU bias is not well estimated.
[2026-07-09 22:56:32.563] [odom] [warning] IMU validation results:
[2026-07-09 22:56:32.563] [odom] [warning] num_validations=896
[2026-07-09 22:56:32.563] [odom] [warning] No-IMU errors rot=0.171 +- 0.191 deg, trans=0.008 +- 0.005 m, vel=0.026 +- 0.020 m/s
[2026-07-09 22:56:32.563] [odom] [warning] IMU errors rot=0.066 +- 0.051 deg, trans=0.009 +- 0.005 m, vel=0.027 +- 0.015 m/s
[2026-07-09 22:56:32.563] [odom] [warning] IMU better ratios rot=0.86, trans=0.26, vel=0.42
[2026-07-09 22:56:34.210] [odom] [warning] IMU prediction is not good.
[2026-07-09 22:56:34.210] [odom] [warning] Possibly T_lidar_imu is not accurate or IMU bias is not well estimated.
[2026-07-09 22:56:34.210] [odom] [warning] IMU validation results:
[2026-07-09 22:56:34.210] [odom] [warning] num_validations=960
[2026-07-09 22:56:34.210] [odom] [warning] No-IMU errors rot=0.167 +- 0.187 deg, trans=0.008 +- 0.005 m, vel=0.026 +- 0.020 m/s
[2026-07-09 22:56:34.210] [odom] [warning] IMU errors rot=0.064 +- 0.050 deg, trans=0.009 +- 0.005 m, vel=0.028 +- 0.015 m/s
[2026-07-09 22:56:34.210] [odom] [warning] IMU better ratios rot=0.85, trans=0.24, vel=0.39
[2026-07-09 22:56:35.731] [odom] [warning] IMU prediction is not good.
[2026-07-09 22:56:35.731] [odom] [warning] Possibly T_lidar_imu is not accurate or IMU bias is not well estimated.
[2026-07-09 22:56:35.731] [odom] [warning] IMU validation results:
[2026-07-09 22:56:35.731] [odom] [warning] num_validations=1024
[2026-07-09 22:56:35.731] [odom] [warning] No-IMU errors rot=0.166 +- 0.182 deg, trans=0.008 +- 0.005 m, vel=0.026 +- 0.019 m/s
[2026-07-09 22:56:35.731] [odom] [warning] IMU errors rot=0.065 +- 0.050 deg, trans=0.009 +- 0.005 m, vel=0.029 +- 0.015 m/s
[2026-07-09 22:56:35.731] [odom] [warning] IMU better ratios rot=0.85, trans=0.23, vel=0.38
[2026-07-09 22:56:37.092] [glim] [info] playback speed: 3.503x
[2026-07-09 22:56:37.599] [odom] [warning] IMU prediction is not good.
[2026-07-09 22:56:37.599] [odom] [warning] Possibly T_lidar_imu is not accurate or IMU bias is not well estimated.
[2026-07-09 22:56:37.599] [odom] [warning] IMU validation results:
[2026-07-09 22:56:37.599] [odom] [warning] num_validations=1088
[2026-07-09 22:56:37.599] [odom] [warning] No-IMU errors rot=0.169 +- 0.179 deg, trans=0.009 +- 0.005 m, vel=0.026 +- 0.019 m/s
[2026-07-09 22:56:37.599] [odom] [warning] IMU errors rot=0.066 +- 0.050 deg, trans=0.010 +- 0.005 m, vel=0.030 +- 0.016 m/s
[2026-07-09 22:56:37.599] [odom] [warning] IMU better ratios rot=0.85, trans=0.22, vel=0.36
[2026-07-09 22:56:39.454] [odom] [warning] IMU prediction is not good.
[2026-07-09 22:56:39.454] [odom] [warning] Possibly T_lidar_imu is not accurate or IMU bias is not well estimated.
[2026-07-09 22:56:39.454] [odom] [warning] IMU validation results:
[2026-07-09 22:56:39.454] [odom] [warning] num_validations=1152
[2026-07-09 22:56:39.454] [odom] [warning] No-IMU errors rot=0.172 +- 0.182 deg, trans=0.009 +- 0.005 m, vel=0.026 +- 0.019 m/s
[2026-07-09 22:56:39.454] [odom] [warning] IMU errors rot=0.065 +- 0.049 deg, trans=0.010 +- 0.005 m, vel=0.031 +- 0.016 m/s
[2026-07-09 22:56:39.454] [odom] [warning] IMU better ratios rot=0.85, trans=0.21, vel=0.34
[2026-07-09 22:56:41.408] [odom] [warning] IMU prediction is not good.
[2026-07-09 22:56:41.408] [odom] [warning] Possibly T_lidar_imu is not accurate or IMU bias is not well estimated.
[2026-07-09 22:56:41.408] [odom] [warning] IMU validation results:
[2026-07-09 22:56:41.408] [odom] [warning] num_validations=1216
[2026-07-09 22:56:41.408] [odom] [warning] No-IMU errors rot=0.172 +- 0.180 deg, trans=0.009 +- 0.005 m, vel=0.026 +- 0.018 m/s
[2026-07-09 22:56:41.408] [odom] [warning] IMU errors rot=0.065 +- 0.048 deg, trans=0.010 +- 0.005 m, vel=0.033 +- 0.017 m/s
[2026-07-09 22:56:41.408] [odom] [warning] IMU better ratios rot=0.85, trans=0.20, vel=0.32
[2026-07-09 22:56:42.116] [glim] [info] playback speed: 3.917x
[2026-07-09 22:56:43.228] [odom] [warning] IMU prediction is not good.
[2026-07-09 22:56:43.228] [odom] [warning] Possibly T_lidar_imu is not accurate or IMU bias is not well estimated.
[2026-07-09 22:56:43.228] [odom] [warning] IMU validation results:
[2026-07-09 22:56:43.228] [odom] [warning] num_validations=1280
[2026-07-09 22:56:43.228] [odom] [warning] No-IMU errors rot=0.175 +- 0.179 deg, trans=0.010 +- 0.005 m, vel=0.026 +- 0.018 m/s
[2026-07-09 22:56:43.228] [odom] [warning] IMU errors rot=0.065 +- 0.047 deg, trans=0.011 +- 0.006 m, vel=0.034 +- 0.017 m/s
[2026-07-09 22:56:43.228] [odom] [warning] IMU better ratios rot=0.85, trans=0.19, vel=0.31
[2026-07-09 22:56:44.205] [odom] [warning] IMU prediction is not good.
[2026-07-09 22:56:44.205] [odom] [warning] Possibly T_lidar_imu is not accurate or IMU bias is not well estimated.
[2026-07-09 22:56:44.205] [odom] [warning] IMU validation results:
[2026-07-09 22:56:44.205] [odom] [warning] num_validations=1344
[2026-07-09 22:56:44.205] [odom] [warning] No-IMU errors rot=0.173 +- 0.176 deg, trans=0.010 +- 0.005 m, vel=0.026 +- 0.018 m/s
[2026-07-09 22:56:44.205] [odom] [warning] IMU errors rot=0.065 +- 0.047 deg, trans=0.011 +- 0.006 m, vel=0.035 +- 0.018 m/s
[2026-07-09 22:56:44.205] [odom] [warning] IMU better ratios rot=0.85, trans=0.18, vel=0.29
[2026-07-09 22:56:46.626] [odom] [warning] IMU prediction is not good.
[2026-07-09 22:56:46.626] [odom] [warning] Possibly T_lidar_imu is not accurate or IMU bias is not well estimated.
[2026-07-09 22:56:46.626] [odom] [warning] IMU validation results:
[2026-07-09 22:56:46.626] [odom] [warning] num_validations=1408
[2026-07-09 22:56:46.626] [odom] [warning] No-IMU errors rot=0.179 +- 0.182 deg, trans=0.011 +- 0.006 m, vel=0.026 +- 0.018 m/s
[2026-07-09 22:56:46.626] [odom] [warning] IMU errors rot=0.067 +- 0.049 deg, trans=0.012 +- 0.006 m, vel=0.036 +- 0.019 m/s
[2026-07-09 22:56:46.626] [odom] [warning] IMU better ratios rot=0.85, trans=0.17, vel=0.28
[2026-07-09 22:56:47.128] [glim] [info] playback speed: 4.028x
[2026-07-09 22:56:47.873] [odom] [warning] IMU prediction is not good.
[2026-07-09 22:56:47.873] [odom] [warning] Possibly T_lidar_imu is not accurate or IMU bias is not well estimated.
[2026-07-09 22:56:47.873] [odom] [warning] IMU validation results:
[2026-07-09 22:56:47.873] [odom] [warning] num_validations=1472
[2026-07-09 22:56:47.873] [odom] [warning] No-IMU errors rot=0.185 +- 0.194 deg, trans=0.011 +- 0.007 m, vel=0.027 +- 0.019 m/s
[2026-07-09 22:56:47.873] [odom] [warning] IMU errors rot=0.069 +- 0.050 deg, trans=0.013 +- 0.008 m, vel=0.038 +- 0.020 m/s
[2026-07-09 22:56:47.873] [odom] [warning] IMU better ratios rot=0.85, trans=0.16, vel=0.28
[2026-07-09 22:56:49.318] [odom] [warning] IMU prediction is not good.
[2026-07-09 22:56:49.318] [odom] [warning] Possibly T_lidar_imu is not accurate or IMU bias is not well estimated.
[2026-07-09 22:56:49.318] [odom] [warning] IMU validation results:
[2026-07-09 22:56:49.318] [odom] [warning] num_validations=1536
[2026-07-09 22:56:49.318] [odom] [warning] No-IMU errors rot=0.194 +- 0.201 deg, trans=0.012 +- 0.007 m, vel=0.027 +- 0.019 m/s
[2026-07-09 22:56:49.318] [odom] [warning] IMU errors rot=0.069 +- 0.050 deg, trans=0.013 +- 0.008 m, vel=0.039 +- 0.021 m/s
[2026-07-09 22:56:49.318] [odom] [warning] IMU better ratios rot=0.85, trans=0.16, vel=0.27
[2026-07-09 22:56:51.892] [odom] [warning] IMU prediction is not good.
[2026-07-09 22:56:51.892] [odom] [warning] Possibly T_lidar_imu is not accurate or IMU bias is not well estimated.
[2026-07-09 22:56:51.892] [odom] [warning] IMU validation results:
[2026-07-09 22:56:51.892] [odom] [warning] num_validations=1600
[2026-07-09 22:56:51.892] [odom] [warning] No-IMU errors rot=0.191 +- 0.200 deg, trans=0.012 +- 0.007 m, vel=0.027 +- 0.019 m/s
[2026-07-09 22:56:51.892] [odom] [warning] IMU errors rot=0.068 +- 0.049 deg, trans=0.014 +- 0.008 m, vel=0.040 +- 0.021 m/s
[2026-07-09 22:56:51.892] [odom] [warning] IMU better ratios rot=0.85, trans=0.15, vel=0.26
[2026-07-09 22:56:52.128] [glim] [info] playback speed: 3.307x
[2026-07-09 22:56:53.833] [odom] [warning] IMU prediction is not good.
[2026-07-09 22:56:53.833] [odom] [warning] Possibly T_lidar_imu is not accurate or IMU bias is not well estimated.
[2026-07-09 22:56:53.833] [odom] [warning] IMU validation results:
[2026-07-09 22:56:53.833] [odom] [warning] num_validations=1664
[2026-07-09 22:56:53.833] [odom] [warning] No-IMU errors rot=0.189 +- 0.199 deg, trans=0.013 +- 0.007 m, vel=0.027 +- 0.019 m/s
[2026-07-09 22:56:53.833] [odom] [warning] IMU errors rot=0.067 +- 0.049 deg, trans=0.014 +- 0.008 m, vel=0.041 +- 0.022 m/s
[2026-07-09 22:56:53.833] [odom] [warning] IMU better ratios rot=0.85, trans=0.14, vel=0.25
[2026-07-09 22:56:56.087] [odom] [warning] IMU prediction is not good.
[2026-07-09 22:56:56.087] [odom] [warning] Possibly T_lidar_imu is not accurate or IMU bias is not well estimated.
[2026-07-09 22:56:56.087] [odom] [warning] IMU validation results:
[2026-07-09 22:56:56.087] [odom] [warning] num_validations=1728
[2026-07-09 22:56:56.087] [odom] [warning] No-IMU errors rot=0.196 +- 0.207 deg, trans=0.013 +- 0.008 m, vel=0.027 +- 0.019 m/s
[2026-07-09 22:56:56.087] [odom] [warning] IMU errors rot=0.067 +- 0.048 deg, trans=0.015 +- 0.009 m, vel=0.043 +- 0.022 m/s
[2026-07-09 22:56:56.087] [odom] [warning] IMU better ratios rot=0.85, trans=0.14, vel=0.24
[2026-07-09 22:56:57.130] [glim] [info] playback speed: 3.224x
[2026-07-09 22:56:57.364] [odom] [warning] IMU prediction is not good.
[2026-07-09 22:56:57.364] [odom] [warning] Possibly T_lidar_imu is not accurate or IMU bias is not well estimated.
[2026-07-09 22:56:57.364] [odom] [warning] IMU validation results:
[2026-07-09 22:56:57.364] [odom] [warning] num_validations=1792
[2026-07-09 22:56:57.364] [odom] [warning] No-IMU errors rot=0.199 +- 0.208 deg, trans=0.014 +- 0.008 m, vel=0.027 +- 0.019 m/s
[2026-07-09 22:56:57.364] [odom] [warning] IMU errors rot=0.067 +- 0.048 deg, trans=0.015 +- 0.009 m, vel=0.045 +- 0.024 m/s
[2026-07-09 22:56:57.364] [odom] [warning] IMU better ratios rot=0.85, trans=0.13, vel=0.23
[2026-07-09 22:56:59.822] [odom] [warning] IMU prediction is not good.
[2026-07-09 22:56:59.822] [odom] [warning] Possibly T_lidar_imu is not accurate or IMU bias is not well estimated.
[2026-07-09 22:56:59.822] [odom] [warning] IMU validation results:
[2026-07-09 22:56:59.822] [odom] [warning] num_validations=1856
[2026-07-09 22:56:59.822] [odom] [warning] No-IMU errors rot=0.196 +- 0.205 deg, trans=0.014 +- 0.008 m, vel=0.027 +- 0.019 m/s
[2026-07-09 22:56:59.822] [odom] [warning] IMU errors rot=0.066 +- 0.047 deg, trans=0.016 +- 0.009 m, vel=0.046 +- 0.024 m/s
[2026-07-09 22:56:59.822] [odom] [warning] IMU better ratios rot=0.85, trans=0.13, vel=0.22
[2026-07-09 22:57:00.734] [odom] [warning] IMU prediction is not good.
[2026-07-09 22:57:00.734] [odom] [warning] Possibly T_lidar_imu is not accurate or IMU bias is not well estimated.
[2026-07-09 22:57:00.734] [odom] [warning] IMU validation results:
[2026-07-09 22:57:00.734] [odom] [warning] num_validations=1920
[2026-07-09 22:57:00.734] [odom] [warning] No-IMU errors rot=0.193 +- 0.203 deg, trans=0.014 +- 0.008 m, vel=0.027 +- 0.019 m/s
[2026-07-09 22:57:00.734] [odom] [warning] IMU errors rot=0.065 +- 0.047 deg, trans=0.016 +- 0.010 m, vel=0.047 +- 0.024 m/s
[2026-07-09 22:57:00.734] [odom] [warning] IMU better ratios rot=0.85, trans=0.12, vel=0.22
[2026-07-09 22:57:02.131] [glim] [info] playback speed: 4.138x
[2026-07-09 22:57:02.452] [odom] [warning] IMU prediction is not good.
[2026-07-09 22:57:02.452] [odom] [warning] Possibly T_lidar_imu is not accurate or IMU bias is not well estimated.
[2026-07-09 22:57:02.452] [odom] [warning] IMU validation results:
[2026-07-09 22:57:02.452] [odom] [warning] num_validations=1984
[2026-07-09 22:57:02.452] [odom] [warning] No-IMU errors rot=0.191 +- 0.200 deg, trans=0.015 +- 0.009 m, vel=0.026 +- 0.018 m/s
[2026-07-09 22:57:02.452] [odom] [warning] IMU errors rot=0.065 +- 0.046 deg, trans=0.017 +- 0.010 m, vel=0.048 +- 0.025 m/s
[2026-07-09 22:57:02.452] [odom] [warning] IMU better ratios rot=0.85, trans=0.12, vel=0.21
[2026-07-09 22:57:04.292] [odom] [warning] IMU prediction is not good.
[2026-07-09 22:57:04.293] [odom] [warning] Possibly T_lidar_imu is not accurate or IMU bias is not well estimated.
[2026-07-09 22:57:04.293] [odom] [warning] IMU validation results:
[2026-07-09 22:57:04.293] [odom] [warning] num_validations=2048
[2026-07-09 22:57:04.293] [odom] [warning] No-IMU errors rot=0.188 +- 0.198 deg, trans=0.015 +- 0.009 m, vel=0.026 +- 0.018 m/s
[2026-07-09 22:57:04.293] [odom] [warning] IMU errors rot=0.064 +- 0.046 deg, trans=0.017 +- 0.010 m, vel=0.049 +- 0.025 m/s
[2026-07-09 22:57:04.293] [odom] [warning] IMU better ratios rot=0.85, trans=0.12, vel=0.20
[2026-07-09 22:57:06.360] [odom] [warning] IMU prediction is not good.
[2026-07-09 22:57:06.361] [odom] [warning] Possibly T_lidar_imu is not accurate or IMU bias is not well estimated.
[2026-07-09 22:57:06.361] [odom] [warning] IMU validation results:
[2026-07-09 22:57:06.361] [odom] [warning] num_validations=2112
[2026-07-09 22:57:06.361] [odom] [warning] No-IMU errors rot=0.188 +- 0.198 deg, trans=0.016 +- 0.010 m, vel=0.026 +- 0.018 m/s
[2026-07-09 22:57:06.361] [odom] [warning] IMU errors rot=0.064 +- 0.046 deg, trans=0.018 +- 0.011 m, vel=0.050 +- 0.025 m/s
[2026-07-09 22:57:06.361] [odom] [warning] IMU better ratios rot=0.85, trans=0.11, vel=0.20
[2026-07-09 22:57:07.133] [glim] [info] playback speed: 3.408x
[2026-07-09 22:57:08.859] [odom] [warning] IMU prediction is not good.
[2026-07-09 22:57:08.859] [odom] [warning] Possibly T_lidar_imu is not accurate or IMU bias is not well estimated.
[2026-07-09 22:57:08.859] [odom] [warning] IMU validation results:
[2026-07-09 22:57:08.859] [odom] [warning] num_validations=2176
[2026-07-09 22:57:08.859] [odom] [warning] No-IMU errors rot=0.190 +- 0.200 deg, trans=0.016 +- 0.010 m, vel=0.027 +- 0.019 m/s
[2026-07-09 22:57:08.859] [odom] [warning] IMU errors rot=0.066 +- 0.048 deg, trans=0.018 +- 0.011 m, vel=0.050 +- 0.025 m/s
[2026-07-09 22:57:08.859] [odom] [warning] IMU better ratios rot=0.84, trans=0.11, vel=0.19
[2026-07-09 22:57:11.450] [odom] [warning] IMU prediction is not good.
[2026-07-09 22:57:11.450] [odom] [warning] Possibly T_lidar_imu is not accurate or IMU bias is not well estimated.
[2026-07-09 22:57:11.450] [odom] [warning] IMU validation results:
[2026-07-09 22:57:11.450] [odom] [warning] num_validations=2240
[2026-07-09 22:57:11.450] [odom] [warning] No-IMU errors rot=0.197 +- 0.205 deg, trans=0.016 +- 0.010 m, vel=0.027 +- 0.019 m/s
[2026-07-09 22:57:11.450] [odom] [warning] IMU errors rot=0.067 +- 0.048 deg, trans=0.019 +- 0.011 m, vel=0.051 +- 0.025 m/s
[2026-07-09 22:57:11.450] [odom] [warning] IMU better ratios rot=0.85, trans=0.11, vel=0.19
[2026-07-09 22:57:12.135] [glim] [info] playback speed: 2.961x
[2026-07-09 22:57:13.190] [odom] [warning] IMU prediction is not good.
[2026-07-09 22:57:13.190] [odom] [warning] Possibly T_lidar_imu is not accurate or IMU bias is not well estimated.
[2026-07-09 22:57:13.190] [odom] [warning] IMU validation results:
[2026-07-09 22:57:13.190] [odom] [warning] num_validations=2304
[2026-07-09 22:57:13.190] [odom] [warning] No-IMU errors rot=0.200 +- 0.205 deg, trans=0.017 +- 0.010 m, vel=0.027 +- 0.019 m/s
[2026-07-09 22:57:13.190] [odom] [warning] IMU errors rot=0.068 +- 0.049 deg, trans=0.019 +- 0.011 m, vel=0.052 +- 0.026 m/s
[2026-07-09 22:57:13.190] [odom] [warning] IMU better ratios rot=0.85, trans=0.10, vel=0.18
[2026-07-09 22:57:14.950] [odom] [warning] IMU prediction is not good.
[2026-07-09 22:57:14.950] [odom] [warning] Possibly T_lidar_imu is not accurate or IMU bias is not well estimated.
[2026-07-09 22:57:14.950] [odom] [warning] IMU validation results:
[2026-07-09 22:57:14.950] [odom] [warning] num_validations=2368
[2026-07-09 22:57:14.950] [odom] [warning] No-IMU errors rot=0.201 +- 0.205 deg, trans=0.017 +- 0.010 m, vel=0.027 +- 0.019 m/s
[2026-07-09 22:57:14.950] [odom] [warning] IMU errors rot=0.068 +- 0.048 deg, trans=0.019 +- 0.011 m, vel=0.053 +- 0.026 m/s
[2026-07-09 22:57:14.950] [odom] [warning] IMU better ratios rot=0.85, trans=0.10, vel=0.18
[2026-07-09 22:57:17.164] [glim] [info] playback speed: 3.005x
[2026-07-09 22:57:17.314] [odom] [warning] IMU prediction is not good.
[2026-07-09 22:57:17.314] [odom] [warning] Possibly T_lidar_imu is not accurate or IMU bias is not well estimated.
[2026-07-09 22:57:17.314] [odom] [warning] IMU validation results:
[2026-07-09 22:57:17.314] [odom] [warning] num_validations=2432
[2026-07-09 22:57:17.314] [odom] [warning] No-IMU errors rot=0.206 +- 0.209 deg, trans=0.017 +- 0.010 m, vel=0.027 +- 0.019 m/s
[2026-07-09 22:57:17.314] [odom] [warning] IMU errors rot=0.068 +- 0.049 deg, trans=0.020 +- 0.011 m, vel=0.054 +- 0.027 m/s
[2026-07-09 22:57:17.314] [odom] [warning] IMU better ratios rot=0.85, trans=0.10, vel=0.17
[2026-07-09 22:57:18.398] [odom] [warning] IMU prediction is not good.
[2026-07-09 22:57:18.398] [odom] [warning] Possibly T_lidar_imu is not accurate or IMU bias is not well estimated.
[2026-07-09 22:57:18.398] [odom] [warning] IMU validation results:
[2026-07-09 22:57:18.398] [odom] [warning] num_validations=2496
[2026-07-09 22:57:18.398] [odom] [warning] No-IMU errors rot=0.203 +- 0.208 deg, trans=0.018 +- 0.010 m, vel=0.027 +- 0.019 m/s
[2026-07-09 22:57:18.398] [odom] [warning] IMU errors rot=0.067 +- 0.048 deg, trans=0.020 +- 0.011 m, vel=0.055 +- 0.027 m/s
[2026-07-09 22:57:18.398] [odom] [warning] IMU better ratios rot=0.85, trans=0.10, vel=0.17
[2026-07-09 22:57:20.993] [odom] [warning] IMU prediction is not good.
[2026-07-09 22:57:20.993] [odom] [warning] Possibly T_lidar_imu is not accurate or IMU bias is not well estimated.
[2026-07-09 22:57:20.993] [odom] [warning] IMU validation results:
[2026-07-09 22:57:20.993] [odom] [warning] num_validations=2560
[2026-07-09 22:57:20.993] [odom] [warning] No-IMU errors rot=0.209 +- 0.223 deg, trans=0.018 +- 0.010 m, vel=0.027 +- 0.019 m/s
[2026-07-09 22:57:20.993] [odom] [warning] IMU errors rot=0.067 +- 0.048 deg, trans=0.020 +- 0.011 m, vel=0.055 +- 0.027 m/s
[2026-07-09 22:57:20.993] [odom] [warning] IMU better ratios rot=0.86, trans=0.09, vel=0.16
[2026-07-09 22:57:22.179] [glim] [info] playback speed: 3.763x
[2026-07-09 22:57:22.656] [odom] [warning] IMU prediction is not good.
[2026-07-09 22:57:22.657] [odom] [warning] Possibly T_lidar_imu is not accurate or IMU bias is not well estimated.
[2026-07-09 22:57:22.657] [odom] [warning] IMU validation results:
[2026-07-09 22:57:22.657] [odom] [warning] num_validations=2624
[2026-07-09 22:57:22.657] [odom] [warning] No-IMU errors rot=0.221 +- 0.242 deg, trans=0.018 +- 0.011 m, vel=0.027 +- 0.019 m/s
[2026-07-09 22:57:22.657] [odom] [warning] IMU errors rot=0.067 +- 0.048 deg, trans=0.021 +- 0.012 m, vel=0.057 +- 0.030 m/s
[2026-07-09 22:57:22.657] [odom] [warning] IMU better ratios rot=0.86, trans=0.09, vel=0.16
[2026-07-09 22:57:24.297] [odom] [warning] IMU prediction is not good.
[2026-07-09 22:57:24.297] [odom] [warning] Possibly T_lidar_imu is not accurate or IMU bias is not well estimated.
[2026-07-09 22:57:24.297] [odom] [warning] IMU validation results:
[2026-07-09 22:57:24.297] [odom] [warning] num_validations=2688
[2026-07-09 22:57:24.297] [odom] [warning] No-IMU errors rot=0.228 +- 0.246 deg, trans=0.019 +- 0.011 m, vel=0.027 +- 0.019 m/s
[2026-07-09 22:57:24.297] [odom] [warning] IMU errors rot=0.068 +- 0.048 deg, trans=0.021 +- 0.012 m, vel=0.058 +- 0.030 m/s
[2026-07-09 22:57:24.297] [odom] [warning] IMU better ratios rot=0.86, trans=0.09, vel=0.16
[2026-07-09 22:57:26.917] [odom] [warning] IMU prediction is not good.
[2026-07-09 22:57:26.917] [odom] [warning] Possibly T_lidar_imu is not accurate or IMU bias is not well estimated.
[2026-07-09 22:57:26.917] [odom] [warning] IMU validation results:
[2026-07-09 22:57:26.917] [odom] [warning] num_validations=2752
[2026-07-09 22:57:26.917] [odom] [warning] No-IMU errors rot=0.225 +- 0.245 deg, trans=0.019 +- 0.011 m, vel=0.027 +- 0.019 m/s
[2026-07-09 22:57:26.917] [odom] [warning] IMU errors rot=0.067 +- 0.048 deg, trans=0.021 +- 0.012 m, vel=0.059 +- 0.030 m/s
[2026-07-09 22:57:26.917] [odom] [warning] IMU better ratios rot=0.85, trans=0.09, vel=0.15
[2026-07-09 22:57:27.203] [glim] [info] playback speed: 2.988x
[2026-07-09 22:57:29.416] [odom] [warning] IMU prediction is not good.
[2026-07-09 22:57:29.416] [odom] [warning] Possibly T_lidar_imu is not accurate or IMU bias is not well estimated.
[2026-07-09 22:57:29.416] [odom] [warning] IMU validation results:
[2026-07-09 22:57:29.416] [odom] [warning] num_validations=2816
[2026-07-09 22:57:29.416] [odom] [warning] No-IMU errors rot=0.221 +- 0.243 deg, trans=0.019 +- 0.011 m, vel=0.027 +- 0.018 m/s
[2026-07-09 22:57:29.416] [odom] [warning] IMU errors rot=0.067 +- 0.048 deg, trans=0.022 +- 0.012 m, vel=0.059 +- 0.030 m/s
[2026-07-09 22:57:29.416] [odom] [warning] IMU better ratios rot=0.85, trans=0.09, vel=0.15
[2026-07-09 22:57:31.398] [odom] [warning] IMU prediction is not good.
[2026-07-09 22:57:31.398] [odom] [warning] Possibly T_lidar_imu is not accurate or IMU bias is not well estimated.
[2026-07-09 22:57:31.398] [odom] [warning] IMU validation results:
[2026-07-09 22:57:31.398] [odom] [warning] num_validations=2880
[2026-07-09 22:57:31.398] [odom] [warning] No-IMU errors rot=0.218 +- 0.241 deg, trans=0.019 +- 0.011 m, vel=0.026 +- 0.018 m/s
[2026-07-09 22:57:31.398] [odom] [warning] IMU errors rot=0.066 +- 0.048 deg, trans=0.022 +- 0.012 m, vel=0.060 +- 0.030 m/s
[2026-07-09 22:57:31.398] [odom] [warning] IMU better ratios rot=0.85, trans=0.08, vel=0.15
[2026-07-09 22:57:32.204] [glim] [info] playback speed: 3.205x
[2026-07-09 22:57:33.508] [odom] [warning] IMU prediction is not good.
[2026-07-09 22:57:33.508] [odom] [warning] Possibly T_lidar_imu is not accurate or IMU bias is not well estimated.
[2026-07-09 22:57:33.508] [odom] [warning] IMU validation results:
[2026-07-09 22:57:33.508] [odom] [warning] num_validations=2944
[2026-07-09 22:57:33.508] [odom] [warning] No-IMU errors rot=0.215 +- 0.240 deg, trans=0.019 +- 0.011 m, vel=0.026 +- 0.018 m/s
[2026-07-09 22:57:33.508] [odom] [warning] IMU errors rot=0.066 +- 0.047 deg, trans=0.022 +- 0.012 m, vel=0.061 +- 0.030 m/s
[2026-07-09 22:57:33.508] [odom] [warning] IMU better ratios rot=0.85, trans=0.08, vel=0.14
[2026-07-09 22:57:34.930] [odom] [warning] IMU prediction is not good.
[2026-07-09 22:57:34.930] [odom] [warning] Possibly T_lidar_imu is not accurate or IMU bias is not well estimated.
[2026-07-09 22:57:34.930] [odom] [warning] IMU validation results:
[2026-07-09 22:57:34.930] [odom] [warning] num_validations=3008
[2026-07-09 22:57:34.930] [odom] [warning] No-IMU errors rot=0.213 +- 0.238 deg, trans=0.020 +- 0.011 m, vel=0.026 +- 0.018 m/s
[2026-07-09 22:57:34.930] [odom] [warning] IMU errors rot=0.066 +- 0.047 deg, trans=0.022 +- 0.012 m, vel=0.062 +- 0.030 m/s
[2026-07-09 22:57:34.930] [odom] [warning] IMU better ratios rot=0.85, trans=0.08, vel=0.14
[2026-07-09 22:57:36.976] [odom] [warning] IMU prediction is not good.
[2026-07-09 22:57:36.976] [odom] [warning] Possibly T_lidar_imu is not accurate or IMU bias is not well estimated.
[2026-07-09 22:57:36.976] [odom] [warning] IMU validation results:
[2026-07-09 22:57:36.976] [odom] [warning] num_validations=3072
[2026-07-09 22:57:36.976] [odom] [warning] No-IMU errors rot=0.218 +- 0.242 deg, trans=0.020 +- 0.011 m, vel=0.026 +- 0.018 m/s
[2026-07-09 22:57:36.976] [odom] [warning] IMU errors rot=0.066 +- 0.047 deg, trans=0.023 +- 0.012 m, vel=0.063 +- 0.031 m/s
[2026-07-09 22:57:36.976] [odom] [warning] IMU better ratios rot=0.85, trans=0.08, vel=0.14
[2026-07-09 22:57:37.205] [glim] [info] playback speed: 3.551x
[2026-07-09 22:57:39.120] [odom] [warning] IMU prediction is not good.
[2026-07-09 22:57:39.120] [odom] [warning] Possibly T_lidar_imu is not accurate or IMU bias is not well estimated.
[2026-07-09 22:57:39.120] [odom] [warning] IMU validation results:
[2026-07-09 22:57:39.120] [odom] [warning] num_validations=3136
[2026-07-09 22:57:39.120] [odom] [warning] No-IMU errors rot=0.222 +- 0.241 deg, trans=0.020 +- 0.011 m, vel=0.026 +- 0.018 m/s
[2026-07-09 22:57:39.120] [odom] [warning] IMU errors rot=0.065 +- 0.047 deg, trans=0.023 +- 0.013 m, vel=0.065 +- 0.033 m/s
[2026-07-09 22:57:39.120] [odom] [warning] IMU better ratios rot=0.85, trans=0.08, vel=0.13
[2026-07-09 22:57:41.293] [odom] [warning] IMU prediction is not good.
[2026-07-09 22:57:41.293] [odom] [warning] Possibly T_lidar_imu is not accurate or IMU bias is not well estimated.
[2026-07-09 22:57:41.293] [odom] [warning] IMU validation results:
[2026-07-09 22:57:41.293] [odom] [warning] num_validations=3200
[2026-07-09 22:57:41.293] [odom] [warning] No-IMU errors rot=0.220 +- 0.240 deg, trans=0.021 +- 0.012 m, vel=0.026 +- 0.018 m/s
[2026-07-09 22:57:41.293] [odom] [warning] IMU errors rot=0.065 +- 0.047 deg, trans=0.024 +- 0.014 m, vel=0.067 +- 0.035 m/s
[2026-07-09 22:57:41.293] [odom] [warning] IMU better ratios rot=0.85, trans=0.08, vel=0.13
[2026-07-09 22:57:42.244] [glim] [info] playback speed: 2.677x
[2026-07-09 22:57:42.969] [odom] [warning] IMU prediction is not good.
[2026-07-09 22:57:42.969] [odom] [warning] Possibly T_lidar_imu is not accurate or IMU bias is not well estimated.
[2026-07-09 22:57:42.969] [odom] [warning] IMU validation results:
[2026-07-09 22:57:42.969] [odom] [warning] num_validations=3264
[2026-07-09 22:57:42.969] [odom] [warning] No-IMU errors rot=0.217 +- 0.238 deg, trans=0.021 +- 0.012 m, vel=0.026 +- 0.018 m/s
[2026-07-09 22:57:42.969] [odom] [warning] IMU errors rot=0.064 +- 0.047 deg, trans=0.024 +- 0.014 m, vel=0.068 +- 0.037 m/s
[2026-07-09 22:57:42.969] [odom] [warning] IMU better ratios rot=0.85, trans=0.07, vel=0.13
[2026-07-09 22:57:45.404] [odom] [warning] IMU prediction is not good.
[2026-07-09 22:57:45.404] [odom] [warning] Possibly T_lidar_imu is not accurate or IMU bias is not well estimated.
[2026-07-09 22:57:45.404] [odom] [warning] IMU validation results:
[2026-07-09 22:57:45.404] [odom] [warning] num_validations=3328
[2026-07-09 22:57:45.404] [odom] [warning] No-IMU errors rot=0.215 +- 0.237 deg, trans=0.022 +- 0.012 m, vel=0.025 +- 0.018 m/s
[2026-07-09 22:57:45.404] [odom] [warning] IMU errors rot=0.063 +- 0.046 deg, trans=0.025 +- 0.014 m, vel=0.070 +- 0.038 m/s
[2026-07-09 22:57:45.404] [odom] [warning] IMU better ratios rot=0.86, trans=0.07, vel=0.13
[2026-07-09 22:57:46.651] [odom] [warning] IMU prediction is not good.
[2026-07-09 22:57:46.652] [odom] [warning] Possibly T_lidar_imu is not accurate or IMU bias is not well estimated.
[2026-07-09 22:57:46.652] [odom] [warning] IMU validation results:
[2026-07-09 22:57:46.652] [odom] [warning] num_validations=3392
[2026-07-09 22:57:46.652] [odom] [warning] No-IMU errors rot=0.213 +- 0.235 deg, trans=0.022 +- 0.012 m, vel=0.025 +- 0.018 m/s
[2026-07-09 22:57:46.652] [odom] [warning] IMU errors rot=0.063 +- 0.046 deg, trans=0.025 +- 0.014 m, vel=0.071 +- 0.039 m/s
[2026-07-09 22:57:46.652] [odom] [warning] IMU better ratios rot=0.86, trans=0.07, vel=0.12
[2026-07-09 22:57:47.269] [glim] [info] playback speed: 3.796x
[2026-07-09 22:57:49.690] [odom] [warning] IMU prediction is not good.
[2026-07-09 22:57:49.690] [odom] [warning] Possibly T_lidar_imu is not accurate or IMU bias is not well estimated.
[2026-07-09 22:57:49.690] [odom] [warning] IMU validation results:
[2026-07-09 22:57:49.690] [odom] [warning] num_validations=3456
[2026-07-09 22:57:49.690] [odom] [warning] No-IMU errors rot=0.211 +- 0.233 deg, trans=0.023 +- 0.013 m, vel=0.025 +- 0.017 m/s
[2026-07-09 22:57:49.690] [odom] [warning] IMU errors rot=0.062 +- 0.046 deg, trans=0.026 +- 0.015 m, vel=0.072 +- 0.040 m/s
[2026-07-09 22:57:49.690] [odom] [warning] IMU better ratios rot=0.86, trans=0.07, vel=0.12
[2026-07-09 22:57:51.092] [odom] [warning] IMU prediction is not good.
[2026-07-09 22:57:51.092] [odom] [warning] Possibly T_lidar_imu is not accurate or IMU bias is not well estimated.
[2026-07-09 22:57:51.092] [odom] [warning] IMU validation results:
[2026-07-09 22:57:51.092] [odom] [warning] num_validations=3520
[2026-07-09 22:57:51.092] [odom] [warning] No-IMU errors rot=0.209 +- 0.232 deg, trans=0.023 +- 0.013 m, vel=0.025 +- 0.017 m/s
[2026-07-09 22:57:51.092] [odom] [warning] IMU errors rot=0.062 +- 0.046 deg, trans=0.026 +- 0.015 m, vel=0.074 +- 0.041 m/s
[2026-07-09 22:57:51.092] [odom] [warning] IMU better ratios rot=0.86, trans=0.07, vel=0.12
[2026-07-09 22:57:52.297] [glim] [info] playback speed: 2.865x
[2026-07-09 22:57:53.515] [odom] [warning] IMU prediction is not good.
[2026-07-09 22:57:53.515] [odom] [warning] Possibly T_lidar_imu is not accurate or IMU bias is not well estimated.
[2026-07-09 22:57:53.515] [odom] [warning] IMU validation results:
[2026-07-09 22:57:53.515] [odom] [warning] num_validations=3584
[2026-07-09 22:57:53.515] [odom] [warning] No-IMU errors rot=0.210 +- 0.233 deg, trans=0.023 +- 0.013 m, vel=0.025 +- 0.017 m/s
[2026-07-09 22:57:53.515] [odom] [warning] IMU errors rot=0.061 +- 0.046 deg, trans=0.027 +- 0.015 m, vel=0.075 +- 0.042 m/s
[2026-07-09 22:57:53.515] [odom] [warning] IMU better ratios rot=0.86, trans=0.07, vel=0.12
[2026-07-09 22:57:54.963] [odom] [warning] IMU prediction is not good.
[2026-07-09 22:57:54.963] [odom] [warning] Possibly T_lidar_imu is not accurate or IMU bias is not well estimated.
[2026-07-09 22:57:54.963] [odom] [warning] IMU validation results:
[2026-07-09 22:57:54.963] [odom] [warning] num_validations=3648
[2026-07-09 22:57:54.963] [odom] [warning] No-IMU errors rot=0.208 +- 0.232 deg, trans=0.024 +- 0.013 m, vel=0.025 +- 0.017 m/s
[2026-07-09 22:57:54.963] [odom] [warning] IMU errors rot=0.061 +- 0.045 deg, trans=0.027 +- 0.015 m, vel=0.076 +- 0.042 m/s
[2026-07-09 22:57:54.963] [odom] [warning] IMU better ratios rot=0.86, trans=0.07, vel=0.12
[2026-07-09 22:57:56.283] [odom] [warning] IMU prediction is not good.
[2026-07-09 22:57:56.283] [odom] [warning] Possibly T_lidar_imu is not accurate or IMU bias is not well estimated.
[2026-07-09 22:57:56.283] [odom] [warning] IMU validation results:
[2026-07-09 22:57:56.283] [odom] [warning] num_validations=3712
[2026-07-09 22:57:56.283] [odom] [warning] No-IMU errors rot=0.206 +- 0.230 deg, trans=0.024 +- 0.013 m, vel=0.025 +- 0.017 m/s
[2026-07-09 22:57:56.283] [odom] [warning] IMU errors rot=0.061 +- 0.045 deg, trans=0.027 +- 0.015 m, vel=0.077 +- 0.043 m/s
[2026-07-09 22:57:56.283] [odom] [warning] IMU better ratios rot=0.86, trans=0.06, vel=0.11
[2026-07-09 22:57:57.297] [glim] [info] playback speed: 3.774x
[2026-07-09 22:57:59.398] [odom] [warning] IMU prediction is not good.
[2026-07-09 22:57:59.398] [odom] [warning] Possibly T_lidar_imu is not accurate or IMU bias is not well estimated.
[2026-07-09 22:57:59.398] [odom] [warning] IMU validation results:
[2026-07-09 22:57:59.398] [odom] [warning] num_validations=3776
[2026-07-09 22:57:59.398] [odom] [warning] No-IMU errors rot=0.204 +- 0.229 deg, trans=0.024 +- 0.013 m, vel=0.024 +- 0.017 m/s
[2026-07-09 22:57:59.398] [odom] [warning] IMU errors rot=0.060 +- 0.045 deg, trans=0.028 +- 0.015 m, vel=0.079 +- 0.043 m/s
[2026-07-09 22:57:59.398] [odom] [warning] IMU better ratios rot=0.86, trans=0.06, vel=0.11
[2026-07-09 22:58:01.327] [odom] [warning] IMU prediction is not good.
[2026-07-09 22:58:01.327] [odom] [warning] Possibly T_lidar_imu is not accurate or IMU bias is not well estimated.
[2026-07-09 22:58:01.327] [odom] [warning] IMU validation results:
[2026-07-09 22:58:01.327] [odom] [warning] num_validations=3840
[2026-07-09 22:58:01.327] [odom] [warning] No-IMU errors rot=0.203 +- 0.228 deg, trans=0.024 +- 0.013 m, vel=0.024 +- 0.017 m/s
[2026-07-09 22:58:01.327] [odom] [warning] IMU errors rot=0.060 +- 0.045 deg, trans=0.028 +- 0.015 m, vel=0.079 +- 0.044 m/s
[2026-07-09 22:58:01.327] [odom] [warning] IMU better ratios rot=0.86, trans=0.06, vel=0.11
[2026-07-09 22:58:02.313] [glim] [info] playback speed: 2.872x
[2026-07-09 22:58:03.345] [odom] [warning] IMU prediction is not good.
[2026-07-09 22:58:03.345] [odom] [warning] Possibly T_lidar_imu is not accurate or IMU bias is not well estimated.
[2026-07-09 22:58:03.345] [odom] [warning] IMU validation results:
[2026-07-09 22:58:03.345] [odom] [warning] num_validations=3904
[2026-07-09 22:58:03.345] [odom] [warning] No-IMU errors rot=0.202 +- 0.226 deg, trans=0.024 +- 0.013 m, vel=0.024 +- 0.017 m/s
[2026-07-09 22:58:03.345] [odom] [warning] IMU errors rot=0.059 +- 0.045 deg, trans=0.028 +- 0.015 m, vel=0.080 +- 0.044 m/s
[2026-07-09 22:58:03.345] [odom] [warning] IMU better ratios rot=0.86, trans=0.06, vel=0.11
[2026-07-09 22:58:05.266] [odom] [warning] IMU prediction is not good.
[2026-07-09 22:58:05.266] [odom] [warning] Possibly T_lidar_imu is not accurate or IMU bias is not well estimated.
[2026-07-09 22:58:05.266] [odom] [warning] IMU validation results:
[2026-07-09 22:58:05.266] [odom] [warning] num_validations=3968
[2026-07-09 22:58:05.266] [odom] [warning] No-IMU errors rot=0.201 +- 0.225 deg, trans=0.024 +- 0.013 m, vel=0.024 +- 0.017 m/s
[2026-07-09 22:58:05.266] [odom] [warning] IMU errors rot=0.059 +- 0.045 deg, trans=0.028 +- 0.015 m, vel=0.081 +- 0.044 m/s
[2026-07-09 22:58:05.266] [odom] [warning] IMU better ratios rot=0.86, trans=0.06, vel=0.11
[2026-07-09 22:58:06.581] [odom] [warning] IMU prediction is not good.
[2026-07-09 22:58:06.581] [odom] [warning] Possibly T_lidar_imu is not accurate or IMU bias is not well estimated.
[2026-07-09 22:58:06.581] [odom] [warning] IMU validation results:
[2026-07-09 22:58:06.581] [odom] [warning] num_validations=4032
[2026-07-09 22:58:06.581] [odom] [warning] No-IMU errors rot=0.201 +- 0.225 deg, trans=0.024 +- 0.013 m, vel=0.024 +- 0.017 m/s
[2026-07-09 22:58:06.581] [odom] [warning] IMU errors rot=0.058 +- 0.044 deg, trans=0.028 +- 0.015 m, vel=0.082 +- 0.044 m/s
[2026-07-09 22:58:06.581] [odom] [warning] IMU better ratios rot=0.86, trans=0.06, vel=0.10
[2026-07-09 22:58:07.354] [glim] [info] playback speed: 3.441x
[2026-07-09 22:58:07.823] [odom] [warning] IMU bias estimation seems inaccurate.
[2026-07-09 22:58:07.823] [odom] [warning] Possibly T_lidar_imu is not accurate or LiDAR-IMU synchronization is not correct.
[2026-07-09 22:58:07.823] [odom] [warning] IMU bias validation results:
[2026-07-09 22:58:07.823] [odom] [warning] num_bias_validations=4416
[2026-07-09 22:58:07.823] [odom] [warning] bias_acc=[-0.107, 0.501, 0.190] m/s^2, bias_gyro=[-0.019, 0.001, 0.001] rad/s
[2026-07-09 22:58:07.823] [odom] [warning] acc_stat ax=-0.131 +- 0.111 [min=-0.298, max=0.032], ay=0.109 +- 0.148 [min=0.001, max=0.501], az=0.102 +- 0.050 [min=0.011, max=0.190] m/s^2
[2026-07-09 22:58:07.823] [odom] [warning] gyro_stat wx=-0.019 +- 0.001 [min=-0.020, max=-0.016], wy=0.001 +- 0.000 [min=-0.000, max=0.002], wz=0.001 +- 0.000 [min=0.001, max=0.001] rad/s
[2026-07-09 22:58:07.993] [odom] [warning] IMU prediction is not good.
[2026-07-09 22:58:07.993] [odom] [warning] Possibly T_lidar_imu is not accurate or IMU bias is not well estimated.
[2026-07-09 22:58:07.993] [odom] [warning] IMU validation results:
[2026-07-09 22:58:07.993] [odom] [warning] num_validations=4096
[2026-07-09 22:58:07.993] [odom] [warning] No-IMU errors rot=0.200 +- 0.224 deg, trans=0.025 +- 0.013 m, vel=0.024 +- 0.017 m/s
[2026-07-09 22:58:07.993] [odom] [warning] IMU errors rot=0.058 +- 0.044 deg, trans=0.028 +- 0.015 m, vel=0.082 +- 0.044 m/s
[2026-07-09 22:58:07.993] [odom] [warning] IMU better ratios rot=0.86, trans=0.06, vel=0.10
[2026-07-09 22:58:09.870] [odom] [warning] IMU bias estimation seems inaccurate.
[2026-07-09 22:58:09.870] [odom] [warning] Possibly T_lidar_imu is not accurate or LiDAR-IMU synchronization is not correct.
[2026-07-09 22:58:09.870] [odom] [warning] IMU bias validation results:
[2026-07-09 22:58:09.870] [odom] [warning] num_bias_validations=4480
[2026-07-09 22:58:09.870] [odom] [warning] bias_acc=[-0.099, 0.516, 0.192] m/s^2, bias_gyro=[-0.019, 0.001, 0.001] rad/s
[2026-07-09 22:58:09.870] [odom] [warning] acc_stat ax=-0.131 +- 0.111 [min=-0.298, max=0.032], ay=0.114 +- 0.154 [min=0.001, max=0.516], az=0.103 +- 0.051 [min=0.011, max=0.192] m/s^2
[2026-07-09 22:58:09.870] [odom] [warning] gyro_stat wx=-0.019 +- 0.001 [min=-0.020, max=-0.016], wy=0.001 +- 0.000 [min=-0.000, max=0.002], wz=0.001 +- 0.000 [min=0.001, max=0.001] rad/s
[2026-07-09 22:58:10.087] [odom] [warning] IMU prediction is not good.
[2026-07-09 22:58:10.087] [odom] [warning] Possibly T_lidar_imu is not accurate or IMU bias is not well estimated.
[2026-07-09 22:58:10.087] [odom] [warning] IMU validation results:
[2026-07-09 22:58:10.087] [odom] [warning] num_validations=4160
[2026-07-09 22:58:10.087] [odom] [warning] No-IMU errors rot=0.198 +- 0.222 deg, trans=0.025 +- 0.013 m, vel=0.024 +- 0.017 m/s
[2026-07-09 22:58:10.087] [odom] [warning] IMU errors rot=0.058 +- 0.044 deg, trans=0.028 +- 0.015 m, vel=0.083 +- 0.044 m/s
[2026-07-09 22:58:10.087] [odom] [warning] IMU better ratios rot=0.86, trans=0.06, vel=0.10
[2026-07-09 22:58:11.747] [odom] [warning] IMU bias estimation seems inaccurate.
[2026-07-09 22:58:11.747] [odom] [warning] Possibly T_lidar_imu is not accurate or LiDAR-IMU synchronization is not correct.
[2026-07-09 22:58:11.747] [odom] [warning] IMU bias validation results:
[2026-07-09 22:58:11.747] [odom] [warning] num_bias_validations=4544
[2026-07-09 22:58:11.747] [odom] [warning] bias_acc=[-0.091, 0.530, 0.193] m/s^2, bias_gyro=[-0.019, 0.001, 0.001] rad/s
[2026-07-09 22:58:11.747] [odom] [warning] acc_stat ax=-0.130 +- 0.110 [min=-0.298, max=0.032], ay=0.120 +- 0.161 [min=0.001, max=0.530], az=0.104 +- 0.052 [min=0.011, max=0.193] m/s^2
[2026-07-09 22:58:11.747] [odom] [warning] gyro_stat wx=-0.019 +- 0.001 [min=-0.020, max=-0.016], wy=0.001 +- 0.000 [min=-0.000, max=0.002], wz=0.001 +- 0.000 [min=0.001, max=0.001] rad/s
[2026-07-09 22:58:12.298] [odom] [warning] IMU prediction is not good.
[2026-07-09 22:58:12.298] [odom] [warning] Possibly T_lidar_imu is not accurate or IMU bias is not well estimated.
[2026-07-09 22:58:12.298] [odom] [warning] IMU validation results:
[2026-07-09 22:58:12.298] [odom] [warning] num_validations=4224
[2026-07-09 22:58:12.298] [odom] [warning] No-IMU errors rot=0.197 +- 0.221 deg, trans=0.025 +- 0.013 m, vel=0.024 +- 0.017 m/s
[2026-07-09 22:58:12.298] [odom] [warning] IMU errors rot=0.058 +- 0.044 deg, trans=0.029 +- 0.015 m, vel=0.083 +- 0.043 m/s
[2026-07-09 22:58:12.298] [odom] [warning] IMU better ratios rot=0.86, trans=0.06, vel=0.10
[2026-07-09 22:58:12.361] [glim] [info] playback speed: 3.566x
[2026-07-09 22:58:13.771] [odom] [warning] IMU bias estimation seems inaccurate.
[2026-07-09 22:58:13.771] [odom] [warning] Possibly T_lidar_imu is not accurate or LiDAR-IMU synchronization is not correct.
[2026-07-09 22:58:13.771] [odom] [warning] IMU bias validation results:
[2026-07-09 22:58:13.771] [odom] [warning] num_bias_validations=4608
[2026-07-09 22:58:13.771] [odom] [warning] bias_acc=[-0.085, 0.544, 0.195] m/s^2, bias_gyro=[-0.019, 0.001, 0.001] rad/s
[2026-07-09 22:58:13.771] [odom] [warning] acc_stat ax=-0.130 +- 0.109 [min=-0.298, max=0.032], ay=0.126 +- 0.167 [min=0.001, max=0.544], az=0.105 +- 0.053 [min=0.011, max=0.195] m/s^2
[2026-07-09 22:58:13.771] [odom] [warning] gyro_stat wx=-0.019 +- 0.001 [min=-0.020, max=-0.016], wy=0.001 +- 0.000 [min=-0.000, max=0.002], wz=0.001 +- 0.000 [min=0.001, max=0.001] rad/s
[2026-07-09 22:58:14.307] [odom] [warning] IMU prediction is not good.
[2026-07-09 22:58:14.307] [odom] [warning] Possibly T_lidar_imu is not accurate or IMU bias is not well estimated.
[2026-07-09 22:58:14.307] [odom] [warning] IMU validation results:
[2026-07-09 22:58:14.307] [odom] [warning] num_validations=4288
[2026-07-09 22:58:14.307] [odom] [warning] No-IMU errors rot=0.196 +- 0.220 deg, trans=0.025 +- 0.013 m, vel=0.024 +- 0.016 m/s
[2026-07-09 22:58:14.307] [odom] [warning] IMU errors rot=0.057 +- 0.044 deg, trans=0.029 +- 0.015 m, vel=0.084 +- 0.043 m/s
[2026-07-09 22:58:14.307] [odom] [warning] IMU better ratios rot=0.86, trans=0.06, vel=0.10
[2026-07-09 22:58:15.653] [odom] [warning] IMU bias estimation seems inaccurate.
[2026-07-09 22:58:15.653] [odom] [warning] Possibly T_lidar_imu is not accurate or LiDAR-IMU synchronization is not correct.
[2026-07-09 22:58:15.653] [odom] [warning] IMU bias validation results:
[2026-07-09 22:58:15.653] [odom] [warning] num_bias_validations=4672
[2026-07-09 22:58:15.653] [odom] [warning] bias_acc=[-0.081, 0.557, 0.197] m/s^2, bias_gyro=[-0.019, 0.001, 0.001] rad/s
[2026-07-09 22:58:15.653] [odom] [warning] acc_stat ax=-0.129 +- 0.109 [min=-0.298, max=0.032], ay=0.132 +- 0.174 [min=0.001, max=0.557], az=0.107 +- 0.053 [min=0.011, max=0.197] m/s^2
[2026-07-09 22:58:15.653] [odom] [warning] gyro_stat wx=-0.019 +- 0.001 [min=-0.020, max=-0.016], wy=0.001 +- 0.000 [min=-0.000, max=0.002], wz=0.001 +- 0.000 [min=0.001, max=0.001] rad/s
[2026-07-09 22:58:16.268] [odom] [warning] IMU prediction is not good.
[2026-07-09 22:58:16.268] [odom] [warning] Possibly T_lidar_imu is not accurate or IMU bias is not well estimated.
[2026-07-09 22:58:16.268] [odom] [warning] IMU validation results:
[2026-07-09 22:58:16.268] [odom] [warning] num_validations=4352
[2026-07-09 22:58:16.268] [odom] [warning] No-IMU errors rot=0.195 +- 0.219 deg, trans=0.025 +- 0.012 m, vel=0.023 +- 0.016 m/s
[2026-07-09 22:58:16.268] [odom] [warning] IMU errors rot=0.057 +- 0.043 deg, trans=0.029 +- 0.015 m, vel=0.084 +- 0.043 m/s
[2026-07-09 22:58:16.268] [odom] [warning] IMU better ratios rot=0.86, trans=0.06, vel=0.10
[2026-07-09 22:58:17.311] [odom] [warning] IMU bias estimation seems inaccurate.
[2026-07-09 22:58:17.311] [odom] [warning] Possibly T_lidar_imu is not accurate or LiDAR-IMU synchronization is not correct.
[2026-07-09 22:58:17.311] [odom] [warning] IMU bias validation results:
[2026-07-09 22:58:17.311] [odom] [warning] num_bias_validations=4736
[2026-07-09 22:58:17.311] [odom] [warning] bias_acc=[-0.079, 0.569, 0.198] m/s^2, bias_gyro=[-0.019, 0.001, 0.001] rad/s
[2026-07-09 22:58:17.311] [odom] [warning] acc_stat ax=-0.128 +- 0.108 [min=-0.298, max=0.032], ay=0.138 +- 0.180 [min=0.001, max=0.569], az=0.108 +- 0.054 [min=0.011, max=0.198] m/s^2
[2026-07-09 22:58:17.311] [odom] [warning] gyro_stat wx=-0.019 +- 0.001 [min=-0.020, max=-0.016], wy=0.001 +- 0.000 [min=-0.000, max=0.002], wz=0.001 +- 0.000 [min=0.001, max=0.001] rad/s
[2026-07-09 22:58:17.393] [glim] [info] playback speed: 3.528x
[2026-07-09 22:58:18.205] [odom] [warning] IMU prediction is not good.
[2026-07-09 22:58:18.205] [odom] [warning] Possibly T_lidar_imu is not accurate or IMU bias is not well estimated.
[2026-07-09 22:58:18.205] [odom] [warning] IMU validation results:
[2026-07-09 22:58:18.205] [odom] [warning] num_validations=4416
[2026-07-09 22:58:18.205] [odom] [warning] No-IMU errors rot=0.194 +- 0.218 deg, trans=0.025 +- 0.012 m, vel=0.023 +- 0.016 m/s
[2026-07-09 22:58:18.205] [odom] [warning] IMU errors rot=0.057 +- 0.043 deg, trans=0.029 +- 0.015 m, vel=0.084 +- 0.043 m/s
[2026-07-09 22:58:18.205] [odom] [warning] IMU better ratios rot=0.86, trans=0.05, vel=0.10
[2026-07-09 22:58:19.447] [odom] [warning] IMU bias estimation seems inaccurate.
[2026-07-09 22:58:19.447] [odom] [warning] Possibly T_lidar_imu is not accurate or LiDAR-IMU synchronization is not correct.
[2026-07-09 22:58:19.447] [odom] [warning] IMU bias validation results:
[2026-07-09 22:58:19.447] [odom] [warning] num_bias_validations=4800
[2026-07-09 22:58:19.447] [odom] [warning] bias_acc=[-0.075, 0.579, 0.200] m/s^2, bias_gyro=[-0.019, 0.001, 0.001] rad/s
[2026-07-09 22:58:19.447] [odom] [warning] acc_stat ax=-0.128 +- 0.108 [min=-0.298, max=0.032], ay=0.144 +- 0.186 [min=0.001, max=0.579], az=0.109 +- 0.055 [min=0.011, max=0.200] m/s^2
[2026-07-09 22:58:19.447] [odom] [warning] gyro_stat wx=-0.019 +- 0.001 [min=-0.020, max=-0.016], wy=0.001 +- 0.000 [min=-0.000, max=0.002], wz=0.001 +- 0.000 [min=0.001, max=0.001] rad/s
[2026-07-09 22:58:19.602] [odom] [warning] IMU prediction is not good.
[2026-07-09 22:58:19.602] [odom] [warning] Possibly T_lidar_imu is not accurate or IMU bias is not well estimated.
[2026-07-09 22:58:19.602] [odom] [warning] IMU validation results:
[2026-07-09 22:58:19.602] [odom] [warning] num_validations=4480
[2026-07-09 22:58:19.602] [odom] [warning] No-IMU errors rot=0.193 +- 0.216 deg, trans=0.025 +- 0.012 m, vel=0.023 +- 0.016 m/s
[2026-07-09 22:58:19.602] [odom] [warning] IMU errors rot=0.056 +- 0.043 deg, trans=0.029 +- 0.014 m, vel=0.084 +- 0.042 m/s
[2026-07-09 22:58:19.602] [odom] [warning] IMU better ratios rot=0.86, trans=0.05, vel=0.09
[2026-07-09 22:58:21.625] [odom] [warning] IMU bias estimation seems inaccurate.
[2026-07-09 22:58:21.625] [odom] [warning] Possibly T_lidar_imu is not accurate or LiDAR-IMU synchronization is not correct.
[2026-07-09 22:58:21.625] [odom] [warning] IMU bias validation results:
[2026-07-09 22:58:21.625] [odom] [warning] num_bias_validations=4864
[2026-07-09 22:58:21.625] [odom] [warning] bias_acc=[-0.071, 0.590, 0.202] m/s^2, bias_gyro=[-0.019, 0.001, 0.001] rad/s
[2026-07-09 22:58:21.625] [odom] [warning] acc_stat ax=-0.127 +- 0.107 [min=-0.298, max=0.032], ay=0.150 +- 0.191 [min=0.001, max=0.590], az=0.110 +- 0.055 [min=0.011, max=0.202] m/s^2
[2026-07-09 22:58:21.625] [odom] [warning] gyro_stat wx=-0.019 +- 0.001 [min=-0.020, max=-0.016], wy=0.001 +- 0.000 [min=-0.000, max=0.002], wz=0.001 +- 0.000 [min=0.001, max=0.001] rad/s
[2026-07-09 22:58:22.433] [glim] [info] playback speed: 2.898x
[2026-07-09 22:58:22.517] [odom] [warning] IMU prediction is not good.
[2026-07-09 22:58:22.517] [odom] [warning] Possibly T_lidar_imu is not accurate or IMU bias is not well estimated.
[2026-07-09 22:58:22.517] [odom] [warning] IMU validation results:
[2026-07-09 22:58:22.517] [odom] [warning] num_validations=4544
[2026-07-09 22:58:22.517] [odom] [warning] No-IMU errors rot=0.193 +- 0.216 deg, trans=0.025 +- 0.012 m, vel=0.023 +- 0.016 m/s
[2026-07-09 22:58:22.517] [odom] [warning] IMU errors rot=0.057 +- 0.044 deg, trans=0.029 +- 0.014 m, vel=0.085 +- 0.042 m/s
[2026-07-09 22:58:22.517] [odom] [warning] IMU better ratios rot=0.86, trans=0.05, vel=0.09
[2026-07-09 22:58:24.331] [odom] [warning] IMU bias estimation seems inaccurate.
[2026-07-09 22:58:24.331] [odom] [warning] Possibly T_lidar_imu is not accurate or LiDAR-IMU synchronization is not correct.
[2026-07-09 22:58:24.331] [odom] [warning] IMU bias validation results:
[2026-07-09 22:58:24.331] [odom] [warning] num_bias_validations=4928
[2026-07-09 22:58:24.331] [odom] [warning] bias_acc=[-0.067, 0.601, 0.203] m/s^2, bias_gyro=[-0.019, 0.001, 0.001] rad/s
[2026-07-09 22:58:24.331] [odom] [warning] acc_stat ax=-0.126 +- 0.107 [min=-0.298, max=0.032], ay=0.156 +- 0.197 [min=0.001, max=0.601], az=0.112 +- 0.056 [min=0.011, max=0.203] m/s^2
[2026-07-09 22:58:24.331] [odom] [warning] gyro_stat wx=-0.019 +- 0.001 [min=-0.020, max=-0.016], wy=0.001 +- 0.000 [min=-0.000, max=0.002], wz=0.001 +- 0.000 [min=0.001, max=0.001] rad/s
[2026-07-09 22:58:24.450] [odom] [warning] IMU prediction is not good.
[2026-07-09 22:58:24.450] [odom] [warning] Possibly T_lidar_imu is not accurate or IMU bias is not well estimated.
[2026-07-09 22:58:24.450] [odom] [warning] IMU validation results:
[2026-07-09 22:58:24.450] [odom] [warning] num_validations=4608
[2026-07-09 22:58:24.450] [odom] [warning] No-IMU errors rot=0.193 +- 0.215 deg, trans=0.025 +- 0.012 m, vel=0.023 +- 0.016 m/s
[2026-07-09 22:58:24.450] [odom] [warning] IMU errors rot=0.057 +- 0.043 deg, trans=0.029 +- 0.014 m, vel=0.085 +- 0.042 m/s
[2026-07-09 22:58:24.450] [odom] [warning] IMU better ratios rot=0.86, trans=0.05, vel=0.09
[2026-07-09 22:58:25.574] [odom] [warning] IMU bias estimation seems inaccurate.
[2026-07-09 22:58:25.574] [odom] [warning] Possibly T_lidar_imu is not accurate or LiDAR-IMU synchronization is not correct.
[2026-07-09 22:58:25.574] [odom] [warning] IMU bias validation results:
[2026-07-09 22:58:25.574] [odom] [warning] num_bias_validations=4992
[2026-07-09 22:58:25.574] [odom] [warning] bias_acc=[-0.065, 0.611, 0.205] m/s^2, bias_gyro=[-0.019, 0.001, 0.001] rad/s
[2026-07-09 22:58:25.574] [odom] [warning] acc_stat ax=-0.125 +- 0.106 [min=-0.298, max=0.032], ay=0.161 +- 0.202 [min=0.001, max=0.611], az=0.113 +- 0.057 [min=0.011, max=0.205] m/s^2
[2026-07-09 22:58:25.574] [odom] [warning] gyro_stat wx=-0.019 +- 0.001 [min=-0.020, max=-0.016], wy=0.001 +- 0.000 [min=-0.000, max=0.002], wz=0.001 +- 0.000 [min=0.001, max=0.001] rad/s
[2026-07-09 22:58:26.395] [odom] [warning] IMU prediction is not good.
[2026-07-09 22:58:26.395] [odom] [warning] Possibly T_lidar_imu is not accurate or IMU bias is not well estimated.
[2026-07-09 22:58:26.395] [odom] [warning] IMU validation results:
[2026-07-09 22:58:26.395] [odom] [warning] num_validations=4672
[2026-07-09 22:58:26.395] [odom] [warning] No-IMU errors rot=0.192 +- 0.214 deg, trans=0.025 +- 0.012 m, vel=0.023 +- 0.016 m/s
[2026-07-09 22:58:26.395] [odom] [warning] IMU errors rot=0.056 +- 0.043 deg, trans=0.029 +- 0.014 m, vel=0.085 +- 0.042 m/s
[2026-07-09 22:58:26.395] [odom] [warning] IMU better ratios rot=0.86, trans=0.05, vel=0.09
[2026-07-09 22:58:27.469] [glim] [info] playback speed: 3.041x
[2026-07-09 22:58:28.385] [odom] [warning] IMU bias estimation seems inaccurate.
[2026-07-09 22:58:28.385] [odom] [warning] Possibly T_lidar_imu is not accurate or LiDAR-IMU synchronization is not correct.
[2026-07-09 22:58:28.385] [odom] [warning] IMU bias validation results:
[2026-07-09 22:58:28.385] [odom] [warning] num_bias_validations=5056
[2026-07-09 22:58:28.385] [odom] [warning] bias_acc=[-0.065, 0.620, 0.207] m/s^2, bias_gyro=[-0.019, 0.001, 0.001] rad/s
[2026-07-09 22:58:28.385] [odom] [warning] acc_stat ax=-0.125 +- 0.106 [min=-0.298, max=0.032], ay=0.167 +- 0.207 [min=0.001, max=0.620], az=0.114 +- 0.057 [min=0.011, max=0.207] m/s^2
[2026-07-09 22:58:28.385] [odom] [warning] gyro_stat wx=-0.019 +- 0.001 [min=-0.020, max=-0.016], wy=0.001 +- 0.000 [min=-0.000, max=0.002], wz=0.001 +- 0.000 [min=0.001, max=0.001] rad/s
[2026-07-09 22:58:28.516] [odom] [warning] IMU prediction is not good.
[2026-07-09 22:58:28.516] [odom] [warning] Possibly T_lidar_imu is not accurate or IMU bias is not well estimated.
[2026-07-09 22:58:28.516] [odom] [warning] IMU validation results:
[2026-07-09 22:58:28.516] [odom] [warning] num_validations=4736
[2026-07-09 22:58:28.516] [odom] [warning] No-IMU errors rot=0.190 +- 0.213 deg, trans=0.025 +- 0.012 m, vel=0.023 +- 0.016 m/s
[2026-07-09 22:58:28.516] [odom] [warning] IMU errors rot=0.056 +- 0.043 deg, trans=0.029 +- 0.014 m, vel=0.085 +- 0.041 m/s
[2026-07-09 22:58:28.516] [odom] [warning] IMU better ratios rot=0.87, trans=0.05, vel=0.09
[2026-07-09 22:58:29.651] [odom] [warning] IMU bias estimation seems inaccurate.
[2026-07-09 22:58:29.651] [odom] [warning] Possibly T_lidar_imu is not accurate or LiDAR-IMU synchronization is not correct.
[2026-07-09 22:58:29.651] [odom] [warning] IMU bias validation results:
[2026-07-09 22:58:29.651] [odom] [warning] num_bias_validations=5120
[2026-07-09 22:58:29.651] [odom] [warning] bias_acc=[-0.065, 0.630, 0.209] m/s^2, bias_gyro=[-0.019, 0.001, 0.001] rad/s
[2026-07-09 22:58:29.651] [odom] [warning] acc_stat ax=-0.124 +- 0.105 [min=-0.298, max=0.032], ay=0.173 +- 0.212 [min=0.001, max=0.630], az=0.115 +- 0.058 [min=0.011, max=0.209] m/s^2
[2026-07-09 22:58:29.651] [odom] [warning] gyro_stat wx=-0.019 +- 0.001 [min=-0.020, max=-0.016], wy=0.001 +- 0.000 [min=-0.000, max=0.002], wz=0.001 +- 0.000 [min=0.001, max=0.001] rad/s
[2026-07-09 22:58:30.534] [odom] [warning] IMU prediction is not good.
[2026-07-09 22:58:30.534] [odom] [warning] Possibly T_lidar_imu is not accurate or IMU bias is not well estimated.
[2026-07-09 22:58:30.534] [odom] [warning] IMU validation results:
[2026-07-09 22:58:30.534] [odom] [warning] num_validations=4800
[2026-07-09 22:58:30.534] [odom] [warning] No-IMU errors rot=0.190 +- 0.212 deg, trans=0.025 +- 0.012 m, vel=0.023 +- 0.016 m/s
[2026-07-09 22:58:30.534] [odom] [warning] IMU errors rot=0.056 +- 0.043 deg, trans=0.029 +- 0.014 m, vel=0.085 +- 0.041 m/s
[2026-07-09 22:58:30.534] [odom] [warning] IMU better ratios rot=0.86, trans=0.05, vel=0.09
[2026-07-09 22:58:31.123] [odom] [warning] IMU bias estimation seems inaccurate.
[2026-07-09 22:58:31.123] [odom] [warning] Possibly T_lidar_imu is not accurate or LiDAR-IMU synchronization is not correct.
[2026-07-09 22:58:31.123] [odom] [warning] IMU bias validation results:
[2026-07-09 22:58:31.123] [odom] [warning] num_bias_validations=5184
[2026-07-09 22:58:31.123] [odom] [warning] bias_acc=[-0.057, 0.638, 0.209] m/s^2, bias_gyro=[-0.018, 0.000, 0.001] rad/s
[2026-07-09 22:58:31.123] [odom] [warning] acc_stat ax=-0.123 +- 0.105 [min=-0.298, max=0.032], ay=0.179 +- 0.217 [min=0.001, max=0.638], az=0.116 +- 0.058 [min=0.011, max=0.209] m/s^2
[2026-07-09 22:58:31.123] [odom] [warning] gyro_stat wx=-0.019 +- 0.001 [min=-0.020, max=-0.016], wy=0.001 +- 0.000 [min=-0.000, max=0.002], wz=0.001 +- 0.000 [min=0.001, max=0.001] rad/s
[2026-07-09 22:58:31.556] [odom] [warning] IMU prediction is not good.
[2026-07-09 22:58:31.556] [odom] [warning] Possibly T_lidar_imu is not accurate or IMU bias is not well estimated.
[2026-07-09 22:58:31.556] [odom] [warning] IMU validation results:
[2026-07-09 22:58:31.556] [odom] [warning] num_validations=4864
[2026-07-09 22:58:31.556] [odom] [warning] No-IMU errors rot=0.195 +- 0.218 deg, trans=0.025 +- 0.012 m, vel=0.023 +- 0.016 m/s
[2026-07-09 22:58:31.556] [odom] [warning] IMU errors rot=0.056 +- 0.044 deg, trans=0.029 +- 0.014 m, vel=0.085 +- 0.041 m/s
[2026-07-09 22:58:31.556] [odom] [warning] IMU better ratios rot=0.87, trans=0.05, vel=0.09
[2026-07-09 22:58:32.499] [glim] [info] playback speed: 3.852x
[2026-07-09 22:58:33.416] [odom] [warning] IMU bias estimation seems inaccurate.
[2026-07-09 22:58:33.416] [odom] [warning] Possibly T_lidar_imu is not accurate or LiDAR-IMU synchronization is not correct.
[2026-07-09 22:58:33.416] [odom] [warning] IMU bias validation results:
[2026-07-09 22:58:33.416] [odom] [warning] num_bias_validations=5248
[2026-07-09 22:58:33.416] [odom] [warning] bias_acc=[-0.029, 0.642, 0.207] m/s^2, bias_gyro=[-0.018, -0.000, 0.001] rad/s
[2026-07-09 22:58:33.416] [odom] [warning] acc_stat ax=-0.122 +- 0.105 [min=-0.298, max=0.032], ay=0.184 +- 0.222 [min=0.001, max=0.642], az=0.117 +- 0.059 [min=0.011, max=0.209] m/s^2
[2026-07-09 22:58:33.416] [odom] [warning] gyro_stat wx=-0.019 +- 0.001 [min=-0.020, max=-0.016], wy=0.001 +- 0.000 [min=-0.000, max=0.002], wz=0.001 +- 0.000 [min=0.001, max=0.001] rad/s
[2026-07-09 22:58:34.130] [odom] [warning] IMU prediction is not good.
[2026-07-09 22:58:34.130] [odom] [warning] Possibly T_lidar_imu is not accurate or IMU bias is not well estimated.
[2026-07-09 22:58:34.130] [odom] [warning] IMU validation results:
[2026-07-09 22:58:34.130] [odom] [warning] num_validations=4928
[2026-07-09 22:58:34.130] [odom] [warning] No-IMU errors rot=0.203 +- 0.231 deg, trans=0.025 +- 0.012 m, vel=0.024 +- 0.017 m/s
[2026-07-09 22:58:34.130] [odom] [warning] IMU errors rot=0.057 +- 0.044 deg, trans=0.029 +- 0.014 m, vel=0.087 +- 0.042 m/s
[2026-07-09 22:58:34.130] [odom] [warning] IMU better ratios rot=0.87, trans=0.05, vel=0.09
[2026-07-09 22:58:36.499] [odom] [warning] IMU bias estimation seems inaccurate.
[2026-07-09 22:58:36.499] [odom] [warning] Possibly T_lidar_imu is not accurate or LiDAR-IMU synchronization is not correct.
[2026-07-09 22:58:36.499] [odom] [warning] IMU bias validation results:
[2026-07-09 22:58:36.499] [odom] [warning] num_bias_validations=5312
[2026-07-09 22:58:36.499] [odom] [warning] bias_acc=[0.016, 0.633, 0.202] m/s^2, bias_gyro=[-0.017, -0.001, 0.001] rad/s
[2026-07-09 22:58:36.499] [odom] [warning] acc_stat ax=-0.120 +- 0.105 [min=-0.298, max=0.032], ay=0.190 +- 0.226 [min=0.001, max=0.642], az=0.118 +- 0.059 [min=0.011, max=0.209] m/s^2
[2026-07-09 22:58:36.499] [odom] [warning] gyro_stat wx=-0.019 +- 0.001 [min=-0.020, max=-0.016], wy=0.001 +- 0.000 [min=-0.001, max=0.002], wz=0.001 +- 0.000 [min=0.001, max=0.001] rad/s
[2026-07-09 22:58:37.368] [odom] [warning] IMU prediction is not good.
[2026-07-09 22:58:37.368] [odom] [warning] Possibly T_lidar_imu is not accurate or IMU bias is not well estimated.
[2026-07-09 22:58:37.368] [odom] [warning] IMU validation results:
[2026-07-09 22:58:37.368] [odom] [warning] num_validations=4992
[2026-07-09 22:58:37.368] [odom] [warning] No-IMU errors rot=0.202 +- 0.231 deg, trans=0.026 +- 0.013 m, vel=0.024 +- 0.017 m/s
[2026-07-09 22:58:37.368] [odom] [warning] IMU errors rot=0.057 +- 0.045 deg, trans=0.030 +- 0.015 m, vel=0.088 +- 0.045 m/s
[2026-07-09 22:58:37.368] [odom] [warning] IMU better ratios rot=0.86, trans=0.05, vel=0.09
[2026-07-09 22:58:37.512] [glim] [info] playback speed: 2.226x
[2026-07-09 22:58:39.080] [odom] [warning] IMU bias estimation seems inaccurate.
[2026-07-09 22:58:39.080] [odom] [warning] Possibly T_lidar_imu is not accurate or LiDAR-IMU synchronization is not correct.
[2026-07-09 22:58:39.080] [odom] [warning] IMU bias validation results:
[2026-07-09 22:58:39.080] [odom] [warning] num_bias_validations=5376
[2026-07-09 22:58:39.080] [odom] [warning] bias_acc=[0.061, 0.622, 0.198] m/s^2, bias_gyro=[-0.017, -0.001, 0.001] rad/s
[2026-07-09 22:58:39.080] [odom] [warning] acc_stat ax=-0.118 +- 0.106 [min=-0.298, max=0.061], ay=0.195 +- 0.229 [min=0.001, max=0.642], az=0.119 +- 0.060 [min=0.011, max=0.209] m/s^2
[2026-07-09 22:58:39.080] [odom] [warning] gyro_stat wx=-0.019 +- 0.001 [min=-0.020, max=-0.016], wy=0.001 +- 0.000 [min=-0.001, max=0.002], wz=0.001 +- 0.000 [min=0.001, max=0.001] rad/s
[2026-07-09 22:58:39.299] [odom] [warning] IMU prediction is not good.
[2026-07-09 22:58:39.299] [odom] [warning] Possibly T_lidar_imu is not accurate or IMU bias is not well estimated.
[2026-07-09 22:58:39.299] [odom] [warning] IMU validation results:
[2026-07-09 22:58:39.299] [odom] [warning] num_validations=5056
[2026-07-09 22:58:39.299] [odom] [warning] No-IMU errors rot=0.201 +- 0.230 deg, trans=0.026 +- 0.013 m, vel=0.024 +- 0.017 m/s
[2026-07-09 22:58:39.299] [odom] [warning] IMU errors rot=0.058 +- 0.046 deg, trans=0.030 +- 0.016 m, vel=0.090 +- 0.048 m/s
[2026-07-09 22:58:39.299] [odom] [warning] IMU better ratios rot=0.86, trans=0.05, vel=0.08
[2026-07-09 22:58:40.958] [odom] [warning] IMU bias estimation seems inaccurate.
[2026-07-09 22:58:40.958] [odom] [warning] Possibly T_lidar_imu is not accurate or LiDAR-IMU synchronization is not correct.
[2026-07-09 22:58:40.958] [odom] [warning] IMU bias validation results:
[2026-07-09 22:58:40.958] [odom] [warning] num_bias_validations=5440
[2026-07-09 22:58:40.958] [odom] [warning] bias_acc=[0.105, 0.611, 0.194] m/s^2, bias_gyro=[-0.017, -0.000, 0.001] rad/s
[2026-07-09 22:58:40.958] [odom] [warning] acc_stat ax=-0.115 +- 0.108 [min=-0.298, max=0.105], ay=0.200 +- 0.232 [min=0.001, max=0.642], az=0.120 +- 0.060 [min=0.011, max=0.209] m/s^2
[2026-07-09 22:58:40.958] [odom] [warning] gyro_stat wx=-0.019 +- 0.001 [min=-0.020, max=-0.016], wy=0.001 +- 0.000 [min=-0.001, max=0.002], wz=0.001 +- 0.000 [min=0.001, max=0.001] rad/s
[2026-07-09 22:58:41.888] [odom] [warning] IMU prediction is not good.
[2026-07-09 22:58:41.888] [odom] [warning] Possibly T_lidar_imu is not accurate or IMU bias is not well estimated.
[2026-07-09 22:58:41.888] [odom] [warning] IMU validation results:
[2026-07-09 22:58:41.888] [odom] [warning] num_validations=5120
[2026-07-09 22:58:41.888] [odom] [warning] No-IMU errors rot=0.203 +- 0.230 deg, trans=0.027 +- 0.014 m, vel=0.024 +- 0.018 m/s
[2026-07-09 22:58:41.888] [odom] [warning] IMU errors rot=0.059 +- 0.047 deg, trans=0.031 +- 0.017 m, vel=0.092 +- 0.050 m/s
[2026-07-09 22:58:41.888] [odom] [warning] IMU better ratios rot=0.86, trans=0.05, vel=0.08
[2026-07-09 22:58:42.530] [glim] [info] playback speed: 2.790x
[2026-07-09 22:58:44.430] [odom] [warning] IMU bias estimation seems inaccurate.
[2026-07-09 22:58:44.430] [odom] [warning] Possibly T_lidar_imu is not accurate or LiDAR-IMU synchronization is not correct.
[2026-07-09 22:58:44.430] [odom] [warning] IMU bias validation results:
[2026-07-09 22:58:44.430] [odom] [warning] num_bias_validations=5504
[2026-07-09 22:58:44.430] [odom] [warning] bias_acc=[0.145, 0.603, 0.190] m/s^2, bias_gyro=[-0.017, 0.000, 0.001] rad/s
[2026-07-09 22:58:44.430] [odom] [warning] acc_stat ax=-0.112 +- 0.111 [min=-0.298, max=0.145], ay=0.205 +- 0.235 [min=0.001, max=0.642], az=0.121 +- 0.060 [min=0.011, max=0.209] m/s^2
[2026-07-09 22:58:44.430] [odom] [warning] gyro_stat wx=-0.018 +- 0.001 [min=-0.020, max=-0.016], wy=0.001 +- 0.000 [min=-0.001, max=0.002], wz=0.001 +- 0.000 [min=0.001, max=0.001] rad/s
[2026-07-09 22:58:45.372] [odom] [warning] IMU prediction is not good.
[2026-07-09 22:58:45.372] [odom] [warning] Possibly T_lidar_imu is not accurate or IMU bias is not well estimated.
[2026-07-09 22:58:45.372] [odom] [warning] IMU validation results:
[2026-07-09 22:58:45.372] [odom] [warning] num_validations=5184
[2026-07-09 22:58:45.372] [odom] [warning] No-IMU errors rot=0.202 +- 0.229 deg, trans=0.027 +- 0.015 m, vel=0.024 +- 0.017 m/s
[2026-07-09 22:58:45.372] [odom] [warning] IMU errors rot=0.059 +- 0.047 deg, trans=0.032 +- 0.018 m, vel=0.093 +- 0.051 m/s
[2026-07-09 22:58:45.372] [odom] [warning] IMU better ratios rot=0.86, trans=0.05, vel=0.08
[2026-07-09 22:58:46.929] [odom] [warning] IMU bias estimation seems inaccurate.
[2026-07-09 22:58:46.929] [odom] [warning] Possibly T_lidar_imu is not accurate or LiDAR-IMU synchronization is not correct.
[2026-07-09 22:58:46.929] [odom] [warning] IMU bias validation results:
[2026-07-09 22:58:46.929] [odom] [warning] num_bias_validations=5568
[2026-07-09 22:58:46.929] [odom] [warning] bias_acc=[0.183, 0.596, 0.187] m/s^2, bias_gyro=[-0.017, 0.000, 0.001] rad/s
[2026-07-09 22:58:46.929] [odom] [warning] acc_stat ax=-0.109 +- 0.115 [min=-0.298, max=0.183], ay=0.209 +- 0.237 [min=0.001, max=0.642], az=0.122 +- 0.060 [min=0.011, max=0.209] m/s^2
[2026-07-09 22:58:46.929] [odom] [warning] gyro_stat wx=-0.018 +- 0.001 [min=-0.020, max=-0.016], wy=0.001 +- 0.000 [min=-0.001, max=0.002], wz=0.001 +- 0.000 [min=0.001, max=0.001] rad/s
[2026-07-09 22:58:47.125] [odom] [warning] IMU prediction is not good.
[2026-07-09 22:58:47.125] [odom] [warning] Possibly T_lidar_imu is not accurate or IMU bias is not well estimated.
[2026-07-09 22:58:47.125] [odom] [warning] IMU validation results:
[2026-07-09 22:58:47.125] [odom] [warning] num_validations=5248
[2026-07-09 22:58:47.125] [odom] [warning] No-IMU errors rot=0.202 +- 0.229 deg, trans=0.028 +- 0.016 m, vel=0.024 +- 0.018 m/s
[2026-07-09 22:58:47.125] [odom] [warning] IMU errors rot=0.060 +- 0.048 deg, trans=0.032 +- 0.019 m, vel=0.095 +- 0.052 m/s
[2026-07-09 22:58:47.125] [odom] [warning] IMU better ratios rot=0.85, trans=0.05, vel=0.08
[2026-07-09 22:58:47.555] [glim] [info] playback speed: 2.564x
[2026-07-09 22:58:49.183] [odom] [warning] IMU bias estimation seems inaccurate.
[2026-07-09 22:58:49.183] [odom] [warning] Possibly T_lidar_imu is not accurate or LiDAR-IMU synchronization is not correct.
[2026-07-09 22:58:49.183] [odom] [warning] IMU bias validation results:
[2026-07-09 22:58:49.183] [odom] [warning] num_bias_validations=5632
[2026-07-09 22:58:49.183] [odom] [warning] bias_acc=[0.218, 0.592, 0.184] m/s^2, bias_gyro=[-0.018, 0.000, 0.001] rad/s
[2026-07-09 22:58:49.183] [odom] [warning] acc_stat ax=-0.105 +- 0.120 [min=-0.298, max=0.218], ay=0.213 +- 0.239 [min=0.001, max=0.642], az=0.123 +- 0.060 [min=0.011, max=0.209] m/s^2
[2026-07-09 22:58:49.183] [odom] [warning] gyro_stat wx=-0.018 +- 0.001 [min=-0.020, max=-0.016], wy=0.001 +- 0.000 [min=-0.001, max=0.002], wz=0.001 +- 0.000 [min=0.001, max=0.001] rad/s
[2026-07-09 22:58:49.515] [odom] [warning] IMU prediction is not good.
[2026-07-09 22:58:49.515] [odom] [warning] Possibly T_lidar_imu is not accurate or IMU bias is not well estimated.
[2026-07-09 22:58:49.515] [odom] [warning] IMU validation results:
[2026-07-09 22:58:49.515] [odom] [warning] num_validations=5312
[2026-07-09 22:58:49.515] [odom] [warning] No-IMU errors rot=0.202 +- 0.228 deg, trans=0.029 +- 0.017 m, vel=0.025 +- 0.018 m/s
[2026-07-09 22:58:49.515] [odom] [warning] IMU errors rot=0.060 +- 0.048 deg, trans=0.033 +- 0.020 m, vel=0.096 +- 0.053 m/s
[2026-07-09 22:58:49.515] [odom] [warning] IMU better ratios rot=0.85, trans=0.05, vel=0.08
[2026-07-09 22:58:51.331] [odom] [warning] IMU bias estimation seems inaccurate.
[2026-07-09 22:58:51.331] [odom] [warning] Possibly T_lidar_imu is not accurate or LiDAR-IMU synchronization is not correct.
[2026-07-09 22:58:51.331] [odom] [warning] IMU bias validation results:
[2026-07-09 22:58:51.331] [odom] [warning] num_bias_validations=5696
[2026-07-09 22:58:51.331] [odom] [warning] bias_acc=[0.253, 0.584, 0.180] m/s^2, bias_gyro=[-0.018, 0.000, 0.001] rad/s
[2026-07-09 22:58:51.331] [odom] [warning] acc_stat ax=-0.101 +- 0.125 [min=-0.298, max=0.253], ay=0.218 +- 0.241 [min=0.001, max=0.642], az=0.123 +- 0.060 [min=0.011, max=0.209] m/s^2
[2026-07-09 22:58:51.331] [odom] [warning] gyro_stat wx=-0.018 +- 0.001 [min=-0.020, max=-0.016], wy=0.001 +- 0.000 [min=-0.001, max=0.002], wz=0.001 +- 0.000 [min=0.001, max=0.001] rad/s
[2026-07-09 22:58:51.869] [odom] [warning] IMU prediction is not good.
[2026-07-09 22:58:51.869] [odom] [warning] Possibly T_lidar_imu is not accurate or IMU bias is not well estimated.
[2026-07-09 22:58:51.869] [odom] [warning] IMU validation results:
[2026-07-09 22:58:51.869] [odom] [warning] num_validations=5376
[2026-07-09 22:58:51.869] [odom] [warning] No-IMU errors rot=0.201 +- 0.227 deg, trans=0.029 +- 0.018 m, vel=0.025 +- 0.018 m/s
[2026-07-09 22:58:51.869] [odom] [warning] IMU errors rot=0.060 +- 0.048 deg, trans=0.034 +- 0.020 m, vel=0.097 +- 0.054 m/s
[2026-07-09 22:58:51.869] [odom] [warning] IMU better ratios rot=0.85, trans=0.04, vel=0.08
[2026-07-09 22:58:52.567] [glim] [info] playback speed: 3.117x
[2026-07-09 22:58:52.769] [odom] [warning] IMU bias estimation seems inaccurate.
[2026-07-09 22:58:52.769] [odom] [warning] Possibly T_lidar_imu is not accurate or LiDAR-IMU synchronization is not correct.
[2026-07-09 22:58:52.769] [odom] [warning] IMU bias validation results:
[2026-07-09 22:58:52.769] [odom] [warning] num_bias_validations=5760
[2026-07-09 22:58:52.769] [odom] [warning] bias_acc=[0.287, 0.578, 0.177] m/s^2, bias_gyro=[-0.018, 0.000, 0.001] rad/s
[2026-07-09 22:58:52.769] [odom] [warning] acc_stat ax=-0.097 +- 0.131 [min=-0.298, max=0.287], ay=0.222 +- 0.243 [min=0.001, max=0.642], az=0.124 +- 0.060 [min=0.011, max=0.209] m/s^2
[2026-07-09 22:58:52.769] [odom] [warning] gyro_stat wx=-0.018 +- 0.001 [min=-0.020, max=-0.016], wy=0.001 +- 0.000 [min=-0.001, max=0.002], wz=0.001 +- 0.000 [min=0.001, max=0.001] rad/s
[2026-07-09 22:58:53.535] [odom] [warning] IMU prediction is not good.
[2026-07-09 22:58:53.535] [odom] [warning] Possibly T_lidar_imu is not accurate or IMU bias is not well estimated.
[2026-07-09 22:58:53.535] [odom] [warning] IMU validation results:
[2026-07-09 22:58:53.535] [odom] [warning] num_validations=5440
[2026-07-09 22:58:53.535] [odom] [warning] No-IMU errors rot=0.201 +- 0.226 deg, trans=0.029 +- 0.018 m, vel=0.025 +- 0.018 m/s
[2026-07-09 22:58:53.535] [odom] [warning] IMU errors rot=0.060 +- 0.048 deg, trans=0.034 +- 0.021 m, vel=0.098 +- 0.055 m/s
[2026-07-09 22:58:53.535] [odom] [warning] IMU better ratios rot=0.85, trans=0.04, vel=0.08
[2026-07-09 22:58:54.958] [odom] [warning] IMU bias estimation seems inaccurate.
[2026-07-09 22:58:54.958] [odom] [warning] Possibly T_lidar_imu is not accurate or LiDAR-IMU synchronization is not correct.
[2026-07-09 22:58:54.958] [odom] [warning] IMU bias validation results:
[2026-07-09 22:58:54.958] [odom] [warning] num_bias_validations=5824
[2026-07-09 22:58:54.958] [odom] [warning] bias_acc=[0.319, 0.574, 0.174] m/s^2, bias_gyro=[-0.018, -0.000, 0.001] rad/s
[2026-07-09 22:58:54.958] [odom] [warning] acc_stat ax=-0.092 +- 0.137 [min=-0.298, max=0.319], ay=0.225 +- 0.244 [min=0.001, max=0.642], az=0.124 +- 0.060 [min=0.011, max=0.209] m/s^2
[2026-07-09 22:58:54.958] [odom] [warning] gyro_stat wx=-0.018 +- 0.001 [min=-0.020, max=-0.016], wy=0.001 +- 0.001 [min=-0.001, max=0.002], wz=0.001 +- 0.000 [min=0.001, max=0.001] rad/s
[2026-07-09 22:58:55.788] [odom] [warning] IMU prediction is not good.
[2026-07-09 22:58:55.788] [odom] [warning] Possibly T_lidar_imu is not accurate or IMU bias is not well estimated.
[2026-07-09 22:58:55.788] [odom] [warning] IMU validation results:
[2026-07-09 22:58:55.788] [odom] [warning] num_validations=5504
[2026-07-09 22:58:55.788] [odom] [warning] No-IMU errors rot=0.202 +- 0.226 deg, trans=0.030 +- 0.018 m, vel=0.025 +- 0.018 m/s
[2026-07-09 22:58:55.788] [odom] [warning] IMU errors rot=0.061 +- 0.048 deg, trans=0.035 +- 0.021 m, vel=0.099 +- 0.055 m/s
[2026-07-09 22:58:55.788] [odom] [warning] IMU better ratios rot=0.86, trans=0.04, vel=0.08
[2026-07-09 22:58:56.731] [odom] [warning] IMU bias estimation seems inaccurate.
[2026-07-09 22:58:56.731] [odom] [warning] Possibly T_lidar_imu is not accurate or LiDAR-IMU synchronization is not correct.
[2026-07-09 22:58:56.731] [odom] [warning] IMU bias validation results:
[2026-07-09 22:58:56.731] [odom] [warning] num_bias_validations=5888
[2026-07-09 22:58:56.731] [odom] [warning] bias_acc=[0.350, 0.568, 0.171] m/s^2, bias_gyro=[-0.019, 0.000, 0.001] rad/s
[2026-07-09 22:58:56.731] [odom] [warning] acc_stat ax=-0.088 +- 0.144 [min=-0.298, max=0.350], ay=0.229 +- 0.245 [min=0.001, max=0.642], az=0.125 +- 0.060 [min=0.011, max=0.209] m/s^2
[2026-07-09 22:58:56.731] [odom] [warning] gyro_stat wx=-0.018 +- 0.001 [min=-0.020, max=-0.016], wy=0.001 +- 0.001 [min=-0.001, max=0.002], wz=0.001 +- 0.000 [min=0.001, max=0.001] rad/s
[2026-07-09 22:58:57.284] [odom] [warning] IMU prediction is not good.
[2026-07-09 22:58:57.284] [odom] [warning] Possibly T_lidar_imu is not accurate or IMU bias is not well estimated.
[2026-07-09 22:58:57.284] [odom] [warning] IMU validation results:
[2026-07-09 22:58:57.284] [odom] [warning] num_validations=5568
[2026-07-09 22:58:57.284] [odom] [warning] No-IMU errors rot=0.201 +- 0.225 deg, trans=0.030 +- 0.018 m, vel=0.025 +- 0.018 m/s
[2026-07-09 22:58:57.284] [odom] [warning] IMU errors rot=0.061 +- 0.048 deg, trans=0.035 +- 0.021 m, vel=0.100 +- 0.055 m/s
[2026-07-09 22:58:57.284] [odom] [warning] IMU better ratios rot=0.86, trans=0.04, vel=0.08
[2026-07-09 22:58:57.567] [glim] [info] playback speed: 3.241x
[2026-07-09 22:58:59.205] [odom] [warning] IMU bias estimation seems inaccurate.
[2026-07-09 22:58:59.205] [odom] [warning] Possibly T_lidar_imu is not accurate or LiDAR-IMU synchronization is not correct.
[2026-07-09 22:58:59.205] [odom] [warning] IMU bias validation results:
[2026-07-09 22:58:59.205] [odom] [warning] num_bias_validations=5952
[2026-07-09 22:58:59.205] [odom] [warning] bias_acc=[0.381, 0.559, 0.169] m/s^2, bias_gyro=[-0.019, -0.000, 0.001] rad/s
[2026-07-09 22:58:59.205] [odom] [warning] acc_stat ax=-0.083 +- 0.151 [min=-0.298, max=0.381], ay=0.233 +- 0.246 [min=0.001, max=0.642], az=0.125 +- 0.059 [min=0.011, max=0.209] m/s^2
[2026-07-09 22:58:59.205] [odom] [warning] gyro_stat wx=-0.018 +- 0.001 [min=-0.020, max=-0.016], wy=0.001 +- 0.001 [min=-0.001, max=0.002], wz=0.001 +- 0.000 [min=0.001, max=0.001] rad/s
[2026-07-09 22:58:59.373] [odom] [warning] IMU prediction is not good.
[2026-07-09 22:58:59.373] [odom] [warning] Possibly T_lidar_imu is not accurate or IMU bias is not well estimated.
[2026-07-09 22:58:59.373] [odom] [warning] IMU validation results:
[2026-07-09 22:58:59.374] [odom] [warning] num_validations=5632
[2026-07-09 22:58:59.374] [odom] [warning] No-IMU errors rot=0.201 +- 0.224 deg, trans=0.030 +- 0.018 m, vel=0.025 +- 0.018 m/s
[2026-07-09 22:58:59.374] [odom] [warning] IMU errors rot=0.061 +- 0.049 deg, trans=0.035 +- 0.021 m, vel=0.101 +- 0.056 m/s
[2026-07-09 22:58:59.374] [odom] [warning] IMU better ratios rot=0.86, trans=0.04, vel=0.08
[2026-07-09 22:59:00.476] [odom] [warning] IMU bias estimation seems inaccurate.
[2026-07-09 22:59:00.477] [odom] [warning] Possibly T_lidar_imu is not accurate or LiDAR-IMU synchronization is not correct.
[2026-07-09 22:59:00.477] [odom] [warning] IMU bias validation results:
[2026-07-09 22:59:00.477] [odom] [warning] num_bias_validations=6016
[2026-07-09 22:59:00.477] [odom] [warning] bias_acc=[0.413, 0.549, 0.165] m/s^2, bias_gyro=[-0.018, 0.000, 0.001] rad/s
[2026-07-09 22:59:00.477] [odom] [warning] acc_stat ax=-0.077 +- 0.158 [min=-0.298, max=0.413], ay=0.236 +- 0.247 [min=0.001, max=0.642], az=0.126 +- 0.059 [min=0.011, max=0.209] m/s^2
[2026-07-09 22:59:00.477] [odom] [warning] gyro_stat wx=-0.018 +- 0.001 [min=-0.020, max=-0.016], wy=0.001 +- 0.001 [min=-0.001, max=0.002], wz=0.001 +- 0.000 [min=0.001, max=0.001] rad/s
[2026-07-09 22:59:01.301] [odom] [warning] IMU prediction is not good.
[2026-07-09 22:59:01.301] [odom] [warning] Possibly T_lidar_imu is not accurate or IMU bias is not well estimated.
[2026-07-09 22:59:01.301] [odom] [warning] IMU validation results:
[2026-07-09 22:59:01.301] [odom] [warning] num_validations=5696
[2026-07-09 22:59:01.301] [odom] [warning] No-IMU errors rot=0.201 +- 0.223 deg, trans=0.031 +- 0.019 m, vel=0.025 +- 0.018 m/s
[2026-07-09 22:59:01.301] [odom] [warning] IMU errors rot=0.061 +- 0.049 deg, trans=0.036 +- 0.021 m, vel=0.102 +- 0.056 m/s
[2026-07-09 22:59:01.301] [odom] [warning] IMU better ratios rot=0.86, trans=0.04, vel=0.07
[2026-07-09 22:59:02.336] [odom] [warning] IMU bias estimation seems inaccurate.
[2026-07-09 22:59:02.336] [odom] [warning] Possibly T_lidar_imu is not accurate or LiDAR-IMU synchronization is not correct.
[2026-07-09 22:59:02.336] [odom] [warning] IMU bias validation results:
[2026-07-09 22:59:02.336] [odom] [warning] num_bias_validations=6080
[2026-07-09 22:59:02.336] [odom] [warning] bias_acc=[0.442, 0.540, 0.162] m/s^2, bias_gyro=[-0.018, 0.001, 0.001] rad/s
[2026-07-09 22:59:02.336] [odom] [warning] acc_stat ax=-0.072 +- 0.166 [min=-0.298, max=0.442], ay=0.239 +- 0.248 [min=0.001, max=0.642], az=0.126 +- 0.059 [min=0.011, max=0.209] m/s^2
[2026-07-09 22:59:02.336] [odom] [warning] gyro_stat wx=-0.018 +- 0.001 [min=-0.020, max=-0.016], wy=0.001 +- 0.001 [min=-0.001, max=0.002], wz=0.001 +- 0.000 [min=0.001, max=0.001] rad/s
[2026-07-09 22:59:02.575] [glim] [info] playback speed: 3.510x
[2026-07-09 22:59:03.129] [odom] [warning] IMU prediction is not good.
[2026-07-09 22:59:03.129] [odom] [warning] Possibly T_lidar_imu is not accurate or IMU bias is not well estimated.
[2026-07-09 22:59:03.129] [odom] [warning] IMU validation results:
[2026-07-09 22:59:03.129] [odom] [warning] num_validations=5760
[2026-07-09 22:59:03.129] [odom] [warning] No-IMU errors rot=0.200 +- 0.222 deg, trans=0.031 +- 0.019 m, vel=0.025 +- 0.018 m/s
[2026-07-09 22:59:03.129] [odom] [warning] IMU errors rot=0.061 +- 0.049 deg, trans=0.036 +- 0.022 m, vel=0.103 +- 0.056 m/s
[2026-07-09 22:59:03.129] [odom] [warning] IMU better ratios rot=0.86, trans=0.04, vel=0.07
[2026-07-09 22:59:05.007] [odom] [warning] IMU bias estimation seems inaccurate.
[2026-07-09 22:59:05.007] [odom] [warning] Possibly T_lidar_imu is not accurate or LiDAR-IMU synchronization is not correct.
[2026-07-09 22:59:05.007] [odom] [warning] IMU bias validation results:
[2026-07-09 22:59:05.007] [odom] [warning] num_bias_validations=6144
[2026-07-09 22:59:05.007] [odom] [warning] bias_acc=[0.466, 0.535, 0.159] m/s^2, bias_gyro=[-0.019, 0.001, 0.001] rad/s
[2026-07-09 22:59:05.007] [odom] [warning] acc_stat ax=-0.066 +- 0.174 [min=-0.298, max=0.466], ay=0.242 +- 0.248 [min=0.001, max=0.642], az=0.126 +- 0.059 [min=0.011, max=0.209] m/s^2
[2026-07-09 22:59:05.007] [odom] [warning] gyro_stat wx=-0.018 +- 0.001 [min=-0.020, max=-0.016], wy=0.001 +- 0.001 [min=-0.001, max=0.002], wz=0.001 +- 0.000 [min=0.001, max=0.001] rad/s
[2026-07-09 22:59:05.805] [odom] [warning] IMU prediction is not good.
[2026-07-09 22:59:05.805] [odom] [warning] Possibly T_lidar_imu is not accurate or IMU bias is not well estimated.
[2026-07-09 22:59:05.805] [odom] [warning] IMU validation results:
[2026-07-09 22:59:05.805] [odom] [warning] num_validations=5824
[2026-07-09 22:59:05.805] [odom] [warning] No-IMU errors rot=0.201 +- 0.222 deg, trans=0.031 +- 0.019 m, vel=0.025 +- 0.018 m/s
[2026-07-09 22:59:05.805] [odom] [warning] IMU errors rot=0.062 +- 0.050 deg, trans=0.036 +- 0.022 m, vel=0.103 +- 0.056 m/s
[2026-07-09 22:59:05.805] [odom] [warning] IMU better ratios rot=0.86, trans=0.04, vel=0.07
[2026-07-09 22:59:07.619] [glim] [info] playback speed: 2.353x
[2026-07-09 22:59:07.909] [odom] [warning] IMU bias estimation seems inaccurate.
[2026-07-09 22:59:07.909] [odom] [warning] Possibly T_lidar_imu is not accurate or LiDAR-IMU synchronization is not correct.
[2026-07-09 22:59:07.909] [odom] [warning] IMU bias validation results:
[2026-07-09 22:59:07.909] [odom] [warning] num_bias_validations=6208
[2026-07-09 22:59:07.909] [odom] [warning] bias_acc=[0.489, 0.534, 0.156] m/s^2, bias_gyro=[-0.018, 0.001, 0.001] rad/s
[2026-07-09 22:59:07.909] [odom] [warning] acc_stat ax=-0.061 +- 0.182 [min=-0.298, max=0.489], ay=0.245 +- 0.249 [min=0.001, max=0.642], az=0.127 +- 0.059 [min=0.011, max=0.209] m/s^2
[2026-07-09 22:59:07.909] [odom] [warning] gyro_stat wx=-0.018 +- 0.001 [min=-0.020, max=-0.016], wy=0.001 +- 0.001 [min=-0.001, max=0.002], wz=0.001 +- 0.000 [min=0.001, max=0.001] rad/s
[2026-07-09 22:59:08.653] [odom] [warning] IMU prediction is not good.
[2026-07-09 22:59:08.653] [odom] [warning] Possibly T_lidar_imu is not accurate or IMU bias is not well estimated.
[2026-07-09 22:59:08.653] [odom] [warning] IMU validation results:
[2026-07-09 22:59:08.653] [odom] [warning] num_validations=5888
[2026-07-09 22:59:08.653] [odom] [warning] No-IMU errors rot=0.200 +- 0.222 deg, trans=0.032 +- 0.019 m, vel=0.025 +- 0.018 m/s
[2026-07-09 22:59:08.653] [odom] [warning] IMU errors rot=0.062 +- 0.050 deg, trans=0.037 +- 0.022 m, vel=0.104 +- 0.056 m/s
[2026-07-09 22:59:08.653] [odom] [warning] IMU better ratios rot=0.86, trans=0.04, vel=0.07
[2026-07-09 22:59:10.174] [odom] [warning] IMU bias estimation seems inaccurate.
[2026-07-09 22:59:10.174] [odom] [warning] Possibly T_lidar_imu is not accurate or LiDAR-IMU synchronization is not correct.
[2026-07-09 22:59:10.174] [odom] [warning] IMU bias validation results:
[2026-07-09 22:59:10.174] [odom] [warning] num_bias_validations=6272
[2026-07-09 22:59:10.174] [odom] [warning] bias_acc=[0.511, 0.535, 0.154] m/s^2, bias_gyro=[-0.018, 0.001, 0.001] rad/s
[2026-07-09 22:59:10.174] [odom] [warning] acc_stat ax=-0.055 +- 0.190 [min=-0.298, max=0.511], ay=0.248 +- 0.249 [min=0.001, max=0.642], az=0.127 +- 0.058 [min=0.011, max=0.209] m/s^2
[2026-07-09 22:59:10.174] [odom] [warning] gyro_stat wx=-0.018 +- 0.001 [min=-0.020, max=-0.016], wy=0.001 +- 0.000 [min=-0.001, max=0.002], wz=0.001 +- 0.000 [min=0.001, max=0.001] rad/s
[2026-07-09 22:59:10.803] [odom] [warning] IMU prediction is not good.
[2026-07-09 22:59:10.803] [odom] [warning] Possibly T_lidar_imu is not accurate or IMU bias is not well estimated.
[2026-07-09 22:59:10.803] [odom] [warning] IMU validation results:
[2026-07-09 22:59:10.803] [odom] [warning] num_validations=5952
[2026-07-09 22:59:10.803] [odom] [warning] No-IMU errors rot=0.200 +- 0.221 deg, trans=0.032 +- 0.019 m, vel=0.025 +- 0.018 m/s
[2026-07-09 22:59:10.803] [odom] [warning] IMU errors rot=0.062 +- 0.049 deg, trans=0.037 +- 0.022 m, vel=0.104 +- 0.056 m/s
[2026-07-09 22:59:10.803] [odom] [warning] IMU better ratios rot=0.86, trans=0.04, vel=0.07
[2026-07-09 22:59:12.620] [glim] [info] playback speed: 2.657x
[2026-07-09 22:59:12.681] [odom] [warning] IMU bias estimation seems inaccurate.
[2026-07-09 22:59:12.681] [odom] [warning] Possibly T_lidar_imu is not accurate or LiDAR-IMU synchronization is not correct.
[2026-07-09 22:59:12.681] [odom] [warning] IMU bias validation results:
[2026-07-09 22:59:12.681] [odom] [warning] num_bias_validations=6336
[2026-07-09 22:59:12.681] [odom] [warning] bias_acc=[0.534, 0.531, 0.152] m/s^2, bias_gyro=[-0.019, 0.001, 0.001] rad/s
[2026-07-09 22:59:12.681] [odom] [warning] acc_stat ax=-0.049 +- 0.198 [min=-0.298, max=0.534], ay=0.251 +- 0.250 [min=0.001, max=0.642], az=0.127 +- 0.058 [min=0.011, max=0.209] m/s^2
[2026-07-09 22:59:12.681] [odom] [warning] gyro_stat wx=-0.018 +- 0.001 [min=-0.020, max=-0.016], wy=0.001 +- 0.000 [min=-0.001, max=0.002], wz=0.001 +- 0.000 [min=0.001, max=0.001] rad/s
[2026-07-09 22:59:13.482] [odom] [warning] IMU prediction is not good.
[2026-07-09 22:59:13.482] [odom] [warning] Possibly T_lidar_imu is not accurate or IMU bias is not well estimated.
[2026-07-09 22:59:13.482] [odom] [warning] IMU validation results:
[2026-07-09 22:59:13.482] [odom] [warning] num_validations=6016
[2026-07-09 22:59:13.482] [odom] [warning] No-IMU errors rot=0.199 +- 0.220 deg, trans=0.032 +- 0.019 m, vel=0.025 +- 0.018 m/s
[2026-07-09 22:59:13.482] [odom] [warning] IMU errors rot=0.061 +- 0.049 deg, trans=0.037 +- 0.022 m, vel=0.105 +- 0.056 m/s
[2026-07-09 22:59:13.482] [odom] [warning] IMU better ratios rot=0.86, trans=0.04, vel=0.07
[2026-07-09 22:59:15.960] [odom] [warning] IMU bias estimation seems inaccurate.
[2026-07-09 22:59:15.960] [odom] [warning] Possibly T_lidar_imu is not accurate or LiDAR-IMU synchronization is not correct.
[2026-07-09 22:59:15.960] [odom] [warning] IMU bias validation results:
[2026-07-09 22:59:15.960] [odom] [warning] num_bias_validations=6400
[2026-07-09 22:59:15.960] [odom] [warning] bias_acc=[0.557, 0.526, 0.149] m/s^2, bias_gyro=[-0.018, 0.001, 0.001] rad/s
[2026-07-09 22:59:15.960] [odom] [warning] acc_stat ax=-0.043 +- 0.206 [min=-0.298, max=0.557], ay=0.254 +- 0.250 [min=0.001, max=0.642], az=0.128 +- 0.058 [min=0.011, max=0.209] m/s^2
[2026-07-09 22:59:15.960] [odom] [warning] gyro_stat wx=-0.018 +- 0.001 [min=-0.020, max=-0.016], wy=0.001 +- 0.000 [min=-0.001, max=0.002], wz=0.001 +- 0.000 [min=0.001, max=0.001] rad/s
[2026-07-09 22:59:16.846] [odom] [warning] IMU prediction is not good.
[2026-07-09 22:59:16.846] [odom] [warning] Possibly T_lidar_imu is not accurate or IMU bias is not well estimated.
[2026-07-09 22:59:16.846] [odom] [warning] IMU validation results:
[2026-07-09 22:59:16.846] [odom] [warning] num_validations=6080
[2026-07-09 22:59:16.846] [odom] [warning] No-IMU errors rot=0.199 +- 0.220 deg, trans=0.032 +- 0.019 m, vel=0.025 +- 0.018 m/s
[2026-07-09 22:59:16.846] [odom] [warning] IMU errors rot=0.061 +- 0.049 deg, trans=0.037 +- 0.022 m, vel=0.105 +- 0.056 m/s
[2026-07-09 22:59:16.846] [odom] [warning] IMU better ratios rot=0.86, trans=0.04, vel=0.07
[2026-07-09 22:59:17.620] [glim] [info] playback speed: 2.049x
[2026-07-09 22:59:18.145] [odom] [warning] IMU bias estimation seems inaccurate.
[2026-07-09 22:59:18.145] [odom] [warning] Possibly T_lidar_imu is not accurate or LiDAR-IMU synchronization is not correct.
[2026-07-09 22:59:18.145] [odom] [warning] IMU bias validation results:
[2026-07-09 22:59:18.145] [odom] [warning] num_bias_validations=6464
[2026-07-09 22:59:18.145] [odom] [warning] bias_acc=[0.578, 0.518, 0.146] m/s^2, bias_gyro=[-0.018, 0.001, 0.001] rad/s
[2026-07-09 22:59:18.145] [odom] [warning] acc_stat ax=-0.037 +- 0.214 [min=-0.298, max=0.578], ay=0.257 +- 0.250 [min=0.001, max=0.642], az=0.128 +- 0.058 [min=0.011, max=0.209] m/s^2
[2026-07-09 22:59:18.145] [odom] [warning] gyro_stat wx=-0.018 +- 0.001 [min=-0.020, max=-0.016], wy=0.001 +- 0.000 [min=-0.001, max=0.002], wz=0.001 +- 0.000 [min=0.001, max=0.001] rad/s
[2026-07-09 22:59:18.322] [odom] [warning] IMU prediction is not good.
[2026-07-09 22:59:18.322] [odom] [warning] Possibly T_lidar_imu is not accurate or IMU bias is not well estimated.
[2026-07-09 22:59:18.322] [odom] [warning] IMU validation results:
[2026-07-09 22:59:18.322] [odom] [warning] num_validations=6144
[2026-07-09 22:59:18.322] [odom] [warning] No-IMU errors rot=0.199 +- 0.220 deg, trans=0.032 +- 0.019 m, vel=0.025 +- 0.018 m/s
[2026-07-09 22:59:18.322] [odom] [warning] IMU errors rot=0.062 +- 0.050 deg, trans=0.037 +- 0.021 m, vel=0.106 +- 0.056 m/s
[2026-07-09 22:59:18.322] [odom] [warning] IMU better ratios rot=0.86, trans=0.04, vel=0.07
[2026-07-09 22:59:20.267] [odom] [warning] IMU bias estimation seems inaccurate.
[2026-07-09 22:59:20.267] [odom] [warning] Possibly T_lidar_imu is not accurate or LiDAR-IMU synchronization is not correct.
[2026-07-09 22:59:20.267] [odom] [warning] IMU bias validation results:
[2026-07-09 22:59:20.267] [odom] [warning] num_bias_validations=6528
[2026-07-09 22:59:20.267] [odom] [warning] bias_acc=[0.596, 0.513, 0.143] m/s^2, bias_gyro=[-0.018, 0.001, 0.001] rad/s
[2026-07-09 22:59:20.267] [odom] [warning] acc_stat ax=-0.030 +- 0.222 [min=-0.298, max=0.596], ay=0.259 +- 0.250 [min=0.001, max=0.642], az=0.128 +- 0.057 [min=0.011, max=0.209] m/s^2
[2026-07-09 22:59:20.267] [odom] [warning] gyro_stat wx=-0.018 +- 0.001 [min=-0.020, max=-0.016], wy=0.001 +- 0.000 [min=-0.001, max=0.002], wz=0.001 +- 0.000 [min=0.001, max=0.001] rad/s
[2026-07-09 22:59:20.738] [odom] [warning] IMU prediction is not good.
[2026-07-09 22:59:20.738] [odom] [warning] Possibly T_lidar_imu is not accurate or IMU bias is not well estimated.
[2026-07-09 22:59:20.738] [odom] [warning] IMU validation results:
[2026-07-09 22:59:20.738] [odom] [warning] num_validations=6208
[2026-07-09 22:59:20.738] [odom] [warning] No-IMU errors rot=0.198 +- 0.219 deg, trans=0.032 +- 0.019 m, vel=0.025 +- 0.018 m/s
[2026-07-09 22:59:20.738] [odom] [warning] IMU errors rot=0.061 +- 0.050 deg, trans=0.037 +- 0.021 m, vel=0.106 +- 0.056 m/s
[2026-07-09 22:59:20.738] [odom] [warning] IMU better ratios rot=0.86, trans=0.04, vel=0.07
[2026-07-09 22:59:21.414] [odom] [warning] IMU bias estimation seems inaccurate.
[2026-07-09 22:59:21.414] [odom] [warning] Possibly T_lidar_imu is not accurate or LiDAR-IMU synchronization is not correct.
[2026-07-09 22:59:21.414] [odom] [warning] IMU bias validation results:
[2026-07-09 22:59:21.414] [odom] [warning] num_bias_validations=6592
[2026-07-09 22:59:21.414] [odom] [warning] bias_acc=[0.612, 0.511, 0.141] m/s^2, bias_gyro=[-0.018, 0.001, 0.001] rad/s
[2026-07-09 22:59:21.414] [odom] [warning] acc_stat ax=-0.024 +- 0.230 [min=-0.298, max=0.612], ay=0.261 +- 0.250 [min=0.001, max=0.642], az=0.128 +- 0.057 [min=0.011, max=0.209] m/s^2
[2026-07-09 22:59:21.414] [odom] [warning] gyro_stat wx=-0.018 +- 0.001 [min=-0.020, max=-0.016], wy=0.001 +- 0.000 [min=-0.001, max=0.002], wz=0.001 +- 0.000 [min=0.001, max=0.001] rad/s
[2026-07-09 22:59:22.094] [odom] [warning] IMU prediction is not good.
[2026-07-09 22:59:22.095] [odom] [warning] Possibly T_lidar_imu is not accurate or IMU bias is not well estimated.
[2026-07-09 22:59:22.095] [odom] [warning] IMU validation results:
[2026-07-09 22:59:22.095] [odom] [warning] num_validations=6272
[2026-07-09 22:59:22.095] [odom] [warning] No-IMU errors rot=0.198 +- 0.218 deg, trans=0.032 +- 0.019 m, vel=0.025 +- 0.018 m/s
[2026-07-09 22:59:22.095] [odom] [warning] IMU errors rot=0.061 +- 0.050 deg, trans=0.037 +- 0.021 m, vel=0.106 +- 0.056 m/s
[2026-07-09 22:59:22.095] [odom] [warning] IMU better ratios rot=0.86, trans=0.04, vel=0.07
[2026-07-09 22:59:22.650] [glim] [info] playback speed: 3.771x
[2026-07-09 22:59:23.886] [odom] [warning] IMU bias estimation seems inaccurate.
[2026-07-09 22:59:23.886] [odom] [warning] Possibly T_lidar_imu is not accurate or LiDAR-IMU synchronization is not correct.
[2026-07-09 22:59:23.886] [odom] [warning] IMU bias validation results:
[2026-07-09 22:59:23.886] [odom] [warning] num_bias_validations=6656
[2026-07-09 22:59:23.886] [odom] [warning] bias_acc=[0.627, 0.508, 0.139] m/s^2, bias_gyro=[-0.019, 0.001, 0.001] rad/s
[2026-07-09 22:59:23.886] [odom] [warning] acc_stat ax=-0.018 +- 0.237 [min=-0.298, max=0.627], ay=0.264 +- 0.250 [min=0.001, max=0.642], az=0.128 +- 0.057 [min=0.011, max=0.209] m/s^2
[2026-07-09 22:59:23.886] [odom] [warning] gyro_stat wx=-0.018 +- 0.001 [min=-0.020, max=-0.016], wy=0.001 +- 0.000 [min=-0.001, max=0.002], wz=0.001 +- 0.000 [min=0.001, max=0.001] rad/s
[2026-07-09 22:59:24.030] [odom] [warning] IMU prediction is not good.
[2026-07-09 22:59:24.031] [odom] [warning] Possibly T_lidar_imu is not accurate or IMU bias is not well estimated.
[2026-07-09 22:59:24.031] [odom] [warning] IMU validation results:
[2026-07-09 22:59:24.031] [odom] [warning] num_validations=6336
[2026-07-09 22:59:24.031] [odom] [warning] No-IMU errors rot=0.197 +- 0.217 deg, trans=0.032 +- 0.018 m, vel=0.025 +- 0.018 m/s
[2026-07-09 22:59:24.031] [odom] [warning] IMU errors rot=0.061 +- 0.049 deg, trans=0.037 +- 0.021 m, vel=0.106 +- 0.055 m/s
[2026-07-09 22:59:24.031] [odom] [warning] IMU better ratios rot=0.86, trans=0.04, vel=0.07
[2026-07-09 22:59:25.489] [odom] [warning] IMU bias estimation seems inaccurate.
[2026-07-09 22:59:25.489] [odom] [warning] Possibly T_lidar_imu is not accurate or LiDAR-IMU synchronization is not correct.
[2026-07-09 22:59:25.489] [odom] [warning] IMU bias validation results:
[2026-07-09 22:59:25.489] [odom] [warning] num_bias_validations=6720
[2026-07-09 22:59:25.489] [odom] [warning] bias_acc=[0.641, 0.504, 0.136] m/s^2, bias_gyro=[-0.019, 0.001, 0.001] rad/s
[2026-07-09 22:59:25.489] [odom] [warning] acc_stat ax=-0.012 +- 0.245 [min=-0.298, max=0.641], ay=0.266 +- 0.250 [min=0.001, max=0.642], az=0.128 +- 0.057 [min=0.011, max=0.209] m/s^2
[2026-07-09 22:59:25.489] [odom] [warning] gyro_stat wx=-0.018 +- 0.001 [min=-0.020, max=-0.016], wy=0.001 +- 0.000 [min=-0.001, max=0.002], wz=0.001 +- 0.000 [min=0.001, max=0.001] rad/s
[2026-07-09 22:59:26.369] [odom] [warning] IMU prediction is not good.
[2026-07-09 22:59:26.369] [odom] [warning] Possibly T_lidar_imu is not accurate or IMU bias is not well estimated.
[2026-07-09 22:59:26.369] [odom] [warning] IMU validation results:
[2026-07-09 22:59:26.369] [odom] [warning] num_validations=6400
[2026-07-09 22:59:26.369] [odom] [warning] No-IMU errors rot=0.196 +- 0.216 deg, trans=0.032 +- 0.018 m, vel=0.025 +- 0.018 m/s
[2026-07-09 22:59:26.369] [odom] [warning] IMU errors rot=0.061 +- 0.049 deg, trans=0.037 +- 0.021 m, vel=0.106 +- 0.055 m/s
[2026-07-09 22:59:26.369] [odom] [warning] IMU better ratios rot=0.86, trans=0.04, vel=0.07
[2026-07-09 22:59:27.361] [odom] [warning] IMU bias estimation seems inaccurate.
[2026-07-09 22:59:27.361] [odom] [warning] Possibly T_lidar_imu is not accurate or LiDAR-IMU synchronization is not correct.
[2026-07-09 22:59:27.361] [odom] [warning] IMU bias validation results:
[2026-07-09 22:59:27.361] [odom] [warning] num_bias_validations=6784
[2026-07-09 22:59:27.361] [odom] [warning] bias_acc=[0.655, 0.500, 0.134] m/s^2, bias_gyro=[-0.019, 0.001, 0.001] rad/s
[2026-07-09 22:59:27.361] [odom] [warning] acc_stat ax=-0.005 +- 0.252 [min=-0.298, max=0.655], ay=0.268 +- 0.250 [min=0.001, max=0.642], az=0.128 +- 0.056 [min=0.011, max=0.209] m/s^2
[2026-07-09 22:59:27.361] [odom] [warning] gyro_stat wx=-0.018 +- 0.001 [min=-0.020, max=-0.016], wy=0.001 +- 0.000 [min=-0.001, max=0.002], wz=0.001 +- 0.000 [min=0.001, max=0.001] rad/s
[2026-07-09 22:59:27.638] [odom] [warning] IMU prediction is not good.
[2026-07-09 22:59:27.638] [odom] [warning] Possibly T_lidar_imu is not accurate or IMU bias is not well estimated.
[2026-07-09 22:59:27.638] [odom] [warning] IMU validation results:
[2026-07-09 22:59:27.638] [odom] [warning] num_validations=6464
[2026-07-09 22:59:27.638] [odom] [warning] No-IMU errors rot=0.195 +- 0.216 deg, trans=0.032 +- 0.018 m, vel=0.025 +- 0.018 m/s
[2026-07-09 22:59:27.638] [odom] [warning] IMU errors rot=0.061 +- 0.049 deg, trans=0.037 +- 0.021 m, vel=0.106 +- 0.055 m/s
[2026-07-09 22:59:27.638] [odom] [warning] IMU better ratios rot=0.86, trans=0.04, vel=0.07
[2026-07-09 22:59:27.666] [glim] [info] playback speed: 3.600x
[2026-07-09 22:59:29.547] [odom] [warning] IMU bias estimation seems inaccurate.
[2026-07-09 22:59:29.547] [odom] [warning] Possibly T_lidar_imu is not accurate or LiDAR-IMU synchronization is not correct.
[2026-07-09 22:59:29.547] [odom] [warning] IMU bias validation results:
[2026-07-09 22:59:29.547] [odom] [warning] num_bias_validations=6848
[2026-07-09 22:59:29.547] [odom] [warning] bias_acc=[0.667, 0.495, 0.131] m/s^2, bias_gyro=[-0.019, 0.001, 0.001] rad/s
[2026-07-09 22:59:29.547] [odom] [warning] acc_stat ax=0.001 +- 0.259 [min=-0.298, max=0.667], ay=0.270 +- 0.250 [min=0.001, max=0.642], az=0.128 +- 0.056 [min=0.011, max=0.209] m/s^2
[2026-07-09 22:59:29.547] [odom] [warning] gyro_stat wx=-0.018 +- 0.001 [min=-0.020, max=-0.016], wy=0.001 +- 0.000 [min=-0.001, max=0.002], wz=0.001 +- 0.000 [min=0.001, max=0.001] rad/s
[2026-07-09 22:59:29.687] [odom] [warning] IMU prediction is not good.
[2026-07-09 22:59:29.687] [odom] [warning] Possibly T_lidar_imu is not accurate or IMU bias is not well estimated.
[2026-07-09 22:59:29.687] [odom] [warning] IMU validation results:
[2026-07-09 22:59:29.687] [odom] [warning] num_validations=6528
[2026-07-09 22:59:29.687] [odom] [warning] No-IMU errors rot=0.194 +- 0.215 deg, trans=0.032 +- 0.018 m, vel=0.025 +- 0.018 m/s
[2026-07-09 22:59:29.687] [odom] [warning] IMU errors rot=0.061 +- 0.049 deg, trans=0.037 +- 0.021 m, vel=0.106 +- 0.054 m/s
[2026-07-09 22:59:29.687] [odom] [warning] IMU better ratios rot=0.85, trans=0.04, vel=0.07
[2026-07-09 22:59:31.196] [odom] [warning] IMU bias estimation seems inaccurate.
[2026-07-09 22:59:31.196] [odom] [warning] Possibly T_lidar_imu is not accurate or LiDAR-IMU synchronization is not correct.
[2026-07-09 22:59:31.196] [odom] [warning] IMU bias validation results:
[2026-07-09 22:59:31.196] [odom] [warning] num_bias_validations=6912
[2026-07-09 22:59:31.196] [odom] [warning] bias_acc=[0.678, 0.489, 0.129] m/s^2, bias_gyro=[-0.019, 0.001, 0.001] rad/s
[2026-07-09 22:59:31.196] [odom] [warning] acc_stat ax=0.007 +- 0.266 [min=-0.298, max=0.678], ay=0.272 +- 0.249 [min=0.001, max=0.642], az=0.128 +- 0.056 [min=0.011, max=0.209] m/s^2
[2026-07-09 22:59:31.196] [odom] [warning] gyro_stat wx=-0.018 +- 0.001 [min=-0.020, max=-0.016], wy=0.001 +- 0.000 [min=-0.001, max=0.002], wz=0.001 +- 0.000 [min=0.001, max=0.001] rad/s
[2026-07-09 22:59:32.068] [odom] [warning] IMU prediction is not good.
[2026-07-09 22:59:32.068] [odom] [warning] Possibly T_lidar_imu is not accurate or IMU bias is not well estimated.
[2026-07-09 22:59:32.068] [odom] [warning] IMU validation results:
[2026-07-09 22:59:32.068] [odom] [warning] num_validations=6592
[2026-07-09 22:59:32.068] [odom] [warning] No-IMU errors rot=0.193 +- 0.214 deg, trans=0.032 +- 0.018 m, vel=0.025 +- 0.018 m/s
[2026-07-09 22:59:32.068] [odom] [warning] IMU errors rot=0.061 +- 0.049 deg, trans=0.037 +- 0.021 m, vel=0.106 +- 0.054 m/s
[2026-07-09 22:59:32.068] [odom] [warning] IMU better ratios rot=0.85, trans=0.04, vel=0.06
[2026-07-09 22:59:32.667] [glim] [info] playback speed: 3.428x
[2026-07-09 22:59:32.696] [odom] [warning] IMU bias estimation seems inaccurate.
[2026-07-09 22:59:32.696] [odom] [warning] Possibly T_lidar_imu is not accurate or LiDAR-IMU synchronization is not correct.
[2026-07-09 22:59:32.696] [odom] [warning] IMU bias validation results:
[2026-07-09 22:59:32.696] [odom] [warning] num_bias_validations=6976
[2026-07-09 22:59:32.696] [odom] [warning] bias_acc=[0.689, 0.485, 0.127] m/s^2, bias_gyro=[-0.019, 0.001, 0.001] rad/s
[2026-07-09 22:59:32.696] [odom] [warning] acc_stat ax=0.014 +- 0.272 [min=-0.298, max=0.689], ay=0.274 +- 0.249 [min=0.001, max=0.642], az=0.128 +- 0.056 [min=0.011, max=0.209] m/s^2
[2026-07-09 22:59:32.696] [odom] [warning] gyro_stat wx=-0.018 +- 0.001 [min=-0.020, max=-0.016], wy=0.001 +- 0.000 [min=-0.001, max=0.002], wz=0.001 +- 0.000 [min=0.001, max=0.001] rad/s
[2026-07-09 22:59:33.196] [odom] [warning] IMU prediction is not good.
[2026-07-09 22:59:33.196] [odom] [warning] Possibly T_lidar_imu is not accurate or IMU bias is not well estimated.
[2026-07-09 22:59:33.196] [odom] [warning] IMU validation results:
[2026-07-09 22:59:33.196] [odom] [warning] num_validations=6656
[2026-07-09 22:59:33.196] [odom] [warning] No-IMU errors rot=0.193 +- 0.215 deg, trans=0.032 +- 0.018 m, vel=0.025 +- 0.018 m/s
[2026-07-09 22:59:33.196] [odom] [warning] IMU errors rot=0.060 +- 0.049 deg, trans=0.037 +- 0.021 m, vel=0.106 +- 0.054 m/s
[2026-07-09 22:59:33.196] [odom] [warning] IMU better ratios rot=0.86, trans=0.04, vel=0.06
[2026-07-09 22:59:34.828] [odom] [warning] IMU bias estimation seems inaccurate.
[2026-07-09 22:59:34.828] [odom] [warning] Possibly T_lidar_imu is not accurate or LiDAR-IMU synchronization is not correct.
[2026-07-09 22:59:34.828] [odom] [warning] IMU bias validation results:
[2026-07-09 22:59:34.828] [odom] [warning] num_bias_validations=7040
[2026-07-09 22:59:34.828] [odom] [warning] bias_acc=[0.697, 0.482, 0.124] m/s^2, bias_gyro=[-0.019, 0.001, 0.001] rad/s
[2026-07-09 22:59:34.828] [odom] [warning] acc_stat ax=0.020 +- 0.279 [min=-0.298, max=0.697], ay=0.276 +- 0.249 [min=0.001, max=0.642], az=0.128 +- 0.055 [min=0.011, max=0.209] m/s^2
[2026-07-09 22:59:34.828] [odom] [warning] gyro_stat wx=-0.018 +- 0.001 [min=-0.020, max=-0.016], wy=0.001 +- 0.000 [min=-0.001, max=0.002], wz=0.001 +- 0.000 [min=0.001, max=0.001] rad/s
[2026-07-09 22:59:34.949] [odom] [warning] IMU prediction is not good.
[2026-07-09 22:59:34.949] [odom] [warning] Possibly T_lidar_imu is not accurate or IMU bias is not well estimated.
[2026-07-09 22:59:34.949] [odom] [warning] IMU validation results:
[2026-07-09 22:59:34.949] [odom] [warning] num_validations=6720
[2026-07-09 22:59:34.949] [odom] [warning] No-IMU errors rot=0.192 +- 0.214 deg, trans=0.032 +- 0.018 m, vel=0.025 +- 0.018 m/s
[2026-07-09 22:59:34.949] [odom] [warning] IMU errors rot=0.060 +- 0.049 deg, trans=0.037 +- 0.021 m, vel=0.106 +- 0.054 m/s
[2026-07-09 22:59:34.949] [odom] [warning] IMU better ratios rot=0.86, trans=0.04, vel=0.06
[2026-07-09 22:59:36.435] [odom] [warning] IMU bias estimation seems inaccurate.
[2026-07-09 22:59:36.435] [odom] [warning] Possibly T_lidar_imu is not accurate or LiDAR-IMU synchronization is not correct.
[2026-07-09 22:59:36.435] [odom] [warning] IMU bias validation results:
[2026-07-09 22:59:36.435] [odom] [warning] num_bias_validations=7104
[2026-07-09 22:59:36.435] [odom] [warning] bias_acc=[0.705, 0.480, 0.123] m/s^2, bias_gyro=[-0.019, 0.001, 0.001] rad/s
[2026-07-09 22:59:36.435] [odom] [warning] acc_stat ax=0.026 +- 0.285 [min=-0.298, max=0.705], ay=0.278 +- 0.248 [min=0.001, max=0.642], az=0.128 +- 0.055 [min=0.011, max=0.209] m/s^2
[2026-07-09 22:59:36.435] [odom] [warning] gyro_stat wx=-0.018 +- 0.001 [min=-0.020, max=-0.016], wy=0.001 +- 0.000 [min=-0.001, max=0.002], wz=0.001 +- 0.000 [min=0.001, max=0.001] rad/s
[2026-07-09 22:59:37.258] [odom] [warning] IMU prediction is not good.
[2026-07-09 22:59:37.258] [odom] [warning] Possibly T_lidar_imu is not accurate or IMU bias is not well estimated.
[2026-07-09 22:59:37.258] [odom] [warning] IMU validation results:
[2026-07-09 22:59:37.258] [odom] [warning] num_validations=6784
[2026-07-09 22:59:37.258] [odom] [warning] No-IMU errors rot=0.192 +- 0.213 deg, trans=0.031 +- 0.018 m, vel=0.025 +- 0.018 m/s
[2026-07-09 22:59:37.258] [odom] [warning] IMU errors rot=0.060 +- 0.048 deg, trans=0.037 +- 0.021 m, vel=0.106 +- 0.054 m/s
[2026-07-09 22:59:37.258] [odom] [warning] IMU better ratios rot=0.86, trans=0.04, vel=0.06
[2026-07-09 22:59:37.695] [glim] [info] playback speed: 3.289x
[2026-07-09 22:59:39.003] [odom] [warning] IMU bias estimation seems inaccurate.
[2026-07-09 22:59:39.003] [odom] [warning] Possibly T_lidar_imu is not accurate or LiDAR-IMU synchronization is not correct.
[2026-07-09 22:59:39.003] [odom] [warning] IMU bias validation results:
[2026-07-09 22:59:39.003] [odom] [warning] num_bias_validations=7168
[2026-07-09 22:59:39.003] [odom] [warning] bias_acc=[0.713, 0.477, 0.121] m/s^2, bias_gyro=[-0.019, 0.001, 0.001] rad/s
[2026-07-09 22:59:39.003] [odom] [warning] acc_stat ax=0.032 +- 0.291 [min=-0.298, max=0.713], ay=0.280 +- 0.248 [min=0.001, max=0.642], az=0.128 +- 0.055 [min=0.011, max=0.209] m/s^2
[2026-07-09 22:59:39.003] [odom] [warning] gyro_stat wx=-0.018 +- 0.001 [min=-0.020, max=-0.016], wy=0.001 +- 0.000 [min=-0.001, max=0.002], wz=0.001 +- 0.000 [min=0.001, max=0.001] rad/s
[2026-07-09 22:59:39.144] [odom] [warning] IMU prediction is not good.
[2026-07-09 22:59:39.144] [odom] [warning] Possibly T_lidar_imu is not accurate or IMU bias is not well estimated.
[2026-07-09 22:59:39.144] [odom] [warning] IMU validation results:
[2026-07-09 22:59:39.144] [odom] [warning] num_validations=6848
[2026-07-09 22:59:39.144] [odom] [warning] No-IMU errors rot=0.192 +- 0.213 deg, trans=0.031 +- 0.018 m, vel=0.025 +- 0.018 m/s
[2026-07-09 22:59:39.144] [odom] [warning] IMU errors rot=0.060 +- 0.048 deg, trans=0.036 +- 0.021 m, vel=0.106 +- 0.053 m/s
[2026-07-09 22:59:39.144] [odom] [warning] IMU better ratios rot=0.86, trans=0.04, vel=0.06
[2026-07-09 22:59:40.525] [odom] [warning] IMU bias estimation seems inaccurate.
[2026-07-09 22:59:40.526] [odom] [warning] Possibly T_lidar_imu is not accurate or LiDAR-IMU synchronization is not correct.
[2026-07-09 22:59:40.526] [odom] [warning] IMU bias validation results:
[2026-07-09 22:59:40.526] [odom] [warning] num_bias_validations=7232
[2026-07-09 22:59:40.526] [odom] [warning] bias_acc=[0.718, 0.474, 0.119] m/s^2, bias_gyro=[-0.018, 0.001, 0.001] rad/s
[2026-07-09 22:59:40.526] [odom] [warning] acc_stat ax=0.038 +- 0.297 [min=-0.298, max=0.718], ay=0.282 +- 0.247 [min=0.001, max=0.642], az=0.128 +- 0.055 [min=0.011, max=0.209] m/s^2
[2026-07-09 22:59:40.526] [odom] [warning] gyro_stat wx=-0.018 +- 0.001 [min=-0.020, max=-0.016], wy=0.001 +- 0.000 [min=-0.001, max=0.002], wz=0.001 +- 0.000 [min=0.001, max=0.001] rad/s
[2026-07-09 22:59:41.405] [odom] [warning] IMU prediction is not good.
[2026-07-09 22:59:41.405] [odom] [warning] Possibly T_lidar_imu is not accurate or IMU bias is not well estimated.
[2026-07-09 22:59:41.405] [odom] [warning] IMU validation results:
[2026-07-09 22:59:41.405] [odom] [warning] num_validations=6912
[2026-07-09 22:59:41.405] [odom] [warning] No-IMU errors rot=0.192 +- 0.212 deg, trans=0.031 +- 0.018 m, vel=0.025 +- 0.018 m/s
[2026-07-09 22:59:41.405] [odom] [warning] IMU errors rot=0.060 +- 0.048 deg, trans=0.036 +- 0.020 m, vel=0.106 +- 0.053 m/s
[2026-07-09 22:59:41.405] [odom] [warning] IMU better ratios rot=0.86, trans=0.04, vel=0.06
[2026-07-09 22:59:42.070] [odom] [warning] IMU bias estimation seems inaccurate.
[2026-07-09 22:59:42.070] [odom] [warning] Possibly T_lidar_imu is not accurate or LiDAR-IMU synchronization is not correct.
[2026-07-09 22:59:42.070] [odom] [warning] IMU bias validation results:
[2026-07-09 22:59:42.070] [odom] [warning] num_bias_validations=7296
[2026-07-09 22:59:42.070] [odom] [warning] bias_acc=[0.723, 0.473, 0.118] m/s^2, bias_gyro=[-0.019, 0.001, 0.001] rad/s
[2026-07-09 22:59:42.070] [odom] [warning] acc_stat ax=0.044 +- 0.302 [min=-0.298, max=0.723], ay=0.283 +- 0.247 [min=0.001, max=0.642], az=0.128 +- 0.054 [min=0.011, max=0.209] m/s^2
[2026-07-09 22:59:42.070] [odom] [warning] gyro_stat wx=-0.018 +- 0.001 [min=-0.020, max=-0.016], wy=0.001 +- 0.000 [min=-0.001, max=0.002], wz=0.001 +- 0.000 [min=0.001, max=0.001] rad/s
[2026-07-09 22:59:42.505] [odom] [warning] IMU prediction is not good.
[2026-07-09 22:59:42.505] [odom] [warning] Possibly T_lidar_imu is not accurate or IMU bias is not well estimated.
[2026-07-09 22:59:42.505] [odom] [warning] IMU validation results:
[2026-07-09 22:59:42.505] [odom] [warning] num_validations=6976
[2026-07-09 22:59:42.505] [odom] [warning] No-IMU errors rot=0.191 +- 0.211 deg, trans=0.031 +- 0.018 m, vel=0.025 +- 0.018 m/s
[2026-07-09 22:59:42.505] [odom] [warning] IMU errors rot=0.060 +- 0.048 deg, trans=0.036 +- 0.020 m, vel=0.105 +- 0.053 m/s
[2026-07-09 22:59:42.505] [odom] [warning] IMU better ratios rot=0.86, trans=0.03, vel=0.06
[2026-07-09 22:59:42.713] [glim] [info] playback speed: 3.760x
[2026-07-09 22:59:44.169] [odom] [warning] IMU bias estimation seems inaccurate.
[2026-07-09 22:59:44.169] [odom] [warning] Possibly T_lidar_imu is not accurate or LiDAR-IMU synchronization is not correct.
[2026-07-09 22:59:44.169] [odom] [warning] IMU bias validation results:
[2026-07-09 22:59:44.169] [odom] [warning] num_bias_validations=7360
[2026-07-09 22:59:44.169] [odom] [warning] bias_acc=[0.727, 0.473, 0.117] m/s^2, bias_gyro=[-0.019, 0.001, 0.001] rad/s
[2026-07-09 22:59:44.169] [odom] [warning] acc_stat ax=0.050 +- 0.308 [min=-0.298, max=0.727], ay=0.285 +- 0.247 [min=0.001, max=0.642], az=0.128 +- 0.054 [min=0.011, max=0.209] m/s^2
[2026-07-09 22:59:44.169] [odom] [warning] gyro_stat wx=-0.018 +- 0.001 [min=-0.020, max=-0.016], wy=0.001 +- 0.000 [min=-0.001, max=0.002], wz=0.001 +- 0.000 [min=0.001, max=0.001] rad/s
[2026-07-09 22:59:44.350] [odom] [warning] IMU prediction is not good.
[2026-07-09 22:59:44.350] [odom] [warning] Possibly T_lidar_imu is not accurate or IMU bias is not well estimated.
[2026-07-09 22:59:44.350] [odom] [warning] IMU validation results:
[2026-07-09 22:59:44.350] [odom] [warning] num_validations=7040
[2026-07-09 22:59:44.350] [odom] [warning] No-IMU errors rot=0.191 +- 0.211 deg, trans=0.031 +- 0.018 m, vel=0.025 +- 0.018 m/s
[2026-07-09 22:59:44.350] [odom] [warning] IMU errors rot=0.060 +- 0.048 deg, trans=0.036 +- 0.020 m, vel=0.105 +- 0.053 m/s
[2026-07-09 22:59:44.350] [odom] [warning] IMU better ratios rot=0.86, trans=0.03, vel=0.06
[2026-07-09 22:59:45.945] [odom] [warning] IMU bias estimation seems inaccurate.
[2026-07-09 22:59:45.945] [odom] [warning] Possibly T_lidar_imu is not accurate or LiDAR-IMU synchronization is not correct.
[2026-07-09 22:59:45.945] [odom] [warning] IMU bias validation results:
[2026-07-09 22:59:45.945] [odom] [warning] num_bias_validations=7424
[2026-07-09 22:59:45.945] [odom] [warning] bias_acc=[0.730, 0.474, 0.116] m/s^2, bias_gyro=[-0.018, 0.001, 0.001] rad/s
[2026-07-09 22:59:45.945] [odom] [warning] acc_stat ax=0.056 +- 0.313 [min=-0.298, max=0.730], ay=0.287 +- 0.246 [min=0.001, max=0.642], az=0.128 +- 0.054 [min=0.011, max=0.209] m/s^2
[2026-07-09 22:59:45.945] [odom] [warning] gyro_stat wx=-0.018 +- 0.001 [min=-0.020, max=-0.016], wy=0.001 +- 0.000 [min=-0.001, max=0.002], wz=0.001 +- 0.000 [min=0.001, max=0.001] rad/s
[2026-07-09 22:59:46.382] [odom] [warning] IMU prediction is not good.
[2026-07-09 22:59:46.382] [odom] [warning] Possibly T_lidar_imu is not accurate or IMU bias is not well estimated.
[2026-07-09 22:59:46.382] [odom] [warning] IMU validation results:
[2026-07-09 22:59:46.382] [odom] [warning] num_validations=7104
[2026-07-09 22:59:46.382] [odom] [warning] No-IMU errors rot=0.191 +- 0.210 deg, trans=0.031 +- 0.018 m, vel=0.025 +- 0.018 m/s
[2026-07-09 22:59:46.382] [odom] [warning] IMU errors rot=0.060 +- 0.048 deg, trans=0.036 +- 0.020 m, vel=0.105 +- 0.053 m/s
[2026-07-09 22:59:46.382] [odom] [warning] IMU better ratios rot=0.86, trans=0.03, vel=0.06
[2026-07-09 22:59:47.727] [glim] [info] playback speed: 3.237x
[2026-07-09 22:59:48.331] [odom] [warning] IMU bias estimation seems inaccurate.
[2026-07-09 22:59:48.331] [odom] [warning] Possibly T_lidar_imu is not accurate or LiDAR-IMU synchronization is not correct.
[2026-07-09 22:59:48.331] [odom] [warning] IMU bias validation results:
[2026-07-09 22:59:48.331] [odom] [warning] num_bias_validations=7488
[2026-07-09 22:59:48.331] [odom] [warning] bias_acc=[0.730, 0.474, 0.115] m/s^2, bias_gyro=[-0.019, 0.001, 0.001] rad/s
[2026-07-09 22:59:48.331] [odom] [warning] acc_stat ax=0.062 +- 0.317 [min=-0.298, max=0.730], ay=0.288 +- 0.246 [min=0.001, max=0.642], az=0.128 +- 0.054 [min=0.011, max=0.209] m/s^2
[2026-07-09 22:59:48.331] [odom] [warning] gyro_stat wx=-0.018 +- 0.001 [min=-0.020, max=-0.016], wy=0.001 +- 0.000 [min=-0.001, max=0.002], wz=0.001 +- 0.000 [min=0.001, max=0.001] rad/s
[2026-07-09 22:59:48.824] [odom] [warning] IMU prediction is not good.
[2026-07-09 22:59:48.824] [odom] [warning] Possibly T_lidar_imu is not accurate or IMU bias is not well estimated.
[2026-07-09 22:59:48.824] [odom] [warning] IMU validation results:
[2026-07-09 22:59:48.824] [odom] [warning] num_validations=7168
[2026-07-09 22:59:48.824] [odom] [warning] No-IMU errors rot=0.189 +- 0.209 deg, trans=0.031 +- 0.018 m, vel=0.025 +- 0.018 m/s
[2026-07-09 22:59:48.824] [odom] [warning] IMU errors rot=0.060 +- 0.048 deg, trans=0.036 +- 0.020 m, vel=0.104 +- 0.053 m/s
[2026-07-09 22:59:48.824] [odom] [warning] IMU better ratios rot=0.85, trans=0.03, vel=0.06
[2026-07-09 22:59:50.451] [odom] [warning] IMU bias estimation seems inaccurate.
[2026-07-09 22:59:50.451] [odom] [warning] Possibly T_lidar_imu is not accurate or LiDAR-IMU synchronization is not correct.
[2026-07-09 22:59:50.451] [odom] [warning] IMU bias validation results:
[2026-07-09 22:59:50.451] [odom] [warning] num_bias_validations=7552
[2026-07-09 22:59:50.451] [odom] [warning] bias_acc=[0.731, 0.474, 0.114] m/s^2, bias_gyro=[-0.019, 0.001, 0.001] rad/s
[2026-07-09 22:59:50.451] [odom] [warning] acc_stat ax=0.067 +- 0.322 [min=-0.298, max=0.731], ay=0.290 +- 0.245 [min=0.001, max=0.642], az=0.127 +- 0.053 [min=0.011, max=0.209] m/s^2
[2026-07-09 22:59:50.451] [odom] [warning] gyro_stat wx=-0.018 +- 0.001 [min=-0.020, max=-0.016], wy=0.001 +- 0.000 [min=-0.001, max=0.002], wz=0.001 +- 0.000 [min=0.001, max=0.001] rad/s
[2026-07-09 22:59:50.564] [odom] [warning] IMU prediction is not good.
[2026-07-09 22:59:50.564] [odom] [warning] Possibly T_lidar_imu is not accurate or IMU bias is not well estimated.
[2026-07-09 22:59:50.564] [odom] [warning] IMU validation results:
[2026-07-09 22:59:50.564] [odom] [warning] num_validations=7232
[2026-07-09 22:59:50.564] [odom] [warning] No-IMU errors rot=0.189 +- 0.209 deg, trans=0.031 +- 0.018 m, vel=0.025 +- 0.018 m/s
[2026-07-09 22:59:50.564] [odom] [warning] IMU errors rot=0.060 +- 0.048 deg, trans=0.036 +- 0.020 m, vel=0.104 +- 0.053 m/s
[2026-07-09 22:59:50.564] [odom] [warning] IMU better ratios rot=0.85, trans=0.03, vel=0.06
[2026-07-09 22:59:51.358] [odom] [warning] IMU bias estimation seems inaccurate.
[2026-07-09 22:59:51.358] [odom] [warning] Possibly T_lidar_imu is not accurate or LiDAR-IMU synchronization is not correct.
[2026-07-09 22:59:51.358] [odom] [warning] IMU bias validation results:
[2026-07-09 22:59:51.358] [odom] [warning] num_bias_validations=7616
[2026-07-09 22:59:51.358] [odom] [warning] bias_acc=[0.730, 0.475, 0.113] m/s^2, bias_gyro=[-0.018, 0.001, 0.001] rad/s
[2026-07-09 22:59:51.358] [odom] [warning] acc_stat ax=0.073 +- 0.326 [min=-0.298, max=0.731], ay=0.291 +- 0.245 [min=0.001, max=0.642], az=0.127 +- 0.053 [min=0.011, max=0.209] m/s^2
[2026-07-09 22:59:51.358] [odom] [warning] gyro_stat wx=-0.018 +- 0.001 [min=-0.020, max=-0.016], wy=0.001 +- 0.000 [min=-0.001, max=0.002], wz=0.001 +- 0.000 [min=0.001, max=0.001] rad/s
[2026-07-09 22:59:52.089] [odom] [warning] IMU prediction is not good.
[2026-07-09 22:59:52.089] [odom] [warning] Possibly T_lidar_imu is not accurate or IMU bias is not well estimated.
[2026-07-09 22:59:52.089] [odom] [warning] IMU validation results:
[2026-07-09 22:59:52.089] [odom] [warning] num_validations=7296
[2026-07-09 22:59:52.089] [odom] [warning] No-IMU errors rot=0.189 +- 0.208 deg, trans=0.030 +- 0.018 m, vel=0.025 +- 0.018 m/s
[2026-07-09 22:59:52.089] [odom] [warning] IMU errors rot=0.060 +- 0.048 deg, trans=0.035 +- 0.020 m, vel=0.104 +- 0.053 m/s
[2026-07-09 22:59:52.089] [odom] [warning] IMU better ratios rot=0.85, trans=0.03, vel=0.06
[2026-07-09 22:59:52.725] [odom] [warning] IMU bias estimation seems inaccurate.
[2026-07-09 22:59:52.725] [odom] [warning] Possibly T_lidar_imu is not accurate or LiDAR-IMU synchronization is not correct.
[2026-07-09 22:59:52.725] [odom] [warning] IMU bias validation results:
[2026-07-09 22:59:52.725] [odom] [warning] num_bias_validations=7680
[2026-07-09 22:59:52.725] [odom] [warning] bias_acc=[0.729, 0.475, 0.112] m/s^2, bias_gyro=[-0.019, 0.001, 0.001] rad/s
[2026-07-09 22:59:52.725] [odom] [warning] acc_stat ax=0.078 +- 0.330 [min=-0.298, max=0.731], ay=0.293 +- 0.244 [min=0.001, max=0.642], az=0.127 +- 0.053 [min=0.011, max=0.209] m/s^2
[2026-07-09 22:59:52.725] [odom] [warning] gyro_stat wx=-0.018 +- 0.001 [min=-0.020, max=-0.016], wy=0.001 +- 0.000 [min=-0.001, max=0.002], wz=0.001 +- 0.000 [min=0.001, max=0.001] rad/s
[2026-07-09 22:59:52.742] [glim] [info] playback speed: 4.026x
[2026-07-09 22:59:53.089] [odom] [warning] IMU prediction is not good.
[2026-07-09 22:59:53.089] [odom] [warning] Possibly T_lidar_imu is not accurate or IMU bias is not well estimated.
[2026-07-09 22:59:53.089] [odom] [warning] IMU validation results:
[2026-07-09 22:59:53.089] [odom] [warning] num_validations=7360
[2026-07-09 22:59:53.089] [odom] [warning] No-IMU errors rot=0.189 +- 0.207 deg, trans=0.030 +- 0.018 m, vel=0.025 +- 0.018 m/s
[2026-07-09 22:59:53.089] [odom] [warning] IMU errors rot=0.060 +- 0.048 deg, trans=0.035 +- 0.020 m, vel=0.103 +- 0.053 m/s
[2026-07-09 22:59:53.089] [odom] [warning] IMU better ratios rot=0.85, trans=0.03, vel=0.06
[2026-07-09 22:59:55.060] [odom] [warning] IMU bias estimation seems inaccurate.
[2026-07-09 22:59:55.060] [odom] [warning] Possibly T_lidar_imu is not accurate or LiDAR-IMU synchronization is not correct.
[2026-07-09 22:59:55.060] [odom] [warning] IMU bias validation results:
[2026-07-09 22:59:55.060] [odom] [warning] num_bias_validations=7744
[2026-07-09 22:59:55.060] [odom] [warning] bias_acc=[0.726, 0.477, 0.112] m/s^2, bias_gyro=[-0.018, 0.001, 0.001] rad/s
[2026-07-09 22:59:55.061] [odom] [warning] acc_stat ax=0.084 +- 0.334 [min=-0.298, max=0.731], ay=0.294 +- 0.244 [min=0.001, max=0.642], az=0.127 +- 0.053 [min=0.011, max=0.209] m/s^2
[2026-07-09 22:59:55.061] [odom] [warning] gyro_stat wx=-0.018 +- 0.001 [min=-0.020, max=-0.016], wy=0.001 +- 0.000 [min=-0.001, max=0.002], wz=0.001 +- 0.000 [min=0.001, max=0.001] rad/s
[2026-07-09 22:59:55.171] [odom] [warning] IMU prediction is not good.
[2026-07-09 22:59:55.172] [odom] [warning] Possibly T_lidar_imu is not accurate or IMU bias is not well estimated.
[2026-07-09 22:59:55.172] [odom] [warning] IMU validation results:
[2026-07-09 22:59:55.172] [odom] [warning] num_validations=7424
[2026-07-09 22:59:55.172] [odom] [warning] No-IMU errors rot=0.188 +- 0.207 deg, trans=0.030 +- 0.018 m, vel=0.025 +- 0.018 m/s
[2026-07-09 22:59:55.172] [odom] [warning] IMU errors rot=0.059 +- 0.048 deg, trans=0.035 +- 0.020 m, vel=0.103 +- 0.053 m/s
[2026-07-09 22:59:55.172] [odom] [warning] IMU better ratios rot=0.85, trans=0.03, vel=0.06
[2026-07-09 22:59:55.897] [odom] [warning] IMU bias estimation seems inaccurate.
[2026-07-09 22:59:55.897] [odom] [warning] Possibly T_lidar_imu is not accurate or LiDAR-IMU synchronization is not correct.
[2026-07-09 22:59:55.897] [odom] [warning] IMU bias validation results:
[2026-07-09 22:59:55.897] [odom] [warning] num_bias_validations=7808
[2026-07-09 22:59:55.897] [odom] [warning] bias_acc=[0.723, 0.478, 0.111] m/s^2, bias_gyro=[-0.019, 0.001, 0.001] rad/s
[2026-07-09 22:59:55.897] [odom] [warning] acc_stat ax=0.089 +- 0.338 [min=-0.298, max=0.731], ay=0.296 +- 0.243 [min=0.001, max=0.642], az=0.127 +- 0.053 [min=0.011, max=0.209] m/s^2
[2026-07-09 22:59:55.897] [odom] [warning] gyro_stat wx=-0.018 +- 0.001 [min=-0.020, max=-0.016], wy=0.001 +- 0.000 [min=-0.001, max=0.002], wz=0.001 +- 0.000 [min=0.001, max=0.001] rad/s
[2026-07-09 22:59:56.448] [odom] [warning] IMU prediction is not good.
[2026-07-09 22:59:56.448] [odom] [warning] Possibly T_lidar_imu is not accurate or IMU bias is not well estimated.
[2026-07-09 22:59:56.448] [odom] [warning] IMU validation results:
[2026-07-09 22:59:56.448] [odom] [warning] num_validations=7488
[2026-07-09 22:59:56.448] [odom] [warning] No-IMU errors rot=0.187 +- 0.206 deg, trans=0.030 +- 0.018 m, vel=0.025 +- 0.018 m/s
[2026-07-09 22:59:56.448] [odom] [warning] IMU errors rot=0.059 +- 0.048 deg, trans=0.035 +- 0.020 m, vel=0.102 +- 0.053 m/s
[2026-07-09 22:59:56.448] [odom] [warning] IMU better ratios rot=0.85, trans=0.03, vel=0.06
[2026-07-09 22:59:57.249] [odom] [warning] IMU bias estimation seems inaccurate.
[2026-07-09 22:59:57.249] [odom] [warning] Possibly T_lidar_imu is not accurate or LiDAR-IMU synchronization is not correct.
[2026-07-09 22:59:57.249] [odom] [warning] IMU bias validation results:
[2026-07-09 22:59:57.249] [odom] [warning] num_bias_validations=7872
[2026-07-09 22:59:57.249] [odom] [warning] bias_acc=[0.720, 0.480, 0.111] m/s^2, bias_gyro=[-0.019, 0.001, 0.001] rad/s
[2026-07-09 22:59:57.249] [odom] [warning] acc_stat ax=0.094 +- 0.341 [min=-0.298, max=0.731], ay=0.297 +- 0.243 [min=0.001, max=0.642], az=0.127 +- 0.052 [min=0.011, max=0.209] m/s^2
[2026-07-09 22:59:57.249] [odom] [warning] gyro_stat wx=-0.018 +- 0.001 [min=-0.020, max=-0.016], wy=0.001 +- 0.000 [min=-0.001, max=0.002], wz=0.001 +- 0.000 [min=0.001, max=0.001] rad/s
[2026-07-09 22:59:57.762] [glim] [info] playback speed: 4.244x
[2026-07-09 22:59:57.815] [odom] [warning] IMU prediction is not good.
[2026-07-09 22:59:57.815] [odom] [warning] Possibly T_lidar_imu is not accurate or IMU bias is not well estimated.
[2026-07-09 22:59:57.815] [odom] [warning] IMU validation results:
[2026-07-09 22:59:57.815] [odom] [warning] num_validations=7552
[2026-07-09 22:59:57.815] [odom] [warning] No-IMU errors rot=0.187 +- 0.205 deg, trans=0.030 +- 0.018 m, vel=0.025 +- 0.018 m/s
[2026-07-09 22:59:57.815] [odom] [warning] IMU errors rot=0.059 +- 0.048 deg, trans=0.035 +- 0.020 m, vel=0.102 +- 0.053 m/s
[2026-07-09 22:59:57.815] [odom] [warning] IMU better ratios rot=0.85, trans=0.03, vel=0.06
[2026-07-09 22:59:59.122] [odom] [warning] IMU bias estimation seems inaccurate.
[2026-07-09 22:59:59.122] [odom] [warning] Possibly T_lidar_imu is not accurate or LiDAR-IMU synchronization is not correct.
[2026-07-09 22:59:59.122] [odom] [warning] IMU bias validation results:
[2026-07-09 22:59:59.122] [odom] [warning] num_bias_validations=7936
[2026-07-09 22:59:59.122] [odom] [warning] bias_acc=[0.718, 0.480, 0.110] m/s^2, bias_gyro=[-0.019, 0.001, 0.001] rad/s
[2026-07-09 22:59:59.122] [odom] [warning] acc_stat ax=0.099 +- 0.344 [min=-0.298, max=0.731], ay=0.299 +- 0.243 [min=0.001, max=0.642], az=0.127 +- 0.052 [min=0.011, max=0.209] m/s^2
[2026-07-09 22:59:59.122] [odom] [warning] gyro_stat wx=-0.018 +- 0.001 [min=-0.020, max=-0.016], wy=0.001 +- 0.000 [min=-0.001, max=0.002], wz=0.001 +- 0.000 [min=0.001, max=0.001] rad/s
[2026-07-09 22:59:59.538] [odom] [warning] IMU prediction is not good.
[2026-07-09 22:59:59.538] [odom] [warning] Possibly T_lidar_imu is not accurate or IMU bias is not well estimated.
[2026-07-09 22:59:59.538] [odom] [warning] IMU validation results:
[2026-07-09 22:59:59.538] [odom] [warning] num_validations=7616
[2026-07-09 22:59:59.538] [odom] [warning] No-IMU errors rot=0.186 +- 0.205 deg, trans=0.030 +- 0.018 m, vel=0.025 +- 0.018 m/s
[2026-07-09 22:59:59.538] [odom] [warning] IMU errors rot=0.059 +- 0.047 deg, trans=0.035 +- 0.020 m, vel=0.101 +- 0.053 m/s
[2026-07-09 22:59:59.538] [odom] [warning] IMU better ratios rot=0.85, trans=0.03, vel=0.06
[2026-07-09 23:00:01.666] [odom] [warning] IMU bias estimation seems inaccurate.
[2026-07-09 23:00:01.666] [odom] [warning] Possibly T_lidar_imu is not accurate or LiDAR-IMU synchronization is not correct.
[2026-07-09 23:00:01.666] [odom] [warning] IMU bias validation results:
[2026-07-09 23:00:01.666] [odom] [warning] num_bias_validations=8000
[2026-07-09 23:00:01.666] [odom] [warning] bias_acc=[0.717, 0.479, 0.109] m/s^2, bias_gyro=[-0.019, 0.001, 0.001] rad/s
[2026-07-09 23:00:01.666] [odom] [warning] acc_stat ax=0.104 +- 0.347 [min=-0.298, max=0.731], ay=0.300 +- 0.242 [min=0.001, max=0.642], az=0.127 +- 0.052 [min=0.011, max=0.209] m/s^2
[2026-07-09 23:00:01.666] [odom] [warning] gyro_stat wx=-0.018 +- 0.001 [min=-0.020, max=-0.016], wy=0.001 +- 0.000 [min=-0.001, max=0.002], wz=0.001 +- 0.000 [min=0.001, max=0.001] rad/s
[2026-07-09 23:00:01.779] [odom] [warning] IMU prediction is not good.
[2026-07-09 23:00:01.779] [odom] [warning] Possibly T_lidar_imu is not accurate or IMU bias is not well estimated.
[2026-07-09 23:00:01.779] [odom] [warning] IMU validation results:
[2026-07-09 23:00:01.779] [odom] [warning] num_validations=7680
[2026-07-09 23:00:01.779] [odom] [warning] No-IMU errors rot=0.186 +- 0.204 deg, trans=0.030 +- 0.018 m, vel=0.025 +- 0.018 m/s
[2026-07-09 23:00:01.779] [odom] [warning] IMU errors rot=0.059 +- 0.047 deg, trans=0.034 +- 0.020 m, vel=0.101 +- 0.052 m/s
[2026-07-09 23:00:01.779] [odom] [warning] IMU better ratios rot=0.85, trans=0.03, vel=0.06
[2026-07-09 23:00:02.749] [odom] [warning] IMU bias estimation seems inaccurate.
[2026-07-09 23:00:02.749] [odom] [warning] Possibly T_lidar_imu is not accurate or LiDAR-IMU synchronization is not correct.
[2026-07-09 23:00:02.749] [odom] [warning] IMU bias validation results:
[2026-07-09 23:00:02.749] [odom] [warning] num_bias_validations=8064
[2026-07-09 23:00:02.749] [odom] [warning] bias_acc=[0.712, 0.480, 0.108] m/s^2, bias_gyro=[-0.019, 0.001, 0.001] rad/s
[2026-07-09 23:00:02.749] [odom] [warning] acc_stat ax=0.109 +- 0.350 [min=-0.298, max=0.731], ay=0.302 +- 0.242 [min=0.001, max=0.642], az=0.126 +- 0.052 [min=0.011, max=0.209] m/s^2
[2026-07-09 23:00:02.749] [odom] [warning] gyro_stat wx=-0.018 +- 0.001 [min=-0.020, max=-0.016], wy=0.001 +- 0.000 [min=-0.001, max=0.002], wz=0.001 +- 0.000 [min=0.001, max=0.001] rad/s
[2026-07-09 23:00:02.789] [glim] [info] playback speed: 3.592x
[2026-07-09 23:00:03.424] [odom] [warning] IMU prediction is not good.
[2026-07-09 23:00:03.424] [odom] [warning] Possibly T_lidar_imu is not accurate or IMU bias is not well estimated.
[2026-07-09 23:00:03.424] [odom] [warning] IMU validation results:
[2026-07-09 23:00:03.424] [odom] [warning] num_validations=7744
[2026-07-09 23:00:03.424] [odom] [warning] No-IMU errors rot=0.186 +- 0.204 deg, trans=0.029 +- 0.018 m, vel=0.025 +- 0.018 m/s
[2026-07-09 23:00:03.424] [odom] [warning] IMU errors rot=0.059 +- 0.047 deg, trans=0.034 +- 0.020 m, vel=0.101 +- 0.052 m/s
[2026-07-09 23:00:03.424] [odom] [warning] IMU better ratios rot=0.85, trans=0.03, vel=0.06
[2026-07-09 23:00:04.110] [odom] [warning] IMU bias estimation seems inaccurate.
[2026-07-09 23:00:04.110] [odom] [warning] Possibly T_lidar_imu is not accurate or LiDAR-IMU synchronization is not correct.
[2026-07-09 23:00:04.110] [odom] [warning] IMU bias validation results:
[2026-07-09 23:00:04.110] [odom] [warning] num_bias_validations=8128
[2026-07-09 23:00:04.110] [odom] [warning] bias_acc=[0.708, 0.482, 0.108] m/s^2, bias_gyro=[-0.018, 0.001, 0.001] rad/s
[2026-07-09 23:00:04.110] [odom] [warning] acc_stat ax=0.114 +- 0.353 [min=-0.298, max=0.731], ay=0.303 +- 0.241 [min=0.001, max=0.642], az=0.126 +- 0.052 [min=0.011, max=0.209] m/s^2
[2026-07-09 23:00:04.110] [odom] [warning] gyro_stat wx=-0.018 +- 0.001 [min=-0.020, max=-0.016], wy=0.001 +- 0.000 [min=-0.001, max=0.002], wz=0.001 +- 0.000 [min=0.001, max=0.001] rad/s
[2026-07-09 23:00:04.664] [odom] [warning] IMU prediction is not good.
[2026-07-09 23:00:04.664] [odom] [warning] Possibly T_lidar_imu is not accurate or IMU bias is not well estimated.
[2026-07-09 23:00:04.664] [odom] [warning] IMU validation results:
[2026-07-09 23:00:04.664] [odom] [warning] num_validations=7808
[2026-07-09 23:00:04.664] [odom] [warning] No-IMU errors rot=0.185 +- 0.203 deg, trans=0.029 +- 0.018 m, vel=0.025 +- 0.017 m/s
[2026-07-09 23:00:04.664] [odom] [warning] IMU errors rot=0.059 +- 0.047 deg, trans=0.034 +- 0.020 m, vel=0.100 +- 0.052 m/s
[2026-07-09 23:00:04.664] [odom] [warning] IMU better ratios rot=0.85, trans=0.03, vel=0.06
[2026-07-09 23:00:06.349] [odom] [warning] IMU bias estimation seems inaccurate.
[2026-07-09 23:00:06.349] [odom] [warning] Possibly T_lidar_imu is not accurate or LiDAR-IMU synchronization is not correct.
[2026-07-09 23:00:06.349] [odom] [warning] IMU bias validation results:
[2026-07-09 23:00:06.349] [odom] [warning] num_bias_validations=8192
[2026-07-09 23:00:06.349] [odom] [warning] bias_acc=[0.703, 0.485, 0.108] m/s^2, bias_gyro=[-0.018, 0.001, 0.001] rad/s
[2026-07-09 23:00:06.349] [odom] [warning] acc_stat ax=0.118 +- 0.355 [min=-0.298, max=0.731], ay=0.305 +- 0.241 [min=0.001, max=0.642], az=0.126 +- 0.052 [min=0.011, max=0.209] m/s^2
[2026-07-09 23:00:06.349] [odom] [warning] gyro_stat wx=-0.018 +- 0.001 [min=-0.020, max=-0.016], wy=0.001 +- 0.000 [min=-0.001, max=0.002], wz=0.001 +- 0.000 [min=0.001, max=0.001] rad/s
[2026-07-09 23:00:06.477] [odom] [warning] IMU prediction is not good.
[2026-07-09 23:00:06.477] [odom] [warning] Possibly T_lidar_imu is not accurate or IMU bias is not well estimated.
[2026-07-09 23:00:06.477] [odom] [warning] IMU validation results:
[2026-07-09 23:00:06.477] [odom] [warning] num_validations=7872
[2026-07-09 23:00:06.477] [odom] [warning] No-IMU errors rot=0.185 +- 0.203 deg, trans=0.029 +- 0.018 m, vel=0.025 +- 0.018 m/s
[2026-07-09 23:00:06.477] [odom] [warning] IMU errors rot=0.059 +- 0.047 deg, trans=0.034 +- 0.020 m, vel=0.100 +- 0.052 m/s
[2026-07-09 23:00:06.477] [odom] [warning] IMU better ratios rot=0.85, trans=0.03, vel=0.06
[2026-07-09 23:00:07.328] [odom] [warning] IMU bias estimation seems inaccurate.
[2026-07-09 23:00:07.328] [odom] [warning] Possibly T_lidar_imu is not accurate or LiDAR-IMU synchronization is not correct.
[2026-07-09 23:00:07.328] [odom] [warning] IMU bias validation results:
[2026-07-09 23:00:07.328] [odom] [warning] num_bias_validations=8256
[2026-07-09 23:00:07.328] [odom] [warning] bias_acc=[0.699, 0.488, 0.108] m/s^2, bias_gyro=[-0.018, 0.001, 0.001] rad/s
[2026-07-09 23:00:07.328] [odom] [warning] acc_stat ax=0.123 +- 0.357 [min=-0.298, max=0.731], ay=0.306 +- 0.240 [min=0.001, max=0.642], az=0.126 +- 0.051 [min=0.011, max=0.209] m/s^2
[2026-07-09 23:00:07.328] [odom] [warning] gyro_stat wx=-0.018 +- 0.001 [min=-0.020, max=-0.016], wy=0.001 +- 0.000 [min=-0.001, max=0.002], wz=0.001 +- 0.000 [min=0.001, max=0.001] rad/s
[2026-07-09 23:00:07.825] [glim] [info] playback speed: 4.069x
[2026-07-09 23:00:08.189] [odom] [warning] IMU prediction is not good.
[2026-07-09 23:00:08.189] [odom] [warning] Possibly T_lidar_imu is not accurate or IMU bias is not well estimated.
[2026-07-09 23:00:08.189] [odom] [warning] IMU validation results:
[2026-07-09 23:00:08.189] [odom] [warning] num_validations=7936
[2026-07-09 23:00:08.189] [odom] [warning] No-IMU errors rot=0.184 +- 0.202 deg, trans=0.029 +- 0.018 m, vel=0.025 +- 0.017 m/s
[2026-07-09 23:00:08.189] [odom] [warning] IMU errors rot=0.059 +- 0.047 deg, trans=0.034 +- 0.020 m, vel=0.100 +- 0.052 m/s
[2026-07-09 23:00:08.189] [odom] [warning] IMU better ratios rot=0.85, trans=0.03, vel=0.06
[2026-07-09 23:00:08.946] [odom] [warning] IMU bias estimation seems inaccurate.
[2026-07-09 23:00:08.946] [odom] [warning] Possibly T_lidar_imu is not accurate or LiDAR-IMU synchronization is not correct.
[2026-07-09 23:00:08.946] [odom] [warning] IMU bias validation results:
[2026-07-09 23:00:08.946] [odom] [warning] num_bias_validations=8320
[2026-07-09 23:00:08.946] [odom] [warning] bias_acc=[0.694, 0.490, 0.108] m/s^2, bias_gyro=[-0.019, 0.001, 0.001] rad/s
[2026-07-09 23:00:08.946] [odom] [warning] acc_stat ax=0.127 +- 0.359 [min=-0.298, max=0.731], ay=0.307 +- 0.240 [min=0.001, max=0.642], az=0.126 +- 0.051 [min=0.011, max=0.209] m/s^2
[2026-07-09 23:00:08.946] [odom] [warning] gyro_stat wx=-0.018 +- 0.001 [min=-0.020, max=-0.016], wy=0.001 +- 0.000 [min=-0.001, max=0.002], wz=0.001 +- 0.000 [min=0.001, max=0.001] rad/s
[2026-07-09 23:00:09.289] [odom] [warning] IMU prediction is not good.
[2026-07-09 23:00:09.289] [odom] [warning] Possibly T_lidar_imu is not accurate or IMU bias is not well estimated.
[2026-07-09 23:00:09.289] [odom] [warning] IMU validation results:
[2026-07-09 23:00:09.289] [odom] [warning] num_validations=8000
[2026-07-09 23:00:09.289] [odom] [warning] No-IMU errors rot=0.184 +- 0.202 deg, trans=0.029 +- 0.018 m, vel=0.025 +- 0.017 m/s
[2026-07-09 23:00:09.289] [odom] [warning] IMU errors rot=0.059 +- 0.047 deg, trans=0.034 +- 0.020 m, vel=0.099 +- 0.052 m/s
[2026-07-09 23:00:09.289] [odom] [warning] IMU better ratios rot=0.85, trans=0.03, vel=0.06
[2026-07-09 23:00:11.339] [odom] [warning] IMU bias estimation seems inaccurate.
[2026-07-09 23:00:11.339] [odom] [warning] Possibly T_lidar_imu is not accurate or LiDAR-IMU synchronization is not correct.
[2026-07-09 23:00:11.339] [odom] [warning] IMU bias validation results:
[2026-07-09 23:00:11.339] [odom] [warning] num_bias_validations=8384
[2026-07-09 23:00:11.339] [odom] [warning] bias_acc=[0.687, 0.493, 0.108] m/s^2, bias_gyro=[-0.019, 0.001, 0.001] rad/s
[2026-07-09 23:00:11.339] [odom] [warning] acc_stat ax=0.131 +- 0.361 [min=-0.298, max=0.731], ay=0.309 +- 0.240 [min=0.001, max=0.642], az=0.126 +- 0.051 [min=0.011, max=0.209] m/s^2
[2026-07-09 23:00:11.339] [odom] [warning] gyro_stat wx=-0.018 +- 0.001 [min=-0.020, max=-0.016], wy=0.001 +- 0.000 [min=-0.001, max=0.002], wz=0.001 +- 0.000 [min=0.001, max=0.001] rad/s
[2026-07-09 23:00:12.094] [odom] [warning] IMU prediction is not good.
[2026-07-09 23:00:12.094] [odom] [warning] Possibly T_lidar_imu is not accurate or IMU bias is not well estimated.
[2026-07-09 23:00:12.094] [odom] [warning] IMU validation results:
[2026-07-09 23:00:12.094] [odom] [warning] num_validations=8064
[2026-07-09 23:00:12.094] [odom] [warning] No-IMU errors rot=0.184 +- 0.201 deg, trans=0.029 +- 0.018 m, vel=0.025 +- 0.017 m/s
[2026-07-09 23:00:12.094] [odom] [warning] IMU errors rot=0.059 +- 0.047 deg, trans=0.034 +- 0.020 m, vel=0.099 +- 0.052 m/s
[2026-07-09 23:00:12.094] [odom] [warning] IMU better ratios rot=0.85, trans=0.03, vel=0.06
[2026-07-09 23:00:12.864] [glim] [info] playback speed: 3.060x
[2026-07-09 23:00:13.803] [odom] [warning] IMU bias estimation seems inaccurate.
[2026-07-09 23:00:13.803] [odom] [warning] Possibly T_lidar_imu is not accurate or LiDAR-IMU synchronization is not correct.
[2026-07-09 23:00:13.803] [odom] [warning] IMU bias validation results:
[2026-07-09 23:00:13.803] [odom] [warning] num_bias_validations=8448
[2026-07-09 23:00:13.803] [odom] [warning] bias_acc=[0.683, 0.495, 0.108] m/s^2, bias_gyro=[-0.019, 0.001, 0.001] rad/s
[2026-07-09 23:00:13.803] [odom] [warning] acc_stat ax=0.136 +- 0.363 [min=-0.298, max=0.731], ay=0.310 +- 0.239 [min=0.001, max=0.642], az=0.126 +- 0.051 [min=0.011, max=0.209] m/s^2
[2026-07-09 23:00:13.803] [odom] [warning] gyro_stat wx=-0.018 +- 0.001 [min=-0.020, max=-0.016], wy=0.001 +- 0.000 [min=-0.001, max=0.002], wz=0.001 +- 0.000 [min=0.001, max=0.001] rad/s
[2026-07-09 23:00:13.911] [odom] [warning] IMU prediction is not good.
[2026-07-09 23:00:13.911] [odom] [warning] Possibly T_lidar_imu is not accurate or IMU bias is not well estimated.
[2026-07-09 23:00:13.911] [odom] [warning] IMU validation results:
[2026-07-09 23:00:13.911] [odom] [warning] num_validations=8128
[2026-07-09 23:00:13.911] [odom] [warning] No-IMU errors rot=0.184 +- 0.201 deg, trans=0.029 +- 0.018 m, vel=0.025 +- 0.018 m/s
[2026-07-09 23:00:13.911] [odom] [warning] IMU errors rot=0.059 +- 0.047 deg, trans=0.033 +- 0.020 m, vel=0.098 +- 0.052 m/s
[2026-07-09 23:00:13.911] [odom] [warning] IMU better ratios rot=0.85, trans=0.03, vel=0.06
[2026-07-09 23:00:15.346] [odom] [warning] IMU bias estimation seems inaccurate.
[2026-07-09 23:00:15.346] [odom] [warning] Possibly T_lidar_imu is not accurate or LiDAR-IMU synchronization is not correct.
[2026-07-09 23:00:15.346] [odom] [warning] IMU bias validation results:
[2026-07-09 23:00:15.346] [odom] [warning] num_bias_validations=8512
[2026-07-09 23:00:15.346] [odom] [warning] bias_acc=[0.681, 0.497, 0.108] m/s^2, bias_gyro=[-0.018, 0.000, 0.001] rad/s
[2026-07-09 23:00:15.346] [odom] [warning] acc_stat ax=0.140 +- 0.365 [min=-0.298, max=0.731], ay=0.312 +- 0.239 [min=0.001, max=0.642], az=0.125 +- 0.051 [min=0.011, max=0.209] m/s^2
[2026-07-09 23:00:15.346] [odom] [warning] gyro_stat wx=-0.018 +- 0.001 [min=-0.020, max=-0.016], wy=0.001 +- 0.000 [min=-0.001, max=0.002], wz=0.001 +- 0.000 [min=0.001, max=0.001] rad/s
[2026-07-09 23:00:16.270] [odom] [warning] IMU prediction is not good.
[2026-07-09 23:00:16.270] [odom] [warning] Possibly T_lidar_imu is not accurate or IMU bias is not well estimated.
[2026-07-09 23:00:16.270] [odom] [warning] IMU validation results:
[2026-07-09 23:00:16.270] [odom] [warning] num_validations=8192
[2026-07-09 23:00:16.270] [odom] [warning] No-IMU errors rot=0.184 +- 0.200 deg, trans=0.029 +- 0.018 m, vel=0.025 +- 0.018 m/s
[2026-07-09 23:00:16.270] [odom] [warning] IMU errors rot=0.059 +- 0.047 deg, trans=0.033 +- 0.020 m, vel=0.098 +- 0.052 m/s
[2026-07-09 23:00:16.270] [odom] [warning] IMU better ratios rot=0.85, trans=0.03, vel=0.06
[2026-07-09 23:00:17.209] [odom] [warning] IMU bias estimation seems inaccurate.
[2026-07-09 23:00:17.209] [odom] [warning] Possibly T_lidar_imu is not accurate or LiDAR-IMU synchronization is not correct.
[2026-07-09 23:00:17.209] [odom] [warning] IMU bias validation results:
[2026-07-09 23:00:17.209] [odom] [warning] num_bias_validations=8576
[2026-07-09 23:00:17.209] [odom] [warning] bias_acc=[0.677, 0.503, 0.108] m/s^2, bias_gyro=[-0.018, 0.001, 0.001] rad/s
[2026-07-09 23:00:17.209] [odom] [warning] acc_stat ax=0.144 +- 0.366 [min=-0.298, max=0.731], ay=0.313 +- 0.239 [min=0.001, max=0.642], az=0.125 +- 0.050 [min=0.011, max=0.209] m/s^2
[2026-07-09 23:00:17.209] [odom] [warning] gyro_stat wx=-0.018 +- 0.001 [min=-0.020, max=-0.016], wy=0.001 +- 0.000 [min=-0.001, max=0.002], wz=0.001 +- 0.000 [min=0.001, max=0.001] rad/s
[2026-07-09 23:00:17.481] [odom] [warning] IMU prediction is not good.
[2026-07-09 23:00:17.481] [odom] [warning] Possibly T_lidar_imu is not accurate or IMU bias is not well estimated.
[2026-07-09 23:00:17.481] [odom] [warning] IMU validation results:
[2026-07-09 23:00:17.481] [odom] [warning] num_validations=8256
[2026-07-09 23:00:17.481] [odom] [warning] No-IMU errors rot=0.184 +- 0.200 deg, trans=0.029 +- 0.017 m, vel=0.025 +- 0.017 m/s
[2026-07-09 23:00:17.481] [odom] [warning] IMU errors rot=0.059 +- 0.047 deg, trans=0.033 +- 0.020 m, vel=0.098 +- 0.052 m/s
[2026-07-09 23:00:17.481] [odom] [warning] IMU better ratios rot=0.85, trans=0.03, vel=0.06
[2026-07-09 23:00:17.885] [glim] [info] playback speed: 3.738x
[2026-07-09 23:00:18.925] [odom] [warning] IMU bias estimation seems inaccurate.
[2026-07-09 23:00:18.925] [odom] [warning] Possibly T_lidar_imu is not accurate or LiDAR-IMU synchronization is not correct.
[2026-07-09 23:00:18.925] [odom] [warning] IMU bias validation results:
[2026-07-09 23:00:18.925] [odom] [warning] num_bias_validations=8640
[2026-07-09 23:00:18.925] [odom] [warning] bias_acc=[0.671, 0.507, 0.109] m/s^2, bias_gyro=[-0.019, 0.001, 0.001] rad/s
[2026-07-09 23:00:18.925] [odom] [warning] acc_stat ax=0.148 +- 0.368 [min=-0.298, max=0.731], ay=0.314 +- 0.238 [min=0.001, max=0.642], az=0.125 +- 0.050 [min=0.011, max=0.209] m/s^2
[2026-07-09 23:00:18.925] [odom] [warning] gyro_stat wx=-0.018 +- 0.001 [min=-0.020, max=-0.016], wy=0.001 +- 0.000 [min=-0.001, max=0.002], wz=0.001 +- 0.000 [min=0.001, max=0.001] rad/s
[2026-07-09 23:00:19.054] [odom] [warning] IMU prediction is not good.
[2026-07-09 23:00:19.054] [odom] [warning] Possibly T_lidar_imu is not accurate or IMU bias is not well estimated.
[2026-07-09 23:00:19.054] [odom] [warning] IMU validation results:
[2026-07-09 23:00:19.054] [odom] [warning] num_validations=8320
[2026-07-09 23:00:19.054] [odom] [warning] No-IMU errors rot=0.183 +- 0.199 deg, trans=0.029 +- 0.017 m, vel=0.025 +- 0.017 m/s
[2026-07-09 23:00:19.054] [odom] [warning] IMU errors rot=0.059 +- 0.047 deg, trans=0.033 +- 0.020 m, vel=0.098 +- 0.052 m/s
[2026-07-09 23:00:19.054] [odom] [warning] IMU better ratios rot=0.86, trans=0.03, vel=0.06
[2026-07-09 23:00:20.154] [odom] [warning] IMU bias estimation seems inaccurate.
[2026-07-09 23:00:20.154] [odom] [warning] Possibly T_lidar_imu is not accurate or LiDAR-IMU synchronization is not correct.
[2026-07-09 23:00:20.154] [odom] [warning] IMU bias validation results:
[2026-07-09 23:00:20.154] [odom] [warning] num_bias_validations=8704
[2026-07-09 23:00:20.154] [odom] [warning] bias_acc=[0.663, 0.508, 0.109] m/s^2, bias_gyro=[-0.019, 0.001, 0.001] rad/s
[2026-07-09 23:00:20.154] [odom] [warning] acc_stat ax=0.151 +- 0.369 [min=-0.298, max=0.731], ay=0.316 +- 0.238 [min=0.001, max=0.642], az=0.125 +- 0.050 [min=0.011, max=0.209] m/s^2
[2026-07-09 23:00:20.154] [odom] [warning] gyro_stat wx=-0.018 +- 0.001 [min=-0.020, max=-0.016], wy=0.001 +- 0.000 [min=-0.001, max=0.002], wz=0.001 +- 0.000 [min=0.001, max=0.001] rad/s
[2026-07-09 23:00:20.982] [odom] [warning] IMU prediction is not good.
[2026-07-09 23:00:20.982] [odom] [warning] Possibly T_lidar_imu is not accurate or IMU bias is not well estimated.
[2026-07-09 23:00:20.982] [odom] [warning] IMU validation results:
[2026-07-09 23:00:20.982] [odom] [warning] num_validations=8384
[2026-07-09 23:00:20.983] [odom] [warning] No-IMU errors rot=0.182 +- 0.199 deg, trans=0.028 +- 0.017 m, vel=0.025 +- 0.018 m/s
[2026-07-09 23:00:20.983] [odom] [warning] IMU errors rot=0.059 +- 0.047 deg, trans=0.033 +- 0.020 m, vel=0.097 +- 0.052 m/s
[2026-07-09 23:00:20.983] [odom] [warning] IMU better ratios rot=0.85, trans=0.03, vel=0.06
[2026-07-09 23:00:22.591] [odom] [warning] IMU bias estimation seems inaccurate.
[2026-07-09 23:00:22.591] [odom] [warning] Possibly T_lidar_imu is not accurate or LiDAR-IMU synchronization is not correct.
[2026-07-09 23:00:22.591] [odom] [warning] IMU bias validation results:
[2026-07-09 23:00:22.591] [odom] [warning] num_bias_validations=8768
[2026-07-09 23:00:22.591] [odom] [warning] bias_acc=[0.658, 0.510, 0.108] m/s^2, bias_gyro=[-0.018, 0.001, 0.001] rad/s
[2026-07-09 23:00:22.591] [odom] [warning] acc_stat ax=0.155 +- 0.370 [min=-0.298, max=0.731], ay=0.317 +- 0.238 [min=0.001, max=0.642], az=0.125 +- 0.050 [min=0.011, max=0.209] m/s^2
[2026-07-09 23:00:22.591] [odom] [warning] gyro_stat wx=-0.018 +- 0.001 [min=-0.020, max=-0.016], wy=0.001 +- 0.000 [min=-0.001, max=0.002], wz=0.001 +- 0.000 [min=0.001, max=0.001] rad/s
[2026-07-09 23:00:22.893] [glim] [info] playback speed: 3.484x
[2026-07-09 23:00:23.374] [odom] [warning] IMU prediction is not good.
[2026-07-09 23:00:23.374] [odom] [warning] Possibly T_lidar_imu is not accurate or IMU bias is not well estimated.
[2026-07-09 23:00:23.374] [odom] [warning] IMU validation results:
[2026-07-09 23:00:23.374] [odom] [warning] num_validations=8448
[2026-07-09 23:00:23.374] [odom] [warning] No-IMU errors rot=0.184 +- 0.200 deg, trans=0.028 +- 0.017 m, vel=0.025 +- 0.018 m/s
[2026-07-09 23:00:23.374] [odom] [warning] IMU errors rot=0.059 +- 0.047 deg, trans=0.033 +- 0.020 m, vel=0.097 +- 0.052 m/s
[2026-07-09 23:00:23.374] [odom] [warning] IMU better ratios rot=0.85, trans=0.03, vel=0.06
[2026-07-09 23:00:24.144] [odom] [warning] IMU bias estimation seems inaccurate.
[2026-07-09 23:00:24.144] [odom] [warning] Possibly T_lidar_imu is not accurate or LiDAR-IMU synchronization is not correct.
[2026-07-09 23:00:24.144] [odom] [warning] IMU bias validation results:
[2026-07-09 23:00:24.144] [odom] [warning] num_bias_validations=8832
[2026-07-09 23:00:24.144] [odom] [warning] bias_acc=[0.660, 0.506, 0.107] m/s^2, bias_gyro=[-0.018, -0.000, 0.001] rad/s
[2026-07-09 23:00:24.144] [odom] [warning] acc_stat ax=0.159 +- 0.371 [min=-0.298, max=0.731], ay=0.319 +- 0.237 [min=0.001, max=0.642], az=0.125 +- 0.050 [min=0.011, max=0.209] m/s^2
[2026-07-09 23:00:24.144] [odom] [warning] gyro_stat wx=-0.018 +- 0.000 [min=-0.020, max=-0.016], wy=0.001 +- 0.000 [min=-0.001, max=0.002], wz=0.001 +- 0.000 [min=0.001, max=0.001] rad/s
[2026-07-09 23:00:24.492] [odom] [warning] IMU prediction is not good.
[2026-07-09 23:00:24.492] [odom] [warning] Possibly T_lidar_imu is not accurate or IMU bias is not well estimated.
[2026-07-09 23:00:24.492] [odom] [warning] IMU validation results:
[2026-07-09 23:00:24.492] [odom] [warning] num_validations=8512
[2026-07-09 23:00:24.492] [odom] [warning] No-IMU errors rot=0.186 +- 0.203 deg, trans=0.028 +- 0.017 m, vel=0.025 +- 0.018 m/s
[2026-07-09 23:00:24.492] [odom] [warning] IMU errors rot=0.059 +- 0.047 deg, trans=0.033 +- 0.020 m, vel=0.097 +- 0.052 m/s
[2026-07-09 23:00:24.492] [odom] [warning] IMU better ratios rot=0.85, trans=0.03, vel=0.06
[2026-07-09 23:00:26.585] [odom] [warning] IMU bias estimation seems inaccurate.
[2026-07-09 23:00:26.585] [odom] [warning] Possibly T_lidar_imu is not accurate or LiDAR-IMU synchronization is not correct.
[2026-07-09 23:00:26.585] [odom] [warning] IMU bias validation results:
[2026-07-09 23:00:26.585] [odom] [warning] num_bias_validations=8896
[2026-07-09 23:00:26.585] [odom] [warning] bias_acc=[0.671, 0.493, 0.104] m/s^2, bias_gyro=[-0.018, -0.000, 0.001] rad/s
[2026-07-09 23:00:26.585] [odom] [warning] acc_stat ax=0.162 +- 0.373 [min=-0.298, max=0.731], ay=0.320 +- 0.237 [min=0.001, max=0.642], az=0.125 +- 0.050 [min=0.011, max=0.209] m/s^2
[2026-07-09 23:00:26.585] [odom] [warning] gyro_stat wx=-0.018 +- 0.001 [min=-0.020, max=-0.016], wy=0.001 +- 0.000 [min=-0.001, max=0.002], wz=0.001 +- 0.000 [min=0.001, max=0.001] rad/s
[2026-07-09 23:00:27.064] [odom] [warning] IMU prediction is not good.
[2026-07-09 23:00:27.064] [odom] [warning] Possibly T_lidar_imu is not accurate or IMU bias is not well estimated.
[2026-07-09 23:00:27.064] [odom] [warning] IMU validation results:
[2026-07-09 23:00:27.064] [odom] [warning] num_validations=8576
[2026-07-09 23:00:27.064] [odom] [warning] No-IMU errors rot=0.187 +- 0.204 deg, trans=0.028 +- 0.017 m, vel=0.025 +- 0.018 m/s
[2026-07-09 23:00:27.064] [odom] [warning] IMU errors rot=0.059 +- 0.047 deg, trans=0.033 +- 0.020 m, vel=0.097 +- 0.052 m/s
[2026-07-09 23:00:27.064] [odom] [warning] IMU better ratios rot=0.85, trans=0.03, vel=0.06
[2026-07-09 23:00:27.686] [odom] [warning] IMU bias estimation seems inaccurate.
[2026-07-09 23:00:27.686] [odom] [warning] Possibly T_lidar_imu is not accurate or LiDAR-IMU synchronization is not correct.
[2026-07-09 23:00:27.686] [odom] [warning] IMU bias validation results:
[2026-07-09 23:00:27.686] [odom] [warning] num_bias_validations=8960
[2026-07-09 23:00:27.686] [odom] [warning] bias_acc=[0.683, 0.473, 0.100] m/s^2, bias_gyro=[-0.017, -0.001, 0.001] rad/s
[2026-07-09 23:00:27.686] [odom] [warning] acc_stat ax=0.166 +- 0.374 [min=-0.298, max=0.731], ay=0.321 +- 0.237 [min=0.001, max=0.642], az=0.124 +- 0.050 [min=0.011, max=0.209] m/s^2
[2026-07-09 23:00:27.686] [odom] [warning] gyro_stat wx=-0.018 +- 0.001 [min=-0.020, max=-0.016], wy=0.001 +- 0.000 [min=-0.001, max=0.002], wz=0.001 +- 0.000 [min=0.001, max=0.001] rad/s
[2026-07-09 23:00:27.895] [glim] [info] playback speed: 3.834x
[2026-07-09 23:00:28.434] [odom] [warning] IMU prediction is not good.
[2026-07-09 23:00:28.434] [odom] [warning] Possibly T_lidar_imu is not accurate or IMU bias is not well estimated.
[2026-07-09 23:00:28.434] [odom] [warning] IMU validation results:
[2026-07-09 23:00:28.434] [odom] [warning] num_validations=8640
[2026-07-09 23:00:28.434] [odom] [warning] No-IMU errors rot=0.188 +- 0.205 deg, trans=0.028 +- 0.017 m, vel=0.025 +- 0.018 m/s
[2026-07-09 23:00:28.434] [odom] [warning] IMU errors rot=0.059 +- 0.047 deg, trans=0.033 +- 0.020 m, vel=0.097 +- 0.052 m/s
[2026-07-09 23:00:28.434] [odom] [warning] IMU better ratios rot=0.86, trans=0.03, vel=0.06
[2026-07-09 23:00:30.893] [odom] [warning] IMU bias estimation seems inaccurate.
[2026-07-09 23:00:30.893] [odom] [warning] Possibly T_lidar_imu is not accurate or LiDAR-IMU synchronization is not correct.
[2026-07-09 23:00:30.893] [odom] [warning] IMU bias validation results:
[2026-07-09 23:00:30.893] [odom] [warning] num_bias_validations=9024
[2026-07-09 23:00:30.893] [odom] [warning] bias_acc=[0.694, 0.450, 0.096] m/s^2, bias_gyro=[-0.017, -0.000, 0.001] rad/s
[2026-07-09 23:00:30.893] [odom] [warning] acc_stat ax=0.170 +- 0.375 [min=-0.298, max=0.731], ay=0.322 +- 0.236 [min=0.001, max=0.642], az=0.124 +- 0.049 [min=0.011, max=0.209] m/s^2
[2026-07-09 23:00:30.893] [odom] [warning] gyro_stat wx=-0.018 +- 0.001 [min=-0.020, max=-0.016], wy=0.001 +- 0.000 [min=-0.001, max=0.002], wz=0.001 +- 0.000 [min=0.001, max=0.001] rad/s
[2026-07-09 23:00:31.018] [odom] [warning] IMU prediction is not good.
[2026-07-09 23:00:31.018] [odom] [warning] Possibly T_lidar_imu is not accurate or IMU bias is not well estimated.
[2026-07-09 23:00:31.018] [odom] [warning] IMU validation results:
[2026-07-09 23:00:31.018] [odom] [warning] num_validations=8704
[2026-07-09 23:00:31.018] [odom] [warning] No-IMU errors rot=0.188 +- 0.204 deg, trans=0.028 +- 0.017 m, vel=0.025 +- 0.018 m/s
[2026-07-09 23:00:31.018] [odom] [warning] IMU errors rot=0.059 +- 0.047 deg, trans=0.033 +- 0.020 m, vel=0.097 +- 0.052 m/s
[2026-07-09 23:00:31.018] [odom] [warning] IMU better ratios rot=0.86, trans=0.03, vel=0.06
[2026-07-09 23:00:31.964] [odom] [warning] IMU bias estimation seems inaccurate.
[2026-07-09 23:00:31.964] [odom] [warning] Possibly T_lidar_imu is not accurate or LiDAR-IMU synchronization is not correct.
[2026-07-09 23:00:31.964] [odom] [warning] IMU bias validation results:
[2026-07-09 23:00:31.964] [odom] [warning] num_bias_validations=9088
[2026-07-09 23:00:31.964] [odom] [warning] bias_acc=[0.705, 0.429, 0.092] m/s^2, bias_gyro=[-0.017, -0.000, 0.001] rad/s
[2026-07-09 23:00:31.964] [odom] [warning] acc_stat ax=0.174 +- 0.376 [min=-0.298, max=0.731], ay=0.323 +- 0.235 [min=0.001, max=0.642], az=0.124 +- 0.049 [min=0.011, max=0.209] m/s^2
[2026-07-09 23:00:31.964] [odom] [warning] gyro_stat wx=-0.018 +- 0.001 [min=-0.020, max=-0.016], wy=0.001 +- 0.000 [min=-0.001, max=0.002], wz=0.001 +- 0.000 [min=0.001, max=0.001] rad/s
[2026-07-09 23:00:32.770] [odom] [warning] IMU prediction is not good.
[2026-07-09 23:00:32.770] [odom] [warning] Possibly T_lidar_imu is not accurate or IMU bias is not well estimated.
[2026-07-09 23:00:32.770] [odom] [warning] IMU validation results:
[2026-07-09 23:00:32.770] [odom] [warning] num_validations=8768
[2026-07-09 23:00:32.770] [odom] [warning] No-IMU errors rot=0.188 +- 0.204 deg, trans=0.028 +- 0.017 m, vel=0.025 +- 0.018 m/s
[2026-07-09 23:00:32.770] [odom] [warning] IMU errors rot=0.059 +- 0.047 deg, trans=0.033 +- 0.020 m, vel=0.097 +- 0.051 m/s
[2026-07-09 23:00:32.770] [odom] [warning] IMU better ratios rot=0.86, trans=0.03, vel=0.06
[2026-07-09 23:00:32.923] [glim] [info] playback speed: 2.925x
[2026-07-09 23:00:34.223] [odom] [warning] IMU bias estimation seems inaccurate.
[2026-07-09 23:00:34.223] [odom] [warning] Possibly T_lidar_imu is not accurate or LiDAR-IMU synchronization is not correct.
[2026-07-09 23:00:34.223] [odom] [warning] IMU bias validation results:
[2026-07-09 23:00:34.223] [odom] [warning] num_bias_validations=9152
[2026-07-09 23:00:34.223] [odom] [warning] bias_acc=[0.714, 0.410, 0.089] m/s^2, bias_gyro=[-0.017, -0.000, 0.001] rad/s
[2026-07-09 23:00:34.223] [odom] [warning] acc_stat ax=0.177 +- 0.378 [min=-0.298, max=0.731], ay=0.323 +- 0.235 [min=0.001, max=0.642], az=0.124 +- 0.049 [min=0.011, max=0.209] m/s^2
[2026-07-09 23:00:34.223] [odom] [warning] gyro_stat wx=-0.018 +- 0.001 [min=-0.020, max=-0.016], wy=0.001 +- 0.000 [min=-0.001, max=0.002], wz=0.001 +- 0.000 [min=0.001, max=0.001] rad/s
[2026-07-09 23:00:34.397] [odom] [warning] IMU prediction is not good.
[2026-07-09 23:00:34.397] [odom] [warning] Possibly T_lidar_imu is not accurate or IMU bias is not well estimated.
[2026-07-09 23:00:34.397] [odom] [warning] IMU validation results:
[2026-07-09 23:00:34.397] [odom] [warning] num_validations=8832
[2026-07-09 23:00:34.397] [odom] [warning] No-IMU errors rot=0.187 +- 0.203 deg, trans=0.028 +- 0.017 m, vel=0.025 +- 0.018 m/s
[2026-07-09 23:00:34.397] [odom] [warning] IMU errors rot=0.059 +- 0.047 deg, trans=0.033 +- 0.020 m, vel=0.098 +- 0.051 m/s
[2026-07-09 23:00:34.397] [odom] [warning] IMU better ratios rot=0.86, trans=0.03, vel=0.06
[2026-07-09 23:00:36.327] [odom] [warning] IMU bias estimation seems inaccurate.
[2026-07-09 23:00:36.327] [odom] [warning] Possibly T_lidar_imu is not accurate or LiDAR-IMU synchronization is not correct.
[2026-07-09 23:00:36.327] [odom] [warning] IMU bias validation results:
[2026-07-09 23:00:36.327] [odom] [warning] num_bias_validations=9216
[2026-07-09 23:00:36.327] [odom] [warning] bias_acc=[0.723, 0.392, 0.086] m/s^2, bias_gyro=[-0.018, -0.000, 0.001] rad/s
[2026-07-09 23:00:36.327] [odom] [warning] acc_stat ax=0.181 +- 0.379 [min=-0.298, max=0.731], ay=0.324 +- 0.234 [min=0.001, max=0.642], az=0.124 +- 0.049 [min=0.011, max=0.209] m/s^2
[2026-07-09 23:00:36.327] [odom] [warning] gyro_stat wx=-0.018 +- 0.001 [min=-0.020, max=-0.016], wy=0.001 +- 0.000 [min=-0.001, max=0.002], wz=0.001 +- 0.000 [min=0.001, max=0.001] rad/s
[2026-07-09 23:00:37.306] [odom] [warning] IMU prediction is not good.
[2026-07-09 23:00:37.306] [odom] [warning] Possibly T_lidar_imu is not accurate or IMU bias is not well estimated.
[2026-07-09 23:00:37.306] [odom] [warning] IMU validation results:
[2026-07-09 23:00:37.306] [odom] [warning] num_validations=8896
[2026-07-09 23:00:37.306] [odom] [warning] No-IMU errors rot=0.188 +- 0.203 deg, trans=0.028 +- 0.017 m, vel=0.025 +- 0.018 m/s
[2026-07-09 23:00:37.306] [odom] [warning] IMU errors rot=0.059 +- 0.047 deg, trans=0.033 +- 0.019 m, vel=0.098 +- 0.051 m/s
[2026-07-09 23:00:37.306] [odom] [warning] IMU better ratios rot=0.86, trans=0.03, vel=0.06
[2026-07-09 23:00:37.968] [glim] [info] playback speed: 2.774x
[2026-07-09 23:00:38.748] [odom] [warning] IMU bias estimation seems inaccurate.
[2026-07-09 23:00:38.748] [odom] [warning] Possibly T_lidar_imu is not accurate or LiDAR-IMU synchronization is not correct.
[2026-07-09 23:00:38.748] [odom] [warning] IMU bias validation results:
[2026-07-09 23:00:38.748] [odom] [warning] num_bias_validations=9280
[2026-07-09 23:00:38.748] [odom] [warning] bias_acc=[0.732, 0.374, 0.083] m/s^2, bias_gyro=[-0.018, 0.000, 0.001] rad/s
[2026-07-09 23:00:38.748] [odom] [warning] acc_stat ax=0.185 +- 0.381 [min=-0.298, max=0.732], ay=0.324 +- 0.233 [min=0.001, max=0.642], az=0.123 +- 0.049 [min=0.011, max=0.209] m/s^2
[2026-07-09 23:00:38.748] [odom] [warning] gyro_stat wx=-0.018 +- 0.001 [min=-0.020, max=-0.016], wy=0.001 +- 0.000 [min=-0.001, max=0.002], wz=0.001 +- 0.000 [min=0.001, max=0.001] rad/s
[2026-07-09 23:00:38.942] [odom] [warning] IMU prediction is not good.
[2026-07-09 23:00:38.942] [odom] [warning] Possibly T_lidar_imu is not accurate or IMU bias is not well estimated.
[2026-07-09 23:00:38.942] [odom] [warning] IMU validation results:
[2026-07-09 23:00:38.942] [odom] [warning] num_validations=8960
[2026-07-09 23:00:38.942] [odom] [warning] No-IMU errors rot=0.188 +- 0.203 deg, trans=0.028 +- 0.017 m, vel=0.025 +- 0.018 m/s
[2026-07-09 23:00:38.942] [odom] [warning] IMU errors rot=0.059 +- 0.047 deg, trans=0.033 +- 0.019 m, vel=0.098 +- 0.051 m/s
[2026-07-09 23:00:38.942] [odom] [warning] IMU better ratios rot=0.86, trans=0.03, vel=0.06
[2026-07-09 23:00:40.962] [odom] [warning] IMU bias estimation seems inaccurate.
[2026-07-09 23:00:40.962] [odom] [warning] Possibly T_lidar_imu is not accurate or LiDAR-IMU synchronization is not correct.
[2026-07-09 23:00:40.962] [odom] [warning] IMU bias validation results:
[2026-07-09 23:00:40.962] [odom] [warning] num_bias_validations=9344
[2026-07-09 23:00:40.962] [odom] [warning] bias_acc=[0.738, 0.358, 0.080] m/s^2, bias_gyro=[-0.018, 0.000, 0.001] rad/s
[2026-07-09 23:00:40.962] [odom] [warning] acc_stat ax=0.189 +- 0.382 [min=-0.298, max=0.738], ay=0.324 +- 0.232 [min=0.001, max=0.642], az=0.123 +- 0.049 [min=0.011, max=0.209] m/s^2
[2026-07-09 23:00:40.962] [odom] [warning] gyro_stat wx=-0.018 +- 0.001 [min=-0.020, max=-0.016], wy=0.001 +- 0.000 [min=-0.001, max=0.002], wz=0.001 +- 0.000 [min=0.001, max=0.001] rad/s
[2026-07-09 23:00:41.897] [odom] [warning] IMU prediction is not good.
[2026-07-09 23:00:41.897] [odom] [warning] Possibly T_lidar_imu is not accurate or IMU bias is not well estimated.
[2026-07-09 23:00:41.897] [odom] [warning] IMU validation results:
[2026-07-09 23:00:41.897] [odom] [warning] num_validations=9024
[2026-07-09 23:00:41.897] [odom] [warning] No-IMU errors rot=0.187 +- 0.202 deg, trans=0.028 +- 0.017 m, vel=0.025 +- 0.018 m/s
[2026-07-09 23:00:41.897] [odom] [warning] IMU errors rot=0.059 +- 0.047 deg, trans=0.033 +- 0.019 m, vel=0.098 +- 0.051 m/s
[2026-07-09 23:00:41.897] [odom] [warning] IMU better ratios rot=0.86, trans=0.03, vel=0.06
[2026-07-09 23:00:43.008] [glim] [info] playback speed: 2.738x
[2026-07-09 23:00:43.614] [odom] [warning] IMU bias estimation seems inaccurate.
[2026-07-09 23:00:43.614] [odom] [warning] Possibly T_lidar_imu is not accurate or LiDAR-IMU synchronization is not correct.
[2026-07-09 23:00:43.614] [odom] [warning] IMU bias validation results:
[2026-07-09 23:00:43.614] [odom] [warning] num_bias_validations=9408
[2026-07-09 23:00:43.614] [odom] [warning] bias_acc=[0.742, 0.342, 0.078] m/s^2, bias_gyro=[-0.018, 0.001, 0.001] rad/s
[2026-07-09 23:00:43.614] [odom] [warning] acc_stat ax=0.193 +- 0.384 [min=-0.298, max=0.742], ay=0.325 +- 0.232 [min=0.001, max=0.642], az=0.123 +- 0.049 [min=0.011, max=0.209] m/s^2
[2026-07-09 23:00:43.614] [odom] [warning] gyro_stat wx=-0.018 +- 0.001 [min=-0.020, max=-0.016], wy=0.001 +- 0.000 [min=-0.001, max=0.002], wz=0.001 +- 0.000 [min=0.001, max=0.001] rad/s
[2026-07-09 23:00:43.792] [odom] [warning] IMU prediction is not good.
[2026-07-09 23:00:43.792] [odom] [warning] Possibly T_lidar_imu is not accurate or IMU bias is not well estimated.
[2026-07-09 23:00:43.792] [odom] [warning] IMU validation results:
[2026-07-09 23:00:43.792] [odom] [warning] num_validations=9088
[2026-07-09 23:00:43.792] [odom] [warning] No-IMU errors rot=0.187 +- 0.202 deg, trans=0.029 +- 0.017 m, vel=0.025 +- 0.018 m/s
[2026-07-09 23:00:43.792] [odom] [warning] IMU errors rot=0.059 +- 0.047 deg, trans=0.033 +- 0.019 m, vel=0.098 +- 0.051 m/s
[2026-07-09 23:00:43.792] [odom] [warning] IMU better ratios rot=0.86, trans=0.03, vel=0.05
[2026-07-09 23:00:45.554] [odom] [warning] IMU bias estimation seems inaccurate.
[2026-07-09 23:00:45.554] [odom] [warning] Possibly T_lidar_imu is not accurate or LiDAR-IMU synchronization is not correct.
[2026-07-09 23:00:45.554] [odom] [warning] IMU bias validation results:
[2026-07-09 23:00:45.554] [odom] [warning] num_bias_validations=9472
[2026-07-09 23:00:45.554] [odom] [warning] bias_acc=[0.746, 0.326, 0.075] m/s^2, bias_gyro=[-0.019, 0.001, 0.001] rad/s
[2026-07-09 23:00:45.554] [odom] [warning] acc_stat ax=0.196 +- 0.385 [min=-0.298, max=0.746], ay=0.325 +- 0.231 [min=0.001, max=0.642], az=0.122 +- 0.049 [min=0.011, max=0.209] m/s^2
[2026-07-09 23:00:45.554] [odom] [warning] gyro_stat wx=-0.018 +- 0.001 [min=-0.020, max=-0.016], wy=0.001 +- 0.000 [min=-0.001, max=0.002], wz=0.001 +- 0.000 [min=0.001, max=0.001] rad/s
[2026-07-09 23:00:46.506] [odom] [warning] IMU prediction is not good.
[2026-07-09 23:00:46.506] [odom] [warning] Possibly T_lidar_imu is not accurate or IMU bias is not well estimated.
[2026-07-09 23:00:46.506] [odom] [warning] IMU validation results:
[2026-07-09 23:00:46.506] [odom] [warning] num_validations=9152
[2026-07-09 23:00:46.506] [odom] [warning] No-IMU errors rot=0.186 +- 0.201 deg, trans=0.029 +- 0.017 m, vel=0.025 +- 0.018 m/s
[2026-07-09 23:00:46.506] [odom] [warning] IMU errors rot=0.059 +- 0.047 deg, trans=0.033 +- 0.019 m, vel=0.098 +- 0.050 m/s
[2026-07-09 23:00:46.506] [odom] [warning] IMU better ratios rot=0.86, trans=0.03, vel=0.05
[2026-07-09 23:00:47.709] [odom] [warning] IMU bias estimation seems inaccurate.
[2026-07-09 23:00:47.709] [odom] [warning] Possibly T_lidar_imu is not accurate or LiDAR-IMU synchronization is not correct.
[2026-07-09 23:00:47.709] [odom] [warning] IMU bias validation results:
[2026-07-09 23:00:47.709] [odom] [warning] num_bias_validations=9536
[2026-07-09 23:00:47.709] [odom] [warning] bias_acc=[0.751, 0.312, 0.073] m/s^2, bias_gyro=[-0.018, 0.001, 0.001] rad/s
[2026-07-09 23:00:47.709] [odom] [warning] acc_stat ax=0.200 +- 0.386 [min=-0.298, max=0.751], ay=0.324 +- 0.230 [min=0.001, max=0.642], az=0.122 +- 0.049 [min=0.011, max=0.209] m/s^2
[2026-07-09 23:00:47.709] [odom] [warning] gyro_stat wx=-0.018 +- 0.001 [min=-0.020, max=-0.016], wy=0.001 +- 0.000 [min=-0.001, max=0.002], wz=0.001 +- 0.000 [min=0.001, max=0.001] rad/s
[2026-07-09 23:00:47.955] [odom] [warning] IMU prediction is not good.
[2026-07-09 23:00:47.955] [odom] [warning] Possibly T_lidar_imu is not accurate or IMU bias is not well estimated.
[2026-07-09 23:00:47.955] [odom] [warning] IMU validation results:
[2026-07-09 23:00:47.955] [odom] [warning] num_validations=9216
[2026-07-09 23:00:47.955] [odom] [warning] No-IMU errors rot=0.186 +- 0.201 deg, trans=0.028 +- 0.017 m, vel=0.025 +- 0.018 m/s
[2026-07-09 23:00:47.955] [odom] [warning] IMU errors rot=0.059 +- 0.047 deg, trans=0.033 +- 0.019 m, vel=0.098 +- 0.050 m/s
[2026-07-09 23:00:47.955] [odom] [warning] IMU better ratios rot=0.86, trans=0.03, vel=0.05
[2026-07-09 23:00:48.012] [glim] [info] playback speed: 3.426x
[2026-07-09 23:00:50.192] [odom] [warning] IMU bias estimation seems inaccurate.
[2026-07-09 23:00:50.192] [odom] [warning] Possibly T_lidar_imu is not accurate or LiDAR-IMU synchronization is not correct.
[2026-07-09 23:00:50.192] [odom] [warning] IMU bias validation results:
[2026-07-09 23:00:50.192] [odom] [warning] num_bias_validations=9600
[2026-07-09 23:00:50.192] [odom] [warning] bias_acc=[0.755, 0.297, 0.071] m/s^2, bias_gyro=[-0.019, 0.000, 0.001] rad/s
[2026-07-09 23:00:50.192] [odom] [warning] acc_stat ax=0.204 +- 0.388 [min=-0.298, max=0.755], ay=0.324 +- 0.229 [min=0.001, max=0.642], az=0.122 +- 0.049 [min=0.011, max=0.209] m/s^2
[2026-07-09 23:00:50.192] [odom] [warning] gyro_stat wx=-0.018 +- 0.001 [min=-0.020, max=-0.016], wy=0.001 +- 0.000 [min=-0.001, max=0.002], wz=0.001 +- 0.000 [min=0.001, max=0.001] rad/s
[2026-07-09 23:00:51.104] [odom] [warning] IMU prediction is not good.
[2026-07-09 23:00:51.104] [odom] [warning] Possibly T_lidar_imu is not accurate or IMU bias is not well estimated.
[2026-07-09 23:00:51.104] [odom] [warning] IMU validation results:
[2026-07-09 23:00:51.104] [odom] [warning] num_validations=9280
[2026-07-09 23:00:51.104] [odom] [warning] No-IMU errors rot=0.187 +- 0.200 deg, trans=0.028 +- 0.017 m, vel=0.026 +- 0.018 m/s
[2026-07-09 23:00:51.104] [odom] [warning] IMU errors rot=0.059 +- 0.047 deg, trans=0.033 +- 0.019 m, vel=0.098 +- 0.050 m/s
[2026-07-09 23:00:51.104] [odom] [warning] IMU better ratios rot=0.86, trans=0.03, vel=0.05
[2026-07-09 23:00:52.799] [odom] [warning] IMU bias estimation seems inaccurate.
[2026-07-09 23:00:52.799] [odom] [warning] Possibly T_lidar_imu is not accurate or LiDAR-IMU synchronization is not correct.
[2026-07-09 23:00:52.799] [odom] [warning] IMU bias validation results:
[2026-07-09 23:00:52.799] [odom] [warning] num_bias_validations=9664
[2026-07-09 23:00:52.799] [odom] [warning] bias_acc=[0.759, 0.280, 0.068] m/s^2, bias_gyro=[-0.019, 0.000, 0.001] rad/s
[2026-07-09 23:00:52.799] [odom] [warning] acc_stat ax=0.207 +- 0.389 [min=-0.298, max=0.759], ay=0.324 +- 0.228 [min=0.001, max=0.642], az=0.121 +- 0.049 [min=0.011, max=0.209] m/s^2
[2026-07-09 23:00:52.799] [odom] [warning] gyro_stat wx=-0.018 +- 0.001 [min=-0.020, max=-0.016], wy=0.001 +- 0.000 [min=-0.001, max=0.002], wz=0.001 +- 0.000 [min=0.001, max=0.001] rad/s
[2026-07-09 23:00:52.987] [odom] [warning] IMU prediction is not good.
[2026-07-09 23:00:52.987] [odom] [warning] Possibly T_lidar_imu is not accurate or IMU bias is not well estimated.
[2026-07-09 23:00:52.987] [odom] [warning] IMU validation results:
[2026-07-09 23:00:52.987] [odom] [warning] num_validations=9344
[2026-07-09 23:00:52.987] [odom] [warning] No-IMU errors rot=0.187 +- 0.200 deg, trans=0.029 +- 0.017 m, vel=0.026 +- 0.018 m/s
[2026-07-09 23:00:52.987] [odom] [warning] IMU errors rot=0.059 +- 0.047 deg, trans=0.033 +- 0.019 m, vel=0.098 +- 0.050 m/s
[2026-07-09 23:00:52.987] [odom] [warning] IMU better ratios rot=0.86, trans=0.03, vel=0.05
[2026-07-09 23:00:53.016] [glim] [info] playback speed: 2.575x
[2026-07-09 23:00:54.262] [odom] [warning] IMU bias estimation seems inaccurate.
[2026-07-09 23:00:54.262] [odom] [warning] Possibly T_lidar_imu is not accurate or LiDAR-IMU synchronization is not correct.
[2026-07-09 23:00:54.262] [odom] [warning] IMU bias validation results:
[2026-07-09 23:00:54.262] [odom] [warning] num_bias_validations=9728
[2026-07-09 23:00:54.262] [odom] [warning] bias_acc=[0.762, 0.261, 0.065] m/s^2, bias_gyro=[-0.019, 0.001, 0.001] rad/s
[2026-07-09 23:00:54.262] [odom] [warning] acc_stat ax=0.211 +- 0.390 [min=-0.298, max=0.762], ay=0.324 +- 0.228 [min=0.001, max=0.642], az=0.121 +- 0.049 [min=0.011, max=0.209] m/s^2
[2026-07-09 23:00:54.262] [odom] [warning] gyro_stat wx=-0.018 +- 0.001 [min=-0.020, max=-0.016], wy=0.001 +- 0.000 [min=-0.001, max=0.002], wz=0.001 +- 0.000 [min=0.001, max=0.001] rad/s
[2026-07-09 23:00:54.778] [odom] [warning] IMU prediction is not good.
[2026-07-09 23:00:54.778] [odom] [warning] Possibly T_lidar_imu is not accurate or IMU bias is not well estimated.
[2026-07-09 23:00:54.778] [odom] [warning] IMU validation results:
[2026-07-09 23:00:54.778] [odom] [warning] num_validations=9408
[2026-07-09 23:00:54.778] [odom] [warning] No-IMU errors rot=0.187 +- 0.199 deg, trans=0.029 +- 0.017 m, vel=0.026 +- 0.018 m/s
[2026-07-09 23:00:54.778] [odom] [warning] IMU errors rot=0.059 +- 0.048 deg, trans=0.033 +- 0.019 m, vel=0.098 +- 0.050 m/s
[2026-07-09 23:00:54.778] [odom] [warning] IMU better ratios rot=0.86, trans=0.03, vel=0.05
[2026-07-09 23:00:56.696] [odom] [warning] IMU bias estimation seems inaccurate.
[2026-07-09 23:00:56.696] [odom] [warning] Possibly T_lidar_imu is not accurate or LiDAR-IMU synchronization is not correct.
[2026-07-09 23:00:56.696] [odom] [warning] IMU bias validation results:
[2026-07-09 23:00:56.696] [odom] [warning] num_bias_validations=9792
[2026-07-09 23:00:56.696] [odom] [warning] bias_acc=[0.764, 0.242, 0.064] m/s^2, bias_gyro=[-0.019, 0.000, 0.001] rad/s
[2026-07-09 23:00:56.696] [odom] [warning] acc_stat ax=0.215 +- 0.392 [min=-0.298, max=0.764], ay=0.323 +- 0.227 [min=0.001, max=0.642], az=0.121 +- 0.049 [min=0.011, max=0.209] m/s^2
[2026-07-09 23:00:56.696] [odom] [warning] gyro_stat wx=-0.018 +- 0.001 [min=-0.020, max=-0.016], wy=0.001 +- 0.000 [min=-0.001, max=0.002], wz=0.001 +- 0.000 [min=0.001, max=0.001] rad/s
[2026-07-09 23:00:57.053] [odom] [warning] IMU prediction is not good.
[2026-07-09 23:00:57.053] [odom] [warning] Possibly T_lidar_imu is not accurate or IMU bias is not well estimated.
[2026-07-09 23:00:57.053] [odom] [warning] IMU validation results:
[2026-07-09 23:00:57.053] [odom] [warning] num_validations=9472
[2026-07-09 23:00:57.053] [odom] [warning] No-IMU errors rot=0.187 +- 0.199 deg, trans=0.029 +- 0.017 m, vel=0.026 +- 0.018 m/s
[2026-07-09 23:00:57.053] [odom] [warning] IMU errors rot=0.060 +- 0.047 deg, trans=0.033 +- 0.019 m, vel=0.098 +- 0.050 m/s
[2026-07-09 23:00:57.053] [odom] [warning] IMU better ratios rot=0.86, trans=0.03, vel=0.05
[2026-07-09 23:00:57.746] [odom] [warning] IMU bias estimation seems inaccurate.
[2026-07-09 23:00:57.746] [odom] [warning] Possibly T_lidar_imu is not accurate or LiDAR-IMU synchronization is not correct.
[2026-07-09 23:00:57.746] [odom] [warning] IMU bias validation results:
[2026-07-09 23:00:57.746] [odom] [warning] num_bias_validations=9856
[2026-07-09 23:00:57.746] [odom] [warning] bias_acc=[0.765, 0.227, 0.061] m/s^2, bias_gyro=[-0.019, 0.001, 0.001] rad/s
[2026-07-09 23:00:57.746] [odom] [warning] acc_stat ax=0.218 +- 0.393 [min=-0.298, max=0.765], ay=0.322 +- 0.227 [min=0.001, max=0.642], az=0.120 +- 0.049 [min=0.011, max=0.209] m/s^2
[2026-07-09 23:00:57.746] [odom] [warning] gyro_stat wx=-0.018 +- 0.001 [min=-0.020, max=-0.016], wy=0.001 +- 0.000 [min=-0.001, max=0.002], wz=0.001 +- 0.000 [min=0.001, max=0.001] rad/s
[2026-07-09 23:00:58.035] [glim] [info] playback speed: 3.699x
[2026-07-09 23:00:58.451] [odom] [warning] IMU prediction is not good.
[2026-07-09 23:00:58.451] [odom] [warning] Possibly T_lidar_imu is not accurate or IMU bias is not well estimated.
[2026-07-09 23:00:58.451] [odom] [warning] IMU validation results:
[2026-07-09 23:00:58.451] [odom] [warning] num_validations=9536
[2026-07-09 23:00:58.451] [odom] [warning] No-IMU errors rot=0.186 +- 0.198 deg, trans=0.029 +- 0.016 m, vel=0.026 +- 0.018 m/s
[2026-07-09 23:00:58.451] [odom] [warning] IMU errors rot=0.059 +- 0.047 deg, trans=0.033 +- 0.019 m, vel=0.098 +- 0.050 m/s
[2026-07-09 23:00:58.451] [odom] [warning] IMU better ratios rot=0.86, trans=0.03, vel=0.05
[2026-07-09 23:00:59.621] [odom] [warning] IMU bias estimation seems inaccurate.
[2026-07-09 23:00:59.621] [odom] [warning] Possibly T_lidar_imu is not accurate or LiDAR-IMU synchronization is not correct.
[2026-07-09 23:00:59.621] [odom] [warning] IMU bias validation results:
[2026-07-09 23:00:59.621] [odom] [warning] num_bias_validations=9920
[2026-07-09 23:00:59.621] [odom] [warning] bias_acc=[0.764, 0.209, 0.059] m/s^2, bias_gyro=[-0.019, 0.001, 0.001] rad/s
[2026-07-09 23:00:59.621] [odom] [warning] acc_stat ax=0.222 +- 0.394 [min=-0.298, max=0.765], ay=0.322 +- 0.226 [min=0.001, max=0.642], az=0.120 +- 0.049 [min=0.011, max=0.209] m/s^2
[2026-07-09 23:00:59.621] [odom] [warning] gyro_stat wx=-0.018 +- 0.001 [min=-0.020, max=-0.016], wy=0.001 +- 0.000 [min=-0.001, max=0.002], wz=0.001 +- 0.000 [min=0.001, max=0.001] rad/s
[2026-07-09 23:01:00.292] [odom] [warning] IMU prediction is not good.
[2026-07-09 23:01:00.292] [odom] [warning] Possibly T_lidar_imu is not accurate or IMU bias is not well estimated.
[2026-07-09 23:01:00.292] [odom] [warning] IMU validation results:
[2026-07-09 23:01:00.292] [odom] [warning] num_validations=9600
[2026-07-09 23:01:00.292] [odom] [warning] No-IMU errors rot=0.186 +- 0.198 deg, trans=0.028 +- 0.016 m, vel=0.026 +- 0.018 m/s
[2026-07-09 23:01:00.292] [odom] [warning] IMU errors rot=0.059 +- 0.047 deg, trans=0.033 +- 0.019 m, vel=0.098 +- 0.049 m/s
[2026-07-09 23:01:00.292] [odom] [warning] IMU better ratios rot=0.86, trans=0.03, vel=0.05
[2026-07-09 23:01:01.698] [odom] [warning] IMU bias estimation seems inaccurate.
[2026-07-09 23:01:01.698] [odom] [warning] Possibly T_lidar_imu is not accurate or LiDAR-IMU synchronization is not correct.
[2026-07-09 23:01:01.698] [odom] [warning] IMU bias validation results:
[2026-07-09 23:01:01.698] [odom] [warning] num_bias_validations=9984
[2026-07-09 23:01:01.698] [odom] [warning] bias_acc=[0.760, 0.188, 0.057] m/s^2, bias_gyro=[-0.019, 0.001, 0.001] rad/s
[2026-07-09 23:01:01.698] [odom] [warning] acc_stat ax=0.225 +- 0.395 [min=-0.298, max=0.765], ay=0.321 +- 0.225 [min=0.001, max=0.642], az=0.119 +- 0.049 [min=0.011, max=0.209] m/s^2
[2026-07-09 23:01:01.698] [odom] [warning] gyro_stat wx=-0.018 +- 0.001 [min=-0.020, max=-0.016], wy=0.001 +- 0.000 [min=-0.001, max=0.002], wz=0.001 +- 0.000 [min=0.001, max=0.001] rad/s
[2026-07-09 23:01:02.222] [odom] [warning] IMU prediction is not good.
[2026-07-09 23:01:02.222] [odom] [warning] Possibly T_lidar_imu is not accurate or IMU bias is not well estimated.
[2026-07-09 23:01:02.222] [odom] [warning] IMU validation results:
[2026-07-09 23:01:02.222] [odom] [warning] num_validations=9664
[2026-07-09 23:01:02.222] [odom] [warning] No-IMU errors rot=0.187 +- 0.199 deg, trans=0.028 +- 0.016 m, vel=0.026 +- 0.018 m/s
[2026-07-09 23:01:02.222] [odom] [warning] IMU errors rot=0.060 +- 0.048 deg, trans=0.033 +- 0.019 m, vel=0.098 +- 0.049 m/s
[2026-07-09 23:01:02.222] [odom] [warning] IMU better ratios rot=0.86, trans=0.03, vel=0.05
[2026-07-09 23:01:03.081] [glim] [info] playback speed: 3.157x
[2026-07-09 23:01:04.620] [odom] [warning] IMU bias estimation seems inaccurate.
[2026-07-09 23:01:04.620] [odom] [warning] Possibly T_lidar_imu is not accurate or LiDAR-IMU synchronization is not correct.
[2026-07-09 23:01:04.620] [odom] [warning] IMU bias validation results:
[2026-07-09 23:01:04.620] [odom] [warning] num_bias_validations=10048
[2026-07-09 23:01:04.620] [odom] [warning] bias_acc=[0.755, 0.167, 0.054] m/s^2, bias_gyro=[-0.019, 0.001, 0.001] rad/s
[2026-07-09 23:01:04.620] [odom] [warning] acc_stat ax=0.229 +- 0.396 [min=-0.298, max=0.765], ay=0.320 +- 0.225 [min=0.001, max=0.642], az=0.119 +- 0.050 [min=0.011, max=0.209] m/s^2
[2026-07-09 23:01:04.620] [odom] [warning] gyro_stat wx=-0.018 +- 0.001 [min=-0.020, max=-0.016], wy=0.001 +- 0.000 [min=-0.001, max=0.002], wz=0.001 +- 0.000 [min=0.001, max=0.001] rad/s
[2026-07-09 23:01:05.504] [odom] [warning] IMU prediction is not good.
[2026-07-09 23:01:05.504] [odom] [warning] Possibly T_lidar_imu is not accurate or IMU bias is not well estimated.
[2026-07-09 23:01:05.504] [odom] [warning] IMU validation results:
[2026-07-09 23:01:05.504] [odom] [warning] num_validations=9728
[2026-07-09 23:01:05.504] [odom] [warning] No-IMU errors rot=0.188 +- 0.201 deg, trans=0.028 +- 0.016 m, vel=0.026 +- 0.018 m/s
[2026-07-09 23:01:05.504] [odom] [warning] IMU errors rot=0.060 +- 0.048 deg, trans=0.033 +- 0.019 m, vel=0.098 +- 0.049 m/s
[2026-07-09 23:01:05.504] [odom] [warning] IMU better ratios rot=0.86, trans=0.03, vel=0.05
[2026-07-09 23:01:07.113] [odom] [warning] IMU bias estimation seems inaccurate.
[2026-07-09 23:01:07.113] [odom] [warning] Possibly T_lidar_imu is not accurate or LiDAR-IMU synchronization is not correct.
[2026-07-09 23:01:07.113] [odom] [warning] IMU bias validation results:
[2026-07-09 23:01:07.113] [odom] [warning] num_bias_validations=10112
[2026-07-09 23:01:07.113] [odom] [warning] bias_acc=[0.752, 0.153, 0.053] m/s^2, bias_gyro=[-0.019, 0.001, 0.001] rad/s
[2026-07-09 23:01:07.113] [odom] [warning] acc_stat ax=0.232 +- 0.397 [min=-0.298, max=0.765], ay=0.319 +- 0.225 [min=0.001, max=0.642], az=0.119 +- 0.050 [min=0.011, max=0.209] m/s^2
[2026-07-09 23:01:07.113] [odom] [warning] gyro_stat wx=-0.018 +- 0.001 [min=-0.020, max=-0.016], wy=0.001 +- 0.000 [min=-0.001, max=0.002], wz=0.001 +- 0.000 [min=0.001, max=0.001] rad/s
[2026-07-09 23:01:07.867] [odom] [warning] IMU prediction is not good.
[2026-07-09 23:01:07.867] [odom] [warning] Possibly T_lidar_imu is not accurate or IMU bias is not well estimated.
[2026-07-09 23:01:07.867] [odom] [warning] IMU validation results:
[2026-07-09 23:01:07.867] [odom] [warning] num_validations=9792
[2026-07-09 23:01:07.867] [odom] [warning] No-IMU errors rot=0.188 +- 0.201 deg, trans=0.028 +- 0.016 m, vel=0.026 +- 0.018 m/s
[2026-07-09 23:01:07.867] [odom] [warning] IMU errors rot=0.060 +- 0.048 deg, trans=0.033 +- 0.019 m, vel=0.098 +- 0.049 m/s
[2026-07-09 23:01:07.867] [odom] [warning] IMU better ratios rot=0.86, trans=0.03, vel=0.05
[2026-07-09 23:01:08.095] [glim] [info] playback speed: 2.630x
[2026-07-09 23:01:08.939] [odom] [warning] IMU bias estimation seems inaccurate.
[2026-07-09 23:01:08.939] [odom] [warning] Possibly T_lidar_imu is not accurate or LiDAR-IMU synchronization is not correct.
[2026-07-09 23:01:08.939] [odom] [warning] IMU bias validation results:
[2026-07-09 23:01:08.939] [odom] [warning] num_bias_validations=10176
[2026-07-09 23:01:08.939] [odom] [warning] bias_acc=[0.748, 0.140, 0.051] m/s^2, bias_gyro=[-0.019, 0.001, 0.001] rad/s
[2026-07-09 23:01:08.939] [odom] [warning] acc_stat ax=0.235 +- 0.398 [min=-0.298, max=0.765], ay=0.318 +- 0.225 [min=0.001, max=0.642], az=0.118 +- 0.050 [min=0.011, max=0.209] m/s^2
[2026-07-09 23:01:08.939] [odom] [warning] gyro_stat wx=-0.018 +- 0.001 [min=-0.020, max=-0.016], wy=0.001 +- 0.000 [min=-0.001, max=0.002], wz=0.001 +- 0.000 [min=0.001, max=0.001] rad/s
[2026-07-09 23:01:09.774] [odom] [warning] IMU prediction is not good.
[2026-07-09 23:01:09.774] [odom] [warning] Possibly T_lidar_imu is not accurate or IMU bias is not well estimated.
[2026-07-09 23:01:09.774] [odom] [warning] IMU validation results:
[2026-07-09 23:01:09.774] [odom] [warning] num_validations=9856
[2026-07-09 23:01:09.774] [odom] [warning] No-IMU errors rot=0.189 +- 0.201 deg, trans=0.028 +- 0.016 m, vel=0.026 +- 0.018 m/s
[2026-07-09 23:01:09.774] [odom] [warning] IMU errors rot=0.060 +- 0.047 deg, trans=0.033 +- 0.019 m, vel=0.097 +- 0.049 m/s
[2026-07-09 23:01:09.774] [odom] [warning] IMU better ratios rot=0.86, trans=0.03, vel=0.05
[2026-07-09 23:01:10.890] [odom] [warning] IMU bias estimation seems inaccurate.
[2026-07-09 23:01:10.890] [odom] [warning] Possibly T_lidar_imu is not accurate or LiDAR-IMU synchronization is not correct.
[2026-07-09 23:01:10.890] [odom] [warning] IMU bias validation results:
[2026-07-09 23:01:10.890] [odom] [warning] num_bias_validations=10240
[2026-07-09 23:01:10.890] [odom] [warning] bias_acc=[0.745, 0.124, 0.049] m/s^2, bias_gyro=[-0.019, 0.001, 0.001] rad/s
[2026-07-09 23:01:10.890] [odom] [warning] acc_stat ax=0.238 +- 0.399 [min=-0.298, max=0.765], ay=0.316 +- 0.224 [min=0.001, max=0.642], az=0.118 +- 0.050 [min=0.011, max=0.209] m/s^2
[2026-07-09 23:01:10.890] [odom] [warning] gyro_stat wx=-0.018 +- 0.001 [min=-0.020, max=-0.016], wy=0.001 +- 0.000 [min=-0.001, max=0.002], wz=0.001 +- 0.000 [min=0.001, max=0.001] rad/s
[2026-07-09 23:01:11.086] [odom] [warning] IMU prediction is not good.
[2026-07-09 23:01:11.086] [odom] [warning] Possibly T_lidar_imu is not accurate or IMU bias is not well estimated.
[2026-07-09 23:01:11.086] [odom] [warning] IMU validation results:
[2026-07-09 23:01:11.086] [odom] [warning] num_validations=9920
[2026-07-09 23:01:11.086] [odom] [warning] No-IMU errors rot=0.189 +- 0.200 deg, trans=0.028 +- 0.016 m, vel=0.026 +- 0.018 m/s
[2026-07-09 23:01:11.086] [odom] [warning] IMU errors rot=0.060 +- 0.047 deg, trans=0.033 +- 0.019 m, vel=0.097 +- 0.049 m/s
[2026-07-09 23:01:11.086] [odom] [warning] IMU better ratios rot=0.86, trans=0.03, vel=0.05
[2026-07-09 23:01:13.131] [glim] [info] playback speed: 3.082x
[2026-07-09 23:01:13.402] [odom] [warning] IMU bias estimation seems inaccurate.
[2026-07-09 23:01:13.402] [odom] [warning] Possibly T_lidar_imu is not accurate or LiDAR-IMU synchronization is not correct.
[2026-07-09 23:01:13.402] [odom] [warning] IMU bias validation results:
[2026-07-09 23:01:13.402] [odom] [warning] num_bias_validations=10304
[2026-07-09 23:01:13.402] [odom] [warning] bias_acc=[0.741, 0.107, 0.048] m/s^2, bias_gyro=[-0.019, 0.001, 0.001] rad/s
[2026-07-09 23:01:13.402] [odom] [warning] acc_stat ax=0.241 +- 0.399 [min=-0.298, max=0.765], ay=0.315 +- 0.224 [min=0.001, max=0.642], az=0.117 +- 0.050 [min=0.011, max=0.209] m/s^2
[2026-07-09 23:01:13.402] [odom] [warning] gyro_stat wx=-0.018 +- 0.001 [min=-0.020, max=-0.016], wy=0.001 +- 0.000 [min=-0.001, max=0.002], wz=0.001 +- 0.000 [min=0.001, max=0.001] rad/s
[2026-07-09 23:01:14.337] [odom] [warning] IMU prediction is not good.
[2026-07-09 23:01:14.337] [odom] [warning] Possibly T_lidar_imu is not accurate or IMU bias is not well estimated.
[2026-07-09 23:01:14.337] [odom] [warning] IMU validation results:
[2026-07-09 23:01:14.337] [odom] [warning] num_validations=9984
[2026-07-09 23:01:14.337] [odom] [warning] No-IMU errors rot=0.188 +- 0.200 deg, trans=0.028 +- 0.016 m, vel=0.026 +- 0.018 m/s
[2026-07-09 23:01:14.337] [odom] [warning] IMU errors rot=0.060 +- 0.047 deg, trans=0.033 +- 0.019 m, vel=0.097 +- 0.049 m/s
[2026-07-09 23:01:14.337] [odom] [warning] IMU better ratios rot=0.86, trans=0.03, vel=0.05
[2026-07-09 23:01:15.623] [odom] [warning] IMU bias estimation seems inaccurate.
[2026-07-09 23:01:15.623] [odom] [warning] Possibly T_lidar_imu is not accurate or LiDAR-IMU synchronization is not correct.
[2026-07-09 23:01:15.623] [odom] [warning] IMU bias validation results:
[2026-07-09 23:01:15.623] [odom] [warning] num_bias_validations=10368
[2026-07-09 23:01:15.623] [odom] [warning] bias_acc=[0.736, 0.093, 0.046] m/s^2, bias_gyro=[-0.019, 0.001, 0.001] rad/s
[2026-07-09 23:01:15.623] [odom] [warning] acc_stat ax=0.245 +- 0.400 [min=-0.298, max=0.765], ay=0.314 +- 0.224 [min=0.001, max=0.642], az=0.117 +- 0.050 [min=0.011, max=0.209] m/s^2
[2026-07-09 23:01:15.623] [odom] [warning] gyro_stat wx=-0.018 +- 0.001 [min=-0.020, max=-0.016], wy=0.001 +- 0.000 [min=-0.001, max=0.002], wz=0.001 +- 0.000 [min=0.001, max=0.001] rad/s
[2026-07-09 23:01:15.754] [odom] [warning] IMU prediction is not good.
[2026-07-09 23:01:15.754] [odom] [warning] Possibly T_lidar_imu is not accurate or IMU bias is not well estimated.
[2026-07-09 23:01:15.754] [odom] [warning] IMU validation results:
[2026-07-09 23:01:15.754] [odom] [warning] num_validations=10048
[2026-07-09 23:01:15.754] [odom] [warning] No-IMU errors rot=0.188 +- 0.199 deg, trans=0.028 +- 0.016 m, vel=0.026 +- 0.018 m/s
[2026-07-09 23:01:15.754] [odom] [warning] IMU errors rot=0.060 +- 0.047 deg, trans=0.033 +- 0.019 m, vel=0.097 +- 0.048 m/s
[2026-07-09 23:01:15.754] [odom] [warning] IMU better ratios rot=0.86, trans=0.03, vel=0.05
[2026-07-09 23:01:17.627] [odom] [warning] IMU bias estimation seems inaccurate.
[2026-07-09 23:01:17.627] [odom] [warning] Possibly T_lidar_imu is not accurate or LiDAR-IMU synchronization is not correct.
[2026-07-09 23:01:17.627] [odom] [warning] IMU bias validation results:
[2026-07-09 23:01:17.627] [odom] [warning] num_bias_validations=10432
[2026-07-09 23:01:17.627] [odom] [warning] bias_acc=[0.731, 0.080, 0.044] m/s^2, bias_gyro=[-0.019, 0.001, 0.001] rad/s
[2026-07-09 23:01:17.627] [odom] [warning] acc_stat ax=0.248 +- 0.400 [min=-0.298, max=0.765], ay=0.312 +- 0.224 [min=0.001, max=0.642], az=0.116 +- 0.050 [min=0.011, max=0.209] m/s^2
[2026-07-09 23:01:17.627] [odom] [warning] gyro_stat wx=-0.018 +- 0.001 [min=-0.020, max=-0.016], wy=0.001 +- 0.000 [min=-0.001, max=0.002], wz=0.001 +- 0.000 [min=0.001, max=0.001] rad/s
[2026-07-09 23:01:18.170] [glim] [info] playback speed: 2.859x
[2026-07-09 23:01:18.458] [odom] [warning] IMU prediction is not good.
[2026-07-09 23:01:18.458] [odom] [warning] Possibly T_lidar_imu is not accurate or IMU bias is not well estimated.
[2026-07-09 23:01:18.458] [odom] [warning] IMU validation results:
[2026-07-09 23:01:18.458] [odom] [warning] num_validations=10112
[2026-07-09 23:01:18.458] [odom] [warning] No-IMU errors rot=0.188 +- 0.199 deg, trans=0.028 +- 0.016 m, vel=0.026 +- 0.017 m/s
[2026-07-09 23:01:18.458] [odom] [warning] IMU errors rot=0.059 +- 0.047 deg, trans=0.033 +- 0.018 m, vel=0.097 +- 0.048 m/s
[2026-07-09 23:01:18.458] [odom] [warning] IMU better ratios rot=0.86, trans=0.03, vel=0.05
[2026-07-09 23:01:19.657] [odom] [warning] IMU bias estimation seems inaccurate.
[2026-07-09 23:01:19.657] [odom] [warning] Possibly T_lidar_imu is not accurate or LiDAR-IMU synchronization is not correct.
[2026-07-09 23:01:19.657] [odom] [warning] IMU bias validation results:
[2026-07-09 23:01:19.657] [odom] [warning] num_bias_validations=10496
[2026-07-09 23:01:19.657] [odom] [warning] bias_acc=[0.727, 0.069, 0.043] m/s^2, bias_gyro=[-0.019, 0.001, 0.001] rad/s
[2026-07-09 23:01:19.657] [odom] [warning] acc_stat ax=0.250 +- 0.401 [min=-0.298, max=0.765], ay=0.311 +- 0.224 [min=0.001, max=0.642], az=0.116 +- 0.051 [min=0.011, max=0.209] m/s^2
[2026-07-09 23:01:19.657] [odom] [warning] gyro_stat wx=-0.018 +- 0.001 [min=-0.020, max=-0.016], wy=0.001 +- 0.000 [min=-0.001, max=0.002], wz=0.001 +- 0.000 [min=0.001, max=0.001] rad/s
[2026-07-09 23:01:19.844] [odom] [warning] IMU prediction is not good.
[2026-07-09 23:01:19.844] [odom] [warning] Possibly T_lidar_imu is not accurate or IMU bias is not well estimated.
[2026-07-09 23:01:19.844] [odom] [warning] IMU validation results:
[2026-07-09 23:01:19.844] [odom] [warning] num_validations=10176
[2026-07-09 23:01:19.844] [odom] [warning] No-IMU errors rot=0.187 +- 0.198 deg, trans=0.028 +- 0.016 m, vel=0.026 +- 0.017 m/s
[2026-07-09 23:01:19.844] [odom] [warning] IMU errors rot=0.059 +- 0.047 deg, trans=0.033 +- 0.018 m, vel=0.097 +- 0.048 m/s
[2026-07-09 23:01:19.844] [odom] [warning] IMU better ratios rot=0.86, trans=0.03, vel=0.05
[2026-07-09 23:01:21.329] [odom] [warning] IMU bias estimation seems inaccurate.
[2026-07-09 23:01:21.329] [odom] [warning] Possibly T_lidar_imu is not accurate or LiDAR-IMU synchronization is not correct.
[2026-07-09 23:01:21.329] [odom] [warning] IMU bias validation results:
[2026-07-09 23:01:21.329] [odom] [warning] num_bias_validations=10560
[2026-07-09 23:01:21.329] [odom] [warning] bias_acc=[0.723, 0.060, 0.041] m/s^2, bias_gyro=[-0.018, 0.001, 0.001] rad/s
[2026-07-09 23:01:21.329] [odom] [warning] acc_stat ax=0.253 +- 0.401 [min=-0.298, max=0.765], ay=0.309 +- 0.225 [min=0.001, max=0.642], az=0.115 +- 0.051 [min=0.011, max=0.209] m/s^2
[2026-07-09 23:01:21.329] [odom] [warning] gyro_stat wx=-0.018 +- 0.001 [min=-0.020, max=-0.016], wy=0.001 +- 0.000 [min=-0.001, max=0.002], wz=0.001 +- 0.000 [min=0.001, max=0.001] rad/s
[2026-07-09 23:01:21.463] [odom] [warning] IMU prediction is not good.
[2026-07-09 23:01:21.463] [odom] [warning] Possibly T_lidar_imu is not accurate or IMU bias is not well estimated.
[2026-07-09 23:01:21.463] [odom] [warning] IMU validation results:
[2026-07-09 23:01:21.463] [odom] [warning] num_validations=10240
[2026-07-09 23:01:21.463] [odom] [warning] No-IMU errors rot=0.187 +- 0.198 deg, trans=0.028 +- 0.016 m, vel=0.026 +- 0.017 m/s
[2026-07-09 23:01:21.463] [odom] [warning] IMU errors rot=0.059 +- 0.047 deg, trans=0.032 +- 0.018 m, vel=0.096 +- 0.048 m/s
[2026-07-09 23:01:21.463] [odom] [warning] IMU better ratios rot=0.86, trans=0.03, vel=0.05
[2026-07-09 23:01:22.691] [odom] [warning] IMU bias estimation seems inaccurate.
[2026-07-09 23:01:22.691] [odom] [warning] Possibly T_lidar_imu is not accurate or LiDAR-IMU synchronization is not correct.
[2026-07-09 23:01:22.691] [odom] [warning] IMU bias validation results:
[2026-07-09 23:01:22.691] [odom] [warning] num_bias_validations=10624
[2026-07-09 23:01:22.691] [odom] [warning] bias_acc=[0.719, 0.050, 0.040] m/s^2, bias_gyro=[-0.018, 0.001, 0.001] rad/s
[2026-07-09 23:01:22.691] [odom] [warning] acc_stat ax=0.256 +- 0.402 [min=-0.298, max=0.765], ay=0.308 +- 0.225 [min=0.001, max=0.642], az=0.115 +- 0.051 [min=0.011, max=0.209] m/s^2
[2026-07-09 23:01:22.691] [odom] [warning] gyro_stat wx=-0.018 +- 0.001 [min=-0.020, max=-0.016], wy=0.001 +- 0.000 [min=-0.001, max=0.002], wz=0.001 +- 0.000 [min=0.001, max=0.001] rad/s
[2026-07-09 23:01:23.199] [glim] [info] playback speed: 3.853x
[2026-07-09 23:01:23.546] [odom] [warning] IMU prediction is not good.
[2026-07-09 23:01:23.546] [odom] [warning] Possibly T_lidar_imu is not accurate or IMU bias is not well estimated.
[2026-07-09 23:01:23.546] [odom] [warning] IMU validation results:
[2026-07-09 23:01:23.546] [odom] [warning] num_validations=10304
[2026-07-09 23:01:23.546] [odom] [warning] No-IMU errors rot=0.187 +- 0.197 deg, trans=0.028 +- 0.016 m, vel=0.026 +- 0.017 m/s
[2026-07-09 23:01:23.546] [odom] [warning] IMU errors rot=0.059 +- 0.047 deg, trans=0.032 +- 0.018 m, vel=0.096 +- 0.048 m/s
[2026-07-09 23:01:23.546] [odom] [warning] IMU better ratios rot=0.86, trans=0.03, vel=0.05
[2026-07-09 23:01:25.880] [odom] [warning] IMU bias estimation seems inaccurate.
[2026-07-09 23:01:25.880] [odom] [warning] Possibly T_lidar_imu is not accurate or LiDAR-IMU synchronization is not correct.
[2026-07-09 23:01:25.880] [odom] [warning] IMU bias validation results:
[2026-07-09 23:01:25.880] [odom] [warning] num_bias_validations=10688
[2026-07-09 23:01:25.880] [odom] [warning] bias_acc=[0.715, 0.041, 0.039] m/s^2, bias_gyro=[-0.018, 0.001, 0.001] rad/s
[2026-07-09 23:01:25.880] [odom] [warning] acc_stat ax=0.259 +- 0.402 [min=-0.298, max=0.765], ay=0.306 +- 0.225 [min=0.001, max=0.642], az=0.115 +- 0.051 [min=0.011, max=0.209] m/s^2
[2026-07-09 23:01:25.880] [odom] [warning] gyro_stat wx=-0.018 +- 0.001 [min=-0.020, max=-0.016], wy=0.001 +- 0.000 [min=-0.001, max=0.002], wz=0.001 +- 0.000 [min=0.001, max=0.001] rad/s
[2026-07-09 23:01:26.646] [odom] [warning] IMU prediction is not good.
[2026-07-09 23:01:26.646] [odom] [warning] Possibly T_lidar_imu is not accurate or IMU bias is not well estimated.
[2026-07-09 23:01:26.646] [odom] [warning] IMU validation results:
[2026-07-09 23:01:26.646] [odom] [warning] num_validations=10368
[2026-07-09 23:01:26.646] [odom] [warning] No-IMU errors rot=0.186 +- 0.197 deg, trans=0.028 +- 0.016 m, vel=0.026 +- 0.017 m/s
[2026-07-09 23:01:26.646] [odom] [warning] IMU errors rot=0.059 +- 0.047 deg, trans=0.032 +- 0.018 m, vel=0.096 +- 0.048 m/s
[2026-07-09 23:01:26.646] [odom] [warning] IMU better ratios rot=0.86, trans=0.03, vel=0.05
[2026-07-09 23:01:26.999] [odom] [warning] IMU bias estimation seems inaccurate.
[2026-07-09 23:01:26.999] [odom] [warning] Possibly T_lidar_imu is not accurate or LiDAR-IMU synchronization is not correct.
[2026-07-09 23:01:26.999] [odom] [warning] IMU bias validation results:
[2026-07-09 23:01:26.999] [odom] [warning] num_bias_validations=10752
[2026-07-09 23:01:26.999] [odom] [warning] bias_acc=[0.711, 0.033, 0.037] m/s^2, bias_gyro=[-0.019, 0.001, 0.001] rad/s
[2026-07-09 23:01:26.999] [odom] [warning] acc_stat ax=0.262 +- 0.403 [min=-0.298, max=0.765], ay=0.305 +- 0.225 [min=0.001, max=0.642], az=0.114 +- 0.051 [min=0.011, max=0.209] m/s^2
[2026-07-09 23:01:26.999] [odom] [warning] gyro_stat wx=-0.018 +- 0.001 [min=-0.020, max=-0.016], wy=0.001 +- 0.000 [min=-0.001, max=0.002], wz=0.001 +- 0.000 [min=0.001, max=0.001] rad/s
[2026-07-09 23:01:27.465] [odom] [warning] IMU prediction is not good.
[2026-07-09 23:01:27.465] [odom] [warning] Possibly T_lidar_imu is not accurate or IMU bias is not well estimated.
[2026-07-09 23:01:27.465] [odom] [warning] IMU validation results:
[2026-07-09 23:01:27.465] [odom] [warning] num_validations=10432
[2026-07-09 23:01:27.465] [odom] [warning] No-IMU errors rot=0.186 +- 0.197 deg, trans=0.028 +- 0.016 m, vel=0.026 +- 0.018 m/s
[2026-07-09 23:01:27.465] [odom] [warning] IMU errors rot=0.059 +- 0.047 deg, trans=0.032 +- 0.018 m, vel=0.096 +- 0.048 m/s
[2026-07-09 23:01:27.465] [odom] [warning] IMU better ratios rot=0.86, trans=0.03, vel=0.05
[2026-07-09 23:01:28.201] [glim] [info] playback speed: 3.143x
[2026-07-09 23:01:28.581] [odom] [warning] IMU bias estimation seems inaccurate.
[2026-07-09 23:01:28.581] [odom] [warning] Possibly T_lidar_imu is not accurate or LiDAR-IMU synchronization is not correct.
[2026-07-09 23:01:28.581] [odom] [warning] IMU bias validation results:
[2026-07-09 23:01:28.581] [odom] [warning] num_bias_validations=10816
[2026-07-09 23:01:28.581] [odom] [warning] bias_acc=[0.708, 0.026, 0.036] m/s^2, bias_gyro=[-0.018, 0.000, 0.001] rad/s
[2026-07-09 23:01:28.581] [odom] [warning] acc_stat ax=0.264 +- 0.403 [min=-0.298, max=0.765], ay=0.303 +- 0.226 [min=0.001, max=0.642], az=0.114 +- 0.052 [min=0.011, max=0.209] m/s^2
[2026-07-09 23:01:28.581] [odom] [warning] gyro_stat wx=-0.018 +- 0.001 [min=-0.020, max=-0.016], wy=0.001 +- 0.000 [min=-0.001, max=0.002], wz=0.001 +- 0.000 [min=0.001, max=0.001] rad/s
[2026-07-09 23:01:28.731] [odom] [warning] IMU prediction is not good.
[2026-07-09 23:01:28.731] [odom] [warning] Possibly T_lidar_imu is not accurate or IMU bias is not well estimated.
[2026-07-09 23:01:28.731] [odom] [warning] IMU validation results:
[2026-07-09 23:01:28.731] [odom] [warning] num_validations=10496
[2026-07-09 23:01:28.731] [odom] [warning] No-IMU errors rot=0.186 +- 0.197 deg, trans=0.028 +- 0.016 m, vel=0.026 +- 0.017 m/s
[2026-07-09 23:01:28.731] [odom] [warning] IMU errors rot=0.059 +- 0.047 deg, trans=0.032 +- 0.018 m, vel=0.095 +- 0.048 m/s
[2026-07-09 23:01:28.731] [odom] [warning] IMU better ratios rot=0.86, trans=0.03, vel=0.05
[2026-07-09 23:01:30.231] [odom] [warning] IMU bias estimation seems inaccurate.
[2026-07-09 23:01:30.231] [odom] [warning] Possibly T_lidar_imu is not accurate or LiDAR-IMU synchronization is not correct.
[2026-07-09 23:01:30.231] [odom] [warning] IMU bias validation results:
[2026-07-09 23:01:30.231] [odom] [warning] num_bias_validations=10880
[2026-07-09 23:01:30.231] [odom] [warning] bias_acc=[0.705, 0.019, 0.035] m/s^2, bias_gyro=[-0.019, 0.001, 0.001] rad/s
[2026-07-09 23:01:30.231] [odom] [warning] acc_stat ax=0.267 +- 0.403 [min=-0.298, max=0.765], ay=0.301 +- 0.226 [min=0.001, max=0.642], az=0.113 +- 0.052 [min=0.011, max=0.209] m/s^2
[2026-07-09 23:01:30.231] [odom] [warning] gyro_stat wx=-0.018 +- 0.001 [min=-0.020, max=-0.016], wy=0.001 +- 0.000 [min=-0.001, max=0.002], wz=0.001 +- 0.000 [min=0.001, max=0.001] rad/s
[2026-07-09 23:01:30.336] [odom] [warning] IMU prediction is not good.
[2026-07-09 23:01:30.336] [odom] [warning] Possibly T_lidar_imu is not accurate or IMU bias is not well estimated.
[2026-07-09 23:01:30.336] [odom] [warning] IMU validation results:
[2026-07-09 23:01:30.336] [odom] [warning] num_validations=10560
[2026-07-09 23:01:30.336] [odom] [warning] No-IMU errors rot=0.186 +- 0.196 deg, trans=0.028 +- 0.016 m, vel=0.026 +- 0.017 m/s
[2026-07-09 23:01:30.336] [odom] [warning] IMU errors rot=0.059 +- 0.047 deg, trans=0.032 +- 0.018 m, vel=0.095 +- 0.048 m/s
[2026-07-09 23:01:30.336] [odom] [warning] IMU better ratios rot=0.86, trans=0.03, vel=0.05
[2026-07-09 23:01:31.724] [odom] [warning] IMU bias estimation seems inaccurate.
[2026-07-09 23:01:31.724] [odom] [warning] Possibly T_lidar_imu is not accurate or LiDAR-IMU synchronization is not correct.
[2026-07-09 23:01:31.724] [odom] [warning] IMU bias validation results:
[2026-07-09 23:01:31.724] [odom] [warning] num_bias_validations=10944
[2026-07-09 23:01:31.724] [odom] [warning] bias_acc=[0.702, 0.012, 0.033] m/s^2, bias_gyro=[-0.019, 0.000, 0.001] rad/s
[2026-07-09 23:01:31.724] [odom] [warning] acc_stat ax=0.269 +- 0.403 [min=-0.298, max=0.765], ay=0.300 +- 0.226 [min=0.001, max=0.642], az=0.113 +- 0.052 [min=0.011, max=0.209] m/s^2
[2026-07-09 23:01:31.724] [odom] [warning] gyro_stat wx=-0.018 +- 0.001 [min=-0.020, max=-0.016], wy=0.001 +- 0.000 [min=-0.001, max=0.002], wz=0.001 +- 0.000 [min=0.001, max=0.001] rad/s
[2026-07-09 23:01:32.447] [odom] [warning] IMU prediction is not good.
[2026-07-09 23:01:32.447] [odom] [warning] Possibly T_lidar_imu is not accurate or IMU bias is not well estimated.
[2026-07-09 23:01:32.447] [odom] [warning] IMU validation results:
[2026-07-09 23:01:32.447] [odom] [warning] num_validations=10624
[2026-07-09 23:01:32.447] [odom] [warning] No-IMU errors rot=0.186 +- 0.196 deg, trans=0.027 +- 0.016 m, vel=0.026 +- 0.017 m/s
[2026-07-09 23:01:32.447] [odom] [warning] IMU errors rot=0.059 +- 0.047 deg, trans=0.032 +- 0.018 m, vel=0.095 +- 0.048 m/s
[2026-07-09 23:01:32.447] [odom] [warning] IMU better ratios rot=0.86, trans=0.03, vel=0.05
[2026-07-09 23:01:33.229] [glim] [info] playback speed: 3.934x
[2026-07-09 23:01:34.065] [odom] [warning] IMU bias estimation seems inaccurate.
[2026-07-09 23:01:34.065] [odom] [warning] Possibly T_lidar_imu is not accurate or LiDAR-IMU synchronization is not correct.
[2026-07-09 23:01:34.065] [odom] [warning] IMU bias validation results:
[2026-07-09 23:01:34.065] [odom] [warning] num_bias_validations=11008
[2026-07-09 23:01:34.065] [odom] [warning] bias_acc=[0.700, 0.005, 0.032] m/s^2, bias_gyro=[-0.018, 0.000, 0.001] rad/s
[2026-07-09 23:01:34.065] [odom] [warning] acc_stat ax=0.272 +- 0.403 [min=-0.298, max=0.765], ay=0.298 +- 0.227 [min=0.001, max=0.642], az=0.112 +- 0.052 [min=0.011, max=0.209] m/s^2
[2026-07-09 23:01:34.065] [odom] [warning] gyro_stat wx=-0.018 +- 0.001 [min=-0.020, max=-0.016], wy=0.001 +- 0.000 [min=-0.001, max=0.002], wz=0.001 +- 0.000 [min=0.001, max=0.001] rad/s
[2026-07-09 23:01:34.358] [odom] [warning] IMU prediction is not good.
[2026-07-09 23:01:34.358] [odom] [warning] Possibly T_lidar_imu is not accurate or IMU bias is not well estimated.
[2026-07-09 23:01:34.358] [odom] [warning] IMU validation results:
[2026-07-09 23:01:34.358] [odom] [warning] num_validations=10688
[2026-07-09 23:01:34.358] [odom] [warning] No-IMU errors rot=0.185 +- 0.195 deg, trans=0.027 +- 0.016 m, vel=0.026 +- 0.017 m/s
[2026-07-09 23:01:34.358] [odom] [warning] IMU errors rot=0.059 +- 0.046 deg, trans=0.032 +- 0.018 m, vel=0.094 +- 0.048 m/s
[2026-07-09 23:01:34.358] [odom] [warning] IMU better ratios rot=0.86, trans=0.03, vel=0.05
[2026-07-09 23:01:36.208] [odom] [warning] IMU bias estimation seems inaccurate.
[2026-07-09 23:01:36.208] [odom] [warning] Possibly T_lidar_imu is not accurate or LiDAR-IMU synchronization is not correct.
[2026-07-09 23:01:36.208] [odom] [warning] IMU bias validation results:
[2026-07-09 23:01:36.208] [odom] [warning] num_bias_validations=11072
[2026-07-09 23:01:36.208] [odom] [warning] bias_acc=[0.698, -0.000, 0.030] m/s^2, bias_gyro=[-0.018, 0.000, 0.001] rad/s
[2026-07-09 23:01:36.208] [odom] [warning] acc_stat ax=0.274 +- 0.403 [min=-0.298, max=0.765], ay=0.296 +- 0.227 [min=-0.000, max=0.642], az=0.112 +- 0.052 [min=0.011, max=0.209] m/s^2
[2026-07-09 23:01:36.208] [odom] [warning] gyro_stat wx=-0.018 +- 0.001 [min=-0.020, max=-0.016], wy=0.001 +- 0.000 [min=-0.001, max=0.002], wz=0.001 +- 0.000 [min=0.001, max=0.001] rad/s
[2026-07-09 23:01:36.585] [odom] [warning] IMU prediction is not good.
[2026-07-09 23:01:36.585] [odom] [warning] Possibly T_lidar_imu is not accurate or IMU bias is not well estimated.
[2026-07-09 23:01:36.585] [odom] [warning] IMU validation results:
[2026-07-09 23:01:36.585] [odom] [warning] num_validations=10752
[2026-07-09 23:01:36.585] [odom] [warning] No-IMU errors rot=0.185 +- 0.195 deg, trans=0.027 +- 0.016 m, vel=0.026 +- 0.017 m/s
[2026-07-09 23:01:36.585] [odom] [warning] IMU errors rot=0.059 +- 0.046 deg, trans=0.032 +- 0.018 m, vel=0.094 +- 0.048 m/s
[2026-07-09 23:01:36.585] [odom] [warning] IMU better ratios rot=0.86, trans=0.03, vel=0.05
[2026-07-09 23:01:37.295] [odom] [warning] IMU bias estimation seems inaccurate.
[2026-07-09 23:01:37.295] [odom] [warning] Possibly T_lidar_imu is not accurate or LiDAR-IMU synchronization is not correct.
[2026-07-09 23:01:37.295] [odom] [warning] IMU bias validation results:
[2026-07-09 23:01:37.295] [odom] [warning] num_bias_validations=11136
[2026-07-09 23:01:37.295] [odom] [warning] bias_acc=[0.697, -0.004, 0.029] m/s^2, bias_gyro=[-0.018, 0.000, 0.001] rad/s
[2026-07-09 23:01:37.295] [odom] [warning] acc_stat ax=0.277 +- 0.404 [min=-0.298, max=0.765], ay=0.294 +- 0.228 [min=-0.004, max=0.642], az=0.111 +- 0.053 [min=0.011, max=0.209] m/s^2
[2026-07-09 23:01:37.295] [odom] [warning] gyro_stat wx=-0.018 +- 0.001 [min=-0.020, max=-0.016], wy=0.001 +- 0.000 [min=-0.001, max=0.002], wz=0.001 +- 0.000 [min=0.001, max=0.001] rad/s
[2026-07-09 23:01:37.778] [odom] [warning] IMU prediction is not good.
[2026-07-09 23:01:37.778] [odom] [warning] Possibly T_lidar_imu is not accurate or IMU bias is not well estimated.
[2026-07-09 23:01:37.778] [odom] [warning] IMU validation results:
[2026-07-09 23:01:37.778] [odom] [warning] num_validations=10816
[2026-07-09 23:01:37.778] [odom] [warning] No-IMU errors rot=0.185 +- 0.194 deg, trans=0.027 +- 0.016 m, vel=0.026 +- 0.017 m/s
[2026-07-09 23:01:37.778] [odom] [warning] IMU errors rot=0.059 +- 0.046 deg, trans=0.032 +- 0.018 m, vel=0.094 +- 0.048 m/s
[2026-07-09 23:01:37.778] [odom] [warning] IMU better ratios rot=0.86, trans=0.02, vel=0.05
[2026-07-09 23:01:38.265] [glim] [info] playback speed: 3.586x
[2026-07-09 23:01:39.279] [odom] [warning] IMU bias estimation seems inaccurate.
[2026-07-09 23:01:39.279] [odom] [warning] Possibly T_lidar_imu is not accurate or LiDAR-IMU synchronization is not correct.
[2026-07-09 23:01:39.279] [odom] [warning] IMU bias validation results:
[2026-07-09 23:01:39.279] [odom] [warning] num_bias_validations=11200
[2026-07-09 23:01:39.279] [odom] [warning] bias_acc=[0.695, -0.010, 0.028] m/s^2, bias_gyro=[-0.018, -0.001, 0.001] rad/s
[2026-07-09 23:01:39.279] [odom] [warning] acc_stat ax=0.279 +- 0.404 [min=-0.298, max=0.765], ay=0.293 +- 0.228 [min=-0.010, max=0.642], az=0.111 +- 0.053 [min=0.011, max=0.209] m/s^2
[2026-07-09 23:01:39.279] [odom] [warning] gyro_stat wx=-0.018 +- 0.001 [min=-0.020, max=-0.016], wy=0.001 +- 0.000 [min=-0.001, max=0.002], wz=0.001 +- 0.000 [min=0.001, max=0.001] rad/s
[2026-07-09 23:01:39.716] [odom] [warning] IMU prediction is not good.
[2026-07-09 23:01:39.716] [odom] [warning] Possibly T_lidar_imu is not accurate or IMU bias is not well estimated.
[2026-07-09 23:01:39.716] [odom] [warning] IMU validation results:
[2026-07-09 23:01:39.716] [odom] [warning] num_validations=10880
[2026-07-09 23:01:39.716] [odom] [warning] No-IMU errors rot=0.187 +- 0.199 deg, trans=0.027 +- 0.016 m, vel=0.025 +- 0.017 m/s
[2026-07-09 23:01:39.716] [odom] [warning] IMU errors rot=0.059 +- 0.046 deg, trans=0.032 +- 0.018 m, vel=0.094 +- 0.048 m/s
[2026-07-09 23:01:39.716] [odom] [warning] IMU better ratios rot=0.86, trans=0.02, vel=0.05
[2026-07-09 23:01:41.420] [odom] [warning] IMU bias estimation seems inaccurate.
[2026-07-09 23:01:41.420] [odom] [warning] Possibly T_lidar_imu is not accurate or LiDAR-IMU synchronization is not correct.
[2026-07-09 23:01:41.420] [odom] [warning] IMU bias validation results:
[2026-07-09 23:01:41.420] [odom] [warning] num_bias_validations=11264
[2026-07-09 23:01:41.420] [odom] [warning] bias_acc=[0.692, -0.021, 0.027] m/s^2, bias_gyro=[-0.017, -0.001, 0.001] rad/s
[2026-07-09 23:01:41.420] [odom] [warning] acc_stat ax=0.281 +- 0.404 [min=-0.298, max=0.765], ay=0.291 +- 0.229 [min=-0.021, max=0.642], az=0.110 +- 0.053 [min=0.011, max=0.209] m/s^2
[2026-07-09 23:01:41.420] [odom] [warning] gyro_stat wx=-0.018 +- 0.001 [min=-0.020, max=-0.016], wy=0.001 +- 0.000 [min=-0.001, max=0.002], wz=0.001 +- 0.000 [min=0.001, max=0.001] rad/s
[2026-07-09 23:01:42.307] [odom] [warning] IMU prediction is not good.
[2026-07-09 23:01:42.307] [odom] [warning] Possibly T_lidar_imu is not accurate or IMU bias is not well estimated.
[2026-07-09 23:01:42.307] [odom] [warning] IMU validation results:
[2026-07-09 23:01:42.307] [odom] [warning] num_validations=10944
[2026-07-09 23:01:42.307] [odom] [warning] No-IMU errors rot=0.189 +- 0.201 deg, trans=0.027 +- 0.016 m, vel=0.025 +- 0.017 m/s
[2026-07-09 23:01:42.307] [odom] [warning] IMU errors rot=0.059 +- 0.046 deg, trans=0.032 +- 0.018 m, vel=0.093 +- 0.048 m/s
[2026-07-09 23:01:42.307] [odom] [warning] IMU better ratios rot=0.86, trans=0.02, vel=0.05
[2026-07-09 23:01:43.265] [glim] [info] playback speed: 2.799x
[2026-07-09 23:01:45.114] [odom] [warning] IMU bias estimation seems inaccurate.
[2026-07-09 23:01:45.114] [odom] [warning] Possibly T_lidar_imu is not accurate or LiDAR-IMU synchronization is not correct.
[2026-07-09 23:01:45.114] [odom] [warning] IMU bias validation results:
[2026-07-09 23:01:45.114] [odom] [warning] num_bias_validations=11328
[2026-07-09 23:01:45.114] [odom] [warning] bias_acc=[0.685, -0.036, 0.026] m/s^2, bias_gyro=[-0.017, -0.001, 0.001] rad/s
[2026-07-09 23:01:45.114] [odom] [warning] acc_stat ax=0.284 +- 0.404 [min=-0.298, max=0.765], ay=0.289 +- 0.230 [min=-0.036, max=0.642], az=0.110 +- 0.053 [min=0.011, max=0.209] m/s^2
[2026-07-09 23:01:45.114] [odom] [warning] gyro_stat wx=-0.018 +- 0.001 [min=-0.020, max=-0.016], wy=0.001 +- 0.000 [min=-0.001, max=0.002], wz=0.001 +- 0.000 [min=0.001, max=0.001] rad/s
[2026-07-09 23:01:45.268] [odom] [warning] IMU prediction is not good.
[2026-07-09 23:01:45.268] [odom] [warning] Possibly T_lidar_imu is not accurate or IMU bias is not well estimated.
[2026-07-09 23:01:45.268] [odom] [warning] IMU validation results:
[2026-07-09 23:01:45.268] [odom] [warning] num_validations=11008
[2026-07-09 23:01:45.268] [odom] [warning] No-IMU errors rot=0.189 +- 0.201 deg, trans=0.027 +- 0.016 m, vel=0.025 +- 0.017 m/s
[2026-07-09 23:01:45.268] [odom] [warning] IMU errors rot=0.059 +- 0.046 deg, trans=0.032 +- 0.018 m, vel=0.093 +- 0.048 m/s
[2026-07-09 23:01:45.268] [odom] [warning] IMU better ratios rot=0.86, trans=0.02, vel=0.05
[2026-07-09 23:01:46.142] [odom] [warning] IMU bias estimation seems inaccurate.
[2026-07-09 23:01:46.142] [odom] [warning] Possibly T_lidar_imu is not accurate or LiDAR-IMU synchronization is not correct.
[2026-07-09 23:01:46.142] [odom] [warning] IMU bias validation results:
[2026-07-09 23:01:46.142] [odom] [warning] num_bias_validations=11392
[2026-07-09 23:01:46.142] [odom] [warning] bias_acc=[0.676, -0.052, 0.025] m/s^2, bias_gyro=[-0.017, -0.001, 0.001] rad/s
[2026-07-09 23:01:46.142] [odom] [warning] acc_stat ax=0.286 +- 0.404 [min=-0.298, max=0.765], ay=0.287 +- 0.230 [min=-0.052, max=0.642], az=0.109 +- 0.054 [min=0.011, max=0.209] m/s^2
[2026-07-09 23:01:46.142] [odom] [warning] gyro_stat wx=-0.018 +- 0.001 [min=-0.020, max=-0.016], wy=0.001 +- 0.001 [min=-0.001, max=0.002], wz=0.001 +- 0.000 [min=0.001, max=0.001] rad/s
[2026-07-09 23:01:46.935] [odom] [warning] IMU prediction is not good.
[2026-07-09 23:01:46.935] [odom] [warning] Possibly T_lidar_imu is not accurate or IMU bias is not well estimated.
[2026-07-09 23:01:46.935] [odom] [warning] IMU validation results:
[2026-07-09 23:01:46.935] [odom] [warning] num_validations=11072
[2026-07-09 23:01:46.935] [odom] [warning] No-IMU errors rot=0.189 +- 0.201 deg, trans=0.027 +- 0.016 m, vel=0.025 +- 0.017 m/s
[2026-07-09 23:01:46.935] [odom] [warning] IMU errors rot=0.058 +- 0.046 deg, trans=0.032 +- 0.018 m, vel=0.093 +- 0.048 m/s
[2026-07-09 23:01:46.935] [odom] [warning] IMU better ratios rot=0.86, trans=0.02, vel=0.05
[2026-07-09 23:01:48.311] [glim] [info] playback speed: 2.755x
[2026-07-09 23:01:49.278] [odom] [warning] IMU bias estimation seems inaccurate.
[2026-07-09 23:01:49.278] [odom] [warning] Possibly T_lidar_imu is not accurate or LiDAR-IMU synchronization is not correct.
[2026-07-09 23:01:49.278] [odom] [warning] IMU bias validation results:
[2026-07-09 23:01:49.278] [odom] [warning] num_bias_validations=11456
[2026-07-09 23:01:49.278] [odom] [warning] bias_acc=[0.668, -0.066, 0.024] m/s^2, bias_gyro=[-0.017, -0.001, 0.001] rad/s
[2026-07-09 23:01:49.278] [odom] [warning] acc_stat ax=0.288 +- 0.404 [min=-0.298, max=0.765], ay=0.285 +- 0.231 [min=-0.066, max=0.642], az=0.109 +- 0.054 [min=0.011, max=0.209] m/s^2
[2026-07-09 23:01:49.278] [odom] [warning] gyro_stat wx=-0.018 +- 0.001 [min=-0.020, max=-0.016], wy=0.001 +- 0.001 [min=-0.001, max=0.002], wz=0.001 +- 0.000 [min=0.001, max=0.001] rad/s
[2026-07-09 23:01:50.142] [odom] [warning] IMU prediction is not good.
[2026-07-09 23:01:50.142] [odom] [warning] Possibly T_lidar_imu is not accurate or IMU bias is not well estimated.
[2026-07-09 23:01:50.142] [odom] [warning] IMU validation results:
[2026-07-09 23:01:50.142] [odom] [warning] num_validations=11136
[2026-07-09 23:01:50.142] [odom] [warning] No-IMU errors rot=0.189 +- 0.200 deg, trans=0.027 +- 0.016 m, vel=0.025 +- 0.017 m/s
[2026-07-09 23:01:50.142] [odom] [warning] IMU errors rot=0.058 +- 0.046 deg, trans=0.031 +- 0.018 m, vel=0.093 +- 0.048 m/s
[2026-07-09 23:01:50.142] [odom] [warning] IMU better ratios rot=0.86, trans=0.02, vel=0.05
[2026-07-09 23:01:51.612] [odom] [warning] IMU bias estimation seems inaccurate.
[2026-07-09 23:01:51.612] [odom] [warning] Possibly T_lidar_imu is not accurate or LiDAR-IMU synchronization is not correct.
[2026-07-09 23:01:51.612] [odom] [warning] IMU bias validation results:
[2026-07-09 23:01:51.612] [odom] [warning] num_bias_validations=11520
[2026-07-09 23:01:51.612] [odom] [warning] bias_acc=[0.659, -0.078, 0.023] m/s^2, bias_gyro=[-0.017, -0.001, 0.001] rad/s
[2026-07-09 23:01:51.612] [odom] [warning] acc_stat ax=0.290 +- 0.403 [min=-0.298, max=0.765], ay=0.283 +- 0.232 [min=-0.078, max=0.642], az=0.108 +- 0.054 [min=0.011, max=0.209] m/s^2
[2026-07-09 23:01:51.612] [odom] [warning] gyro_stat wx=-0.018 +- 0.001 [min=-0.020, max=-0.016], wy=0.001 +- 0.001 [min=-0.001, max=0.002], wz=0.001 +- 0.000 [min=0.001, max=0.001] rad/s
[2026-07-09 23:01:51.738] [odom] [warning] IMU prediction is not good.
[2026-07-09 23:01:51.738] [odom] [warning] Possibly T_lidar_imu is not accurate or IMU bias is not well estimated.
[2026-07-09 23:01:51.738] [odom] [warning] IMU validation results:
[2026-07-09 23:01:51.738] [odom] [warning] num_validations=11200
[2026-07-09 23:01:51.738] [odom] [warning] No-IMU errors rot=0.189 +- 0.201 deg, trans=0.027 +- 0.016 m, vel=0.025 +- 0.017 m/s
[2026-07-09 23:01:51.738] [odom] [warning] IMU errors rot=0.058 +- 0.046 deg, trans=0.031 +- 0.018 m, vel=0.093 +- 0.048 m/s
[2026-07-09 23:01:51.738] [odom] [warning] IMU better ratios rot=0.86, trans=0.02, vel=0.05
[2026-07-09 23:01:53.142] [odom] [warning] IMU bias estimation seems inaccurate.
[2026-07-09 23:01:53.142] [odom] [warning] Possibly T_lidar_imu is not accurate or LiDAR-IMU synchronization is not correct.
[2026-07-09 23:01:53.142] [odom] [warning] IMU bias validation results:
[2026-07-09 23:01:53.142] [odom] [warning] num_bias_validations=11584
[2026-07-09 23:01:53.142] [odom] [warning] bias_acc=[0.651, -0.088, 0.022] m/s^2, bias_gyro=[-0.017, -0.000, 0.001] rad/s
[2026-07-09 23:01:53.142] [odom] [warning] acc_stat ax=0.292 +- 0.403 [min=-0.298, max=0.765], ay=0.281 +- 0.233 [min=-0.088, max=0.642], az=0.108 +- 0.054 [min=0.011, max=0.209] m/s^2
[2026-07-09 23:01:53.142] [odom] [warning] gyro_stat wx=-0.018 +- 0.001 [min=-0.020, max=-0.016], wy=0.001 +- 0.001 [min=-0.001, max=0.002], wz=0.001 +- 0.000 [min=0.001, max=0.001] rad/s
[2026-07-09 23:01:53.346] [glim] [info] playback speed: 3.042x
[2026-07-09 23:01:53.571] [odom] [warning] IMU prediction is not good.
[2026-07-09 23:01:53.571] [odom] [warning] Possibly T_lidar_imu is not accurate or IMU bias is not well estimated.
[2026-07-09 23:01:53.571] [odom] [warning] IMU validation results:
[2026-07-09 23:01:53.571] [odom] [warning] num_validations=11264
[2026-07-09 23:01:53.571] [odom] [warning] No-IMU errors rot=0.189 +- 0.200 deg, trans=0.027 +- 0.016 m, vel=0.025 +- 0.017 m/s
[2026-07-09 23:01:53.571] [odom] [warning] IMU errors rot=0.058 +- 0.046 deg, trans=0.031 +- 0.018 m, vel=0.093 +- 0.048 m/s
[2026-07-09 23:01:53.571] [odom] [warning] IMU better ratios rot=0.86, trans=0.02, vel=0.05
[2026-07-09 23:01:54.396] [odom] [warning] IMU bias estimation seems inaccurate.
[2026-07-09 23:01:54.396] [odom] [warning] Possibly T_lidar_imu is not accurate or LiDAR-IMU synchronization is not correct.
[2026-07-09 23:01:54.396] [odom] [warning] IMU bias validation results:
[2026-07-09 23:01:54.396] [odom] [warning] num_bias_validations=11648
[2026-07-09 23:01:54.396] [odom] [warning] bias_acc=[0.644, -0.098, 0.021] m/s^2, bias_gyro=[-0.018, -0.000, 0.001] rad/s
[2026-07-09 23:01:54.396] [odom] [warning] acc_stat ax=0.294 +- 0.403 [min=-0.298, max=0.765], ay=0.279 +- 0.234 [min=-0.098, max=0.642], az=0.107 +- 0.054 [min=0.011, max=0.209] m/s^2
[2026-07-09 23:01:54.396] [odom] [warning] gyro_stat wx=-0.018 +- 0.001 [min=-0.020, max=-0.016], wy=0.001 +- 0.001 [min=-0.001, max=0.002], wz=0.001 +- 0.000 [min=0.001, max=0.001] rad/s
[2026-07-09 23:01:55.129] [odom] [warning] IMU prediction is not good.
[2026-07-09 23:01:55.129] [odom] [warning] Possibly T_lidar_imu is not accurate or IMU bias is not well estimated.
[2026-07-09 23:01:55.129] [odom] [warning] IMU validation results:
[2026-07-09 23:01:55.129] [odom] [warning] num_validations=11328
[2026-07-09 23:01:55.129] [odom] [warning] No-IMU errors rot=0.189 +- 0.200 deg, trans=0.027 +- 0.016 m, vel=0.025 +- 0.017 m/s
[2026-07-09 23:01:55.129] [odom] [warning] IMU errors rot=0.058 +- 0.046 deg, trans=0.031 +- 0.018 m, vel=0.093 +- 0.047 m/s
[2026-07-09 23:01:55.129] [odom] [warning] IMU better ratios rot=0.86, trans=0.02, vel=0.05
[2026-07-09 23:01:56.077] [odom] [warning] IMU bias estimation seems inaccurate.
[2026-07-09 23:01:56.077] [odom] [warning] Possibly T_lidar_imu is not accurate or LiDAR-IMU synchronization is not correct.
[2026-07-09 23:01:56.077] [odom] [warning] IMU bias validation results:
[2026-07-09 23:01:56.077] [odom] [warning] num_bias_validations=11712
[2026-07-09 23:01:56.077] [odom] [warning] bias_acc=[0.637, -0.109, 0.020] m/s^2, bias_gyro=[-0.018, 0.000, 0.001] rad/s
[2026-07-09 23:01:56.077] [odom] [warning] acc_stat ax=0.296 +- 0.403 [min=-0.298, max=0.765], ay=0.277 +- 0.235 [min=-0.109, max=0.642], az=0.107 +- 0.055 [min=0.011, max=0.209] m/s^2
[2026-07-09 23:01:56.077] [odom] [warning] gyro_stat wx=-0.018 +- 0.001 [min=-0.020, max=-0.016], wy=0.001 +- 0.001 [min=-0.001, max=0.002], wz=0.001 +- 0.000 [min=0.001, max=0.001] rad/s
[2026-07-09 23:01:56.759] [odom] [warning] IMU prediction is not good.
[2026-07-09 23:01:56.760] [odom] [warning] Possibly T_lidar_imu is not accurate or IMU bias is not well estimated.
[2026-07-09 23:01:56.760] [odom] [warning] IMU validation results:
[2026-07-09 23:01:56.760] [odom] [warning] num_validations=11392
[2026-07-09 23:01:56.760] [odom] [warning] No-IMU errors rot=0.190 +- 0.200 deg, trans=0.027 +- 0.016 m, vel=0.025 +- 0.017 m/s
[2026-07-09 23:01:56.760] [odom] [warning] IMU errors rot=0.059 +- 0.046 deg, trans=0.031 +- 0.018 m, vel=0.093 +- 0.047 m/s
[2026-07-09 23:01:56.760] [odom] [warning] IMU better ratios rot=0.86, trans=0.02, vel=0.05
[2026-07-09 23:01:58.371] [glim] [info] playback speed: 3.715x
[2026-07-09 23:01:58.434] [odom] [warning] IMU bias estimation seems inaccurate.
[2026-07-09 23:01:58.434] [odom] [warning] Possibly T_lidar_imu is not accurate or LiDAR-IMU synchronization is not correct.
[2026-07-09 23:01:58.434] [odom] [warning] IMU bias validation results:
[2026-07-09 23:01:58.434] [odom] [warning] num_bias_validations=11776
[2026-07-09 23:01:58.434] [odom] [warning] bias_acc=[0.630, -0.118, 0.019] m/s^2, bias_gyro=[-0.018, 0.000, 0.001] rad/s
[2026-07-09 23:01:58.434] [odom] [warning] acc_stat ax=0.298 +- 0.402 [min=-0.298, max=0.765], ay=0.275 +- 0.236 [min=-0.118, max=0.642], az=0.107 +- 0.055 [min=0.011, max=0.209] m/s^2
[2026-07-09 23:01:58.434] [odom] [warning] gyro_stat wx=-0.018 +- 0.001 [min=-0.020, max=-0.016], wy=0.001 +- 0.001 [min=-0.001, max=0.002], wz=0.001 +- 0.000 [min=0.001, max=0.001] rad/s
[2026-07-09 23:01:59.236] [odom] [warning] IMU prediction is not good.
[2026-07-09 23:01:59.236] [odom] [warning] Possibly T_lidar_imu is not accurate or IMU bias is not well estimated.
[2026-07-09 23:01:59.236] [odom] [warning] IMU validation results:
[2026-07-09 23:01:59.236] [odom] [warning] num_validations=11456
[2026-07-09 23:01:59.236] [odom] [warning] No-IMU errors rot=0.190 +- 0.200 deg, trans=0.027 +- 0.016 m, vel=0.025 +- 0.017 m/s
[2026-07-09 23:01:59.236] [odom] [warning] IMU errors rot=0.059 +- 0.046 deg, trans=0.031 +- 0.018 m, vel=0.092 +- 0.047 m/s
[2026-07-09 23:01:59.236] [odom] [warning] IMU better ratios rot=0.86, trans=0.02, vel=0.05
[2026-07-09 23:02:01.099] [odom] [warning] IMU bias estimation seems inaccurate.
[2026-07-09 23:02:01.099] [odom] [warning] Possibly T_lidar_imu is not accurate or LiDAR-IMU synchronization is not correct.
[2026-07-09 23:02:01.099] [odom] [warning] IMU bias validation results:
[2026-07-09 23:02:01.099] [odom] [warning] num_bias_validations=11840
[2026-07-09 23:02:01.099] [odom] [warning] bias_acc=[0.622, -0.128, 0.019] m/s^2, bias_gyro=[-0.018, 0.000, 0.001] rad/s
[2026-07-09 23:02:01.099] [odom] [warning] acc_stat ax=0.300 +- 0.402 [min=-0.298, max=0.765], ay=0.273 +- 0.238 [min=-0.128, max=0.642], az=0.106 +- 0.055 [min=0.011, max=0.209] m/s^2
[2026-07-09 23:02:01.099] [odom] [warning] gyro_stat wx=-0.018 +- 0.001 [min=-0.020, max=-0.016], wy=0.001 +- 0.001 [min=-0.001, max=0.002], wz=0.001 +- 0.000 [min=0.001, max=0.001] rad/s
[2026-07-09 23:02:01.982] [odom] [warning] IMU prediction is not good.
[2026-07-09 23:02:01.982] [odom] [warning] Possibly T_lidar_imu is not accurate or IMU bias is not well estimated.
[2026-07-09 23:02:01.982] [odom] [warning] IMU validation results:
[2026-07-09 23:02:01.982] [odom] [warning] num_validations=11520
[2026-07-09 23:02:01.982] [odom] [warning] No-IMU errors rot=0.189 +- 0.200 deg, trans=0.027 +- 0.016 m, vel=0.025 +- 0.017 m/s
[2026-07-09 23:02:01.982] [odom] [warning] IMU errors rot=0.058 +- 0.046 deg, trans=0.031 +- 0.018 m, vel=0.092 +- 0.047 m/s
[2026-07-09 23:02:01.982] [odom] [warning] IMU better ratios rot=0.86, trans=0.02, vel=0.05
[2026-07-09 23:02:03.407] [glim] [info] playback speed: 2.296x
[2026-07-09 23:02:04.358] [odom] [warning] IMU bias estimation seems inaccurate.
[2026-07-09 23:02:04.358] [odom] [warning] Possibly T_lidar_imu is not accurate or LiDAR-IMU synchronization is not correct.
[2026-07-09 23:02:04.358] [odom] [warning] IMU bias validation results:
[2026-07-09 23:02:04.358] [odom] [warning] num_bias_validations=11904
[2026-07-09 23:02:04.358] [odom] [warning] bias_acc=[0.615, -0.137, 0.018] m/s^2, bias_gyro=[-0.018, 0.000, 0.001] rad/s
[2026-07-09 23:02:04.358] [odom] [warning] acc_stat ax=0.301 +- 0.401 [min=-0.298, max=0.765], ay=0.270 +- 0.239 [min=-0.137, max=0.642], az=0.106 +- 0.055 [min=0.011, max=0.209] m/s^2
[2026-07-09 23:02:04.358] [odom] [warning] gyro_stat wx=-0.018 +- 0.001 [min=-0.020, max=-0.016], wy=0.001 +- 0.001 [min=-0.001, max=0.002], wz=0.001 +- 0.000 [min=0.001, max=0.001] rad/s
[2026-07-09 23:02:05.165] [odom] [warning] IMU prediction is not good.
[2026-07-09 23:02:05.165] [odom] [warning] Possibly T_lidar_imu is not accurate or IMU bias is not well estimated.
[2026-07-09 23:02:05.165] [odom] [warning] IMU validation results:
[2026-07-09 23:02:05.165] [odom] [warning] num_validations=11584
[2026-07-09 23:02:05.165] [odom] [warning] No-IMU errors rot=0.188 +- 0.200 deg, trans=0.027 +- 0.016 m, vel=0.025 +- 0.017 m/s
[2026-07-09 23:02:05.165] [odom] [warning] IMU errors rot=0.058 +- 0.046 deg, trans=0.031 +- 0.018 m, vel=0.092 +- 0.047 m/s
[2026-07-09 23:02:05.165] [odom] [warning] IMU better ratios rot=0.86, trans=0.02, vel=0.05
[2026-07-09 23:02:07.528] [odom] [warning] IMU bias estimation seems inaccurate.
[2026-07-09 23:02:07.528] [odom] [warning] Possibly T_lidar_imu is not accurate or LiDAR-IMU synchronization is not correct.
[2026-07-09 23:02:07.528] [odom] [warning] IMU bias validation results:
[2026-07-09 23:02:07.528] [odom] [warning] num_bias_validations=11968
[2026-07-09 23:02:07.528] [odom] [warning] bias_acc=[0.607, -0.146, 0.018] m/s^2, bias_gyro=[-0.018, 0.000, 0.001] rad/s
[2026-07-09 23:02:07.528] [odom] [warning] acc_stat ax=0.303 +- 0.401 [min=-0.298, max=0.765], ay=0.268 +- 0.240 [min=-0.146, max=0.642], az=0.105 +- 0.056 [min=0.011, max=0.209] m/s^2
[2026-07-09 23:02:07.528] [odom] [warning] gyro_stat wx=-0.018 +- 0.001 [min=-0.020, max=-0.016], wy=0.001 +- 0.001 [min=-0.001, max=0.002], wz=0.001 +- 0.000 [min=0.001, max=0.001] rad/s
[2026-07-09 23:02:08.081] [odom] [warning] IMU prediction is not good.
[2026-07-09 23:02:08.081] [odom] [warning] Possibly T_lidar_imu is not accurate or IMU bias is not well estimated.
[2026-07-09 23:02:08.081] [odom] [warning] IMU validation results:
[2026-07-09 23:02:08.081] [odom] [warning] num_validations=11648
[2026-07-09 23:02:08.081] [odom] [warning] No-IMU errors rot=0.188 +- 0.200 deg, trans=0.027 +- 0.016 m, vel=0.025 +- 0.017 m/s
[2026-07-09 23:02:08.081] [odom] [warning] IMU errors rot=0.058 +- 0.046 deg, trans=0.031 +- 0.018 m, vel=0.092 +- 0.047 m/s
[2026-07-09 23:02:08.081] [odom] [warning] IMU better ratios rot=0.86, trans=0.02, vel=0.05
[2026-07-09 23:02:08.419] [glim] [info] playback speed: 2.631x
[2026-07-09 23:02:08.669] [odom] [warning] IMU bias estimation seems inaccurate.
[2026-07-09 23:02:08.669] [odom] [warning] Possibly T_lidar_imu is not accurate or LiDAR-IMU synchronization is not correct.
[2026-07-09 23:02:08.669] [odom] [warning] IMU bias validation results:
[2026-07-09 23:02:08.669] [odom] [warning] num_bias_validations=12032
[2026-07-09 23:02:08.669] [odom] [warning] bias_acc=[0.599, -0.154, 0.017] m/s^2, bias_gyro=[-0.018, 0.001, 0.001] rad/s
[2026-07-09 23:02:08.669] [odom] [warning] acc_stat ax=0.304 +- 0.400 [min=-0.298, max=0.765], ay=0.266 +- 0.242 [min=-0.154, max=0.642], az=0.105 +- 0.056 [min=0.011, max=0.209] m/s^2
[2026-07-09 23:02:08.669] [odom] [warning] gyro_stat wx=-0.018 +- 0.001 [min=-0.020, max=-0.016], wy=0.001 +- 0.001 [min=-0.001, max=0.002], wz=0.001 +- 0.000 [min=0.001, max=0.001] rad/s
[2026-07-09 23:02:09.293] [odom] [warning] IMU prediction is not good.
[2026-07-09 23:02:09.293] [odom] [warning] Possibly T_lidar_imu is not accurate or IMU bias is not well estimated.
[2026-07-09 23:02:09.293] [odom] [warning] IMU validation results:
[2026-07-09 23:02:09.293] [odom] [warning] num_validations=11712
[2026-07-09 23:02:09.294] [odom] [warning] No-IMU errors rot=0.187 +- 0.199 deg, trans=0.027 +- 0.016 m, vel=0.025 +- 0.017 m/s
[2026-07-09 23:02:09.294] [odom] [warning] IMU errors rot=0.058 +- 0.046 deg, trans=0.031 +- 0.018 m, vel=0.092 +- 0.047 m/s
[2026-07-09 23:02:09.294] [odom] [warning] IMU better ratios rot=0.86, trans=0.02, vel=0.05
[2026-07-09 23:02:10.858] [odom] [warning] IMU bias estimation seems inaccurate.
[2026-07-09 23:02:10.858] [odom] [warning] Possibly T_lidar_imu is not accurate or LiDAR-IMU synchronization is not correct.
[2026-07-09 23:02:10.858] [odom] [warning] IMU bias validation results:
[2026-07-09 23:02:10.858] [odom] [warning] num_bias_validations=12096
[2026-07-09 23:02:10.858] [odom] [warning] bias_acc=[0.591, -0.162, 0.017] m/s^2, bias_gyro=[-0.018, 0.001, 0.001] rad/s
[2026-07-09 23:02:10.858] [odom] [warning] acc_stat ax=0.306 +- 0.400 [min=-0.298, max=0.765], ay=0.264 +- 0.243 [min=-0.162, max=0.642], az=0.104 +- 0.056 [min=0.011, max=0.209] m/s^2
[2026-07-09 23:02:10.858] [odom] [warning] gyro_stat wx=-0.018 +- 0.001 [min=-0.020, max=-0.016], wy=0.001 +- 0.001 [min=-0.001, max=0.002], wz=0.001 +- 0.000 [min=0.001, max=0.001] rad/s
[2026-07-09 23:02:11.650] [odom] [warning] IMU prediction is not good.
[2026-07-09 23:02:11.650] [odom] [warning] Possibly T_lidar_imu is not accurate or IMU bias is not well estimated.
[2026-07-09 23:02:11.650] [odom] [warning] IMU validation results:
[2026-07-09 23:02:11.650] [odom] [warning] num_validations=11776
[2026-07-09 23:02:11.650] [odom] [warning] No-IMU errors rot=0.187 +- 0.199 deg, trans=0.026 +- 0.016 m, vel=0.025 +- 0.017 m/s
[2026-07-09 23:02:11.650] [odom] [warning] IMU errors rot=0.058 +- 0.046 deg, trans=0.031 +- 0.018 m, vel=0.091 +- 0.047 m/s
[2026-07-09 23:02:11.650] [odom] [warning] IMU better ratios rot=0.86, trans=0.02, vel=0.05
[2026-07-09 23:02:12.897] [odom] [warning] IMU bias estimation seems inaccurate.
[2026-07-09 23:02:12.897] [odom] [warning] Possibly T_lidar_imu is not accurate or LiDAR-IMU synchronization is not correct.
[2026-07-09 23:02:12.897] [odom] [warning] IMU bias validation results:
[2026-07-09 23:02:12.897] [odom] [warning] num_bias_validations=12160
[2026-07-09 23:02:12.897] [odom] [warning] bias_acc=[0.582, -0.169, 0.017] m/s^2, bias_gyro=[-0.018, 0.001, 0.001] rad/s
[2026-07-09 23:02:12.897] [odom] [warning] acc_stat ax=0.307 +- 0.399 [min=-0.298, max=0.765], ay=0.261 +- 0.244 [min=-0.169, max=0.642], az=0.104 +- 0.056 [min=0.011, max=0.209] m/s^2
[2026-07-09 23:02:12.897] [odom] [warning] gyro_stat wx=-0.018 +- 0.001 [min=-0.020, max=-0.016], wy=0.001 +- 0.001 [min=-0.001, max=0.002], wz=0.001 +- 0.000 [min=0.001, max=0.001] rad/s
[2026-07-09 23:02:13.425] [glim] [info] playback speed: 3.141x
[2026-07-09 23:02:13.445] [odom] [warning] IMU prediction is not good.
[2026-07-09 23:02:13.445] [odom] [warning] Possibly T_lidar_imu is not accurate or IMU bias is not well estimated.
[2026-07-09 23:02:13.445] [odom] [warning] IMU validation results:
[2026-07-09 23:02:13.445] [odom] [warning] num_validations=11840
[2026-07-09 23:02:13.445] [odom] [warning] No-IMU errors rot=0.187 +- 0.199 deg, trans=0.026 +- 0.016 m, vel=0.025 +- 0.017 m/s
[2026-07-09 23:02:13.445] [odom] [warning] IMU errors rot=0.058 +- 0.046 deg, trans=0.031 +- 0.018 m, vel=0.091 +- 0.047 m/s
[2026-07-09 23:02:13.445] [odom] [warning] IMU better ratios rot=0.86, trans=0.02, vel=0.05
[2026-07-09 23:02:14.236] [odom] [warning] IMU bias estimation seems inaccurate.
[2026-07-09 23:02:14.236] [odom] [warning] Possibly T_lidar_imu is not accurate or LiDAR-IMU synchronization is not correct.
[2026-07-09 23:02:14.236] [odom] [warning] IMU bias validation results:
[2026-07-09 23:02:14.236] [odom] [warning] num_bias_validations=12224
[2026-07-09 23:02:14.236] [odom] [warning] bias_acc=[0.573, -0.178, 0.017] m/s^2, bias_gyro=[-0.018, 0.000, 0.001] rad/s
[2026-07-09 23:02:14.236] [odom] [warning] acc_stat ax=0.309 +- 0.399 [min=-0.298, max=0.765], ay=0.259 +- 0.246 [min=-0.178, max=0.642], az=0.103 +- 0.056 [min=0.011, max=0.209] m/s^2
[2026-07-09 23:02:14.236] [odom] [warning] gyro_stat wx=-0.018 +- 0.001 [min=-0.020, max=-0.016], wy=0.001 +- 0.001 [min=-0.001, max=0.002], wz=0.001 +- 0.000 [min=0.001, max=0.001] rad/s
[2026-07-09 23:02:15.010] [odom] [warning] IMU prediction is not good.
[2026-07-09 23:02:15.010] [odom] [warning] Possibly T_lidar_imu is not accurate or IMU bias is not well estimated.
[2026-07-09 23:02:15.010] [odom] [warning] IMU validation results:
[2026-07-09 23:02:15.010] [odom] [warning] num_validations=11904
[2026-07-09 23:02:15.010] [odom] [warning] No-IMU errors rot=0.187 +- 0.199 deg, trans=0.026 +- 0.016 m, vel=0.025 +- 0.017 m/s
[2026-07-09 23:02:15.010] [odom] [warning] IMU errors rot=0.058 +- 0.046 deg, trans=0.031 +- 0.018 m, vel=0.091 +- 0.047 m/s
[2026-07-09 23:02:15.010] [odom] [warning] IMU better ratios rot=0.86, trans=0.02, vel=0.05
[2026-07-09 23:02:15.700] [odom] [warning] IMU bias estimation seems inaccurate.
[2026-07-09 23:02:15.700] [odom] [warning] Possibly T_lidar_imu is not accurate or LiDAR-IMU synchronization is not correct.
[2026-07-09 23:02:15.700] [odom] [warning] IMU bias validation results:
[2026-07-09 23:02:15.700] [odom] [warning] num_bias_validations=12288
[2026-07-09 23:02:15.700] [odom] [warning] bias_acc=[0.564, -0.183, 0.017] m/s^2, bias_gyro=[-0.018, 0.001, 0.001] rad/s
[2026-07-09 23:02:15.700] [odom] [warning] acc_stat ax=0.310 +- 0.398 [min=-0.298, max=0.765], ay=0.257 +- 0.247 [min=-0.183, max=0.642], az=0.103 +- 0.057 [min=0.011, max=0.209] m/s^2
[2026-07-09 23:02:15.700] [odom] [warning] gyro_stat wx=-0.018 +- 0.001 [min=-0.020, max=-0.016], wy=0.001 +- 0.001 [min=-0.001, max=0.002], wz=0.001 +- 0.000 [min=0.001, max=0.001] rad/s
[2026-07-09 23:02:16.134] [odom] [warning] IMU prediction is not good.
[2026-07-09 23:02:16.134] [odom] [warning] Possibly T_lidar_imu is not accurate or IMU bias is not well estimated.
[2026-07-09 23:02:16.134] [odom] [warning] IMU validation results:
[2026-07-09 23:02:16.134] [odom] [warning] num_validations=11968
[2026-07-09 23:02:16.134] [odom] [warning] No-IMU errors rot=0.187 +- 0.198 deg, trans=0.026 +- 0.016 m, vel=0.025 +- 0.017 m/s
[2026-07-09 23:02:16.134] [odom] [warning] IMU errors rot=0.058 +- 0.046 deg, trans=0.031 +- 0.018 m, vel=0.091 +- 0.047 m/s
[2026-07-09 23:02:16.134] [odom] [warning] IMU better ratios rot=0.86, trans=0.02, vel=0.05
[2026-07-09 23:02:17.557] [odom] [warning] IMU bias estimation seems inaccurate.
[2026-07-09 23:02:17.557] [odom] [warning] Possibly T_lidar_imu is not accurate or LiDAR-IMU synchronization is not correct.
[2026-07-09 23:02:17.557] [odom] [warning] IMU bias validation results:
[2026-07-09 23:02:17.557] [odom] [warning] num_bias_validations=12352
[2026-07-09 23:02:17.557] [odom] [warning] bias_acc=[0.556, -0.188, 0.016] m/s^2, bias_gyro=[-0.019, 0.001, 0.001] rad/s
[2026-07-09 23:02:17.557] [odom] [warning] acc_stat ax=0.311 +- 0.398 [min=-0.298, max=0.765], ay=0.254 +- 0.248 [min=-0.188, max=0.642], az=0.102 +- 0.057 [min=0.011, max=0.209] m/s^2
[2026-07-09 23:02:17.557] [odom] [warning] gyro_stat wx=-0.018 +- 0.001 [min=-0.020, max=-0.016], wy=0.001 +- 0.001 [min=-0.001, max=0.002], wz=0.001 +- 0.000 [min=0.001, max=0.001] rad/s
[2026-07-09 23:02:17.993] [odom] [warning] IMU prediction is not good.
[2026-07-09 23:02:17.993] [odom] [warning] Possibly T_lidar_imu is not accurate or IMU bias is not well estimated.
[2026-07-09 23:02:17.993] [odom] [warning] IMU validation results:
[2026-07-09 23:02:17.993] [odom] [warning] num_validations=12032
[2026-07-09 23:02:17.993] [odom] [warning] No-IMU errors rot=0.187 +- 0.198 deg, trans=0.026 +- 0.016 m, vel=0.025 +- 0.017 m/s
[2026-07-09 23:02:17.993] [odom] [warning] IMU errors rot=0.058 +- 0.046 deg, trans=0.030 +- 0.018 m, vel=0.090 +- 0.047 m/s
[2026-07-09 23:02:17.993] [odom] [warning] IMU better ratios rot=0.86, trans=0.02, vel=0.05
[2026-07-09 23:02:18.435] [glim] [info] playback speed: 4.151x
[2026-07-09 23:02:19.397] [odom] [warning] IMU bias estimation seems inaccurate.
[2026-07-09 23:02:19.397] [odom] [warning] Possibly T_lidar_imu is not accurate or LiDAR-IMU synchronization is not correct.
[2026-07-09 23:02:19.397] [odom] [warning] IMU bias validation results:
[2026-07-09 23:02:19.397] [odom] [warning] num_bias_validations=12416
[2026-07-09 23:02:19.397] [odom] [warning] bias_acc=[0.547, -0.193, 0.016] m/s^2, bias_gyro=[-0.019, 0.001, 0.001] rad/s
[2026-07-09 23:02:19.397] [odom] [warning] acc_stat ax=0.313 +- 0.397 [min=-0.298, max=0.765], ay=0.252 +- 0.250 [min=-0.193, max=0.642], az=0.102 +- 0.057 [min=0.011, max=0.209] m/s^2
[2026-07-09 23:02:19.397] [odom] [warning] gyro_stat wx=-0.018 +- 0.001 [min=-0.020, max=-0.016], wy=0.001 +- 0.001 [min=-0.001, max=0.002], wz=0.001 +- 0.000 [min=0.001, max=0.001] rad/s
[2026-07-09 23:02:19.840] [odom] [warning] IMU prediction is not good.
[2026-07-09 23:02:19.840] [odom] [warning] Possibly T_lidar_imu is not accurate or IMU bias is not well estimated.
[2026-07-09 23:02:19.840] [odom] [warning] IMU validation results:
[2026-07-09 23:02:19.840] [odom] [warning] num_validations=12096
[2026-07-09 23:02:19.840] [odom] [warning] No-IMU errors rot=0.187 +- 0.198 deg, trans=0.026 +- 0.016 m, vel=0.025 +- 0.017 m/s
[2026-07-09 23:02:19.840] [odom] [warning] IMU errors rot=0.058 +- 0.046 deg, trans=0.030 +- 0.018 m, vel=0.090 +- 0.047 m/s
[2026-07-09 23:02:19.840] [odom] [warning] IMU better ratios rot=0.86, trans=0.02, vel=0.05
[2026-07-09 23:02:21.050] [odom] [warning] IMU bias estimation seems inaccurate.
[2026-07-09 23:02:21.050] [odom] [warning] Possibly T_lidar_imu is not accurate or LiDAR-IMU synchronization is not correct.
[2026-07-09 23:02:21.050] [odom] [warning] IMU bias validation results:
[2026-07-09 23:02:21.050] [odom] [warning] num_bias_validations=12480
[2026-07-09 23:02:21.050] [odom] [warning] bias_acc=[0.539, -0.199, 0.016] m/s^2, bias_gyro=[-0.019, 0.001, 0.001] rad/s
[2026-07-09 23:02:21.050] [odom] [warning] acc_stat ax=0.314 +- 0.396 [min=-0.298, max=0.765], ay=0.250 +- 0.251 [min=-0.199, max=0.642], az=0.101 +- 0.057 [min=0.011, max=0.209] m/s^2
[2026-07-09 23:02:21.050] [odom] [warning] gyro_stat wx=-0.018 +- 0.001 [min=-0.020, max=-0.016], wy=0.001 +- 0.001 [min=-0.001, max=0.002], wz=0.001 +- 0.000 [min=0.001, max=0.001] rad/s
[2026-07-09 23:02:21.199] [odom] [warning] IMU prediction is not good.
[2026-07-09 23:02:21.199] [odom] [warning] Possibly T_lidar_imu is not accurate or IMU bias is not well estimated.
[2026-07-09 23:02:21.199] [odom] [warning] IMU validation results:
[2026-07-09 23:02:21.199] [odom] [warning] num_validations=12160
[2026-07-09 23:02:21.199] [odom] [warning] No-IMU errors rot=0.187 +- 0.198 deg, trans=0.026 +- 0.016 m, vel=0.025 +- 0.017 m/s
[2026-07-09 23:02:21.199] [odom] [warning] IMU errors rot=0.058 +- 0.046 deg, trans=0.030 +- 0.018 m, vel=0.090 +- 0.047 m/s
[2026-07-09 23:02:21.199] [odom] [warning] IMU better ratios rot=0.86, trans=0.02, vel=0.05
[2026-07-09 23:02:22.972] [odom] [warning] IMU bias estimation seems inaccurate.
[2026-07-09 23:02:22.972] [odom] [warning] Possibly T_lidar_imu is not accurate or LiDAR-IMU synchronization is not correct.
[2026-07-09 23:02:22.972] [odom] [warning] IMU bias validation results:
[2026-07-09 23:02:22.972] [odom] [warning] num_bias_validations=12544
[2026-07-09 23:02:22.972] [odom] [warning] bias_acc=[0.530, -0.203, 0.016] m/s^2, bias_gyro=[-0.018, 0.001, 0.001] rad/s
[2026-07-09 23:02:22.972] [odom] [warning] acc_stat ax=0.315 +- 0.395 [min=-0.298, max=0.765], ay=0.247 +- 0.253 [min=-0.203, max=0.642], az=0.101 +- 0.057 [min=0.011, max=0.209] m/s^2
[2026-07-09 23:02:22.972] [odom] [warning] gyro_stat wx=-0.018 +- 0.001 [min=-0.020, max=-0.016], wy=0.001 +- 0.001 [min=-0.001, max=0.002], wz=0.001 +- 0.000 [min=0.001, max=0.001] rad/s
[2026-07-09 23:02:23.452] [glim] [info] playback speed: 3.599x
[2026-07-09 23:02:23.768] [odom] [warning] IMU prediction is not good.
[2026-07-09 23:02:23.768] [odom] [warning] Possibly T_lidar_imu is not accurate or IMU bias is not well estimated.
[2026-07-09 23:02:23.768] [odom] [warning] IMU validation results:
[2026-07-09 23:02:23.768] [odom] [warning] num_validations=12224
[2026-07-09 23:02:23.768] [odom] [warning] No-IMU errors rot=0.187 +- 0.198 deg, trans=0.026 +- 0.016 m, vel=0.025 +- 0.017 m/s
[2026-07-09 23:02:23.768] [odom] [warning] IMU errors rot=0.058 +- 0.046 deg, trans=0.030 +- 0.018 m, vel=0.090 +- 0.047 m/s
[2026-07-09 23:02:23.768] [odom] [warning] IMU better ratios rot=0.86, trans=0.02, vel=0.05
[2026-07-09 23:02:24.505] [odom] [warning] IMU bias estimation seems inaccurate.
[2026-07-09 23:02:24.505] [odom] [warning] Possibly T_lidar_imu is not accurate or LiDAR-IMU synchronization is not correct.
[2026-07-09 23:02:24.505] [odom] [warning] IMU bias validation results:
[2026-07-09 23:02:24.505] [odom] [warning] num_bias_validations=12608
[2026-07-09 23:02:24.505] [odom] [warning] bias_acc=[0.523, -0.208, 0.015] m/s^2, bias_gyro=[-0.018, 0.001, 0.001] rad/s
[2026-07-09 23:02:24.505] [odom] [warning] acc_stat ax=0.316 +- 0.395 [min=-0.298, max=0.765], ay=0.245 +- 0.254 [min=-0.208, max=0.642], az=0.101 +- 0.058 [min=0.011, max=0.209] m/s^2
[2026-07-09 23:02:24.505] [odom] [warning] gyro_stat wx=-0.018 +- 0.001 [min=-0.020, max=-0.016], wy=0.001 +- 0.001 [min=-0.001, max=0.002], wz=0.001 +- 0.000 [min=0.001, max=0.001] rad/s
[2026-07-09 23:02:24.827] [odom] [warning] IMU prediction is not good.
[2026-07-09 23:02:24.827] [odom] [warning] Possibly T_lidar_imu is not accurate or IMU bias is not well estimated.
[2026-07-09 23:02:24.827] [odom] [warning] IMU validation results:
[2026-07-09 23:02:24.827] [odom] [warning] num_validations=12288
[2026-07-09 23:02:24.827] [odom] [warning] No-IMU errors rot=0.187 +- 0.197 deg, trans=0.026 +- 0.016 m, vel=0.025 +- 0.017 m/s
[2026-07-09 23:02:24.827] [odom] [warning] IMU errors rot=0.058 +- 0.046 deg, trans=0.030 +- 0.018 m, vel=0.089 +- 0.047 m/s
[2026-07-09 23:02:24.827] [odom] [warning] IMU better ratios rot=0.86, trans=0.02, vel=0.05
[2026-07-09 23:02:26.203] [odom] [warning] IMU bias estimation seems inaccurate.
[2026-07-09 23:02:26.203] [odom] [warning] Possibly T_lidar_imu is not accurate or LiDAR-IMU synchronization is not correct.
[2026-07-09 23:02:26.203] [odom] [warning] IMU bias validation results:
[2026-07-09 23:02:26.203] [odom] [warning] num_bias_validations=12672
[2026-07-09 23:02:26.203] [odom] [warning] bias_acc=[0.517, -0.213, 0.015] m/s^2, bias_gyro=[-0.019, 0.001, 0.001] rad/s
[2026-07-09 23:02:26.203] [odom] [warning] acc_stat ax=0.317 +- 0.394 [min=-0.298, max=0.765], ay=0.243 +- 0.256 [min=-0.213, max=0.642], az=0.100 +- 0.058 [min=0.011, max=0.209] m/s^2
[2026-07-09 23:02:26.203] [odom] [warning] gyro_stat wx=-0.018 +- 0.001 [min=-0.020, max=-0.016], wy=0.001 +- 0.001 [min=-0.001, max=0.002], wz=0.001 +- 0.000 [min=0.001, max=0.001] rad/s
[2026-07-09 23:02:26.324] [odom] [warning] IMU prediction is not good.
[2026-07-09 23:02:26.324] [odom] [warning] Possibly T_lidar_imu is not accurate or IMU bias is not well estimated.
[2026-07-09 23:02:26.324] [odom] [warning] IMU validation results:
[2026-07-09 23:02:26.324] [odom] [warning] num_validations=12352
[2026-07-09 23:02:26.324] [odom] [warning] No-IMU errors rot=0.186 +- 0.197 deg, trans=0.026 +- 0.016 m, vel=0.025 +- 0.017 m/s
[2026-07-09 23:02:26.324] [odom] [warning] IMU errors rot=0.058 +- 0.046 deg, trans=0.030 +- 0.018 m, vel=0.089 +- 0.047 m/s
[2026-07-09 23:02:26.324] [odom] [warning] IMU better ratios rot=0.86, trans=0.02, vel=0.05
[2026-07-09 23:02:27.995] [odom] [warning] IMU bias estimation seems inaccurate.
[2026-07-09 23:02:27.995] [odom] [warning] Possibly T_lidar_imu is not accurate or LiDAR-IMU synchronization is not correct.
[2026-07-09 23:02:27.995] [odom] [warning] IMU bias validation results:
[2026-07-09 23:02:27.995] [odom] [warning] num_bias_validations=12736
[2026-07-09 23:02:27.995] [odom] [warning] bias_acc=[0.508, -0.220, 0.015] m/s^2, bias_gyro=[-0.018, 0.001, 0.001] rad/s
[2026-07-09 23:02:27.995] [odom] [warning] acc_stat ax=0.318 +- 0.393 [min=-0.298, max=0.765], ay=0.241 +- 0.257 [min=-0.220, max=0.642], az=0.100 +- 0.058 [min=0.011, max=0.209] m/s^2
[2026-07-09 23:02:27.995] [odom] [warning] gyro_stat wx=-0.018 +- 0.001 [min=-0.020, max=-0.016], wy=0.001 +- 0.001 [min=-0.001, max=0.002], wz=0.001 +- 0.000 [min=0.001, max=0.001] rad/s
[2026-07-09 23:02:28.476] [glim] [info] playback speed: 3.897x
[2026-07-09 23:02:28.487] [odom] [warning] IMU prediction is not good.
[2026-07-09 23:02:28.487] [odom] [warning] Possibly T_lidar_imu is not accurate or IMU bias is not well estimated.
[2026-07-09 23:02:28.487] [odom] [warning] IMU validation results:
[2026-07-09 23:02:28.487] [odom] [warning] num_validations=12416
[2026-07-09 23:02:28.487] [odom] [warning] No-IMU errors rot=0.186 +- 0.196 deg, trans=0.026 +- 0.016 m, vel=0.025 +- 0.017 m/s
[2026-07-09 23:02:28.487] [odom] [warning] IMU errors rot=0.058 +- 0.046 deg, trans=0.030 +- 0.018 m, vel=0.089 +- 0.047 m/s
[2026-07-09 23:02:28.487] [odom] [warning] IMU better ratios rot=0.86, trans=0.02, vel=0.05
[2026-07-09 23:02:30.033] [odom] [warning] IMU bias estimation seems inaccurate.
[2026-07-09 23:02:30.033] [odom] [warning] Possibly T_lidar_imu is not accurate or LiDAR-IMU synchronization is not correct.
[2026-07-09 23:02:30.033] [odom] [warning] IMU bias validation results:
[2026-07-09 23:02:30.033] [odom] [warning] num_bias_validations=12800
[2026-07-09 23:02:30.033] [odom] [warning] bias_acc=[0.500, -0.225, 0.015] m/s^2, bias_gyro=[-0.019, 0.001, 0.001] rad/s
[2026-07-09 23:02:30.033] [odom] [warning] acc_stat ax=0.319 +- 0.392 [min=-0.298, max=0.765], ay=0.238 +- 0.259 [min=-0.225, max=0.642], az=0.099 +- 0.058 [min=0.011, max=0.209] m/s^2
[2026-07-09 23:02:30.033] [odom] [warning] gyro_stat wx=-0.018 +- 0.001 [min=-0.020, max=-0.016], wy=0.001 +- 0.001 [min=-0.001, max=0.002], wz=0.001 +- 0.000 [min=0.001, max=0.001] rad/s
[2026-07-09 23:02:30.497] [odom] [warning] IMU prediction is not good.
[2026-07-09 23:02:30.497] [odom] [warning] Possibly T_lidar_imu is not accurate or IMU bias is not well estimated.
[2026-07-09 23:02:30.497] [odom] [warning] IMU validation results:
[2026-07-09 23:02:30.497] [odom] [warning] num_validations=12480
[2026-07-09 23:02:30.497] [odom] [warning] No-IMU errors rot=0.186 +- 0.196 deg, trans=0.026 +- 0.016 m, vel=0.025 +- 0.017 m/s
[2026-07-09 23:02:30.497] [odom] [warning] IMU errors rot=0.058 +- 0.046 deg, trans=0.030 +- 0.018 m, vel=0.089 +- 0.047 m/s
[2026-07-09 23:02:30.497] [odom] [warning] IMU better ratios rot=0.86, trans=0.02, vel=0.05
[2026-07-09 23:02:32.151] [odom] [warning] IMU prediction is not good.
[2026-07-09 23:02:32.151] [odom] [warning] Possibly T_lidar_imu is not accurate or IMU bias is not well estimated.
[2026-07-09 23:02:32.151] [odom] [warning] IMU validation results:
[2026-07-09 23:02:32.151] [odom] [warning] num_validations=12544
[2026-07-09 23:02:32.151] [odom] [warning] No-IMU errors rot=0.186 +- 0.196 deg, trans=0.026 +- 0.015 m, vel=0.025 +- 0.017 m/s
[2026-07-09 23:02:32.151] [odom] [warning] IMU errors rot=0.059 +- 0.046 deg, trans=0.030 +- 0.018 m, vel=0.089 +- 0.047 m/s
[2026-07-09 23:02:32.151] [odom] [warning] IMU better ratios rot=0.86, trans=0.02, vel=0.05
[2026-07-09 23:02:33.479] [glim] [info] playback speed: 3.386x
[2026-07-09 23:02:34.961] [odom] [warning] IMU prediction is not good.
[2026-07-09 23:02:34.961] [odom] [warning] Possibly T_lidar_imu is not accurate or IMU bias is not well estimated.
[2026-07-09 23:02:34.961] [odom] [warning] IMU validation results:
[2026-07-09 23:02:34.961] [odom] [warning] num_validations=12608
[2026-07-09 23:02:34.961] [odom] [warning] No-IMU errors rot=0.185 +- 0.196 deg, trans=0.026 +- 0.015 m, vel=0.025 +- 0.017 m/s
[2026-07-09 23:02:34.961] [odom] [warning] IMU errors rot=0.058 +- 0.046 deg, trans=0.030 +- 0.018 m, vel=0.089 +- 0.047 m/s
[2026-07-09 23:02:34.961] [odom] [warning] IMU better ratios rot=0.85, trans=0.02, vel=0.05
[2026-07-09 23:02:38.307] [odom] [warning] IMU prediction is not good.
[2026-07-09 23:02:38.307] [odom] [warning] Possibly T_lidar_imu is not accurate or IMU bias is not well estimated.
[2026-07-09 23:02:38.307] [odom] [warning] IMU validation results:
[2026-07-09 23:02:38.307] [odom] [warning] num_validations=12672
[2026-07-09 23:02:38.307] [odom] [warning] No-IMU errors rot=0.185 +- 0.195 deg, trans=0.026 +- 0.015 m, vel=0.025 +- 0.017 m/s
[2026-07-09 23:02:38.307] [odom] [warning] IMU errors rot=0.058 +- 0.046 deg, trans=0.030 +- 0.018 m, vel=0.088 +- 0.047 m/s
[2026-07-09 23:02:38.307] [odom] [warning] IMU better ratios rot=0.85, trans=0.02, vel=0.05
[2026-07-09 23:02:38.483] [glim] [info] playback speed: 2.190x
[2026-07-09 23:02:38.846] [glim] [info] waiting for odometry estimation
[2026-07-09 23:02:38.894] [glim] [info] waiting for local mapping
[2026-07-09 23:02:38.956] [glim] [info] waiting for global mapping
[2026-07-09 23:02:39.247] [global] [info] saving to /home/systemlab/whill_lab0_ros2/docs/m5r-bench-data/2026-07-08-campus-outer-seg-A/glim-out-audit-tli/...
[2026-07-09 23:02:39.457] [global] [info] serializing factor graph to /home/systemlab/whill_lab0_ros2/docs/m5r-bench-data/2026-07-08-campus-outer-seg-A/glim-out-audit-tli//graph.bin
[2026-07-09 23:02:41.016] [global] [info] saving config
[2026-07-09 23:02:41.016] [global] [info] saved
real 387.60
user 843.18
sys 20.73
==> GLIM end 2026-07-09T14:02:42Z
