==> GLIM start 2026-07-08T14:07:20Z
[2026-07-08 23:07:20.672] [glim] [info] config_path: /home/systemlab/whill_lab0_ros2/docs/m5r-bench-data/2026-07-08-campus-outer/glim-out-fixbias/config/
[2026-07-08 23:07:20.672] [glim] [info] load libodometry_estimation_gpu.so
[2026-07-08 23:07:20.785] [glim] [info] load libsub_mapping.so
[2026-07-08 23:07:20.785] [glim] [info] load libglobal_mapping.so
[2026-07-08 23:07:20.786] [glim] [info] load libmemory_monitor.so
[2026-07-08 23:07:20.786] [glim] [info] load libstandard_viewer.so
[2026-07-08 23:07:20.918] [glim] [info] load librviz_viewer.so
[2026-07-08 23:07:20.931] [glim] [info] topics:
[2026-07-08 23:07:20.931] [glim] [info] - /imu/data_rep145
[2026-07-08 23:07:20.931] [glim] [info] - /velodyne_points
[2026-07-08 23:07:20.931] [glim] [info] - /image
[2026-07-08 23:07:20.931] [glim] [info] bag_filenames:
[2026-07-08 23:07:20.931] [glim] [info] - /home/systemlab/whill_lab0_ros2/docs/m5r-bench-data/2026-07-08-campus-outer/bag
[2026-07-08 23:07:20.931] [glim] [warning] param glim_ros/playback_speed not found
[2026-07-08 23:07:20.931] [glim] [warning] use default_value=100
[2026-07-08 23:07:20.931] [glim] [info] opening /home/systemlab/whill_lab0_ros2/docs/m5r-bench-data/2026-07-08-campus-outer/bag
[2026-07-08 23:07:20.932] [glim] [info] detected storage_id=sqlite3 from metadata.yaml
[INFO] [1783519640.935490817] [rosbag2_storage]: Opened database '/home/systemlab/whill_lab0_ros2/docs/m5r-bench-data/2026-07-08-campus-outer/bag/bag_0.db3' for READ_ONLY.
[2026-07-08 23:07:20.939] [glim] [warning] negative per-point timestamp is found!! min=-0.100324 max=0.001306
[2026-07-08 23:07:20.939] [glim] [warning] add an offset to the frame timestamp to make per-point ones positive!!
[2026-07-08 23:07:21.087] [odom] [info] estimate initial IMU state
Initial error: 15695.8, values: 33
iter      cost      cost_change    lambda  success iter_time
   0      75.7053      1.6e+04      1e-05      1    0.00026
   1         0.17           76      1e-06      1     0.0002
   2         0.17      0.00044      1e-07      1     0.0002
   3         0.17     -5.1e-10      1e-08      1    0.00019
[2026-07-08 23:07:21.089] [odom] [info] initial IMU state estimation result
[2026-07-08 23:07:21.089] [odom] [info] T_world_imu=se3(0.001163,0.001536,-0.000238,-0.052672,-0.065317,-0.003536,0.996467)
[2026-07-08 23:07:21.089] [odom] [info] v_world_imu=vec(0.011163,0.007596,0.052989)
[2026-07-08 23:07:21.089] [odom] [info] imu_bias=vec(-0.000374,-0.000163,0.001866,-0.004332,-0.000161,-0.000157)
[2026-07-08 23:07:21.097] [rviz] [info] auto-detected IMU frame ID: imu_link
[2026-07-08 23:07:21.097] [rviz] [info] auto-detected LiDAR frame ID: velodyne
[2026-07-08 23:07:21.097] [rviz] [info] base_frame_id is not set. using IMU frame ID 'imu_link' as base frame ID.
[2026-07-08 23:07:24.204] [odom] [warning] IMU prediction is not good.
[2026-07-08 23:07:24.205] [odom] [warning] Possibly T_lidar_imu is not accurate or IMU bias is not well estimated.
[2026-07-08 23:07:24.205] [odom] [warning] IMU validation results:
[2026-07-08 23:07:24.205] [odom] [warning] num_validations=64
[2026-07-08 23:07:24.205] [odom] [warning] No-IMU errors rot=0.234 +- 0.282 deg, trans=0.009 +- 0.006 m, vel=0.045 +- 0.035 m/s
[2026-07-08 23:07:24.205] [odom] [warning] IMU errors rot=0.117 +- 0.081 deg, trans=0.010 +- 0.005 m, vel=0.033 +- 0.019 m/s
[2026-07-08 23:07:24.205] [odom] [warning] IMU better ratios rot=0.78, trans=0.28, vel=0.58
[2026-07-08 23:07:25.021] [odom] [warning] IMU prediction is not good.
[2026-07-08 23:07:25.021] [odom] [warning] Possibly T_lidar_imu is not accurate or IMU bias is not well estimated.
[2026-07-08 23:07:25.021] [odom] [warning] IMU validation results:
[2026-07-08 23:07:25.021] [odom] [warning] num_validations=128
[2026-07-08 23:07:25.021] [odom] [warning] No-IMU errors rot=0.181 +- 0.231 deg, trans=0.009 +- 0.005 m, vel=0.036 +- 0.031 m/s
[2026-07-08 23:07:25.021] [odom] [warning] IMU errors rot=0.085 +- 0.070 deg, trans=0.010 +- 0.004 m, vel=0.034 +- 0.015 m/s
[2026-07-08 23:07:25.021] [odom] [warning] IMU better ratios rot=0.78, trans=0.19, vel=0.38
[2026-07-08 23:07:26.021] [odom] [warning] IMU prediction is not good.
[2026-07-08 23:07:26.021] [odom] [warning] Possibly T_lidar_imu is not accurate or IMU bias is not well estimated.
[2026-07-08 23:07:26.021] [odom] [warning] IMU validation results:
[2026-07-08 23:07:26.021] [odom] [warning] num_validations=192
[2026-07-08 23:07:26.021] [odom] [warning] No-IMU errors rot=0.161 +- 0.196 deg, trans=0.009 +- 0.004 m, vel=0.031 +- 0.028 m/s
[2026-07-08 23:07:26.021] [odom] [warning] IMU errors rot=0.078 +- 0.064 deg, trans=0.010 +- 0.004 m, vel=0.033 +- 0.014 m/s
[2026-07-08 23:07:26.021] [odom] [warning] IMU better ratios rot=0.78, trans=0.16, vel=0.30
[2026-07-08 23:07:27.081] [odom] [warning] IMU prediction is not good.
[2026-07-08 23:07:27.081] [odom] [warning] Possibly T_lidar_imu is not accurate or IMU bias is not well estimated.
[2026-07-08 23:07:27.081] [odom] [warning] IMU validation results:
[2026-07-08 23:07:27.081] [odom] [warning] num_validations=256
[2026-07-08 23:07:27.081] [odom] [warning] No-IMU errors rot=0.160 +- 0.182 deg, trans=0.009 +- 0.004 m, vel=0.030 +- 0.027 m/s
[2026-07-08 23:07:27.081] [odom] [warning] IMU errors rot=0.073 +- 0.062 deg, trans=0.010 +- 0.004 m, vel=0.032 +- 0.013 m/s
[2026-07-08 23:07:27.081] [odom] [warning] IMU better ratios rot=0.82, trans=0.14, vel=0.28
[2026-07-08 23:07:27.936] [odom] [warning] IMU prediction is not good.
[2026-07-08 23:07:27.936] [odom] [warning] Possibly T_lidar_imu is not accurate or IMU bias is not well estimated.
[2026-07-08 23:07:27.936] [odom] [warning] IMU validation results:
[2026-07-08 23:07:27.936] [odom] [warning] num_validations=320
[2026-07-08 23:07:27.936] [odom] [warning] No-IMU errors rot=0.159 +- 0.169 deg, trans=0.009 +- 0.004 m, vel=0.030 +- 0.026 m/s
[2026-07-08 23:07:27.936] [odom] [warning] IMU errors rot=0.073 +- 0.062 deg, trans=0.009 +- 0.004 m, vel=0.031 +- 0.013 m/s
[2026-07-08 23:07:27.936] [odom] [warning] IMU better ratios rot=0.82, trans=0.21, vel=0.34
[2026-07-08 23:07:28.986] [odom] [warning] IMU prediction is not good.
[2026-07-08 23:07:28.986] [odom] [warning] Possibly T_lidar_imu is not accurate or IMU bias is not well estimated.
[2026-07-08 23:07:28.986] [odom] [warning] IMU validation results:
[2026-07-08 23:07:28.986] [odom] [warning] num_validations=384
[2026-07-08 23:07:28.986] [odom] [warning] No-IMU errors rot=0.168 +- 0.166 deg, trans=0.008 +- 0.004 m, vel=0.030 +- 0.024 m/s
[2026-07-08 23:07:28.986] [odom] [warning] IMU errors rot=0.075 +- 0.060 deg, trans=0.009 +- 0.004 m, vel=0.030 +- 0.013 m/s
[2026-07-08 23:07:28.986] [odom] [warning] IMU better ratios rot=0.83, trans=0.25, vel=0.39
[2026-07-08 23:07:29.872] [odom] [warning] IMU prediction is not good.
[2026-07-08 23:07:29.872] [odom] [warning] Possibly T_lidar_imu is not accurate or IMU bias is not well estimated.
[2026-07-08 23:07:29.872] [odom] [warning] IMU validation results:
[2026-07-08 23:07:29.872] [odom] [warning] num_validations=448
[2026-07-08 23:07:29.872] [odom] [warning] No-IMU errors rot=0.159 +- 0.156 deg, trans=0.008 +- 0.004 m, vel=0.029 +- 0.023 m/s
[2026-07-08 23:07:29.872] [odom] [warning] IMU errors rot=0.070 +- 0.057 deg, trans=0.008 +- 0.004 m, vel=0.028 +- 0.013 m/s
[2026-07-08 23:07:29.872] [odom] [warning] IMU better ratios rot=0.84, trans=0.29, vel=0.42
[2026-07-08 23:07:30.953] [glim] [info] playback speed: 6.327x
[2026-07-08 23:07:31.015] [odom] [warning] IMU prediction is not good.
[2026-07-08 23:07:31.015] [odom] [warning] Possibly T_lidar_imu is not accurate or IMU bias is not well estimated.
[2026-07-08 23:07:31.015] [odom] [warning] IMU validation results:
[2026-07-08 23:07:31.015] [odom] [warning] num_validations=512
[2026-07-08 23:07:31.015] [odom] [warning] No-IMU errors rot=0.152 +- 0.149 deg, trans=0.007 +- 0.004 m, vel=0.027 +- 0.022 m/s
[2026-07-08 23:07:31.015] [odom] [warning] IMU errors rot=0.066 +- 0.055 deg, trans=0.008 +- 0.004 m, vel=0.026 +- 0.014 m/s
[2026-07-08 23:07:31.015] [odom] [warning] IMU better ratios rot=0.85, trans=0.31, vel=0.45
[2026-07-08 23:07:31.928] [odom] [warning] IMU prediction is not good.
[2026-07-08 23:07:31.928] [odom] [warning] Possibly T_lidar_imu is not accurate or IMU bias is not well estimated.
[2026-07-08 23:07:31.928] [odom] [warning] IMU validation results:
[2026-07-08 23:07:31.928] [odom] [warning] num_validations=576
[2026-07-08 23:07:31.928] [odom] [warning] No-IMU errors rot=0.151 +- 0.143 deg, trans=0.007 +- 0.004 m, vel=0.026 +- 0.021 m/s
[2026-07-08 23:07:31.928] [odom] [warning] IMU errors rot=0.065 +- 0.052 deg, trans=0.008 +- 0.004 m, vel=0.025 +- 0.013 m/s
[2026-07-08 23:07:31.928] [odom] [warning] IMU better ratios rot=0.85, trans=0.31, vel=0.45
[2026-07-08 23:07:32.663] [odom] [warning] IMU prediction is not good.
[2026-07-08 23:07:32.663] [odom] [warning] Possibly T_lidar_imu is not accurate or IMU bias is not well estimated.
[2026-07-08 23:07:32.663] [odom] [warning] IMU validation results:
[2026-07-08 23:07:32.663] [odom] [warning] num_validations=640
[2026-07-08 23:07:32.663] [odom] [warning] No-IMU errors rot=0.152 +- 0.138 deg, trans=0.007 +- 0.004 m, vel=0.026 +- 0.020 m/s
[2026-07-08 23:07:32.663] [odom] [warning] IMU errors rot=0.068 +- 0.053 deg, trans=0.008 +- 0.004 m, vel=0.026 +- 0.013 m/s
[2026-07-08 23:07:32.663] [odom] [warning] IMU better ratios rot=0.84, trans=0.29, vel=0.42
[2026-07-08 23:07:33.953] [odom] [warning] IMU prediction is not good.
[2026-07-08 23:07:33.953] [odom] [warning] Possibly T_lidar_imu is not accurate or IMU bias is not well estimated.
[2026-07-08 23:07:33.953] [odom] [warning] IMU validation results:
[2026-07-08 23:07:33.953] [odom] [warning] num_validations=704
[2026-07-08 23:07:33.953] [odom] [warning] No-IMU errors rot=0.147 +- 0.134 deg, trans=0.007 +- 0.004 m, vel=0.025 +- 0.020 m/s
[2026-07-08 23:07:33.953] [odom] [warning] IMU errors rot=0.067 +- 0.051 deg, trans=0.008 +- 0.004 m, vel=0.026 +- 0.013 m/s
[2026-07-08 23:07:33.953] [odom] [warning] IMU better ratios rot=0.83, trans=0.27, vel=0.41
[2026-07-08 23:07:35.269] [odom] [warning] IMU prediction is not good.
[2026-07-08 23:07:35.269] [odom] [warning] Possibly T_lidar_imu is not accurate or IMU bias is not well estimated.
[2026-07-08 23:07:35.269] [odom] [warning] IMU validation results:
[2026-07-08 23:07:35.269] [odom] [warning] num_validations=768
[2026-07-08 23:07:35.269] [odom] [warning] No-IMU errors rot=0.157 +- 0.149 deg, trans=0.007 +- 0.004 m, vel=0.026 +- 0.020 m/s
[2026-07-08 23:07:35.269] [odom] [warning] IMU errors rot=0.069 +- 0.052 deg, trans=0.008 +- 0.004 m, vel=0.026 +- 0.013 m/s
[2026-07-08 23:07:35.269] [odom] [warning] IMU better ratios rot=0.83, trans=0.26, vel=0.41
[2026-07-08 23:07:35.975] [glim] [info] playback speed: 6.040x
[2026-07-08 23:07:37.174] [odom] [warning] IMU prediction is not good.
[2026-07-08 23:07:37.174] [odom] [warning] Possibly T_lidar_imu is not accurate or IMU bias is not well estimated.
[2026-07-08 23:07:37.174] [odom] [warning] IMU validation results:
[2026-07-08 23:07:37.174] [odom] [warning] num_validations=832
[2026-07-08 23:07:37.174] [odom] [warning] No-IMU errors rot=0.169 +- 0.188 deg, trans=0.008 +- 0.004 m, vel=0.026 +- 0.021 m/s
[2026-07-08 23:07:37.174] [odom] [warning] IMU errors rot=0.070 +- 0.055 deg, trans=0.009 +- 0.005 m, vel=0.028 +- 0.014 m/s
[2026-07-08 23:07:37.174] [odom] [warning] IMU better ratios rot=0.84, trans=0.25, vel=0.40
[2026-07-08 23:07:38.241] [odom] [warning] IMU prediction is not good.
[2026-07-08 23:07:38.241] [odom] [warning] Possibly T_lidar_imu is not accurate or IMU bias is not well estimated.
[2026-07-08 23:07:38.241] [odom] [warning] IMU validation results:
[2026-07-08 23:07:38.241] [odom] [warning] num_validations=896
[2026-07-08 23:07:38.241] [odom] [warning] No-IMU errors rot=0.171 +- 0.192 deg, trans=0.008 +- 0.004 m, vel=0.026 +- 0.020 m/s
[2026-07-08 23:07:38.241] [odom] [warning] IMU errors rot=0.069 +- 0.054 deg, trans=0.009 +- 0.005 m, vel=0.029 +- 0.014 m/s
[2026-07-08 23:07:38.241] [odom] [warning] IMU better ratios rot=0.84, trans=0.23, vel=0.38
[2026-07-08 23:07:40.273] [odom] [warning] IMU prediction is not good.
[2026-07-08 23:07:40.273] [odom] [warning] Possibly T_lidar_imu is not accurate or IMU bias is not well estimated.
[2026-07-08 23:07:40.273] [odom] [warning] IMU validation results:
[2026-07-08 23:07:40.273] [odom] [warning] num_validations=960
[2026-07-08 23:07:40.273] [odom] [warning] No-IMU errors rot=0.166 +- 0.187 deg, trans=0.009 +- 0.004 m, vel=0.026 +- 0.020 m/s
[2026-07-08 23:07:40.273] [odom] [warning] IMU errors rot=0.068 +- 0.053 deg, trans=0.009 +- 0.005 m, vel=0.029 +- 0.014 m/s
[2026-07-08 23:07:40.273] [odom] [warning] IMU better ratios rot=0.84, trans=0.22, vel=0.36
[2026-07-08 23:07:40.980] [glim] [info] playback speed: 4.074x
[2026-07-08 23:07:41.716] [odom] [warning] IMU prediction is not good.
[2026-07-08 23:07:41.716] [odom] [warning] Possibly T_lidar_imu is not accurate or IMU bias is not well estimated.
[2026-07-08 23:07:41.716] [odom] [warning] IMU validation results:
[2026-07-08 23:07:41.716] [odom] [warning] num_validations=1024
[2026-07-08 23:07:41.716] [odom] [warning] No-IMU errors rot=0.165 +- 0.182 deg, trans=0.009 +- 0.004 m, vel=0.027 +- 0.019 m/s
[2026-07-08 23:07:41.716] [odom] [warning] IMU errors rot=0.069 +- 0.053 deg, trans=0.009 +- 0.005 m, vel=0.030 +- 0.014 m/s
[2026-07-08 23:07:41.716] [odom] [warning] IMU better ratios rot=0.83, trans=0.21, vel=0.36
[2026-07-08 23:07:43.067] [odom] [warning] IMU prediction is not good.
[2026-07-08 23:07:43.067] [odom] [warning] Possibly T_lidar_imu is not accurate or IMU bias is not well estimated.
[2026-07-08 23:07:43.067] [odom] [warning] IMU validation results:
[2026-07-08 23:07:43.067] [odom] [warning] num_validations=1088
[2026-07-08 23:07:43.067] [odom] [warning] No-IMU errors rot=0.168 +- 0.180 deg, trans=0.009 +- 0.004 m, vel=0.027 +- 0.019 m/s
[2026-07-08 23:07:43.067] [odom] [warning] IMU errors rot=0.070 +- 0.052 deg, trans=0.010 +- 0.005 m, vel=0.030 +- 0.015 m/s
[2026-07-08 23:07:43.067] [odom] [warning] IMU better ratios rot=0.84, trans=0.20, vel=0.35
[2026-07-08 23:07:45.174] [odom] [warning] IMU prediction is not good.
[2026-07-08 23:07:45.174] [odom] [warning] Possibly T_lidar_imu is not accurate or IMU bias is not well estimated.
[2026-07-08 23:07:45.174] [odom] [warning] IMU validation results:
[2026-07-08 23:07:45.174] [odom] [warning] num_validations=1152
[2026-07-08 23:07:45.174] [odom] [warning] No-IMU errors rot=0.172 +- 0.182 deg, trans=0.009 +- 0.004 m, vel=0.026 +- 0.019 m/s
[2026-07-08 23:07:45.174] [odom] [warning] IMU errors rot=0.069 +- 0.051 deg, trans=0.010 +- 0.005 m, vel=0.031 +- 0.014 m/s
[2026-07-08 23:07:45.174] [odom] [warning] IMU better ratios rot=0.84, trans=0.19, vel=0.34
[2026-07-08 23:07:46.006] [glim] [info] playback speed: 3.512x
[2026-07-08 23:07:47.291] [odom] [warning] IMU prediction is not good.
[2026-07-08 23:07:47.291] [odom] [warning] Possibly T_lidar_imu is not accurate or IMU bias is not well estimated.
[2026-07-08 23:07:47.291] [odom] [warning] IMU validation results:
[2026-07-08 23:07:47.291] [odom] [warning] num_validations=1216
[2026-07-08 23:07:47.291] [odom] [warning] No-IMU errors rot=0.172 +- 0.180 deg, trans=0.009 +- 0.005 m, vel=0.026 +- 0.018 m/s
[2026-07-08 23:07:47.291] [odom] [warning] IMU errors rot=0.069 +- 0.051 deg, trans=0.010 +- 0.005 m, vel=0.032 +- 0.015 m/s
[2026-07-08 23:07:47.291] [odom] [warning] IMU better ratios rot=0.84, trans=0.18, vel=0.32
[2026-07-08 23:07:49.410] [odom] [warning] IMU prediction is not good.
[2026-07-08 23:07:49.410] [odom] [warning] Possibly T_lidar_imu is not accurate or IMU bias is not well estimated.
[2026-07-08 23:07:49.410] [odom] [warning] IMU validation results:
[2026-07-08 23:07:49.410] [odom] [warning] num_validations=1280
[2026-07-08 23:07:49.410] [odom] [warning] No-IMU errors rot=0.175 +- 0.179 deg, trans=0.009 +- 0.005 m, vel=0.026 +- 0.018 m/s
[2026-07-08 23:07:49.410] [odom] [warning] IMU errors rot=0.069 +- 0.050 deg, trans=0.010 +- 0.005 m, vel=0.033 +- 0.016 m/s
[2026-07-08 23:07:49.410] [odom] [warning] IMU better ratios rot=0.84, trans=0.17, vel=0.31
[2026-07-08 23:07:50.649] [odom] [warning] IMU prediction is not good.
[2026-07-08 23:07:50.649] [odom] [warning] Possibly T_lidar_imu is not accurate or IMU bias is not well estimated.
[2026-07-08 23:07:50.649] [odom] [warning] IMU validation results:
[2026-07-08 23:07:50.649] [odom] [warning] num_validations=1344
[2026-07-08 23:07:50.649] [odom] [warning] No-IMU errors rot=0.173 +- 0.176 deg, trans=0.010 +- 0.005 m, vel=0.026 +- 0.018 m/s
[2026-07-08 23:07:50.649] [odom] [warning] IMU errors rot=0.069 +- 0.049 deg, trans=0.011 +- 0.006 m, vel=0.034 +- 0.017 m/s
[2026-07-08 23:07:50.649] [odom] [warning] IMU better ratios rot=0.84, trans=0.16, vel=0.29
[2026-07-08 23:07:51.028] [glim] [info] playback speed: 3.696x
[2026-07-08 23:07:52.878] [odom] [warning] IMU prediction is not good.
[2026-07-08 23:07:52.878] [odom] [warning] Possibly T_lidar_imu is not accurate or IMU bias is not well estimated.
[2026-07-08 23:07:52.878] [odom] [warning] IMU validation results:
[2026-07-08 23:07:52.878] [odom] [warning] num_validations=1408
[2026-07-08 23:07:52.878] [odom] [warning] No-IMU errors rot=0.179 +- 0.181 deg, trans=0.010 +- 0.006 m, vel=0.026 +- 0.018 m/s
[2026-07-08 23:07:52.878] [odom] [warning] IMU errors rot=0.071 +- 0.051 deg, trans=0.011 +- 0.006 m, vel=0.036 +- 0.018 m/s
[2026-07-08 23:07:52.878] [odom] [warning] IMU better ratios rot=0.84, trans=0.15, vel=0.28
[2026-07-08 23:07:54.962] [odom] [warning] IMU prediction is not good.
[2026-07-08 23:07:54.962] [odom] [warning] Possibly T_lidar_imu is not accurate or IMU bias is not well estimated.
[2026-07-08 23:07:54.962] [odom] [warning] IMU validation results:
[2026-07-08 23:07:54.962] [odom] [warning] num_validations=1472
[2026-07-08 23:07:54.962] [odom] [warning] No-IMU errors rot=0.185 +- 0.194 deg, trans=0.011 +- 0.008 m, vel=0.027 +- 0.019 m/s
[2026-07-08 23:07:54.962] [odom] [warning] IMU errors rot=0.072 +- 0.052 deg, trans=0.013 +- 0.008 m, vel=0.038 +- 0.021 m/s
[2026-07-08 23:07:54.962] [odom] [warning] IMU better ratios rot=0.84, trans=0.15, vel=0.27
[2026-07-08 23:07:56.053] [glim] [info] playback speed: 3.068x
[2026-07-08 23:07:57.228] [odom] [warning] IMU prediction is not good.
[2026-07-08 23:07:57.228] [odom] [warning] Possibly T_lidar_imu is not accurate or IMU bias is not well estimated.
[2026-07-08 23:07:57.228] [odom] [warning] IMU validation results:
[2026-07-08 23:07:57.228] [odom] [warning] num_validations=1536
[2026-07-08 23:07:57.228] [odom] [warning] No-IMU errors rot=0.193 +- 0.201 deg, trans=0.013 +- 0.009 m, vel=0.028 +- 0.019 m/s
[2026-07-08 23:07:57.228] [odom] [warning] IMU errors rot=0.074 +- 0.053 deg, trans=0.014 +- 0.011 m, vel=0.041 +- 0.024 m/s
[2026-07-08 23:07:57.228] [odom] [warning] IMU better ratios rot=0.85, trans=0.14, vel=0.26
[2026-07-08 23:08:00.225] [odom] [warning] IMU prediction is not good.
[2026-07-08 23:08:00.225] [odom] [warning] Possibly T_lidar_imu is not accurate or IMU bias is not well estimated.
[2026-07-08 23:08:00.225] [odom] [warning] IMU validation results:
[2026-07-08 23:08:00.225] [odom] [warning] num_validations=1600
[2026-07-08 23:08:00.225] [odom] [warning] No-IMU errors rot=0.190 +- 0.200 deg, trans=0.013 +- 0.010 m, vel=0.027 +- 0.019 m/s
[2026-07-08 23:08:00.225] [odom] [warning] IMU errors rot=0.072 +- 0.053 deg, trans=0.015 +- 0.012 m, vel=0.043 +- 0.027 m/s
[2026-07-08 23:08:00.225] [odom] [warning] IMU better ratios rot=0.84, trans=0.14, vel=0.25
[2026-07-08 23:08:01.075] [glim] [info] playback speed: 2.384x
[2026-07-08 23:08:02.430] [odom] [warning] IMU prediction is not good.
[2026-07-08 23:08:02.430] [odom] [warning] Possibly T_lidar_imu is not accurate or IMU bias is not well estimated.
[2026-07-08 23:08:02.430] [odom] [warning] IMU validation results:
[2026-07-08 23:08:02.430] [odom] [warning] num_validations=1664
[2026-07-08 23:08:02.430] [odom] [warning] No-IMU errors rot=0.189 +- 0.200 deg, trans=0.014 +- 0.011 m, vel=0.027 +- 0.019 m/s
[2026-07-08 23:08:02.430] [odom] [warning] IMU errors rot=0.071 +- 0.052 deg, trans=0.016 +- 0.012 m, vel=0.045 +- 0.029 m/s
[2026-07-08 23:08:02.430] [odom] [warning] IMU better ratios rot=0.84, trans=0.13, vel=0.24
[2026-07-08 23:08:05.016] [odom] [warning] IMU prediction is not good.
[2026-07-08 23:08:05.016] [odom] [warning] Possibly T_lidar_imu is not accurate or IMU bias is not well estimated.
[2026-07-08 23:08:05.016] [odom] [warning] IMU validation results:
[2026-07-08 23:08:05.016] [odom] [warning] num_validations=1728
[2026-07-08 23:08:05.016] [odom] [warning] No-IMU errors rot=0.195 +- 0.207 deg, trans=0.015 +- 0.011 m, vel=0.028 +- 0.019 m/s
[2026-07-08 23:08:05.016] [odom] [warning] IMU errors rot=0.072 +- 0.052 deg, trans=0.017 +- 0.013 m, vel=0.048 +- 0.031 m/s
[2026-07-08 23:08:05.016] [odom] [warning] IMU better ratios rot=0.84, trans=0.13, vel=0.23
[2026-07-08 23:08:06.111] [glim] [info] playback speed: 2.780x
[2026-07-08 23:08:06.914] [odom] [warning] IMU prediction is not good.
[2026-07-08 23:08:06.914] [odom] [warning] Possibly T_lidar_imu is not accurate or IMU bias is not well estimated.
[2026-07-08 23:08:06.914] [odom] [warning] IMU validation results:
[2026-07-08 23:08:06.914] [odom] [warning] num_validations=1792
[2026-07-08 23:08:06.914] [odom] [warning] No-IMU errors rot=0.198 +- 0.208 deg, trans=0.016 +- 0.013 m, vel=0.027 +- 0.019 m/s
[2026-07-08 23:08:06.914] [odom] [warning] IMU errors rot=0.072 +- 0.052 deg, trans=0.018 +- 0.014 m, vel=0.051 +- 0.035 m/s
[2026-07-08 23:08:06.914] [odom] [warning] IMU better ratios rot=0.84, trans=0.12, vel=0.23
[2026-07-08 23:08:09.569] [odom] [warning] IMU prediction is not good.
[2026-07-08 23:08:09.569] [odom] [warning] Possibly T_lidar_imu is not accurate or IMU bias is not well estimated.
[2026-07-08 23:08:09.569] [odom] [warning] IMU validation results:
[2026-07-08 23:08:09.569] [odom] [warning] num_validations=1856
[2026-07-08 23:08:09.569] [odom] [warning] No-IMU errors rot=0.196 +- 0.205 deg, trans=0.017 +- 0.013 m, vel=0.027 +- 0.019 m/s
[2026-07-08 23:08:09.569] [odom] [warning] IMU errors rot=0.071 +- 0.051 deg, trans=0.019 +- 0.015 m, vel=0.053 +- 0.036 m/s
[2026-07-08 23:08:09.569] [odom] [warning] IMU better ratios rot=0.85, trans=0.12, vel=0.22
[2026-07-08 23:08:10.973] [odom] [warning] IMU prediction is not good.
[2026-07-08 23:08:10.973] [odom] [warning] Possibly T_lidar_imu is not accurate or IMU bias is not well estimated.
[2026-07-08 23:08:10.973] [odom] [warning] IMU validation results:
[2026-07-08 23:08:10.973] [odom] [warning] num_validations=1920
[2026-07-08 23:08:10.973] [odom] [warning] No-IMU errors rot=0.193 +- 0.203 deg, trans=0.018 +- 0.014 m, vel=0.027 +- 0.018 m/s
[2026-07-08 23:08:10.973] [odom] [warning] IMU errors rot=0.070 +- 0.051 deg, trans=0.020 +- 0.016 m, vel=0.055 +- 0.037 m/s
[2026-07-08 23:08:10.973] [odom] [warning] IMU better ratios rot=0.85, trans=0.11, vel=0.21
[2026-07-08 23:08:11.125] [glim] [info] playback speed: 3.480x
[2026-07-08 23:08:13.142] [odom] [warning] IMU prediction is not good.
[2026-07-08 23:08:13.142] [odom] [warning] Possibly T_lidar_imu is not accurate or IMU bias is not well estimated.
[2026-07-08 23:08:13.142] [odom] [warning] IMU validation results:
[2026-07-08 23:08:13.142] [odom] [warning] num_validations=1984
[2026-07-08 23:08:13.142] [odom] [warning] No-IMU errors rot=0.190 +- 0.201 deg, trans=0.018 +- 0.014 m, vel=0.027 +- 0.018 m/s
[2026-07-08 23:08:13.142] [odom] [warning] IMU errors rot=0.070 +- 0.050 deg, trans=0.021 +- 0.016 m, vel=0.057 +- 0.038 m/s
[2026-07-08 23:08:13.142] [odom] [warning] IMU better ratios rot=0.85, trans=0.11, vel=0.20
[2026-07-08 23:08:15.258] [odom] [warning] IMU prediction is not good.
[2026-07-08 23:08:15.258] [odom] [warning] Possibly T_lidar_imu is not accurate or IMU bias is not well estimated.
[2026-07-08 23:08:15.258] [odom] [warning] IMU validation results:
[2026-07-08 23:08:15.258] [odom] [warning] num_validations=2048
[2026-07-08 23:08:15.258] [odom] [warning] No-IMU errors rot=0.187 +- 0.198 deg, trans=0.019 +- 0.015 m, vel=0.027 +- 0.018 m/s
[2026-07-08 23:08:15.258] [odom] [warning] IMU errors rot=0.069 +- 0.050 deg, trans=0.022 +- 0.017 m, vel=0.058 +- 0.038 m/s
[2026-07-08 23:08:15.258] [odom] [warning] IMU better ratios rot=0.84, trans=0.11, vel=0.20
[2026-07-08 23:08:16.157] [glim] [info] playback speed: 3.044x
[2026-07-08 23:08:17.864] [odom] [warning] IMU prediction is not good.
[2026-07-08 23:08:17.864] [odom] [warning] Possibly T_lidar_imu is not accurate or IMU bias is not well estimated.
[2026-07-08 23:08:17.864] [odom] [warning] IMU validation results:
[2026-07-08 23:08:17.864] [odom] [warning] num_validations=2112
[2026-07-08 23:08:17.864] [odom] [warning] No-IMU errors rot=0.188 +- 0.198 deg, trans=0.020 +- 0.015 m, vel=0.027 +- 0.018 m/s
[2026-07-08 23:08:17.864] [odom] [warning] IMU errors rot=0.069 +- 0.049 deg, trans=0.023 +- 0.017 m, vel=0.060 +- 0.039 m/s
[2026-07-08 23:08:17.864] [odom] [warning] IMU better ratios rot=0.84, trans=0.10, vel=0.19
[2026-07-08 23:08:20.694] [odom] [warning] IMU prediction is not good.
[2026-07-08 23:08:20.694] [odom] [warning] Possibly T_lidar_imu is not accurate or IMU bias is not well estimated.
[2026-07-08 23:08:20.694] [odom] [warning] IMU validation results:
[2026-07-08 23:08:20.694] [odom] [warning] num_validations=2176
[2026-07-08 23:08:20.694] [odom] [warning] No-IMU errors rot=0.191 +- 0.201 deg, trans=0.021 +- 0.016 m, vel=0.027 +- 0.019 m/s
[2026-07-08 23:08:20.694] [odom] [warning] IMU errors rot=0.072 +- 0.053 deg, trans=0.023 +- 0.018 m, vel=0.061 +- 0.039 m/s
[2026-07-08 23:08:20.694] [odom] [warning] IMU better ratios rot=0.84, trans=0.10, vel=0.19
[2026-07-08 23:08:21.188] [glim] [info] playback speed: 2.420x
[2026-07-08 23:08:22.912] [odom] [warning] IMU prediction is not good.
[2026-07-08 23:08:22.912] [odom] [warning] Possibly T_lidar_imu is not accurate or IMU bias is not well estimated.
[2026-07-08 23:08:22.912] [odom] [warning] IMU validation results:
[2026-07-08 23:08:22.912] [odom] [warning] num_validations=2240
[2026-07-08 23:08:22.912] [odom] [warning] No-IMU errors rot=0.197 +- 0.205 deg, trans=0.021 +- 0.015 m, vel=0.027 +- 0.019 m/s
[2026-07-08 23:08:22.912] [odom] [warning] IMU errors rot=0.073 +- 0.053 deg, trans=0.023 +- 0.017 m, vel=0.061 +- 0.038 m/s
[2026-07-08 23:08:22.912] [odom] [warning] IMU better ratios rot=0.84, trans=0.10, vel=0.18
[2026-07-08 23:08:25.156] [odom] [warning] IMU prediction is not good.
[2026-07-08 23:08:25.156] [odom] [warning] Possibly T_lidar_imu is not accurate or IMU bias is not well estimated.
[2026-07-08 23:08:25.156] [odom] [warning] IMU validation results:
[2026-07-08 23:08:25.156] [odom] [warning] num_validations=2304
[2026-07-08 23:08:25.156] [odom] [warning] No-IMU errors rot=0.200 +- 0.205 deg, trans=0.021 +- 0.015 m, vel=0.028 +- 0.019 m/s
[2026-07-08 23:08:25.156] [odom] [warning] IMU errors rot=0.074 +- 0.053 deg, trans=0.023 +- 0.017 m, vel=0.061 +- 0.038 m/s
[2026-07-08 23:08:25.156] [odom] [warning] IMU better ratios rot=0.84, trans=0.10, vel=0.18
[2026-07-08 23:08:26.224] [glim] [info] playback speed: 2.780x
[2026-07-08 23:08:26.869] [odom] [warning] IMU prediction is not good.
[2026-07-08 23:08:26.869] [odom] [warning] Possibly T_lidar_imu is not accurate or IMU bias is not well estimated.
[2026-07-08 23:08:26.869] [odom] [warning] IMU validation results:
[2026-07-08 23:08:26.869] [odom] [warning] num_validations=2368
[2026-07-08 23:08:26.869] [odom] [warning] No-IMU errors rot=0.202 +- 0.206 deg, trans=0.021 +- 0.015 m, vel=0.028 +- 0.019 m/s
[2026-07-08 23:08:26.869] [odom] [warning] IMU errors rot=0.074 +- 0.052 deg, trans=0.023 +- 0.017 m, vel=0.062 +- 0.038 m/s
[2026-07-08 23:08:26.869] [odom] [warning] IMU better ratios rot=0.84, trans=0.09, vel=0.18
[2026-07-08 23:08:29.173] [odom] [warning] IMU prediction is not good.
[2026-07-08 23:08:29.173] [odom] [warning] Possibly T_lidar_imu is not accurate or IMU bias is not well estimated.
[2026-07-08 23:08:29.173] [odom] [warning] IMU validation results:
[2026-07-08 23:08:29.173] [odom] [warning] num_validations=2432
[2026-07-08 23:08:29.173] [odom] [warning] No-IMU errors rot=0.205 +- 0.210 deg, trans=0.021 +- 0.015 m, vel=0.028 +- 0.019 m/s
[2026-07-08 23:08:29.173] [odom] [warning] IMU errors rot=0.074 +- 0.053 deg, trans=0.024 +- 0.017 m, vel=0.063 +- 0.038 m/s
[2026-07-08 23:08:29.173] [odom] [warning] IMU better ratios rot=0.85, trans=0.09, vel=0.17
[2026-07-08 23:08:30.841] [odom] [warning] IMU prediction is not good.
[2026-07-08 23:08:30.841] [odom] [warning] Possibly T_lidar_imu is not accurate or IMU bias is not well estimated.
[2026-07-08 23:08:30.841] [odom] [warning] IMU validation results:
[2026-07-08 23:08:30.841] [odom] [warning] num_validations=2496
[2026-07-08 23:08:30.841] [odom] [warning] No-IMU errors rot=0.202 +- 0.208 deg, trans=0.021 +- 0.015 m, vel=0.028 +- 0.019 m/s
[2026-07-08 23:08:30.841] [odom] [warning] IMU errors rot=0.073 +- 0.053 deg, trans=0.024 +- 0.017 m, vel=0.063 +- 0.037 m/s
[2026-07-08 23:08:30.841] [odom] [warning] IMU better ratios rot=0.85, trans=0.09, vel=0.17
[2026-07-08 23:08:31.256] [glim] [info] playback speed: 3.628x
[2026-07-08 23:08:33.501] [odom] [warning] IMU prediction is not good.
[2026-07-08 23:08:33.501] [odom] [warning] Possibly T_lidar_imu is not accurate or IMU bias is not well estimated.
[2026-07-08 23:08:33.501] [odom] [warning] IMU validation results:
[2026-07-08 23:08:33.501] [odom] [warning] num_validations=2560
[2026-07-08 23:08:33.501] [odom] [warning] No-IMU errors rot=0.212 +- 0.229 deg, trans=0.021 +- 0.015 m, vel=0.027 +- 0.019 m/s
[2026-07-08 23:08:33.501] [odom] [warning] IMU errors rot=0.073 +- 0.053 deg, trans=0.024 +- 0.016 m, vel=0.063 +- 0.037 m/s
[2026-07-08 23:08:33.501] [odom] [warning] IMU better ratios rot=0.85, trans=0.09, vel=0.16
[2026-07-08 23:08:35.743] [odom] [warning] IMU prediction is not good.
[2026-07-08 23:08:35.743] [odom] [warning] Possibly T_lidar_imu is not accurate or IMU bias is not well estimated.
[2026-07-08 23:08:35.743] [odom] [warning] IMU validation results:
[2026-07-08 23:08:35.743] [odom] [warning] num_validations=2624
[2026-07-08 23:08:35.743] [odom] [warning] No-IMU errors rot=0.223 +- 0.244 deg, trans=0.022 +- 0.015 m, vel=0.027 +- 0.019 m/s
[2026-07-08 23:08:35.743] [odom] [warning] IMU errors rot=0.074 +- 0.053 deg, trans=0.025 +- 0.017 m, vel=0.065 +- 0.038 m/s
[2026-07-08 23:08:35.743] [odom] [warning] IMU better ratios rot=0.85, trans=0.08, vel=0.16
[2026-07-08 23:08:36.279] [glim] [info] playback speed: 2.646x
[2026-07-08 23:08:37.752] [odom] [warning] IMU prediction is not good.
[2026-07-08 23:08:37.752] [odom] [warning] Possibly T_lidar_imu is not accurate or IMU bias is not well estimated.
[2026-07-08 23:08:37.752] [odom] [warning] IMU validation results:
[2026-07-08 23:08:37.752] [odom] [warning] num_validations=2688
[2026-07-08 23:08:37.752] [odom] [warning] No-IMU errors rot=0.228 +- 0.246 deg, trans=0.022 +- 0.015 m, vel=0.027 +- 0.018 m/s
[2026-07-08 23:08:37.752] [odom] [warning] IMU errors rot=0.075 +- 0.053 deg, trans=0.025 +- 0.017 m, vel=0.066 +- 0.038 m/s
[2026-07-08 23:08:37.752] [odom] [warning] IMU better ratios rot=0.85, trans=0.08, vel=0.16
[2026-07-08 23:08:40.174] [odom] [warning] IMU prediction is not good.
[2026-07-08 23:08:40.174] [odom] [warning] Possibly T_lidar_imu is not accurate or IMU bias is not well estimated.
[2026-07-08 23:08:40.174] [odom] [warning] IMU validation results:
[2026-07-08 23:08:40.174] [odom] [warning] num_validations=2752
[2026-07-08 23:08:40.174] [odom] [warning] No-IMU errors rot=0.224 +- 0.245 deg, trans=0.022 +- 0.015 m, vel=0.027 +- 0.018 m/s
[2026-07-08 23:08:40.174] [odom] [warning] IMU errors rot=0.074 +- 0.053 deg, trans=0.025 +- 0.017 m, vel=0.066 +- 0.038 m/s
[2026-07-08 23:08:40.174] [odom] [warning] IMU better ratios rot=0.85, trans=0.08, vel=0.15
[2026-07-08 23:08:41.315] [glim] [info] playback speed: 2.800x
[2026-07-08 23:08:42.423] [odom] [warning] IMU prediction is not good.
[2026-07-08 23:08:42.423] [odom] [warning] Possibly T_lidar_imu is not accurate or IMU bias is not well estimated.
[2026-07-08 23:08:42.423] [odom] [warning] IMU validation results:
[2026-07-08 23:08:42.423] [odom] [warning] num_validations=2816
[2026-07-08 23:08:42.423] [odom] [warning] No-IMU errors rot=0.220 +- 0.243 deg, trans=0.022 +- 0.015 m, vel=0.027 +- 0.018 m/s
[2026-07-08 23:08:42.423] [odom] [warning] IMU errors rot=0.073 +- 0.053 deg, trans=0.025 +- 0.016 m, vel=0.066 +- 0.037 m/s
[2026-07-08 23:08:42.423] [odom] [warning] IMU better ratios rot=0.85, trans=0.08, vel=0.15
[2026-07-08 23:08:45.029] [odom] [warning] IMU prediction is not good.
[2026-07-08 23:08:45.029] [odom] [warning] Possibly T_lidar_imu is not accurate or IMU bias is not well estimated.
[2026-07-08 23:08:45.029] [odom] [warning] IMU validation results:
[2026-07-08 23:08:45.029] [odom] [warning] num_validations=2880
[2026-07-08 23:08:45.029] [odom] [warning] No-IMU errors rot=0.218 +- 0.241 deg, trans=0.022 +- 0.014 m, vel=0.027 +- 0.018 m/s
[2026-07-08 23:08:45.029] [odom] [warning] IMU errors rot=0.073 +- 0.053 deg, trans=0.025 +- 0.016 m, vel=0.066 +- 0.037 m/s
[2026-07-08 23:08:45.029] [odom] [warning] IMU better ratios rot=0.84, trans=0.08, vel=0.15
[2026-07-08 23:08:46.315] [glim] [info] playback speed: 3.327x
[2026-07-08 23:08:46.537] [odom] [warning] IMU prediction is not good.
[2026-07-08 23:08:46.537] [odom] [warning] Possibly T_lidar_imu is not accurate or IMU bias is not well estimated.
[2026-07-08 23:08:46.537] [odom] [warning] IMU validation results:
[2026-07-08 23:08:46.537] [odom] [warning] num_validations=2944
[2026-07-08 23:08:46.537] [odom] [warning] No-IMU errors rot=0.215 +- 0.240 deg, trans=0.022 +- 0.014 m, vel=0.027 +- 0.018 m/s
[2026-07-08 23:08:46.537] [odom] [warning] IMU errors rot=0.072 +- 0.052 deg, trans=0.025 +- 0.016 m, vel=0.066 +- 0.036 m/s
[2026-07-08 23:08:46.537] [odom] [warning] IMU better ratios rot=0.84, trans=0.08, vel=0.14
[2026-07-08 23:08:48.813] [odom] [warning] IMU prediction is not good.
[2026-07-08 23:08:48.813] [odom] [warning] Possibly T_lidar_imu is not accurate or IMU bias is not well estimated.
[2026-07-08 23:08:48.813] [odom] [warning] IMU validation results:
[2026-07-08 23:08:48.813] [odom] [warning] num_validations=3008
[2026-07-08 23:08:48.813] [odom] [warning] No-IMU errors rot=0.212 +- 0.238 deg, trans=0.022 +- 0.014 m, vel=0.027 +- 0.018 m/s
[2026-07-08 23:08:48.813] [odom] [warning] IMU errors rot=0.072 +- 0.052 deg, trans=0.025 +- 0.016 m, vel=0.066 +- 0.036 m/s
[2026-07-08 23:08:48.813] [odom] [warning] IMU better ratios rot=0.84, trans=0.07, vel=0.14
[2026-07-08 23:08:50.795] [odom] [warning] IMU prediction is not good.
[2026-07-08 23:08:50.795] [odom] [warning] Possibly T_lidar_imu is not accurate or IMU bias is not well estimated.
[2026-07-08 23:08:50.795] [odom] [warning] IMU validation results:
[2026-07-08 23:08:50.795] [odom] [warning] num_validations=3072
[2026-07-08 23:08:50.795] [odom] [warning] No-IMU errors rot=0.218 +- 0.242 deg, trans=0.022 +- 0.014 m, vel=0.027 +- 0.018 m/s
[2026-07-08 23:08:50.795] [odom] [warning] IMU errors rot=0.072 +- 0.052 deg, trans=0.025 +- 0.016 m, vel=0.067 +- 0.036 m/s
[2026-07-08 23:08:50.795] [odom] [warning] IMU better ratios rot=0.84, trans=0.07, vel=0.14
[2026-07-08 23:08:51.315] [glim] [info] playback speed: 3.178x
[2026-07-08 23:08:52.473] [odom] [warning] IMU prediction is not good.
[2026-07-08 23:08:52.473] [odom] [warning] Possibly T_lidar_imu is not accurate or IMU bias is not well estimated.
[2026-07-08 23:08:52.473] [odom] [warning] IMU validation results:
[2026-07-08 23:08:52.473] [odom] [warning] num_validations=3136
[2026-07-08 23:08:52.473] [odom] [warning] No-IMU errors rot=0.222 +- 0.241 deg, trans=0.022 +- 0.014 m, vel=0.026 +- 0.018 m/s
[2026-07-08 23:08:52.473] [odom] [warning] IMU errors rot=0.072 +- 0.052 deg, trans=0.025 +- 0.016 m, vel=0.067 +- 0.036 m/s
[2026-07-08 23:08:52.473] [odom] [warning] IMU better ratios rot=0.85, trans=0.07, vel=0.13
[2026-07-08 23:08:54.649] [odom] [warning] IMU prediction is not good.
[2026-07-08 23:08:54.649] [odom] [warning] Possibly T_lidar_imu is not accurate or IMU bias is not well estimated.
[2026-07-08 23:08:54.649] [odom] [warning] IMU validation results:
[2026-07-08 23:08:54.649] [odom] [warning] num_validations=3200
[2026-07-08 23:08:54.649] [odom] [warning] No-IMU errors rot=0.219 +- 0.240 deg, trans=0.022 +- 0.014 m, vel=0.026 +- 0.018 m/s
[2026-07-08 23:08:54.649] [odom] [warning] IMU errors rot=0.071 +- 0.052 deg, trans=0.025 +- 0.016 m, vel=0.069 +- 0.037 m/s
[2026-07-08 23:08:54.649] [odom] [warning] IMU better ratios rot=0.85, trans=0.07, vel=0.13
[2026-07-08 23:08:56.326] [glim] [info] playback speed: 2.781x
[2026-07-08 23:08:57.004] [odom] [warning] IMU prediction is not good.
[2026-07-08 23:08:57.004] [odom] [warning] Possibly T_lidar_imu is not accurate or IMU bias is not well estimated.
[2026-07-08 23:08:57.004] [odom] [warning] IMU validation results:
[2026-07-08 23:08:57.004] [odom] [warning] num_validations=3264
[2026-07-08 23:08:57.004] [odom] [warning] No-IMU errors rot=0.216 +- 0.238 deg, trans=0.023 +- 0.014 m, vel=0.026 +- 0.018 m/s
[2026-07-08 23:08:57.004] [odom] [warning] IMU errors rot=0.070 +- 0.052 deg, trans=0.026 +- 0.016 m, vel=0.070 +- 0.038 m/s
[2026-07-08 23:08:57.004] [odom] [warning] IMU better ratios rot=0.85, trans=0.07, vel=0.13
[2026-07-08 23:08:59.175] [odom] [warning] IMU prediction is not good.
[2026-07-08 23:08:59.175] [odom] [warning] Possibly T_lidar_imu is not accurate or IMU bias is not well estimated.
[2026-07-08 23:08:59.175] [odom] [warning] IMU validation results:
[2026-07-08 23:08:59.175] [odom] [warning] num_validations=3328
[2026-07-08 23:08:59.175] [odom] [warning] No-IMU errors rot=0.214 +- 0.237 deg, trans=0.023 +- 0.014 m, vel=0.026 +- 0.018 m/s
[2026-07-08 23:08:59.175] [odom] [warning] IMU errors rot=0.070 +- 0.052 deg, trans=0.026 +- 0.016 m, vel=0.072 +- 0.039 m/s
[2026-07-08 23:08:59.175] [odom] [warning] IMU better ratios rot=0.85, trans=0.07, vel=0.13
[2026-07-08 23:09:00.892] [odom] [warning] IMU prediction is not good.
[2026-07-08 23:09:00.892] [odom] [warning] Possibly T_lidar_imu is not accurate or IMU bias is not well estimated.
[2026-07-08 23:09:00.892] [odom] [warning] IMU validation results:
[2026-07-08 23:09:00.892] [odom] [warning] num_validations=3392
[2026-07-08 23:09:00.892] [odom] [warning] No-IMU errors rot=0.212 +- 0.235 deg, trans=0.023 +- 0.014 m, vel=0.026 +- 0.017 m/s
[2026-07-08 23:09:00.892] [odom] [warning] IMU errors rot=0.069 +- 0.051 deg, trans=0.027 +- 0.016 m, vel=0.072 +- 0.039 m/s
[2026-07-08 23:09:00.892] [odom] [warning] IMU better ratios rot=0.85, trans=0.07, vel=0.12
[2026-07-08 23:09:01.334] [glim] [info] playback speed: 3.484x
[2026-07-08 23:09:03.831] [odom] [warning] IMU prediction is not good.
[2026-07-08 23:09:03.831] [odom] [warning] Possibly T_lidar_imu is not accurate or IMU bias is not well estimated.
[2026-07-08 23:09:03.831] [odom] [warning] IMU validation results:
[2026-07-08 23:09:03.831] [odom] [warning] num_validations=3456
[2026-07-08 23:09:03.831] [odom] [warning] No-IMU errors rot=0.211 +- 0.233 deg, trans=0.024 +- 0.015 m, vel=0.026 +- 0.017 m/s
[2026-07-08 23:09:03.831] [odom] [warning] IMU errors rot=0.069 +- 0.051 deg, trans=0.027 +- 0.017 m, vel=0.073 +- 0.039 m/s
[2026-07-08 23:09:03.831] [odom] [warning] IMU better ratios rot=0.85, trans=0.06, vel=0.12
[2026-07-08 23:09:05.214] [odom] [warning] IMU prediction is not good.
[2026-07-08 23:09:05.214] [odom] [warning] Possibly T_lidar_imu is not accurate or IMU bias is not well estimated.
[2026-07-08 23:09:05.214] [odom] [warning] IMU validation results:
[2026-07-08 23:09:05.214] [odom] [warning] num_validations=3520
[2026-07-08 23:09:05.214] [odom] [warning] No-IMU errors rot=0.209 +- 0.232 deg, trans=0.024 +- 0.015 m, vel=0.025 +- 0.017 m/s
[2026-07-08 23:09:05.214] [odom] [warning] IMU errors rot=0.068 +- 0.051 deg, trans=0.028 +- 0.017 m, vel=0.075 +- 0.040 m/s
[2026-07-08 23:09:05.214] [odom] [warning] IMU better ratios rot=0.85, trans=0.06, vel=0.12
[2026-07-08 23:09:06.359] [glim] [info] playback speed: 2.826x
[2026-07-08 23:09:07.571] [odom] [warning] IMU prediction is not good.
[2026-07-08 23:09:07.571] [odom] [warning] Possibly T_lidar_imu is not accurate or IMU bias is not well estimated.
[2026-07-08 23:09:07.571] [odom] [warning] IMU validation results:
[2026-07-08 23:09:07.571] [odom] [warning] num_validations=3584
[2026-07-08 23:09:07.571] [odom] [warning] No-IMU errors rot=0.210 +- 0.233 deg, trans=0.025 +- 0.015 m, vel=0.025 +- 0.017 m/s
[2026-07-08 23:09:07.571] [odom] [warning] IMU errors rot=0.068 +- 0.051 deg, trans=0.028 +- 0.017 m, vel=0.076 +- 0.041 m/s
[2026-07-08 23:09:07.571] [odom] [warning] IMU better ratios rot=0.85, trans=0.06, vel=0.12
[2026-07-08 23:09:09.613] [odom] [warning] IMU prediction is not good.
[2026-07-08 23:09:09.613] [odom] [warning] Possibly T_lidar_imu is not accurate or IMU bias is not well estimated.
[2026-07-08 23:09:09.613] [odom] [warning] IMU validation results:
[2026-07-08 23:09:09.613] [odom] [warning] num_validations=3648
[2026-07-08 23:09:09.613] [odom] [warning] No-IMU errors rot=0.208 +- 0.232 deg, trans=0.025 +- 0.015 m, vel=0.025 +- 0.017 m/s
[2026-07-08 23:09:09.613] [odom] [warning] IMU errors rot=0.067 +- 0.051 deg, trans=0.029 +- 0.017 m, vel=0.077 +- 0.041 m/s
[2026-07-08 23:09:09.613] [odom] [warning] IMU better ratios rot=0.85, trans=0.06, vel=0.12
[2026-07-08 23:09:11.034] [odom] [warning] IMU prediction is not good.
[2026-07-08 23:09:11.034] [odom] [warning] Possibly T_lidar_imu is not accurate or IMU bias is not well estimated.
[2026-07-08 23:09:11.034] [odom] [warning] IMU validation results:
[2026-07-08 23:09:11.034] [odom] [warning] num_validations=3712
[2026-07-08 23:09:11.034] [odom] [warning] No-IMU errors rot=0.206 +- 0.230 deg, trans=0.025 +- 0.016 m, vel=0.025 +- 0.017 m/s
[2026-07-08 23:09:11.034] [odom] [warning] IMU errors rot=0.067 +- 0.050 deg, trans=0.029 +- 0.018 m, vel=0.077 +- 0.041 m/s
[2026-07-08 23:09:11.034] [odom] [warning] IMU better ratios rot=0.85, trans=0.06, vel=0.11
[2026-07-08 23:09:11.360] [glim] [info] playback speed: 3.529x
[2026-07-08 23:09:14.469] [odom] [warning] IMU prediction is not good.
[2026-07-08 23:09:14.469] [odom] [warning] Possibly T_lidar_imu is not accurate or IMU bias is not well estimated.
[2026-07-08 23:09:14.469] [odom] [warning] IMU validation results:
[2026-07-08 23:09:14.469] [odom] [warning] num_validations=3776
[2026-07-08 23:09:14.469] [odom] [warning] No-IMU errors rot=0.204 +- 0.229 deg, trans=0.026 +- 0.016 m, vel=0.025 +- 0.017 m/s
[2026-07-08 23:09:14.469] [odom] [warning] IMU errors rot=0.066 +- 0.050 deg, trans=0.030 +- 0.018 m, vel=0.078 +- 0.041 m/s
[2026-07-08 23:09:14.469] [odom] [warning] IMU better ratios rot=0.85, trans=0.06, vel=0.11
[2026-07-08 23:09:16.360] [glim] [info] playback speed: 2.264x
[2026-07-08 23:09:16.422] [odom] [warning] IMU prediction is not good.
[2026-07-08 23:09:16.422] [odom] [warning] Possibly T_lidar_imu is not accurate or IMU bias is not well estimated.
[2026-07-08 23:09:16.422] [odom] [warning] IMU validation results:
[2026-07-08 23:09:16.422] [odom] [warning] num_validations=3840
[2026-07-08 23:09:16.422] [odom] [warning] No-IMU errors rot=0.203 +- 0.228 deg, trans=0.026 +- 0.016 m, vel=0.025 +- 0.017 m/s
[2026-07-08 23:09:16.422] [odom] [warning] IMU errors rot=0.066 +- 0.050 deg, trans=0.030 +- 0.018 m, vel=0.079 +- 0.041 m/s
[2026-07-08 23:09:16.422] [odom] [warning] IMU better ratios rot=0.85, trans=0.06, vel=0.11
[2026-07-08 23:09:18.708] [odom] [warning] IMU prediction is not good.
[2026-07-08 23:09:18.708] [odom] [warning] Possibly T_lidar_imu is not accurate or IMU bias is not well estimated.
[2026-07-08 23:09:18.708] [odom] [warning] IMU validation results:
[2026-07-08 23:09:18.708] [odom] [warning] num_validations=3904
[2026-07-08 23:09:18.708] [odom] [warning] No-IMU errors rot=0.202 +- 0.226 deg, trans=0.027 +- 0.016 m, vel=0.025 +- 0.017 m/s
[2026-07-08 23:09:18.708] [odom] [warning] IMU errors rot=0.065 +- 0.050 deg, trans=0.030 +- 0.018 m, vel=0.080 +- 0.041 m/s
[2026-07-08 23:09:18.708] [odom] [warning] IMU better ratios rot=0.86, trans=0.06, vel=0.11
[2026-07-08 23:09:20.813] [odom] [warning] IMU prediction is not good.
[2026-07-08 23:09:20.813] [odom] [warning] Possibly T_lidar_imu is not accurate or IMU bias is not well estimated.
[2026-07-08 23:09:20.813] [odom] [warning] IMU validation results:
[2026-07-08 23:09:20.813] [odom] [warning] num_validations=3968
[2026-07-08 23:09:20.813] [odom] [warning] No-IMU errors rot=0.201 +- 0.225 deg, trans=0.027 +- 0.016 m, vel=0.025 +- 0.017 m/s
[2026-07-08 23:09:20.813] [odom] [warning] IMU errors rot=0.065 +- 0.049 deg, trans=0.031 +- 0.018 m, vel=0.080 +- 0.041 m/s
[2026-07-08 23:09:20.813] [odom] [warning] IMU better ratios rot=0.86, trans=0.06, vel=0.11
[2026-07-08 23:09:21.369] [glim] [info] playback speed: 3.066x
[2026-07-08 23:09:22.500] [odom] [warning] IMU prediction is not good.
[2026-07-08 23:09:22.500] [odom] [warning] Possibly T_lidar_imu is not accurate or IMU bias is not well estimated.
[2026-07-08 23:09:22.500] [odom] [warning] IMU validation results:
[2026-07-08 23:09:22.500] [odom] [warning] num_validations=4032
[2026-07-08 23:09:22.500] [odom] [warning] No-IMU errors rot=0.201 +- 0.225 deg, trans=0.027 +- 0.016 m, vel=0.025 +- 0.017 m/s
[2026-07-08 23:09:22.500] [odom] [warning] IMU errors rot=0.065 +- 0.049 deg, trans=0.031 +- 0.018 m, vel=0.081 +- 0.041 m/s
[2026-07-08 23:09:22.500] [odom] [warning] IMU better ratios rot=0.86, trans=0.06, vel=0.10
[2026-07-08 23:09:24.482] [odom] [warning] IMU prediction is not good.
[2026-07-08 23:09:24.482] [odom] [warning] Possibly T_lidar_imu is not accurate or IMU bias is not well estimated.
[2026-07-08 23:09:24.482] [odom] [warning] IMU validation results:
[2026-07-08 23:09:24.482] [odom] [warning] num_validations=4096
[2026-07-08 23:09:24.482] [odom] [warning] No-IMU errors rot=0.200 +- 0.223 deg, trans=0.027 +- 0.016 m, vel=0.025 +- 0.017 m/s
[2026-07-08 23:09:24.482] [odom] [warning] IMU errors rot=0.064 +- 0.049 deg, trans=0.031 +- 0.018 m, vel=0.082 +- 0.041 m/s
[2026-07-08 23:09:24.482] [odom] [warning] IMU better ratios rot=0.86, trans=0.05, vel=0.10
[2026-07-08 23:09:26.398] [glim] [info] playback speed: 3.329x
[2026-07-08 23:09:26.871] [odom] [warning] IMU prediction is not good.
[2026-07-08 23:09:26.871] [odom] [warning] Possibly T_lidar_imu is not accurate or IMU bias is not well estimated.
[2026-07-08 23:09:26.871] [odom] [warning] IMU validation results:
[2026-07-08 23:09:26.871] [odom] [warning] num_validations=4160
[2026-07-08 23:09:26.871] [odom] [warning] No-IMU errors rot=0.198 +- 0.222 deg, trans=0.028 +- 0.016 m, vel=0.025 +- 0.017 m/s
[2026-07-08 23:09:26.871] [odom] [warning] IMU errors rot=0.064 +- 0.049 deg, trans=0.031 +- 0.018 m, vel=0.082 +- 0.041 m/s
[2026-07-08 23:09:26.871] [odom] [warning] IMU better ratios rot=0.86, trans=0.05, vel=0.10
[2026-07-08 23:09:29.239] [odom] [warning] IMU prediction is not good.
[2026-07-08 23:09:29.239] [odom] [warning] Possibly T_lidar_imu is not accurate or IMU bias is not well estimated.
[2026-07-08 23:09:29.239] [odom] [warning] IMU validation results:
[2026-07-08 23:09:29.239] [odom] [warning] num_validations=4224
[2026-07-08 23:09:29.239] [odom] [warning] No-IMU errors rot=0.197 +- 0.221 deg, trans=0.028 +- 0.016 m, vel=0.024 +- 0.017 m/s
[2026-07-08 23:09:29.239] [odom] [warning] IMU errors rot=0.064 +- 0.049 deg, trans=0.032 +- 0.018 m, vel=0.082 +- 0.041 m/s
[2026-07-08 23:09:29.239] [odom] [warning] IMU better ratios rot=0.86, trans=0.05, vel=0.10
[2026-07-08 23:09:31.410] [glim] [info] playback speed: 2.874x
[2026-07-08 23:09:31.422] [odom] [warning] IMU prediction is not good.
[2026-07-08 23:09:31.422] [odom] [warning] Possibly T_lidar_imu is not accurate or IMU bias is not well estimated.
[2026-07-08 23:09:31.422] [odom] [warning] IMU validation results:
[2026-07-08 23:09:31.422] [odom] [warning] num_validations=4288
[2026-07-08 23:09:31.422] [odom] [warning] No-IMU errors rot=0.196 +- 0.220 deg, trans=0.028 +- 0.016 m, vel=0.024 +- 0.016 m/s
[2026-07-08 23:09:31.422] [odom] [warning] IMU errors rot=0.063 +- 0.048 deg, trans=0.032 +- 0.018 m, vel=0.083 +- 0.041 m/s
[2026-07-08 23:09:31.422] [odom] [warning] IMU better ratios rot=0.86, trans=0.05, vel=0.10
[2026-07-08 23:09:33.632] [odom] [warning] IMU prediction is not good.
[2026-07-08 23:09:33.632] [odom] [warning] Possibly T_lidar_imu is not accurate or IMU bias is not well estimated.
[2026-07-08 23:09:33.632] [odom] [warning] IMU validation results:
[2026-07-08 23:09:33.632] [odom] [warning] num_validations=4352
[2026-07-08 23:09:33.632] [odom] [warning] No-IMU errors rot=0.195 +- 0.219 deg, trans=0.028 +- 0.016 m, vel=0.024 +- 0.016 m/s
[2026-07-08 23:09:33.632] [odom] [warning] IMU errors rot=0.063 +- 0.048 deg, trans=0.032 +- 0.018 m, vel=0.083 +- 0.040 m/s
[2026-07-08 23:09:33.632] [odom] [warning] IMU better ratios rot=0.86, trans=0.05, vel=0.10
[2026-07-08 23:09:35.969] [odom] [warning] IMU prediction is not good.
[2026-07-08 23:09:35.969] [odom] [warning] Possibly T_lidar_imu is not accurate or IMU bias is not well estimated.
[2026-07-08 23:09:35.969] [odom] [warning] IMU validation results:
[2026-07-08 23:09:35.969] [odom] [warning] num_validations=4416
[2026-07-08 23:09:35.969] [odom] [warning] No-IMU errors rot=0.194 +- 0.217 deg, trans=0.028 +- 0.016 m, vel=0.024 +- 0.016 m/s
[2026-07-08 23:09:35.969] [odom] [warning] IMU errors rot=0.063 +- 0.048 deg, trans=0.032 +- 0.018 m, vel=0.083 +- 0.040 m/s
[2026-07-08 23:09:35.969] [odom] [warning] IMU better ratios rot=0.86, trans=0.05, vel=0.10
[2026-07-08 23:09:36.435] [glim] [info] playback speed: 3.068x
[2026-07-08 23:09:38.193] [odom] [warning] IMU prediction is not good.
[2026-07-08 23:09:38.193] [odom] [warning] Possibly T_lidar_imu is not accurate or IMU bias is not well estimated.
[2026-07-08 23:09:38.193] [odom] [warning] IMU validation results:
[2026-07-08 23:09:38.193] [odom] [warning] num_validations=4480
[2026-07-08 23:09:38.193] [odom] [warning] No-IMU errors rot=0.193 +- 0.216 deg, trans=0.028 +- 0.016 m, vel=0.024 +- 0.016 m/s
[2026-07-08 23:09:38.193] [odom] [warning] IMU errors rot=0.062 +- 0.048 deg, trans=0.032 +- 0.018 m, vel=0.083 +- 0.040 m/s
[2026-07-08 23:09:38.193] [odom] [warning] IMU better ratios rot=0.86, trans=0.05, vel=0.09
[2026-07-08 23:09:39.383] [odom] [warning] IMU prediction is not good.
[2026-07-08 23:09:39.383] [odom] [warning] Possibly T_lidar_imu is not accurate or IMU bias is not well estimated.
[2026-07-08 23:09:39.383] [odom] [warning] IMU validation results:
[2026-07-08 23:09:39.383] [odom] [warning] num_validations=4544
[2026-07-08 23:09:39.383] [odom] [warning] No-IMU errors rot=0.193 +- 0.216 deg, trans=0.028 +- 0.016 m, vel=0.024 +- 0.016 m/s
[2026-07-08 23:09:39.383] [odom] [warning] IMU errors rot=0.063 +- 0.048 deg, trans=0.032 +- 0.018 m, vel=0.083 +- 0.040 m/s
[2026-07-08 23:09:39.383] [odom] [warning] IMU better ratios rot=0.86, trans=0.05, vel=0.09
[2026-07-08 23:09:41.466] [glim] [info] playback speed: 2.985x
[2026-07-08 23:09:42.043] [odom] [warning] IMU prediction is not good.
[2026-07-08 23:09:42.043] [odom] [warning] Possibly T_lidar_imu is not accurate or IMU bias is not well estimated.
[2026-07-08 23:09:42.043] [odom] [warning] IMU validation results:
[2026-07-08 23:09:42.043] [odom] [warning] num_validations=4608
[2026-07-08 23:09:42.043] [odom] [warning] No-IMU errors rot=0.193 +- 0.215 deg, trans=0.028 +- 0.015 m, vel=0.024 +- 0.016 m/s
[2026-07-08 23:09:42.043] [odom] [warning] IMU errors rot=0.062 +- 0.048 deg, trans=0.032 +- 0.017 m, vel=0.083 +- 0.039 m/s
[2026-07-08 23:09:42.043] [odom] [warning] IMU better ratios rot=0.86, trans=0.05, vel=0.09
[2026-07-08 23:09:43.441] [odom] [warning] IMU prediction is not good.
[2026-07-08 23:09:43.441] [odom] [warning] Possibly T_lidar_imu is not accurate or IMU bias is not well estimated.
[2026-07-08 23:09:43.441] [odom] [warning] IMU validation results:
[2026-07-08 23:09:43.441] [odom] [warning] num_validations=4672
[2026-07-08 23:09:43.441] [odom] [warning] No-IMU errors rot=0.192 +- 0.214 deg, trans=0.028 +- 0.015 m, vel=0.024 +- 0.016 m/s
[2026-07-08 23:09:43.441] [odom] [warning] IMU errors rot=0.062 +- 0.048 deg, trans=0.031 +- 0.017 m, vel=0.083 +- 0.039 m/s
[2026-07-08 23:09:43.441] [odom] [warning] IMU better ratios rot=0.86, trans=0.05, vel=0.09
[2026-07-08 23:09:45.790] [odom] [warning] IMU prediction is not good.
[2026-07-08 23:09:45.790] [odom] [warning] Possibly T_lidar_imu is not accurate or IMU bias is not well estimated.
[2026-07-08 23:09:45.790] [odom] [warning] IMU validation results:
[2026-07-08 23:09:45.790] [odom] [warning] num_validations=4736
[2026-07-08 23:09:45.790] [odom] [warning] No-IMU errors rot=0.190 +- 0.213 deg, trans=0.028 +- 0.015 m, vel=0.024 +- 0.016 m/s
[2026-07-08 23:09:45.790] [odom] [warning] IMU errors rot=0.062 +- 0.048 deg, trans=0.031 +- 0.017 m, vel=0.082 +- 0.039 m/s
[2026-07-08 23:09:45.790] [odom] [warning] IMU better ratios rot=0.86, trans=0.05, vel=0.09
[2026-07-08 23:09:46.496] [glim] [info] playback speed: 3.670x
[2026-07-08 23:09:47.803] [odom] [warning] IMU prediction is not good.
[2026-07-08 23:09:47.803] [odom] [warning] Possibly T_lidar_imu is not accurate or IMU bias is not well estimated.
[2026-07-08 23:09:47.803] [odom] [warning] IMU validation results:
[2026-07-08 23:09:47.803] [odom] [warning] num_validations=4800
[2026-07-08 23:09:47.803] [odom] [warning] No-IMU errors rot=0.189 +- 0.212 deg, trans=0.027 +- 0.015 m, vel=0.024 +- 0.016 m/s
[2026-07-08 23:09:47.803] [odom] [warning] IMU errors rot=0.061 +- 0.048 deg, trans=0.031 +- 0.017 m, vel=0.082 +- 0.039 m/s
[2026-07-08 23:09:47.803] [odom] [warning] IMU better ratios rot=0.86, trans=0.05, vel=0.09
[2026-07-08 23:09:49.123] [odom] [warning] IMU prediction is not good.
[2026-07-08 23:09:49.123] [odom] [warning] Possibly T_lidar_imu is not accurate or IMU bias is not well estimated.
[2026-07-08 23:09:49.123] [odom] [warning] IMU validation results:
[2026-07-08 23:09:49.124] [odom] [warning] num_validations=4864
[2026-07-08 23:09:49.124] [odom] [warning] No-IMU errors rot=0.195 +- 0.218 deg, trans=0.028 +- 0.015 m, vel=0.024 +- 0.016 m/s
[2026-07-08 23:09:49.124] [odom] [warning] IMU errors rot=0.062 +- 0.048 deg, trans=0.031 +- 0.017 m, vel=0.083 +- 0.039 m/s
[2026-07-08 23:09:49.124] [odom] [warning] IMU better ratios rot=0.87, trans=0.05, vel=0.09
[2026-07-08 23:09:51.523] [glim] [info] playback speed: 2.946x
[2026-07-08 23:09:51.998] [odom] [warning] IMU prediction is not good.
[2026-07-08 23:09:51.998] [odom] [warning] Possibly T_lidar_imu is not accurate or IMU bias is not well estimated.
[2026-07-08 23:09:51.998] [odom] [warning] IMU validation results:
[2026-07-08 23:09:51.998] [odom] [warning] num_validations=4928
[2026-07-08 23:09:51.998] [odom] [warning] No-IMU errors rot=0.203 +- 0.231 deg, trans=0.028 +- 0.016 m, vel=0.024 +- 0.017 m/s
[2026-07-08 23:09:51.998] [odom] [warning] IMU errors rot=0.063 +- 0.050 deg, trans=0.032 +- 0.018 m, vel=0.085 +- 0.041 m/s
[2026-07-08 23:09:51.998] [odom] [warning] IMU better ratios rot=0.87, trans=0.05, vel=0.09
[2026-07-08 23:09:55.448] [odom] [warning] IMU prediction is not good.
[2026-07-08 23:09:55.448] [odom] [warning] Possibly T_lidar_imu is not accurate or IMU bias is not well estimated.
[2026-07-08 23:09:55.448] [odom] [warning] IMU validation results:
[2026-07-08 23:09:55.448] [odom] [warning] num_validations=4992
[2026-07-08 23:09:55.448] [odom] [warning] No-IMU errors rot=0.202 +- 0.231 deg, trans=0.029 +- 0.017 m, vel=0.024 +- 0.017 m/s
[2026-07-08 23:09:55.448] [odom] [warning] IMU errors rot=0.064 +- 0.050 deg, trans=0.033 +- 0.019 m, vel=0.087 +- 0.047 m/s
[2026-07-08 23:09:55.448] [odom] [warning] IMU better ratios rot=0.86, trans=0.04, vel=0.08
[2026-07-08 23:09:56.530] [glim] [info] playback speed: 1.965x
[2026-07-08 23:09:57.356] [odom] [warning] IMU prediction is not good.
[2026-07-08 23:09:57.356] [odom] [warning] Possibly T_lidar_imu is not accurate or IMU bias is not well estimated.
[2026-07-08 23:09:57.356] [odom] [warning] IMU validation results:
[2026-07-08 23:09:57.356] [odom] [warning] num_validations=5056
[2026-07-08 23:09:57.356] [odom] [warning] No-IMU errors rot=0.202 +- 0.230 deg, trans=0.029 +- 0.018 m, vel=0.025 +- 0.017 m/s
[2026-07-08 23:09:57.356] [odom] [warning] IMU errors rot=0.064 +- 0.051 deg, trans=0.034 +- 0.020 m, vel=0.089 +- 0.050 m/s
[2026-07-08 23:09:57.356] [odom] [warning] IMU better ratios rot=0.86, trans=0.04, vel=0.08
[2026-07-08 23:10:00.197] [odom] [warning] IMU prediction is not good.
[2026-07-08 23:10:00.197] [odom] [warning] Possibly T_lidar_imu is not accurate or IMU bias is not well estimated.
[2026-07-08 23:10:00.197] [odom] [warning] IMU validation results:
[2026-07-08 23:10:00.197] [odom] [warning] num_validations=5120
[2026-07-08 23:10:00.197] [odom] [warning] No-IMU errors rot=0.203 +- 0.230 deg, trans=0.030 +- 0.019 m, vel=0.025 +- 0.017 m/s
[2026-07-08 23:10:00.197] [odom] [warning] IMU errors rot=0.066 +- 0.052 deg, trans=0.034 +- 0.021 m, vel=0.091 +- 0.053 m/s
[2026-07-08 23:10:00.197] [odom] [warning] IMU better ratios rot=0.86, trans=0.04, vel=0.08
[2026-07-08 23:10:01.558] [glim] [info] playback speed: 2.664x
[2026-07-08 23:10:03.825] [odom] [warning] IMU prediction is not good.
[2026-07-08 23:10:03.825] [odom] [warning] Possibly T_lidar_imu is not accurate or IMU bias is not well estimated.
[2026-07-08 23:10:03.825] [odom] [warning] IMU validation results:
[2026-07-08 23:10:03.825] [odom] [warning] num_validations=5184
[2026-07-08 23:10:03.825] [odom] [warning] No-IMU errors rot=0.202 +- 0.229 deg, trans=0.031 +- 0.020 m, vel=0.025 +- 0.017 m/s
[2026-07-08 23:10:03.825] [odom] [warning] IMU errors rot=0.066 +- 0.052 deg, trans=0.035 +- 0.022 m, vel=0.093 +- 0.055 m/s
[2026-07-08 23:10:03.825] [odom] [warning] IMU better ratios rot=0.86, trans=0.04, vel=0.08
[2026-07-08 23:10:05.549] [odom] [warning] IMU prediction is not good.
[2026-07-08 23:10:05.549] [odom] [warning] Possibly T_lidar_imu is not accurate or IMU bias is not well estimated.
[2026-07-08 23:10:05.549] [odom] [warning] IMU validation results:
[2026-07-08 23:10:05.549] [odom] [warning] num_validations=5248
[2026-07-08 23:10:05.549] [odom] [warning] No-IMU errors rot=0.202 +- 0.229 deg, trans=0.032 +- 0.020 m, vel=0.025 +- 0.017 m/s
[2026-07-08 23:10:05.549] [odom] [warning] IMU errors rot=0.066 +- 0.053 deg, trans=0.036 +- 0.023 m, vel=0.095 +- 0.057 m/s
[2026-07-08 23:10:05.549] [odom] [warning] IMU better ratios rot=0.85, trans=0.04, vel=0.08
[2026-07-08 23:10:06.571] [glim] [info] playback speed: 2.549x
[2026-07-08 23:10:08.107] [odom] [warning] IMU prediction is not good.
[2026-07-08 23:10:08.107] [odom] [warning] Possibly T_lidar_imu is not accurate or IMU bias is not well estimated.
[2026-07-08 23:10:08.107] [odom] [warning] IMU validation results:
[2026-07-08 23:10:08.107] [odom] [warning] num_validations=5312
[2026-07-08 23:10:08.107] [odom] [warning] No-IMU errors rot=0.202 +- 0.228 deg, trans=0.032 +- 0.021 m, vel=0.025 +- 0.017 m/s
[2026-07-08 23:10:08.107] [odom] [warning] IMU errors rot=0.067 +- 0.053 deg, trans=0.037 +- 0.024 m, vel=0.096 +- 0.058 m/s
[2026-07-08 23:10:08.107] [odom] [warning] IMU better ratios rot=0.85, trans=0.04, vel=0.08
[2026-07-08 23:10:10.006] [odom] [warning] IMU bias estimation seems inaccurate.
[2026-07-08 23:10:10.006] [odom] [warning] Possibly T_lidar_imu is not accurate or LiDAR-IMU synchronization is not correct.
[2026-07-08 23:10:10.006] [odom] [warning] IMU bias validation results:
[2026-07-08 23:10:10.006] [odom] [warning] num_bias_validations=5696
[2026-07-08 23:10:10.006] [odom] [warning] bias_acc=[0.503, 0.043, 0.082] m/s^2, bias_gyro=[-0.018, -0.001, 0.001] rad/s
[2026-07-08 23:10:10.006] [odom] [warning] acc_stat ax=0.002 +- 0.203 [min=-0.311, max=0.503], ay=0.127 +- 0.116 [min=0.002, max=0.329], az=0.094 +- 0.036 [min=0.011, max=0.138] m/s^2
[2026-07-08 23:10:10.006] [odom] [warning] gyro_stat wx=-0.019 +- 0.000 [min=-0.019, max=-0.016], wy=0.000 +- 0.001 [min=-0.003, max=0.003], wz=0.001 +- 0.000 [min=0.001, max=0.001] rad/s
[2026-07-08 23:10:10.626] [odom] [warning] IMU prediction is not good.
[2026-07-08 23:10:10.626] [odom] [warning] Possibly T_lidar_imu is not accurate or IMU bias is not well estimated.
[2026-07-08 23:10:10.626] [odom] [warning] IMU validation results:
[2026-07-08 23:10:10.626] [odom] [warning] num_validations=5376
[2026-07-08 23:10:10.626] [odom] [warning] No-IMU errors rot=0.201 +- 0.227 deg, trans=0.033 +- 0.021 m, vel=0.025 +- 0.017 m/s
[2026-07-08 23:10:10.626] [odom] [warning] IMU errors rot=0.067 +- 0.053 deg, trans=0.037 +- 0.024 m, vel=0.098 +- 0.059 m/s
[2026-07-08 23:10:10.626] [odom] [warning] IMU better ratios rot=0.85, trans=0.04, vel=0.08
[2026-07-08 23:10:11.603] [glim] [info] playback speed: 2.863x
[2026-07-08 23:10:12.063] [odom] [warning] IMU bias estimation seems inaccurate.
[2026-07-08 23:10:12.063] [odom] [warning] Possibly T_lidar_imu is not accurate or LiDAR-IMU synchronization is not correct.
[2026-07-08 23:10:12.063] [odom] [warning] IMU bias validation results:
[2026-07-08 23:10:12.063] [odom] [warning] num_bias_validations=5760
[2026-07-08 23:10:12.063] [odom] [warning] bias_acc=[0.523, 0.012, 0.079] m/s^2, bias_gyro=[-0.018, -0.001, 0.001] rad/s
[2026-07-08 23:10:12.063] [odom] [warning] acc_stat ax=0.008 +- 0.209 [min=-0.311, max=0.523], ay=0.125 +- 0.116 [min=0.002, max=0.329], az=0.094 +- 0.036 [min=0.011, max=0.138] m/s^2
[2026-07-08 23:10:12.063] [odom] [warning] gyro_stat wx=-0.019 +- 0.000 [min=-0.019, max=-0.016], wy=0.000 +- 0.001 [min=-0.003, max=0.003], wz=0.001 +- 0.000 [min=0.001, max=0.001] rad/s
[2026-07-08 23:10:12.967] [odom] [warning] IMU prediction is not good.
[2026-07-08 23:10:12.967] [odom] [warning] Possibly T_lidar_imu is not accurate or IMU bias is not well estimated.
[2026-07-08 23:10:12.967] [odom] [warning] IMU validation results:
[2026-07-08 23:10:12.967] [odom] [warning] num_validations=5440
[2026-07-08 23:10:12.967] [odom] [warning] No-IMU errors rot=0.201 +- 0.226 deg, trans=0.033 +- 0.022 m, vel=0.025 +- 0.017 m/s
[2026-07-08 23:10:12.967] [odom] [warning] IMU errors rot=0.067 +- 0.053 deg, trans=0.038 +- 0.025 m, vel=0.099 +- 0.060 m/s
[2026-07-08 23:10:12.967] [odom] [warning] IMU better ratios rot=0.85, trans=0.04, vel=0.08
[2026-07-08 23:10:14.474] [odom] [warning] IMU bias estimation seems inaccurate.
[2026-07-08 23:10:14.474] [odom] [warning] Possibly T_lidar_imu is not accurate or LiDAR-IMU synchronization is not correct.
[2026-07-08 23:10:14.474] [odom] [warning] IMU bias validation results:
[2026-07-08 23:10:14.474] [odom] [warning] num_bias_validations=5824
[2026-07-08 23:10:14.474] [odom] [warning] bias_acc=[0.541, -0.018, 0.075] m/s^2, bias_gyro=[-0.018, -0.001, 0.001] rad/s
[2026-07-08 23:10:14.474] [odom] [warning] acc_stat ax=0.014 +- 0.215 [min=-0.311, max=0.541], ay=0.124 +- 0.116 [min=-0.018, max=0.329], az=0.094 +- 0.036 [min=0.011, max=0.138] m/s^2
[2026-07-08 23:10:14.474] [odom] [warning] gyro_stat wx=-0.019 +- 0.000 [min=-0.019, max=-0.016], wy=0.000 +- 0.001 [min=-0.003, max=0.003], wz=0.001 +- 0.000 [min=0.001, max=0.001] rad/s
[2026-07-08 23:10:15.335] [odom] [warning] IMU prediction is not good.
[2026-07-08 23:10:15.335] [odom] [warning] Possibly T_lidar_imu is not accurate or IMU bias is not well estimated.
[2026-07-08 23:10:15.335] [odom] [warning] IMU validation results:
[2026-07-08 23:10:15.335] [odom] [warning] num_validations=5504
[2026-07-08 23:10:15.335] [odom] [warning] No-IMU errors rot=0.202 +- 0.225 deg, trans=0.033 +- 0.022 m, vel=0.025 +- 0.017 m/s
[2026-07-08 23:10:15.335] [odom] [warning] IMU errors rot=0.067 +- 0.053 deg, trans=0.038 +- 0.025 m, vel=0.100 +- 0.061 m/s
[2026-07-08 23:10:15.335] [odom] [warning] IMU better ratios rot=0.85, trans=0.04, vel=0.08
[2026-07-08 23:10:16.635] [glim] [info] playback speed: 2.641x
[2026-07-08 23:10:17.017] [odom] [warning] IMU bias estimation seems inaccurate.
[2026-07-08 23:10:17.017] [odom] [warning] Possibly T_lidar_imu is not accurate or LiDAR-IMU synchronization is not correct.
[2026-07-08 23:10:17.017] [odom] [warning] IMU bias validation results:
[2026-07-08 23:10:17.017] [odom] [warning] num_bias_validations=5888
[2026-07-08 23:10:17.017] [odom] [warning] bias_acc=[0.558, -0.047, 0.072] m/s^2, bias_gyro=[-0.018, 0.000, 0.001] rad/s
[2026-07-08 23:10:17.017] [odom] [warning] acc_stat ax=0.020 +- 0.221 [min=-0.311, max=0.558], ay=0.122 +- 0.117 [min=-0.047, max=0.329], az=0.094 +- 0.035 [min=0.011, max=0.138] m/s^2
[2026-07-08 23:10:17.017] [odom] [warning] gyro_stat wx=-0.019 +- 0.000 [min=-0.019, max=-0.016], wy=0.000 +- 0.001 [min=-0.003, max=0.003], wz=0.001 +- 0.000 [min=0.001, max=0.001] rad/s
[2026-07-08 23:10:17.882] [odom] [warning] IMU prediction is not good.
[2026-07-08 23:10:17.882] [odom] [warning] Possibly T_lidar_imu is not accurate or IMU bias is not well estimated.
[2026-07-08 23:10:17.882] [odom] [warning] IMU validation results:
[2026-07-08 23:10:17.882] [odom] [warning] num_validations=5568
[2026-07-08 23:10:17.882] [odom] [warning] No-IMU errors rot=0.201 +- 0.224 deg, trans=0.033 +- 0.022 m, vel=0.025 +- 0.017 m/s
[2026-07-08 23:10:17.882] [odom] [warning] IMU errors rot=0.067 +- 0.053 deg, trans=0.038 +- 0.025 m, vel=0.101 +- 0.061 m/s
[2026-07-08 23:10:17.882] [odom] [warning] IMU better ratios rot=0.85, trans=0.04, vel=0.08
[2026-07-08 23:10:19.599] [odom] [warning] IMU bias estimation seems inaccurate.
[2026-07-08 23:10:19.600] [odom] [warning] Possibly T_lidar_imu is not accurate or LiDAR-IMU synchronization is not correct.
[2026-07-08 23:10:19.600] [odom] [warning] IMU bias validation results:
[2026-07-08 23:10:19.600] [odom] [warning] num_bias_validations=5952
[2026-07-08 23:10:19.600] [odom] [warning] bias_acc=[0.574, -0.078, 0.071] m/s^2, bias_gyro=[-0.018, -0.001, 0.001] rad/s
[2026-07-08 23:10:19.600] [odom] [warning] acc_stat ax=0.026 +- 0.227 [min=-0.311, max=0.574], ay=0.120 +- 0.118 [min=-0.078, max=0.329], az=0.093 +- 0.035 [min=0.011, max=0.138] m/s^2
[2026-07-08 23:10:19.600] [odom] [warning] gyro_stat wx=-0.019 +- 0.000 [min=-0.019, max=-0.016], wy=0.000 +- 0.001 [min=-0.003, max=0.003], wz=0.001 +- 0.000 [min=0.001, max=0.001] rad/s
[2026-07-08 23:10:19.808] [odom] [warning] IMU prediction is not good.
[2026-07-08 23:10:19.808] [odom] [warning] Possibly T_lidar_imu is not accurate or IMU bias is not well estimated.
[2026-07-08 23:10:19.808] [odom] [warning] IMU validation results:
[2026-07-08 23:10:19.808] [odom] [warning] num_validations=5632
[2026-07-08 23:10:19.808] [odom] [warning] No-IMU errors rot=0.201 +- 0.223 deg, trans=0.034 +- 0.021 m, vel=0.025 +- 0.017 m/s
[2026-07-08 23:10:19.808] [odom] [warning] IMU errors rot=0.067 +- 0.053 deg, trans=0.038 +- 0.025 m, vel=0.102 +- 0.062 m/s
[2026-07-08 23:10:19.808] [odom] [warning] IMU better ratios rot=0.85, trans=0.04, vel=0.07
[2026-07-08 23:10:21.492] [odom] [warning] IMU bias estimation seems inaccurate.
[2026-07-08 23:10:21.492] [odom] [warning] Possibly T_lidar_imu is not accurate or LiDAR-IMU synchronization is not correct.
[2026-07-08 23:10:21.492] [odom] [warning] IMU bias validation results:
[2026-07-08 23:10:21.492] [odom] [warning] num_bias_validations=6016
[2026-07-08 23:10:21.492] [odom] [warning] bias_acc=[0.588, -0.107, 0.070] m/s^2, bias_gyro=[-0.018, -0.000, 0.001] rad/s
[2026-07-08 23:10:21.492] [odom] [warning] acc_stat ax=0.032 +- 0.233 [min=-0.311, max=0.588], ay=0.117 +- 0.120 [min=-0.107, max=0.329], az=0.093 +- 0.035 [min=0.011, max=0.138] m/s^2
[2026-07-08 23:10:21.492] [odom] [warning] gyro_stat wx=-0.019 +- 0.000 [min=-0.019, max=-0.016], wy=0.000 +- 0.001 [min=-0.003, max=0.003], wz=0.001 +- 0.000 [min=0.001, max=0.001] rad/s
[2026-07-08 23:10:21.635] [glim] [info] playback speed: 2.820x
[2026-07-08 23:10:22.012] [odom] [warning] IMU prediction is not good.
[2026-07-08 23:10:22.012] [odom] [warning] Possibly T_lidar_imu is not accurate or IMU bias is not well estimated.
[2026-07-08 23:10:22.012] [odom] [warning] IMU validation results:
[2026-07-08 23:10:22.012] [odom] [warning] num_validations=5696
[2026-07-08 23:10:22.012] [odom] [warning] No-IMU errors rot=0.200 +- 0.222 deg, trans=0.034 +- 0.021 m, vel=0.025 +- 0.017 m/s
[2026-07-08 23:10:22.012] [odom] [warning] IMU errors rot=0.067 +- 0.053 deg, trans=0.039 +- 0.025 m, vel=0.103 +- 0.062 m/s
[2026-07-08 23:10:22.012] [odom] [warning] IMU better ratios rot=0.85, trans=0.04, vel=0.07
[2026-07-08 23:10:22.917] [odom] [warning] IMU bias estimation seems inaccurate.
[2026-07-08 23:10:22.917] [odom] [warning] Possibly T_lidar_imu is not accurate or LiDAR-IMU synchronization is not correct.
[2026-07-08 23:10:22.917] [odom] [warning] IMU bias validation results:
[2026-07-08 23:10:22.917] [odom] [warning] num_bias_validations=6080
[2026-07-08 23:10:22.917] [odom] [warning] bias_acc=[0.601, -0.135, 0.066] m/s^2, bias_gyro=[-0.018, 0.000, 0.001] rad/s
[2026-07-08 23:10:22.917] [odom] [warning] acc_stat ax=0.038 +- 0.239 [min=-0.311, max=0.601], ay=0.115 +- 0.122 [min=-0.135, max=0.329], az=0.093 +- 0.035 [min=0.011, max=0.138] m/s^2
[2026-07-08 23:10:22.917] [odom] [warning] gyro_stat wx=-0.019 +- 0.000 [min=-0.019, max=-0.016], wy=0.000 +- 0.001 [min=-0.003, max=0.003], wz=0.001 +- 0.000 [min=0.001, max=0.001] rad/s
[2026-07-08 23:10:23.702] [odom] [warning] IMU prediction is not good.
[2026-07-08 23:10:23.702] [odom] [warning] Possibly T_lidar_imu is not accurate or IMU bias is not well estimated.
[2026-07-08 23:10:23.702] [odom] [warning] IMU validation results:
[2026-07-08 23:10:23.702] [odom] [warning] num_validations=5760
[2026-07-08 23:10:23.702] [odom] [warning] No-IMU errors rot=0.200 +- 0.222 deg, trans=0.034 +- 0.022 m, vel=0.025 +- 0.017 m/s
[2026-07-08 23:10:23.702] [odom] [warning] IMU errors rot=0.067 +- 0.053 deg, trans=0.039 +- 0.025 m, vel=0.104 +- 0.062 m/s
[2026-07-08 23:10:23.702] [odom] [warning] IMU better ratios rot=0.85, trans=0.04, vel=0.07
[2026-07-08 23:10:25.762] [odom] [warning] IMU bias estimation seems inaccurate.
[2026-07-08 23:10:25.762] [odom] [warning] Possibly T_lidar_imu is not accurate or LiDAR-IMU synchronization is not correct.
[2026-07-08 23:10:25.762] [odom] [warning] IMU bias validation results:
[2026-07-08 23:10:25.762] [odom] [warning] num_bias_validations=6144
[2026-07-08 23:10:25.762] [odom] [warning] bias_acc=[0.615, -0.157, 0.064] m/s^2, bias_gyro=[-0.018, 0.000, 0.001] rad/s
[2026-07-08 23:10:25.762] [odom] [warning] acc_stat ax=0.044 +- 0.245 [min=-0.311, max=0.615], ay=0.112 +- 0.124 [min=-0.157, max=0.329], az=0.093 +- 0.035 [min=0.011, max=0.138] m/s^2
[2026-07-08 23:10:25.762] [odom] [warning] gyro_stat wx=-0.019 +- 0.000 [min=-0.019, max=-0.016], wy=0.000 +- 0.001 [min=-0.003, max=0.003], wz=0.001 +- 0.000 [min=0.001, max=0.001] rad/s
[2026-07-08 23:10:26.454] [odom] [warning] IMU prediction is not good.
[2026-07-08 23:10:26.454] [odom] [warning] Possibly T_lidar_imu is not accurate or IMU bias is not well estimated.
[2026-07-08 23:10:26.454] [odom] [warning] IMU validation results:
[2026-07-08 23:10:26.454] [odom] [warning] num_validations=5824
[2026-07-08 23:10:26.454] [odom] [warning] No-IMU errors rot=0.200 +- 0.222 deg, trans=0.034 +- 0.022 m, vel=0.025 +- 0.017 m/s
[2026-07-08 23:10:26.454] [odom] [warning] IMU errors rot=0.068 +- 0.054 deg, trans=0.039 +- 0.025 m, vel=0.105 +- 0.062 m/s
[2026-07-08 23:10:26.454] [odom] [warning] IMU better ratios rot=0.85, trans=0.04, vel=0.07
[2026-07-08 23:10:26.638] [glim] [info] playback speed: 2.920x
[2026-07-08 23:10:28.621] [odom] [warning] IMU bias estimation seems inaccurate.
[2026-07-08 23:10:28.621] [odom] [warning] Possibly T_lidar_imu is not accurate or LiDAR-IMU synchronization is not correct.
[2026-07-08 23:10:28.621] [odom] [warning] IMU bias validation results:
[2026-07-08 23:10:28.621] [odom] [warning] num_bias_validations=6208
[2026-07-08 23:10:28.621] [odom] [warning] bias_acc=[0.630, -0.171, 0.061] m/s^2, bias_gyro=[-0.017, 0.000, 0.001] rad/s
[2026-07-08 23:10:28.621] [odom] [warning] acc_stat ax=0.050 +- 0.251 [min=-0.311, max=0.630], ay=0.109 +- 0.127 [min=-0.171, max=0.329], az=0.092 +- 0.035 [min=0.011, max=0.138] m/s^2
[2026-07-08 23:10:28.621] [odom] [warning] gyro_stat wx=-0.019 +- 0.000 [min=-0.019, max=-0.016], wy=0.000 +- 0.001 [min=-0.003, max=0.003], wz=0.001 +- 0.000 [min=0.001, max=0.001] rad/s
[2026-07-08 23:10:29.359] [odom] [warning] IMU prediction is not good.
[2026-07-08 23:10:29.359] [odom] [warning] Possibly T_lidar_imu is not accurate or IMU bias is not well estimated.
[2026-07-08 23:10:29.359] [odom] [warning] IMU validation results:
[2026-07-08 23:10:29.359] [odom] [warning] num_validations=5888
[2026-07-08 23:10:29.359] [odom] [warning] No-IMU errors rot=0.200 +- 0.221 deg, trans=0.034 +- 0.021 m, vel=0.025 +- 0.018 m/s
[2026-07-08 23:10:29.359] [odom] [warning] IMU errors rot=0.068 +- 0.054 deg, trans=0.039 +- 0.025 m, vel=0.105 +- 0.062 m/s
[2026-07-08 23:10:29.359] [odom] [warning] IMU better ratios rot=0.85, trans=0.04, vel=0.07
[2026-07-08 23:10:30.951] [odom] [warning] IMU bias estimation seems inaccurate.
[2026-07-08 23:10:30.951] [odom] [warning] Possibly T_lidar_imu is not accurate or LiDAR-IMU synchronization is not correct.
[2026-07-08 23:10:30.951] [odom] [warning] IMU bias validation results:
[2026-07-08 23:10:30.951] [odom] [warning] num_bias_validations=6272
[2026-07-08 23:10:30.951] [odom] [warning] bias_acc=[0.645, -0.180, 0.059] m/s^2, bias_gyro=[-0.017, 0.000, 0.001] rad/s
[2026-07-08 23:10:30.951] [odom] [warning] acc_stat ax=0.056 +- 0.256 [min=-0.311, max=0.645], ay=0.106 +- 0.130 [min=-0.180, max=0.329], az=0.092 +- 0.035 [min=0.011, max=0.138] m/s^2
[2026-07-08 23:10:30.951] [odom] [warning] gyro_stat wx=-0.019 +- 0.001 [min=-0.019, max=-0.016], wy=0.000 +- 0.001 [min=-0.003, max=0.003], wz=0.001 +- 0.000 [min=0.001, max=0.001] rad/s
[2026-07-08 23:10:31.654] [glim] [info] playback speed: 2.487x
[2026-07-08 23:10:31.787] [odom] [warning] IMU prediction is not good.
[2026-07-08 23:10:31.787] [odom] [warning] Possibly T_lidar_imu is not accurate or IMU bias is not well estimated.
[2026-07-08 23:10:31.787] [odom] [warning] IMU validation results:
[2026-07-08 23:10:31.787] [odom] [warning] num_validations=5952
[2026-07-08 23:10:31.787] [odom] [warning] No-IMU errors rot=0.200 +- 0.221 deg, trans=0.034 +- 0.021 m, vel=0.026 +- 0.018 m/s
[2026-07-08 23:10:31.787] [odom] [warning] IMU errors rot=0.067 +- 0.054 deg, trans=0.039 +- 0.024 m, vel=0.105 +- 0.062 m/s
[2026-07-08 23:10:31.787] [odom] [warning] IMU better ratios rot=0.85, trans=0.04, vel=0.07
[2026-07-08 23:10:34.161] [odom] [warning] IMU bias estimation seems inaccurate.
[2026-07-08 23:10:34.161] [odom] [warning] Possibly T_lidar_imu is not accurate or LiDAR-IMU synchronization is not correct.
[2026-07-08 23:10:34.161] [odom] [warning] IMU bias validation results:
[2026-07-08 23:10:34.161] [odom] [warning] num_bias_validations=6336
[2026-07-08 23:10:34.161] [odom] [warning] bias_acc=[0.660, -0.189, 0.057] m/s^2, bias_gyro=[-0.017, 0.000, 0.001] rad/s
[2026-07-08 23:10:34.161] [odom] [warning] acc_stat ax=0.062 +- 0.262 [min=-0.311, max=0.660], ay=0.103 +- 0.132 [min=-0.189, max=0.329], az=0.092 +- 0.035 [min=0.011, max=0.138] m/s^2
[2026-07-08 23:10:34.161] [odom] [warning] gyro_stat wx=-0.019 +- 0.001 [min=-0.019, max=-0.016], wy=0.000 +- 0.001 [min=-0.003, max=0.003], wz=0.001 +- 0.000 [min=0.001, max=0.001] rad/s
[2026-07-08 23:10:35.080] [odom] [warning] IMU prediction is not good.
[2026-07-08 23:10:35.080] [odom] [warning] Possibly T_lidar_imu is not accurate or IMU bias is not well estimated.
[2026-07-08 23:10:35.080] [odom] [warning] IMU validation results:
[2026-07-08 23:10:35.080] [odom] [warning] num_validations=6016
[2026-07-08 23:10:35.080] [odom] [warning] No-IMU errors rot=0.199 +- 0.220 deg, trans=0.034 +- 0.021 m, vel=0.026 +- 0.018 m/s
[2026-07-08 23:10:35.080] [odom] [warning] IMU errors rot=0.067 +- 0.053 deg, trans=0.039 +- 0.024 m, vel=0.106 +- 0.061 m/s
[2026-07-08 23:10:35.080] [odom] [warning] IMU better ratios rot=0.85, trans=0.04, vel=0.07
[2026-07-08 23:10:36.656] [glim] [info] playback speed: 2.129x
[2026-07-08 23:10:36.680] [odom] [warning] IMU bias estimation seems inaccurate.
[2026-07-08 23:10:36.680] [odom] [warning] Possibly T_lidar_imu is not accurate or LiDAR-IMU synchronization is not correct.
[2026-07-08 23:10:36.680] [odom] [warning] IMU bias validation results:
[2026-07-08 23:10:36.680] [odom] [warning] num_bias_validations=6400
[2026-07-08 23:10:36.680] [odom] [warning] bias_acc=[0.674, -0.202, 0.055] m/s^2, bias_gyro=[-0.018, -0.000, 0.001] rad/s
[2026-07-08 23:10:36.680] [odom] [warning] acc_stat ax=0.068 +- 0.268 [min=-0.311, max=0.674], ay=0.100 +- 0.135 [min=-0.202, max=0.329], az=0.091 +- 0.035 [min=0.011, max=0.138] m/s^2
[2026-07-08 23:10:36.680] [odom] [warning] gyro_stat wx=-0.019 +- 0.001 [min=-0.019, max=-0.016], wy=0.000 +- 0.001 [min=-0.003, max=0.003], wz=0.001 +- 0.000 [min=0.001, max=0.001] rad/s
[2026-07-08 23:10:36.888] [odom] [warning] IMU prediction is not good.
[2026-07-08 23:10:36.888] [odom] [warning] Possibly T_lidar_imu is not accurate or IMU bias is not well estimated.
[2026-07-08 23:10:36.888] [odom] [warning] IMU validation results:
[2026-07-08 23:10:36.888] [odom] [warning] num_validations=6080
[2026-07-08 23:10:36.888] [odom] [warning] No-IMU errors rot=0.199 +- 0.220 deg, trans=0.034 +- 0.021 m, vel=0.026 +- 0.018 m/s
[2026-07-08 23:10:36.888] [odom] [warning] IMU errors rot=0.067 +- 0.053 deg, trans=0.039 +- 0.024 m, vel=0.106 +- 0.061 m/s
[2026-07-08 23:10:36.888] [odom] [warning] IMU better ratios rot=0.85, trans=0.04, vel=0.07
[2026-07-08 23:10:38.789] [odom] [warning] IMU bias estimation seems inaccurate.
[2026-07-08 23:10:38.789] [odom] [warning] Possibly T_lidar_imu is not accurate or LiDAR-IMU synchronization is not correct.
[2026-07-08 23:10:38.789] [odom] [warning] IMU bias validation results:
[2026-07-08 23:10:38.789] [odom] [warning] num_bias_validations=6464
[2026-07-08 23:10:38.789] [odom] [warning] bias_acc=[0.686, -0.218, 0.053] m/s^2, bias_gyro=[-0.018, 0.000, 0.001] rad/s
[2026-07-08 23:10:38.789] [odom] [warning] acc_stat ax=0.074 +- 0.274 [min=-0.311, max=0.686], ay=0.097 +- 0.138 [min=-0.218, max=0.329], az=0.091 +- 0.035 [min=0.011, max=0.138] m/s^2
[2026-07-08 23:10:38.789] [odom] [warning] gyro_stat wx=-0.019 +- 0.001 [min=-0.019, max=-0.016], wy=0.000 +- 0.001 [min=-0.003, max=0.003], wz=0.001 +- 0.000 [min=0.001, max=0.001] rad/s
[2026-07-08 23:10:39.725] [odom] [warning] IMU prediction is not good.
[2026-07-08 23:10:39.725] [odom] [warning] Possibly T_lidar_imu is not accurate or IMU bias is not well estimated.
[2026-07-08 23:10:39.725] [odom] [warning] IMU validation results:
[2026-07-08 23:10:39.725] [odom] [warning] num_validations=6144
[2026-07-08 23:10:39.725] [odom] [warning] No-IMU errors rot=0.199 +- 0.220 deg, trans=0.034 +- 0.021 m, vel=0.026 +- 0.018 m/s
[2026-07-08 23:10:39.725] [odom] [warning] IMU errors rot=0.067 +- 0.054 deg, trans=0.039 +- 0.024 m, vel=0.106 +- 0.061 m/s
[2026-07-08 23:10:39.725] [odom] [warning] IMU better ratios rot=0.85, trans=0.04, vel=0.07
[2026-07-08 23:10:40.778] [odom] [warning] IMU bias estimation seems inaccurate.
[2026-07-08 23:10:40.778] [odom] [warning] Possibly T_lidar_imu is not accurate or LiDAR-IMU synchronization is not correct.
[2026-07-08 23:10:40.778] [odom] [warning] IMU bias validation results:
[2026-07-08 23:10:40.778] [odom] [warning] num_bias_validations=6528
[2026-07-08 23:10:40.778] [odom] [warning] bias_acc=[0.700, -0.230, 0.051] m/s^2, bias_gyro=[-0.018, 0.000, 0.001] rad/s
[2026-07-08 23:10:40.778] [odom] [warning] acc_stat ax=0.080 +- 0.279 [min=-0.311, max=0.700], ay=0.094 +- 0.141 [min=-0.230, max=0.329], az=0.091 +- 0.035 [min=0.011, max=0.138] m/s^2
[2026-07-08 23:10:40.778] [odom] [warning] gyro_stat wx=-0.018 +- 0.001 [min=-0.019, max=-0.016], wy=0.000 +- 0.001 [min=-0.003, max=0.003], wz=0.001 +- 0.000 [min=0.001, max=0.001] rad/s
[2026-07-08 23:10:41.080] [odom] [warning] IMU prediction is not good.
[2026-07-08 23:10:41.080] [odom] [warning] Possibly T_lidar_imu is not accurate or IMU bias is not well estimated.
[2026-07-08 23:10:41.080] [odom] [warning] IMU validation results:
[2026-07-08 23:10:41.080] [odom] [warning] num_validations=6208
[2026-07-08 23:10:41.080] [odom] [warning] No-IMU errors rot=0.198 +- 0.219 deg, trans=0.034 +- 0.021 m, vel=0.026 +- 0.018 m/s
[2026-07-08 23:10:41.080] [odom] [warning] IMU errors rot=0.067 +- 0.053 deg, trans=0.039 +- 0.024 m, vel=0.107 +- 0.061 m/s
[2026-07-08 23:10:41.080] [odom] [warning] IMU better ratios rot=0.85, trans=0.04, vel=0.07
[2026-07-08 23:10:41.664] [glim] [info] playback speed: 3.363x
[2026-07-08 23:10:43.372] [odom] [warning] IMU bias estimation seems inaccurate.
[2026-07-08 23:10:43.372] [odom] [warning] Possibly T_lidar_imu is not accurate or LiDAR-IMU synchronization is not correct.
[2026-07-08 23:10:43.372] [odom] [warning] IMU bias validation results:
[2026-07-08 23:10:43.372] [odom] [warning] num_bias_validations=6592
[2026-07-08 23:10:43.372] [odom] [warning] bias_acc=[0.712, -0.240, 0.049] m/s^2, bias_gyro=[-0.018, 0.001, 0.001] rad/s
[2026-07-08 23:10:43.372] [odom] [warning] acc_stat ax=0.087 +- 0.285 [min=-0.311, max=0.712], ay=0.090 +- 0.144 [min=-0.240, max=0.329], az=0.090 +- 0.035 [min=0.011, max=0.138] m/s^2
[2026-07-08 23:10:43.372] [odom] [warning] gyro_stat wx=-0.018 +- 0.001 [min=-0.019, max=-0.016], wy=0.000 +- 0.001 [min=-0.003, max=0.003], wz=0.001 +- 0.000 [min=0.001, max=0.001] rad/s
[2026-07-08 23:10:43.844] [odom] [warning] IMU prediction is not good.
[2026-07-08 23:10:43.844] [odom] [warning] Possibly T_lidar_imu is not accurate or IMU bias is not well estimated.
[2026-07-08 23:10:43.844] [odom] [warning] IMU validation results:
[2026-07-08 23:10:43.844] [odom] [warning] num_validations=6272
[2026-07-08 23:10:43.844] [odom] [warning] No-IMU errors rot=0.197 +- 0.218 deg, trans=0.034 +- 0.021 m, vel=0.026 +- 0.018 m/s
[2026-07-08 23:10:43.844] [odom] [warning] IMU errors rot=0.067 +- 0.053 deg, trans=0.039 +- 0.024 m, vel=0.107 +- 0.061 m/s
[2026-07-08 23:10:43.844] [odom] [warning] IMU better ratios rot=0.85, trans=0.04, vel=0.07
[2026-07-08 23:10:44.600] [odom] [warning] IMU bias estimation seems inaccurate.
[2026-07-08 23:10:44.600] [odom] [warning] Possibly T_lidar_imu is not accurate or LiDAR-IMU synchronization is not correct.
[2026-07-08 23:10:44.600] [odom] [warning] IMU bias validation results:
[2026-07-08 23:10:44.600] [odom] [warning] num_bias_validations=6656
[2026-07-08 23:10:44.600] [odom] [warning] bias_acc=[0.722, -0.249, 0.047] m/s^2, bias_gyro=[-0.018, 0.001, 0.001] rad/s
[2026-07-08 23:10:44.600] [odom] [warning] acc_stat ax=0.093 +- 0.290 [min=-0.311, max=0.722], ay=0.087 +- 0.147 [min=-0.249, max=0.329], az=0.090 +- 0.035 [min=0.011, max=0.138] m/s^2
[2026-07-08 23:10:44.600] [odom] [warning] gyro_stat wx=-0.018 +- 0.001 [min=-0.019, max=-0.016], wy=0.000 +- 0.001 [min=-0.003, max=0.003], wz=0.001 +- 0.000 [min=0.001, max=0.001] rad/s
[2026-07-08 23:10:45.259] [odom] [warning] IMU prediction is not good.
[2026-07-08 23:10:45.259] [odom] [warning] Possibly T_lidar_imu is not accurate or IMU bias is not well estimated.
[2026-07-08 23:10:45.259] [odom] [warning] IMU validation results:
[2026-07-08 23:10:45.259] [odom] [warning] num_validations=6336
[2026-07-08 23:10:45.259] [odom] [warning] No-IMU errors rot=0.196 +- 0.217 deg, trans=0.034 +- 0.021 m, vel=0.026 +- 0.018 m/s
[2026-07-08 23:10:45.259] [odom] [warning] IMU errors rot=0.067 +- 0.053 deg, trans=0.039 +- 0.024 m, vel=0.107 +- 0.060 m/s
[2026-07-08 23:10:45.259] [odom] [warning] IMU better ratios rot=0.85, trans=0.04, vel=0.07
[2026-07-08 23:10:46.665] [glim] [info] playback speed: 2.921x
[2026-07-08 23:10:46.773] [odom] [warning] IMU bias estimation seems inaccurate.
[2026-07-08 23:10:46.773] [odom] [warning] Possibly T_lidar_imu is not accurate or LiDAR-IMU synchronization is not correct.
[2026-07-08 23:10:46.773] [odom] [warning] IMU bias validation results:
[2026-07-08 23:10:46.773] [odom] [warning] num_bias_validations=6720
[2026-07-08 23:10:46.773] [odom] [warning] bias_acc=[0.732, -0.258, 0.045] m/s^2, bias_gyro=[-0.018, 0.001, 0.001] rad/s
[2026-07-08 23:10:46.773] [odom] [warning] acc_stat ax=0.099 +- 0.295 [min=-0.311, max=0.732], ay=0.084 +- 0.150 [min=-0.258, max=0.329], az=0.089 +- 0.035 [min=0.011, max=0.138] m/s^2
[2026-07-08 23:10:46.773] [odom] [warning] gyro_stat wx=-0.018 +- 0.001 [min=-0.019, max=-0.016], wy=0.000 +- 0.001 [min=-0.003, max=0.003], wz=0.001 +- 0.000 [min=0.001, max=0.001] rad/s
[2026-07-08 23:10:46.986] [odom] [warning] IMU prediction is not good.
[2026-07-08 23:10:46.986] [odom] [warning] Possibly T_lidar_imu is not accurate or IMU bias is not well estimated.
[2026-07-08 23:10:46.986] [odom] [warning] IMU validation results:
[2026-07-08 23:10:46.986] [odom] [warning] num_validations=6400
[2026-07-08 23:10:46.986] [odom] [warning] No-IMU errors rot=0.195 +- 0.216 deg, trans=0.034 +- 0.021 m, vel=0.025 +- 0.018 m/s
[2026-07-08 23:10:46.986] [odom] [warning] IMU errors rot=0.066 +- 0.053 deg, trans=0.039 +- 0.024 m, vel=0.107 +- 0.060 m/s
[2026-07-08 23:10:46.986] [odom] [warning] IMU better ratios rot=0.85, trans=0.03, vel=0.07
[2026-07-08 23:10:48.928] [odom] [warning] IMU bias estimation seems inaccurate.
[2026-07-08 23:10:48.928] [odom] [warning] Possibly T_lidar_imu is not accurate or LiDAR-IMU synchronization is not correct.
[2026-07-08 23:10:48.928] [odom] [warning] IMU bias validation results:
[2026-07-08 23:10:48.928] [odom] [warning] num_bias_validations=6784
[2026-07-08 23:10:48.928] [odom] [warning] bias_acc=[0.740, -0.267, 0.043] m/s^2, bias_gyro=[-0.018, 0.001, 0.001] rad/s
[2026-07-08 23:10:48.928] [odom] [warning] acc_stat ax=0.105 +- 0.300 [min=-0.311, max=0.740], ay=0.080 +- 0.153 [min=-0.267, max=0.329], az=0.089 +- 0.035 [min=0.011, max=0.138] m/s^2
[2026-07-08 23:10:48.928] [odom] [warning] gyro_stat wx=-0.018 +- 0.001 [min=-0.019, max=-0.016], wy=0.000 +- 0.001 [min=-0.003, max=0.003], wz=0.001 +- 0.000 [min=0.001, max=0.001] rad/s
[2026-07-08 23:10:49.300] [odom] [warning] IMU prediction is not good.
[2026-07-08 23:10:49.300] [odom] [warning] Possibly T_lidar_imu is not accurate or IMU bias is not well estimated.
[2026-07-08 23:10:49.300] [odom] [warning] IMU validation results:
[2026-07-08 23:10:49.300] [odom] [warning] num_validations=6464
[2026-07-08 23:10:49.300] [odom] [warning] No-IMU errors rot=0.194 +- 0.216 deg, trans=0.034 +- 0.021 m, vel=0.026 +- 0.018 m/s
[2026-07-08 23:10:49.300] [odom] [warning] IMU errors rot=0.066 +- 0.053 deg, trans=0.039 +- 0.023 m, vel=0.107 +- 0.060 m/s
[2026-07-08 23:10:49.300] [odom] [warning] IMU better ratios rot=0.85, trans=0.03, vel=0.07
[2026-07-08 23:10:50.108] [odom] [warning] IMU bias estimation seems inaccurate.
[2026-07-08 23:10:50.108] [odom] [warning] Possibly T_lidar_imu is not accurate or LiDAR-IMU synchronization is not correct.
[2026-07-08 23:10:50.108] [odom] [warning] IMU bias validation results:
[2026-07-08 23:10:50.108] [odom] [warning] num_bias_validations=6848
[2026-07-08 23:10:50.108] [odom] [warning] bias_acc=[0.747, -0.276, 0.042] m/s^2, bias_gyro=[-0.018, 0.001, 0.001] rad/s
[2026-07-08 23:10:50.108] [odom] [warning] acc_stat ax=0.111 +- 0.305 [min=-0.311, max=0.747], ay=0.077 +- 0.157 [min=-0.276, max=0.329], az=0.088 +- 0.036 [min=0.011, max=0.138] m/s^2
[2026-07-08 23:10:50.108] [odom] [warning] gyro_stat wx=-0.018 +- 0.001 [min=-0.019, max=-0.016], wy=0.000 +- 0.001 [min=-0.003, max=0.003], wz=0.001 +- 0.000 [min=0.001, max=0.001] rad/s
[2026-07-08 23:10:50.894] [odom] [warning] IMU prediction is not good.
[2026-07-08 23:10:50.894] [odom] [warning] Possibly T_lidar_imu is not accurate or IMU bias is not well estimated.
[2026-07-08 23:10:50.894] [odom] [warning] IMU validation results:
[2026-07-08 23:10:50.894] [odom] [warning] num_validations=6528
[2026-07-08 23:10:50.894] [odom] [warning] No-IMU errors rot=0.194 +- 0.215 deg, trans=0.034 +- 0.020 m, vel=0.026 +- 0.018 m/s
[2026-07-08 23:10:50.894] [odom] [warning] IMU errors rot=0.066 +- 0.053 deg, trans=0.039 +- 0.023 m, vel=0.107 +- 0.059 m/s
[2026-07-08 23:10:50.894] [odom] [warning] IMU better ratios rot=0.85, trans=0.03, vel=0.07
[2026-07-08 23:10:51.713] [glim] [info] playback speed: 3.597x
[2026-07-08 23:10:52.286] [odom] [warning] IMU bias estimation seems inaccurate.
[2026-07-08 23:10:52.286] [odom] [warning] Possibly T_lidar_imu is not accurate or LiDAR-IMU synchronization is not correct.
[2026-07-08 23:10:52.286] [odom] [warning] IMU bias validation results:
[2026-07-08 23:10:52.286] [odom] [warning] num_bias_validations=6912
[2026-07-08 23:10:52.286] [odom] [warning] bias_acc=[0.752, -0.286, 0.040] m/s^2, bias_gyro=[-0.018, 0.001, 0.001] rad/s
[2026-07-08 23:10:52.286] [odom] [warning] acc_stat ax=0.117 +- 0.310 [min=-0.311, max=0.752], ay=0.074 +- 0.160 [min=-0.286, max=0.329], az=0.088 +- 0.036 [min=0.011, max=0.138] m/s^2
[2026-07-08 23:10:52.286] [odom] [warning] gyro_stat wx=-0.018 +- 0.001 [min=-0.019, max=-0.016], wy=0.000 +- 0.001 [min=-0.003, max=0.003], wz=0.001 +- 0.000 [min=0.001, max=0.001] rad/s
[2026-07-08 23:10:52.484] [odom] [warning] IMU prediction is not good.
[2026-07-08 23:10:52.484] [odom] [warning] Possibly T_lidar_imu is not accurate or IMU bias is not well estimated.
[2026-07-08 23:10:52.484] [odom] [warning] IMU validation results:
[2026-07-08 23:10:52.484] [odom] [warning] num_validations=6592
[2026-07-08 23:10:52.484] [odom] [warning] No-IMU errors rot=0.193 +- 0.214 deg, trans=0.034 +- 0.020 m, vel=0.026 +- 0.018 m/s
[2026-07-08 23:10:52.484] [odom] [warning] IMU errors rot=0.066 +- 0.053 deg, trans=0.039 +- 0.023 m, vel=0.107 +- 0.059 m/s
[2026-07-08 23:10:52.484] [odom] [warning] IMU better ratios rot=0.85, trans=0.03, vel=0.06
[2026-07-08 23:10:54.560] [odom] [warning] IMU bias estimation seems inaccurate.
[2026-07-08 23:10:54.560] [odom] [warning] Possibly T_lidar_imu is not accurate or LiDAR-IMU synchronization is not correct.
[2026-07-08 23:10:54.560] [odom] [warning] IMU bias validation results:
[2026-07-08 23:10:54.560] [odom] [warning] num_bias_validations=6976
[2026-07-08 23:10:54.560] [odom] [warning] bias_acc=[0.756, -0.294, 0.038] m/s^2, bias_gyro=[-0.018, 0.001, 0.001] rad/s
[2026-07-08 23:10:54.560] [odom] [warning] acc_stat ax=0.123 +- 0.314 [min=-0.311, max=0.756], ay=0.070 +- 0.163 [min=-0.294, max=0.329], az=0.087 +- 0.036 [min=0.011, max=0.138] m/s^2
[2026-07-08 23:10:54.560] [odom] [warning] gyro_stat wx=-0.018 +- 0.001 [min=-0.019, max=-0.016], wy=0.000 +- 0.001 [min=-0.003, max=0.003], wz=0.001 +- 0.000 [min=0.001, max=0.001] rad/s
[2026-07-08 23:10:54.713] [odom] [warning] IMU prediction is not good.
[2026-07-08 23:10:54.713] [odom] [warning] Possibly T_lidar_imu is not accurate or IMU bias is not well estimated.
[2026-07-08 23:10:54.713] [odom] [warning] IMU validation results:
[2026-07-08 23:10:54.713] [odom] [warning] num_validations=6656
[2026-07-08 23:10:54.713] [odom] [warning] No-IMU errors rot=0.193 +- 0.214 deg, trans=0.034 +- 0.020 m, vel=0.026 +- 0.018 m/s
[2026-07-08 23:10:54.713] [odom] [warning] IMU errors rot=0.066 +- 0.053 deg, trans=0.039 +- 0.023 m, vel=0.107 +- 0.059 m/s
[2026-07-08 23:10:54.713] [odom] [warning] IMU better ratios rot=0.85, trans=0.03, vel=0.06
[2026-07-08 23:10:56.451] [odom] [warning] IMU bias estimation seems inaccurate.
[2026-07-08 23:10:56.451] [odom] [warning] Possibly T_lidar_imu is not accurate or LiDAR-IMU synchronization is not correct.
[2026-07-08 23:10:56.451] [odom] [warning] IMU bias validation results:
[2026-07-08 23:10:56.451] [odom] [warning] num_bias_validations=7040
[2026-07-08 23:10:56.451] [odom] [warning] bias_acc=[0.759, -0.300, 0.036] m/s^2, bias_gyro=[-0.019, 0.001, 0.001] rad/s
[2026-07-08 23:10:56.451] [odom] [warning] acc_stat ax=0.128 +- 0.319 [min=-0.311, max=0.759], ay=0.067 +- 0.166 [min=-0.300, max=0.329], az=0.087 +- 0.036 [min=0.011, max=0.138] m/s^2
[2026-07-08 23:10:56.451] [odom] [warning] gyro_stat wx=-0.018 +- 0.000 [min=-0.019, max=-0.016], wy=0.000 +- 0.001 [min=-0.003, max=0.003], wz=0.001 +- 0.000 [min=0.001, max=0.001] rad/s
[2026-07-08 23:10:56.755] [glim] [info] playback speed: 3.339x
[2026-07-08 23:10:57.301] [odom] [warning] IMU prediction is not good.
[2026-07-08 23:10:57.301] [odom] [warning] Possibly T_lidar_imu is not accurate or IMU bias is not well estimated.
[2026-07-08 23:10:57.301] [odom] [warning] IMU validation results:
[2026-07-08 23:10:57.301] [odom] [warning] num_validations=6720
[2026-07-08 23:10:57.301] [odom] [warning] No-IMU errors rot=0.192 +- 0.214 deg, trans=0.034 +- 0.020 m, vel=0.026 +- 0.017 m/s
[2026-07-08 23:10:57.301] [odom] [warning] IMU errors rot=0.066 +- 0.053 deg, trans=0.039 +- 0.023 m, vel=0.107 +- 0.059 m/s
[2026-07-08 23:10:57.301] [odom] [warning] IMU better ratios rot=0.85, trans=0.03, vel=0.06
[2026-07-08 23:10:59.677] [odom] [warning] IMU bias estimation seems inaccurate.
[2026-07-08 23:10:59.677] [odom] [warning] Possibly T_lidar_imu is not accurate or LiDAR-IMU synchronization is not correct.
[2026-07-08 23:10:59.677] [odom] [warning] IMU bias validation results:
[2026-07-08 23:10:59.677] [odom] [warning] num_bias_validations=7104
[2026-07-08 23:10:59.677] [odom] [warning] bias_acc=[0.761, -0.305, 0.035] m/s^2, bias_gyro=[-0.019, 0.001, 0.001] rad/s
[2026-07-08 23:10:59.677] [odom] [warning] acc_stat ax=0.134 +- 0.323 [min=-0.311, max=0.761], ay=0.064 +- 0.169 [min=-0.305, max=0.329], az=0.087 +- 0.036 [min=0.011, max=0.138] m/s^2
[2026-07-08 23:10:59.677] [odom] [warning] gyro_stat wx=-0.018 +- 0.000 [min=-0.019, max=-0.016], wy=0.000 +- 0.001 [min=-0.003, max=0.003], wz=0.001 +- 0.000 [min=0.001, max=0.001] rad/s
[2026-07-08 23:10:59.812] [odom] [warning] IMU prediction is not good.
[2026-07-08 23:10:59.812] [odom] [warning] Possibly T_lidar_imu is not accurate or IMU bias is not well estimated.
[2026-07-08 23:10:59.812] [odom] [warning] IMU validation results:
[2026-07-08 23:10:59.812] [odom] [warning] num_validations=6784
[2026-07-08 23:10:59.812] [odom] [warning] No-IMU errors rot=0.192 +- 0.213 deg, trans=0.034 +- 0.020 m, vel=0.026 +- 0.017 m/s
[2026-07-08 23:10:59.812] [odom] [warning] IMU errors rot=0.066 +- 0.052 deg, trans=0.039 +- 0.023 m, vel=0.106 +- 0.058 m/s
[2026-07-08 23:10:59.812] [odom] [warning] IMU better ratios rot=0.85, trans=0.03, vel=0.06
[2026-07-08 23:11:00.925] [odom] [warning] IMU bias estimation seems inaccurate.
[2026-07-08 23:11:00.925] [odom] [warning] Possibly T_lidar_imu is not accurate or LiDAR-IMU synchronization is not correct.
[2026-07-08 23:11:00.925] [odom] [warning] IMU bias validation results:
[2026-07-08 23:11:00.925] [odom] [warning] num_bias_validations=7168
[2026-07-08 23:11:00.925] [odom] [warning] bias_acc=[0.761, -0.312, 0.033] m/s^2, bias_gyro=[-0.018, 0.001, 0.001] rad/s
[2026-07-08 23:11:00.925] [odom] [warning] acc_stat ax=0.140 +- 0.327 [min=-0.311, max=0.761], ay=0.060 +- 0.172 [min=-0.312, max=0.329], az=0.086 +- 0.036 [min=0.011, max=0.138] m/s^2
[2026-07-08 23:11:00.925] [odom] [warning] gyro_stat wx=-0.018 +- 0.000 [min=-0.019, max=-0.016], wy=0.000 +- 0.001 [min=-0.003, max=0.003], wz=0.001 +- 0.000 [min=0.001, max=0.001] rad/s
[2026-07-08 23:11:01.771] [glim] [info] playback speed: 2.791x
[2026-07-08 23:11:01.783] [odom] [warning] IMU prediction is not good.
[2026-07-08 23:11:01.783] [odom] [warning] Possibly T_lidar_imu is not accurate or IMU bias is not well estimated.
[2026-07-08 23:11:01.783] [odom] [warning] IMU validation results:
[2026-07-08 23:11:01.783] [odom] [warning] num_validations=6848
[2026-07-08 23:11:01.783] [odom] [warning] No-IMU errors rot=0.192 +- 0.213 deg, trans=0.033 +- 0.020 m, vel=0.026 +- 0.017 m/s
[2026-07-08 23:11:01.783] [odom] [warning] IMU errors rot=0.066 +- 0.052 deg, trans=0.039 +- 0.023 m, vel=0.106 +- 0.058 m/s
[2026-07-08 23:11:01.783] [odom] [warning] IMU better ratios rot=0.85, trans=0.03, vel=0.06
[2026-07-08 23:11:03.336] [odom] [warning] IMU bias estimation seems inaccurate.
[2026-07-08 23:11:03.336] [odom] [warning] Possibly T_lidar_imu is not accurate or LiDAR-IMU synchronization is not correct.
[2026-07-08 23:11:03.336] [odom] [warning] IMU bias validation results:
[2026-07-08 23:11:03.336] [odom] [warning] num_bias_validations=7232
[2026-07-08 23:11:03.336] [odom] [warning] bias_acc=[0.759, -0.317, 0.031] m/s^2, bias_gyro=[-0.018, 0.001, 0.001] rad/s
[2026-07-08 23:11:03.336] [odom] [warning] acc_stat ax=0.145 +- 0.330 [min=-0.311, max=0.761], ay=0.057 +- 0.175 [min=-0.317, max=0.329], az=0.086 +- 0.037 [min=0.011, max=0.138] m/s^2
[2026-07-08 23:11:03.336] [odom] [warning] gyro_stat wx=-0.018 +- 0.000 [min=-0.019, max=-0.016], wy=0.000 +- 0.001 [min=-0.003, max=0.003], wz=0.001 +- 0.000 [min=0.001, max=0.001] rad/s
[2026-07-08 23:11:03.479] [odom] [warning] IMU prediction is not good.
[2026-07-08 23:11:03.479] [odom] [warning] Possibly T_lidar_imu is not accurate or IMU bias is not well estimated.
[2026-07-08 23:11:03.479] [odom] [warning] IMU validation results:
[2026-07-08 23:11:03.479] [odom] [warning] num_validations=6912
[2026-07-08 23:11:03.479] [odom] [warning] No-IMU errors rot=0.192 +- 0.212 deg, trans=0.033 +- 0.020 m, vel=0.026 +- 0.018 m/s
[2026-07-08 23:11:03.479] [odom] [warning] IMU errors rot=0.066 +- 0.052 deg, trans=0.038 +- 0.023 m, vel=0.106 +- 0.058 m/s
[2026-07-08 23:11:03.479] [odom] [warning] IMU better ratios rot=0.85, trans=0.03, vel=0.06
[2026-07-08 23:11:04.956] [odom] [warning] IMU bias estimation seems inaccurate.
[2026-07-08 23:11:04.956] [odom] [warning] Possibly T_lidar_imu is not accurate or LiDAR-IMU synchronization is not correct.
[2026-07-08 23:11:04.956] [odom] [warning] IMU bias validation results:
[2026-07-08 23:11:04.956] [odom] [warning] num_bias_validations=7296
[2026-07-08 23:11:04.956] [odom] [warning] bias_acc=[0.757, -0.321, 0.030] m/s^2, bias_gyro=[-0.018, 0.001, 0.001] rad/s
[2026-07-08 23:11:04.956] [odom] [warning] acc_stat ax=0.151 +- 0.334 [min=-0.311, max=0.761], ay=0.054 +- 0.177 [min=-0.321, max=0.329], az=0.085 +- 0.037 [min=0.011, max=0.138] m/s^2
[2026-07-08 23:11:04.956] [odom] [warning] gyro_stat wx=-0.018 +- 0.000 [min=-0.019, max=-0.016], wy=0.000 +- 0.001 [min=-0.003, max=0.003], wz=0.001 +- 0.000 [min=0.001, max=0.001] rad/s
[2026-07-08 23:11:05.424] [odom] [warning] IMU prediction is not good.
[2026-07-08 23:11:05.424] [odom] [warning] Possibly T_lidar_imu is not accurate or IMU bias is not well estimated.
[2026-07-08 23:11:05.424] [odom] [warning] IMU validation results:
[2026-07-08 23:11:05.424] [odom] [warning] num_validations=6976
[2026-07-08 23:11:05.424] [odom] [warning] No-IMU errors rot=0.191 +- 0.211 deg, trans=0.033 +- 0.020 m, vel=0.026 +- 0.018 m/s
[2026-07-08 23:11:05.424] [odom] [warning] IMU errors rot=0.065 +- 0.052 deg, trans=0.038 +- 0.023 m, vel=0.105 +- 0.058 m/s
[2026-07-08 23:11:05.424] [odom] [warning] IMU better ratios rot=0.85, trans=0.03, vel=0.06
[2026-07-08 23:11:06.787] [glim] [info] playback speed: 3.539x
[2026-07-08 23:11:06.792] [odom] [warning] IMU bias estimation seems inaccurate.
[2026-07-08 23:11:06.792] [odom] [warning] Possibly T_lidar_imu is not accurate or LiDAR-IMU synchronization is not correct.
[2026-07-08 23:11:06.792] [odom] [warning] IMU bias validation results:
[2026-07-08 23:11:06.792] [odom] [warning] num_bias_validations=7360
[2026-07-08 23:11:06.792] [odom] [warning] bias_acc=[0.754, -0.323, 0.028] m/s^2, bias_gyro=[-0.018, 0.001, 0.001] rad/s
[2026-07-08 23:11:06.792] [odom] [warning] acc_stat ax=0.156 +- 0.337 [min=-0.311, max=0.761], ay=0.050 +- 0.180 [min=-0.323, max=0.329], az=0.085 +- 0.037 [min=0.011, max=0.138] m/s^2
[2026-07-08 23:11:06.792] [odom] [warning] gyro_stat wx=-0.018 +- 0.000 [min=-0.019, max=-0.016], wy=0.000 +- 0.001 [min=-0.003, max=0.003], wz=0.001 +- 0.000 [min=0.001, max=0.001] rad/s
[2026-07-08 23:11:07.251] [odom] [warning] IMU prediction is not good.
[2026-07-08 23:11:07.251] [odom] [warning] Possibly T_lidar_imu is not accurate or IMU bias is not well estimated.
[2026-07-08 23:11:07.251] [odom] [warning] IMU validation results:
[2026-07-08 23:11:07.251] [odom] [warning] num_validations=7040
[2026-07-08 23:11:07.251] [odom] [warning] No-IMU errors rot=0.190 +- 0.210 deg, trans=0.033 +- 0.020 m, vel=0.026 +- 0.017 m/s
[2026-07-08 23:11:07.251] [odom] [warning] IMU errors rot=0.065 +- 0.052 deg, trans=0.038 +- 0.023 m, vel=0.105 +- 0.058 m/s
[2026-07-08 23:11:07.251] [odom] [warning] IMU better ratios rot=0.85, trans=0.03, vel=0.06
[2026-07-08 23:11:08.105] [odom] [warning] IMU bias estimation seems inaccurate.
[2026-07-08 23:11:08.105] [odom] [warning] Possibly T_lidar_imu is not accurate or LiDAR-IMU synchronization is not correct.
[2026-07-08 23:11:08.105] [odom] [warning] IMU bias validation results:
[2026-07-08 23:11:08.105] [odom] [warning] num_bias_validations=7424
[2026-07-08 23:11:08.105] [odom] [warning] bias_acc=[0.750, -0.325, 0.026] m/s^2, bias_gyro=[-0.018, 0.001, 0.001] rad/s
[2026-07-08 23:11:08.105] [odom] [warning] acc_stat ax=0.161 +- 0.340 [min=-0.311, max=0.761], ay=0.047 +- 0.183 [min=-0.325, max=0.329], az=0.084 +- 0.037 [min=0.011, max=0.138] m/s^2
[2026-07-08 23:11:08.105] [odom] [warning] gyro_stat wx=-0.018 +- 0.000 [min=-0.019, max=-0.016], wy=0.000 +- 0.001 [min=-0.003, max=0.003], wz=0.001 +- 0.000 [min=0.001, max=0.001] rad/s
[2026-07-08 23:11:08.601] [odom] [warning] IMU prediction is not good.
[2026-07-08 23:11:08.601] [odom] [warning] Possibly T_lidar_imu is not accurate or IMU bias is not well estimated.
[2026-07-08 23:11:08.601] [odom] [warning] IMU validation results:
[2026-07-08 23:11:08.601] [odom] [warning] num_validations=7104
[2026-07-08 23:11:08.601] [odom] [warning] No-IMU errors rot=0.190 +- 0.210 deg, trans=0.033 +- 0.020 m, vel=0.026 +- 0.017 m/s
[2026-07-08 23:11:08.601] [odom] [warning] IMU errors rot=0.065 +- 0.052 deg, trans=0.038 +- 0.023 m, vel=0.104 +- 0.058 m/s
[2026-07-08 23:11:08.601] [odom] [warning] IMU better ratios rot=0.85, trans=0.03, vel=0.06
[2026-07-08 23:11:09.792] [odom] [warning] IMU bias estimation seems inaccurate.
[2026-07-08 23:11:09.792] [odom] [warning] Possibly T_lidar_imu is not accurate or LiDAR-IMU synchronization is not correct.
[2026-07-08 23:11:09.792] [odom] [warning] IMU bias validation results:
[2026-07-08 23:11:09.792] [odom] [warning] num_bias_validations=7488
[2026-07-08 23:11:09.792] [odom] [warning] bias_acc=[0.744, -0.322, 0.025] m/s^2, bias_gyro=[-0.018, 0.001, 0.001] rad/s
[2026-07-08 23:11:09.792] [odom] [warning] acc_stat ax=0.166 +- 0.343 [min=-0.311, max=0.761], ay=0.044 +- 0.185 [min=-0.325, max=0.329], az=0.084 +- 0.038 [min=0.011, max=0.138] m/s^2
[2026-07-08 23:11:09.792] [odom] [warning] gyro_stat wx=-0.018 +- 0.000 [min=-0.019, max=-0.016], wy=0.000 +- 0.001 [min=-0.003, max=0.003], wz=0.001 +- 0.000 [min=0.001, max=0.001] rad/s
[2026-07-08 23:11:10.794] [odom] [warning] IMU prediction is not good.
[2026-07-08 23:11:10.794] [odom] [warning] Possibly T_lidar_imu is not accurate or IMU bias is not well estimated.
[2026-07-08 23:11:10.794] [odom] [warning] IMU validation results:
[2026-07-08 23:11:10.794] [odom] [warning] num_validations=7168
[2026-07-08 23:11:10.794] [odom] [warning] No-IMU errors rot=0.190 +- 0.209 deg, trans=0.032 +- 0.020 m, vel=0.026 +- 0.017 m/s
[2026-07-08 23:11:10.794] [odom] [warning] IMU errors rot=0.065 +- 0.052 deg, trans=0.037 +- 0.023 m, vel=0.104 +- 0.058 m/s
[2026-07-08 23:11:10.794] [odom] [warning] IMU better ratios rot=0.85, trans=0.03, vel=0.07
[2026-07-08 23:11:10.934] [odom] [warning] IMU bias estimation seems inaccurate.
[2026-07-08 23:11:10.934] [odom] [warning] Possibly T_lidar_imu is not accurate or LiDAR-IMU synchronization is not correct.
[2026-07-08 23:11:10.934] [odom] [warning] IMU bias validation results:
[2026-07-08 23:11:10.934] [odom] [warning] num_bias_validations=7552
[2026-07-08 23:11:10.934] [odom] [warning] bias_acc=[0.740, -0.321, 0.023] m/s^2, bias_gyro=[-0.018, 0.001, 0.001] rad/s
[2026-07-08 23:11:10.934] [odom] [warning] acc_stat ax=0.171 +- 0.346 [min=-0.311, max=0.761], ay=0.041 +- 0.187 [min=-0.325, max=0.329], az=0.083 +- 0.038 [min=0.011, max=0.138] m/s^2
[2026-07-08 23:11:10.934] [odom] [warning] gyro_stat wx=-0.018 +- 0.000 [min=-0.019, max=-0.016], wy=0.000 +- 0.001 [min=-0.003, max=0.003], wz=0.001 +- 0.000 [min=0.001, max=0.001] rad/s
[2026-07-08 23:11:11.814] [glim] [info] playback speed: 4.580x
[2026-07-08 23:11:12.279] [odom] [warning] IMU prediction is not good.
[2026-07-08 23:11:12.279] [odom] [warning] Possibly T_lidar_imu is not accurate or IMU bias is not well estimated.
[2026-07-08 23:11:12.279] [odom] [warning] IMU validation results:
[2026-07-08 23:11:12.279] [odom] [warning] num_validations=7232
[2026-07-08 23:11:12.279] [odom] [warning] No-IMU errors rot=0.190 +- 0.209 deg, trans=0.032 +- 0.020 m, vel=0.026 +- 0.017 m/s
[2026-07-08 23:11:12.279] [odom] [warning] IMU errors rot=0.065 +- 0.052 deg, trans=0.037 +- 0.023 m, vel=0.103 +- 0.058 m/s
[2026-07-08 23:11:12.279] [odom] [warning] IMU better ratios rot=0.85, trans=0.03, vel=0.07
[2026-07-08 23:11:12.696] [odom] [warning] IMU bias estimation seems inaccurate.
[2026-07-08 23:11:12.696] [odom] [warning] Possibly T_lidar_imu is not accurate or LiDAR-IMU synchronization is not correct.
[2026-07-08 23:11:12.696] [odom] [warning] IMU bias validation results:
[2026-07-08 23:11:12.696] [odom] [warning] num_bias_validations=7616
[2026-07-08 23:11:12.696] [odom] [warning] bias_acc=[0.736, -0.319, 0.022] m/s^2, bias_gyro=[-0.018, 0.001, 0.001] rad/s
[2026-07-08 23:11:12.696] [odom] [warning] acc_stat ax=0.176 +- 0.348 [min=-0.311, max=0.761], ay=0.038 +- 0.189 [min=-0.325, max=0.329], az=0.083 +- 0.038 [min=0.011, max=0.138] m/s^2
[2026-07-08 23:11:12.696] [odom] [warning] gyro_stat wx=-0.018 +- 0.000 [min=-0.019, max=-0.016], wy=0.000 +- 0.001 [min=-0.003, max=0.003], wz=0.001 +- 0.000 [min=0.001, max=0.001] rad/s
[2026-07-08 23:11:13.289] [odom] [warning] IMU prediction is not good.
[2026-07-08 23:11:13.289] [odom] [warning] Possibly T_lidar_imu is not accurate or IMU bias is not well estimated.
[2026-07-08 23:11:13.289] [odom] [warning] IMU validation results:
[2026-07-08 23:11:13.289] [odom] [warning] num_validations=7296
[2026-07-08 23:11:13.289] [odom] [warning] No-IMU errors rot=0.189 +- 0.208 deg, trans=0.032 +- 0.020 m, vel=0.026 +- 0.017 m/s
[2026-07-08 23:11:13.289] [odom] [warning] IMU errors rot=0.065 +- 0.052 deg, trans=0.037 +- 0.023 m, vel=0.102 +- 0.058 m/s
[2026-07-08 23:11:13.289] [odom] [warning] IMU better ratios rot=0.85, trans=0.03, vel=0.07
[2026-07-08 23:11:13.692] [odom] [warning] IMU bias estimation seems inaccurate.
[2026-07-08 23:11:13.692] [odom] [warning] Possibly T_lidar_imu is not accurate or LiDAR-IMU synchronization is not correct.
[2026-07-08 23:11:13.692] [odom] [warning] IMU bias validation results:
[2026-07-08 23:11:13.692] [odom] [warning] num_bias_validations=7680
[2026-07-08 23:11:13.692] [odom] [warning] bias_acc=[0.731, -0.313, 0.022] m/s^2, bias_gyro=[-0.018, 0.001, 0.001] rad/s
[2026-07-08 23:11:13.692] [odom] [warning] acc_stat ax=0.180 +- 0.350 [min=-0.311, max=0.761], ay=0.035 +- 0.191 [min=-0.325, max=0.329], az=0.082 +- 0.038 [min=0.011, max=0.138] m/s^2
[2026-07-08 23:11:13.692] [odom] [warning] gyro_stat wx=-0.018 +- 0.000 [min=-0.019, max=-0.016], wy=0.000 +- 0.001 [min=-0.003, max=0.003], wz=0.001 +- 0.000 [min=0.001, max=0.001] rad/s
[2026-07-08 23:11:14.753] [odom] [warning] IMU prediction is not good.
[2026-07-08 23:11:14.753] [odom] [warning] Possibly T_lidar_imu is not accurate or IMU bias is not well estimated.
[2026-07-08 23:11:14.753] [odom] [warning] IMU validation results:
[2026-07-08 23:11:14.753] [odom] [warning] num_validations=7360
[2026-07-08 23:11:14.753] [odom] [warning] No-IMU errors rot=0.189 +- 0.207 deg, trans=0.032 +- 0.020 m, vel=0.026 +- 0.017 m/s
[2026-07-08 23:11:14.753] [odom] [warning] IMU errors rot=0.065 +- 0.052 deg, trans=0.037 +- 0.023 m, vel=0.102 +- 0.059 m/s
[2026-07-08 23:11:14.753] [odom] [warning] IMU better ratios rot=0.85, trans=0.03, vel=0.07
[2026-07-08 23:11:14.857] [odom] [warning] IMU bias estimation seems inaccurate.
[2026-07-08 23:11:14.857] [odom] [warning] Possibly T_lidar_imu is not accurate or LiDAR-IMU synchronization is not correct.
[2026-07-08 23:11:14.857] [odom] [warning] IMU bias validation results:
[2026-07-08 23:11:14.857] [odom] [warning] num_bias_validations=7744
[2026-07-08 23:11:14.857] [odom] [warning] bias_acc=[0.726, -0.305, 0.022] m/s^2, bias_gyro=[-0.018, 0.001, 0.001] rad/s
[2026-07-08 23:11:14.857] [odom] [warning] acc_stat ax=0.185 +- 0.352 [min=-0.311, max=0.761], ay=0.032 +- 0.193 [min=-0.325, max=0.329], az=0.082 +- 0.038 [min=0.011, max=0.138] m/s^2
[2026-07-08 23:11:14.857] [odom] [warning] gyro_stat wx=-0.018 +- 0.000 [min=-0.019, max=-0.016], wy=0.000 +- 0.001 [min=-0.003, max=0.003], wz=0.001 +- 0.000 [min=0.001, max=0.001] rad/s
[2026-07-08 23:11:16.268] [odom] [warning] IMU prediction is not good.
[2026-07-08 23:11:16.268] [odom] [warning] Possibly T_lidar_imu is not accurate or IMU bias is not well estimated.
[2026-07-08 23:11:16.268] [odom] [warning] IMU validation results:
[2026-07-08 23:11:16.268] [odom] [warning] num_validations=7424
[2026-07-08 23:11:16.268] [odom] [warning] No-IMU errors rot=0.188 +- 0.207 deg, trans=0.032 +- 0.020 m, vel=0.026 +- 0.017 m/s
[2026-07-08 23:11:16.268] [odom] [warning] IMU errors rot=0.065 +- 0.051 deg, trans=0.036 +- 0.023 m, vel=0.101 +- 0.059 m/s
[2026-07-08 23:11:16.268] [odom] [warning] IMU better ratios rot=0.85, trans=0.03, vel=0.07
[2026-07-08 23:11:16.367] [odom] [warning] IMU bias estimation seems inaccurate.
[2026-07-08 23:11:16.367] [odom] [warning] Possibly T_lidar_imu is not accurate or LiDAR-IMU synchronization is not correct.
[2026-07-08 23:11:16.367] [odom] [warning] IMU bias validation results:
[2026-07-08 23:11:16.367] [odom] [warning] num_bias_validations=7808
[2026-07-08 23:11:16.367] [odom] [warning] bias_acc=[0.721, -0.296, 0.022] m/s^2, bias_gyro=[-0.018, 0.001, 0.001] rad/s
[2026-07-08 23:11:16.367] [odom] [warning] acc_stat ax=0.189 +- 0.354 [min=-0.311, max=0.761], ay=0.029 +- 0.194 [min=-0.325, max=0.329], az=0.081 +- 0.039 [min=0.011, max=0.138] m/s^2
[2026-07-08 23:11:16.367] [odom] [warning] gyro_stat wx=-0.018 +- 0.000 [min=-0.019, max=-0.016], wy=0.000 +- 0.001 [min=-0.003, max=0.003], wz=0.001 +- 0.000 [min=0.001, max=0.001] rad/s
[2026-07-08 23:11:16.831] [glim] [info] playback speed: 4.711x
[2026-07-08 23:11:17.864] [odom] [warning] IMU prediction is not good.
[2026-07-08 23:11:17.864] [odom] [warning] Possibly T_lidar_imu is not accurate or IMU bias is not well estimated.
[2026-07-08 23:11:17.864] [odom] [warning] IMU validation results:
[2026-07-08 23:11:17.864] [odom] [warning] num_validations=7488
[2026-07-08 23:11:17.864] [odom] [warning] No-IMU errors rot=0.187 +- 0.206 deg, trans=0.031 +- 0.020 m, vel=0.026 +- 0.017 m/s
[2026-07-08 23:11:17.864] [odom] [warning] IMU errors rot=0.065 +- 0.051 deg, trans=0.036 +- 0.023 m, vel=0.101 +- 0.059 m/s
[2026-07-08 23:11:17.864] [odom] [warning] IMU better ratios rot=0.85, trans=0.03, vel=0.07
[2026-07-08 23:11:17.957] [odom] [warning] IMU bias estimation seems inaccurate.
[2026-07-08 23:11:17.957] [odom] [warning] Possibly T_lidar_imu is not accurate or LiDAR-IMU synchronization is not correct.
[2026-07-08 23:11:17.957] [odom] [warning] IMU bias validation results:
[2026-07-08 23:11:17.957] [odom] [warning] num_bias_validations=7872
[2026-07-08 23:11:17.957] [odom] [warning] bias_acc=[0.716, -0.288, 0.021] m/s^2, bias_gyro=[-0.018, 0.001, 0.001] rad/s
[2026-07-08 23:11:17.957] [odom] [warning] acc_stat ax=0.193 +- 0.356 [min=-0.311, max=0.761], ay=0.027 +- 0.196 [min=-0.325, max=0.329], az=0.081 +- 0.039 [min=0.011, max=0.138] m/s^2
[2026-07-08 23:11:17.957] [odom] [warning] gyro_stat wx=-0.018 +- 0.000 [min=-0.019, max=-0.016], wy=0.000 +- 0.001 [min=-0.003, max=0.003], wz=0.001 +- 0.000 [min=0.001, max=0.001] rad/s
[2026-07-08 23:11:19.159] [odom] [warning] IMU prediction is not good.
[2026-07-08 23:11:19.160] [odom] [warning] Possibly T_lidar_imu is not accurate or IMU bias is not well estimated.
[2026-07-08 23:11:19.160] [odom] [warning] IMU validation results:
[2026-07-08 23:11:19.160] [odom] [warning] num_validations=7552
[2026-07-08 23:11:19.160] [odom] [warning] No-IMU errors rot=0.187 +- 0.205 deg, trans=0.031 +- 0.020 m, vel=0.026 +- 0.017 m/s
[2026-07-08 23:11:19.160] [odom] [warning] IMU errors rot=0.064 +- 0.051 deg, trans=0.036 +- 0.023 m, vel=0.100 +- 0.059 m/s
[2026-07-08 23:11:19.160] [odom] [warning] IMU better ratios rot=0.85, trans=0.03, vel=0.07
[2026-07-08 23:11:19.782] [odom] [warning] IMU bias estimation seems inaccurate.
[2026-07-08 23:11:19.782] [odom] [warning] Possibly T_lidar_imu is not accurate or LiDAR-IMU synchronization is not correct.
[2026-07-08 23:11:19.782] [odom] [warning] IMU bias validation results:
[2026-07-08 23:11:19.782] [odom] [warning] num_bias_validations=7936
[2026-07-08 23:11:19.782] [odom] [warning] bias_acc=[0.713, -0.283, 0.021] m/s^2, bias_gyro=[-0.018, 0.000, 0.001] rad/s
[2026-07-08 23:11:19.782] [odom] [warning] acc_stat ax=0.198 +- 0.357 [min=-0.311, max=0.761], ay=0.024 +- 0.197 [min=-0.325, max=0.329], az=0.080 +- 0.039 [min=0.011, max=0.138] m/s^2
[2026-07-08 23:11:19.782] [odom] [warning] gyro_stat wx=-0.018 +- 0.000 [min=-0.019, max=-0.016], wy=0.000 +- 0.001 [min=-0.003, max=0.003], wz=0.001 +- 0.000 [min=0.001, max=0.001] rad/s
[2026-07-08 23:11:20.411] [odom] [warning] IMU prediction is not good.
[2026-07-08 23:11:20.411] [odom] [warning] Possibly T_lidar_imu is not accurate or IMU bias is not well estimated.
[2026-07-08 23:11:20.411] [odom] [warning] IMU validation results:
[2026-07-08 23:11:20.411] [odom] [warning] num_validations=7616
[2026-07-08 23:11:20.411] [odom] [warning] No-IMU errors rot=0.186 +- 0.205 deg, trans=0.031 +- 0.020 m, vel=0.026 +- 0.017 m/s
[2026-07-08 23:11:20.411] [odom] [warning] IMU errors rot=0.064 +- 0.051 deg, trans=0.036 +- 0.023 m, vel=0.100 +- 0.059 m/s
[2026-07-08 23:11:20.411] [odom] [warning] IMU better ratios rot=0.85, trans=0.03, vel=0.07
[2026-07-08 23:11:20.732] [odom] [warning] IMU bias estimation seems inaccurate.
[2026-07-08 23:11:20.732] [odom] [warning] Possibly T_lidar_imu is not accurate or LiDAR-IMU synchronization is not correct.
[2026-07-08 23:11:20.732] [odom] [warning] IMU bias validation results:
[2026-07-08 23:11:20.732] [odom] [warning] num_bias_validations=8000
[2026-07-08 23:11:20.732] [odom] [warning] bias_acc=[0.711, -0.279, 0.021] m/s^2, bias_gyro=[-0.018, 0.001, 0.001] rad/s
[2026-07-08 23:11:20.732] [odom] [warning] acc_stat ax=0.202 +- 0.359 [min=-0.311, max=0.761], ay=0.022 +- 0.198 [min=-0.325, max=0.329], az=0.080 +- 0.039 [min=0.011, max=0.138] m/s^2
[2026-07-08 23:11:20.732] [odom] [warning] gyro_stat wx=-0.018 +- 0.000 [min=-0.019, max=-0.016], wy=0.000 +- 0.001 [min=-0.003, max=0.003], wz=0.001 +- 0.000 [min=0.001, max=0.001] rad/s
[2026-07-08 23:11:21.720] [odom] [warning] IMU prediction is not good.
[2026-07-08 23:11:21.720] [odom] [warning] Possibly T_lidar_imu is not accurate or IMU bias is not well estimated.
[2026-07-08 23:11:21.720] [odom] [warning] IMU validation results:
[2026-07-08 23:11:21.720] [odom] [warning] num_validations=7680
[2026-07-08 23:11:21.720] [odom] [warning] No-IMU errors rot=0.186 +- 0.204 deg, trans=0.031 +- 0.020 m, vel=0.026 +- 0.017 m/s
[2026-07-08 23:11:21.720] [odom] [warning] IMU errors rot=0.064 +- 0.051 deg, trans=0.036 +- 0.023 m, vel=0.099 +- 0.059 m/s
[2026-07-08 23:11:21.720] [odom] [warning] IMU better ratios rot=0.85, trans=0.03, vel=0.07
[2026-07-08 23:11:21.838] [glim] [info] playback speed: 4.802x
[2026-07-08 23:11:21.872] [odom] [warning] IMU bias estimation seems inaccurate.
[2026-07-08 23:11:21.872] [odom] [warning] Possibly T_lidar_imu is not accurate or LiDAR-IMU synchronization is not correct.
[2026-07-08 23:11:21.872] [odom] [warning] IMU bias validation results:
[2026-07-08 23:11:21.872] [odom] [warning] num_bias_validations=8064
[2026-07-08 23:11:21.872] [odom] [warning] bias_acc=[0.706, -0.271, 0.020] m/s^2, bias_gyro=[-0.018, 0.001, 0.001] rad/s
[2026-07-08 23:11:21.872] [odom] [warning] acc_stat ax=0.206 +- 0.360 [min=-0.311, max=0.761], ay=0.020 +- 0.199 [min=-0.325, max=0.329], az=0.079 +- 0.040 [min=0.011, max=0.138] m/s^2
[2026-07-08 23:11:21.872] [odom] [warning] gyro_stat wx=-0.018 +- 0.000 [min=-0.019, max=-0.016], wy=0.000 +- 0.001 [min=-0.003, max=0.003], wz=0.001 +- 0.000 [min=0.001, max=0.001] rad/s
[2026-07-08 23:11:23.263] [odom] [warning] IMU prediction is not good.
[2026-07-08 23:11:23.263] [odom] [warning] Possibly T_lidar_imu is not accurate or IMU bias is not well estimated.
[2026-07-08 23:11:23.263] [odom] [warning] IMU validation results:
[2026-07-08 23:11:23.263] [odom] [warning] num_validations=7744
[2026-07-08 23:11:23.263] [odom] [warning] No-IMU errors rot=0.186 +- 0.203 deg, trans=0.031 +- 0.020 m, vel=0.026 +- 0.017 m/s
[2026-07-08 23:11:23.263] [odom] [warning] IMU errors rot=0.064 +- 0.051 deg, trans=0.035 +- 0.023 m, vel=0.098 +- 0.059 m/s
[2026-07-08 23:11:23.263] [odom] [warning] IMU better ratios rot=0.85, trans=0.03, vel=0.07
[2026-07-08 23:11:23.617] [odom] [warning] IMU bias estimation seems inaccurate.
[2026-07-08 23:11:23.617] [odom] [warning] Possibly T_lidar_imu is not accurate or LiDAR-IMU synchronization is not correct.
[2026-07-08 23:11:23.617] [odom] [warning] IMU bias validation results:
[2026-07-08 23:11:23.617] [odom] [warning] num_bias_validations=8128
[2026-07-08 23:11:23.617] [odom] [warning] bias_acc=[0.701, -0.263, 0.020] m/s^2, bias_gyro=[-0.018, 0.001, 0.001] rad/s
[2026-07-08 23:11:23.617] [odom] [warning] acc_stat ax=0.210 +- 0.361 [min=-0.311, max=0.761], ay=0.017 +- 0.199 [min=-0.325, max=0.329], az=0.079 +- 0.040 [min=0.011, max=0.138] m/s^2
[2026-07-08 23:11:23.617] [odom] [warning] gyro_stat wx=-0.018 +- 0.000 [min=-0.019, max=-0.016], wy=0.000 +- 0.001 [min=-0.003, max=0.003], wz=0.001 +- 0.000 [min=0.001, max=0.001] rad/s
[2026-07-08 23:11:24.733] [odom] [warning] IMU prediction is not good.
[2026-07-08 23:11:24.733] [odom] [warning] Possibly T_lidar_imu is not accurate or IMU bias is not well estimated.
[2026-07-08 23:11:24.733] [odom] [warning] IMU validation results:
[2026-07-08 23:11:24.733] [odom] [warning] num_validations=7808
[2026-07-08 23:11:24.733] [odom] [warning] No-IMU errors rot=0.185 +- 0.203 deg, trans=0.031 +- 0.020 m, vel=0.026 +- 0.017 m/s
[2026-07-08 23:11:24.733] [odom] [warning] IMU errors rot=0.064 +- 0.051 deg, trans=0.035 +- 0.023 m, vel=0.098 +- 0.059 m/s
[2026-07-08 23:11:24.733] [odom] [warning] IMU better ratios rot=0.85, trans=0.03, vel=0.07
[2026-07-08 23:11:25.084] [odom] [warning] IMU bias estimation seems inaccurate.
[2026-07-08 23:11:25.084] [odom] [warning] Possibly T_lidar_imu is not accurate or LiDAR-IMU synchronization is not correct.
[2026-07-08 23:11:25.084] [odom] [warning] IMU bias validation results:
[2026-07-08 23:11:25.084] [odom] [warning] num_bias_validations=8192
[2026-07-08 23:11:25.084] [odom] [warning] bias_acc=[0.696, -0.255, 0.020] m/s^2, bias_gyro=[-0.018, 0.001, 0.001] rad/s
[2026-07-08 23:11:25.084] [odom] [warning] acc_stat ax=0.213 +- 0.363 [min=-0.311, max=0.761], ay=0.015 +- 0.200 [min=-0.325, max=0.329], az=0.078 +- 0.040 [min=0.011, max=0.138] m/s^2
[2026-07-08 23:11:25.084] [odom] [warning] gyro_stat wx=-0.018 +- 0.000 [min=-0.019, max=-0.016], wy=0.000 +- 0.001 [min=-0.003, max=0.003], wz=0.001 +- 0.000 [min=0.001, max=0.001] rad/s
[2026-07-08 23:11:25.992] [odom] [warning] IMU prediction is not good.
[2026-07-08 23:11:25.992] [odom] [warning] Possibly T_lidar_imu is not accurate or IMU bias is not well estimated.
[2026-07-08 23:11:25.992] [odom] [warning] IMU validation results:
[2026-07-08 23:11:25.992] [odom] [warning] num_validations=7872
[2026-07-08 23:11:25.992] [odom] [warning] No-IMU errors rot=0.185 +- 0.202 deg, trans=0.030 +- 0.020 m, vel=0.026 +- 0.017 m/s
[2026-07-08 23:11:25.992] [odom] [warning] IMU errors rot=0.064 +- 0.051 deg, trans=0.035 +- 0.023 m, vel=0.098 +- 0.059 m/s
[2026-07-08 23:11:25.992] [odom] [warning] IMU better ratios rot=0.85, trans=0.03, vel=0.07
[2026-07-08 23:11:26.303] [odom] [warning] IMU bias estimation seems inaccurate.
[2026-07-08 23:11:26.303] [odom] [warning] Possibly T_lidar_imu is not accurate or LiDAR-IMU synchronization is not correct.
[2026-07-08 23:11:26.303] [odom] [warning] IMU bias validation results:
[2026-07-08 23:11:26.303] [odom] [warning] num_bias_validations=8256
[2026-07-08 23:11:26.303] [odom] [warning] bias_acc=[0.692, -0.247, 0.020] m/s^2, bias_gyro=[-0.018, 0.001, 0.001] rad/s
[2026-07-08 23:11:26.303] [odom] [warning] acc_stat ax=0.217 +- 0.364 [min=-0.311, max=0.761], ay=0.013 +- 0.201 [min=-0.325, max=0.329], az=0.078 +- 0.040 [min=0.011, max=0.138] m/s^2
[2026-07-08 23:11:26.303] [odom] [warning] gyro_stat wx=-0.018 +- 0.000 [min=-0.019, max=-0.016], wy=0.000 +- 0.001 [min=-0.003, max=0.003], wz=0.001 +- 0.000 [min=0.001, max=0.001] rad/s
[2026-07-08 23:11:26.862] [glim] [info] playback speed: 4.442x
[2026-07-08 23:11:28.173] [odom] [warning] IMU prediction is not good.
[2026-07-08 23:11:28.173] [odom] [warning] Possibly T_lidar_imu is not accurate or IMU bias is not well estimated.
[2026-07-08 23:11:28.173] [odom] [warning] IMU validation results:
[2026-07-08 23:11:28.173] [odom] [warning] num_validations=7936
[2026-07-08 23:11:28.173] [odom] [warning] No-IMU errors rot=0.185 +- 0.202 deg, trans=0.030 +- 0.020 m, vel=0.025 +- 0.017 m/s
[2026-07-08 23:11:28.173] [odom] [warning] IMU errors rot=0.064 +- 0.051 deg, trans=0.035 +- 0.023 m, vel=0.097 +- 0.059 m/s
[2026-07-08 23:11:28.173] [odom] [warning] IMU better ratios rot=0.85, trans=0.03, vel=0.07
[2026-07-08 23:11:28.642] [odom] [warning] IMU bias estimation seems inaccurate.
[2026-07-08 23:11:28.642] [odom] [warning] Possibly T_lidar_imu is not accurate or LiDAR-IMU synchronization is not correct.
[2026-07-08 23:11:28.642] [odom] [warning] IMU bias validation results:
[2026-07-08 23:11:28.642] [odom] [warning] num_bias_validations=8320
[2026-07-08 23:11:28.642] [odom] [warning] bias_acc=[0.688, -0.239, 0.021] m/s^2, bias_gyro=[-0.018, 0.001, 0.001] rad/s
[2026-07-08 23:11:28.642] [odom] [warning] acc_stat ax=0.221 +- 0.365 [min=-0.311, max=0.761], ay=0.011 +- 0.201 [min=-0.325, max=0.329], az=0.077 +- 0.040 [min=0.011, max=0.138] m/s^2
[2026-07-08 23:11:28.642] [odom] [warning] gyro_stat wx=-0.018 +- 0.000 [min=-0.019, max=-0.016], wy=0.000 +- 0.001 [min=-0.003, max=0.003], wz=0.001 +- 0.000 [min=0.001, max=0.001] rad/s
[2026-07-08 23:11:29.380] [odom] [warning] IMU prediction is not good.
[2026-07-08 23:11:29.380] [odom] [warning] Possibly T_lidar_imu is not accurate or IMU bias is not well estimated.
[2026-07-08 23:11:29.380] [odom] [warning] IMU validation results:
[2026-07-08 23:11:29.380] [odom] [warning] num_validations=8000
[2026-07-08 23:11:29.380] [odom] [warning] No-IMU errors rot=0.184 +- 0.202 deg, trans=0.030 +- 0.020 m, vel=0.025 +- 0.017 m/s
[2026-07-08 23:11:29.380] [odom] [warning] IMU errors rot=0.064 +- 0.051 deg, trans=0.035 +- 0.023 m, vel=0.097 +- 0.059 m/s
[2026-07-08 23:11:29.380] [odom] [warning] IMU better ratios rot=0.85, trans=0.03, vel=0.07
[2026-07-08 23:11:29.824] [odom] [warning] IMU bias estimation seems inaccurate.
[2026-07-08 23:11:29.824] [odom] [warning] Possibly T_lidar_imu is not accurate or LiDAR-IMU synchronization is not correct.
[2026-07-08 23:11:29.824] [odom] [warning] IMU bias validation results:
[2026-07-08 23:11:29.824] [odom] [warning] num_bias_validations=8384
[2026-07-08 23:11:29.824] [odom] [warning] bias_acc=[0.681, -0.230, 0.021] m/s^2, bias_gyro=[-0.019, 0.001, 0.001] rad/s
[2026-07-08 23:11:29.824] [odom] [warning] acc_stat ax=0.224 +- 0.365 [min=-0.311, max=0.761], ay=0.009 +- 0.201 [min=-0.325, max=0.329], az=0.077 +- 0.040 [min=0.011, max=0.138] m/s^2
[2026-07-08 23:11:29.824] [odom] [warning] gyro_stat wx=-0.018 +- 0.000 [min=-0.019, max=-0.016], wy=0.000 +- 0.001 [min=-0.003, max=0.003], wz=0.001 +- 0.000 [min=0.001, max=0.001] rad/s
[2026-07-08 23:11:31.842] [odom] [warning] IMU prediction is not good.
[2026-07-08 23:11:31.842] [odom] [warning] Possibly T_lidar_imu is not accurate or IMU bias is not well estimated.
[2026-07-08 23:11:31.842] [odom] [warning] IMU validation results:
[2026-07-08 23:11:31.842] [odom] [warning] num_validations=8064
[2026-07-08 23:11:31.842] [odom] [warning] No-IMU errors rot=0.184 +- 0.201 deg, trans=0.030 +- 0.020 m, vel=0.025 +- 0.017 m/s
[2026-07-08 23:11:31.842] [odom] [warning] IMU errors rot=0.064 +- 0.051 deg, trans=0.035 +- 0.023 m, vel=0.096 +- 0.059 m/s
[2026-07-08 23:11:31.842] [odom] [warning] IMU better ratios rot=0.85, trans=0.03, vel=0.07
[2026-07-08 23:11:31.872] [glim] [info] playback speed: 3.200x
[2026-07-08 23:11:32.379] [odom] [warning] IMU bias estimation seems inaccurate.
[2026-07-08 23:11:32.379] [odom] [warning] Possibly T_lidar_imu is not accurate or LiDAR-IMU synchronization is not correct.
[2026-07-08 23:11:32.379] [odom] [warning] IMU bias validation results:
[2026-07-08 23:11:32.379] [odom] [warning] num_bias_validations=8448
[2026-07-08 23:11:32.379] [odom] [warning] bias_acc=[0.676, -0.223, 0.021] m/s^2, bias_gyro=[-0.019, 0.000, 0.001] rad/s
[2026-07-08 23:11:32.379] [odom] [warning] acc_stat ax=0.228 +- 0.366 [min=-0.311, max=0.761], ay=0.008 +- 0.202 [min=-0.325, max=0.329], az=0.076 +- 0.041 [min=0.011, max=0.138] m/s^2
[2026-07-08 23:11:32.379] [odom] [warning] gyro_stat wx=-0.018 +- 0.000 [min=-0.019, max=-0.016], wy=0.000 +- 0.001 [min=-0.003, max=0.003], wz=0.001 +- 0.000 [min=0.001, max=0.001] rad/s
[2026-07-08 23:11:33.431] [odom] [warning] IMU prediction is not good.
[2026-07-08 23:11:33.431] [odom] [warning] Possibly T_lidar_imu is not accurate or IMU bias is not well estimated.
[2026-07-08 23:11:33.431] [odom] [warning] IMU validation results:
[2026-07-08 23:11:33.431] [odom] [warning] num_validations=8128
[2026-07-08 23:11:33.431] [odom] [warning] No-IMU errors rot=0.184 +- 0.201 deg, trans=0.030 +- 0.020 m, vel=0.026 +- 0.017 m/s
[2026-07-08 23:11:33.431] [odom] [warning] IMU errors rot=0.064 +- 0.051 deg, trans=0.034 +- 0.023 m, vel=0.096 +- 0.059 m/s
[2026-07-08 23:11:33.431] [odom] [warning] IMU better ratios rot=0.85, trans=0.03, vel=0.07
[2026-07-08 23:11:33.669] [odom] [warning] IMU bias estimation seems inaccurate.
[2026-07-08 23:11:33.669] [odom] [warning] Possibly T_lidar_imu is not accurate or LiDAR-IMU synchronization is not correct.
[2026-07-08 23:11:33.669] [odom] [warning] IMU bias validation results:
[2026-07-08 23:11:33.669] [odom] [warning] num_bias_validations=8512
[2026-07-08 23:11:33.669] [odom] [warning] bias_acc=[0.674, -0.217, 0.021] m/s^2, bias_gyro=[-0.018, 0.000, 0.001] rad/s
[2026-07-08 23:11:33.669] [odom] [warning] acc_stat ax=0.231 +- 0.367 [min=-0.311, max=0.761], ay=0.006 +- 0.202 [min=-0.325, max=0.329], az=0.076 +- 0.041 [min=0.011, max=0.138] m/s^2
[2026-07-08 23:11:33.669] [odom] [warning] gyro_stat wx=-0.018 +- 0.000 [min=-0.019, max=-0.016], wy=0.000 +- 0.001 [min=-0.003, max=0.003], wz=0.001 +- 0.000 [min=0.001, max=0.001] rad/s
[2026-07-08 23:11:35.669] [odom] [warning] IMU prediction is not good.
[2026-07-08 23:11:35.669] [odom] [warning] Possibly T_lidar_imu is not accurate or IMU bias is not well estimated.
[2026-07-08 23:11:35.669] [odom] [warning] IMU validation results:
[2026-07-08 23:11:35.669] [odom] [warning] num_validations=8192
[2026-07-08 23:11:35.669] [odom] [warning] No-IMU errors rot=0.184 +- 0.200 deg, trans=0.030 +- 0.020 m, vel=0.026 +- 0.017 m/s
[2026-07-08 23:11:35.669] [odom] [warning] IMU errors rot=0.064 +- 0.050 deg, trans=0.034 +- 0.023 m, vel=0.095 +- 0.059 m/s
[2026-07-08 23:11:35.669] [odom] [warning] IMU better ratios rot=0.85, trans=0.03, vel=0.08
[2026-07-08 23:11:36.162] [odom] [warning] IMU bias estimation seems inaccurate.
[2026-07-08 23:11:36.162] [odom] [warning] Possibly T_lidar_imu is not accurate or LiDAR-IMU synchronization is not correct.
[2026-07-08 23:11:36.162] [odom] [warning] IMU bias validation results:
[2026-07-08 23:11:36.162] [odom] [warning] num_bias_validations=8576
[2026-07-08 23:11:36.162] [odom] [warning] bias_acc=[0.671, -0.209, 0.021] m/s^2, bias_gyro=[-0.019, 0.001, 0.001] rad/s
[2026-07-08 23:11:36.162] [odom] [warning] acc_stat ax=0.234 +- 0.367 [min=-0.311, max=0.761], ay=0.004 +- 0.202 [min=-0.325, max=0.329], az=0.076 +- 0.041 [min=0.011, max=0.138] m/s^2
[2026-07-08 23:11:36.162] [odom] [warning] gyro_stat wx=-0.018 +- 0.000 [min=-0.019, max=-0.016], wy=0.000 +- 0.001 [min=-0.003, max=0.003], wz=0.001 +- 0.000 [min=0.001, max=0.001] rad/s
[2026-07-08 23:11:36.768] [odom] [warning] IMU prediction is not good.
[2026-07-08 23:11:36.768] [odom] [warning] Possibly T_lidar_imu is not accurate or IMU bias is not well estimated.
[2026-07-08 23:11:36.768] [odom] [warning] IMU validation results:
[2026-07-08 23:11:36.768] [odom] [warning] num_validations=8256
[2026-07-08 23:11:36.768] [odom] [warning] No-IMU errors rot=0.184 +- 0.200 deg, trans=0.030 +- 0.020 m, vel=0.026 +- 0.017 m/s
[2026-07-08 23:11:36.768] [odom] [warning] IMU errors rot=0.063 +- 0.050 deg, trans=0.034 +- 0.023 m, vel=0.095 +- 0.059 m/s
[2026-07-08 23:11:36.768] [odom] [warning] IMU better ratios rot=0.86, trans=0.03, vel=0.08
[2026-07-08 23:11:36.872] [glim] [info] playback speed: 3.936x
[2026-07-08 23:11:37.132] [odom] [warning] IMU bias estimation seems inaccurate.
[2026-07-08 23:11:37.132] [odom] [warning] Possibly T_lidar_imu is not accurate or LiDAR-IMU synchronization is not correct.
[2026-07-08 23:11:37.132] [odom] [warning] IMU bias validation results:
[2026-07-08 23:11:37.132] [odom] [warning] num_bias_validations=8640
[2026-07-08 23:11:37.132] [odom] [warning] bias_acc=[0.664, -0.202, 0.021] m/s^2, bias_gyro=[-0.019, 0.001, 0.001] rad/s
[2026-07-08 23:11:37.132] [odom] [warning] acc_stat ax=0.237 +- 0.368 [min=-0.311, max=0.761], ay=0.003 +- 0.202 [min=-0.325, max=0.329], az=0.075 +- 0.041 [min=0.011, max=0.138] m/s^2
[2026-07-08 23:11:37.132] [odom] [warning] gyro_stat wx=-0.018 +- 0.000 [min=-0.019, max=-0.016], wy=0.000 +- 0.001 [min=-0.003, max=0.003], wz=0.001 +- 0.000 [min=0.001, max=0.001] rad/s
[2026-07-08 23:11:38.373] [odom] [warning] IMU prediction is not good.
[2026-07-08 23:11:38.373] [odom] [warning] Possibly T_lidar_imu is not accurate or IMU bias is not well estimated.
[2026-07-08 23:11:38.373] [odom] [warning] IMU validation results:
[2026-07-08 23:11:38.373] [odom] [warning] num_validations=8320
[2026-07-08 23:11:38.373] [odom] [warning] No-IMU errors rot=0.183 +- 0.199 deg, trans=0.029 +- 0.020 m, vel=0.025 +- 0.017 m/s
[2026-07-08 23:11:38.373] [odom] [warning] IMU errors rot=0.063 +- 0.050 deg, trans=0.034 +- 0.023 m, vel=0.094 +- 0.059 m/s
[2026-07-08 23:11:38.373] [odom] [warning] IMU better ratios rot=0.86, trans=0.04, vel=0.08
[2026-07-08 23:11:38.551] [odom] [warning] IMU bias estimation seems inaccurate.
[2026-07-08 23:11:38.551] [odom] [warning] Possibly T_lidar_imu is not accurate or LiDAR-IMU synchronization is not correct.
[2026-07-08 23:11:38.551] [odom] [warning] IMU bias validation results:
[2026-07-08 23:11:38.551] [odom] [warning] num_bias_validations=8704
[2026-07-08 23:11:38.551] [odom] [warning] bias_acc=[0.656, -0.197, 0.021] m/s^2, bias_gyro=[-0.019, 0.001, 0.001] rad/s
[2026-07-08 23:11:38.551] [odom] [warning] acc_stat ax=0.241 +- 0.368 [min=-0.311, max=0.761], ay=0.001 +- 0.202 [min=-0.325, max=0.329], az=0.075 +- 0.041 [min=0.011, max=0.138] m/s^2
[2026-07-08 23:11:38.551] [odom] [warning] gyro_stat wx=-0.018 +- 0.000 [min=-0.019, max=-0.016], wy=0.000 +- 0.001 [min=-0.003, max=0.003], wz=0.001 +- 0.000 [min=0.001, max=0.001] rad/s
[2026-07-08 23:11:40.575] [odom] [warning] IMU bias estimation seems inaccurate.
[2026-07-08 23:11:40.575] [odom] [warning] Possibly T_lidar_imu is not accurate or LiDAR-IMU synchronization is not correct.
[2026-07-08 23:11:40.575] [odom] [warning] IMU bias validation results:
[2026-07-08 23:11:40.575] [odom] [warning] num_bias_validations=8768
[2026-07-08 23:11:40.575] [odom] [warning] bias_acc=[0.650, -0.193, 0.021] m/s^2, bias_gyro=[-0.019, 0.000, 0.001] rad/s
[2026-07-08 23:11:40.575] [odom] [warning] acc_stat ax=0.244 +- 0.368 [min=-0.311, max=0.761], ay=-0.000 +- 0.202 [min=-0.325, max=0.329], az=0.074 +- 0.041 [min=0.011, max=0.138] m/s^2
[2026-07-08 23:11:40.575] [odom] [warning] gyro_stat wx=-0.018 +- 0.000 [min=-0.019, max=-0.016], wy=0.000 +- 0.001 [min=-0.003, max=0.003], wz=0.001 +- 0.000 [min=0.001, max=0.001] rad/s
[2026-07-08 23:11:41.576] [odom] [warning] IMU prediction is not good.
[2026-07-08 23:11:41.576] [odom] [warning] Possibly T_lidar_imu is not accurate or IMU bias is not well estimated.
[2026-07-08 23:11:41.576] [odom] [warning] IMU validation results:
[2026-07-08 23:11:41.576] [odom] [warning] num_validations=8384
[2026-07-08 23:11:41.576] [odom] [warning] No-IMU errors rot=0.185 +- 0.201 deg, trans=0.029 +- 0.020 m, vel=0.026 +- 0.017 m/s
[2026-07-08 23:11:41.576] [odom] [warning] IMU errors rot=0.063 +- 0.050 deg, trans=0.034 +- 0.023 m, vel=0.094 +- 0.059 m/s
[2026-07-08 23:11:41.576] [odom] [warning] IMU better ratios rot=0.86, trans=0.04, vel=0.08
[2026-07-08 23:11:41.872] [glim] [info] playback speed: 3.428x
[2026-07-08 23:11:43.714] [odom] [warning] IMU bias estimation seems inaccurate.
[2026-07-08 23:11:43.714] [odom] [warning] Possibly T_lidar_imu is not accurate or LiDAR-IMU synchronization is not correct.
[2026-07-08 23:11:43.714] [odom] [warning] IMU bias validation results:
[2026-07-08 23:11:43.714] [odom] [warning] num_bias_validations=8832
[2026-07-08 23:11:43.714] [odom] [warning] bias_acc=[0.651, -0.194, 0.020] m/s^2, bias_gyro=[-0.018, -0.001, 0.001] rad/s
[2026-07-08 23:11:43.714] [odom] [warning] acc_stat ax=0.246 +- 0.369 [min=-0.311, max=0.761], ay=-0.001 +- 0.202 [min=-0.325, max=0.329], az=0.074 +- 0.041 [min=0.011, max=0.138] m/s^2
[2026-07-08 23:11:43.714] [odom] [warning] gyro_stat wx=-0.018 +- 0.000 [min=-0.019, max=-0.016], wy=0.000 +- 0.001 [min=-0.003, max=0.003], wz=0.001 +- 0.000 [min=0.001, max=0.001] rad/s
[2026-07-08 23:11:44.958] [odom] [warning] IMU prediction is not good.
[2026-07-08 23:11:44.958] [odom] [warning] Possibly T_lidar_imu is not accurate or IMU bias is not well estimated.
[2026-07-08 23:11:44.958] [odom] [warning] IMU validation results:
[2026-07-08 23:11:44.958] [odom] [warning] num_validations=8448
[2026-07-08 23:11:44.958] [odom] [warning] No-IMU errors rot=0.187 +- 0.204 deg, trans=0.029 +- 0.020 m, vel=0.026 +- 0.017 m/s
[2026-07-08 23:11:44.958] [odom] [warning] IMU errors rot=0.064 +- 0.051 deg, trans=0.034 +- 0.023 m, vel=0.094 +- 0.059 m/s
[2026-07-08 23:11:44.958] [odom] [warning] IMU better ratios rot=0.86, trans=0.04, vel=0.08
[2026-07-08 23:11:45.381] [odom] [warning] IMU bias estimation seems inaccurate.
[2026-07-08 23:11:45.381] [odom] [warning] Possibly T_lidar_imu is not accurate or LiDAR-IMU synchronization is not correct.
[2026-07-08 23:11:45.381] [odom] [warning] IMU bias validation results:
[2026-07-08 23:11:45.381] [odom] [warning] num_bias_validations=8896
[2026-07-08 23:11:45.381] [odom] [warning] bias_acc=[0.658, -0.206, 0.018] m/s^2, bias_gyro=[-0.018, -0.003, 0.001] rad/s
[2026-07-08 23:11:45.381] [odom] [warning] acc_stat ax=0.249 +- 0.369 [min=-0.311, max=0.761], ay=-0.003 +- 0.202 [min=-0.325, max=0.329], az=0.074 +- 0.041 [min=0.011, max=0.138] m/s^2
[2026-07-08 23:11:45.381] [odom] [warning] gyro_stat wx=-0.018 +- 0.000 [min=-0.019, max=-0.016], wy=0.000 +- 0.001 [min=-0.003, max=0.003], wz=0.001 +- 0.000 [min=0.001, max=0.001] rad/s
[2026-07-08 23:11:46.139] [odom] [warning] IMU prediction is not good.
[2026-07-08 23:11:46.139] [odom] [warning] Possibly T_lidar_imu is not accurate or IMU bias is not well estimated.
[2026-07-08 23:11:46.139] [odom] [warning] IMU validation results:
[2026-07-08 23:11:46.139] [odom] [warning] num_validations=8512
[2026-07-08 23:11:46.139] [odom] [warning] No-IMU errors rot=0.189 +- 0.204 deg, trans=0.029 +- 0.020 m, vel=0.026 +- 0.017 m/s
[2026-07-08 23:11:46.139] [odom] [warning] IMU errors rot=0.064 +- 0.051 deg, trans=0.034 +- 0.023 m, vel=0.094 +- 0.059 m/s
[2026-07-08 23:11:46.139] [odom] [warning] IMU better ratios rot=0.86, trans=0.04, vel=0.08
[2026-07-08 23:11:46.874] [glim] [info] playback speed: 2.758x
[2026-07-08 23:11:47.896] [odom] [warning] IMU bias estimation seems inaccurate.
[2026-07-08 23:11:47.896] [odom] [warning] Possibly T_lidar_imu is not accurate or LiDAR-IMU synchronization is not correct.
[2026-07-08 23:11:47.896] [odom] [warning] IMU bias validation results:
[2026-07-08 23:11:47.896] [odom] [warning] num_bias_validations=8960
[2026-07-08 23:11:47.896] [odom] [warning] bias_acc=[0.666, -0.225, 0.017] m/s^2, bias_gyro=[-0.018, -0.003, 0.001] rad/s
[2026-07-08 23:11:47.896] [odom] [warning] acc_stat ax=0.252 +- 0.369 [min=-0.311, max=0.761], ay=-0.004 +- 0.202 [min=-0.325, max=0.329], az=0.073 +- 0.041 [min=0.011, max=0.138] m/s^2
[2026-07-08 23:11:47.896] [odom] [warning] gyro_stat wx=-0.018 +- 0.000 [min=-0.019, max=-0.016], wy=0.000 +- 0.001 [min=-0.003, max=0.003], wz=0.001 +- 0.000 [min=0.001, max=0.001] rad/s
[2026-07-08 23:11:48.128] [odom] [warning] IMU prediction is not good.
[2026-07-08 23:11:48.128] [odom] [warning] Possibly T_lidar_imu is not accurate or IMU bias is not well estimated.
[2026-07-08 23:11:48.128] [odom] [warning] IMU validation results:
[2026-07-08 23:11:48.128] [odom] [warning] num_validations=8576
[2026-07-08 23:11:48.128] [odom] [warning] No-IMU errors rot=0.189 +- 0.205 deg, trans=0.029 +- 0.020 m, vel=0.026 +- 0.017 m/s
[2026-07-08 23:11:48.128] [odom] [warning] IMU errors rot=0.064 +- 0.051 deg, trans=0.034 +- 0.023 m, vel=0.094 +- 0.059 m/s
[2026-07-08 23:11:48.128] [odom] [warning] IMU better ratios rot=0.86, trans=0.04, vel=0.08
[2026-07-08 23:11:49.440] [odom] [warning] IMU bias estimation seems inaccurate.
[2026-07-08 23:11:49.440] [odom] [warning] Possibly T_lidar_imu is not accurate or LiDAR-IMU synchronization is not correct.
[2026-07-08 23:11:49.440] [odom] [warning] IMU bias validation results:
[2026-07-08 23:11:49.440] [odom] [warning] num_bias_validations=9024
[2026-07-08 23:11:49.440] [odom] [warning] bias_acc=[0.674, -0.246, 0.015] m/s^2, bias_gyro=[-0.018, -0.003, 0.001] rad/s
[2026-07-08 23:11:49.440] [odom] [warning] acc_stat ax=0.255 +- 0.370 [min=-0.311, max=0.761], ay=-0.006 +- 0.202 [min=-0.325, max=0.329], az=0.073 +- 0.042 [min=0.011, max=0.138] m/s^2
[2026-07-08 23:11:49.440] [odom] [warning] gyro_stat wx=-0.018 +- 0.000 [min=-0.019, max=-0.016], wy=0.000 +- 0.001 [min=-0.003, max=0.003], wz=0.001 +- 0.000 [min=0.001, max=0.001] rad/s
[2026-07-08 23:11:50.667] [odom] [warning] IMU prediction is not good.
[2026-07-08 23:11:50.667] [odom] [warning] Possibly T_lidar_imu is not accurate or IMU bias is not well estimated.
[2026-07-08 23:11:50.667] [odom] [warning] IMU validation results:
[2026-07-08 23:11:50.667] [odom] [warning] num_validations=8640
[2026-07-08 23:11:50.667] [odom] [warning] No-IMU errors rot=0.189 +- 0.204 deg, trans=0.029 +- 0.020 m, vel=0.026 +- 0.017 m/s
[2026-07-08 23:11:50.667] [odom] [warning] IMU errors rot=0.064 +- 0.050 deg, trans=0.034 +- 0.023 m, vel=0.095 +- 0.059 m/s
[2026-07-08 23:11:50.667] [odom] [warning] IMU better ratios rot=0.86, trans=0.04, vel=0.08
[2026-07-08 23:11:51.119] [odom] [warning] IMU bias estimation seems inaccurate.
[2026-07-08 23:11:51.119] [odom] [warning] Possibly T_lidar_imu is not accurate or LiDAR-IMU synchronization is not correct.
[2026-07-08 23:11:51.119] [odom] [warning] IMU bias validation results:
[2026-07-08 23:11:51.119] [odom] [warning] num_bias_validations=9088
[2026-07-08 23:11:51.119] [odom] [warning] bias_acc=[0.681, -0.265, 0.013] m/s^2, bias_gyro=[-0.018, -0.002, 0.001] rad/s
[2026-07-08 23:11:51.119] [odom] [warning] acc_stat ax=0.258 +- 0.370 [min=-0.311, max=0.761], ay=-0.008 +- 0.203 [min=-0.325, max=0.329], az=0.072 +- 0.042 [min=0.011, max=0.138] m/s^2
[2026-07-08 23:11:51.119] [odom] [warning] gyro_stat wx=-0.018 +- 0.000 [min=-0.019, max=-0.016], wy=0.000 +- 0.001 [min=-0.003, max=0.003], wz=0.001 +- 0.000 [min=0.001, max=0.001] rad/s
[2026-07-08 23:11:51.690] [odom] [warning] IMU prediction is not good.
[2026-07-08 23:11:51.690] [odom] [warning] Possibly T_lidar_imu is not accurate or IMU bias is not well estimated.
[2026-07-08 23:11:51.690] [odom] [warning] IMU validation results:
[2026-07-08 23:11:51.690] [odom] [warning] num_validations=8704
[2026-07-08 23:11:51.690] [odom] [warning] No-IMU errors rot=0.189 +- 0.204 deg, trans=0.029 +- 0.020 m, vel=0.026 +- 0.017 m/s
[2026-07-08 23:11:51.690] [odom] [warning] IMU errors rot=0.064 +- 0.050 deg, trans=0.034 +- 0.023 m, vel=0.095 +- 0.059 m/s
[2026-07-08 23:11:51.690] [odom] [warning] IMU better ratios rot=0.86, trans=0.04, vel=0.08
[2026-07-08 23:11:51.877] [glim] [info] playback speed: 3.670x
[2026-07-08 23:11:53.428] [odom] [warning] IMU bias estimation seems inaccurate.
[2026-07-08 23:11:53.428] [odom] [warning] Possibly T_lidar_imu is not accurate or LiDAR-IMU synchronization is not correct.
[2026-07-08 23:11:53.428] [odom] [warning] IMU bias validation results:
[2026-07-08 23:11:53.428] [odom] [warning] num_bias_validations=9152
[2026-07-08 23:11:53.428] [odom] [warning] bias_acc=[0.689, -0.279, 0.012] m/s^2, bias_gyro=[-0.018, -0.002, 0.001] rad/s
[2026-07-08 23:11:53.428] [odom] [warning] acc_stat ax=0.261 +- 0.371 [min=-0.311, max=0.761], ay=-0.010 +- 0.203 [min=-0.325, max=0.329], az=0.072 +- 0.042 [min=0.011, max=0.138] m/s^2
[2026-07-08 23:11:53.428] [odom] [warning] gyro_stat wx=-0.018 +- 0.000 [min=-0.019, max=-0.016], wy=0.000 +- 0.001 [min=-0.003, max=0.003], wz=0.001 +- 0.000 [min=0.001, max=0.001] rad/s
[2026-07-08 23:11:53.662] [odom] [warning] IMU prediction is not good.
[2026-07-08 23:11:53.662] [odom] [warning] Possibly T_lidar_imu is not accurate or IMU bias is not well estimated.
[2026-07-08 23:11:53.662] [odom] [warning] IMU validation results:
[2026-07-08 23:11:53.662] [odom] [warning] num_validations=8768
[2026-07-08 23:11:53.662] [odom] [warning] No-IMU errors rot=0.188 +- 0.204 deg, trans=0.029 +- 0.020 m, vel=0.026 +- 0.017 m/s
[2026-07-08 23:11:53.662] [odom] [warning] IMU errors rot=0.064 +- 0.050 deg, trans=0.034 +- 0.023 m, vel=0.095 +- 0.058 m/s
[2026-07-08 23:11:53.662] [odom] [warning] IMU better ratios rot=0.86, trans=0.04, vel=0.08
[2026-07-08 23:11:55.183] [odom] [warning] IMU bias estimation seems inaccurate.
[2026-07-08 23:11:55.183] [odom] [warning] Possibly T_lidar_imu is not accurate or LiDAR-IMU synchronization is not correct.
[2026-07-08 23:11:55.183] [odom] [warning] IMU bias validation results:
[2026-07-08 23:11:55.183] [odom] [warning] num_bias_validations=9216
[2026-07-08 23:11:55.183] [odom] [warning] bias_acc=[0.697, -0.293, 0.011] m/s^2, bias_gyro=[-0.018, -0.002, 0.001] rad/s
[2026-07-08 23:11:55.183] [odom] [warning] acc_stat ax=0.264 +- 0.371 [min=-0.311, max=0.761], ay=-0.012 +- 0.204 [min=-0.325, max=0.329], az=0.072 +- 0.042 [min=0.011, max=0.138] m/s^2
[2026-07-08 23:11:55.183] [odom] [warning] gyro_stat wx=-0.018 +- 0.000 [min=-0.019, max=-0.016], wy=0.000 +- 0.001 [min=-0.003, max=0.003], wz=0.001 +- 0.000 [min=0.001, max=0.001] rad/s
[2026-07-08 23:11:56.481] [odom] [warning] IMU prediction is not good.
[2026-07-08 23:11:56.481] [odom] [warning] Possibly T_lidar_imu is not accurate or IMU bias is not well estimated.
[2026-07-08 23:11:56.481] [odom] [warning] IMU validation results:
[2026-07-08 23:11:56.481] [odom] [warning] num_validations=8832
[2026-07-08 23:11:56.481] [odom] [warning] No-IMU errors rot=0.189 +- 0.203 deg, trans=0.029 +- 0.020 m, vel=0.026 +- 0.017 m/s
[2026-07-08 23:11:56.481] [odom] [warning] IMU errors rot=0.064 +- 0.051 deg, trans=0.034 +- 0.023 m, vel=0.095 +- 0.058 m/s
[2026-07-08 23:11:56.481] [odom] [warning] IMU better ratios rot=0.86, trans=0.03, vel=0.08
[2026-07-08 23:11:56.885] [glim] [info] playback speed: 2.714x
[2026-07-08 23:11:57.158] [odom] [warning] IMU bias estimation seems inaccurate.
[2026-07-08 23:11:57.158] [odom] [warning] Possibly T_lidar_imu is not accurate or LiDAR-IMU synchronization is not correct.
[2026-07-08 23:11:57.158] [odom] [warning] IMU bias validation results:
[2026-07-08 23:11:57.158] [odom] [warning] num_bias_validations=9280
[2026-07-08 23:11:57.158] [odom] [warning] bias_acc=[0.704, -0.307, 0.010] m/s^2, bias_gyro=[-0.017, -0.002, 0.001] rad/s
[2026-07-08 23:11:57.158] [odom] [warning] acc_stat ax=0.267 +- 0.372 [min=-0.311, max=0.761], ay=-0.014 +- 0.205 [min=-0.325, max=0.329], az=0.071 +- 0.042 [min=0.010, max=0.138] m/s^2
[2026-07-08 23:11:57.158] [odom] [warning] gyro_stat wx=-0.018 +- 0.000 [min=-0.019, max=-0.016], wy=0.000 +- 0.001 [min=-0.003, max=0.003], wz=0.001 +- 0.000 [min=0.001, max=0.001] rad/s
[2026-07-08 23:11:57.817] [odom] [warning] IMU prediction is not good.
[2026-07-08 23:11:57.817] [odom] [warning] Possibly T_lidar_imu is not accurate or IMU bias is not well estimated.
[2026-07-08 23:11:57.817] [odom] [warning] IMU validation results:
[2026-07-08 23:11:57.817] [odom] [warning] num_validations=8896
[2026-07-08 23:11:57.817] [odom] [warning] No-IMU errors rot=0.189 +- 0.203 deg, trans=0.029 +- 0.020 m, vel=0.026 +- 0.017 m/s
[2026-07-08 23:11:57.817] [odom] [warning] IMU errors rot=0.064 +- 0.051 deg, trans=0.034 +- 0.023 m, vel=0.096 +- 0.058 m/s
[2026-07-08 23:11:57.817] [odom] [warning] IMU better ratios rot=0.86, trans=0.03, vel=0.08
[2026-07-08 23:12:00.139] [odom] [warning] IMU bias estimation seems inaccurate.
[2026-07-08 23:12:00.139] [odom] [warning] Possibly T_lidar_imu is not accurate or LiDAR-IMU synchronization is not correct.
[2026-07-08 23:12:00.139] [odom] [warning] IMU bias validation results:
[2026-07-08 23:12:00.139] [odom] [warning] num_bias_validations=9344
[2026-07-08 23:12:00.139] [odom] [warning] bias_acc=[0.711, -0.318, 0.009] m/s^2, bias_gyro=[-0.018, -0.001, 0.001] rad/s
[2026-07-08 23:12:00.139] [odom] [warning] acc_stat ax=0.270 +- 0.372 [min=-0.311, max=0.761], ay=-0.016 +- 0.206 [min=-0.325, max=0.329], az=0.071 +- 0.042 [min=0.009, max=0.138] m/s^2
[2026-07-08 23:12:00.139] [odom] [warning] gyro_stat wx=-0.018 +- 0.000 [min=-0.019, max=-0.016], wy=0.000 +- 0.001 [min=-0.003, max=0.003], wz=0.001 +- 0.000 [min=0.001, max=0.001] rad/s
[2026-07-08 23:12:00.885] [odom] [warning] IMU prediction is not good.
[2026-07-08 23:12:00.885] [odom] [warning] Possibly T_lidar_imu is not accurate or IMU bias is not well estimated.
[2026-07-08 23:12:00.885] [odom] [warning] IMU validation results:
[2026-07-08 23:12:00.885] [odom] [warning] num_validations=8960
[2026-07-08 23:12:00.885] [odom] [warning] No-IMU errors rot=0.188 +- 0.202 deg, trans=0.029 +- 0.020 m, vel=0.026 +- 0.017 m/s
[2026-07-08 23:12:00.886] [odom] [warning] IMU errors rot=0.064 +- 0.051 deg, trans=0.034 +- 0.023 m, vel=0.096 +- 0.058 m/s
[2026-07-08 23:12:00.886] [odom] [warning] IMU better ratios rot=0.86, trans=0.03, vel=0.08
[2026-07-08 23:12:01.609] [odom] [warning] IMU bias estimation seems inaccurate.
[2026-07-08 23:12:01.609] [odom] [warning] Possibly T_lidar_imu is not accurate or LiDAR-IMU synchronization is not correct.
[2026-07-08 23:12:01.609] [odom] [warning] IMU bias validation results:
[2026-07-08 23:12:01.609] [odom] [warning] num_bias_validations=9408
[2026-07-08 23:12:01.609] [odom] [warning] bias_acc=[0.717, -0.327, 0.008] m/s^2, bias_gyro=[-0.018, -0.000, 0.001] rad/s
[2026-07-08 23:12:01.609] [odom] [warning] acc_stat ax=0.274 +- 0.373 [min=-0.311, max=0.761], ay=-0.018 +- 0.206 [min=-0.327, max=0.329], az=0.070 +- 0.043 [min=0.008, max=0.138] m/s^2
[2026-07-08 23:12:01.609] [odom] [warning] gyro_stat wx=-0.018 +- 0.000 [min=-0.019, max=-0.016], wy=0.000 +- 0.001 [min=-0.003, max=0.003], wz=0.001 +- 0.000 [min=0.001, max=0.001] rad/s
[2026-07-08 23:12:01.891] [glim] [info] playback speed: 3.344x
[2026-07-08 23:12:02.692] [odom] [warning] IMU prediction is not good.
[2026-07-08 23:12:02.692] [odom] [warning] Possibly T_lidar_imu is not accurate or IMU bias is not well estimated.
[2026-07-08 23:12:02.692] [odom] [warning] IMU validation results:
[2026-07-08 23:12:02.692] [odom] [warning] num_validations=9024
[2026-07-08 23:12:02.692] [odom] [warning] No-IMU errors rot=0.188 +- 0.202 deg, trans=0.029 +- 0.020 m, vel=0.026 +- 0.017 m/s
[2026-07-08 23:12:02.692] [odom] [warning] IMU errors rot=0.064 +- 0.051 deg, trans=0.034 +- 0.023 m, vel=0.096 +- 0.058 m/s
[2026-07-08 23:12:02.692] [odom] [warning] IMU better ratios rot=0.86, trans=0.03, vel=0.08
[2026-07-08 23:12:04.983] [odom] [warning] IMU bias estimation seems inaccurate.
[2026-07-08 23:12:04.983] [odom] [warning] Possibly T_lidar_imu is not accurate or LiDAR-IMU synchronization is not correct.
[2026-07-08 23:12:04.983] [odom] [warning] IMU bias validation results:
[2026-07-08 23:12:04.983] [odom] [warning] num_bias_validations=9472
[2026-07-08 23:12:04.983] [odom] [warning] bias_acc=[0.721, -0.337, 0.007] m/s^2, bias_gyro=[-0.018, -0.000, 0.001] rad/s
[2026-07-08 23:12:04.983] [odom] [warning] acc_stat ax=0.277 +- 0.373 [min=-0.311, max=0.761], ay=-0.020 +- 0.207 [min=-0.337, max=0.329], az=0.070 +- 0.043 [min=0.007, max=0.138] m/s^2
[2026-07-08 23:12:04.983] [odom] [warning] gyro_stat wx=-0.018 +- 0.000 [min=-0.019, max=-0.016], wy=0.000 +- 0.001 [min=-0.003, max=0.003], wz=0.001 +- 0.000 [min=0.001, max=0.001] rad/s
[2026-07-08 23:12:06.264] [odom] [warning] IMU prediction is not good.
[2026-07-08 23:12:06.264] [odom] [warning] Possibly T_lidar_imu is not accurate or IMU bias is not well estimated.
[2026-07-08 23:12:06.264] [odom] [warning] IMU validation results:
[2026-07-08 23:12:06.264] [odom] [warning] num_validations=9088
[2026-07-08 23:12:06.264] [odom] [warning] No-IMU errors rot=0.187 +- 0.201 deg, trans=0.029 +- 0.020 m, vel=0.026 +- 0.017 m/s
[2026-07-08 23:12:06.264] [odom] [warning] IMU errors rot=0.064 +- 0.051 deg, trans=0.034 +- 0.022 m, vel=0.096 +- 0.058 m/s
[2026-07-08 23:12:06.264] [odom] [warning] IMU better ratios rot=0.86, trans=0.03, vel=0.08
[2026-07-08 23:12:06.742] [odom] [warning] IMU bias estimation seems inaccurate.
[2026-07-08 23:12:06.742] [odom] [warning] Possibly T_lidar_imu is not accurate or LiDAR-IMU synchronization is not correct.
[2026-07-08 23:12:06.742] [odom] [warning] IMU bias validation results:
[2026-07-08 23:12:06.742] [odom] [warning] num_bias_validations=9536
[2026-07-08 23:12:06.742] [odom] [warning] bias_acc=[0.725, -0.347, 0.006] m/s^2, bias_gyro=[-0.018, -0.000, 0.001] rad/s
[2026-07-08 23:12:06.742] [odom] [warning] acc_stat ax=0.280 +- 0.374 [min=-0.311, max=0.761], ay=-0.022 +- 0.208 [min=-0.347, max=0.329], az=0.069 +- 0.043 [min=0.006, max=0.138] m/s^2
[2026-07-08 23:12:06.742] [odom] [warning] gyro_stat wx=-0.018 +- 0.000 [min=-0.019, max=-0.016], wy=0.000 +- 0.001 [min=-0.003, max=0.003], wz=0.001 +- 0.000 [min=0.001, max=0.001] rad/s
[2026-07-08 23:12:06.891] [glim] [info] playback speed: 2.590x
[2026-07-08 23:12:07.475] [odom] [warning] IMU prediction is not good.
[2026-07-08 23:12:07.475] [odom] [warning] Possibly T_lidar_imu is not accurate or IMU bias is not well estimated.
[2026-07-08 23:12:07.475] [odom] [warning] IMU validation results:
[2026-07-08 23:12:07.475] [odom] [warning] num_validations=9152
[2026-07-08 23:12:07.475] [odom] [warning] No-IMU errors rot=0.187 +- 0.201 deg, trans=0.029 +- 0.020 m, vel=0.026 +- 0.017 m/s
[2026-07-08 23:12:07.475] [odom] [warning] IMU errors rot=0.064 +- 0.050 deg, trans=0.034 +- 0.022 m, vel=0.096 +- 0.057 m/s
[2026-07-08 23:12:07.475] [odom] [warning] IMU better ratios rot=0.86, trans=0.03, vel=0.08
[2026-07-08 23:12:09.678] [odom] [warning] IMU bias estimation seems inaccurate.
[2026-07-08 23:12:09.678] [odom] [warning] Possibly T_lidar_imu is not accurate or LiDAR-IMU synchronization is not correct.
[2026-07-08 23:12:09.678] [odom] [warning] IMU bias validation results:
[2026-07-08 23:12:09.678] [odom] [warning] num_bias_validations=9600
[2026-07-08 23:12:09.678] [odom] [warning] bias_acc=[0.728, -0.357, 0.006] m/s^2, bias_gyro=[-0.019, -0.000, 0.001] rad/s
[2026-07-08 23:12:09.678] [odom] [warning] acc_stat ax=0.283 +- 0.374 [min=-0.311, max=0.761], ay=-0.025 +- 0.209 [min=-0.357, max=0.329], az=0.069 +- 0.043 [min=0.006, max=0.138] m/s^2
[2026-07-08 23:12:09.678] [odom] [warning] gyro_stat wx=-0.018 +- 0.000 [min=-0.019, max=-0.016], wy=0.000 +- 0.001 [min=-0.003, max=0.003], wz=0.001 +- 0.000 [min=0.001, max=0.001] rad/s
[2026-07-08 23:12:10.401] [odom] [warning] IMU prediction is not good.
[2026-07-08 23:12:10.401] [odom] [warning] Possibly T_lidar_imu is not accurate or IMU bias is not well estimated.
[2026-07-08 23:12:10.401] [odom] [warning] IMU validation results:
[2026-07-08 23:12:10.401] [odom] [warning] num_validations=9216
[2026-07-08 23:12:10.401] [odom] [warning] No-IMU errors rot=0.188 +- 0.200 deg, trans=0.029 +- 0.020 m, vel=0.026 +- 0.017 m/s
[2026-07-08 23:12:10.401] [odom] [warning] IMU errors rot=0.064 +- 0.050 deg, trans=0.034 +- 0.022 m, vel=0.096 +- 0.057 m/s
[2026-07-08 23:12:10.401] [odom] [warning] IMU better ratios rot=0.86, trans=0.03, vel=0.08
[2026-07-08 23:12:11.031] [odom] [warning] IMU bias estimation seems inaccurate.
[2026-07-08 23:12:11.031] [odom] [warning] Possibly T_lidar_imu is not accurate or LiDAR-IMU synchronization is not correct.
[2026-07-08 23:12:11.031] [odom] [warning] IMU bias validation results:
[2026-07-08 23:12:11.031] [odom] [warning] num_bias_validations=9664
[2026-07-08 23:12:11.031] [odom] [warning] bias_acc=[0.731, -0.371, 0.005] m/s^2, bias_gyro=[-0.019, -0.000, 0.001] rad/s
[2026-07-08 23:12:11.031] [odom] [warning] acc_stat ax=0.286 +- 0.375 [min=-0.311, max=0.761], ay=-0.027 +- 0.211 [min=-0.371, max=0.329], az=0.069 +- 0.043 [min=0.005, max=0.138] m/s^2
[2026-07-08 23:12:11.031] [odom] [warning] gyro_stat wx=-0.018 +- 0.000 [min=-0.019, max=-0.016], wy=0.000 +- 0.001 [min=-0.003, max=0.003], wz=0.001 +- 0.000 [min=0.001, max=0.001] rad/s
[2026-07-08 23:12:11.744] [odom] [warning] IMU prediction is not good.
[2026-07-08 23:12:11.744] [odom] [warning] Possibly T_lidar_imu is not accurate or IMU bias is not well estimated.
[2026-07-08 23:12:11.744] [odom] [warning] IMU validation results:
[2026-07-08 23:12:11.744] [odom] [warning] num_validations=9280
[2026-07-08 23:12:11.744] [odom] [warning] No-IMU errors rot=0.188 +- 0.200 deg, trans=0.029 +- 0.019 m, vel=0.026 +- 0.017 m/s
[2026-07-08 23:12:11.744] [odom] [warning] IMU errors rot=0.064 +- 0.051 deg, trans=0.034 +- 0.022 m, vel=0.096 +- 0.057 m/s
[2026-07-08 23:12:11.744] [odom] [warning] IMU better ratios rot=0.86, trans=0.03, vel=0.07
[2026-07-08 23:12:11.930] [glim] [info] playback speed: 3.007x
[2026-07-08 23:12:12.824] [odom] [warning] IMU bias estimation seems inaccurate.
[2026-07-08 23:12:12.824] [odom] [warning] Possibly T_lidar_imu is not accurate or LiDAR-IMU synchronization is not correct.
[2026-07-08 23:12:12.824] [odom] [warning] IMU bias validation results:
[2026-07-08 23:12:12.824] [odom] [warning] num_bias_validations=9728
[2026-07-08 23:12:12.824] [odom] [warning] bias_acc=[0.732, -0.385, 0.005] m/s^2, bias_gyro=[-0.019, -0.000, 0.001] rad/s
[2026-07-08 23:12:12.824] [odom] [warning] acc_stat ax=0.288 +- 0.375 [min=-0.311, max=0.761], ay=-0.029 +- 0.212 [min=-0.385, max=0.329], az=0.068 +- 0.043 [min=0.005, max=0.138] m/s^2
[2026-07-08 23:12:12.824] [odom] [warning] gyro_stat wx=-0.018 +- 0.000 [min=-0.019, max=-0.016], wy=0.000 +- 0.001 [min=-0.003, max=0.003], wz=0.001 +- 0.000 [min=0.001, max=0.001] rad/s
[2026-07-08 23:12:13.724] [odom] [warning] IMU prediction is not good.
[2026-07-08 23:12:13.724] [odom] [warning] Possibly T_lidar_imu is not accurate or IMU bias is not well estimated.
[2026-07-08 23:12:13.724] [odom] [warning] IMU validation results:
[2026-07-08 23:12:13.724] [odom] [warning] num_validations=9344
[2026-07-08 23:12:13.724] [odom] [warning] No-IMU errors rot=0.188 +- 0.200 deg, trans=0.030 +- 0.019 m, vel=0.026 +- 0.017 m/s
[2026-07-08 23:12:13.724] [odom] [warning] IMU errors rot=0.065 +- 0.051 deg, trans=0.034 +- 0.022 m, vel=0.096 +- 0.057 m/s
[2026-07-08 23:12:13.724] [odom] [warning] IMU better ratios rot=0.86, trans=0.03, vel=0.07
[2026-07-08 23:12:15.968] [odom] [warning] IMU bias estimation seems inaccurate.
[2026-07-08 23:12:15.968] [odom] [warning] Possibly T_lidar_imu is not accurate or LiDAR-IMU synchronization is not correct.
[2026-07-08 23:12:15.968] [odom] [warning] IMU bias validation results:
[2026-07-08 23:12:15.968] [odom] [warning] num_bias_validations=9792
[2026-07-08 23:12:15.968] [odom] [warning] bias_acc=[0.735, -0.399, 0.004] m/s^2, bias_gyro=[-0.018, -0.000, 0.001] rad/s
[2026-07-08 23:12:15.968] [odom] [warning] acc_stat ax=0.291 +- 0.376 [min=-0.311, max=0.761], ay=-0.032 +- 0.213 [min=-0.399, max=0.329], az=0.068 +- 0.044 [min=0.004, max=0.138] m/s^2
[2026-07-08 23:12:15.968] [odom] [warning] gyro_stat wx=-0.018 +- 0.000 [min=-0.019, max=-0.016], wy=0.000 +- 0.001 [min=-0.003, max=0.003], wz=0.001 +- 0.000 [min=0.001, max=0.001] rad/s
[2026-07-08 23:12:16.164] [odom] [warning] IMU prediction is not good.
[2026-07-08 23:12:16.164] [odom] [warning] Possibly T_lidar_imu is not accurate or IMU bias is not well estimated.
[2026-07-08 23:12:16.164] [odom] [warning] IMU validation results:
[2026-07-08 23:12:16.164] [odom] [warning] num_validations=9408
[2026-07-08 23:12:16.164] [odom] [warning] No-IMU errors rot=0.187 +- 0.199 deg, trans=0.030 +- 0.019 m, vel=0.026 +- 0.017 m/s
[2026-07-08 23:12:16.164] [odom] [warning] IMU errors rot=0.065 +- 0.051 deg, trans=0.034 +- 0.022 m, vel=0.096 +- 0.057 m/s
[2026-07-08 23:12:16.164] [odom] [warning] IMU better ratios rot=0.86, trans=0.03, vel=0.07
[2026-07-08 23:12:16.950] [glim] [info] playback speed: 3.213x
[2026-07-08 23:12:17.128] [odom] [warning] IMU bias estimation seems inaccurate.
[2026-07-08 23:12:17.128] [odom] [warning] Possibly T_lidar_imu is not accurate or LiDAR-IMU synchronization is not correct.
[2026-07-08 23:12:17.128] [odom] [warning] IMU bias validation results:
[2026-07-08 23:12:17.128] [odom] [warning] num_bias_validations=9856
[2026-07-08 23:12:17.128] [odom] [warning] bias_acc=[0.738, -0.408, 0.003] m/s^2, bias_gyro=[-0.019, 0.000, 0.001] rad/s
[2026-07-08 23:12:17.128] [odom] [warning] acc_stat ax=0.294 +- 0.376 [min=-0.311, max=0.761], ay=-0.034 +- 0.215 [min=-0.408, max=0.329], az=0.067 +- 0.044 [min=0.003, max=0.138] m/s^2
[2026-07-08 23:12:17.128] [odom] [warning] gyro_stat wx=-0.018 +- 0.000 [min=-0.019, max=-0.016], wy=0.000 +- 0.001 [min=-0.003, max=0.003], wz=0.001 +- 0.000 [min=0.001, max=0.001] rad/s
[2026-07-08 23:12:18.195] [odom] [warning] IMU prediction is not good.
[2026-07-08 23:12:18.195] [odom] [warning] Possibly T_lidar_imu is not accurate or IMU bias is not well estimated.
[2026-07-08 23:12:18.195] [odom] [warning] IMU validation results:
[2026-07-08 23:12:18.195] [odom] [warning] num_validations=9472
[2026-07-08 23:12:18.195] [odom] [warning] No-IMU errors rot=0.187 +- 0.199 deg, trans=0.030 +- 0.019 m, vel=0.026 +- 0.017 m/s
[2026-07-08 23:12:18.195] [odom] [warning] IMU errors rot=0.064 +- 0.051 deg, trans=0.034 +- 0.022 m, vel=0.096 +- 0.057 m/s
[2026-07-08 23:12:18.195] [odom] [warning] IMU better ratios rot=0.86, trans=0.03, vel=0.07
[2026-07-08 23:12:18.754] [odom] [warning] IMU bias estimation seems inaccurate.
[2026-07-08 23:12:18.754] [odom] [warning] Possibly T_lidar_imu is not accurate or LiDAR-IMU synchronization is not correct.
[2026-07-08 23:12:18.754] [odom] [warning] IMU bias validation results:
[2026-07-08 23:12:18.754] [odom] [warning] num_bias_validations=9920
[2026-07-08 23:12:18.754] [odom] [warning] bias_acc=[0.739, -0.422, 0.003] m/s^2, bias_gyro=[-0.019, 0.000, 0.001] rad/s
[2026-07-08 23:12:18.754] [odom] [warning] acc_stat ax=0.297 +- 0.377 [min=-0.311, max=0.761], ay=-0.037 +- 0.216 [min=-0.422, max=0.329], az=0.067 +- 0.044 [min=0.003, max=0.138] m/s^2
[2026-07-08 23:12:18.754] [odom] [warning] gyro_stat wx=-0.018 +- 0.000 [min=-0.019, max=-0.016], wy=0.000 +- 0.001 [min=-0.003, max=0.003], wz=0.001 +- 0.000 [min=0.001, max=0.001] rad/s
[2026-07-08 23:12:19.264] [odom] [warning] IMU prediction is not good.
[2026-07-08 23:12:19.264] [odom] [warning] Possibly T_lidar_imu is not accurate or IMU bias is not well estimated.
[2026-07-08 23:12:19.264] [odom] [warning] IMU validation results:
[2026-07-08 23:12:19.265] [odom] [warning] num_validations=9536
[2026-07-08 23:12:19.265] [odom] [warning] No-IMU errors rot=0.187 +- 0.198 deg, trans=0.030 +- 0.019 m, vel=0.026 +- 0.017 m/s
[2026-07-08 23:12:19.265] [odom] [warning] IMU errors rot=0.064 +- 0.051 deg, trans=0.034 +- 0.022 m, vel=0.096 +- 0.056 m/s
[2026-07-08 23:12:19.265] [odom] [warning] IMU better ratios rot=0.86, trans=0.03, vel=0.07
[2026-07-08 23:12:20.879] [odom] [warning] IMU bias estimation seems inaccurate.
[2026-07-08 23:12:20.879] [odom] [warning] Possibly T_lidar_imu is not accurate or LiDAR-IMU synchronization is not correct.
[2026-07-08 23:12:20.879] [odom] [warning] IMU bias validation results:
[2026-07-08 23:12:20.879] [odom] [warning] num_bias_validations=9984
[2026-07-08 23:12:20.879] [odom] [warning] bias_acc=[0.737, -0.440, 0.003] m/s^2, bias_gyro=[-0.020, -0.001, 0.001] rad/s
[2026-07-08 23:12:20.879] [odom] [warning] acc_stat ax=0.300 +- 0.377 [min=-0.311, max=0.761], ay=-0.039 +- 0.218 [min=-0.440, max=0.329], az=0.067 +- 0.044 [min=0.003, max=0.138] m/s^2
[2026-07-08 23:12:20.879] [odom] [warning] gyro_stat wx=-0.018 +- 0.000 [min=-0.020, max=-0.016], wy=0.000 +- 0.001 [min=-0.003, max=0.003], wz=0.001 +- 0.000 [min=0.001, max=0.001] rad/s
[2026-07-08 23:12:21.410] [odom] [warning] IMU prediction is not good.
[2026-07-08 23:12:21.410] [odom] [warning] Possibly T_lidar_imu is not accurate or IMU bias is not well estimated.
[2026-07-08 23:12:21.410] [odom] [warning] IMU validation results:
[2026-07-08 23:12:21.410] [odom] [warning] num_validations=9600
[2026-07-08 23:12:21.410] [odom] [warning] No-IMU errors rot=0.188 +- 0.199 deg, trans=0.030 +- 0.019 m, vel=0.026 +- 0.017 m/s
[2026-07-08 23:12:21.410] [odom] [warning] IMU errors rot=0.065 +- 0.051 deg, trans=0.034 +- 0.022 m, vel=0.097 +- 0.056 m/s
[2026-07-08 23:12:21.410] [odom] [warning] IMU better ratios rot=0.86, trans=0.03, vel=0.07
[2026-07-08 23:12:21.961] [glim] [info] playback speed: 3.442x
[2026-07-08 23:12:23.251] [odom] [warning] IMU bias estimation seems inaccurate.
[2026-07-08 23:12:23.251] [odom] [warning] Possibly T_lidar_imu is not accurate or LiDAR-IMU synchronization is not correct.
[2026-07-08 23:12:23.251] [odom] [warning] IMU bias validation results:
[2026-07-08 23:12:23.251] [odom] [warning] num_bias_validations=10048
[2026-07-08 23:12:23.251] [odom] [warning] bias_acc=[0.736, -0.460, 0.003] m/s^2, bias_gyro=[-0.019, 0.000, 0.001] rad/s
[2026-07-08 23:12:23.251] [odom] [warning] acc_stat ax=0.303 +- 0.378 [min=-0.311, max=0.761], ay=-0.042 +- 0.220 [min=-0.460, max=0.329], az=0.066 +- 0.044 [min=0.003, max=0.138] m/s^2
[2026-07-08 23:12:23.251] [odom] [warning] gyro_stat wx=-0.018 +- 0.000 [min=-0.020, max=-0.016], wy=0.000 +- 0.001 [min=-0.003, max=0.003], wz=0.001 +- 0.000 [min=0.001, max=0.001] rad/s
[2026-07-08 23:12:23.959] [odom] [warning] IMU prediction is not good.
[2026-07-08 23:12:23.959] [odom] [warning] Possibly T_lidar_imu is not accurate or IMU bias is not well estimated.
[2026-07-08 23:12:23.959] [odom] [warning] IMU validation results:
[2026-07-08 23:12:23.959] [odom] [warning] num_validations=9664
[2026-07-08 23:12:23.959] [odom] [warning] No-IMU errors rot=0.190 +- 0.201 deg, trans=0.030 +- 0.019 m, vel=0.026 +- 0.017 m/s
[2026-07-08 23:12:23.959] [odom] [warning] IMU errors rot=0.065 +- 0.051 deg, trans=0.034 +- 0.022 m, vel=0.097 +- 0.056 m/s
[2026-07-08 23:12:23.959] [odom] [warning] IMU better ratios rot=0.86, trans=0.03, vel=0.07
[2026-07-08 23:12:25.629] [odom] [warning] IMU bias estimation seems inaccurate.
[2026-07-08 23:12:25.629] [odom] [warning] Possibly T_lidar_imu is not accurate or LiDAR-IMU synchronization is not correct.
[2026-07-08 23:12:25.629] [odom] [warning] IMU bias validation results:
[2026-07-08 23:12:25.629] [odom] [warning] num_bias_validations=10112
[2026-07-08 23:12:25.629] [odom] [warning] bias_acc=[0.734, -0.474, 0.003] m/s^2, bias_gyro=[-0.019, 0.001, 0.001] rad/s
[2026-07-08 23:12:25.629] [odom] [warning] acc_stat ax=0.305 +- 0.378 [min=-0.311, max=0.761], ay=-0.045 +- 0.222 [min=-0.474, max=0.329], az=0.066 +- 0.044 [min=0.003, max=0.138] m/s^2
[2026-07-08 23:12:25.629] [odom] [warning] gyro_stat wx=-0.018 +- 0.000 [min=-0.020, max=-0.016], wy=0.000 +- 0.001 [min=-0.003, max=0.003], wz=0.001 +- 0.000 [min=0.001, max=0.001] rad/s
[2026-07-08 23:12:26.285] [odom] [warning] IMU prediction is not good.
[2026-07-08 23:12:26.285] [odom] [warning] Possibly T_lidar_imu is not accurate or IMU bias is not well estimated.
[2026-07-08 23:12:26.285] [odom] [warning] IMU validation results:
[2026-07-08 23:12:26.285] [odom] [warning] num_validations=9728
[2026-07-08 23:12:26.285] [odom] [warning] No-IMU errors rot=0.190 +- 0.201 deg, trans=0.030 +- 0.019 m, vel=0.026 +- 0.017 m/s
[2026-07-08 23:12:26.285] [odom] [warning] IMU errors rot=0.065 +- 0.051 deg, trans=0.034 +- 0.022 m, vel=0.097 +- 0.056 m/s
[2026-07-08 23:12:26.285] [odom] [warning] IMU better ratios rot=0.86, trans=0.03, vel=0.07
[2026-07-08 23:12:26.961] [glim] [info] playback speed: 2.615x
[2026-07-08 23:12:27.814] [odom] [warning] IMU bias estimation seems inaccurate.
[2026-07-08 23:12:27.814] [odom] [warning] Possibly T_lidar_imu is not accurate or LiDAR-IMU synchronization is not correct.
[2026-07-08 23:12:27.814] [odom] [warning] IMU bias validation results:
[2026-07-08 23:12:27.814] [odom] [warning] num_bias_validations=10176
[2026-07-08 23:12:27.814] [odom] [warning] bias_acc=[0.733, -0.485, 0.003] m/s^2, bias_gyro=[-0.019, 0.001, 0.001] rad/s
[2026-07-08 23:12:27.814] [odom] [warning] acc_stat ax=0.308 +- 0.378 [min=-0.311, max=0.761], ay=-0.047 +- 0.224 [min=-0.485, max=0.329], az=0.065 +- 0.044 [min=0.003, max=0.138] m/s^2
[2026-07-08 23:12:27.814] [odom] [warning] gyro_stat wx=-0.018 +- 0.000 [min=-0.020, max=-0.016], wy=0.000 +- 0.001 [min=-0.003, max=0.003], wz=0.001 +- 0.000 [min=0.001, max=0.001] rad/s
[2026-07-08 23:12:28.532] [odom] [warning] IMU prediction is not good.
[2026-07-08 23:12:28.532] [odom] [warning] Possibly T_lidar_imu is not accurate or IMU bias is not well estimated.
[2026-07-08 23:12:28.532] [odom] [warning] IMU validation results:
[2026-07-08 23:12:28.532] [odom] [warning] num_validations=9792
[2026-07-08 23:12:28.532] [odom] [warning] No-IMU errors rot=0.190 +- 0.201 deg, trans=0.030 +- 0.019 m, vel=0.026 +- 0.017 m/s
[2026-07-08 23:12:28.532] [odom] [warning] IMU errors rot=0.065 +- 0.051 deg, trans=0.034 +- 0.022 m, vel=0.097 +- 0.056 m/s
[2026-07-08 23:12:28.532] [odom] [warning] IMU better ratios rot=0.86, trans=0.03, vel=0.07
[2026-07-08 23:12:30.555] [odom] [warning] IMU bias estimation seems inaccurate.
[2026-07-08 23:12:30.555] [odom] [warning] Possibly T_lidar_imu is not accurate or LiDAR-IMU synchronization is not correct.
[2026-07-08 23:12:30.555] [odom] [warning] IMU bias validation results:
[2026-07-08 23:12:30.555] [odom] [warning] num_bias_validations=10240
[2026-07-08 23:12:30.555] [odom] [warning] bias_acc=[0.730, -0.500, 0.003] m/s^2, bias_gyro=[-0.019, 0.000, 0.001] rad/s
[2026-07-08 23:12:30.555] [odom] [warning] acc_stat ax=0.311 +- 0.379 [min=-0.311, max=0.761], ay=-0.050 +- 0.226 [min=-0.500, max=0.329], az=0.065 +- 0.045 [min=0.003, max=0.138] m/s^2
[2026-07-08 23:12:30.555] [odom] [warning] gyro_stat wx=-0.018 +- 0.000 [min=-0.020, max=-0.016], wy=0.000 +- 0.001 [min=-0.003, max=0.003], wz=0.001 +- 0.000 [min=0.001, max=0.001] rad/s
[2026-07-08 23:12:30.901] [odom] [warning] IMU prediction is not good.
[2026-07-08 23:12:30.901] [odom] [warning] Possibly T_lidar_imu is not accurate or IMU bias is not well estimated.
[2026-07-08 23:12:30.901] [odom] [warning] IMU validation results:
[2026-07-08 23:12:30.901] [odom] [warning] num_validations=9856
[2026-07-08 23:12:30.901] [odom] [warning] No-IMU errors rot=0.190 +- 0.200 deg, trans=0.030 +- 0.019 m, vel=0.026 +- 0.017 m/s
[2026-07-08 23:12:30.901] [odom] [warning] IMU errors rot=0.065 +- 0.051 deg, trans=0.034 +- 0.022 m, vel=0.097 +- 0.056 m/s
[2026-07-08 23:12:30.901] [odom] [warning] IMU better ratios rot=0.86, trans=0.03, vel=0.07
[2026-07-08 23:12:31.793] [odom] [warning] IMU bias estimation seems inaccurate.
[2026-07-08 23:12:31.793] [odom] [warning] Possibly T_lidar_imu is not accurate or LiDAR-IMU synchronization is not correct.
[2026-07-08 23:12:31.793] [odom] [warning] IMU bias validation results:
[2026-07-08 23:12:31.793] [odom] [warning] num_bias_validations=10304
[2026-07-08 23:12:31.793] [odom] [warning] bias_acc=[0.727, -0.516, 0.003] m/s^2, bias_gyro=[-0.019, 0.000, 0.001] rad/s
[2026-07-08 23:12:31.793] [odom] [warning] acc_stat ax=0.313 +- 0.379 [min=-0.311, max=0.761], ay=-0.053 +- 0.228 [min=-0.516, max=0.329], az=0.065 +- 0.045 [min=0.003, max=0.138] m/s^2
[2026-07-08 23:12:31.793] [odom] [warning] gyro_stat wx=-0.018 +- 0.001 [min=-0.020, max=-0.016], wy=0.000 +- 0.001 [min=-0.003, max=0.003], wz=0.001 +- 0.000 [min=0.001, max=0.001] rad/s
[2026-07-08 23:12:31.962] [glim] [info] playback speed: 3.207x
[2026-07-08 23:12:32.872] [odom] [warning] IMU prediction is not good.
[2026-07-08 23:12:32.872] [odom] [warning] Possibly T_lidar_imu is not accurate or IMU bias is not well estimated.
[2026-07-08 23:12:32.872] [odom] [warning] IMU validation results:
[2026-07-08 23:12:32.872] [odom] [warning] num_validations=9920
[2026-07-08 23:12:32.872] [odom] [warning] No-IMU errors rot=0.189 +- 0.200 deg, trans=0.030 +- 0.019 m, vel=0.026 +- 0.017 m/s
[2026-07-08 23:12:32.872] [odom] [warning] IMU errors rot=0.065 +- 0.051 deg, trans=0.034 +- 0.022 m, vel=0.097 +- 0.056 m/s
[2026-07-08 23:12:32.872] [odom] [warning] IMU better ratios rot=0.86, trans=0.03, vel=0.07
[2026-07-08 23:12:35.095] [odom] [warning] IMU bias estimation seems inaccurate.
[2026-07-08 23:12:35.095] [odom] [warning] Possibly T_lidar_imu is not accurate or LiDAR-IMU synchronization is not correct.
[2026-07-08 23:12:35.095] [odom] [warning] IMU bias validation results:
[2026-07-08 23:12:35.095] [odom] [warning] num_bias_validations=10368
[2026-07-08 23:12:35.095] [odom] [warning] bias_acc=[0.724, -0.531, 0.003] m/s^2, bias_gyro=[-0.019, 0.001, 0.001] rad/s
[2026-07-08 23:12:35.095] [odom] [warning] acc_stat ax=0.316 +- 0.379 [min=-0.311, max=0.761], ay=-0.056 +- 0.231 [min=-0.531, max=0.329], az=0.064 +- 0.045 [min=0.003, max=0.138] m/s^2
[2026-07-08 23:12:35.095] [odom] [warning] gyro_stat wx=-0.018 +- 0.001 [min=-0.020, max=-0.016], wy=0.000 +- 0.001 [min=-0.003, max=0.003], wz=0.001 +- 0.000 [min=0.001, max=0.001] rad/s
[2026-07-08 23:12:35.574] [odom] [warning] IMU prediction is not good.
[2026-07-08 23:12:35.574] [odom] [warning] Possibly T_lidar_imu is not accurate or IMU bias is not well estimated.
[2026-07-08 23:12:35.574] [odom] [warning] IMU validation results:
[2026-07-08 23:12:35.574] [odom] [warning] num_validations=9984
[2026-07-08 23:12:35.574] [odom] [warning] No-IMU errors rot=0.189 +- 0.199 deg, trans=0.030 +- 0.019 m, vel=0.026 +- 0.017 m/s
[2026-07-08 23:12:35.574] [odom] [warning] IMU errors rot=0.065 +- 0.050 deg, trans=0.034 +- 0.022 m, vel=0.097 +- 0.055 m/s
[2026-07-08 23:12:35.574] [odom] [warning] IMU better ratios rot=0.86, trans=0.03, vel=0.07
[2026-07-08 23:12:36.302] [odom] [warning] IMU bias estimation seems inaccurate.
[2026-07-08 23:12:36.302] [odom] [warning] Possibly T_lidar_imu is not accurate or LiDAR-IMU synchronization is not correct.
[2026-07-08 23:12:36.302] [odom] [warning] IMU bias validation results:
[2026-07-08 23:12:36.302] [odom] [warning] num_bias_validations=10432
[2026-07-08 23:12:36.302] [odom] [warning] bias_acc=[0.722, -0.544, 0.003] m/s^2, bias_gyro=[-0.019, 0.001, 0.001] rad/s
[2026-07-08 23:12:36.302] [odom] [warning] acc_stat ax=0.318 +- 0.379 [min=-0.311, max=0.761], ay=-0.059 +- 0.233 [min=-0.544, max=0.329], az=0.064 +- 0.045 [min=0.003, max=0.138] m/s^2
[2026-07-08 23:12:36.302] [odom] [warning] gyro_stat wx=-0.018 +- 0.001 [min=-0.020, max=-0.016], wy=0.000 +- 0.001 [min=-0.003, max=0.003], wz=0.001 +- 0.000 [min=0.001, max=0.001] rad/s
[2026-07-08 23:12:36.980] [glim] [info] playback speed: 2.830x
[2026-07-08 23:12:37.463] [odom] [warning] IMU prediction is not good.
[2026-07-08 23:12:37.463] [odom] [warning] Possibly T_lidar_imu is not accurate or IMU bias is not well estimated.
[2026-07-08 23:12:37.463] [odom] [warning] IMU validation results:
[2026-07-08 23:12:37.463] [odom] [warning] num_validations=10048
[2026-07-08 23:12:37.463] [odom] [warning] No-IMU errors rot=0.189 +- 0.199 deg, trans=0.030 +- 0.019 m, vel=0.026 +- 0.017 m/s
[2026-07-08 23:12:37.463] [odom] [warning] IMU errors rot=0.065 +- 0.050 deg, trans=0.034 +- 0.021 m, vel=0.097 +- 0.055 m/s
[2026-07-08 23:12:37.463] [odom] [warning] IMU better ratios rot=0.86, trans=0.03, vel=0.07
[2026-07-08 23:12:38.946] [odom] [warning] IMU bias estimation seems inaccurate.
[2026-07-08 23:12:38.946] [odom] [warning] Possibly T_lidar_imu is not accurate or LiDAR-IMU synchronization is not correct.
[2026-07-08 23:12:38.946] [odom] [warning] IMU bias validation results:
[2026-07-08 23:12:38.946] [odom] [warning] num_bias_validations=10496
[2026-07-08 23:12:38.946] [odom] [warning] bias_acc=[0.720, -0.554, 0.002] m/s^2, bias_gyro=[-0.019, 0.001, 0.001] rad/s
[2026-07-08 23:12:38.946] [odom] [warning] acc_stat ax=0.321 +- 0.379 [min=-0.311, max=0.761], ay=-0.062 +- 0.236 [min=-0.554, max=0.329], az=0.063 +- 0.045 [min=0.002, max=0.138] m/s^2
[2026-07-08 23:12:38.946] [odom] [warning] gyro_stat wx=-0.018 +- 0.001 [min=-0.020, max=-0.016], wy=0.000 +- 0.001 [min=-0.003, max=0.003], wz=0.001 +- 0.000 [min=0.001, max=0.001] rad/s
[2026-07-08 23:12:39.217] [odom] [warning] IMU prediction is not good.
[2026-07-08 23:12:39.217] [odom] [warning] Possibly T_lidar_imu is not accurate or IMU bias is not well estimated.
[2026-07-08 23:12:39.217] [odom] [warning] IMU validation results:
[2026-07-08 23:12:39.217] [odom] [warning] num_validations=10112
[2026-07-08 23:12:39.217] [odom] [warning] No-IMU errors rot=0.188 +- 0.199 deg, trans=0.029 +- 0.019 m, vel=0.026 +- 0.017 m/s
[2026-07-08 23:12:39.217] [odom] [warning] IMU errors rot=0.064 +- 0.050 deg, trans=0.034 +- 0.021 m, vel=0.097 +- 0.055 m/s
[2026-07-08 23:12:39.217] [odom] [warning] IMU better ratios rot=0.86, trans=0.03, vel=0.07
[2026-07-08 23:12:40.825] [odom] [warning] IMU bias estimation seems inaccurate.
[2026-07-08 23:12:40.825] [odom] [warning] Possibly T_lidar_imu is not accurate or LiDAR-IMU synchronization is not correct.
[2026-07-08 23:12:40.825] [odom] [warning] IMU bias validation results:
[2026-07-08 23:12:40.825] [odom] [warning] num_bias_validations=10560
[2026-07-08 23:12:40.825] [odom] [warning] bias_acc=[0.718, -0.563, 0.001] m/s^2, bias_gyro=[-0.018, 0.001, 0.001] rad/s
[2026-07-08 23:12:40.825] [odom] [warning] acc_stat ax=0.323 +- 0.379 [min=-0.311, max=0.761], ay=-0.065 +- 0.238 [min=-0.563, max=0.329], az=0.063 +- 0.045 [min=0.001, max=0.138] m/s^2
[2026-07-08 23:12:40.825] [odom] [warning] gyro_stat wx=-0.018 +- 0.000 [min=-0.020, max=-0.016], wy=0.000 +- 0.001 [min=-0.003, max=0.003], wz=0.001 +- 0.000 [min=0.001, max=0.001] rad/s
[2026-07-08 23:12:41.443] [odom] [warning] IMU prediction is not good.
[2026-07-08 23:12:41.443] [odom] [warning] Possibly T_lidar_imu is not accurate or IMU bias is not well estimated.
[2026-07-08 23:12:41.443] [odom] [warning] IMU validation results:
[2026-07-08 23:12:41.443] [odom] [warning] num_validations=10176
[2026-07-08 23:12:41.443] [odom] [warning] No-IMU errors rot=0.188 +- 0.198 deg, trans=0.029 +- 0.019 m, vel=0.026 +- 0.017 m/s
[2026-07-08 23:12:41.443] [odom] [warning] IMU errors rot=0.064 +- 0.050 deg, trans=0.034 +- 0.021 m, vel=0.097 +- 0.055 m/s
[2026-07-08 23:12:41.443] [odom] [warning] IMU better ratios rot=0.86, trans=0.03, vel=0.07
[2026-07-08 23:12:41.995] [glim] [info] playback speed: 3.358x
[2026-07-08 23:12:42.374] [odom] [warning] IMU bias estimation seems inaccurate.
[2026-07-08 23:12:42.374] [odom] [warning] Possibly T_lidar_imu is not accurate or LiDAR-IMU synchronization is not correct.
[2026-07-08 23:12:42.374] [odom] [warning] IMU bias validation results:
[2026-07-08 23:12:42.374] [odom] [warning] num_bias_validations=10624
[2026-07-08 23:12:42.374] [odom] [warning] bias_acc=[0.716, -0.571, 0.001] m/s^2, bias_gyro=[-0.018, 0.000, 0.001] rad/s
[2026-07-08 23:12:42.374] [odom] [warning] acc_stat ax=0.326 +- 0.379 [min=-0.311, max=0.761], ay=-0.068 +- 0.240 [min=-0.571, max=0.329], az=0.063 +- 0.045 [min=0.001, max=0.138] m/s^2
[2026-07-08 23:12:42.374] [odom] [warning] gyro_stat wx=-0.018 +- 0.000 [min=-0.020, max=-0.016], wy=0.000 +- 0.001 [min=-0.003, max=0.003], wz=0.001 +- 0.000 [min=0.001, max=0.001] rad/s
[2026-07-08 23:12:43.751] [odom] [warning] IMU prediction is not good.
[2026-07-08 23:12:43.751] [odom] [warning] Possibly T_lidar_imu is not accurate or IMU bias is not well estimated.
[2026-07-08 23:12:43.751] [odom] [warning] IMU validation results:
[2026-07-08 23:12:43.751] [odom] [warning] num_validations=10240
[2026-07-08 23:12:43.751] [odom] [warning] No-IMU errors rot=0.187 +- 0.198 deg, trans=0.029 +- 0.019 m, vel=0.026 +- 0.017 m/s
[2026-07-08 23:12:43.751] [odom] [warning] IMU errors rot=0.064 +- 0.050 deg, trans=0.034 +- 0.021 m, vel=0.097 +- 0.055 m/s
[2026-07-08 23:12:43.751] [odom] [warning] IMU better ratios rot=0.86, trans=0.03, vel=0.07
[2026-07-08 23:12:46.393] [odom] [warning] IMU bias estimation seems inaccurate.
[2026-07-08 23:12:46.393] [odom] [warning] Possibly T_lidar_imu is not accurate or LiDAR-IMU synchronization is not correct.
[2026-07-08 23:12:46.393] [odom] [warning] IMU bias validation results:
[2026-07-08 23:12:46.393] [odom] [warning] num_bias_validations=10688
[2026-07-08 23:12:46.393] [odom] [warning] bias_acc=[0.715, -0.578, 0.000] m/s^2, bias_gyro=[-0.018, 0.000, 0.001] rad/s
[2026-07-08 23:12:46.393] [odom] [warning] acc_stat ax=0.328 +- 0.380 [min=-0.311, max=0.761], ay=-0.071 +- 0.243 [min=-0.578, max=0.329], az=0.062 +- 0.045 [min=0.000, max=0.138] m/s^2
[2026-07-08 23:12:46.393] [odom] [warning] gyro_stat wx=-0.018 +- 0.000 [min=-0.020, max=-0.016], wy=0.000 +- 0.001 [min=-0.003, max=0.003], wz=0.001 +- 0.000 [min=0.001, max=0.001] rad/s
[2026-07-08 23:12:47.054] [glim] [info] playback speed: 1.785x
[2026-07-08 23:12:47.897] [odom] [warning] IMU prediction is not good.
[2026-07-08 23:12:47.897] [odom] [warning] Possibly T_lidar_imu is not accurate or IMU bias is not well estimated.
[2026-07-08 23:12:47.897] [odom] [warning] IMU validation results:
[2026-07-08 23:12:47.897] [odom] [warning] num_validations=10304
[2026-07-08 23:12:47.897] [odom] [warning] No-IMU errors rot=0.187 +- 0.197 deg, trans=0.029 +- 0.019 m, vel=0.026 +- 0.017 m/s
[2026-07-08 23:12:47.897] [odom] [warning] IMU errors rot=0.064 +- 0.050 deg, trans=0.034 +- 0.021 m, vel=0.097 +- 0.055 m/s
[2026-07-08 23:12:47.897] [odom] [warning] IMU better ratios rot=0.86, trans=0.03, vel=0.07
[2026-07-08 23:12:48.485] [odom] [warning] IMU bias estimation seems inaccurate.
[2026-07-08 23:12:48.485] [odom] [warning] Possibly T_lidar_imu is not accurate or LiDAR-IMU synchronization is not correct.
[2026-07-08 23:12:48.485] [odom] [warning] IMU bias validation results:
[2026-07-08 23:12:48.485] [odom] [warning] num_bias_validations=10752
[2026-07-08 23:12:48.485] [odom] [warning] bias_acc=[0.714, -0.583, -0.000] m/s^2, bias_gyro=[-0.018, 0.001, 0.001] rad/s
[2026-07-08 23:12:48.485] [odom] [warning] acc_stat ax=0.330 +- 0.380 [min=-0.311, max=0.761], ay=-0.074 +- 0.245 [min=-0.583, max=0.329], az=0.062 +- 0.046 [min=-0.000, max=0.138] m/s^2
[2026-07-08 23:12:48.485] [odom] [warning] gyro_stat wx=-0.018 +- 0.000 [min=-0.020, max=-0.016], wy=0.000 +- 0.001 [min=-0.003, max=0.003], wz=0.001 +- 0.000 [min=0.001, max=0.001] rad/s
[2026-07-08 23:12:49.053] [odom] [warning] IMU prediction is not good.
[2026-07-08 23:12:49.053] [odom] [warning] Possibly T_lidar_imu is not accurate or IMU bias is not well estimated.
[2026-07-08 23:12:49.053] [odom] [warning] IMU validation results:
[2026-07-08 23:12:49.053] [odom] [warning] num_validations=10368
[2026-07-08 23:12:49.053] [odom] [warning] No-IMU errors rot=0.187 +- 0.197 deg, trans=0.029 +- 0.019 m, vel=0.026 +- 0.017 m/s
[2026-07-08 23:12:49.053] [odom] [warning] IMU errors rot=0.064 +- 0.050 deg, trans=0.034 +- 0.021 m, vel=0.097 +- 0.054 m/s
[2026-07-08 23:12:49.053] [odom] [warning] IMU better ratios rot=0.86, trans=0.03, vel=0.07
[2026-07-08 23:12:50.635] [odom] [warning] IMU bias estimation seems inaccurate.
[2026-07-08 23:12:50.635] [odom] [warning] Possibly T_lidar_imu is not accurate or LiDAR-IMU synchronization is not correct.
[2026-07-08 23:12:50.635] [odom] [warning] IMU bias validation results:
[2026-07-08 23:12:50.635] [odom] [warning] num_bias_validations=10816
[2026-07-08 23:12:50.635] [odom] [warning] bias_acc=[0.713, -0.588, -0.001] m/s^2, bias_gyro=[-0.018, 0.000, 0.001] rad/s
[2026-07-08 23:12:50.635] [odom] [warning] acc_stat ax=0.333 +- 0.380 [min=-0.311, max=0.761], ay=-0.077 +- 0.248 [min=-0.588, max=0.329], az=0.062 +- 0.046 [min=-0.001, max=0.138] m/s^2
[2026-07-08 23:12:50.635] [odom] [warning] gyro_stat wx=-0.018 +- 0.000 [min=-0.020, max=-0.016], wy=0.000 +- 0.001 [min=-0.003, max=0.003], wz=0.001 +- 0.000 [min=0.001, max=0.001] rad/s
[2026-07-08 23:12:50.848] [odom] [warning] IMU prediction is not good.
[2026-07-08 23:12:50.848] [odom] [warning] Possibly T_lidar_imu is not accurate or IMU bias is not well estimated.
[2026-07-08 23:12:50.848] [odom] [warning] IMU validation results:
[2026-07-08 23:12:50.848] [odom] [warning] num_validations=10432
[2026-07-08 23:12:50.848] [odom] [warning] No-IMU errors rot=0.187 +- 0.197 deg, trans=0.029 +- 0.018 m, vel=0.026 +- 0.017 m/s
[2026-07-08 23:12:50.848] [odom] [warning] IMU errors rot=0.064 +- 0.050 deg, trans=0.034 +- 0.021 m, vel=0.097 +- 0.054 m/s
[2026-07-08 23:12:50.848] [odom] [warning] IMU better ratios rot=0.86, trans=0.03, vel=0.07
[2026-07-08 23:12:52.083] [glim] [info] playback speed: 3.490x
[2026-07-08 23:12:52.317] [odom] [warning] IMU bias estimation seems inaccurate.
[2026-07-08 23:12:52.317] [odom] [warning] Possibly T_lidar_imu is not accurate or LiDAR-IMU synchronization is not correct.
[2026-07-08 23:12:52.317] [odom] [warning] IMU bias validation results:
[2026-07-08 23:12:52.317] [odom] [warning] num_bias_validations=10880
[2026-07-08 23:12:52.317] [odom] [warning] bias_acc=[0.713, -0.594, -0.002] m/s^2, bias_gyro=[-0.018, 0.001, 0.001] rad/s
[2026-07-08 23:12:52.317] [odom] [warning] acc_stat ax=0.335 +- 0.380 [min=-0.311, max=0.761], ay=-0.080 +- 0.250 [min=-0.594, max=0.329], az=0.061 +- 0.046 [min=-0.002, max=0.138] m/s^2
[2026-07-08 23:12:52.317] [odom] [warning] gyro_stat wx=-0.018 +- 0.000 [min=-0.020, max=-0.016], wy=0.000 +- 0.001 [min=-0.003, max=0.003], wz=0.001 +- 0.000 [min=0.001, max=0.001] rad/s
[2026-07-08 23:12:53.136] [odom] [warning] IMU prediction is not good.
[2026-07-08 23:12:53.136] [odom] [warning] Possibly T_lidar_imu is not accurate or IMU bias is not well estimated.
[2026-07-08 23:12:53.136] [odom] [warning] IMU validation results:
[2026-07-08 23:12:53.136] [odom] [warning] num_validations=10496
[2026-07-08 23:12:53.136] [odom] [warning] No-IMU errors rot=0.187 +- 0.196 deg, trans=0.029 +- 0.018 m, vel=0.026 +- 0.017 m/s
[2026-07-08 23:12:53.136] [odom] [warning] IMU errors rot=0.064 +- 0.050 deg, trans=0.034 +- 0.021 m, vel=0.097 +- 0.054 m/s
[2026-07-08 23:12:53.136] [odom] [warning] IMU better ratios rot=0.86, trans=0.03, vel=0.07
[2026-07-08 23:12:53.929] [odom] [warning] IMU bias estimation seems inaccurate.
[2026-07-08 23:12:53.929] [odom] [warning] Possibly T_lidar_imu is not accurate or LiDAR-IMU synchronization is not correct.
[2026-07-08 23:12:53.929] [odom] [warning] IMU bias validation results:
[2026-07-08 23:12:53.929] [odom] [warning] num_bias_validations=10944
[2026-07-08 23:12:53.929] [odom] [warning] bias_acc=[0.712, -0.598, -0.002] m/s^2, bias_gyro=[-0.019, 0.000, 0.001] rad/s
[2026-07-08 23:12:53.929] [odom] [warning] acc_stat ax=0.337 +- 0.380 [min=-0.311, max=0.761], ay=-0.083 +- 0.253 [min=-0.598, max=0.329], az=0.061 +- 0.046 [min=-0.002, max=0.138] m/s^2
[2026-07-08 23:12:53.929] [odom] [warning] gyro_stat wx=-0.018 +- 0.000 [min=-0.020, max=-0.016], wy=0.000 +- 0.001 [min=-0.003, max=0.003], wz=0.001 +- 0.000 [min=0.001, max=0.001] rad/s
[2026-07-08 23:12:55.023] [odom] [warning] IMU prediction is not good.
[2026-07-08 23:12:55.023] [odom] [warning] Possibly T_lidar_imu is not accurate or IMU bias is not well estimated.
[2026-07-08 23:12:55.023] [odom] [warning] IMU validation results:
[2026-07-08 23:12:55.023] [odom] [warning] num_validations=10560
[2026-07-08 23:12:55.023] [odom] [warning] No-IMU errors rot=0.187 +- 0.196 deg, trans=0.029 +- 0.018 m, vel=0.026 +- 0.017 m/s
[2026-07-08 23:12:55.023] [odom] [warning] IMU errors rot=0.064 +- 0.050 deg, trans=0.034 +- 0.021 m, vel=0.097 +- 0.054 m/s
[2026-07-08 23:12:55.023] [odom] [warning] IMU better ratios rot=0.86, trans=0.03, vel=0.07
[2026-07-08 23:12:56.709] [odom] [warning] IMU bias estimation seems inaccurate.
[2026-07-08 23:12:56.709] [odom] [warning] Possibly T_lidar_imu is not accurate or LiDAR-IMU synchronization is not correct.
[2026-07-08 23:12:56.709] [odom] [warning] IMU bias validation results:
[2026-07-08 23:12:56.709] [odom] [warning] num_bias_validations=11008
[2026-07-08 23:12:56.709] [odom] [warning] bias_acc=[0.712, -0.602, -0.003] m/s^2, bias_gyro=[-0.018, 0.000, 0.001] rad/s
[2026-07-08 23:12:56.709] [odom] [warning] acc_stat ax=0.339 +- 0.380 [min=-0.311, max=0.761], ay=-0.086 +- 0.255 [min=-0.602, max=0.329], az=0.060 +- 0.046 [min=-0.003, max=0.138] m/s^2
[2026-07-08 23:12:56.709] [odom] [warning] gyro_stat wx=-0.018 +- 0.000 [min=-0.020, max=-0.016], wy=0.000 +- 0.001 [min=-0.003, max=0.003], wz=0.001 +- 0.000 [min=0.001, max=0.001] rad/s
[2026-07-08 23:12:57.023] [odom] [warning] IMU prediction is not good.
[2026-07-08 23:12:57.023] [odom] [warning] Possibly T_lidar_imu is not accurate or IMU bias is not well estimated.
[2026-07-08 23:12:57.023] [odom] [warning] IMU validation results:
[2026-07-08 23:12:57.023] [odom] [warning] num_validations=10624
[2026-07-08 23:12:57.023] [odom] [warning] No-IMU errors rot=0.186 +- 0.195 deg, trans=0.029 +- 0.018 m, vel=0.026 +- 0.017 m/s
[2026-07-08 23:12:57.023] [odom] [warning] IMU errors rot=0.064 +- 0.050 deg, trans=0.034 +- 0.021 m, vel=0.097 +- 0.054 m/s
[2026-07-08 23:12:57.023] [odom] [warning] IMU better ratios rot=0.86, trans=0.03, vel=0.07
[2026-07-08 23:12:57.083] [glim] [info] playback speed: 3.170x
[2026-07-08 23:12:58.597] [odom] [warning] IMU bias estimation seems inaccurate.
[2026-07-08 23:12:58.597] [odom] [warning] Possibly T_lidar_imu is not accurate or LiDAR-IMU synchronization is not correct.
[2026-07-08 23:12:58.597] [odom] [warning] IMU bias validation results:
[2026-07-08 23:12:58.597] [odom] [warning] num_bias_validations=11072
[2026-07-08 23:12:58.597] [odom] [warning] bias_acc=[0.713, -0.606, -0.005] m/s^2, bias_gyro=[-0.018, -0.000, 0.001] rad/s
[2026-07-08 23:12:58.597] [odom] [warning] acc_stat ax=0.341 +- 0.379 [min=-0.311, max=0.761], ay=-0.089 +- 0.257 [min=-0.606, max=0.329], az=0.060 +- 0.046 [min=-0.005, max=0.138] m/s^2
[2026-07-08 23:12:58.597] [odom] [warning] gyro_stat wx=-0.018 +- 0.000 [min=-0.020, max=-0.016], wy=0.000 +- 0.001 [min=-0.003, max=0.003], wz=0.001 +- 0.000 [min=0.001, max=0.001] rad/s
[2026-07-08 23:12:59.833] [odom] [warning] IMU prediction is not good.
[2026-07-08 23:12:59.833] [odom] [warning] Possibly T_lidar_imu is not accurate or IMU bias is not well estimated.
[2026-07-08 23:12:59.833] [odom] [warning] IMU validation results:
[2026-07-08 23:12:59.833] [odom] [warning] num_validations=10688
[2026-07-08 23:12:59.833] [odom] [warning] No-IMU errors rot=0.186 +- 0.195 deg, trans=0.029 +- 0.018 m, vel=0.026 +- 0.017 m/s
[2026-07-08 23:12:59.833] [odom] [warning] IMU errors rot=0.064 +- 0.049 deg, trans=0.034 +- 0.021 m, vel=0.096 +- 0.054 m/s
[2026-07-08 23:12:59.833] [odom] [warning] IMU better ratios rot=0.86, trans=0.03, vel=0.07
[2026-07-08 23:13:00.679] [odom] [warning] IMU bias estimation seems inaccurate.
[2026-07-08 23:13:00.679] [odom] [warning] Possibly T_lidar_imu is not accurate or LiDAR-IMU synchronization is not correct.
[2026-07-08 23:13:00.679] [odom] [warning] IMU bias validation results:
[2026-07-08 23:13:00.679] [odom] [warning] num_bias_validations=11136
[2026-07-08 23:13:00.679] [odom] [warning] bias_acc=[0.713, -0.610, -0.006] m/s^2, bias_gyro=[-0.018, 0.000, 0.001] rad/s
[2026-07-08 23:13:00.679] [odom] [warning] acc_stat ax=0.343 +- 0.379 [min=-0.311, max=0.761], ay=-0.092 +- 0.260 [min=-0.610, max=0.329], az=0.060 +- 0.046 [min=-0.006, max=0.138] m/s^2
[2026-07-08 23:13:00.679] [odom] [warning] gyro_stat wx=-0.018 +- 0.000 [min=-0.020, max=-0.016], wy=0.000 +- 0.001 [min=-0.003, max=0.003], wz=0.001 +- 0.000 [min=0.001, max=0.001] rad/s
[2026-07-08 23:13:01.089] [odom] [warning] IMU prediction is not good.
[2026-07-08 23:13:01.089] [odom] [warning] Possibly T_lidar_imu is not accurate or IMU bias is not well estimated.
[2026-07-08 23:13:01.089] [odom] [warning] IMU validation results:
[2026-07-08 23:13:01.089] [odom] [warning] num_validations=10752
[2026-07-08 23:13:01.089] [odom] [warning] No-IMU errors rot=0.185 +- 0.195 deg, trans=0.029 +- 0.018 m, vel=0.026 +- 0.017 m/s
[2026-07-08 23:13:01.089] [odom] [warning] IMU errors rot=0.064 +- 0.049 deg, trans=0.034 +- 0.021 m, vel=0.096 +- 0.054 m/s
[2026-07-08 23:13:01.089] [odom] [warning] IMU better ratios rot=0.86, trans=0.03, vel=0.07
[2026-07-08 23:13:02.126] [glim] [info] playback speed: 3.032x
[2026-07-08 23:13:02.914] [odom] [warning] IMU bias estimation seems inaccurate.
[2026-07-08 23:13:02.914] [odom] [warning] Possibly T_lidar_imu is not accurate or LiDAR-IMU synchronization is not correct.
[2026-07-08 23:13:02.914] [odom] [warning] IMU bias validation results:
[2026-07-08 23:13:02.914] [odom] [warning] num_bias_validations=11200
[2026-07-08 23:13:02.914] [odom] [warning] bias_acc=[0.714, -0.615, -0.007] m/s^2, bias_gyro=[-0.018, -0.002, 0.001] rad/s
[2026-07-08 23:13:02.914] [odom] [warning] acc_stat ax=0.346 +- 0.379 [min=-0.311, max=0.761], ay=-0.095 +- 0.262 [min=-0.615, max=0.329], az=0.059 +- 0.046 [min=-0.007, max=0.138] m/s^2
[2026-07-08 23:13:02.914] [odom] [warning] gyro_stat wx=-0.018 +- 0.000 [min=-0.020, max=-0.016], wy=0.000 +- 0.001 [min=-0.003, max=0.003], wz=0.001 +- 0.000 [min=0.001, max=0.001] rad/s
[2026-07-08 23:13:03.912] [odom] [warning] IMU prediction is not good.
[2026-07-08 23:13:03.912] [odom] [warning] Possibly T_lidar_imu is not accurate or IMU bias is not well estimated.
[2026-07-08 23:13:03.912] [odom] [warning] IMU validation results:
[2026-07-08 23:13:03.912] [odom] [warning] num_validations=10816
[2026-07-08 23:13:03.912] [odom] [warning] No-IMU errors rot=0.189 +- 0.200 deg, trans=0.029 +- 0.018 m, vel=0.026 +- 0.017 m/s
[2026-07-08 23:13:03.912] [odom] [warning] IMU errors rot=0.064 +- 0.050 deg, trans=0.034 +- 0.021 m, vel=0.096 +- 0.053 m/s
[2026-07-08 23:13:03.912] [odom] [warning] IMU better ratios rot=0.86, trans=0.03, vel=0.06
[2026-07-08 23:13:05.921] [odom] [warning] IMU bias estimation seems inaccurate.
[2026-07-08 23:13:05.921] [odom] [warning] Possibly T_lidar_imu is not accurate or LiDAR-IMU synchronization is not correct.
[2026-07-08 23:13:05.921] [odom] [warning] IMU bias validation results:
[2026-07-08 23:13:05.921] [odom] [warning] num_bias_validations=11264
[2026-07-08 23:13:05.921] [odom] [warning] bias_acc=[0.711, -0.631, -0.007] m/s^2, bias_gyro=[-0.018, -0.003, 0.001] rad/s
[2026-07-08 23:13:05.921] [odom] [warning] acc_stat ax=0.348 +- 0.379 [min=-0.311, max=0.761], ay=-0.098 +- 0.264 [min=-0.631, max=0.329], az=0.059 +- 0.047 [min=-0.007, max=0.138] m/s^2
[2026-07-08 23:13:05.921] [odom] [warning] gyro_stat wx=-0.018 +- 0.000 [min=-0.020, max=-0.016], wy=0.000 +- 0.001 [min=-0.003, max=0.003], wz=0.001 +- 0.000 [min=0.001, max=0.001] rad/s
[2026-07-08 23:13:07.099] [odom] [warning] IMU prediction is not good.
[2026-07-08 23:13:07.099] [odom] [warning] Possibly T_lidar_imu is not accurate or IMU bias is not well estimated.
[2026-07-08 23:13:07.099] [odom] [warning] IMU validation results:
[2026-07-08 23:13:07.099] [odom] [warning] num_validations=10880
[2026-07-08 23:13:07.099] [odom] [warning] No-IMU errors rot=0.190 +- 0.202 deg, trans=0.029 +- 0.018 m, vel=0.026 +- 0.017 m/s
[2026-07-08 23:13:07.099] [odom] [warning] IMU errors rot=0.064 +- 0.049 deg, trans=0.034 +- 0.021 m, vel=0.097 +- 0.053 m/s
[2026-07-08 23:13:07.099] [odom] [warning] IMU better ratios rot=0.86, trans=0.03, vel=0.06
[2026-07-08 23:13:07.169] [glim] [info] playback speed: 2.152x
[2026-07-08 23:13:09.332] [odom] [warning] IMU bias estimation seems inaccurate.
[2026-07-08 23:13:09.332] [odom] [warning] Possibly T_lidar_imu is not accurate or LiDAR-IMU synchronization is not correct.
[2026-07-08 23:13:09.332] [odom] [warning] IMU bias validation results:
[2026-07-08 23:13:09.332] [odom] [warning] num_bias_validations=11328
[2026-07-08 23:13:09.332] [odom] [warning] bias_acc=[0.701, -0.653, -0.005] m/s^2, bias_gyro=[-0.018, -0.004, 0.001] rad/s
[2026-07-08 23:13:09.332] [odom] [warning] acc_stat ax=0.350 +- 0.379 [min=-0.311, max=0.761], ay=-0.102 +- 0.267 [min=-0.653, max=0.329], az=0.059 +- 0.047 [min=-0.007, max=0.138] m/s^2
[2026-07-08 23:13:09.332] [odom] [warning] gyro_stat wx=-0.018 +- 0.000 [min=-0.020, max=-0.016], wy=0.000 +- 0.001 [min=-0.004, max=0.003], wz=0.001 +- 0.000 [min=0.001, max=0.001] rad/s
[2026-07-08 23:13:10.684] [odom] [warning] IMU prediction is not good.
[2026-07-08 23:13:10.684] [odom] [warning] Possibly T_lidar_imu is not accurate or IMU bias is not well estimated.
[2026-07-08 23:13:10.684] [odom] [warning] IMU validation results:
[2026-07-08 23:13:10.684] [odom] [warning] num_validations=10944
[2026-07-08 23:13:10.684] [odom] [warning] No-IMU errors rot=0.191 +- 0.201 deg, trans=0.029 +- 0.018 m, vel=0.026 +- 0.017 m/s
[2026-07-08 23:13:10.684] [odom] [warning] IMU errors rot=0.064 +- 0.049 deg, trans=0.034 +- 0.021 m, vel=0.097 +- 0.053 m/s
[2026-07-08 23:13:10.684] [odom] [warning] IMU better ratios rot=0.86, trans=0.03, vel=0.06
[2026-07-08 23:13:11.956] [odom] [warning] IMU bias estimation seems inaccurate.
[2026-07-08 23:13:11.956] [odom] [warning] Possibly T_lidar_imu is not accurate or LiDAR-IMU synchronization is not correct.
[2026-07-08 23:13:11.956] [odom] [warning] IMU bias validation results:
[2026-07-08 23:13:11.956] [odom] [warning] num_bias_validations=11392
[2026-07-08 23:13:11.956] [odom] [warning] bias_acc=[0.689, -0.674, -0.004] m/s^2, bias_gyro=[-0.018, -0.004, 0.001] rad/s
[2026-07-08 23:13:11.956] [odom] [warning] acc_stat ax=0.352 +- 0.379 [min=-0.311, max=0.761], ay=-0.105 +- 0.269 [min=-0.674, max=0.329], az=0.058 +- 0.047 [min=-0.007, max=0.138] m/s^2
[2026-07-08 23:13:11.956] [odom] [warning] gyro_stat wx=-0.018 +- 0.000 [min=-0.020, max=-0.016], wy=0.000 +- 0.001 [min=-0.004, max=0.003], wz=0.001 +- 0.000 [min=0.001, max=0.001] rad/s
[2026-07-08 23:13:12.173] [glim] [info] playback speed: 2.291x
[2026-07-08 23:13:12.264] [odom] [warning] IMU prediction is not good.
[2026-07-08 23:13:12.264] [odom] [warning] Possibly T_lidar_imu is not accurate or IMU bias is not well estimated.
[2026-07-08 23:13:12.264] [odom] [warning] IMU validation results:
[2026-07-08 23:13:12.264] [odom] [warning] num_validations=11008
[2026-07-08 23:13:12.264] [odom] [warning] No-IMU errors rot=0.190 +- 0.201 deg, trans=0.029 +- 0.018 m, vel=0.026 +- 0.017 m/s
[2026-07-08 23:13:12.264] [odom] [warning] IMU errors rot=0.064 +- 0.049 deg, trans=0.034 +- 0.021 m, vel=0.097 +- 0.053 m/s
[2026-07-08 23:13:12.264] [odom] [warning] IMU better ratios rot=0.86, trans=0.03, vel=0.06
[2026-07-08 23:13:14.208] [odom] [warning] IMU bias estimation seems inaccurate.
[2026-07-08 23:13:14.208] [odom] [warning] Possibly T_lidar_imu is not accurate or LiDAR-IMU synchronization is not correct.
[2026-07-08 23:13:14.208] [odom] [warning] IMU bias validation results:
[2026-07-08 23:13:14.208] [odom] [warning] num_bias_validations=11456
[2026-07-08 23:13:14.208] [odom] [warning] bias_acc=[0.675, -0.695, -0.002] m/s^2, bias_gyro=[-0.018, -0.003, 0.001] rad/s
[2026-07-08 23:13:14.208] [odom] [warning] acc_stat ax=0.353 +- 0.379 [min=-0.311, max=0.761], ay=-0.108 +- 0.272 [min=-0.695, max=0.329], az=0.058 +- 0.047 [min=-0.007, max=0.138] m/s^2
[2026-07-08 23:13:14.208] [odom] [warning] gyro_stat wx=-0.018 +- 0.000 [min=-0.020, max=-0.016], wy=0.000 +- 0.001 [min=-0.004, max=0.003], wz=0.001 +- 0.000 [min=0.001, max=0.001] rad/s
[2026-07-08 23:13:15.490] [odom] [warning] IMU prediction is not good.
[2026-07-08 23:13:15.490] [odom] [warning] Possibly T_lidar_imu is not accurate or IMU bias is not well estimated.
[2026-07-08 23:13:15.490] [odom] [warning] IMU validation results:
[2026-07-08 23:13:15.490] [odom] [warning] num_validations=11072
[2026-07-08 23:13:15.490] [odom] [warning] No-IMU errors rot=0.190 +- 0.200 deg, trans=0.030 +- 0.018 m, vel=0.026 +- 0.017 m/s
[2026-07-08 23:13:15.490] [odom] [warning] IMU errors rot=0.064 +- 0.049 deg, trans=0.034 +- 0.021 m, vel=0.098 +- 0.053 m/s
[2026-07-08 23:13:15.490] [odom] [warning] IMU better ratios rot=0.86, trans=0.03, vel=0.06
[2026-07-08 23:13:17.215] [glim] [info] playback speed: 2.213x
[2026-07-08 23:13:17.289] [odom] [warning] IMU bias estimation seems inaccurate.
[2026-07-08 23:13:17.289] [odom] [warning] Possibly T_lidar_imu is not accurate or LiDAR-IMU synchronization is not correct.
[2026-07-08 23:13:17.289] [odom] [warning] IMU bias validation results:
[2026-07-08 23:13:17.289] [odom] [warning] num_bias_validations=11520
[2026-07-08 23:13:17.289] [odom] [warning] bias_acc=[0.661, -0.713, -0.001] m/s^2, bias_gyro=[-0.018, -0.002, 0.001] rad/s
[2026-07-08 23:13:17.289] [odom] [warning] acc_stat ax=0.355 +- 0.378 [min=-0.311, max=0.761], ay=-0.111 +- 0.275 [min=-0.713, max=0.329], az=0.058 +- 0.047 [min=-0.007, max=0.138] m/s^2
[2026-07-08 23:13:17.289] [odom] [warning] gyro_stat wx=-0.018 +- 0.000 [min=-0.020, max=-0.016], wy=0.000 +- 0.001 [min=-0.004, max=0.003], wz=0.001 +- 0.000 [min=0.001, max=0.001] rad/s
[2026-07-08 23:13:17.569] [odom] [warning] IMU prediction is not good.
[2026-07-08 23:13:17.569] [odom] [warning] Possibly T_lidar_imu is not accurate or IMU bias is not well estimated.
[2026-07-08 23:13:17.569] [odom] [warning] IMU validation results:
[2026-07-08 23:13:17.569] [odom] [warning] num_validations=11136
[2026-07-08 23:13:17.569] [odom] [warning] No-IMU errors rot=0.190 +- 0.201 deg, trans=0.030 +- 0.018 m, vel=0.026 +- 0.017 m/s
[2026-07-08 23:13:17.569] [odom] [warning] IMU errors rot=0.064 +- 0.049 deg, trans=0.034 +- 0.021 m, vel=0.098 +- 0.053 m/s
[2026-07-08 23:13:17.569] [odom] [warning] IMU better ratios rot=0.86, trans=0.03, vel=0.06
[2026-07-08 23:13:18.981] [odom] [warning] IMU bias estimation seems inaccurate.
[2026-07-08 23:13:18.981] [odom] [warning] Possibly T_lidar_imu is not accurate or LiDAR-IMU synchronization is not correct.
[2026-07-08 23:13:18.981] [odom] [warning] IMU bias validation results:
[2026-07-08 23:13:18.981] [odom] [warning] num_bias_validations=11584
[2026-07-08 23:13:18.981] [odom] [warning] bias_acc=[0.650, -0.730, -0.001] m/s^2, bias_gyro=[-0.018, -0.002, 0.001] rad/s
[2026-07-08 23:13:18.981] [odom] [warning] acc_stat ax=0.357 +- 0.378 [min=-0.311, max=0.761], ay=-0.115 +- 0.278 [min=-0.730, max=0.329], az=0.057 +- 0.047 [min=-0.007, max=0.138] m/s^2
[2026-07-08 23:13:18.981] [odom] [warning] gyro_stat wx=-0.018 +- 0.000 [min=-0.020, max=-0.016], wy=0.000 +- 0.001 [min=-0.004, max=0.003], wz=0.001 +- 0.000 [min=0.001, max=0.001] rad/s
[2026-07-08 23:13:19.970] [odom] [warning] IMU prediction is not good.
[2026-07-08 23:13:19.970] [odom] [warning] Possibly T_lidar_imu is not accurate or IMU bias is not well estimated.
[2026-07-08 23:13:19.970] [odom] [warning] IMU validation results:
[2026-07-08 23:13:19.970] [odom] [warning] num_validations=11200
[2026-07-08 23:13:19.970] [odom] [warning] No-IMU errors rot=0.190 +- 0.200 deg, trans=0.030 +- 0.018 m, vel=0.026 +- 0.017 m/s
[2026-07-08 23:13:19.970] [odom] [warning] IMU errors rot=0.064 +- 0.049 deg, trans=0.034 +- 0.021 m, vel=0.098 +- 0.053 m/s
[2026-07-08 23:13:19.970] [odom] [warning] IMU better ratios rot=0.86, trans=0.03, vel=0.06
[2026-07-08 23:13:20.469] [odom] [warning] IMU bias estimation seems inaccurate.
[2026-07-08 23:13:20.469] [odom] [warning] Possibly T_lidar_imu is not accurate or LiDAR-IMU synchronization is not correct.
[2026-07-08 23:13:20.469] [odom] [warning] IMU bias validation results:
[2026-07-08 23:13:20.469] [odom] [warning] num_bias_validations=11648
[2026-07-08 23:13:20.469] [odom] [warning] bias_acc=[0.637, -0.746, 0.000] m/s^2, bias_gyro=[-0.018, -0.001, 0.001] rad/s
[2026-07-08 23:13:20.469] [odom] [warning] acc_stat ax=0.358 +- 0.377 [min=-0.311, max=0.761], ay=-0.118 +- 0.281 [min=-0.746, max=0.329], az=0.057 +- 0.047 [min=-0.007, max=0.138] m/s^2
[2026-07-08 23:13:20.469] [odom] [warning] gyro_stat wx=-0.018 +- 0.000 [min=-0.020, max=-0.016], wy=0.000 +- 0.001 [min=-0.004, max=0.003], wz=0.001 +- 0.000 [min=0.001, max=0.001] rad/s
[2026-07-08 23:13:21.390] [odom] [warning] IMU prediction is not good.
[2026-07-08 23:13:21.390] [odom] [warning] Possibly T_lidar_imu is not accurate or IMU bias is not well estimated.
[2026-07-08 23:13:21.390] [odom] [warning] IMU validation results:
[2026-07-08 23:13:21.390] [odom] [warning] num_validations=11264
[2026-07-08 23:13:21.390] [odom] [warning] No-IMU errors rot=0.190 +- 0.200 deg, trans=0.030 +- 0.018 m, vel=0.026 +- 0.017 m/s
[2026-07-08 23:13:21.390] [odom] [warning] IMU errors rot=0.064 +- 0.049 deg, trans=0.034 +- 0.021 m, vel=0.098 +- 0.053 m/s
[2026-07-08 23:13:21.390] [odom] [warning] IMU better ratios rot=0.86, trans=0.03, vel=0.06
[2026-07-08 23:13:22.217] [glim] [info] playback speed: 3.569x
[2026-07-08 23:13:22.496] [odom] [warning] IMU bias estimation seems inaccurate.
[2026-07-08 23:13:22.496] [odom] [warning] Possibly T_lidar_imu is not accurate or LiDAR-IMU synchronization is not correct.
[2026-07-08 23:13:22.496] [odom] [warning] IMU bias validation results:
[2026-07-08 23:13:22.496] [odom] [warning] num_bias_validations=11712
[2026-07-08 23:13:22.496] [odom] [warning] bias_acc=[0.624, -0.762, 0.001] m/s^2, bias_gyro=[-0.018, -0.001, 0.001] rad/s
[2026-07-08 23:13:22.496] [odom] [warning] acc_stat ax=0.360 +- 0.377 [min=-0.311, max=0.761], ay=-0.122 +- 0.284 [min=-0.762, max=0.329], az=0.057 +- 0.047 [min=-0.007, max=0.138] m/s^2
[2026-07-08 23:13:22.496] [odom] [warning] gyro_stat wx=-0.018 +- 0.000 [min=-0.020, max=-0.016], wy=0.000 +- 0.001 [min=-0.004, max=0.003], wz=0.001 +- 0.000 [min=0.001, max=0.001] rad/s
[2026-07-08 23:13:22.870] [odom] [warning] IMU prediction is not good.
[2026-07-08 23:13:22.870] [odom] [warning] Possibly T_lidar_imu is not accurate or IMU bias is not well estimated.
[2026-07-08 23:13:22.870] [odom] [warning] IMU validation results:
[2026-07-08 23:13:22.870] [odom] [warning] num_validations=11328
[2026-07-08 23:13:22.870] [odom] [warning] No-IMU errors rot=0.191 +- 0.200 deg, trans=0.030 +- 0.018 m, vel=0.026 +- 0.017 m/s
[2026-07-08 23:13:22.870] [odom] [warning] IMU errors rot=0.064 +- 0.049 deg, trans=0.034 +- 0.021 m, vel=0.098 +- 0.053 m/s
[2026-07-08 23:13:22.870] [odom] [warning] IMU better ratios rot=0.86, trans=0.03, vel=0.06
[2026-07-08 23:13:24.782] [odom] [warning] IMU bias estimation seems inaccurate.
[2026-07-08 23:13:24.782] [odom] [warning] Possibly T_lidar_imu is not accurate or LiDAR-IMU synchronization is not correct.
[2026-07-08 23:13:24.782] [odom] [warning] IMU bias validation results:
[2026-07-08 23:13:24.782] [odom] [warning] num_bias_validations=11776
[2026-07-08 23:13:24.782] [odom] [warning] bias_acc=[0.613, -0.777, 0.002] m/s^2, bias_gyro=[-0.018, -0.001, 0.001] rad/s
[2026-07-08 23:13:24.782] [odom] [warning] acc_stat ax=0.361 +- 0.376 [min=-0.311, max=0.761], ay=-0.125 +- 0.288 [min=-0.777, max=0.329], az=0.056 +- 0.047 [min=-0.007, max=0.138] m/s^2
[2026-07-08 23:13:24.782] [odom] [warning] gyro_stat wx=-0.018 +- 0.000 [min=-0.020, max=-0.016], wy=0.000 +- 0.001 [min=-0.004, max=0.003], wz=0.001 +- 0.000 [min=0.001, max=0.001] rad/s
[2026-07-08 23:13:25.176] [odom] [warning] IMU prediction is not good.
[2026-07-08 23:13:25.176] [odom] [warning] Possibly T_lidar_imu is not accurate or IMU bias is not well estimated.
[2026-07-08 23:13:25.176] [odom] [warning] IMU validation results:
[2026-07-08 23:13:25.176] [odom] [warning] num_validations=11392
[2026-07-08 23:13:25.176] [odom] [warning] No-IMU errors rot=0.191 +- 0.200 deg, trans=0.030 +- 0.018 m, vel=0.026 +- 0.017 m/s
[2026-07-08 23:13:25.176] [odom] [warning] IMU errors rot=0.064 +- 0.049 deg, trans=0.034 +- 0.020 m, vel=0.099 +- 0.053 m/s
[2026-07-08 23:13:25.176] [odom] [warning] IMU better ratios rot=0.86, trans=0.03, vel=0.06
[2026-07-08 23:13:27.122] [odom] [warning] IMU bias estimation seems inaccurate.
[2026-07-08 23:13:27.122] [odom] [warning] Possibly T_lidar_imu is not accurate or LiDAR-IMU synchronization is not correct.
[2026-07-08 23:13:27.122] [odom] [warning] IMU bias validation results:
[2026-07-08 23:13:27.122] [odom] [warning] num_bias_validations=11840
[2026-07-08 23:13:27.122] [odom] [warning] bias_acc=[0.600, -0.793, 0.004] m/s^2, bias_gyro=[-0.018, -0.001, 0.001] rad/s
[2026-07-08 23:13:27.122] [odom] [warning] acc_stat ax=0.362 +- 0.376 [min=-0.311, max=0.761], ay=-0.129 +- 0.291 [min=-0.793, max=0.329], az=0.056 +- 0.047 [min=-0.007, max=0.138] m/s^2
[2026-07-08 23:13:27.122] [odom] [warning] gyro_stat wx=-0.018 +- 0.000 [min=-0.020, max=-0.016], wy=0.000 +- 0.001 [min=-0.004, max=0.003], wz=0.001 +- 0.000 [min=0.001, max=0.001] rad/s
[2026-07-08 23:13:27.222] [glim] [info] playback speed: 3.141x
[2026-07-08 23:13:28.138] [odom] [warning] IMU prediction is not good.
[2026-07-08 23:13:28.138] [odom] [warning] Possibly T_lidar_imu is not accurate or IMU bias is not well estimated.
[2026-07-08 23:13:28.138] [odom] [warning] IMU validation results:
[2026-07-08 23:13:28.138] [odom] [warning] num_validations=11456
[2026-07-08 23:13:28.138] [odom] [warning] No-IMU errors rot=0.190 +- 0.200 deg, trans=0.030 +- 0.018 m, vel=0.026 +- 0.017 m/s
[2026-07-08 23:13:28.138] [odom] [warning] IMU errors rot=0.064 +- 0.049 deg, trans=0.034 +- 0.020 m, vel=0.099 +- 0.053 m/s
[2026-07-08 23:13:28.138] [odom] [warning] IMU better ratios rot=0.86, trans=0.03, vel=0.06
[2026-07-08 23:13:30.426] [odom] [warning] IMU bias estimation seems inaccurate.
[2026-07-08 23:13:30.426] [odom] [warning] Possibly T_lidar_imu is not accurate or LiDAR-IMU synchronization is not correct.
[2026-07-08 23:13:30.426] [odom] [warning] IMU bias validation results:
[2026-07-08 23:13:30.426] [odom] [warning] num_bias_validations=11904
[2026-07-08 23:13:30.426] [odom] [warning] bias_acc=[0.588, -0.808, 0.005] m/s^2, bias_gyro=[-0.018, -0.001, 0.001] rad/s
[2026-07-08 23:13:30.426] [odom] [warning] acc_stat ax=0.364 +- 0.375 [min=-0.311, max=0.761], ay=-0.133 +- 0.295 [min=-0.808, max=0.329], az=0.056 +- 0.047 [min=-0.007, max=0.138] m/s^2
[2026-07-08 23:13:30.426] [odom] [warning] gyro_stat wx=-0.018 +- 0.000 [min=-0.020, max=-0.016], wy=0.000 +- 0.001 [min=-0.004, max=0.003], wz=0.001 +- 0.000 [min=0.001, max=0.001] rad/s
[2026-07-08 23:13:31.699] [odom] [warning] IMU prediction is not good.
[2026-07-08 23:13:31.699] [odom] [warning] Possibly T_lidar_imu is not accurate or IMU bias is not well estimated.
[2026-07-08 23:13:31.699] [odom] [warning] IMU validation results:
[2026-07-08 23:13:31.699] [odom] [warning] num_validations=11520
[2026-07-08 23:13:31.699] [odom] [warning] No-IMU errors rot=0.189 +- 0.200 deg, trans=0.030 +- 0.018 m, vel=0.026 +- 0.017 m/s
[2026-07-08 23:13:31.699] [odom] [warning] IMU errors rot=0.063 +- 0.049 deg, trans=0.035 +- 0.020 m, vel=0.099 +- 0.053 m/s
[2026-07-08 23:13:31.699] [odom] [warning] IMU better ratios rot=0.86, trans=0.03, vel=0.06
[2026-07-08 23:13:32.250] [glim] [info] playback speed: 1.937x
[2026-07-08 23:13:34.011] [odom] [warning] IMU bias estimation seems inaccurate.
[2026-07-08 23:13:34.011] [odom] [warning] Possibly T_lidar_imu is not accurate or LiDAR-IMU synchronization is not correct.
[2026-07-08 23:13:34.011] [odom] [warning] IMU bias validation results:
[2026-07-08 23:13:34.011] [odom] [warning] num_bias_validations=11968
[2026-07-08 23:13:34.011] [odom] [warning] bias_acc=[0.576, -0.823, 0.006] m/s^2, bias_gyro=[-0.018, -0.000, 0.001] rad/s
[2026-07-08 23:13:34.011] [odom] [warning] acc_stat ax=0.365 +- 0.374 [min=-0.311, max=0.761], ay=-0.136 +- 0.298 [min=-0.823, max=0.329], az=0.055 +- 0.047 [min=-0.007, max=0.138] m/s^2
[2026-07-08 23:13:34.011] [odom] [warning] gyro_stat wx=-0.018 +- 0.000 [min=-0.020, max=-0.016], wy=0.000 +- 0.001 [min=-0.004, max=0.003], wz=0.001 +- 0.000 [min=0.001, max=0.001] rad/s
[2026-07-08 23:13:35.285] [odom] [warning] IMU prediction is not good.
[2026-07-08 23:13:35.285] [odom] [warning] Possibly T_lidar_imu is not accurate or IMU bias is not well estimated.
[2026-07-08 23:13:35.285] [odom] [warning] IMU validation results:
[2026-07-08 23:13:35.285] [odom] [warning] num_validations=11584
[2026-07-08 23:13:35.285] [odom] [warning] No-IMU errors rot=0.189 +- 0.200 deg, trans=0.030 +- 0.018 m, vel=0.026 +- 0.017 m/s
[2026-07-08 23:13:35.285] [odom] [warning] IMU errors rot=0.063 +- 0.049 deg, trans=0.035 +- 0.020 m, vel=0.099 +- 0.053 m/s
[2026-07-08 23:13:35.285] [odom] [warning] IMU better ratios rot=0.86, trans=0.03, vel=0.06
[2026-07-08 23:13:36.421] [odom] [warning] IMU bias estimation seems inaccurate.
[2026-07-08 23:13:36.421] [odom] [warning] Possibly T_lidar_imu is not accurate or LiDAR-IMU synchronization is not correct.
[2026-07-08 23:13:36.421] [odom] [warning] IMU bias validation results:
[2026-07-08 23:13:36.421] [odom] [warning] num_bias_validations=12032
[2026-07-08 23:13:36.421] [odom] [warning] bias_acc=[0.564, -0.837, 0.008] m/s^2, bias_gyro=[-0.018, 0.000, 0.001] rad/s
[2026-07-08 23:13:36.421] [odom] [warning] acc_stat ax=0.366 +- 0.374 [min=-0.311, max=0.761], ay=-0.140 +- 0.302 [min=-0.837, max=0.329], az=0.055 +- 0.047 [min=-0.007, max=0.138] m/s^2
[2026-07-08 23:13:36.421] [odom] [warning] gyro_stat wx=-0.018 +- 0.000 [min=-0.020, max=-0.016], wy=0.000 +- 0.001 [min=-0.004, max=0.003], wz=0.001 +- 0.000 [min=0.001, max=0.001] rad/s
[2026-07-08 23:13:36.753] [odom] [warning] IMU prediction is not good.
[2026-07-08 23:13:36.753] [odom] [warning] Possibly T_lidar_imu is not accurate or IMU bias is not well estimated.
[2026-07-08 23:13:36.753] [odom] [warning] IMU validation results:
[2026-07-08 23:13:36.753] [odom] [warning] num_validations=11648
[2026-07-08 23:13:36.753] [odom] [warning] No-IMU errors rot=0.189 +- 0.200 deg, trans=0.030 +- 0.018 m, vel=0.026 +- 0.017 m/s
[2026-07-08 23:13:36.753] [odom] [warning] IMU errors rot=0.063 +- 0.049 deg, trans=0.035 +- 0.020 m, vel=0.099 +- 0.053 m/s
[2026-07-08 23:13:36.753] [odom] [warning] IMU better ratios rot=0.86, trans=0.03, vel=0.06
[2026-07-08 23:13:37.253] [glim] [info] playback speed: 2.595x
[2026-07-08 23:13:38.661] [odom] [warning] IMU bias estimation seems inaccurate.
[2026-07-08 23:13:38.661] [odom] [warning] Possibly T_lidar_imu is not accurate or LiDAR-IMU synchronization is not correct.
[2026-07-08 23:13:38.661] [odom] [warning] IMU bias validation results:
[2026-07-08 23:13:38.661] [odom] [warning] num_bias_validations=12096
[2026-07-08 23:13:38.661] [odom] [warning] bias_acc=[0.553, -0.849, 0.009] m/s^2, bias_gyro=[-0.018, 0.000, 0.001] rad/s
[2026-07-08 23:13:38.661] [odom] [warning] acc_stat ax=0.367 +- 0.373 [min=-0.311, max=0.761], ay=-0.144 +- 0.305 [min=-0.849, max=0.329], az=0.055 +- 0.047 [min=-0.007, max=0.138] m/s^2
[2026-07-08 23:13:38.661] [odom] [warning] gyro_stat wx=-0.018 +- 0.000 [min=-0.020, max=-0.016], wy=0.000 +- 0.001 [min=-0.004, max=0.003], wz=0.001 +- 0.000 [min=0.001, max=0.001] rad/s
[2026-07-08 23:13:38.909] [odom] [warning] IMU prediction is not good.
[2026-07-08 23:13:38.909] [odom] [warning] Possibly T_lidar_imu is not accurate or IMU bias is not well estimated.
[2026-07-08 23:13:38.909] [odom] [warning] IMU validation results:
[2026-07-08 23:13:38.909] [odom] [warning] num_validations=11712
[2026-07-08 23:13:38.909] [odom] [warning] No-IMU errors rot=0.188 +- 0.199 deg, trans=0.030 +- 0.018 m, vel=0.026 +- 0.017 m/s
[2026-07-08 23:13:38.909] [odom] [warning] IMU errors rot=0.063 +- 0.049 deg, trans=0.035 +- 0.020 m, vel=0.099 +- 0.053 m/s
[2026-07-08 23:13:38.909] [odom] [warning] IMU better ratios rot=0.86, trans=0.03, vel=0.06
[2026-07-08 23:13:40.725] [odom] [warning] IMU bias estimation seems inaccurate.
[2026-07-08 23:13:40.725] [odom] [warning] Possibly T_lidar_imu is not accurate or LiDAR-IMU synchronization is not correct.
[2026-07-08 23:13:40.725] [odom] [warning] IMU bias validation results:
[2026-07-08 23:13:40.725] [odom] [warning] num_bias_validations=12160
[2026-07-08 23:13:40.725] [odom] [warning] bias_acc=[0.544, -0.862, 0.010] m/s^2, bias_gyro=[-0.019, 0.000, 0.001] rad/s
[2026-07-08 23:13:40.725] [odom] [warning] acc_stat ax=0.368 +- 0.372 [min=-0.311, max=0.761], ay=-0.148 +- 0.309 [min=-0.862, max=0.329], az=0.055 +- 0.047 [min=-0.007, max=0.138] m/s^2
[2026-07-08 23:13:40.725] [odom] [warning] gyro_stat wx=-0.018 +- 0.000 [min=-0.020, max=-0.016], wy=0.000 +- 0.001 [min=-0.004, max=0.003], wz=0.001 +- 0.000 [min=0.001, max=0.001] rad/s
[2026-07-08 23:13:41.543] [odom] [warning] IMU prediction is not good.
[2026-07-08 23:13:41.543] [odom] [warning] Possibly T_lidar_imu is not accurate or IMU bias is not well estimated.
[2026-07-08 23:13:41.543] [odom] [warning] IMU validation results:
[2026-07-08 23:13:41.543] [odom] [warning] num_validations=11776
[2026-07-08 23:13:41.543] [odom] [warning] No-IMU errors rot=0.189 +- 0.199 deg, trans=0.030 +- 0.018 m, vel=0.026 +- 0.017 m/s
[2026-07-08 23:13:41.543] [odom] [warning] IMU errors rot=0.064 +- 0.049 deg, trans=0.035 +- 0.020 m, vel=0.099 +- 0.052 m/s
[2026-07-08 23:13:41.543] [odom] [warning] IMU better ratios rot=0.86, trans=0.03, vel=0.06
[2026-07-08 23:13:42.265] [glim] [info] playback speed: 2.672x
[2026-07-08 23:13:43.353] [odom] [warning] IMU bias estimation seems inaccurate.
[2026-07-08 23:13:43.353] [odom] [warning] Possibly T_lidar_imu is not accurate or LiDAR-IMU synchronization is not correct.
[2026-07-08 23:13:43.353] [odom] [warning] IMU bias validation results:
[2026-07-08 23:13:43.353] [odom] [warning] num_bias_validations=12224
[2026-07-08 23:13:43.353] [odom] [warning] bias_acc=[0.533, -0.875, 0.012] m/s^2, bias_gyro=[-0.019, 0.000, 0.001] rad/s
[2026-07-08 23:13:43.353] [odom] [warning] acc_stat ax=0.369 +- 0.371 [min=-0.311, max=0.761], ay=-0.151 +- 0.312 [min=-0.875, max=0.329], az=0.055 +- 0.047 [min=-0.007, max=0.138] m/s^2
[2026-07-08 23:13:43.353] [odom] [warning] gyro_stat wx=-0.018 +- 0.000 [min=-0.020, max=-0.016], wy=0.000 +- 0.001 [min=-0.004, max=0.003], wz=0.001 +- 0.000 [min=0.001, max=0.001] rad/s
[2026-07-08 23:13:43.634] [odom] [warning] IMU prediction is not good.
[2026-07-08 23:13:43.634] [odom] [warning] Possibly T_lidar_imu is not accurate or IMU bias is not well estimated.
[2026-07-08 23:13:43.634] [odom] [warning] IMU validation results:
[2026-07-08 23:13:43.634] [odom] [warning] num_validations=11840
[2026-07-08 23:13:43.634] [odom] [warning] No-IMU errors rot=0.188 +- 0.199 deg, trans=0.030 +- 0.018 m, vel=0.026 +- 0.017 m/s
[2026-07-08 23:13:43.634] [odom] [warning] IMU errors rot=0.064 +- 0.049 deg, trans=0.035 +- 0.020 m, vel=0.100 +- 0.052 m/s
[2026-07-08 23:13:43.634] [odom] [warning] IMU better ratios rot=0.86, trans=0.03, vel=0.06
[2026-07-08 23:13:45.474] [odom] [warning] IMU bias estimation seems inaccurate.
[2026-07-08 23:13:45.474] [odom] [warning] Possibly T_lidar_imu is not accurate or LiDAR-IMU synchronization is not correct.
[2026-07-08 23:13:45.474] [odom] [warning] IMU bias validation results:
[2026-07-08 23:13:45.474] [odom] [warning] num_bias_validations=12288
[2026-07-08 23:13:45.474] [odom] [warning] bias_acc=[0.522, -0.887, 0.013] m/s^2, bias_gyro=[-0.018, 0.000, 0.001] rad/s
[2026-07-08 23:13:45.474] [odom] [warning] acc_stat ax=0.369 +- 0.371 [min=-0.311, max=0.761], ay=-0.155 +- 0.316 [min=-0.887, max=0.329], az=0.054 +- 0.047 [min=-0.007, max=0.138] m/s^2
[2026-07-08 23:13:45.474] [odom] [warning] gyro_stat wx=-0.018 +- 0.000 [min=-0.020, max=-0.016], wy=0.000 +- 0.001 [min=-0.004, max=0.003], wz=0.001 +- 0.000 [min=0.001, max=0.001] rad/s
[2026-07-08 23:13:46.073] [odom] [warning] IMU prediction is not good.
[2026-07-08 23:13:46.073] [odom] [warning] Possibly T_lidar_imu is not accurate or IMU bias is not well estimated.
[2026-07-08 23:13:46.073] [odom] [warning] IMU validation results:
[2026-07-08 23:13:46.073] [odom] [warning] num_validations=11904
[2026-07-08 23:13:46.073] [odom] [warning] No-IMU errors rot=0.188 +- 0.199 deg, trans=0.030 +- 0.018 m, vel=0.026 +- 0.017 m/s
[2026-07-08 23:13:46.073] [odom] [warning] IMU errors rot=0.064 +- 0.049 deg, trans=0.035 +- 0.020 m, vel=0.100 +- 0.052 m/s
[2026-07-08 23:13:46.073] [odom] [warning] IMU better ratios rot=0.86, trans=0.03, vel=0.06
[2026-07-08 23:13:47.304] [glim] [info] playback speed: 2.919x
[2026-07-08 23:13:47.825] [odom] [warning] IMU bias estimation seems inaccurate.
[2026-07-08 23:13:47.825] [odom] [warning] Possibly T_lidar_imu is not accurate or LiDAR-IMU synchronization is not correct.
[2026-07-08 23:13:47.825] [odom] [warning] IMU bias validation results:
[2026-07-08 23:13:47.825] [odom] [warning] num_bias_validations=12352
[2026-07-08 23:13:47.825] [odom] [warning] bias_acc=[0.511, -0.898, 0.014] m/s^2, bias_gyro=[-0.019, 0.000, 0.001] rad/s
[2026-07-08 23:13:47.825] [odom] [warning] acc_stat ax=0.370 +- 0.370 [min=-0.311, max=0.761], ay=-0.159 +- 0.320 [min=-0.898, max=0.329], az=0.054 +- 0.047 [min=-0.007, max=0.138] m/s^2
[2026-07-08 23:13:47.825] [odom] [warning] gyro_stat wx=-0.018 +- 0.000 [min=-0.020, max=-0.016], wy=0.000 +- 0.001 [min=-0.004, max=0.003], wz=0.001 +- 0.000 [min=0.001, max=0.001] rad/s
[2026-07-08 23:13:48.250] [odom] [warning] IMU prediction is not good.
[2026-07-08 23:13:48.250] [odom] [warning] Possibly T_lidar_imu is not accurate or IMU bias is not well estimated.
[2026-07-08 23:13:48.250] [odom] [warning] IMU validation results:
[2026-07-08 23:13:48.250] [odom] [warning] num_validations=11968
[2026-07-08 23:13:48.250] [odom] [warning] No-IMU errors rot=0.188 +- 0.198 deg, trans=0.030 +- 0.018 m, vel=0.026 +- 0.017 m/s
[2026-07-08 23:13:48.250] [odom] [warning] IMU errors rot=0.064 +- 0.049 deg, trans=0.035 +- 0.020 m, vel=0.100 +- 0.052 m/s
[2026-07-08 23:13:48.250] [odom] [warning] IMU better ratios rot=0.86, trans=0.03, vel=0.06
[2026-07-08 23:13:50.529] [odom] [warning] IMU bias estimation seems inaccurate.
[2026-07-08 23:13:50.529] [odom] [warning] Possibly T_lidar_imu is not accurate or LiDAR-IMU synchronization is not correct.
[2026-07-08 23:13:50.529] [odom] [warning] IMU bias validation results:
[2026-07-08 23:13:50.529] [odom] [warning] num_bias_validations=12416
[2026-07-08 23:13:50.529] [odom] [warning] bias_acc=[0.500, -0.908, 0.015] m/s^2, bias_gyro=[-0.019, 0.001, 0.001] rad/s
[2026-07-08 23:13:50.529] [odom] [warning] acc_stat ax=0.371 +- 0.369 [min=-0.311, max=0.761], ay=-0.163 +- 0.323 [min=-0.908, max=0.329], az=0.054 +- 0.047 [min=-0.007, max=0.138] m/s^2
[2026-07-08 23:13:50.529] [odom] [warning] gyro_stat wx=-0.018 +- 0.000 [min=-0.020, max=-0.016], wy=0.000 +- 0.001 [min=-0.004, max=0.003], wz=0.001 +- 0.000 [min=0.001, max=0.001] rad/s
[2026-07-08 23:13:50.762] [odom] [warning] IMU prediction is not good.
[2026-07-08 23:13:50.762] [odom] [warning] Possibly T_lidar_imu is not accurate or IMU bias is not well estimated.
[2026-07-08 23:13:50.762] [odom] [warning] IMU validation results:
[2026-07-08 23:13:50.762] [odom] [warning] num_validations=12032
[2026-07-08 23:13:50.762] [odom] [warning] No-IMU errors rot=0.188 +- 0.199 deg, trans=0.030 +- 0.017 m, vel=0.026 +- 0.017 m/s
[2026-07-08 23:13:50.762] [odom] [warning] IMU errors rot=0.064 +- 0.049 deg, trans=0.035 +- 0.020 m, vel=0.100 +- 0.052 m/s
[2026-07-08 23:13:50.762] [odom] [warning] IMU better ratios rot=0.86, trans=0.03, vel=0.06
[2026-07-08 23:13:52.151] [odom] [warning] IMU bias estimation seems inaccurate.
[2026-07-08 23:13:52.151] [odom] [warning] Possibly T_lidar_imu is not accurate or LiDAR-IMU synchronization is not correct.
[2026-07-08 23:13:52.151] [odom] [warning] IMU bias validation results:
[2026-07-08 23:13:52.151] [odom] [warning] num_bias_validations=12480
[2026-07-08 23:13:52.151] [odom] [warning] bias_acc=[0.489, -0.919, 0.017] m/s^2, bias_gyro=[-0.019, 0.001, 0.001] rad/s
[2026-07-08 23:13:52.151] [odom] [warning] acc_stat ax=0.371 +- 0.368 [min=-0.311, max=0.761], ay=-0.167 +- 0.327 [min=-0.919, max=0.329], az=0.054 +- 0.047 [min=-0.007, max=0.138] m/s^2
[2026-07-08 23:13:52.151] [odom] [warning] gyro_stat wx=-0.018 +- 0.000 [min=-0.020, max=-0.016], wy=0.000 +- 0.001 [min=-0.004, max=0.003], wz=0.001 +- 0.000 [min=0.001, max=0.001] rad/s
[2026-07-08 23:13:52.330] [glim] [info] playback speed: 2.826x
[2026-07-08 23:13:53.411] [odom] [warning] IMU prediction is not good.
[2026-07-08 23:13:53.411] [odom] [warning] Possibly T_lidar_imu is not accurate or IMU bias is not well estimated.
[2026-07-08 23:13:53.411] [odom] [warning] IMU validation results:
[2026-07-08 23:13:53.411] [odom] [warning] num_validations=12096
[2026-07-08 23:13:53.411] [odom] [warning] No-IMU errors rot=0.188 +- 0.198 deg, trans=0.030 +- 0.017 m, vel=0.026 +- 0.017 m/s
[2026-07-08 23:13:53.411] [odom] [warning] IMU errors rot=0.064 +- 0.049 deg, trans=0.035 +- 0.020 m, vel=0.100 +- 0.052 m/s
[2026-07-08 23:13:53.411] [odom] [warning] IMU better ratios rot=0.86, trans=0.03, vel=0.06
[2026-07-08 23:13:54.101] [odom] [warning] IMU bias estimation seems inaccurate.
[2026-07-08 23:13:54.101] [odom] [warning] Possibly T_lidar_imu is not accurate or LiDAR-IMU synchronization is not correct.
[2026-07-08 23:13:54.101] [odom] [warning] IMU bias validation results:
[2026-07-08 23:13:54.101] [odom] [warning] num_bias_validations=12544
[2026-07-08 23:13:54.101] [odom] [warning] bias_acc=[0.476, -0.928, 0.018] m/s^2, bias_gyro=[-0.019, 0.000, 0.001] rad/s
[2026-07-08 23:13:54.101] [odom] [warning] acc_stat ax=0.372 +- 0.367 [min=-0.311, max=0.761], ay=-0.171 +- 0.331 [min=-0.928, max=0.329], az=0.054 +- 0.047 [min=-0.007, max=0.138] m/s^2
[2026-07-08 23:13:54.101] [odom] [warning] gyro_stat wx=-0.018 +- 0.000 [min=-0.020, max=-0.016], wy=0.000 +- 0.001 [min=-0.004, max=0.003], wz=0.001 +- 0.000 [min=0.001, max=0.001] rad/s
[2026-07-08 23:13:54.639] [odom] [warning] IMU prediction is not good.
[2026-07-08 23:13:54.639] [odom] [warning] Possibly T_lidar_imu is not accurate or IMU bias is not well estimated.
[2026-07-08 23:13:54.639] [odom] [warning] IMU validation results:
[2026-07-08 23:13:54.639] [odom] [warning] num_validations=12160
[2026-07-08 23:13:54.639] [odom] [warning] No-IMU errors rot=0.188 +- 0.198 deg, trans=0.030 +- 0.017 m, vel=0.026 +- 0.017 m/s
[2026-07-08 23:13:54.639] [odom] [warning] IMU errors rot=0.064 +- 0.049 deg, trans=0.035 +- 0.020 m, vel=0.100 +- 0.052 m/s
[2026-07-08 23:13:54.639] [odom] [warning] IMU better ratios rot=0.86, trans=0.03, vel=0.06
[2026-07-08 23:13:56.517] [odom] [warning] IMU bias estimation seems inaccurate.
[2026-07-08 23:13:56.517] [odom] [warning] Possibly T_lidar_imu is not accurate or LiDAR-IMU synchronization is not correct.
[2026-07-08 23:13:56.517] [odom] [warning] IMU bias validation results:
[2026-07-08 23:13:56.517] [odom] [warning] num_bias_validations=12608
[2026-07-08 23:13:56.517] [odom] [warning] bias_acc=[0.463, -0.936, 0.018] m/s^2, bias_gyro=[-0.018, 0.001, 0.001] rad/s
[2026-07-08 23:13:56.517] [odom] [warning] acc_stat ax=0.372 +- 0.366 [min=-0.311, max=0.761], ay=-0.175 +- 0.334 [min=-0.936, max=0.329], az=0.053 +- 0.047 [min=-0.007, max=0.138] m/s^2
[2026-07-08 23:13:56.517] [odom] [warning] gyro_stat wx=-0.018 +- 0.000 [min=-0.020, max=-0.016], wy=0.000 +- 0.001 [min=-0.004, max=0.003], wz=0.001 +- 0.000 [min=0.001, max=0.001] rad/s
[2026-07-08 23:13:56.732] [odom] [warning] IMU prediction is not good.
[2026-07-08 23:13:56.732] [odom] [warning] Possibly T_lidar_imu is not accurate or IMU bias is not well estimated.
[2026-07-08 23:13:56.732] [odom] [warning] IMU validation results:
[2026-07-08 23:13:56.732] [odom] [warning] num_validations=12224
[2026-07-08 23:13:56.732] [odom] [warning] No-IMU errors rot=0.188 +- 0.197 deg, trans=0.030 +- 0.017 m, vel=0.026 +- 0.017 m/s
[2026-07-08 23:13:56.732] [odom] [warning] IMU errors rot=0.063 +- 0.049 deg, trans=0.035 +- 0.020 m, vel=0.100 +- 0.052 m/s
[2026-07-08 23:13:56.732] [odom] [warning] IMU better ratios rot=0.86, trans=0.03, vel=0.06
[2026-07-08 23:13:57.347] [glim] [info] playback speed: 3.498x
[2026-07-08 23:13:57.968] [odom] [warning] IMU bias estimation seems inaccurate.
[2026-07-08 23:13:57.968] [odom] [warning] Possibly T_lidar_imu is not accurate or LiDAR-IMU synchronization is not correct.
[2026-07-08 23:13:57.968] [odom] [warning] IMU bias validation results:
[2026-07-08 23:13:57.968] [odom] [warning] num_bias_validations=12672
[2026-07-08 23:13:57.968] [odom] [warning] bias_acc=[0.453, -0.943, 0.019] m/s^2, bias_gyro=[-0.018, 0.001, 0.001] rad/s
[2026-07-08 23:13:57.968] [odom] [warning] acc_stat ax=0.373 +- 0.365 [min=-0.311, max=0.761], ay=-0.179 +- 0.338 [min=-0.943, max=0.329], az=0.053 +- 0.047 [min=-0.007, max=0.138] m/s^2
[2026-07-08 23:13:57.968] [odom] [warning] gyro_stat wx=-0.018 +- 0.000 [min=-0.020, max=-0.016], wy=0.000 +- 0.001 [min=-0.004, max=0.003], wz=0.001 +- 0.000 [min=0.001, max=0.001] rad/s
[2026-07-08 23:13:59.172] [odom] [warning] IMU prediction is not good.
[2026-07-08 23:13:59.172] [odom] [warning] Possibly T_lidar_imu is not accurate or IMU bias is not well estimated.
[2026-07-08 23:13:59.172] [odom] [warning] IMU validation results:
[2026-07-08 23:13:59.172] [odom] [warning] num_validations=12288
[2026-07-08 23:13:59.172] [odom] [warning] No-IMU errors rot=0.187 +- 0.197 deg, trans=0.030 +- 0.017 m, vel=0.026 +- 0.017 m/s
[2026-07-08 23:13:59.172] [odom] [warning] IMU errors rot=0.063 +- 0.049 deg, trans=0.035 +- 0.020 m, vel=0.100 +- 0.052 m/s
[2026-07-08 23:13:59.172] [odom] [warning] IMU better ratios rot=0.86, trans=0.03, vel=0.06
[2026-07-08 23:13:59.582] [odom] [warning] IMU bias estimation seems inaccurate.
[2026-07-08 23:13:59.582] [odom] [warning] Possibly T_lidar_imu is not accurate or LiDAR-IMU synchronization is not correct.
[2026-07-08 23:13:59.582] [odom] [warning] IMU bias validation results:
[2026-07-08 23:13:59.582] [odom] [warning] num_bias_validations=12736
[2026-07-08 23:13:59.582] [odom] [warning] bias_acc=[0.441, -0.950, 0.019] m/s^2, bias_gyro=[-0.018, 0.001, 0.001] rad/s
[2026-07-08 23:13:59.582] [odom] [warning] acc_stat ax=0.373 +- 0.365 [min=-0.311, max=0.761], ay=-0.182 +- 0.341 [min=-0.950, max=0.329], az=0.053 +- 0.047 [min=-0.007, max=0.138] m/s^2
[2026-07-08 23:13:59.582] [odom] [warning] gyro_stat wx=-0.018 +- 0.000 [min=-0.020, max=-0.016], wy=0.000 +- 0.001 [min=-0.004, max=0.003], wz=0.001 +- 0.000 [min=0.001, max=0.001] rad/s
[2026-07-08 23:14:00.570] [odom] [warning] IMU prediction is not good.
[2026-07-08 23:14:00.570] [odom] [warning] Possibly T_lidar_imu is not accurate or IMU bias is not well estimated.
[2026-07-08 23:14:00.570] [odom] [warning] IMU validation results:
[2026-07-08 23:14:00.570] [odom] [warning] num_validations=12352
[2026-07-08 23:14:00.570] [odom] [warning] No-IMU errors rot=0.187 +- 0.197 deg, trans=0.030 +- 0.017 m, vel=0.026 +- 0.017 m/s
[2026-07-08 23:14:00.570] [odom] [warning] IMU errors rot=0.064 +- 0.049 deg, trans=0.035 +- 0.020 m, vel=0.100 +- 0.051 m/s
[2026-07-08 23:14:00.570] [odom] [warning] IMU better ratios rot=0.86, trans=0.03, vel=0.06
[2026-07-08 23:14:02.357] [glim] [info] playback speed: 2.835x
[2026-07-08 23:14:02.448] [odom] [warning] IMU bias estimation seems inaccurate.
[2026-07-08 23:14:02.448] [odom] [warning] Possibly T_lidar_imu is not accurate or LiDAR-IMU synchronization is not correct.
[2026-07-08 23:14:02.448] [odom] [warning] IMU bias validation results:
[2026-07-08 23:14:02.448] [odom] [warning] num_bias_validations=12800
[2026-07-08 23:14:02.448] [odom] [warning] bias_acc=[0.429, -0.952, 0.020] m/s^2, bias_gyro=[-0.018, 0.001, 0.001] rad/s
[2026-07-08 23:14:02.448] [odom] [warning] acc_stat ax=0.373 +- 0.364 [min=-0.311, max=0.761], ay=-0.186 +- 0.345 [min=-0.952, max=0.329], az=0.053 +- 0.047 [min=-0.007, max=0.138] m/s^2
[2026-07-08 23:14:02.448] [odom] [warning] gyro_stat wx=-0.018 +- 0.000 [min=-0.020, max=-0.016], wy=0.000 +- 0.001 [min=-0.004, max=0.003], wz=0.001 +- 0.000 [min=0.001, max=0.001] rad/s
[2026-07-08 23:14:03.726] [odom] [warning] IMU prediction is not good.
[2026-07-08 23:14:03.726] [odom] [warning] Possibly T_lidar_imu is not accurate or IMU bias is not well estimated.
[2026-07-08 23:14:03.726] [odom] [warning] IMU validation results:
[2026-07-08 23:14:03.726] [odom] [warning] num_validations=12416
[2026-07-08 23:14:03.726] [odom] [warning] No-IMU errors rot=0.187 +- 0.196 deg, trans=0.030 +- 0.017 m, vel=0.026 +- 0.017 m/s
[2026-07-08 23:14:03.726] [odom] [warning] IMU errors rot=0.064 +- 0.049 deg, trans=0.035 +- 0.020 m, vel=0.100 +- 0.051 m/s
[2026-07-08 23:14:03.726] [odom] [warning] IMU better ratios rot=0.86, trans=0.02, vel=0.06
[2026-07-08 23:14:04.510] [odom] [warning] IMU bias estimation seems inaccurate.
[2026-07-08 23:14:04.510] [odom] [warning] Possibly T_lidar_imu is not accurate or LiDAR-IMU synchronization is not correct.
[2026-07-08 23:14:04.510] [odom] [warning] IMU bias validation results:
[2026-07-08 23:14:04.510] [odom] [warning] num_bias_validations=12864
[2026-07-08 23:14:04.510] [odom] [warning] bias_acc=[0.416, -0.956, 0.021] m/s^2, bias_gyro=[-0.018, 0.001, 0.001] rad/s
[2026-07-08 23:14:04.510] [odom] [warning] acc_stat ax=0.374 +- 0.363 [min=-0.311, max=0.761], ay=-0.190 +- 0.348 [min=-0.956, max=0.329], az=0.053 +- 0.047 [min=-0.007, max=0.138] m/s^2
[2026-07-08 23:14:04.510] [odom] [warning] gyro_stat wx=-0.018 +- 0.000 [min=-0.020, max=-0.016], wy=0.000 +- 0.001 [min=-0.004, max=0.003], wz=0.001 +- 0.000 [min=0.001, max=0.001] rad/s
[2026-07-08 23:14:05.168] [odom] [warning] IMU prediction is not good.
[2026-07-08 23:14:05.168] [odom] [warning] Possibly T_lidar_imu is not accurate or IMU bias is not well estimated.
[2026-07-08 23:14:05.168] [odom] [warning] IMU validation results:
[2026-07-08 23:14:05.168] [odom] [warning] num_validations=12480
[2026-07-08 23:14:05.168] [odom] [warning] No-IMU errors rot=0.187 +- 0.196 deg, trans=0.030 +- 0.017 m, vel=0.026 +- 0.017 m/s
[2026-07-08 23:14:05.168] [odom] [warning] IMU errors rot=0.064 +- 0.049 deg, trans=0.034 +- 0.020 m, vel=0.100 +- 0.051 m/s
[2026-07-08 23:14:05.169] [odom] [warning] IMU better ratios rot=0.86, trans=0.02, vel=0.06
[2026-07-08 23:14:07.357] [glim] [info] playback speed: 2.678x
[2026-07-08 23:14:07.431] [odom] [warning] IMU bias estimation seems inaccurate.
[2026-07-08 23:14:07.431] [odom] [warning] Possibly T_lidar_imu is not accurate or LiDAR-IMU synchronization is not correct.
[2026-07-08 23:14:07.431] [odom] [warning] IMU bias validation results:
[2026-07-08 23:14:07.431] [odom] [warning] num_bias_validations=12928
[2026-07-08 23:14:07.431] [odom] [warning] bias_acc=[0.403, -0.960, 0.022] m/s^2, bias_gyro=[-0.018, 0.001, 0.001] rad/s
[2026-07-08 23:14:07.431] [odom] [warning] acc_stat ax=0.374 +- 0.362 [min=-0.311, max=0.761], ay=-0.194 +- 0.351 [min=-0.960, max=0.329], az=0.053 +- 0.047 [min=-0.007, max=0.138] m/s^2
[2026-07-08 23:14:07.431] [odom] [warning] gyro_stat wx=-0.018 +- 0.000 [min=-0.020, max=-0.016], wy=0.000 +- 0.001 [min=-0.004, max=0.003], wz=0.001 +- 0.000 [min=0.001, max=0.001] rad/s
[2026-07-08 23:14:08.748] [odom] [warning] IMU prediction is not good.
[2026-07-08 23:14:08.748] [odom] [warning] Possibly T_lidar_imu is not accurate or IMU bias is not well estimated.
[2026-07-08 23:14:08.748] [odom] [warning] IMU validation results:
[2026-07-08 23:14:08.748] [odom] [warning] num_validations=12544
[2026-07-08 23:14:08.748] [odom] [warning] No-IMU errors rot=0.187 +- 0.196 deg, trans=0.030 +- 0.017 m, vel=0.026 +- 0.017 m/s
[2026-07-08 23:14:08.748] [odom] [warning] IMU errors rot=0.063 +- 0.049 deg, trans=0.034 +- 0.020 m, vel=0.100 +- 0.051 m/s
[2026-07-08 23:14:08.748] [odom] [warning] IMU better ratios rot=0.86, trans=0.02, vel=0.06
[2026-07-08 23:14:09.642] [odom] [warning] IMU bias estimation seems inaccurate.
[2026-07-08 23:14:09.642] [odom] [warning] Possibly T_lidar_imu is not accurate or LiDAR-IMU synchronization is not correct.
[2026-07-08 23:14:09.642] [odom] [warning] IMU bias validation results:
[2026-07-08 23:14:09.642] [odom] [warning] num_bias_validations=12992
[2026-07-08 23:14:09.642] [odom] [warning] bias_acc=[0.389, -0.963, 0.023] m/s^2, bias_gyro=[-0.018, 0.001, 0.001] rad/s
[2026-07-08 23:14:09.642] [odom] [warning] acc_stat ax=0.374 +- 0.361 [min=-0.311, max=0.761], ay=-0.198 +- 0.355 [min=-0.963, max=0.329], az=0.052 +- 0.047 [min=-0.007, max=0.138] m/s^2
[2026-07-08 23:14:09.642] [odom] [warning] gyro_stat wx=-0.018 +- 0.000 [min=-0.020, max=-0.016], wy=0.000 +- 0.001 [min=-0.004, max=0.003], wz=0.001 +- 0.000 [min=0.001, max=0.001] rad/s
[2026-07-08 23:14:10.160] [odom] [warning] IMU prediction is not good.
[2026-07-08 23:14:10.160] [odom] [warning] Possibly T_lidar_imu is not accurate or IMU bias is not well estimated.
[2026-07-08 23:14:10.160] [odom] [warning] IMU validation results:
[2026-07-08 23:14:10.160] [odom] [warning] num_validations=12608
[2026-07-08 23:14:10.160] [odom] [warning] No-IMU errors rot=0.186 +- 0.196 deg, trans=0.030 +- 0.017 m, vel=0.026 +- 0.017 m/s
[2026-07-08 23:14:10.160] [odom] [warning] IMU errors rot=0.063 +- 0.049 deg, trans=0.034 +- 0.020 m, vel=0.100 +- 0.051 m/s
[2026-07-08 23:14:10.160] [odom] [warning] IMU better ratios rot=0.86, trans=0.02, vel=0.06
[2026-07-08 23:14:11.386] [glim] [warning] large time gap between consecutive IMU data!!
[2026-07-08 23:14:11.386] [glim] [warning] current=1783513652.368347 last=1783513647.598352 diff=4.769995
[2026-07-08 23:14:11.386] [glim] [warning] large time difference between points and imu!!
[2026-07-08 23:14:11.386] [glim] [warning] points=1783513647.438072 imu=1783513652.368347 diff=4.930275
[2026-07-08 23:14:11.386] [glim] [warning] large time difference between points and imu!!
[2026-07-08 23:14:11.386] [glim] [warning] points=1783513647.438072 imu=1783513652.378349 diff=4.940276
[2026-07-08 23:14:11.386] [glim] [warning] large time difference between points and imu!!
[2026-07-08 23:14:11.386] [glim] [warning] points=1783513647.438072 imu=1783513652.388346 diff=4.950274
[2026-07-08 23:14:11.386] [glim] [warning] large time difference between points and imu!!
[2026-07-08 23:14:11.386] [glim] [warning] points=1783513647.438072 imu=1783513652.398318 diff=4.960245
[2026-07-08 23:14:11.387] [glim] [warning] large time difference between points and imu!!
[2026-07-08 23:14:11.387] [glim] [warning] points=1783513647.438072 imu=1783513652.408427 diff=4.970355
[2026-07-08 23:14:11.388] [glim] [warning] large time gap between consecutive LiDAR frames!!
[2026-07-08 23:14:11.388] [glim] [warning] current=1783513651.394380 last=1783513647.438072 diff=3.956308
[2026-07-08 23:14:12.140] [odom] [warning] insufficient number of IMU data between LiDAR scans!! (odometry_estimation)
[2026-07-08 23:14:12.140] [odom] [warning] t_last=1783513651.394380 t_current=1783513651.495925 num_imu=0
[2026-07-08 23:14:12.158] [odom] [warning] insufficient number of IMU data between LiDAR scans!! (odometry_estimation)
[2026-07-08 23:14:12.158] [odom] [warning] t_last=1783513651.495925 t_current=1783513651.597428 num_imu=0
[2026-07-08 23:14:12.169] [odom] [warning] insufficient number of IMU data between LiDAR scans!! (odometry_estimation)
[2026-07-08 23:14:12.169] [odom] [warning] t_last=1783513651.597428 t_current=1783513651.698692 num_imu=0
[2026-07-08 23:14:12.180] [odom] [warning] insufficient number of IMU data between LiDAR scans!! (odometry_estimation)
[2026-07-08 23:14:12.180] [odom] [warning] t_last=1783513651.698692 t_current=1783513651.800230 num_imu=0
[2026-07-08 23:14:12.191] [odom] [warning] IMU bias estimation seems inaccurate.
[2026-07-08 23:14:12.191] [odom] [warning] Possibly T_lidar_imu is not accurate or LiDAR-IMU synchronization is not correct.
[2026-07-08 23:14:12.191] [odom] [warning] IMU bias validation results:
[2026-07-08 23:14:12.191] [odom] [warning] num_bias_validations=13056
[2026-07-08 23:14:12.191] [odom] [warning] bias_acc=[0.376, -0.965, 0.024] m/s^2, bias_gyro=[-0.019, 0.000, 0.001] rad/s
[2026-07-08 23:14:12.191] [odom] [warning] acc_stat ax=0.374 +- 0.360 [min=-0.311, max=0.761], ay=-0.201 +- 0.358 [min=-0.965, max=0.329], az=0.052 +- 0.047 [min=-0.007, max=0.138] m/s^2
[2026-07-08 23:14:12.191] [odom] [warning] gyro_stat wx=-0.018 +- 0.000 [min=-0.020, max=-0.016], wy=0.000 +- 0.001 [min=-0.004, max=0.003], wz=0.001 +- 0.000 [min=0.001, max=0.001] rad/s
[2026-07-08 23:14:12.191] [odom] [warning] insufficient number of IMU data between LiDAR scans!! (odometry_estimation)
[2026-07-08 23:14:12.191] [odom] [warning] t_last=1783513651.800230 t_current=1783513651.901667 num_imu=0
[2026-07-08 23:14:12.201] [odom] [warning] insufficient number of IMU data between LiDAR scans!! (odometry_estimation)
[2026-07-08 23:14:12.201] [odom] [warning] t_last=1783513651.901667 t_current=1783513652.003170 num_imu=0
[2026-07-08 23:14:12.216] [odom] [warning] insufficient number of IMU data between LiDAR scans!! (odometry_estimation)
[2026-07-08 23:14:12.216] [odom] [warning] t_last=1783513652.003170 t_current=1783513652.104568 num_imu=0
[2026-07-08 23:14:12.228] [odom] [warning] insufficient number of IMU data between LiDAR scans!! (odometry_estimation)
[2026-07-08 23:14:12.228] [odom] [warning] t_last=1783513652.104568 t_current=1783513652.205997 num_imu=0
[2026-07-08 23:14:12.240] [odom] [warning] insufficient number of IMU data between LiDAR scans!! (odometry_estimation)
[2026-07-08 23:14:12.240] [odom] [warning] t_last=1783513652.205997 t_current=1783513652.307383 num_imu=0
[2026-07-08 23:14:12.357] [glim] [info] playback speed: 3.535x
[2026-07-08 23:14:12.422] [odom] [warning] IMU prediction is not good.
[2026-07-08 23:14:12.422] [odom] [warning] Possibly T_lidar_imu is not accurate or IMU bias is not well estimated.
[2026-07-08 23:14:12.422] [odom] [warning] IMU validation results:
[2026-07-08 23:14:12.422] [odom] [warning] num_validations=12672
[2026-07-08 23:14:12.422] [odom] [warning] No-IMU errors rot=0.187 +- 0.214 deg, trans=0.031 +- 0.109 m, vel=0.027 +- 0.082 m/s
[2026-07-08 23:14:12.422] [odom] [warning] IMU errors rot=0.064 +- 0.050 deg, trans=0.035 +- 0.021 m, vel=0.101 +- 0.078 m/s
[2026-07-08 23:14:12.422] [odom] [warning] IMU better ratios rot=0.86, trans=0.03, vel=0.06
[2026-07-08 23:14:12.692] [submap] [warning] insufficient IMU data between LiDAR frames!! (sub_mapping)
[2026-07-08 23:14:12.709] [submap] [warning] insufficient IMU data between LiDAR frames!! (sub_mapping)
[2026-07-08 23:14:12.767] [submap] [warning] insufficient IMU data between LiDAR frames!! (sub_mapping)
[2026-07-08 23:14:12.794] [submap] [warning] insufficient IMU data between LiDAR frames!! (sub_mapping)
[2026-07-08 23:14:12.820] [submap] [warning] insufficient IMU data between LiDAR frames!! (sub_mapping)
[2026-07-08 23:14:12.881] [submap] [warning] insufficient IMU data between LiDAR frames!! (sub_mapping)
[2026-07-08 23:14:12.907] [submap] [warning] insufficient IMU data between LiDAR frames!! (sub_mapping)
[2026-07-08 23:14:12.945] [submap] [warning] insufficient IMU data between LiDAR frames!! (sub_mapping)
[2026-07-08 23:14:13.230] [odom] [warning] IMU bias estimation seems inaccurate.
[2026-07-08 23:14:13.230] [odom] [warning] Possibly T_lidar_imu is not accurate or LiDAR-IMU synchronization is not correct.
[2026-07-08 23:14:13.230] [odom] [warning] IMU bias validation results:
[2026-07-08 23:14:13.230] [odom] [warning] num_bias_validations=13120
[2026-07-08 23:14:13.230] [odom] [warning] bias_acc=[0.358, -0.969, 0.026] m/s^2, bias_gyro=[-0.018, 0.000, 0.001] rad/s
[2026-07-08 23:14:13.230] [odom] [warning] acc_stat ax=0.374 +- 0.359 [min=-0.311, max=0.761], ay=-0.205 +- 0.361 [min=-0.969, max=0.329], az=0.052 +- 0.046 [min=-0.007, max=0.138] m/s^2
[2026-07-08 23:14:13.230] [odom] [warning] gyro_stat wx=-0.018 +- 0.000 [min=-0.020, max=-0.016], wy=0.000 +- 0.001 [min=-0.004, max=0.003], wz=0.001 +- 0.000 [min=0.001, max=0.001] rad/s
[2026-07-08 23:14:14.036] [odom] [warning] IMU prediction is not good.
[2026-07-08 23:14:14.036] [odom] [warning] Possibly T_lidar_imu is not accurate or IMU bias is not well estimated.
[2026-07-08 23:14:14.036] [odom] [warning] IMU validation results:
[2026-07-08 23:14:14.036] [odom] [warning] num_validations=12736
[2026-07-08 23:14:14.036] [odom] [warning] No-IMU errors rot=0.186 +- 0.213 deg, trans=0.031 +- 0.109 m, vel=0.027 +- 0.082 m/s
[2026-07-08 23:14:14.036] [odom] [warning] IMU errors rot=0.063 +- 0.050 deg, trans=0.035 +- 0.021 m, vel=0.101 +- 0.078 m/s
[2026-07-08 23:14:14.036] [odom] [warning] IMU better ratios rot=0.85, trans=0.03, vel=0.06
[2026-07-08 23:14:16.028] [odom] [warning] IMU bias estimation seems inaccurate.
[2026-07-08 23:14:16.028] [odom] [warning] Possibly T_lidar_imu is not accurate or LiDAR-IMU synchronization is not correct.
[2026-07-08 23:14:16.028] [odom] [warning] IMU bias validation results:
[2026-07-08 23:14:16.028] [odom] [warning] num_bias_validations=13184
[2026-07-08 23:14:16.028] [odom] [warning] bias_acc=[0.338, -0.973, 0.027] m/s^2, bias_gyro=[-0.019, 0.000, 0.001] rad/s
[2026-07-08 23:14:16.028] [odom] [warning] acc_stat ax=0.374 +- 0.358 [min=-0.311, max=0.761], ay=-0.209 +- 0.364 [min=-0.973, max=0.329], az=0.052 +- 0.046 [min=-0.007, max=0.138] m/s^2
[2026-07-08 23:14:16.028] [odom] [warning] gyro_stat wx=-0.018 +- 0.000 [min=-0.020, max=-0.016], wy=0.000 +- 0.001 [min=-0.004, max=0.003], wz=0.001 +- 0.000 [min=0.001, max=0.001] rad/s
[2026-07-08 23:14:17.105] [odom] [warning] IMU prediction is not good.
[2026-07-08 23:14:17.105] [odom] [warning] Possibly T_lidar_imu is not accurate or IMU bias is not well estimated.
[2026-07-08 23:14:17.105] [odom] [warning] IMU validation results:
[2026-07-08 23:14:17.105] [odom] [warning] num_validations=12800
[2026-07-08 23:14:17.105] [odom] [warning] No-IMU errors rot=0.185 +- 0.213 deg, trans=0.031 +- 0.109 m, vel=0.027 +- 0.082 m/s
[2026-07-08 23:14:17.105] [odom] [warning] IMU errors rot=0.063 +- 0.050 deg, trans=0.035 +- 0.021 m, vel=0.101 +- 0.078 m/s
[2026-07-08 23:14:17.105] [odom] [warning] IMU better ratios rot=0.85, trans=0.03, vel=0.06
[2026-07-08 23:14:17.380] [glim] [info] playback speed: 2.984x
[2026-07-08 23:14:19.047] [odom] [warning] IMU bias estimation seems inaccurate.
[2026-07-08 23:14:19.047] [odom] [warning] Possibly T_lidar_imu is not accurate or LiDAR-IMU synchronization is not correct.
[2026-07-08 23:14:19.047] [odom] [warning] IMU bias validation results:
[2026-07-08 23:14:19.047] [odom] [warning] num_bias_validations=13248
[2026-07-08 23:14:19.047] [odom] [warning] bias_acc=[0.320, -0.977, 0.029] m/s^2, bias_gyro=[-0.019, 0.000, 0.001] rad/s
[2026-07-08 23:14:19.047] [odom] [warning] acc_stat ax=0.373 +- 0.357 [min=-0.311, max=0.761], ay=-0.213 +- 0.367 [min=-0.977, max=0.329], az=0.052 +- 0.046 [min=-0.007, max=0.138] m/s^2
[2026-07-08 23:14:19.047] [odom] [warning] gyro_stat wx=-0.018 +- 0.000 [min=-0.020, max=-0.016], wy=0.000 +- 0.001 [min=-0.004, max=0.003], wz=0.001 +- 0.000 [min=0.001, max=0.001] rad/s
[2026-07-08 23:14:19.643] [odom] [warning] IMU prediction is not good.
[2026-07-08 23:14:19.643] [odom] [warning] Possibly T_lidar_imu is not accurate or IMU bias is not well estimated.
[2026-07-08 23:14:19.643] [odom] [warning] IMU validation results:
[2026-07-08 23:14:19.643] [odom] [warning] num_validations=12864
[2026-07-08 23:14:19.643] [odom] [warning] No-IMU errors rot=0.185 +- 0.213 deg, trans=0.031 +- 0.109 m, vel=0.027 +- 0.081 m/s
[2026-07-08 23:14:19.643] [odom] [warning] IMU errors rot=0.063 +- 0.050 deg, trans=0.035 +- 0.020 m, vel=0.101 +- 0.078 m/s
[2026-07-08 23:14:19.643] [odom] [warning] IMU better ratios rot=0.85, trans=0.02, vel=0.06
[2026-07-08 23:14:19.966] [global] [warning] insufficient IMU data between submaps (global_mapping)!!
[2026-07-08 23:14:20.295] [odom] [warning] IMU bias estimation seems inaccurate.
[2026-07-08 23:14:20.295] [odom] [warning] Possibly T_lidar_imu is not accurate or LiDAR-IMU synchronization is not correct.
[2026-07-08 23:14:20.295] [odom] [warning] IMU bias validation results:
[2026-07-08 23:14:20.295] [odom] [warning] num_bias_validations=13312
[2026-07-08 23:14:20.295] [odom] [warning] bias_acc=[0.302, -0.981, 0.032] m/s^2, bias_gyro=[-0.019, 0.000, 0.001] rad/s
[2026-07-08 23:14:20.295] [odom] [warning] acc_stat ax=0.373 +- 0.357 [min=-0.311, max=0.761], ay=-0.216 +- 0.370 [min=-0.981, max=0.329], az=0.052 +- 0.046 [min=-0.007, max=0.138] m/s^2
[2026-07-08 23:14:20.295] [odom] [warning] gyro_stat wx=-0.018 +- 0.000 [min=-0.020, max=-0.016], wy=0.000 +- 0.001 [min=-0.004, max=0.003], wz=0.001 +- 0.000 [min=0.001, max=0.001] rad/s
[2026-07-08 23:14:21.294] [odom] [warning] IMU prediction is not good.
[2026-07-08 23:14:21.294] [odom] [warning] Possibly T_lidar_imu is not accurate or IMU bias is not well estimated.
[2026-07-08 23:14:21.294] [odom] [warning] IMU validation results:
[2026-07-08 23:14:21.294] [odom] [warning] num_validations=12928
[2026-07-08 23:14:21.294] [odom] [warning] No-IMU errors rot=0.185 +- 0.212 deg, trans=0.031 +- 0.108 m, vel=0.027 +- 0.081 m/s
[2026-07-08 23:14:21.294] [odom] [warning] IMU errors rot=0.063 +- 0.050 deg, trans=0.034 +- 0.020 m, vel=0.101 +- 0.077 m/s
[2026-07-08 23:14:21.294] [odom] [warning] IMU better ratios rot=0.85, trans=0.02, vel=0.06
[2026-07-08 23:14:22.260] [odom] [warning] IMU bias estimation seems inaccurate.
[2026-07-08 23:14:22.260] [odom] [warning] Possibly T_lidar_imu is not accurate or LiDAR-IMU synchronization is not correct.
[2026-07-08 23:14:22.260] [odom] [warning] IMU bias validation results:
[2026-07-08 23:14:22.260] [odom] [warning] num_bias_validations=13376
[2026-07-08 23:14:22.260] [odom] [warning] bias_acc=[0.283, -0.984, 0.033] m/s^2, bias_gyro=[-0.019, 0.001, 0.001] rad/s
[2026-07-08 23:14:22.260] [odom] [warning] acc_stat ax=0.373 +- 0.356 [min=-0.311, max=0.761], ay=-0.220 +- 0.373 [min=-0.984, max=0.329], az=0.052 +- 0.046 [min=-0.007, max=0.138] m/s^2
[2026-07-08 23:14:22.260] [odom] [warning] gyro_stat wx=-0.018 +- 0.000 [min=-0.020, max=-0.016], wy=0.000 +- 0.001 [min=-0.004, max=0.003], wz=0.001 +- 0.000 [min=0.001, max=0.001] rad/s
[2026-07-08 23:14:22.403] [glim] [info] playback speed: 3.353x
[2026-07-08 23:14:23.054] [odom] [warning] IMU prediction is not good.
[2026-07-08 23:14:23.054] [odom] [warning] Possibly T_lidar_imu is not accurate or IMU bias is not well estimated.
[2026-07-08 23:14:23.054] [odom] [warning] IMU validation results:
[2026-07-08 23:14:23.054] [odom] [warning] num_validations=12992
[2026-07-08 23:14:23.054] [odom] [warning] No-IMU errors rot=0.185 +- 0.212 deg, trans=0.031 +- 0.108 m, vel=0.027 +- 0.081 m/s
[2026-07-08 23:14:23.054] [odom] [warning] IMU errors rot=0.063 +- 0.050 deg, trans=0.034 +- 0.020 m, vel=0.101 +- 0.077 m/s
[2026-07-08 23:14:23.054] [odom] [warning] IMU better ratios rot=0.85, trans=0.02, vel=0.06
[2026-07-08 23:14:25.244] [odom] [warning] IMU bias estimation seems inaccurate.
[2026-07-08 23:14:25.244] [odom] [warning] Possibly T_lidar_imu is not accurate or LiDAR-IMU synchronization is not correct.
[2026-07-08 23:14:25.244] [odom] [warning] IMU bias validation results:
[2026-07-08 23:14:25.244] [odom] [warning] num_bias_validations=13440
[2026-07-08 23:14:25.244] [odom] [warning] bias_acc=[0.265, -0.988, 0.035] m/s^2, bias_gyro=[-0.019, 0.001, 0.001] rad/s
[2026-07-08 23:14:25.244] [odom] [warning] acc_stat ax=0.372 +- 0.355 [min=-0.311, max=0.761], ay=-0.224 +- 0.376 [min=-0.988, max=0.329], az=0.052 +- 0.046 [min=-0.007, max=0.138] m/s^2
[2026-07-08 23:14:25.244] [odom] [warning] gyro_stat wx=-0.018 +- 0.000 [min=-0.020, max=-0.016], wy=0.000 +- 0.001 [min=-0.004, max=0.003], wz=0.001 +- 0.000 [min=0.001, max=0.001] rad/s
[2026-07-08 23:14:26.147] [odom] [warning] IMU prediction is not good.
[2026-07-08 23:14:26.147] [odom] [warning] Possibly T_lidar_imu is not accurate or IMU bias is not well estimated.
[2026-07-08 23:14:26.147] [odom] [warning] IMU validation results:
[2026-07-08 23:14:26.147] [odom] [warning] num_validations=13056
[2026-07-08 23:14:26.147] [odom] [warning] No-IMU errors rot=0.185 +- 0.212 deg, trans=0.031 +- 0.108 m, vel=0.027 +- 0.081 m/s
[2026-07-08 23:14:26.147] [odom] [warning] IMU errors rot=0.063 +- 0.050 deg, trans=0.035 +- 0.020 m, vel=0.101 +- 0.077 m/s
[2026-07-08 23:14:26.147] [odom] [warning] IMU better ratios rot=0.85, trans=0.02, vel=0.05
[2026-07-08 23:14:26.689] [odom] [warning] IMU bias estimation seems inaccurate.
[2026-07-08 23:14:26.689] [odom] [warning] Possibly T_lidar_imu is not accurate or LiDAR-IMU synchronization is not correct.
[2026-07-08 23:14:26.689] [odom] [warning] IMU bias validation results:
[2026-07-08 23:14:26.689] [odom] [warning] num_bias_validations=13504
[2026-07-08 23:14:26.689] [odom] [warning] bias_acc=[0.245, -0.991, 0.037] m/s^2, bias_gyro=[-0.019, 0.000, 0.001] rad/s
[2026-07-08 23:14:26.689] [odom] [warning] acc_stat ax=0.371 +- 0.354 [min=-0.311, max=0.761], ay=-0.227 +- 0.379 [min=-0.991, max=0.329], az=0.052 +- 0.046 [min=-0.007, max=0.138] m/s^2
[2026-07-08 23:14:26.689] [odom] [warning] gyro_stat wx=-0.018 +- 0.000 [min=-0.020, max=-0.016], wy=0.000 +- 0.001 [min=-0.004, max=0.003], wz=0.001 +- 0.000 [min=0.001, max=0.001] rad/s
[2026-07-08 23:14:27.443] [glim] [info] playback speed: 2.878x
[2026-07-08 23:14:27.667] [odom] [warning] IMU prediction is not good.
[2026-07-08 23:14:27.667] [odom] [warning] Possibly T_lidar_imu is not accurate or IMU bias is not well estimated.
[2026-07-08 23:14:27.667] [odom] [warning] IMU validation results:
[2026-07-08 23:14:27.667] [odom] [warning] num_validations=13120
[2026-07-08 23:14:27.667] [odom] [warning] No-IMU errors rot=0.185 +- 0.211 deg, trans=0.031 +- 0.108 m, vel=0.027 +- 0.081 m/s
[2026-07-08 23:14:27.667] [odom] [warning] IMU errors rot=0.063 +- 0.050 deg, trans=0.035 +- 0.020 m, vel=0.101 +- 0.077 m/s
[2026-07-08 23:14:27.667] [odom] [warning] IMU better ratios rot=0.85, trans=0.02, vel=0.05
[2026-07-08 23:14:29.891] [odom] [warning] IMU bias estimation seems inaccurate.
[2026-07-08 23:14:29.891] [odom] [warning] Possibly T_lidar_imu is not accurate or LiDAR-IMU synchronization is not correct.
[2026-07-08 23:14:29.891] [odom] [warning] IMU bias validation results:
[2026-07-08 23:14:29.891] [odom] [warning] num_bias_validations=13568
[2026-07-08 23:14:29.891] [odom] [warning] bias_acc=[0.224, -0.992, 0.039] m/s^2, bias_gyro=[-0.018, 0.001, 0.001] rad/s
[2026-07-08 23:14:29.891] [odom] [warning] acc_stat ax=0.371 +- 0.354 [min=-0.311, max=0.761], ay=-0.231 +- 0.381 [min=-0.992, max=0.329], az=0.051 +- 0.046 [min=-0.007, max=0.138] m/s^2
[2026-07-08 23:14:29.891] [odom] [warning] gyro_stat wx=-0.018 +- 0.000 [min=-0.020, max=-0.016], wy=0.000 +- 0.001 [min=-0.004, max=0.003], wz=0.001 +- 0.000 [min=0.001, max=0.001] rad/s
[2026-07-08 23:14:30.112] [odom] [warning] IMU prediction is not good.
[2026-07-08 23:14:30.112] [odom] [warning] Possibly T_lidar_imu is not accurate or IMU bias is not well estimated.
[2026-07-08 23:14:30.112] [odom] [warning] IMU validation results:
[2026-07-08 23:14:30.112] [odom] [warning] num_validations=13184
[2026-07-08 23:14:30.112] [odom] [warning] No-IMU errors rot=0.185 +- 0.211 deg, trans=0.031 +- 0.107 m, vel=0.027 +- 0.080 m/s
[2026-07-08 23:14:30.112] [odom] [warning] IMU errors rot=0.063 +- 0.050 deg, trans=0.035 +- 0.020 m, vel=0.101 +- 0.077 m/s
[2026-07-08 23:14:30.112] [odom] [warning] IMU better ratios rot=0.85, trans=0.02, vel=0.05
[2026-07-08 23:14:31.068] [odom] [warning] IMU bias estimation seems inaccurate.
[2026-07-08 23:14:31.068] [odom] [warning] Possibly T_lidar_imu is not accurate or LiDAR-IMU synchronization is not correct.
[2026-07-08 23:14:31.068] [odom] [warning] IMU bias validation results:
[2026-07-08 23:14:31.068] [odom] [warning] num_bias_validations=13632
[2026-07-08 23:14:31.068] [odom] [warning] bias_acc=[0.202, -0.990, 0.041] m/s^2, bias_gyro=[-0.019, 0.001, 0.001] rad/s
[2026-07-08 23:14:31.068] [odom] [warning] acc_stat ax=0.370 +- 0.353 [min=-0.311, max=0.761], ay=-0.234 +- 0.384 [min=-0.992, max=0.329], az=0.051 +- 0.046 [min=-0.007, max=0.138] m/s^2
[2026-07-08 23:14:31.068] [odom] [warning] gyro_stat wx=-0.018 +- 0.000 [min=-0.020, max=-0.016], wy=0.000 +- 0.001 [min=-0.004, max=0.003], wz=0.001 +- 0.000 [min=0.001, max=0.001] rad/s
[2026-07-08 23:14:32.182] [odom] [warning] IMU prediction is not good.
[2026-07-08 23:14:32.182] [odom] [warning] Possibly T_lidar_imu is not accurate or IMU bias is not well estimated.
[2026-07-08 23:14:32.182] [odom] [warning] IMU validation results:
[2026-07-08 23:14:32.182] [odom] [warning] num_validations=13248
[2026-07-08 23:14:32.182] [odom] [warning] No-IMU errors rot=0.186 +- 0.211 deg, trans=0.031 +- 0.107 m, vel=0.027 +- 0.080 m/s
[2026-07-08 23:14:32.182] [odom] [warning] IMU errors rot=0.064 +- 0.051 deg, trans=0.035 +- 0.020 m, vel=0.101 +- 0.076 m/s
[2026-07-08 23:14:32.182] [odom] [warning] IMU better ratios rot=0.85, trans=0.02, vel=0.05
[2026-07-08 23:14:32.465] [glim] [info] playback speed: 2.828x
[2026-07-08 23:14:32.842] [odom] [warning] IMU bias estimation seems inaccurate.
[2026-07-08 23:14:32.842] [odom] [warning] Possibly T_lidar_imu is not accurate or LiDAR-IMU synchronization is not correct.
[2026-07-08 23:14:32.842] [odom] [warning] IMU bias validation results:
[2026-07-08 23:14:32.842] [odom] [warning] num_bias_validations=13696
[2026-07-08 23:14:32.842] [odom] [warning] bias_acc=[0.177, -0.993, 0.045] m/s^2, bias_gyro=[-0.019, 0.002, 0.001] rad/s
[2026-07-08 23:14:32.842] [odom] [warning] acc_stat ax=0.369 +- 0.352 [min=-0.311, max=0.761], ay=-0.238 +- 0.386 [min=-0.993, max=0.329], az=0.051 +- 0.046 [min=-0.007, max=0.138] m/s^2
[2026-07-08 23:14:32.842] [odom] [warning] gyro_stat wx=-0.018 +- 0.000 [min=-0.020, max=-0.016], wy=0.000 +- 0.001 [min=-0.004, max=0.003], wz=0.001 +- 0.000 [min=0.001, max=0.001] rad/s
[2026-07-08 23:14:33.510] [odom] [warning] IMU prediction is not good.
[2026-07-08 23:14:33.510] [odom] [warning] Possibly T_lidar_imu is not accurate or IMU bias is not well estimated.
[2026-07-08 23:14:33.510] [odom] [warning] IMU validation results:
[2026-07-08 23:14:33.510] [odom] [warning] num_validations=13312
[2026-07-08 23:14:33.510] [odom] [warning] No-IMU errors rot=0.187 +- 0.212 deg, trans=0.031 +- 0.107 m, vel=0.027 +- 0.080 m/s
[2026-07-08 23:14:33.510] [odom] [warning] IMU errors rot=0.064 +- 0.051 deg, trans=0.035 +- 0.020 m, vel=0.101 +- 0.076 m/s
[2026-07-08 23:14:33.510] [odom] [warning] IMU better ratios rot=0.85, trans=0.02, vel=0.05
[2026-07-08 23:14:35.221] [odom] [warning] IMU bias estimation seems inaccurate.
[2026-07-08 23:14:35.221] [odom] [warning] Possibly T_lidar_imu is not accurate or LiDAR-IMU synchronization is not correct.
[2026-07-08 23:14:35.221] [odom] [warning] IMU bias validation results:
[2026-07-08 23:14:35.221] [odom] [warning] num_bias_validations=13760
[2026-07-08 23:14:35.221] [odom] [warning] bias_acc=[0.147, -0.994, 0.052] m/s^2, bias_gyro=[-0.019, 0.002, 0.001] rad/s
[2026-07-08 23:14:35.221] [odom] [warning] acc_stat ax=0.368 +- 0.352 [min=-0.311, max=0.761], ay=-0.242 +- 0.389 [min=-0.994, max=0.329], az=0.051 +- 0.046 [min=-0.007, max=0.138] m/s^2
[2026-07-08 23:14:35.221] [odom] [warning] gyro_stat wx=-0.018 +- 0.000 [min=-0.020, max=-0.016], wy=0.000 +- 0.001 [min=-0.004, max=0.003], wz=0.001 +- 0.000 [min=0.001, max=0.001] rad/s
[2026-07-08 23:14:35.849] [odom] [warning] IMU prediction is not good.
[2026-07-08 23:14:35.849] [odom] [warning] Possibly T_lidar_imu is not accurate or IMU bias is not well estimated.
[2026-07-08 23:14:35.849] [odom] [warning] IMU validation results:
[2026-07-08 23:14:35.849] [odom] [warning] num_validations=13376
[2026-07-08 23:14:35.849] [odom] [warning] No-IMU errors rot=0.187 +- 0.212 deg, trans=0.031 +- 0.107 m, vel=0.027 +- 0.080 m/s
[2026-07-08 23:14:35.849] [odom] [warning] IMU errors rot=0.064 +- 0.051 deg, trans=0.035 +- 0.020 m, vel=0.102 +- 0.076 m/s
[2026-07-08 23:14:35.849] [odom] [warning] IMU better ratios rot=0.85, trans=0.02, vel=0.05
[2026-07-08 23:14:37.506] [glim] [info] playback speed: 3.139x
[2026-07-08 23:14:37.923] [odom] [warning] IMU bias estimation seems inaccurate.
[2026-07-08 23:14:37.923] [odom] [warning] Possibly T_lidar_imu is not accurate or LiDAR-IMU synchronization is not correct.
[2026-07-08 23:14:37.923] [odom] [warning] IMU bias validation results:
[2026-07-08 23:14:37.923] [odom] [warning] num_bias_validations=13824
[2026-07-08 23:14:37.923] [odom] [warning] bias_acc=[0.113, -0.993, 0.060] m/s^2, bias_gyro=[-0.019, 0.002, 0.001] rad/s
[2026-07-08 23:14:37.923] [odom] [warning] acc_stat ax=0.367 +- 0.352 [min=-0.311, max=0.761], ay=-0.245 +- 0.391 [min=-0.994, max=0.329], az=0.051 +- 0.045 [min=-0.007, max=0.138] m/s^2
[2026-07-08 23:14:37.923] [odom] [warning] gyro_stat wx=-0.018 +- 0.000 [min=-0.020, max=-0.016], wy=0.000 +- 0.001 [min=-0.004, max=0.003], wz=0.001 +- 0.000 [min=0.001, max=0.001] rad/s
[2026-07-08 23:14:38.232] [odom] [warning] IMU prediction is not good.
[2026-07-08 23:14:38.232] [odom] [warning] Possibly T_lidar_imu is not accurate or IMU bias is not well estimated.
[2026-07-08 23:14:38.232] [odom] [warning] IMU validation results:
[2026-07-08 23:14:38.232] [odom] [warning] num_validations=13440
[2026-07-08 23:14:38.232] [odom] [warning] No-IMU errors rot=0.186 +- 0.211 deg, trans=0.032 +- 0.106 m, vel=0.027 +- 0.080 m/s
[2026-07-08 23:14:38.232] [odom] [warning] IMU errors rot=0.064 +- 0.051 deg, trans=0.035 +- 0.021 m, vel=0.102 +- 0.076 m/s
[2026-07-08 23:14:38.232] [odom] [warning] IMU better ratios rot=0.85, trans=0.02, vel=0.05
[2026-07-08 23:14:40.002] [odom] [warning] IMU bias estimation seems inaccurate.
[2026-07-08 23:14:40.002] [odom] [warning] Possibly T_lidar_imu is not accurate or LiDAR-IMU synchronization is not correct.
[2026-07-08 23:14:40.002] [odom] [warning] IMU bias validation results:
[2026-07-08 23:14:40.002] [odom] [warning] num_bias_validations=13888
[2026-07-08 23:14:40.002] [odom] [warning] bias_acc=[0.080, -0.994, 0.068] m/s^2, bias_gyro=[-0.019, 0.002, 0.001] rad/s
[2026-07-08 23:14:40.002] [odom] [warning] acc_stat ax=0.366 +- 0.351 [min=-0.311, max=0.761], ay=-0.248 +- 0.394 [min=-0.994, max=0.329], az=0.052 +- 0.045 [min=-0.007, max=0.138] m/s^2
[2026-07-08 23:14:40.002] [odom] [warning] gyro_stat wx=-0.018 +- 0.000 [min=-0.020, max=-0.016], wy=0.000 +- 0.001 [min=-0.004, max=0.003], wz=0.001 +- 0.000 [min=0.001, max=0.001] rad/s
[2026-07-08 23:14:41.381] [odom] [warning] IMU prediction is not good.
[2026-07-08 23:14:41.381] [odom] [warning] Possibly T_lidar_imu is not accurate or IMU bias is not well estimated.
[2026-07-08 23:14:41.381] [odom] [warning] IMU validation results:
[2026-07-08 23:14:41.381] [odom] [warning] num_validations=13504
[2026-07-08 23:14:41.381] [odom] [warning] No-IMU errors rot=0.186 +- 0.211 deg, trans=0.032 +- 0.106 m, vel=0.027 +- 0.080 m/s
[2026-07-08 23:14:41.381] [odom] [warning] IMU errors rot=0.064 +- 0.051 deg, trans=0.035 +- 0.021 m, vel=0.103 +- 0.076 m/s
[2026-07-08 23:14:41.381] [odom] [warning] IMU better ratios rot=0.85, trans=0.02, vel=0.05
[2026-07-08 23:14:42.510] [glim] [info] playback speed: 2.453x
[2026-07-08 23:14:42.648] [odom] [warning] IMU bias estimation seems inaccurate.
[2026-07-08 23:14:42.648] [odom] [warning] Possibly T_lidar_imu is not accurate or LiDAR-IMU synchronization is not correct.
[2026-07-08 23:14:42.648] [odom] [warning] IMU bias validation results:
[2026-07-08 23:14:42.648] [odom] [warning] num_bias_validations=13952
[2026-07-08 23:14:42.648] [odom] [warning] bias_acc=[0.047, -0.995, 0.077] m/s^2, bias_gyro=[-0.019, 0.002, 0.001] rad/s
[2026-07-08 23:14:42.648] [odom] [warning] acc_stat ax=0.364 +- 0.351 [min=-0.311, max=0.761], ay=-0.252 +- 0.396 [min=-0.995, max=0.329], az=0.052 +- 0.045 [min=-0.007, max=0.138] m/s^2
[2026-07-08 23:14:42.648] [odom] [warning] gyro_stat wx=-0.018 +- 0.000 [min=-0.020, max=-0.016], wy=0.000 +- 0.001 [min=-0.004, max=0.003], wz=0.001 +- 0.000 [min=0.001, max=0.001] rad/s
[2026-07-08 23:14:42.966] [odom] [warning] IMU prediction is not good.
[2026-07-08 23:14:42.966] [odom] [warning] Possibly T_lidar_imu is not accurate or IMU bias is not well estimated.
[2026-07-08 23:14:42.966] [odom] [warning] IMU validation results:
[2026-07-08 23:14:42.966] [odom] [warning] num_validations=13568
[2026-07-08 23:14:42.966] [odom] [warning] No-IMU errors rot=0.186 +- 0.211 deg, trans=0.032 +- 0.106 m, vel=0.027 +- 0.079 m/s
[2026-07-08 23:14:42.966] [odom] [warning] IMU errors rot=0.064 +- 0.050 deg, trans=0.035 +- 0.021 m, vel=0.103 +- 0.076 m/s
[2026-07-08 23:14:42.966] [odom] [warning] IMU better ratios rot=0.85, trans=0.02, vel=0.05
[2026-07-08 23:14:45.079] [odom] [warning] IMU bias estimation seems inaccurate.
[2026-07-08 23:14:45.079] [odom] [warning] Possibly T_lidar_imu is not accurate or LiDAR-IMU synchronization is not correct.
[2026-07-08 23:14:45.079] [odom] [warning] IMU bias validation results:
[2026-07-08 23:14:45.079] [odom] [warning] num_bias_validations=14016
[2026-07-08 23:14:45.079] [odom] [warning] bias_acc=[0.013, -0.995, 0.085] m/s^2, bias_gyro=[-0.019, 0.001, 0.001] rad/s
[2026-07-08 23:14:45.079] [odom] [warning] acc_stat ax=0.362 +- 0.351 [min=-0.311, max=0.761], ay=-0.255 +- 0.398 [min=-0.995, max=0.329], az=0.052 +- 0.045 [min=-0.007, max=0.138] m/s^2
[2026-07-08 23:14:45.079] [odom] [warning] gyro_stat wx=-0.018 +- 0.000 [min=-0.020, max=-0.016], wy=0.000 +- 0.001 [min=-0.004, max=0.003], wz=0.001 +- 0.000 [min=0.001, max=0.001] rad/s
[2026-07-08 23:14:46.332] [odom] [warning] IMU prediction is not good.
[2026-07-08 23:14:46.332] [odom] [warning] Possibly T_lidar_imu is not accurate or IMU bias is not well estimated.
[2026-07-08 23:14:46.332] [odom] [warning] IMU validation results:
[2026-07-08 23:14:46.332] [odom] [warning] num_validations=13632
[2026-07-08 23:14:46.332] [odom] [warning] No-IMU errors rot=0.186 +- 0.210 deg, trans=0.032 +- 0.106 m, vel=0.027 +- 0.079 m/s
[2026-07-08 23:14:46.332] [odom] [warning] IMU errors rot=0.064 +- 0.050 deg, trans=0.036 +- 0.021 m, vel=0.103 +- 0.077 m/s
[2026-07-08 23:14:46.332] [odom] [warning] IMU better ratios rot=0.85, trans=0.02, vel=0.05
[2026-07-08 23:14:46.918] [odom] [warning] IMU bias estimation seems inaccurate.
[2026-07-08 23:14:46.918] [odom] [warning] Possibly T_lidar_imu is not accurate or LiDAR-IMU synchronization is not correct.
[2026-07-08 23:14:46.918] [odom] [warning] IMU bias validation results:
[2026-07-08 23:14:46.918] [odom] [warning] num_bias_validations=14080
[2026-07-08 23:14:46.918] [odom] [warning] bias_acc=[-0.020, -0.996, 0.095] m/s^2, bias_gyro=[-0.019, 0.001, 0.001] rad/s
[2026-07-08 23:14:46.918] [odom] [warning] acc_stat ax=0.361 +- 0.351 [min=-0.311, max=0.761], ay=-0.259 +- 0.401 [min=-0.996, max=0.329], az=0.052 +- 0.045 [min=-0.007, max=0.138] m/s^2
[2026-07-08 23:14:46.918] [odom] [warning] gyro_stat wx=-0.018 +- 0.000 [min=-0.020, max=-0.016], wy=0.000 +- 0.001 [min=-0.004, max=0.003], wz=0.001 +- 0.000 [min=0.001, max=0.001] rad/s
[2026-07-08 23:14:47.544] [glim] [info] playback speed: 3.184x
[2026-07-08 23:14:47.807] [odom] [warning] IMU prediction is not good.
[2026-07-08 23:14:47.807] [odom] [warning] Possibly T_lidar_imu is not accurate or IMU bias is not well estimated.
[2026-07-08 23:14:47.807] [odom] [warning] IMU validation results:
[2026-07-08 23:14:47.807] [odom] [warning] num_validations=13696
[2026-07-08 23:14:47.807] [odom] [warning] No-IMU errors rot=0.187 +- 0.210 deg, trans=0.032 +- 0.105 m, vel=0.027 +- 0.079 m/s
[2026-07-08 23:14:47.807] [odom] [warning] IMU errors rot=0.064 +- 0.050 deg, trans=0.036 +- 0.021 m, vel=0.104 +- 0.077 m/s
[2026-07-08 23:14:47.807] [odom] [warning] IMU better ratios rot=0.85, trans=0.02, vel=0.05
[2026-07-08 23:14:49.546] [odom] [warning] IMU bias estimation seems inaccurate.
[2026-07-08 23:14:49.546] [odom] [warning] Possibly T_lidar_imu is not accurate or LiDAR-IMU synchronization is not correct.
[2026-07-08 23:14:49.546] [odom] [warning] IMU bias validation results:
[2026-07-08 23:14:49.546] [odom] [warning] num_bias_validations=14144
[2026-07-08 23:14:49.546] [odom] [warning] bias_acc=[-0.055, -0.990, 0.102] m/s^2, bias_gyro=[-0.019, 0.001, 0.001] rad/s
[2026-07-08 23:14:49.546] [odom] [warning] acc_stat ax=0.359 +- 0.352 [min=-0.311, max=0.761], ay=-0.262 +- 0.403 [min=-0.996, max=0.329], az=0.052 +- 0.045 [min=-0.007, max=0.138] m/s^2
[2026-07-08 23:14:49.546] [odom] [warning] gyro_stat wx=-0.018 +- 0.000 [min=-0.020, max=-0.016], wy=0.000 +- 0.001 [min=-0.004, max=0.003], wz=0.001 +- 0.000 [min=0.001, max=0.001] rad/s
[2026-07-08 23:14:50.792] [odom] [warning] IMU prediction is not good.
[2026-07-08 23:14:50.792] [odom] [warning] Possibly T_lidar_imu is not accurate or IMU bias is not well estimated.
[2026-07-08 23:14:50.792] [odom] [warning] IMU validation results:
[2026-07-08 23:14:50.792] [odom] [warning] num_validations=13760
[2026-07-08 23:14:50.792] [odom] [warning] No-IMU errors rot=0.188 +- 0.211 deg, trans=0.032 +- 0.105 m, vel=0.027 +- 0.079 m/s
[2026-07-08 23:14:50.792] [odom] [warning] IMU errors rot=0.065 +- 0.052 deg, trans=0.036 +- 0.022 m, vel=0.104 +- 0.077 m/s
[2026-07-08 23:14:50.792] [odom] [warning] IMU better ratios rot=0.85, trans=0.02, vel=0.05
[2026-07-08 23:14:52.026] [odom] [warning] IMU bias estimation seems inaccurate.
[2026-07-08 23:14:52.026] [odom] [warning] Possibly T_lidar_imu is not accurate or LiDAR-IMU synchronization is not correct.
[2026-07-08 23:14:52.026] [odom] [warning] IMU bias validation results:
[2026-07-08 23:14:52.026] [odom] [warning] num_bias_validations=14208
[2026-07-08 23:14:52.026] [odom] [warning] bias_acc=[-0.087, -0.978, 0.108] m/s^2, bias_gyro=[-0.019, -0.001, 0.001] rad/s
[2026-07-08 23:14:52.026] [odom] [warning] acc_stat ax=0.357 +- 0.352 [min=-0.311, max=0.761], ay=-0.265 +- 0.405 [min=-0.996, max=0.329], az=0.052 +- 0.045 [min=-0.007, max=0.138] m/s^2
[2026-07-08 23:14:52.026] [odom] [warning] gyro_stat wx=-0.018 +- 0.000 [min=-0.020, max=-0.016], wy=0.000 +- 0.001 [min=-0.004, max=0.003], wz=0.001 +- 0.000 [min=0.001, max=0.001] rad/s
[2026-07-08 23:14:52.587] [glim] [info] playback speed: 2.474x
[2026-07-08 23:14:54.060] [odom] [warning] IMU prediction is not good.
[2026-07-08 23:14:54.060] [odom] [warning] Possibly T_lidar_imu is not accurate or IMU bias is not well estimated.
[2026-07-08 23:14:54.060] [odom] [warning] IMU validation results:
[2026-07-08 23:14:54.060] [odom] [warning] num_validations=13824
[2026-07-08 23:14:54.060] [odom] [warning] No-IMU errors rot=0.189 +- 0.211 deg, trans=0.033 +- 0.105 m, vel=0.027 +- 0.079 m/s
[2026-07-08 23:14:54.060] [odom] [warning] IMU errors rot=0.065 +- 0.053 deg, trans=0.037 +- 0.022 m, vel=0.104 +- 0.077 m/s
[2026-07-08 23:14:54.060] [odom] [warning] IMU better ratios rot=0.85, trans=0.02, vel=0.05
[2026-07-08 23:14:55.253] [odom] [warning] IMU bias estimation seems inaccurate.
[2026-07-08 23:14:55.253] [odom] [warning] Possibly T_lidar_imu is not accurate or LiDAR-IMU synchronization is not correct.
[2026-07-08 23:14:55.253] [odom] [warning] IMU bias validation results:
[2026-07-08 23:14:55.253] [odom] [warning] num_bias_validations=14272
[2026-07-08 23:14:55.253] [odom] [warning] bias_acc=[-0.119, -0.958, 0.115] m/s^2, bias_gyro=[-0.019, 0.000, 0.001] rad/s
[2026-07-08 23:14:55.253] [odom] [warning] acc_stat ax=0.355 +- 0.353 [min=-0.311, max=0.761], ay=-0.268 +- 0.406 [min=-0.996, max=0.329], az=0.053 +- 0.045 [min=-0.007, max=0.138] m/s^2
[2026-07-08 23:14:55.253] [odom] [warning] gyro_stat wx=-0.018 +- 0.000 [min=-0.020, max=-0.016], wy=0.000 +- 0.001 [min=-0.004, max=0.003], wz=0.001 +- 0.000 [min=0.001, max=0.001] rad/s
[2026-07-08 23:14:56.302] [odom] [warning] IMU prediction is not good.
[2026-07-08 23:14:56.302] [odom] [warning] Possibly T_lidar_imu is not accurate or IMU bias is not well estimated.
[2026-07-08 23:14:56.302] [odom] [warning] IMU validation results:
[2026-07-08 23:14:56.302] [odom] [warning] num_validations=13888
[2026-07-08 23:14:56.302] [odom] [warning] No-IMU errors rot=0.189 +- 0.211 deg, trans=0.033 +- 0.105 m, vel=0.027 +- 0.079 m/s
[2026-07-08 23:14:56.302] [odom] [warning] IMU errors rot=0.066 +- 0.053 deg, trans=0.037 +- 0.023 m, vel=0.105 +- 0.077 m/s
[2026-07-08 23:14:56.302] [odom] [warning] IMU better ratios rot=0.85, trans=0.02, vel=0.05
[2026-07-08 23:14:57.244] [odom] [warning] IMU bias estimation seems inaccurate.
[2026-07-08 23:14:57.244] [odom] [warning] Possibly T_lidar_imu is not accurate or LiDAR-IMU synchronization is not correct.
[2026-07-08 23:14:57.244] [odom] [warning] IMU bias validation results:
[2026-07-08 23:14:57.244] [odom] [warning] num_bias_validations=14336
[2026-07-08 23:14:57.244] [odom] [warning] bias_acc=[-0.152, -0.940, 0.123] m/s^2, bias_gyro=[-0.019, 0.000, 0.001] rad/s
[2026-07-08 23:14:57.244] [odom] [warning] acc_stat ax=0.352 +- 0.354 [min=-0.311, max=0.761], ay=-0.271 +- 0.408 [min=-0.996, max=0.329], az=0.053 +- 0.045 [min=-0.007, max=0.138] m/s^2
[2026-07-08 23:14:57.244] [odom] [warning] gyro_stat wx=-0.018 +- 0.000 [min=-0.020, max=-0.016], wy=0.000 +- 0.001 [min=-0.004, max=0.003], wz=0.001 +- 0.000 [min=0.001, max=0.001] rad/s
[2026-07-08 23:14:57.613] [glim] [info] playback speed: 2.503x
[2026-07-08 23:14:59.099] [odom] [warning] IMU prediction is not good.
[2026-07-08 23:14:59.099] [odom] [warning] Possibly T_lidar_imu is not accurate or IMU bias is not well estimated.
[2026-07-08 23:14:59.099] [odom] [warning] IMU validation results:
[2026-07-08 23:14:59.099] [odom] [warning] num_validations=13952
[2026-07-08 23:14:59.099] [odom] [warning] No-IMU errors rot=0.191 +- 0.215 deg, trans=0.033 +- 0.105 m, vel=0.027 +- 0.079 m/s
[2026-07-08 23:14:59.099] [odom] [warning] IMU errors rot=0.066 +- 0.054 deg, trans=0.037 +- 0.023 m, vel=0.105 +- 0.077 m/s
[2026-07-08 23:14:59.099] [odom] [warning] IMU better ratios rot=0.85, trans=0.02, vel=0.05
[2026-07-08 23:14:59.735] [odom] [warning] IMU bias estimation seems inaccurate.
[2026-07-08 23:14:59.735] [odom] [warning] Possibly T_lidar_imu is not accurate or LiDAR-IMU synchronization is not correct.
[2026-07-08 23:14:59.735] [odom] [warning] IMU bias validation results:
[2026-07-08 23:14:59.735] [odom] [warning] num_bias_validations=14400
[2026-07-08 23:14:59.735] [odom] [warning] bias_acc=[-0.179, -0.918, 0.130] m/s^2, bias_gyro=[-0.019, -0.002, 0.001] rad/s
[2026-07-08 23:14:59.735] [odom] [warning] acc_stat ax=0.350 +- 0.355 [min=-0.311, max=0.761], ay=-0.274 +- 0.409 [min=-0.996, max=0.329], az=0.053 +- 0.046 [min=-0.007, max=0.138] m/s^2
[2026-07-08 23:14:59.735] [odom] [warning] gyro_stat wx=-0.018 +- 0.000 [min=-0.020, max=-0.016], wy=0.000 +- 0.001 [min=-0.004, max=0.003], wz=0.001 +- 0.000 [min=0.001, max=0.001] rad/s
[2026-07-08 23:15:02.135] [odom] [warning] IMU prediction is not good.
[2026-07-08 23:15:02.135] [odom] [warning] Possibly T_lidar_imu is not accurate or IMU bias is not well estimated.
[2026-07-08 23:15:02.135] [odom] [warning] IMU validation results:
[2026-07-08 23:15:02.135] [odom] [warning] num_validations=14016
[2026-07-08 23:15:02.135] [odom] [warning] No-IMU errors rot=0.192 +- 0.218 deg, trans=0.033 +- 0.105 m, vel=0.027 +- 0.078 m/s
[2026-07-08 23:15:02.135] [odom] [warning] IMU errors rot=0.067 +- 0.055 deg, trans=0.037 +- 0.023 m, vel=0.106 +- 0.077 m/s
[2026-07-08 23:15:02.135] [odom] [warning] IMU better ratios rot=0.85, trans=0.02, vel=0.05
[2026-07-08 23:15:02.619] [glim] [info] playback speed: 2.310x
[2026-07-08 23:15:03.045] [odom] [warning] IMU bias estimation seems inaccurate.
[2026-07-08 23:15:03.045] [odom] [warning] Possibly T_lidar_imu is not accurate or LiDAR-IMU synchronization is not correct.
[2026-07-08 23:15:03.045] [odom] [warning] IMU bias validation results:
[2026-07-08 23:15:03.045] [odom] [warning] num_bias_validations=14464
[2026-07-08 23:15:03.045] [odom] [warning] bias_acc=[-0.186, -0.876, 0.132] m/s^2, bias_gyro=[-0.019, -0.003, 0.001] rad/s
[2026-07-08 23:15:03.045] [odom] [warning] acc_stat ax=0.348 +- 0.356 [min=-0.311, max=0.761], ay=-0.277 +- 0.410 [min=-0.996, max=0.329], az=0.054 +- 0.046 [min=-0.007, max=0.138] m/s^2
[2026-07-08 23:15:03.045] [odom] [warning] gyro_stat wx=-0.018 +- 0.000 [min=-0.020, max=-0.016], wy=0.000 +- 0.001 [min=-0.004, max=0.003], wz=0.001 +- 0.000 [min=0.001, max=0.001] rad/s
[2026-07-08 23:15:06.029] [odom] [warning] IMU prediction is not good.
[2026-07-08 23:15:06.029] [odom] [warning] Possibly T_lidar_imu is not accurate or IMU bias is not well estimated.
[2026-07-08 23:15:06.029] [odom] [warning] IMU validation results:
[2026-07-08 23:15:06.029] [odom] [warning] num_validations=14080
[2026-07-08 23:15:06.029] [odom] [warning] No-IMU errors rot=0.193 +- 0.219 deg, trans=0.034 +- 0.104 m, vel=0.027 +- 0.078 m/s
[2026-07-08 23:15:06.029] [odom] [warning] IMU errors rot=0.067 +- 0.055 deg, trans=0.037 +- 0.023 m, vel=0.106 +- 0.077 m/s
[2026-07-08 23:15:06.029] [odom] [warning] IMU better ratios rot=0.85, trans=0.02, vel=0.05
[2026-07-08 23:15:06.422] [odom] [warning] IMU bias estimation seems inaccurate.
[2026-07-08 23:15:06.422] [odom] [warning] Possibly T_lidar_imu is not accurate or LiDAR-IMU synchronization is not correct.
[2026-07-08 23:15:06.422] [odom] [warning] IMU bias validation results:
[2026-07-08 23:15:06.422] [odom] [warning] num_bias_validations=14528
[2026-07-08 23:15:06.422] [odom] [warning] bias_acc=[-0.197, -0.837, 0.134] m/s^2, bias_gyro=[-0.019, -0.001, 0.001] rad/s
[2026-07-08 23:15:06.422] [odom] [warning] acc_stat ax=0.345 +- 0.357 [min=-0.311, max=0.761], ay=-0.279 +- 0.411 [min=-0.996, max=0.329], az=0.054 +- 0.046 [min=-0.007, max=0.138] m/s^2
[2026-07-08 23:15:06.422] [odom] [warning] gyro_stat wx=-0.018 +- 0.000 [min=-0.020, max=-0.016], wy=0.000 +- 0.001 [min=-0.004, max=0.003], wz=0.001 +- 0.000 [min=0.001, max=0.001] rad/s
[2026-07-08 23:15:07.523] [odom] [warning] IMU prediction is not good.
[2026-07-08 23:15:07.523] [odom] [warning] Possibly T_lidar_imu is not accurate or IMU bias is not well estimated.
[2026-07-08 23:15:07.523] [odom] [warning] IMU validation results:
[2026-07-08 23:15:07.523] [odom] [warning] num_validations=14144
[2026-07-08 23:15:07.523] [odom] [warning] No-IMU errors rot=0.193 +- 0.219 deg, trans=0.034 +- 0.104 m, vel=0.027 +- 0.078 m/s
[2026-07-08 23:15:07.523] [odom] [warning] IMU errors rot=0.067 +- 0.055 deg, trans=0.037 +- 0.023 m, vel=0.106 +- 0.077 m/s
[2026-07-08 23:15:07.523] [odom] [warning] IMU better ratios rot=0.85, trans=0.02, vel=0.05
[2026-07-08 23:15:07.636] [glim] [info] playback speed: 2.426x
[2026-07-08 23:15:08.422] [odom] [warning] IMU bias estimation seems inaccurate.
[2026-07-08 23:15:08.422] [odom] [warning] Possibly T_lidar_imu is not accurate or LiDAR-IMU synchronization is not correct.
[2026-07-08 23:15:08.422] [odom] [warning] IMU bias validation results:
[2026-07-08 23:15:08.422] [odom] [warning] num_bias_validations=14592
[2026-07-08 23:15:08.422] [odom] [warning] bias_acc=[-0.210, -0.799, 0.137] m/s^2, bias_gyro=[-0.019, -0.001, 0.001] rad/s
[2026-07-08 23:15:08.422] [odom] [warning] acc_stat ax=0.343 +- 0.358 [min=-0.311, max=0.761], ay=-0.282 +- 0.412 [min=-0.996, max=0.329], az=0.054 +- 0.046 [min=-0.007, max=0.138] m/s^2
[2026-07-08 23:15:08.422] [odom] [warning] gyro_stat wx=-0.018 +- 0.000 [min=-0.020, max=-0.016], wy=0.000 +- 0.001 [min=-0.004, max=0.003], wz=0.001 +- 0.000 [min=0.001, max=0.001] rad/s
[2026-07-08 23:15:09.870] [odom] [warning] IMU prediction is not good.
[2026-07-08 23:15:09.870] [odom] [warning] Possibly T_lidar_imu is not accurate or IMU bias is not well estimated.
[2026-07-08 23:15:09.870] [odom] [warning] IMU validation results:
[2026-07-08 23:15:09.870] [odom] [warning] num_validations=14208
[2026-07-08 23:15:09.870] [odom] [warning] No-IMU errors rot=0.193 +- 0.219 deg, trans=0.034 +- 0.104 m, vel=0.027 +- 0.078 m/s
[2026-07-08 23:15:09.870] [odom] [warning] IMU errors rot=0.067 +- 0.055 deg, trans=0.038 +- 0.023 m, vel=0.106 +- 0.077 m/s
[2026-07-08 23:15:09.870] [odom] [warning] IMU better ratios rot=0.85, trans=0.02, vel=0.05
[2026-07-08 23:15:10.261] [odom] [warning] IMU bias estimation seems inaccurate.
[2026-07-08 23:15:10.261] [odom] [warning] Possibly T_lidar_imu is not accurate or LiDAR-IMU synchronization is not correct.
[2026-07-08 23:15:10.261] [odom] [warning] IMU bias validation results:
[2026-07-08 23:15:10.261] [odom] [warning] num_bias_validations=14656
[2026-07-08 23:15:10.261] [odom] [warning] bias_acc=[-0.221, -0.762, 0.139] m/s^2, bias_gyro=[-0.019, -0.001, 0.001] rad/s
[2026-07-08 23:15:10.261] [odom] [warning] acc_stat ax=0.340 +- 0.359 [min=-0.311, max=0.761], ay=-0.284 +- 0.412 [min=-0.996, max=0.329], az=0.055 +- 0.047 [min=-0.007, max=0.139] m/s^2
[2026-07-08 23:15:10.261] [odom] [warning] gyro_stat wx=-0.018 +- 0.000 [min=-0.020, max=-0.016], wy=0.000 +- 0.001 [min=-0.004, max=0.003], wz=0.001 +- 0.000 [min=0.001, max=0.001] rad/s
[2026-07-08 23:15:12.658] [glim] [info] playback speed: 2.505x
[2026-07-08 23:15:12.962] [odom] [warning] IMU prediction is not good.
[2026-07-08 23:15:12.962] [odom] [warning] Possibly T_lidar_imu is not accurate or IMU bias is not well estimated.
[2026-07-08 23:15:12.962] [odom] [warning] IMU validation results:
[2026-07-08 23:15:12.962] [odom] [warning] num_validations=14272
[2026-07-08 23:15:12.962] [odom] [warning] No-IMU errors rot=0.193 +- 0.219 deg, trans=0.034 +- 0.104 m, vel=0.027 +- 0.078 m/s
[2026-07-08 23:15:12.962] [odom] [warning] IMU errors rot=0.067 +- 0.055 deg, trans=0.038 +- 0.023 m, vel=0.107 +- 0.076 m/s
[2026-07-08 23:15:12.962] [odom] [warning] IMU better ratios rot=0.85, trans=0.02, vel=0.05
[2026-07-08 23:15:13.958] [odom] [warning] IMU bias estimation seems inaccurate.
[2026-07-08 23:15:13.958] [odom] [warning] Possibly T_lidar_imu is not accurate or LiDAR-IMU synchronization is not correct.
[2026-07-08 23:15:13.958] [odom] [warning] IMU bias validation results:
[2026-07-08 23:15:13.958] [odom] [warning] num_bias_validations=14720
[2026-07-08 23:15:13.958] [odom] [warning] bias_acc=[-0.230, -0.726, 0.141] m/s^2, bias_gyro=[-0.019, -0.001, 0.001] rad/s
[2026-07-08 23:15:13.958] [odom] [warning] acc_stat ax=0.338 +- 0.360 [min=-0.311, max=0.761], ay=-0.286 +- 0.412 [min=-0.996, max=0.329], az=0.055 +- 0.047 [min=-0.007, max=0.141] m/s^2
[2026-07-08 23:15:13.958] [odom] [warning] gyro_stat wx=-0.018 +- 0.000 [min=-0.020, max=-0.016], wy=0.000 +- 0.001 [min=-0.004, max=0.003], wz=0.001 +- 0.000 [min=0.001, max=0.001] rad/s
[2026-07-08 23:15:14.608] [odom] [warning] IMU prediction is not good.
[2026-07-08 23:15:14.608] [odom] [warning] Possibly T_lidar_imu is not accurate or IMU bias is not well estimated.
[2026-07-08 23:15:14.608] [odom] [warning] IMU validation results:
[2026-07-08 23:15:14.608] [odom] [warning] num_validations=14336
[2026-07-08 23:15:14.608] [odom] [warning] No-IMU errors rot=0.193 +- 0.218 deg, trans=0.034 +- 0.103 m, vel=0.027 +- 0.078 m/s
[2026-07-08 23:15:14.608] [odom] [warning] IMU errors rot=0.067 +- 0.055 deg, trans=0.038 +- 0.023 m, vel=0.107 +- 0.076 m/s
[2026-07-08 23:15:14.608] [odom] [warning] IMU better ratios rot=0.85, trans=0.02, vel=0.05
[2026-07-08 23:15:15.245] [odom] [warning] IMU bias estimation seems inaccurate.
[2026-07-08 23:15:15.245] [odom] [warning] Possibly T_lidar_imu is not accurate or LiDAR-IMU synchronization is not correct.
[2026-07-08 23:15:15.245] [odom] [warning] IMU bias validation results:
[2026-07-08 23:15:15.245] [odom] [warning] num_bias_validations=14784
[2026-07-08 23:15:15.245] [odom] [warning] bias_acc=[-0.242, -0.694, 0.144] m/s^2, bias_gyro=[-0.019, -0.000, 0.001] rad/s
[2026-07-08 23:15:15.245] [odom] [warning] acc_stat ax=0.335 +- 0.361 [min=-0.311, max=0.761], ay=-0.287 +- 0.412 [min=-0.996, max=0.329], az=0.056 +- 0.047 [min=-0.007, max=0.144] m/s^2
[2026-07-08 23:15:15.245] [odom] [warning] gyro_stat wx=-0.018 +- 0.000 [min=-0.020, max=-0.016], wy=0.000 +- 0.001 [min=-0.004, max=0.003], wz=0.001 +- 0.000 [min=0.001, max=0.001] rad/s
[2026-07-08 23:15:17.068] [odom] [warning] IMU prediction is not good.
[2026-07-08 23:15:17.069] [odom] [warning] Possibly T_lidar_imu is not accurate or IMU bias is not well estimated.
[2026-07-08 23:15:17.069] [odom] [warning] IMU validation results:
[2026-07-08 23:15:17.069] [odom] [warning] num_validations=14400
[2026-07-08 23:15:17.069] [odom] [warning] No-IMU errors rot=0.193 +- 0.218 deg, trans=0.034 +- 0.103 m, vel=0.027 +- 0.077 m/s
[2026-07-08 23:15:17.069] [odom] [warning] IMU errors rot=0.067 +- 0.055 deg, trans=0.038 +- 0.023 m, vel=0.107 +- 0.076 m/s
[2026-07-08 23:15:17.069] [odom] [warning] IMU better ratios rot=0.85, trans=0.02, vel=0.05
[2026-07-08 23:15:17.572] [odom] [warning] IMU bias estimation seems inaccurate.
[2026-07-08 23:15:17.572] [odom] [warning] Possibly T_lidar_imu is not accurate or LiDAR-IMU synchronization is not correct.
[2026-07-08 23:15:17.572] [odom] [warning] IMU bias validation results:
[2026-07-08 23:15:17.572] [odom] [warning] num_bias_validations=14848
[2026-07-08 23:15:17.572] [odom] [warning] bias_acc=[-0.254, -0.661, 0.146] m/s^2, bias_gyro=[-0.019, -0.000, 0.001] rad/s
[2026-07-08 23:15:17.572] [odom] [warning] acc_stat ax=0.333 +- 0.363 [min=-0.311, max=0.761], ay=-0.289 +- 0.412 [min=-0.996, max=0.329], az=0.056 +- 0.047 [min=-0.007, max=0.146] m/s^2
[2026-07-08 23:15:17.572] [odom] [warning] gyro_stat wx=-0.018 +- 0.000 [min=-0.020, max=-0.016], wy=0.000 +- 0.001 [min=-0.004, max=0.003], wz=0.001 +- 0.000 [min=0.001, max=0.001] rad/s
[2026-07-08 23:15:17.666] [glim] [info] playback speed: 2.977x
[2026-07-08 23:15:20.260] [odom] [warning] IMU prediction is not good.
[2026-07-08 23:15:20.260] [odom] [warning] Possibly T_lidar_imu is not accurate or IMU bias is not well estimated.
[2026-07-08 23:15:20.260] [odom] [warning] IMU validation results:
[2026-07-08 23:15:20.260] [odom] [warning] num_validations=14464
[2026-07-08 23:15:20.260] [odom] [warning] No-IMU errors rot=0.193 +- 0.218 deg, trans=0.034 +- 0.103 m, vel=0.027 +- 0.077 m/s
[2026-07-08 23:15:20.260] [odom] [warning] IMU errors rot=0.067 +- 0.055 deg, trans=0.038 +- 0.023 m, vel=0.107 +- 0.076 m/s
[2026-07-08 23:15:20.260] [odom] [warning] IMU better ratios rot=0.85, trans=0.02, vel=0.05
[2026-07-08 23:15:20.794] [odom] [warning] IMU bias estimation seems inaccurate.
[2026-07-08 23:15:20.794] [odom] [warning] Possibly T_lidar_imu is not accurate or LiDAR-IMU synchronization is not correct.
[2026-07-08 23:15:20.794] [odom] [warning] IMU bias validation results:
[2026-07-08 23:15:20.794] [odom] [warning] num_bias_validations=14912
[2026-07-08 23:15:20.794] [odom] [warning] bias_acc=[-0.265, -0.625, 0.150] m/s^2, bias_gyro=[-0.019, 0.000, 0.001] rad/s
[2026-07-08 23:15:20.794] [odom] [warning] acc_stat ax=0.330 +- 0.364 [min=-0.311, max=0.761], ay=-0.290 +- 0.412 [min=-0.996, max=0.329], az=0.056 +- 0.048 [min=-0.007, max=0.150] m/s^2
[2026-07-08 23:15:20.794] [odom] [warning] gyro_stat wx=-0.018 +- 0.000 [min=-0.020, max=-0.016], wy=0.000 +- 0.001 [min=-0.004, max=0.003], wz=0.001 +- 0.000 [min=0.001, max=0.001] rad/s
[2026-07-08 23:15:21.716] [odom] [warning] IMU prediction is not good.
[2026-07-08 23:15:21.716] [odom] [warning] Possibly T_lidar_imu is not accurate or IMU bias is not well estimated.
[2026-07-08 23:15:21.716] [odom] [warning] IMU validation results:
[2026-07-08 23:15:21.716] [odom] [warning] num_validations=14528
[2026-07-08 23:15:21.716] [odom] [warning] No-IMU errors rot=0.193 +- 0.217 deg, trans=0.034 +- 0.103 m, vel=0.027 +- 0.077 m/s
[2026-07-08 23:15:21.716] [odom] [warning] IMU errors rot=0.067 +- 0.055 deg, trans=0.038 +- 0.023 m, vel=0.107 +- 0.076 m/s
[2026-07-08 23:15:21.716] [odom] [warning] IMU better ratios rot=0.85, trans=0.02, vel=0.05
[2026-07-08 23:15:22.469] [odom] [warning] IMU bias estimation seems inaccurate.
[2026-07-08 23:15:22.469] [odom] [warning] Possibly T_lidar_imu is not accurate or LiDAR-IMU synchronization is not correct.
[2026-07-08 23:15:22.469] [odom] [warning] IMU bias validation results:
[2026-07-08 23:15:22.469] [odom] [warning] num_bias_validations=14976
[2026-07-08 23:15:22.469] [odom] [warning] bias_acc=[-0.280, -0.591, 0.154] m/s^2, bias_gyro=[-0.019, 0.001, 0.001] rad/s
[2026-07-08 23:15:22.469] [odom] [warning] acc_stat ax=0.328 +- 0.365 [min=-0.311, max=0.761], ay=-0.292 +- 0.411 [min=-0.996, max=0.329], az=0.057 +- 0.048 [min=-0.007, max=0.154] m/s^2
[2026-07-08 23:15:22.469] [odom] [warning] gyro_stat wx=-0.018 +- 0.000 [min=-0.020, max=-0.016], wy=0.000 +- 0.001 [min=-0.004, max=0.003], wz=0.001 +- 0.000 [min=0.001, max=0.001] rad/s
[2026-07-08 23:15:22.690] [glim] [info] playback speed: 2.665x
[2026-07-08 23:15:23.951] [odom] [warning] IMU prediction is not good.
[2026-07-08 23:15:23.951] [odom] [warning] Possibly T_lidar_imu is not accurate or IMU bias is not well estimated.
[2026-07-08 23:15:23.951] [odom] [warning] IMU validation results:
[2026-07-08 23:15:23.951] [odom] [warning] num_validations=14592
[2026-07-08 23:15:23.951] [odom] [warning] No-IMU errors rot=0.193 +- 0.217 deg, trans=0.034 +- 0.103 m, vel=0.027 +- 0.077 m/s
[2026-07-08 23:15:23.951] [odom] [warning] IMU errors rot=0.067 +- 0.055 deg, trans=0.038 +- 0.023 m, vel=0.108 +- 0.076 m/s
[2026-07-08 23:15:23.951] [odom] [warning] IMU better ratios rot=0.85, trans=0.02, vel=0.05
[2026-07-08 23:15:24.560] [odom] [warning] IMU bias estimation seems inaccurate.
[2026-07-08 23:15:24.560] [odom] [warning] Possibly T_lidar_imu is not accurate or LiDAR-IMU synchronization is not correct.
[2026-07-08 23:15:24.560] [odom] [warning] IMU bias validation results:
[2026-07-08 23:15:24.560] [odom] [warning] num_bias_validations=15040
[2026-07-08 23:15:24.560] [odom] [warning] bias_acc=[-0.300, -0.559, 0.160] m/s^2, bias_gyro=[-0.019, 0.001, 0.001] rad/s
[2026-07-08 23:15:24.560] [odom] [warning] acc_stat ax=0.325 +- 0.367 [min=-0.311, max=0.761], ay=-0.293 +- 0.411 [min=-0.996, max=0.329], az=0.057 +- 0.048 [min=-0.007, max=0.160] m/s^2
[2026-07-08 23:15:24.560] [odom] [warning] gyro_stat wx=-0.018 +- 0.000 [min=-0.020, max=-0.016], wy=0.000 +- 0.001 [min=-0.004, max=0.003], wz=0.001 +- 0.000 [min=0.001, max=0.001] rad/s
[2026-07-08 23:15:26.434] [odom] [warning] IMU prediction is not good.
[2026-07-08 23:15:26.434] [odom] [warning] Possibly T_lidar_imu is not accurate or IMU bias is not well estimated.
[2026-07-08 23:15:26.434] [odom] [warning] IMU validation results:
[2026-07-08 23:15:26.434] [odom] [warning] num_validations=14656
[2026-07-08 23:15:26.434] [odom] [warning] No-IMU errors rot=0.193 +- 0.217 deg, trans=0.034 +- 0.102 m, vel=0.027 +- 0.077 m/s
[2026-07-08 23:15:26.434] [odom] [warning] IMU errors rot=0.067 +- 0.055 deg, trans=0.038 +- 0.023 m, vel=0.108 +- 0.076 m/s
[2026-07-08 23:15:26.434] [odom] [warning] IMU better ratios rot=0.85, trans=0.02, vel=0.05
[2026-07-08 23:15:26.654] [odom] [warning] IMU bias estimation seems inaccurate.
[2026-07-08 23:15:26.654] [odom] [warning] Possibly T_lidar_imu is not accurate or LiDAR-IMU synchronization is not correct.
[2026-07-08 23:15:26.654] [odom] [warning] IMU bias validation results:
[2026-07-08 23:15:26.654] [odom] [warning] num_bias_validations=15104
[2026-07-08 23:15:26.654] [odom] [warning] bias_acc=[-0.318, -0.526, 0.165] m/s^2, bias_gyro=[-0.019, 0.002, 0.001] rad/s
[2026-07-08 23:15:26.654] [odom] [warning] acc_stat ax=0.322 +- 0.368 [min=-0.318, max=0.761], ay=-0.294 +- 0.410 [min=-0.996, max=0.329], az=0.058 +- 0.049 [min=-0.007, max=0.165] m/s^2
[2026-07-08 23:15:26.654] [odom] [warning] gyro_stat wx=-0.018 +- 0.000 [min=-0.020, max=-0.016], wy=0.000 +- 0.001 [min=-0.004, max=0.003], wz=0.001 +- 0.000 [min=0.001, max=0.001] rad/s
[2026-07-08 23:15:27.698] [glim] [info] playback speed: 3.220x
[2026-07-08 23:15:28.263] [odom] [warning] IMU prediction is not good.
[2026-07-08 23:15:28.263] [odom] [warning] Possibly T_lidar_imu is not accurate or IMU bias is not well estimated.
[2026-07-08 23:15:28.263] [odom] [warning] IMU validation results:
[2026-07-08 23:15:28.263] [odom] [warning] num_validations=14720
[2026-07-08 23:15:28.263] [odom] [warning] No-IMU errors rot=0.194 +- 0.220 deg, trans=0.034 +- 0.102 m, vel=0.028 +- 0.077 m/s
[2026-07-08 23:15:28.263] [odom] [warning] IMU errors rot=0.067 +- 0.055 deg, trans=0.038 +- 0.023 m, vel=0.108 +- 0.076 m/s
[2026-07-08 23:15:28.263] [odom] [warning] IMU better ratios rot=0.85, trans=0.02, vel=0.05
[2026-07-08 23:15:30.937] [odom] [warning] IMU prediction is not good.
[2026-07-08 23:15:30.937] [odom] [warning] Possibly T_lidar_imu is not accurate or IMU bias is not well estimated.
[2026-07-08 23:15:30.937] [odom] [warning] IMU validation results:
[2026-07-08 23:15:30.937] [odom] [warning] num_validations=14784
[2026-07-08 23:15:30.937] [odom] [warning] No-IMU errors rot=0.196 +- 0.222 deg, trans=0.034 +- 0.102 m, vel=0.028 +- 0.077 m/s
[2026-07-08 23:15:30.937] [odom] [warning] IMU errors rot=0.067 +- 0.055 deg, trans=0.038 +- 0.023 m, vel=0.109 +- 0.076 m/s
[2026-07-08 23:15:30.937] [odom] [warning] IMU better ratios rot=0.85, trans=0.02, vel=0.05
[2026-07-08 23:15:32.716] [odom] [warning] IMU prediction is not good.
[2026-07-08 23:15:32.716] [odom] [warning] Possibly T_lidar_imu is not accurate or IMU bias is not well estimated.
[2026-07-08 23:15:32.716] [odom] [warning] IMU validation results:
[2026-07-08 23:15:32.716] [odom] [warning] num_validations=14848
[2026-07-08 23:15:32.716] [odom] [warning] No-IMU errors rot=0.196 +- 0.222 deg, trans=0.035 +- 0.102 m, vel=0.028 +- 0.076 m/s
[2026-07-08 23:15:32.716] [odom] [warning] IMU errors rot=0.068 +- 0.055 deg, trans=0.039 +- 0.023 m, vel=0.109 +- 0.076 m/s
[2026-07-08 23:15:32.716] [odom] [warning] IMU better ratios rot=0.85, trans=0.02, vel=0.05
[2026-07-08 23:15:32.734] [glim] [info] playback speed: 2.840x
[2026-07-08 23:15:34.609] [odom] [warning] IMU prediction is not good.
[2026-07-08 23:15:34.609] [odom] [warning] Possibly T_lidar_imu is not accurate or IMU bias is not well estimated.
[2026-07-08 23:15:34.609] [odom] [warning] IMU validation results:
[2026-07-08 23:15:34.609] [odom] [warning] num_validations=14912
[2026-07-08 23:15:34.609] [odom] [warning] No-IMU errors rot=0.198 +- 0.224 deg, trans=0.035 +- 0.102 m, vel=0.028 +- 0.076 m/s
[2026-07-08 23:15:34.609] [odom] [warning] IMU errors rot=0.068 +- 0.055 deg, trans=0.039 +- 0.023 m, vel=0.109 +- 0.076 m/s
[2026-07-08 23:15:34.609] [odom] [warning] IMU better ratios rot=0.85, trans=0.02, vel=0.05
[2026-07-08 23:15:37.787] [glim] [info] playback speed: 2.469x
[2026-07-08 23:15:38.127] [odom] [warning] IMU prediction is not good.
[2026-07-08 23:15:38.127] [odom] [warning] Possibly T_lidar_imu is not accurate or IMU bias is not well estimated.
[2026-07-08 23:15:38.127] [odom] [warning] IMU validation results:
[2026-07-08 23:15:38.127] [odom] [warning] num_validations=14976
[2026-07-08 23:15:38.127] [odom] [warning] No-IMU errors rot=0.198 +- 0.224 deg, trans=0.035 +- 0.101 m, vel=0.028 +- 0.076 m/s
[2026-07-08 23:15:38.127] [odom] [warning] IMU errors rot=0.068 +- 0.056 deg, trans=0.039 +- 0.023 m, vel=0.109 +- 0.076 m/s
[2026-07-08 23:15:38.127] [odom] [warning] IMU better ratios rot=0.85, trans=0.02, vel=0.05
[2026-07-08 23:15:40.926] [odom] [warning] IMU prediction is not good.
[2026-07-08 23:15:40.926] [odom] [warning] Possibly T_lidar_imu is not accurate or IMU bias is not well estimated.
[2026-07-08 23:15:40.926] [odom] [warning] IMU validation results:
[2026-07-08 23:15:40.926] [odom] [warning] num_validations=15040
[2026-07-08 23:15:40.926] [odom] [warning] No-IMU errors rot=0.198 +- 0.223 deg, trans=0.035 +- 0.101 m, vel=0.028 +- 0.076 m/s
[2026-07-08 23:15:40.926] [odom] [warning] IMU errors rot=0.068 +- 0.056 deg, trans=0.039 +- 0.023 m, vel=0.109 +- 0.076 m/s
[2026-07-08 23:15:40.926] [odom] [warning] IMU better ratios rot=0.85, trans=0.02, vel=0.05
[2026-07-08 23:15:42.790] [glim] [info] playback speed: 2.555x
[2026-07-08 23:15:43.209] [odom] [warning] IMU prediction is not good.
[2026-07-08 23:15:43.209] [odom] [warning] Possibly T_lidar_imu is not accurate or IMU bias is not well estimated.
[2026-07-08 23:15:43.209] [odom] [warning] IMU validation results:
[2026-07-08 23:15:43.209] [odom] [warning] num_validations=15104
[2026-07-08 23:15:43.209] [odom] [warning] No-IMU errors rot=0.199 +- 0.223 deg, trans=0.035 +- 0.101 m, vel=0.028 +- 0.076 m/s
[2026-07-08 23:15:43.209] [odom] [warning] IMU errors rot=0.069 +- 0.056 deg, trans=0.039 +- 0.023 m, vel=0.110 +- 0.076 m/s
[2026-07-08 23:15:43.209] [odom] [warning] IMU better ratios rot=0.85, trans=0.02, vel=0.05
[2026-07-08 23:15:45.996] [odom] [warning] IMU prediction is not good.
[2026-07-08 23:15:45.996] [odom] [warning] Possibly T_lidar_imu is not accurate or IMU bias is not well estimated.
[2026-07-08 23:15:45.996] [odom] [warning] IMU validation results:
[2026-07-08 23:15:45.996] [odom] [warning] num_validations=15168
[2026-07-08 23:15:45.996] [odom] [warning] No-IMU errors rot=0.199 +- 0.223 deg, trans=0.035 +- 0.101 m, vel=0.028 +- 0.076 m/s
[2026-07-08 23:15:45.996] [odom] [warning] IMU errors rot=0.069 +- 0.056 deg, trans=0.039 +- 0.023 m, vel=0.110 +- 0.075 m/s
[2026-07-08 23:15:45.996] [odom] [warning] IMU better ratios rot=0.85, trans=0.02, vel=0.05
[2026-07-08 23:15:47.809] [glim] [info] playback speed: 2.648x
[2026-07-08 23:15:47.971] [odom] [warning] IMU prediction is not good.
[2026-07-08 23:15:47.971] [odom] [warning] Possibly T_lidar_imu is not accurate or IMU bias is not well estimated.
[2026-07-08 23:15:47.971] [odom] [warning] IMU validation results:
[2026-07-08 23:15:47.971] [odom] [warning] num_validations=15232
[2026-07-08 23:15:47.971] [odom] [warning] No-IMU errors rot=0.199 +- 0.223 deg, trans=0.035 +- 0.101 m, vel=0.028 +- 0.076 m/s
[2026-07-08 23:15:47.971] [odom] [warning] IMU errors rot=0.069 +- 0.056 deg, trans=0.039 +- 0.023 m, vel=0.110 +- 0.075 m/s
[2026-07-08 23:15:47.971] [odom] [warning] IMU better ratios rot=0.85, trans=0.02, vel=0.05
[2026-07-08 23:15:50.408] [odom] [warning] IMU prediction is not good.
[2026-07-08 23:15:50.408] [odom] [warning] Possibly T_lidar_imu is not accurate or IMU bias is not well estimated.
[2026-07-08 23:15:50.408] [odom] [warning] IMU validation results:
[2026-07-08 23:15:50.408] [odom] [warning] num_validations=15296
[2026-07-08 23:15:50.408] [odom] [warning] No-IMU errors rot=0.199 +- 0.223 deg, trans=0.035 +- 0.100 m, vel=0.028 +- 0.075 m/s
[2026-07-08 23:15:50.408] [odom] [warning] IMU errors rot=0.069 +- 0.056 deg, trans=0.039 +- 0.023 m, vel=0.110 +- 0.075 m/s
[2026-07-08 23:15:50.408] [odom] [warning] IMU better ratios rot=0.85, trans=0.02, vel=0.05
[2026-07-08 23:15:52.378] [odom] [warning] IMU prediction is not good.
[2026-07-08 23:15:52.378] [odom] [warning] Possibly T_lidar_imu is not accurate or IMU bias is not well estimated.
[2026-07-08 23:15:52.378] [odom] [warning] IMU validation results:
[2026-07-08 23:15:52.378] [odom] [warning] num_validations=15360
[2026-07-08 23:15:52.378] [odom] [warning] No-IMU errors rot=0.200 +- 0.223 deg, trans=0.035 +- 0.100 m, vel=0.028 +- 0.075 m/s
[2026-07-08 23:15:52.378] [odom] [warning] IMU errors rot=0.069 +- 0.056 deg, trans=0.039 +- 0.023 m, vel=0.111 +- 0.075 m/s
[2026-07-08 23:15:52.378] [odom] [warning] IMU better ratios rot=0.85, trans=0.02, vel=0.05
[2026-07-08 23:15:52.809] [glim] [info] playback speed: 2.878x
[2026-07-08 23:15:55.492] [odom] [warning] IMU prediction is not good.
[2026-07-08 23:15:55.492] [odom] [warning] Possibly T_lidar_imu is not accurate or IMU bias is not well estimated.
[2026-07-08 23:15:55.492] [odom] [warning] IMU validation results:
[2026-07-08 23:15:55.492] [odom] [warning] num_validations=15424
[2026-07-08 23:15:55.492] [odom] [warning] No-IMU errors rot=0.200 +- 0.222 deg, trans=0.035 +- 0.100 m, vel=0.028 +- 0.075 m/s
[2026-07-08 23:15:55.492] [odom] [warning] IMU errors rot=0.069 +- 0.056 deg, trans=0.039 +- 0.023 m, vel=0.111 +- 0.075 m/s
[2026-07-08 23:15:55.492] [odom] [warning] IMU better ratios rot=0.86, trans=0.02, vel=0.05
[2026-07-08 23:15:56.891] [odom] [warning] IMU prediction is not good.
[2026-07-08 23:15:56.891] [odom] [warning] Possibly T_lidar_imu is not accurate or IMU bias is not well estimated.
[2026-07-08 23:15:56.891] [odom] [warning] IMU validation results:
[2026-07-08 23:15:56.891] [odom] [warning] num_validations=15488
[2026-07-08 23:15:56.891] [odom] [warning] No-IMU errors rot=0.200 +- 0.222 deg, trans=0.035 +- 0.100 m, vel=0.028 +- 0.075 m/s
[2026-07-08 23:15:56.891] [odom] [warning] IMU errors rot=0.069 +- 0.056 deg, trans=0.039 +- 0.023 m, vel=0.111 +- 0.075 m/s
[2026-07-08 23:15:56.891] [odom] [warning] IMU better ratios rot=0.86, trans=0.02, vel=0.05
[2026-07-08 23:15:57.514] [odom] [warning] IMU bias estimation seems inaccurate.
[2026-07-08 23:15:57.514] [odom] [warning] Possibly T_lidar_imu is not accurate or LiDAR-IMU synchronization is not correct.
[2026-07-08 23:15:57.514] [odom] [warning] IMU bias validation results:
[2026-07-08 23:15:57.514] [odom] [warning] num_bias_validations=15936
[2026-07-08 23:15:57.514] [odom] [warning] bias_acc=[-0.510, -0.189, 0.222] m/s^2, bias_gyro=[-0.019, 0.001, 0.001] rad/s
[2026-07-08 23:15:57.514] [odom] [warning] acc_stat ax=0.283 +- 0.396 [min=-0.510, max=0.761], ay=-0.296 +- 0.400 [min=-0.996, max=0.329], az=0.065 +- 0.057 [min=-0.007, max=0.222] m/s^2
[2026-07-08 23:15:57.514] [odom] [warning] gyro_stat wx=-0.018 +- 0.000 [min=-0.020, max=-0.016], wy=0.000 +- 0.001 [min=-0.004, max=0.003], wz=0.001 +- 0.000 [min=0.001, max=0.001] rad/s
[2026-07-08 23:15:57.838] [glim] [info] playback speed: 2.827x
[2026-07-08 23:15:59.299] [odom] [warning] IMU prediction is not good.
[2026-07-08 23:15:59.299] [odom] [warning] Possibly T_lidar_imu is not accurate or IMU bias is not well estimated.
[2026-07-08 23:15:59.299] [odom] [warning] IMU validation results:
[2026-07-08 23:15:59.299] [odom] [warning] num_validations=15552
[2026-07-08 23:15:59.299] [odom] [warning] No-IMU errors rot=0.200 +- 0.222 deg, trans=0.035 +- 0.100 m, vel=0.028 +- 0.075 m/s
[2026-07-08 23:15:59.299] [odom] [warning] IMU errors rot=0.069 +- 0.056 deg, trans=0.040 +- 0.023 m, vel=0.111 +- 0.075 m/s
[2026-07-08 23:15:59.299] [odom] [warning] IMU better ratios rot=0.86, trans=0.02, vel=0.05
[2026-07-08 23:15:59.428] [odom] [warning] IMU bias estimation seems inaccurate.
[2026-07-08 23:15:59.428] [odom] [warning] Possibly T_lidar_imu is not accurate or LiDAR-IMU synchronization is not correct.
[2026-07-08 23:15:59.428] [odom] [warning] IMU bias validation results:
[2026-07-08 23:15:59.428] [odom] [warning] num_bias_validations=16000
[2026-07-08 23:15:59.428] [odom] [warning] bias_acc=[-0.523, -0.169, 0.226] m/s^2, bias_gyro=[-0.019, 0.000, 0.001] rad/s
[2026-07-08 23:15:59.428] [odom] [warning] acc_stat ax=0.280 +- 0.398 [min=-0.523, max=0.761], ay=-0.296 +- 0.399 [min=-0.996, max=0.329], az=0.066 +- 0.058 [min=-0.007, max=0.226] m/s^2
[2026-07-08 23:15:59.428] [odom] [warning] gyro_stat wx=-0.018 +- 0.000 [min=-0.020, max=-0.016], wy=0.000 +- 0.001 [min=-0.004, max=0.003], wz=0.001 +- 0.000 [min=0.001, max=0.001] rad/s
[2026-07-08 23:16:01.203] [odom] [warning] IMU prediction is not good.
[2026-07-08 23:16:01.203] [odom] [warning] Possibly T_lidar_imu is not accurate or IMU bias is not well estimated.
[2026-07-08 23:16:01.203] [odom] [warning] IMU validation results:
[2026-07-08 23:16:01.203] [odom] [warning] num_validations=15616
[2026-07-08 23:16:01.203] [odom] [warning] No-IMU errors rot=0.200 +- 0.222 deg, trans=0.035 +- 0.099 m, vel=0.028 +- 0.075 m/s
[2026-07-08 23:16:01.203] [odom] [warning] IMU errors rot=0.069 +- 0.056 deg, trans=0.040 +- 0.023 m, vel=0.111 +- 0.075 m/s
[2026-07-08 23:16:01.203] [odom] [warning] IMU better ratios rot=0.85, trans=0.02, vel=0.05
[2026-07-08 23:16:02.098] [odom] [warning] IMU bias estimation seems inaccurate.
[2026-07-08 23:16:02.098] [odom] [warning] Possibly T_lidar_imu is not accurate or LiDAR-IMU synchronization is not correct.
[2026-07-08 23:16:02.098] [odom] [warning] IMU bias validation results:
[2026-07-08 23:16:02.098] [odom] [warning] num_bias_validations=16064
[2026-07-08 23:16:02.098] [odom] [warning] bias_acc=[-0.532, -0.146, 0.230] m/s^2, bias_gyro=[-0.019, 0.000, 0.001] rad/s
[2026-07-08 23:16:02.098] [odom] [warning] acc_stat ax=0.277 +- 0.401 [min=-0.532, max=0.761], ay=-0.295 +- 0.399 [min=-0.996, max=0.329], az=0.066 +- 0.058 [min=-0.007, max=0.230] m/s^2
[2026-07-08 23:16:02.098] [odom] [warning] gyro_stat wx=-0.018 +- 0.000 [min=-0.020, max=-0.016], wy=0.000 +- 0.001 [min=-0.004, max=0.003], wz=0.001 +- 0.000 [min=0.001, max=0.001] rad/s
[2026-07-08 23:16:02.882] [glim] [info] playback speed: 2.756x
[2026-07-08 23:16:04.783] [odom] [warning] IMU prediction is not good.
[2026-07-08 23:16:04.783] [odom] [warning] Possibly T_lidar_imu is not accurate or IMU bias is not well estimated.
[2026-07-08 23:16:04.783] [odom] [warning] IMU validation results:
[2026-07-08 23:16:04.783] [odom] [warning] num_validations=15680
[2026-07-08 23:16:04.783] [odom] [warning] No-IMU errors rot=0.200 +- 0.223 deg, trans=0.035 +- 0.099 m, vel=0.029 +- 0.075 m/s
[2026-07-08 23:16:04.783] [odom] [warning] IMU errors rot=0.069 +- 0.056 deg, trans=0.040 +- 0.023 m, vel=0.111 +- 0.075 m/s
[2026-07-08 23:16:04.783] [odom] [warning] IMU better ratios rot=0.85, trans=0.02, vel=0.05
[2026-07-08 23:16:05.666] [odom] [warning] IMU bias estimation seems inaccurate.
[2026-07-08 23:16:05.666] [odom] [warning] Possibly T_lidar_imu is not accurate or LiDAR-IMU synchronization is not correct.
[2026-07-08 23:16:05.666] [odom] [warning] IMU bias validation results:
[2026-07-08 23:16:05.666] [odom] [warning] num_bias_validations=16128
[2026-07-08 23:16:05.666] [odom] [warning] bias_acc=[-0.541, -0.124, 0.232] m/s^2, bias_gyro=[-0.019, 0.001, 0.001] rad/s
[2026-07-08 23:16:05.666] [odom] [warning] acc_stat ax=0.273 +- 0.403 [min=-0.541, max=0.761], ay=-0.294 +- 0.398 [min=-0.996, max=0.329], az=0.067 +- 0.059 [min=-0.007, max=0.232] m/s^2
[2026-07-08 23:16:05.666] [odom] [warning] gyro_stat wx=-0.018 +- 0.000 [min=-0.020, max=-0.016], wy=0.000 +- 0.001 [min=-0.004, max=0.003], wz=0.001 +- 0.000 [min=0.001, max=0.001] rad/s
[2026-07-08 23:16:06.761] [odom] [warning] IMU prediction is not good.
[2026-07-08 23:16:06.761] [odom] [warning] Possibly T_lidar_imu is not accurate or IMU bias is not well estimated.
[2026-07-08 23:16:06.761] [odom] [warning] IMU validation results:
[2026-07-08 23:16:06.761] [odom] [warning] num_validations=15744
[2026-07-08 23:16:06.761] [odom] [warning] No-IMU errors rot=0.200 +- 0.223 deg, trans=0.035 +- 0.099 m, vel=0.029 +- 0.075 m/s
[2026-07-08 23:16:06.761] [odom] [warning] IMU errors rot=0.070 +- 0.056 deg, trans=0.040 +- 0.023 m, vel=0.111 +- 0.075 m/s
[2026-07-08 23:16:06.761] [odom] [warning] IMU better ratios rot=0.85, trans=0.02, vel=0.05
[2026-07-08 23:16:07.129] [odom] [warning] IMU bias estimation seems inaccurate.
[2026-07-08 23:16:07.129] [odom] [warning] Possibly T_lidar_imu is not accurate or LiDAR-IMU synchronization is not correct.
[2026-07-08 23:16:07.129] [odom] [warning] IMU bias validation results:
[2026-07-08 23:16:07.129] [odom] [warning] num_bias_validations=16192
[2026-07-08 23:16:07.130] [odom] [warning] bias_acc=[-0.553, -0.105, 0.236] m/s^2, bias_gyro=[-0.019, 0.001, 0.001] rad/s
[2026-07-08 23:16:07.130] [odom] [warning] acc_stat ax=0.270 +- 0.406 [min=-0.553, max=0.761], ay=-0.294 +- 0.397 [min=-0.996, max=0.329], az=0.068 +- 0.060 [min=-0.007, max=0.236] m/s^2
[2026-07-08 23:16:07.130] [odom] [warning] gyro_stat wx=-0.018 +- 0.000 [min=-0.020, max=-0.016], wy=0.000 +- 0.001 [min=-0.004, max=0.003], wz=0.001 +- 0.000 [min=0.001, max=0.001] rad/s
[2026-07-08 23:16:07.921] [glim] [info] playback speed: 2.617x
[2026-07-08 23:16:09.623] [odom] [warning] IMU prediction is not good.
[2026-07-08 23:16:09.623] [odom] [warning] Possibly T_lidar_imu is not accurate or IMU bias is not well estimated.
[2026-07-08 23:16:09.623] [odom] [warning] IMU validation results:
[2026-07-08 23:16:09.623] [odom] [warning] num_validations=15808
[2026-07-08 23:16:09.623] [odom] [warning] No-IMU errors rot=0.200 +- 0.223 deg, trans=0.035 +- 0.099 m, vel=0.029 +- 0.074 m/s
[2026-07-08 23:16:09.623] [odom] [warning] IMU errors rot=0.070 +- 0.057 deg, trans=0.040 +- 0.023 m, vel=0.111 +- 0.074 m/s
[2026-07-08 23:16:09.623] [odom] [warning] IMU better ratios rot=0.85, trans=0.02, vel=0.05
[2026-07-08 23:16:10.523] [odom] [warning] IMU bias estimation seems inaccurate.
[2026-07-08 23:16:10.523] [odom] [warning] Possibly T_lidar_imu is not accurate or LiDAR-IMU synchronization is not correct.
[2026-07-08 23:16:10.523] [odom] [warning] IMU bias validation results:
[2026-07-08 23:16:10.523] [odom] [warning] num_bias_validations=16256
[2026-07-08 23:16:10.523] [odom] [warning] bias_acc=[-0.567, -0.087, 0.240] m/s^2, bias_gyro=[-0.019, 0.001, 0.001] rad/s
[2026-07-08 23:16:10.523] [odom] [warning] acc_stat ax=0.267 +- 0.408 [min=-0.567, max=0.761], ay=-0.293 +- 0.397 [min=-0.996, max=0.329], az=0.068 +- 0.061 [min=-0.007, max=0.240] m/s^2
[2026-07-08 23:16:10.523] [odom] [warning] gyro_stat wx=-0.018 +- 0.000 [min=-0.020, max=-0.016], wy=0.000 +- 0.001 [min=-0.004, max=0.003], wz=0.001 +- 0.000 [min=0.001, max=0.001] rad/s
[2026-07-08 23:16:12.964] [glim] [info] playback speed: 1.831x
[2026-07-08 23:16:13.292] [odom] [warning] IMU prediction is not good.
[2026-07-08 23:16:13.292] [odom] [warning] Possibly T_lidar_imu is not accurate or IMU bias is not well estimated.
[2026-07-08 23:16:13.292] [odom] [warning] IMU validation results:
[2026-07-08 23:16:13.292] [odom] [warning] num_validations=15872
[2026-07-08 23:16:13.292] [odom] [warning] No-IMU errors rot=0.200 +- 0.222 deg, trans=0.035 +- 0.099 m, vel=0.029 +- 0.074 m/s
[2026-07-08 23:16:13.292] [odom] [warning] IMU errors rot=0.070 +- 0.057 deg, trans=0.040 +- 0.023 m, vel=0.112 +- 0.074 m/s
[2026-07-08 23:16:13.292] [odom] [warning] IMU better ratios rot=0.85, trans=0.02, vel=0.05
[2026-07-08 23:16:14.199] [odom] [warning] IMU bias estimation seems inaccurate.
[2026-07-08 23:16:14.199] [odom] [warning] Possibly T_lidar_imu is not accurate or LiDAR-IMU synchronization is not correct.
[2026-07-08 23:16:14.199] [odom] [warning] IMU bias validation results:
[2026-07-08 23:16:14.199] [odom] [warning] num_bias_validations=16320
[2026-07-08 23:16:14.199] [odom] [warning] bias_acc=[-0.580, -0.071, 0.243] m/s^2, bias_gyro=[-0.019, 0.001, 0.001] rad/s
[2026-07-08 23:16:14.199] [odom] [warning] acc_stat ax=0.263 +- 0.411 [min=-0.580, max=0.761], ay=-0.292 +- 0.396 [min=-0.996, max=0.329], az=0.069 +- 0.062 [min=-0.007, max=0.243] m/s^2
[2026-07-08 23:16:14.199] [odom] [warning] gyro_stat wx=-0.018 +- 0.000 [min=-0.020, max=-0.016], wy=0.000 +- 0.001 [min=-0.004, max=0.003], wz=0.001 +- 0.000 [min=0.001, max=0.001] rad/s
[2026-07-08 23:16:15.346] [odom] [warning] IMU prediction is not good.
[2026-07-08 23:16:15.346] [odom] [warning] Possibly T_lidar_imu is not accurate or IMU bias is not well estimated.
[2026-07-08 23:16:15.346] [odom] [warning] IMU validation results:
[2026-07-08 23:16:15.346] [odom] [warning] num_validations=15936
[2026-07-08 23:16:15.346] [odom] [warning] No-IMU errors rot=0.200 +- 0.222 deg, trans=0.035 +- 0.098 m, vel=0.029 +- 0.074 m/s
[2026-07-08 23:16:15.346] [odom] [warning] IMU errors rot=0.070 +- 0.057 deg, trans=0.040 +- 0.023 m, vel=0.112 +- 0.074 m/s
[2026-07-08 23:16:15.346] [odom] [warning] IMU better ratios rot=0.85, trans=0.02, vel=0.05
[2026-07-08 23:16:15.688] [odom] [warning] IMU bias estimation seems inaccurate.
[2026-07-08 23:16:15.688] [odom] [warning] Possibly T_lidar_imu is not accurate or LiDAR-IMU synchronization is not correct.
[2026-07-08 23:16:15.688] [odom] [warning] IMU bias validation results:
[2026-07-08 23:16:15.688] [odom] [warning] num_bias_validations=16384
[2026-07-08 23:16:15.688] [odom] [warning] bias_acc=[-0.592, -0.055, 0.247] m/s^2, bias_gyro=[-0.019, 0.001, 0.001] rad/s
[2026-07-08 23:16:15.688] [odom] [warning] acc_stat ax=0.260 +- 0.414 [min=-0.592, max=0.761], ay=-0.291 +- 0.396 [min=-0.996, max=0.329], az=0.070 +- 0.063 [min=-0.007, max=0.247] m/s^2
[2026-07-08 23:16:15.688] [odom] [warning] gyro_stat wx=-0.018 +- 0.000 [min=-0.020, max=-0.016], wy=0.000 +- 0.001 [min=-0.004, max=0.003], wz=0.001 +- 0.000 [min=0.001, max=0.001] rad/s
[2026-07-08 23:16:17.757] [odom] [warning] IMU prediction is not good.
[2026-07-08 23:16:17.757] [odom] [warning] Possibly T_lidar_imu is not accurate or IMU bias is not well estimated.
[2026-07-08 23:16:17.757] [odom] [warning] IMU validation results:
[2026-07-08 23:16:17.757] [odom] [warning] num_validations=16000
[2026-07-08 23:16:17.757] [odom] [warning] No-IMU errors rot=0.200 +- 0.221 deg, trans=0.035 +- 0.098 m, vel=0.029 +- 0.074 m/s
[2026-07-08 23:16:17.757] [odom] [warning] IMU errors rot=0.070 +- 0.057 deg, trans=0.040 +- 0.023 m, vel=0.112 +- 0.074 m/s
[2026-07-08 23:16:17.757] [odom] [warning] IMU better ratios rot=0.85, trans=0.02, vel=0.05
[2026-07-08 23:16:17.966] [glim] [info] playback speed: 2.879x
[2026-07-08 23:16:18.022] [odom] [warning] IMU bias estimation seems inaccurate.
[2026-07-08 23:16:18.022] [odom] [warning] Possibly T_lidar_imu is not accurate or LiDAR-IMU synchronization is not correct.
[2026-07-08 23:16:18.022] [odom] [warning] IMU bias validation results:
[2026-07-08 23:16:18.022] [odom] [warning] num_bias_validations=16448
[2026-07-08 23:16:18.022] [odom] [warning] bias_acc=[-0.604, -0.040, 0.250] m/s^2, bias_gyro=[-0.020, 0.001, 0.001] rad/s
[2026-07-08 23:16:18.022] [odom] [warning] acc_stat ax=0.257 +- 0.416 [min=-0.604, max=0.761], ay=-0.290 +- 0.395 [min=-0.996, max=0.329], az=0.070 +- 0.063 [min=-0.007, max=0.250] m/s^2
[2026-07-08 23:16:18.022] [odom] [warning] gyro_stat wx=-0.018 +- 0.000 [min=-0.020, max=-0.016], wy=0.000 +- 0.001 [min=-0.004, max=0.003], wz=0.001 +- 0.000 [min=0.001, max=0.001] rad/s
[2026-07-08 23:16:19.240] [odom] [warning] IMU prediction is not good.
[2026-07-08 23:16:19.240] [odom] [warning] Possibly T_lidar_imu is not accurate or IMU bias is not well estimated.
[2026-07-08 23:16:19.240] [odom] [warning] IMU validation results:
[2026-07-08 23:16:19.240] [odom] [warning] num_validations=16064
[2026-07-08 23:16:19.240] [odom] [warning] No-IMU errors rot=0.201 +- 0.222 deg, trans=0.036 +- 0.098 m, vel=0.029 +- 0.074 m/s
[2026-07-08 23:16:19.240] [odom] [warning] IMU errors rot=0.071 +- 0.057 deg, trans=0.040 +- 0.023 m, vel=0.112 +- 0.074 m/s
[2026-07-08 23:16:19.240] [odom] [warning] IMU better ratios rot=0.85, trans=0.02, vel=0.05
[2026-07-08 23:16:20.069] [odom] [warning] IMU bias estimation seems inaccurate.
[2026-07-08 23:16:20.069] [odom] [warning] Possibly T_lidar_imu is not accurate or LiDAR-IMU synchronization is not correct.
[2026-07-08 23:16:20.069] [odom] [warning] IMU bias validation results:
[2026-07-08 23:16:20.069] [odom] [warning] num_bias_validations=16512
[2026-07-08 23:16:20.069] [odom] [warning] bias_acc=[-0.617, -0.023, 0.254] m/s^2, bias_gyro=[-0.019, 0.001, 0.001] rad/s
[2026-07-08 23:16:20.069] [odom] [warning] acc_stat ax=0.253 +- 0.419 [min=-0.617, max=0.761], ay=-0.289 +- 0.395 [min=-0.996, max=0.329], az=0.071 +- 0.064 [min=-0.007, max=0.254] m/s^2
[2026-07-08 23:16:20.069] [odom] [warning] gyro_stat wx=-0.018 +- 0.000 [min=-0.020, max=-0.016], wy=0.000 +- 0.001 [min=-0.004, max=0.003], wz=0.001 +- 0.000 [min=0.001, max=0.001] rad/s
[2026-07-08 23:16:21.537] [odom] [warning] IMU prediction is not good.
[2026-07-08 23:16:21.537] [odom] [warning] Possibly T_lidar_imu is not accurate or IMU bias is not well estimated.
[2026-07-08 23:16:21.537] [odom] [warning] IMU validation results:
[2026-07-08 23:16:21.537] [odom] [warning] num_validations=16128
[2026-07-08 23:16:21.537] [odom] [warning] No-IMU errors rot=0.201 +- 0.221 deg, trans=0.036 +- 0.098 m, vel=0.029 +- 0.074 m/s
[2026-07-08 23:16:21.537] [odom] [warning] IMU errors rot=0.071 +- 0.057 deg, trans=0.040 +- 0.023 m, vel=0.112 +- 0.074 m/s
[2026-07-08 23:16:21.537] [odom] [warning] IMU better ratios rot=0.85, trans=0.02, vel=0.04
[2026-07-08 23:16:22.393] [odom] [warning] IMU bias estimation seems inaccurate.
[2026-07-08 23:16:22.393] [odom] [warning] Possibly T_lidar_imu is not accurate or LiDAR-IMU synchronization is not correct.
[2026-07-08 23:16:22.393] [odom] [warning] IMU bias validation results:
[2026-07-08 23:16:22.393] [odom] [warning] num_bias_validations=16576
[2026-07-08 23:16:22.393] [odom] [warning] bias_acc=[-0.631, -0.008, 0.259] m/s^2, bias_gyro=[-0.019, 0.001, 0.001] rad/s
[2026-07-08 23:16:22.393] [odom] [warning] acc_stat ax=0.250 +- 0.422 [min=-0.631, max=0.761], ay=-0.288 +- 0.394 [min=-0.996, max=0.329], az=0.072 +- 0.065 [min=-0.007, max=0.259] m/s^2
[2026-07-08 23:16:22.393] [odom] [warning] gyro_stat wx=-0.019 +- 0.000 [min=-0.020, max=-0.016], wy=0.000 +- 0.001 [min=-0.004, max=0.003], wz=0.001 +- 0.000 [min=0.001, max=0.001] rad/s
[2026-07-08 23:16:23.013] [glim] [info] playback speed: 2.934x
[2026-07-08 23:16:24.763] [odom] [warning] IMU prediction is not good.
[2026-07-08 23:16:24.763] [odom] [warning] Possibly T_lidar_imu is not accurate or IMU bias is not well estimated.
[2026-07-08 23:16:24.763] [odom] [warning] IMU validation results:
[2026-07-08 23:16:24.763] [odom] [warning] num_validations=16192
[2026-07-08 23:16:24.763] [odom] [warning] No-IMU errors rot=0.202 +- 0.222 deg, trans=0.036 +- 0.098 m, vel=0.029 +- 0.074 m/s
[2026-07-08 23:16:24.763] [odom] [warning] IMU errors rot=0.071 +- 0.057 deg, trans=0.040 +- 0.023 m, vel=0.112 +- 0.074 m/s
[2026-07-08 23:16:24.763] [odom] [warning] IMU better ratios rot=0.85, trans=0.02, vel=0.04
[2026-07-08 23:16:25.466] [odom] [warning] IMU bias estimation seems inaccurate.
[2026-07-08 23:16:25.466] [odom] [warning] Possibly T_lidar_imu is not accurate or LiDAR-IMU synchronization is not correct.
[2026-07-08 23:16:25.466] [odom] [warning] IMU bias validation results:
[2026-07-08 23:16:25.466] [odom] [warning] num_bias_validations=16640
[2026-07-08 23:16:25.466] [odom] [warning] bias_acc=[-0.650, 0.004, 0.265] m/s^2, bias_gyro=[-0.018, 0.002, 0.001] rad/s
[2026-07-08 23:16:25.466] [odom] [warning] acc_stat ax=0.247 +- 0.425 [min=-0.650, max=0.761], ay=-0.287 +- 0.394 [min=-0.996, max=0.329], az=0.073 +- 0.066 [min=-0.007, max=0.265] m/s^2
[2026-07-08 23:16:25.466] [odom] [warning] gyro_stat wx=-0.019 +- 0.000 [min=-0.020, max=-0.016], wy=0.000 +- 0.001 [min=-0.004, max=0.003], wz=0.001 +- 0.000 [min=0.001, max=0.001] rad/s
[2026-07-08 23:16:27.692] [odom] [warning] IMU prediction is not good.
[2026-07-08 23:16:27.692] [odom] [warning] Possibly T_lidar_imu is not accurate or IMU bias is not well estimated.
[2026-07-08 23:16:27.692] [odom] [warning] IMU validation results:
[2026-07-08 23:16:27.692] [odom] [warning] num_validations=16256
[2026-07-08 23:16:27.692] [odom] [warning] No-IMU errors rot=0.206 +- 0.239 deg, trans=0.036 +- 0.097 m, vel=0.029 +- 0.073 m/s
[2026-07-08 23:16:27.692] [odom] [warning] IMU errors rot=0.072 +- 0.058 deg, trans=0.040 +- 0.023 m, vel=0.112 +- 0.074 m/s
[2026-07-08 23:16:27.692] [odom] [warning] IMU better ratios rot=0.85, trans=0.02, vel=0.04
[2026-07-08 23:16:28.036] [glim] [info] playback speed: 2.161x
[2026-07-08 23:16:28.533] [odom] [warning] IMU bias estimation seems inaccurate.
[2026-07-08 23:16:28.533] [odom] [warning] Possibly T_lidar_imu is not accurate or LiDAR-IMU synchronization is not correct.
[2026-07-08 23:16:28.533] [odom] [warning] IMU bias validation results:
[2026-07-08 23:16:28.533] [odom] [warning] num_bias_validations=16704
[2026-07-08 23:16:28.533] [odom] [warning] bias_acc=[-0.634, 0.029, 0.266] m/s^2, bias_gyro=[-0.019, -0.003, 0.001] rad/s
[2026-07-08 23:16:28.533] [odom] [warning] acc_stat ax=0.243 +- 0.427 [min=-0.650, max=0.761], ay=-0.286 +- 0.394 [min=-0.996, max=0.329], az=0.073 +- 0.067 [min=-0.007, max=0.266] m/s^2
[2026-07-08 23:16:28.533] [odom] [warning] gyro_stat wx=-0.019 +- 0.000 [min=-0.020, max=-0.016], wy=0.000 +- 0.001 [min=-0.004, max=0.003], wz=0.001 +- 0.000 [min=0.001, max=0.001] rad/s
[2026-07-08 23:16:31.236] [odom] [warning] IMU prediction is not good.
[2026-07-08 23:16:31.236] [odom] [warning] Possibly T_lidar_imu is not accurate or IMU bias is not well estimated.
[2026-07-08 23:16:31.236] [odom] [warning] IMU validation results:
[2026-07-08 23:16:31.236] [odom] [warning] num_validations=16320
[2026-07-08 23:16:31.236] [odom] [warning] No-IMU errors rot=0.208 +- 0.241 deg, trans=0.036 +- 0.097 m, vel=0.029 +- 0.073 m/s
[2026-07-08 23:16:31.236] [odom] [warning] IMU errors rot=0.072 +- 0.058 deg, trans=0.040 +- 0.023 m, vel=0.113 +- 0.074 m/s
[2026-07-08 23:16:31.236] [odom] [warning] IMU better ratios rot=0.85, trans=0.02, vel=0.04
[2026-07-08 23:16:31.842] [odom] [warning] IMU bias estimation seems inaccurate.
[2026-07-08 23:16:31.842] [odom] [warning] Possibly T_lidar_imu is not accurate or LiDAR-IMU synchronization is not correct.
[2026-07-08 23:16:31.842] [odom] [warning] IMU bias validation results:
[2026-07-08 23:16:31.842] [odom] [warning] num_bias_validations=16768
[2026-07-08 23:16:31.842] [odom] [warning] bias_acc=[-0.571, 0.046, 0.262] m/s^2, bias_gyro=[-0.018, -0.003, 0.001] rad/s
[2026-07-08 23:16:31.842] [odom] [warning] acc_stat ax=0.240 +- 0.429 [min=-0.650, max=0.761], ay=-0.284 +- 0.394 [min=-0.996, max=0.329], az=0.074 +- 0.068 [min=-0.007, max=0.266] m/s^2
[2026-07-08 23:16:31.842] [odom] [warning] gyro_stat wx=-0.019 +- 0.000 [min=-0.020, max=-0.016], wy=0.000 +- 0.001 [min=-0.004, max=0.003], wz=0.001 +- 0.000 [min=0.001, max=0.001] rad/s
[2026-07-08 23:16:32.790] [odom] [warning] IMU prediction is not good.
[2026-07-08 23:16:32.790] [odom] [warning] Possibly T_lidar_imu is not accurate or IMU bias is not well estimated.
[2026-07-08 23:16:32.790] [odom] [warning] IMU validation results:
[2026-07-08 23:16:32.790] [odom] [warning] num_validations=16384
[2026-07-08 23:16:32.790] [odom] [warning] No-IMU errors rot=0.208 +- 0.241 deg, trans=0.036 +- 0.097 m, vel=0.029 +- 0.073 m/s
[2026-07-08 23:16:32.790] [odom] [warning] IMU errors rot=0.072 +- 0.059 deg, trans=0.041 +- 0.023 m, vel=0.114 +- 0.075 m/s
[2026-07-08 23:16:32.790] [odom] [warning] IMU better ratios rot=0.85, trans=0.02, vel=0.04
[2026-07-08 23:16:33.063] [glim] [info] playback speed: 2.542x
[2026-07-08 23:16:33.548] [odom] [warning] IMU bias estimation seems inaccurate.
[2026-07-08 23:16:33.548] [odom] [warning] Possibly T_lidar_imu is not accurate or LiDAR-IMU synchronization is not correct.
[2026-07-08 23:16:33.548] [odom] [warning] IMU bias validation results:
[2026-07-08 23:16:33.548] [odom] [warning] num_bias_validations=16832
[2026-07-08 23:16:33.548] [odom] [warning] bias_acc=[-0.509, 0.065, 0.258] m/s^2, bias_gyro=[-0.019, -0.003, 0.001] rad/s
[2026-07-08 23:16:33.548] [odom] [warning] acc_stat ax=0.237 +- 0.431 [min=-0.650, max=0.761], ay=-0.283 +- 0.393 [min=-0.996, max=0.329], az=0.075 +- 0.069 [min=-0.007, max=0.266] m/s^2
[2026-07-08 23:16:33.548] [odom] [warning] gyro_stat wx=-0.019 +- 0.000 [min=-0.020, max=-0.016], wy=0.000 +- 0.001 [min=-0.004, max=0.003], wz=0.001 +- 0.000 [min=0.001, max=0.001] rad/s
[2026-07-08 23:16:35.331] [odom] [warning] IMU prediction is not good.
[2026-07-08 23:16:35.331] [odom] [warning] Possibly T_lidar_imu is not accurate or IMU bias is not well estimated.
[2026-07-08 23:16:35.331] [odom] [warning] IMU validation results:
[2026-07-08 23:16:35.331] [odom] [warning] num_validations=16448
[2026-07-08 23:16:35.331] [odom] [warning] No-IMU errors rot=0.208 +- 0.241 deg, trans=0.036 +- 0.097 m, vel=0.029 +- 0.073 m/s
[2026-07-08 23:16:35.331] [odom] [warning] IMU errors rot=0.072 +- 0.058 deg, trans=0.041 +- 0.024 m, vel=0.114 +- 0.076 m/s
[2026-07-08 23:16:35.331] [odom] [warning] IMU better ratios rot=0.85, trans=0.02, vel=0.04
[2026-07-08 23:16:37.963] [odom] [warning] IMU prediction is not good.
[2026-07-08 23:16:37.963] [odom] [warning] Possibly T_lidar_imu is not accurate or IMU bias is not well estimated.
[2026-07-08 23:16:37.963] [odom] [warning] IMU validation results:
[2026-07-08 23:16:37.963] [odom] [warning] num_validations=16512
[2026-07-08 23:16:37.963] [odom] [warning] No-IMU errors rot=0.207 +- 0.241 deg, trans=0.037 +- 0.097 m, vel=0.029 +- 0.073 m/s
[2026-07-08 23:16:37.963] [odom] [warning] IMU errors rot=0.072 +- 0.058 deg, trans=0.041 +- 0.024 m, vel=0.115 +- 0.076 m/s
[2026-07-08 23:16:37.963] [odom] [warning] IMU better ratios rot=0.85, trans=0.02, vel=0.04
[2026-07-08 23:16:38.096] [glim] [info] playback speed: 2.499x
[2026-07-08 23:16:41.024] [odom] [warning] IMU prediction is not good.
[2026-07-08 23:16:41.024] [odom] [warning] Possibly T_lidar_imu is not accurate or IMU bias is not well estimated.
[2026-07-08 23:16:41.024] [odom] [warning] IMU validation results:
[2026-07-08 23:16:41.024] [odom] [warning] num_validations=16576
[2026-07-08 23:16:41.024] [odom] [warning] No-IMU errors rot=0.209 +- 0.242 deg, trans=0.037 +- 0.097 m, vel=0.029 +- 0.073 m/s
[2026-07-08 23:16:41.024] [odom] [warning] IMU errors rot=0.072 +- 0.059 deg, trans=0.041 +- 0.025 m, vel=0.116 +- 0.077 m/s
[2026-07-08 23:16:41.024] [odom] [warning] IMU better ratios rot=0.85, trans=0.02, vel=0.04
[2026-07-08 23:16:43.127] [glim] [info] playback speed: 2.198x
[2026-07-08 23:16:44.110] [odom] [warning] IMU prediction is not good.
[2026-07-08 23:16:44.110] [odom] [warning] Possibly T_lidar_imu is not accurate or IMU bias is not well estimated.
[2026-07-08 23:16:44.110] [odom] [warning] IMU validation results:
[2026-07-08 23:16:44.110] [odom] [warning] num_validations=16640
[2026-07-08 23:16:44.110] [odom] [warning] No-IMU errors rot=0.209 +- 0.242 deg, trans=0.037 +- 0.097 m, vel=0.029 +- 0.073 m/s
[2026-07-08 23:16:44.110] [odom] [warning] IMU errors rot=0.073 +- 0.059 deg, trans=0.042 +- 0.025 m, vel=0.116 +- 0.078 m/s
[2026-07-08 23:16:44.110] [odom] [warning] IMU better ratios rot=0.85, trans=0.02, vel=0.04
[2026-07-08 23:16:46.741] [odom] [warning] IMU prediction is not good.
[2026-07-08 23:16:46.741] [odom] [warning] Possibly T_lidar_imu is not accurate or IMU bias is not well estimated.
[2026-07-08 23:16:46.741] [odom] [warning] IMU validation results:
[2026-07-08 23:16:46.741] [odom] [warning] num_validations=16704
[2026-07-08 23:16:46.741] [odom] [warning] No-IMU errors rot=0.209 +- 0.242 deg, trans=0.037 +- 0.097 m, vel=0.029 +- 0.073 m/s
[2026-07-08 23:16:46.741] [odom] [warning] IMU errors rot=0.072 +- 0.059 deg, trans=0.042 +- 0.025 m, vel=0.117 +- 0.078 m/s
[2026-07-08 23:16:46.741] [odom] [warning] IMU better ratios rot=0.85, trans=0.02, vel=0.04
[2026-07-08 23:16:48.151] [glim] [info] playback speed: 2.282x
[2026-07-08 23:16:49.465] [odom] [warning] IMU prediction is not good.
[2026-07-08 23:16:49.465] [odom] [warning] Possibly T_lidar_imu is not accurate or IMU bias is not well estimated.
[2026-07-08 23:16:49.465] [odom] [warning] IMU validation results:
[2026-07-08 23:16:49.465] [odom] [warning] num_validations=16768
[2026-07-08 23:16:49.465] [odom] [warning] No-IMU errors rot=0.208 +- 0.242 deg, trans=0.037 +- 0.096 m, vel=0.029 +- 0.073 m/s
[2026-07-08 23:16:49.465] [odom] [warning] IMU errors rot=0.072 +- 0.059 deg, trans=0.042 +- 0.025 m, vel=0.118 +- 0.078 m/s
[2026-07-08 23:16:49.465] [odom] [warning] IMU better ratios rot=0.85, trans=0.02, vel=0.04
[2026-07-08 23:16:51.682] [odom] [warning] IMU prediction is not good.
[2026-07-08 23:16:51.682] [odom] [warning] Possibly T_lidar_imu is not accurate or IMU bias is not well estimated.
[2026-07-08 23:16:51.682] [odom] [warning] IMU validation results:
[2026-07-08 23:16:51.682] [odom] [warning] num_validations=16832
[2026-07-08 23:16:51.682] [odom] [warning] No-IMU errors rot=0.208 +- 0.241 deg, trans=0.037 +- 0.096 m, vel=0.029 +- 0.072 m/s
[2026-07-08 23:16:51.682] [odom] [warning] IMU errors rot=0.072 +- 0.059 deg, trans=0.042 +- 0.025 m, vel=0.118 +- 0.079 m/s
[2026-07-08 23:16:51.682] [odom] [warning] IMU better ratios rot=0.85, trans=0.02, vel=0.04
[2026-07-08 23:16:53.162] [glim] [info] playback speed: 2.956x
[2026-07-08 23:16:53.344] [odom] [warning] IMU prediction is not good.
[2026-07-08 23:16:53.344] [odom] [warning] Possibly T_lidar_imu is not accurate or IMU bias is not well estimated.
[2026-07-08 23:16:53.344] [odom] [warning] IMU validation results:
[2026-07-08 23:16:53.344] [odom] [warning] num_validations=16896
[2026-07-08 23:16:53.344] [odom] [warning] No-IMU errors rot=0.208 +- 0.241 deg, trans=0.038 +- 0.096 m, vel=0.029 +- 0.072 m/s
[2026-07-08 23:16:53.344] [odom] [warning] IMU errors rot=0.072 +- 0.059 deg, trans=0.042 +- 0.026 m, vel=0.119 +- 0.079 m/s
[2026-07-08 23:16:53.344] [odom] [warning] IMU better ratios rot=0.85, trans=0.02, vel=0.04
[2026-07-08 23:16:56.458] [odom] [warning] IMU prediction is not good.
[2026-07-08 23:16:56.458] [odom] [warning] Possibly T_lidar_imu is not accurate or IMU bias is not well estimated.
[2026-07-08 23:16:56.458] [odom] [warning] IMU validation results:
[2026-07-08 23:16:56.458] [odom] [warning] num_validations=16960
[2026-07-08 23:16:56.458] [odom] [warning] No-IMU errors rot=0.208 +- 0.241 deg, trans=0.038 +- 0.096 m, vel=0.029 +- 0.072 m/s
[2026-07-08 23:16:56.458] [odom] [warning] IMU errors rot=0.072 +- 0.059 deg, trans=0.042 +- 0.026 m, vel=0.119 +- 0.080 m/s
[2026-07-08 23:16:56.458] [odom] [warning] IMU better ratios rot=0.85, trans=0.02, vel=0.04
[2026-07-08 23:16:58.046] [odom] [warning] IMU prediction is not good.
[2026-07-08 23:16:58.046] [odom] [warning] Possibly T_lidar_imu is not accurate or IMU bias is not well estimated.
[2026-07-08 23:16:58.046] [odom] [warning] IMU validation results:
[2026-07-08 23:16:58.046] [odom] [warning] num_validations=17024
[2026-07-08 23:16:58.046] [odom] [warning] No-IMU errors rot=0.207 +- 0.240 deg, trans=0.038 +- 0.096 m, vel=0.029 +- 0.072 m/s
[2026-07-08 23:16:58.046] [odom] [warning] IMU errors rot=0.072 +- 0.059 deg, trans=0.043 +- 0.026 m, vel=0.120 +- 0.080 m/s
[2026-07-08 23:16:58.046] [odom] [warning] IMU better ratios rot=0.85, trans=0.02, vel=0.04
[2026-07-08 23:16:58.186] [glim] [info] playback speed: 2.928x
[2026-07-08 23:17:00.154] [odom] [warning] IMU prediction is not good.
[2026-07-08 23:17:00.154] [odom] [warning] Possibly T_lidar_imu is not accurate or IMU bias is not well estimated.
[2026-07-08 23:17:00.154] [odom] [warning] IMU validation results:
[2026-07-08 23:17:00.154] [odom] [warning] num_validations=17088
[2026-07-08 23:17:00.154] [odom] [warning] No-IMU errors rot=0.207 +- 0.240 deg, trans=0.038 +- 0.096 m, vel=0.029 +- 0.072 m/s
[2026-07-08 23:17:00.154] [odom] [warning] IMU errors rot=0.072 +- 0.059 deg, trans=0.043 +- 0.026 m, vel=0.120 +- 0.080 m/s
[2026-07-08 23:17:00.154] [odom] [warning] IMU better ratios rot=0.85, trans=0.02, vel=0.04
[2026-07-08 23:17:02.549] [odom] [warning] IMU prediction is not good.
[2026-07-08 23:17:02.549] [odom] [warning] Possibly T_lidar_imu is not accurate or IMU bias is not well estimated.
[2026-07-08 23:17:02.549] [odom] [warning] IMU validation results:
[2026-07-08 23:17:02.549] [odom] [warning] num_validations=17152
[2026-07-08 23:17:02.549] [odom] [warning] No-IMU errors rot=0.207 +- 0.239 deg, trans=0.038 +- 0.095 m, vel=0.029 +- 0.072 m/s
[2026-07-08 23:17:02.549] [odom] [warning] IMU errors rot=0.072 +- 0.059 deg, trans=0.043 +- 0.026 m, vel=0.121 +- 0.080 m/s
[2026-07-08 23:17:02.549] [odom] [warning] IMU better ratios rot=0.85, trans=0.02, vel=0.04
[2026-07-08 23:17:03.221] [glim] [info] playback speed: 3.284x
[2026-07-08 23:17:04.329] [odom] [warning] IMU prediction is not good.
[2026-07-08 23:17:04.329] [odom] [warning] Possibly T_lidar_imu is not accurate or IMU bias is not well estimated.
[2026-07-08 23:17:04.329] [odom] [warning] IMU validation results:
[2026-07-08 23:17:04.329] [odom] [warning] num_validations=17216
[2026-07-08 23:17:04.329] [odom] [warning] No-IMU errors rot=0.207 +- 0.239 deg, trans=0.038 +- 0.095 m, vel=0.029 +- 0.072 m/s
[2026-07-08 23:17:04.329] [odom] [warning] IMU errors rot=0.072 +- 0.059 deg, trans=0.043 +- 0.026 m, vel=0.121 +- 0.081 m/s
[2026-07-08 23:17:04.329] [odom] [warning] IMU better ratios rot=0.85, trans=0.02, vel=0.04
[2026-07-08 23:17:06.395] [odom] [warning] IMU prediction is not good.
[2026-07-08 23:17:06.395] [odom] [warning] Possibly T_lidar_imu is not accurate or IMU bias is not well estimated.
[2026-07-08 23:17:06.395] [odom] [warning] IMU validation results:
[2026-07-08 23:17:06.395] [odom] [warning] num_validations=17280
[2026-07-08 23:17:06.395] [odom] [warning] No-IMU errors rot=0.206 +- 0.239 deg, trans=0.038 +- 0.095 m, vel=0.029 +- 0.072 m/s
[2026-07-08 23:17:06.395] [odom] [warning] IMU errors rot=0.072 +- 0.059 deg, trans=0.043 +- 0.026 m, vel=0.122 +- 0.081 m/s
[2026-07-08 23:17:06.395] [odom] [warning] IMU better ratios rot=0.85, trans=0.02, vel=0.04
[2026-07-08 23:17:08.239] [glim] [info] playback speed: 2.527x
[2026-07-08 23:17:08.757] [odom] [warning] IMU prediction is not good.
[2026-07-08 23:17:08.757] [odom] [warning] Possibly T_lidar_imu is not accurate or IMU bias is not well estimated.
[2026-07-08 23:17:08.757] [odom] [warning] IMU validation results:
[2026-07-08 23:17:08.757] [odom] [warning] num_validations=17344
[2026-07-08 23:17:08.758] [odom] [warning] No-IMU errors rot=0.207 +- 0.240 deg, trans=0.038 +- 0.095 m, vel=0.029 +- 0.071 m/s
[2026-07-08 23:17:08.758] [odom] [warning] IMU errors rot=0.072 +- 0.059 deg, trans=0.043 +- 0.026 m, vel=0.122 +- 0.081 m/s
[2026-07-08 23:17:08.758] [odom] [warning] IMU better ratios rot=0.85, trans=0.02, vel=0.04
[2026-07-08 23:17:11.666] [odom] [warning] IMU prediction is not good.
[2026-07-08 23:17:11.666] [odom] [warning] Possibly T_lidar_imu is not accurate or IMU bias is not well estimated.
[2026-07-08 23:17:11.666] [odom] [warning] IMU validation results:
[2026-07-08 23:17:11.666] [odom] [warning] num_validations=17408
[2026-07-08 23:17:11.666] [odom] [warning] No-IMU errors rot=0.208 +- 0.241 deg, trans=0.038 +- 0.095 m, vel=0.029 +- 0.071 m/s
[2026-07-08 23:17:11.666] [odom] [warning] IMU errors rot=0.072 +- 0.059 deg, trans=0.043 +- 0.026 m, vel=0.122 +- 0.081 m/s
[2026-07-08 23:17:11.666] [odom] [warning] IMU better ratios rot=0.85, trans=0.02, vel=0.04
[2026-07-08 23:17:13.247] [glim] [info] playback speed: 3.038x
[2026-07-08 23:17:13.736] [odom] [warning] IMU prediction is not good.
[2026-07-08 23:17:13.736] [odom] [warning] Possibly T_lidar_imu is not accurate or IMU bias is not well estimated.
[2026-07-08 23:17:13.736] [odom] [warning] IMU validation results:
[2026-07-08 23:17:13.736] [odom] [warning] num_validations=17472
[2026-07-08 23:17:13.736] [odom] [warning] No-IMU errors rot=0.211 +- 0.251 deg, trans=0.039 +- 0.095 m, vel=0.029 +- 0.071 m/s
[2026-07-08 23:17:13.736] [odom] [warning] IMU errors rot=0.072 +- 0.059 deg, trans=0.043 +- 0.026 m, vel=0.123 +- 0.082 m/s
[2026-07-08 23:17:13.736] [odom] [warning] IMU better ratios rot=0.85, trans=0.02, vel=0.04
[2026-07-08 23:17:17.668] [odom] [warning] IMU prediction is not good.
[2026-07-08 23:17:17.668] [odom] [warning] Possibly T_lidar_imu is not accurate or IMU bias is not well estimated.
[2026-07-08 23:17:17.668] [odom] [warning] IMU validation results:
[2026-07-08 23:17:17.668] [odom] [warning] num_validations=17536
[2026-07-08 23:17:17.668] [odom] [warning] No-IMU errors rot=0.212 +- 0.250 deg, trans=0.039 +- 0.095 m, vel=0.029 +- 0.071 m/s
[2026-07-08 23:17:17.668] [odom] [warning] IMU errors rot=0.072 +- 0.059 deg, trans=0.044 +- 0.027 m, vel=0.124 +- 0.084 m/s
[2026-07-08 23:17:17.668] [odom] [warning] IMU better ratios rot=0.85, trans=0.02, vel=0.04
[2026-07-08 23:17:18.266] [glim] [info] playback speed: 1.698x
[2026-07-08 23:17:21.659] [odom] [warning] IMU prediction is not good.
[2026-07-08 23:17:21.659] [odom] [warning] Possibly T_lidar_imu is not accurate or IMU bias is not well estimated.
[2026-07-08 23:17:21.659] [odom] [warning] IMU validation results:
[2026-07-08 23:17:21.659] [odom] [warning] num_validations=17600
[2026-07-08 23:17:21.659] [odom] [warning] No-IMU errors rot=0.212 +- 0.250 deg, trans=0.039 +- 0.095 m, vel=0.029 +- 0.071 m/s
[2026-07-08 23:17:21.659] [odom] [warning] IMU errors rot=0.073 +- 0.059 deg, trans=0.044 +- 0.027 m, vel=0.125 +- 0.085 m/s
[2026-07-08 23:17:21.659] [odom] [warning] IMU better ratios rot=0.85, trans=0.02, vel=0.04
[2026-07-08 23:17:23.299] [glim] [info] playback speed: 1.613x
[2026-07-08 23:17:23.927] [odom] [warning] IMU prediction is not good.
[2026-07-08 23:17:23.927] [odom] [warning] Possibly T_lidar_imu is not accurate or IMU bias is not well estimated.
[2026-07-08 23:17:23.927] [odom] [warning] IMU validation results:
[2026-07-08 23:17:23.927] [odom] [warning] num_validations=17664
[2026-07-08 23:17:23.927] [odom] [warning] No-IMU errors rot=0.211 +- 0.250 deg, trans=0.039 +- 0.095 m, vel=0.029 +- 0.071 m/s
[2026-07-08 23:17:23.927] [odom] [warning] IMU errors rot=0.072 +- 0.059 deg, trans=0.045 +- 0.028 m, vel=0.126 +- 0.087 m/s
[2026-07-08 23:17:23.927] [odom] [warning] IMU better ratios rot=0.85, trans=0.02, vel=0.04
[2026-07-08 23:17:27.247] [odom] [warning] IMU prediction is not good.
[2026-07-08 23:17:27.247] [odom] [warning] Possibly T_lidar_imu is not accurate or IMU bias is not well estimated.
[2026-07-08 23:17:27.247] [odom] [warning] IMU validation results:
[2026-07-08 23:17:27.247] [odom] [warning] num_validations=17728
[2026-07-08 23:17:27.247] [odom] [warning] No-IMU errors rot=0.210 +- 0.250 deg, trans=0.040 +- 0.095 m, vel=0.029 +- 0.071 m/s
[2026-07-08 23:17:27.247] [odom] [warning] IMU errors rot=0.072 +- 0.059 deg, trans=0.045 +- 0.028 m, vel=0.127 +- 0.088 m/s
[2026-07-08 23:17:27.247] [odom] [warning] IMU better ratios rot=0.85, trans=0.02, vel=0.04
[2026-07-08 23:17:28.358] [glim] [info] playback speed: 2.406x
[2026-07-08 23:17:31.265] [odom] [warning] IMU prediction is not good.
[2026-07-08 23:17:31.265] [odom] [warning] Possibly T_lidar_imu is not accurate or IMU bias is not well estimated.
[2026-07-08 23:17:31.265] [odom] [warning] IMU validation results:
[2026-07-08 23:17:31.265] [odom] [warning] num_validations=17792
[2026-07-08 23:17:31.265] [odom] [warning] No-IMU errors rot=0.210 +- 0.249 deg, trans=0.040 +- 0.094 m, vel=0.030 +- 0.071 m/s
[2026-07-08 23:17:31.265] [odom] [warning] IMU errors rot=0.072 +- 0.059 deg, trans=0.045 +- 0.029 m, vel=0.128 +- 0.089 m/s
[2026-07-08 23:17:31.265] [odom] [warning] IMU better ratios rot=0.85, trans=0.02, vel=0.04
[2026-07-08 23:17:32.280] [odom] [warning] IMU bias estimation seems inaccurate.
[2026-07-08 23:17:32.280] [odom] [warning] Possibly T_lidar_imu is not accurate or LiDAR-IMU synchronization is not correct.
[2026-07-08 23:17:32.280] [odom] [warning] IMU bias validation results:
[2026-07-08 23:17:32.280] [odom] [warning] num_bias_validations=18240
[2026-07-08 23:17:32.280] [odom] [warning] bias_acc=[0.523, -0.073, 0.209] m/s^2, bias_gyro=[-0.019, -0.002, 0.001] rad/s
[2026-07-08 23:17:32.280] [odom] [warning] acc_stat ax=0.224 +- 0.424 [min=-0.650, max=0.761], ay=-0.248 +- 0.397 [min=-0.996, max=0.329], az=0.086 +- 0.077 [min=-0.007, max=0.266] m/s^2
[2026-07-08 23:17:32.280] [odom] [warning] gyro_stat wx=-0.019 +- 0.000 [min=-0.020, max=-0.016], wy=0.000 +- 0.001 [min=-0.004, max=0.003], wz=0.001 +- 0.000 [min=0.001, max=0.001] rad/s
[2026-07-08 23:17:33.383] [glim] [info] playback speed: 1.817x
[2026-07-08 23:17:33.577] [odom] [warning] IMU prediction is not good.
[2026-07-08 23:17:33.577] [odom] [warning] Possibly T_lidar_imu is not accurate or IMU bias is not well estimated.
[2026-07-08 23:17:33.577] [odom] [warning] IMU validation results:
[2026-07-08 23:17:33.577] [odom] [warning] num_validations=17856
[2026-07-08 23:17:33.577] [odom] [warning] No-IMU errors rot=0.210 +- 0.249 deg, trans=0.040 +- 0.094 m, vel=0.030 +- 0.071 m/s
[2026-07-08 23:17:33.577] [odom] [warning] IMU errors rot=0.072 +- 0.059 deg, trans=0.046 +- 0.029 m, vel=0.129 +- 0.090 m/s
[2026-07-08 23:17:33.577] [odom] [warning] IMU better ratios rot=0.85, trans=0.02, vel=0.04
[2026-07-08 23:17:34.022] [odom] [warning] IMU bias estimation seems inaccurate.
[2026-07-08 23:17:34.022] [odom] [warning] Possibly T_lidar_imu is not accurate or LiDAR-IMU synchronization is not correct.
[2026-07-08 23:17:34.022] [odom] [warning] IMU bias validation results:
[2026-07-08 23:17:34.022] [odom] [warning] num_bias_validations=18304
[2026-07-08 23:17:34.022] [odom] [warning] bias_acc=[0.559, -0.130, 0.210] m/s^2, bias_gyro=[-0.019, -0.001, 0.001] rad/s
[2026-07-08 23:17:34.022] [odom] [warning] acc_stat ax=0.225 +- 0.424 [min=-0.650, max=0.761], ay=-0.248 +- 0.397 [min=-0.996, max=0.329], az=0.087 +- 0.077 [min=-0.007, max=0.266] m/s^2
[2026-07-08 23:17:34.022] [odom] [warning] gyro_stat wx=-0.019 +- 0.000 [min=-0.020, max=-0.016], wy=0.000 +- 0.001 [min=-0.004, max=0.003], wz=0.001 +- 0.000 [min=0.001, max=0.001] rad/s
[2026-07-08 23:17:36.221] [odom] [warning] IMU prediction is not good.
[2026-07-08 23:17:36.221] [odom] [warning] Possibly T_lidar_imu is not accurate or IMU bias is not well estimated.
[2026-07-08 23:17:36.221] [odom] [warning] IMU validation results:
[2026-07-08 23:17:36.221] [odom] [warning] num_validations=17920
[2026-07-08 23:17:36.221] [odom] [warning] No-IMU errors rot=0.210 +- 0.249 deg, trans=0.041 +- 0.094 m, vel=0.030 +- 0.071 m/s
[2026-07-08 23:17:36.221] [odom] [warning] IMU errors rot=0.072 +- 0.059 deg, trans=0.046 +- 0.030 m, vel=0.130 +- 0.091 m/s
[2026-07-08 23:17:36.221] [odom] [warning] IMU better ratios rot=0.85, trans=0.02, vel=0.04
[2026-07-08 23:17:37.045] [odom] [warning] IMU bias estimation seems inaccurate.
[2026-07-08 23:17:37.045] [odom] [warning] Possibly T_lidar_imu is not accurate or LiDAR-IMU synchronization is not correct.
[2026-07-08 23:17:37.045] [odom] [warning] IMU bias validation results:
[2026-07-08 23:17:37.045] [odom] [warning] num_bias_validations=18368
[2026-07-08 23:17:37.045] [odom] [warning] bias_acc=[0.592, -0.186, 0.210] m/s^2, bias_gyro=[-0.018, -0.001, 0.001] rad/s
[2026-07-08 23:17:37.045] [odom] [warning] acc_stat ax=0.226 +- 0.424 [min=-0.650, max=0.761], ay=-0.248 +- 0.396 [min=-0.996, max=0.329], az=0.087 +- 0.078 [min=-0.007, max=0.266] m/s^2
[2026-07-08 23:17:37.045] [odom] [warning] gyro_stat wx=-0.019 +- 0.000 [min=-0.020, max=-0.016], wy=0.000 +- 0.001 [min=-0.004, max=0.003], wz=0.001 +- 0.000 [min=0.001, max=0.001] rad/s
[2026-07-08 23:17:38.408] [glim] [info] playback speed: 2.523x
[2026-07-08 23:17:39.222] [odom] [warning] IMU prediction is not good.
[2026-07-08 23:17:39.222] [odom] [warning] Possibly T_lidar_imu is not accurate or IMU bias is not well estimated.
[2026-07-08 23:17:39.222] [odom] [warning] IMU validation results:
[2026-07-08 23:17:39.222] [odom] [warning] num_validations=17984
[2026-07-08 23:17:39.222] [odom] [warning] No-IMU errors rot=0.209 +- 0.248 deg, trans=0.041 +- 0.094 m, vel=0.030 +- 0.070 m/s
[2026-07-08 23:17:39.222] [odom] [warning] IMU errors rot=0.072 +- 0.059 deg, trans=0.046 +- 0.030 m, vel=0.131 +- 0.092 m/s
[2026-07-08 23:17:39.222] [odom] [warning] IMU better ratios rot=0.85, trans=0.02, vel=0.04
[2026-07-08 23:17:39.500] [odom] [warning] IMU bias estimation seems inaccurate.
[2026-07-08 23:17:39.500] [odom] [warning] Possibly T_lidar_imu is not accurate or LiDAR-IMU synchronization is not correct.
[2026-07-08 23:17:39.500] [odom] [warning] IMU bias validation results:
[2026-07-08 23:17:39.500] [odom] [warning] num_bias_validations=18432
[2026-07-08 23:17:39.500] [odom] [warning] bias_acc=[0.623, -0.241, 0.209] m/s^2, bias_gyro=[-0.018, -0.001, 0.001] rad/s
[2026-07-08 23:17:39.500] [odom] [warning] acc_stat ax=0.228 +- 0.424 [min=-0.650, max=0.761], ay=-0.248 +- 0.395 [min=-0.996, max=0.329], az=0.087 +- 0.078 [min=-0.007, max=0.266] m/s^2
[2026-07-08 23:17:39.500] [odom] [warning] gyro_stat wx=-0.019 +- 0.000 [min=-0.020, max=-0.016], wy=0.000 +- 0.001 [min=-0.004, max=0.003], wz=0.001 +- 0.000 [min=0.001, max=0.001] rad/s
[2026-07-08 23:17:40.947] [odom] [warning] IMU prediction is not good.
[2026-07-08 23:17:40.947] [odom] [warning] Possibly T_lidar_imu is not accurate or IMU bias is not well estimated.
[2026-07-08 23:17:40.947] [odom] [warning] IMU validation results:
[2026-07-08 23:17:40.947] [odom] [warning] num_validations=18048
[2026-07-08 23:17:40.948] [odom] [warning] No-IMU errors rot=0.209 +- 0.248 deg, trans=0.041 +- 0.094 m, vel=0.030 +- 0.070 m/s
[2026-07-08 23:17:40.948] [odom] [warning] IMU errors rot=0.072 +- 0.059 deg, trans=0.046 +- 0.031 m, vel=0.131 +- 0.093 m/s
[2026-07-08 23:17:40.948] [odom] [warning] IMU better ratios rot=0.85, trans=0.02, vel=0.04
[2026-07-08 23:17:41.808] [odom] [warning] IMU bias estimation seems inaccurate.
[2026-07-08 23:17:41.808] [odom] [warning] Possibly T_lidar_imu is not accurate or LiDAR-IMU synchronization is not correct.
[2026-07-08 23:17:41.808] [odom] [warning] IMU bias validation results:
[2026-07-08 23:17:41.808] [odom] [warning] num_bias_validations=18496
[2026-07-08 23:17:41.808] [odom] [warning] bias_acc=[0.652, -0.291, 0.208] m/s^2, bias_gyro=[-0.018, -0.000, 0.001] rad/s
[2026-07-08 23:17:41.808] [odom] [warning] acc_stat ax=0.229 +- 0.424 [min=-0.650, max=0.761], ay=-0.248 +- 0.395 [min=-0.996, max=0.329], az=0.088 +- 0.078 [min=-0.007, max=0.266] m/s^2
[2026-07-08 23:17:41.808] [odom] [warning] gyro_stat wx=-0.019 +- 0.000 [min=-0.020, max=-0.016], wy=0.000 +- 0.001 [min=-0.004, max=0.003], wz=0.001 +- 0.000 [min=0.001, max=0.001] rad/s
[2026-07-08 23:17:43.414] [glim] [info] playback speed: 2.655x
[2026-07-08 23:17:44.566] [odom] [warning] IMU prediction is not good.
[2026-07-08 23:17:44.566] [odom] [warning] Possibly T_lidar_imu is not accurate or IMU bias is not well estimated.
[2026-07-08 23:17:44.566] [odom] [warning] IMU validation results:
[2026-07-08 23:17:44.566] [odom] [warning] num_validations=18112
[2026-07-08 23:17:44.566] [odom] [warning] No-IMU errors rot=0.209 +- 0.248 deg, trans=0.041 +- 0.094 m, vel=0.030 +- 0.070 m/s
[2026-07-08 23:17:44.566] [odom] [warning] IMU errors rot=0.072 +- 0.059 deg, trans=0.047 +- 0.031 m, vel=0.132 +- 0.093 m/s
[2026-07-08 23:17:44.566] [odom] [warning] IMU better ratios rot=0.85, trans=0.02, vel=0.04
[2026-07-08 23:17:45.424] [odom] [warning] IMU bias estimation seems inaccurate.
[2026-07-08 23:17:45.424] [odom] [warning] Possibly T_lidar_imu is not accurate or LiDAR-IMU synchronization is not correct.
[2026-07-08 23:17:45.424] [odom] [warning] IMU bias validation results:
[2026-07-08 23:17:45.424] [odom] [warning] num_bias_validations=18560
[2026-07-08 23:17:45.424] [odom] [warning] bias_acc=[0.682, -0.336, 0.207] m/s^2, bias_gyro=[-0.018, -0.000, 0.001] rad/s
[2026-07-08 23:17:45.424] [odom] [warning] acc_stat ax=0.231 +- 0.424 [min=-0.650, max=0.761], ay=-0.248 +- 0.394 [min=-0.996, max=0.329], az=0.088 +- 0.078 [min=-0.007, max=0.266] m/s^2
[2026-07-08 23:17:45.424] [odom] [warning] gyro_stat wx=-0.019 +- 0.000 [min=-0.020, max=-0.016], wy=0.000 +- 0.001 [min=-0.004, max=0.003], wz=0.001 +- 0.000 [min=0.001, max=0.001] rad/s
[2026-07-08 23:17:46.649] [odom] [warning] IMU prediction is not good.
[2026-07-08 23:17:46.649] [odom] [warning] Possibly T_lidar_imu is not accurate or IMU bias is not well estimated.
[2026-07-08 23:17:46.649] [odom] [warning] IMU validation results:
[2026-07-08 23:17:46.649] [odom] [warning] num_validations=18176
[2026-07-08 23:17:46.649] [odom] [warning] No-IMU errors rot=0.208 +- 0.248 deg, trans=0.042 +- 0.094 m, vel=0.030 +- 0.070 m/s
[2026-07-08 23:17:46.649] [odom] [warning] IMU errors rot=0.072 +- 0.059 deg, trans=0.047 +- 0.031 m, vel=0.133 +- 0.094 m/s
[2026-07-08 23:17:46.649] [odom] [warning] IMU better ratios rot=0.85, trans=0.02, vel=0.04
[2026-07-08 23:17:46.957] [odom] [warning] IMU bias estimation seems inaccurate.
[2026-07-08 23:17:46.957] [odom] [warning] Possibly T_lidar_imu is not accurate or LiDAR-IMU synchronization is not correct.
[2026-07-08 23:17:46.957] [odom] [warning] IMU bias validation results:
[2026-07-08 23:17:46.957] [odom] [warning] num_bias_validations=18624
[2026-07-08 23:17:46.957] [odom] [warning] bias_acc=[0.713, -0.380, 0.206] m/s^2, bias_gyro=[-0.019, -0.000, 0.001] rad/s
[2026-07-08 23:17:46.957] [odom] [warning] acc_stat ax=0.232 +- 0.424 [min=-0.650, max=0.761], ay=-0.249 +- 0.394 [min=-0.996, max=0.329], az=0.089 +- 0.078 [min=-0.007, max=0.266] m/s^2
[2026-07-08 23:17:46.957] [odom] [warning] gyro_stat wx=-0.019 +- 0.000 [min=-0.020, max=-0.016], wy=0.000 +- 0.001 [min=-0.004, max=0.003], wz=0.001 +- 0.000 [min=0.001, max=0.001] rad/s
[2026-07-08 23:17:48.460] [glim] [info] playback speed: 2.613x
[2026-07-08 23:17:49.359] [odom] [warning] IMU prediction is not good.
[2026-07-08 23:17:49.359] [odom] [warning] Possibly T_lidar_imu is not accurate or IMU bias is not well estimated.
[2026-07-08 23:17:49.359] [odom] [warning] IMU validation results:
[2026-07-08 23:17:49.359] [odom] [warning] num_validations=18240
[2026-07-08 23:17:49.359] [odom] [warning] No-IMU errors rot=0.208 +- 0.247 deg, trans=0.042 +- 0.094 m, vel=0.030 +- 0.070 m/s
[2026-07-08 23:17:49.359] [odom] [warning] IMU errors rot=0.072 +- 0.059 deg, trans=0.047 +- 0.031 m, vel=0.133 +- 0.094 m/s
[2026-07-08 23:17:49.359] [odom] [warning] IMU better ratios rot=0.85, trans=0.02, vel=0.04
[2026-07-08 23:17:49.570] [odom] [warning] IMU bias estimation seems inaccurate.
[2026-07-08 23:17:49.570] [odom] [warning] Possibly T_lidar_imu is not accurate or LiDAR-IMU synchronization is not correct.
[2026-07-08 23:17:49.570] [odom] [warning] IMU bias validation results:
[2026-07-08 23:17:49.570] [odom] [warning] num_bias_validations=18688
[2026-07-08 23:17:49.570] [odom] [warning] bias_acc=[0.739, -0.426, 0.206] m/s^2, bias_gyro=[-0.018, 0.000, 0.001] rad/s
[2026-07-08 23:17:49.570] [odom] [warning] acc_stat ax=0.234 +- 0.424 [min=-0.650, max=0.761], ay=-0.249 +- 0.393 [min=-0.996, max=0.329], az=0.089 +- 0.078 [min=-0.007, max=0.266] m/s^2
[2026-07-08 23:17:49.570] [odom] [warning] gyro_stat wx=-0.019 +- 0.000 [min=-0.020, max=-0.016], wy=0.000 +- 0.001 [min=-0.004, max=0.003], wz=0.001 +- 0.000 [min=0.001, max=0.001] rad/s
[2026-07-08 23:17:50.827] [odom] [warning] IMU prediction is not good.
[2026-07-08 23:17:50.827] [odom] [warning] Possibly T_lidar_imu is not accurate or IMU bias is not well estimated.
[2026-07-08 23:17:50.827] [odom] [warning] IMU validation results:
[2026-07-08 23:17:50.827] [odom] [warning] num_validations=18304
[2026-07-08 23:17:50.827] [odom] [warning] No-IMU errors rot=0.208 +- 0.247 deg, trans=0.042 +- 0.094 m, vel=0.030 +- 0.070 m/s
[2026-07-08 23:17:50.827] [odom] [warning] IMU errors rot=0.072 +- 0.059 deg, trans=0.047 +- 0.032 m, vel=0.134 +- 0.095 m/s
[2026-07-08 23:17:50.827] [odom] [warning] IMU better ratios rot=0.85, trans=0.02, vel=0.04
[2026-07-08 23:17:51.683] [odom] [warning] IMU bias estimation seems inaccurate.
[2026-07-08 23:17:51.683] [odom] [warning] Possibly T_lidar_imu is not accurate or LiDAR-IMU synchronization is not correct.
[2026-07-08 23:17:51.683] [odom] [warning] IMU bias validation results:
[2026-07-08 23:17:51.683] [odom] [warning] num_bias_validations=18752
[2026-07-08 23:17:51.683] [odom] [warning] bias_acc=[0.763, -0.470, 0.205] m/s^2, bias_gyro=[-0.019, 0.000, 0.001] rad/s
[2026-07-08 23:17:51.683] [odom] [warning] acc_stat ax=0.236 +- 0.425 [min=-0.650, max=0.763], ay=-0.250 +- 0.393 [min=-0.996, max=0.329], az=0.089 +- 0.079 [min=-0.007, max=0.266] m/s^2
[2026-07-08 23:17:51.683] [odom] [warning] gyro_stat wx=-0.019 +- 0.000 [min=-0.020, max=-0.016], wy=0.000 +- 0.001 [min=-0.004, max=0.003], wz=0.001 +- 0.000 [min=0.001, max=0.001] rad/s
[2026-07-08 23:17:53.065] [odom] [warning] IMU prediction is not good.
[2026-07-08 23:17:53.065] [odom] [warning] Possibly T_lidar_imu is not accurate or IMU bias is not well estimated.
[2026-07-08 23:17:53.065] [odom] [warning] IMU validation results:
[2026-07-08 23:17:53.065] [odom] [warning] num_validations=18368
[2026-07-08 23:17:53.065] [odom] [warning] No-IMU errors rot=0.208 +- 0.247 deg, trans=0.042 +- 0.094 m, vel=0.030 +- 0.070 m/s
[2026-07-08 23:17:53.065] [odom] [warning] IMU errors rot=0.072 +- 0.059 deg, trans=0.048 +- 0.032 m, vel=0.134 +- 0.095 m/s
[2026-07-08 23:17:53.065] [odom] [warning] IMU better ratios rot=0.85, trans=0.02, vel=0.04
[2026-07-08 23:17:53.460] [glim] [info] playback speed: 3.063x
[2026-07-08 23:17:53.811] [odom] [warning] IMU bias estimation seems inaccurate.
[2026-07-08 23:17:53.811] [odom] [warning] Possibly T_lidar_imu is not accurate or LiDAR-IMU synchronization is not correct.
[2026-07-08 23:17:53.811] [odom] [warning] IMU bias validation results:
[2026-07-08 23:17:53.811] [odom] [warning] num_bias_validations=18816
[2026-07-08 23:17:53.811] [odom] [warning] bias_acc=[0.787, -0.513, 0.205] m/s^2, bias_gyro=[-0.019, 0.000, 0.001] rad/s
[2026-07-08 23:17:53.811] [odom] [warning] acc_stat ax=0.238 +- 0.425 [min=-0.650, max=0.787], ay=-0.251 +- 0.392 [min=-0.996, max=0.329], az=0.090 +- 0.079 [min=-0.007, max=0.266] m/s^2
[2026-07-08 23:17:53.811] [odom] [warning] gyro_stat wx=-0.019 +- 0.000 [min=-0.020, max=-0.016], wy=0.000 +- 0.001 [min=-0.004, max=0.003], wz=0.001 +- 0.000 [min=0.001, max=0.001] rad/s
[2026-07-08 23:17:56.686] [odom] [warning] IMU prediction is not good.
[2026-07-08 23:17:56.686] [odom] [warning] Possibly T_lidar_imu is not accurate or IMU bias is not well estimated.
[2026-07-08 23:17:56.686] [odom] [warning] IMU validation results:
[2026-07-08 23:17:56.686] [odom] [warning] num_validations=18432
[2026-07-08 23:17:56.686] [odom] [warning] No-IMU errors rot=0.207 +- 0.246 deg, trans=0.042 +- 0.094 m, vel=0.030 +- 0.070 m/s
[2026-07-08 23:17:56.686] [odom] [warning] IMU errors rot=0.072 +- 0.059 deg, trans=0.048 +- 0.032 m, vel=0.135 +- 0.095 m/s
[2026-07-08 23:17:56.686] [odom] [warning] IMU better ratios rot=0.85, trans=0.02, vel=0.04
[2026-07-08 23:17:57.651] [odom] [warning] IMU bias estimation seems inaccurate.
[2026-07-08 23:17:57.651] [odom] [warning] Possibly T_lidar_imu is not accurate or LiDAR-IMU synchronization is not correct.
[2026-07-08 23:17:57.651] [odom] [warning] IMU bias validation results:
[2026-07-08 23:17:57.651] [odom] [warning] num_bias_validations=18880
[2026-07-08 23:17:57.651] [odom] [warning] bias_acc=[0.810, -0.553, 0.203] m/s^2, bias_gyro=[-0.019, 0.000, 0.001] rad/s
[2026-07-08 23:17:57.651] [odom] [warning] acc_stat ax=0.240 +- 0.426 [min=-0.650, max=0.810], ay=-0.252 +- 0.392 [min=-0.996, max=0.329], az=0.090 +- 0.079 [min=-0.007, max=0.266] m/s^2
[2026-07-08 23:17:57.651] [odom] [warning] gyro_stat wx=-0.019 +- 0.000 [min=-0.020, max=-0.016], wy=0.000 +- 0.001 [min=-0.004, max=0.003], wz=0.001 +- 0.000 [min=0.001, max=0.001] rad/s
[2026-07-08 23:17:58.444] [odom] [warning] IMU prediction is not good.
[2026-07-08 23:17:58.444] [odom] [warning] Possibly T_lidar_imu is not accurate or IMU bias is not well estimated.
[2026-07-08 23:17:58.444] [odom] [warning] IMU validation results:
[2026-07-08 23:17:58.444] [odom] [warning] num_validations=18496
[2026-07-08 23:17:58.444] [odom] [warning] No-IMU errors rot=0.207 +- 0.246 deg, trans=0.042 +- 0.093 m, vel=0.030 +- 0.070 m/s
[2026-07-08 23:17:58.444] [odom] [warning] IMU errors rot=0.072 +- 0.059 deg, trans=0.048 +- 0.032 m, vel=0.136 +- 0.096 m/s
[2026-07-08 23:17:58.444] [odom] [warning] IMU better ratios rot=0.85, trans=0.02, vel=0.04
[2026-07-08 23:17:58.467] [glim] [info] playback speed: 2.270x
[2026-07-08 23:17:59.163] [odom] [warning] IMU bias estimation seems inaccurate.
[2026-07-08 23:17:59.163] [odom] [warning] Possibly T_lidar_imu is not accurate or LiDAR-IMU synchronization is not correct.
[2026-07-08 23:17:59.163] [odom] [warning] IMU bias validation results:
[2026-07-08 23:17:59.163] [odom] [warning] num_bias_validations=18944
[2026-07-08 23:17:59.163] [odom] [warning] bias_acc=[0.833, -0.590, 0.202] m/s^2, bias_gyro=[-0.018, 0.001, 0.001] rad/s
[2026-07-08 23:17:59.163] [odom] [warning] acc_stat ax=0.242 +- 0.427 [min=-0.650, max=0.833], ay=-0.253 +- 0.392 [min=-0.996, max=0.329], az=0.091 +- 0.079 [min=-0.007, max=0.266] m/s^2
[2026-07-08 23:17:59.163] [odom] [warning] gyro_stat wx=-0.019 +- 0.000 [min=-0.020, max=-0.016], wy=0.000 +- 0.001 [min=-0.004, max=0.003], wz=0.001 +- 0.000 [min=0.001, max=0.001] rad/s
[2026-07-08 23:18:02.111] [odom] [warning] IMU prediction is not good.
[2026-07-08 23:18:02.111] [odom] [warning] Possibly T_lidar_imu is not accurate or IMU bias is not well estimated.
[2026-07-08 23:18:02.111] [odom] [warning] IMU validation results:
[2026-07-08 23:18:02.111] [odom] [warning] num_validations=18560
[2026-07-08 23:18:02.111] [odom] [warning] No-IMU errors rot=0.207 +- 0.246 deg, trans=0.042 +- 0.093 m, vel=0.030 +- 0.069 m/s
[2026-07-08 23:18:02.111] [odom] [warning] IMU errors rot=0.072 +- 0.059 deg, trans=0.048 +- 0.032 m, vel=0.136 +- 0.096 m/s
[2026-07-08 23:18:02.111] [odom] [warning] IMU better ratios rot=0.85, trans=0.02, vel=0.04
[2026-07-08 23:18:02.837] [odom] [warning] IMU bias estimation seems inaccurate.
[2026-07-08 23:18:02.837] [odom] [warning] Possibly T_lidar_imu is not accurate or LiDAR-IMU synchronization is not correct.
[2026-07-08 23:18:02.837] [odom] [warning] IMU bias validation results:
[2026-07-08 23:18:02.837] [odom] [warning] num_bias_validations=19008
[2026-07-08 23:18:02.837] [odom] [warning] bias_acc=[0.854, -0.626, 0.200] m/s^2, bias_gyro=[-0.018, 0.000, 0.001] rad/s
[2026-07-08 23:18:02.837] [odom] [warning] acc_stat ax=0.244 +- 0.427 [min=-0.650, max=0.854], ay=-0.254 +- 0.392 [min=-0.996, max=0.329], az=0.091 +- 0.079 [min=-0.007, max=0.266] m/s^2
[2026-07-08 23:18:02.837] [odom] [warning] gyro_stat wx=-0.019 +- 0.000 [min=-0.020, max=-0.016], wy=0.000 +- 0.001 [min=-0.004, max=0.003], wz=0.001 +- 0.000 [min=0.001, max=0.001] rad/s
[2026-07-08 23:18:03.483] [glim] [info] playback speed: 2.385x
[2026-07-08 23:18:03.794] [odom] [warning] IMU prediction is not good.
[2026-07-08 23:18:03.794] [odom] [warning] Possibly T_lidar_imu is not accurate or IMU bias is not well estimated.
[2026-07-08 23:18:03.794] [odom] [warning] IMU validation results:
[2026-07-08 23:18:03.794] [odom] [warning] num_validations=18624
[2026-07-08 23:18:03.794] [odom] [warning] No-IMU errors rot=0.207 +- 0.245 deg, trans=0.042 +- 0.093 m, vel=0.030 +- 0.069 m/s
[2026-07-08 23:18:03.794] [odom] [warning] IMU errors rot=0.071 +- 0.059 deg, trans=0.048 +- 0.032 m, vel=0.136 +- 0.096 m/s
[2026-07-08 23:18:03.794] [odom] [warning] IMU better ratios rot=0.85, trans=0.02, vel=0.04
[2026-07-08 23:18:04.465] [odom] [warning] IMU bias estimation seems inaccurate.
[2026-07-08 23:18:04.465] [odom] [warning] Possibly T_lidar_imu is not accurate or LiDAR-IMU synchronization is not correct.
[2026-07-08 23:18:04.465] [odom] [warning] IMU bias validation results:
[2026-07-08 23:18:04.465] [odom] [warning] num_bias_validations=19072
[2026-07-08 23:18:04.465] [odom] [warning] bias_acc=[0.873, -0.662, 0.199] m/s^2, bias_gyro=[-0.019, 0.000, 0.001] rad/s
[2026-07-08 23:18:04.465] [odom] [warning] acc_stat ax=0.246 +- 0.428 [min=-0.650, max=0.873], ay=-0.256 +- 0.392 [min=-0.996, max=0.329], az=0.091 +- 0.079 [min=-0.007, max=0.266] m/s^2
[2026-07-08 23:18:04.465] [odom] [warning] gyro_stat wx=-0.019 +- 0.000 [min=-0.020, max=-0.016], wy=0.000 +- 0.001 [min=-0.004, max=0.003], wz=0.001 +- 0.000 [min=0.001, max=0.001] rad/s
[2026-07-08 23:18:07.052] [odom] [warning] IMU prediction is not good.
[2026-07-08 23:18:07.052] [odom] [warning] Possibly T_lidar_imu is not accurate or IMU bias is not well estimated.
[2026-07-08 23:18:07.052] [odom] [warning] IMU validation results:
[2026-07-08 23:18:07.052] [odom] [warning] num_validations=18688
[2026-07-08 23:18:07.052] [odom] [warning] No-IMU errors rot=0.207 +- 0.245 deg, trans=0.042 +- 0.093 m, vel=0.030 +- 0.069 m/s
[2026-07-08 23:18:07.052] [odom] [warning] IMU errors rot=0.072 +- 0.059 deg, trans=0.048 +- 0.032 m, vel=0.137 +- 0.096 m/s
[2026-07-08 23:18:07.052] [odom] [warning] IMU better ratios rot=0.85, trans=0.02, vel=0.04
[2026-07-08 23:18:07.996] [odom] [warning] IMU bias estimation seems inaccurate.
[2026-07-08 23:18:07.996] [odom] [warning] Possibly T_lidar_imu is not accurate or LiDAR-IMU synchronization is not correct.
[2026-07-08 23:18:07.996] [odom] [warning] IMU bias validation results:
[2026-07-08 23:18:07.996] [odom] [warning] num_bias_validations=19136
[2026-07-08 23:18:07.996] [odom] [warning] bias_acc=[0.886, -0.701, 0.198] m/s^2, bias_gyro=[-0.019, 0.001, 0.001] rad/s
[2026-07-08 23:18:07.996] [odom] [warning] acc_stat ax=0.248 +- 0.429 [min=-0.650, max=0.886], ay=-0.257 +- 0.392 [min=-0.996, max=0.329], az=0.092 +- 0.079 [min=-0.007, max=0.266] m/s^2
[2026-07-08 23:18:07.996] [odom] [warning] gyro_stat wx=-0.019 +- 0.000 [min=-0.020, max=-0.016], wy=0.000 +- 0.001 [min=-0.004, max=0.003], wz=0.001 +- 0.000 [min=0.001, max=0.001] rad/s
[2026-07-08 23:18:08.484] [glim] [info] playback speed: 2.170x
[2026-07-08 23:18:09.131] [odom] [warning] IMU prediction is not good.
[2026-07-08 23:18:09.131] [odom] [warning] Possibly T_lidar_imu is not accurate or IMU bias is not well estimated.
[2026-07-08 23:18:09.131] [odom] [warning] IMU validation results:
[2026-07-08 23:18:09.131] [odom] [warning] num_validations=18752
[2026-07-08 23:18:09.131] [odom] [warning] No-IMU errors rot=0.207 +- 0.245 deg, trans=0.042 +- 0.093 m, vel=0.030 +- 0.069 m/s
[2026-07-08 23:18:09.131] [odom] [warning] IMU errors rot=0.072 +- 0.059 deg, trans=0.048 +- 0.032 m, vel=0.137 +- 0.096 m/s
[2026-07-08 23:18:09.131] [odom] [warning] IMU better ratios rot=0.85, trans=0.02, vel=0.04
[2026-07-08 23:18:09.603] [odom] [warning] IMU bias estimation seems inaccurate.
[2026-07-08 23:18:09.603] [odom] [warning] Possibly T_lidar_imu is not accurate or LiDAR-IMU synchronization is not correct.
[2026-07-08 23:18:09.603] [odom] [warning] IMU bias validation results:
[2026-07-08 23:18:09.603] [odom] [warning] num_bias_validations=19200
[2026-07-08 23:18:09.603] [odom] [warning] bias_acc=[0.899, -0.739, 0.197] m/s^2, bias_gyro=[-0.019, 0.002, 0.001] rad/s
[2026-07-08 23:18:09.603] [odom] [warning] acc_stat ax=0.250 +- 0.430 [min=-0.650, max=0.899], ay=-0.259 +- 0.392 [min=-0.996, max=0.329], az=0.092 +- 0.079 [min=-0.007, max=0.266] m/s^2
[2026-07-08 23:18:09.603] [odom] [warning] gyro_stat wx=-0.019 +- 0.000 [min=-0.020, max=-0.016], wy=0.000 +- 0.001 [min=-0.004, max=0.003], wz=0.001 +- 0.000 [min=0.001, max=0.001] rad/s
[2026-07-08 23:18:11.687] [odom] [warning] IMU prediction is not good.
[2026-07-08 23:18:11.687] [odom] [warning] Possibly T_lidar_imu is not accurate or IMU bias is not well estimated.
[2026-07-08 23:18:11.687] [odom] [warning] IMU validation results:
[2026-07-08 23:18:11.687] [odom] [warning] num_validations=18816
[2026-07-08 23:18:11.687] [odom] [warning] No-IMU errors rot=0.207 +- 0.245 deg, trans=0.043 +- 0.093 m, vel=0.030 +- 0.069 m/s
[2026-07-08 23:18:11.687] [odom] [warning] IMU errors rot=0.072 +- 0.059 deg, trans=0.048 +- 0.032 m, vel=0.138 +- 0.096 m/s
[2026-07-08 23:18:11.687] [odom] [warning] IMU better ratios rot=0.85, trans=0.02, vel=0.04
[2026-07-08 23:18:11.945] [odom] [warning] IMU bias estimation seems inaccurate.
[2026-07-08 23:18:11.945] [odom] [warning] Possibly T_lidar_imu is not accurate or LiDAR-IMU synchronization is not correct.
[2026-07-08 23:18:11.945] [odom] [warning] IMU bias validation results:
[2026-07-08 23:18:11.945] [odom] [warning] num_bias_validations=19264
[2026-07-08 23:18:11.945] [odom] [warning] bias_acc=[0.912, -0.773, 0.196] m/s^2, bias_gyro=[-0.019, 0.001, 0.001] rad/s
[2026-07-08 23:18:11.945] [odom] [warning] acc_stat ax=0.253 +- 0.431 [min=-0.650, max=0.912], ay=-0.260 +- 0.393 [min=-0.996, max=0.329], az=0.092 +- 0.080 [min=-0.007, max=0.266] m/s^2
[2026-07-08 23:18:11.945] [odom] [warning] gyro_stat wx=-0.019 +- 0.000 [min=-0.020, max=-0.016], wy=0.000 +- 0.001 [min=-0.004, max=0.003], wz=0.001 +- 0.000 [min=0.001, max=0.001] rad/s
[2026-07-08 23:18:13.437] [odom] [warning] IMU prediction is not good.
[2026-07-08 23:18:13.437] [odom] [warning] Possibly T_lidar_imu is not accurate or IMU bias is not well estimated.
[2026-07-08 23:18:13.437] [odom] [warning] IMU validation results:
[2026-07-08 23:18:13.437] [odom] [warning] num_validations=18880
[2026-07-08 23:18:13.437] [odom] [warning] No-IMU errors rot=0.207 +- 0.245 deg, trans=0.043 +- 0.093 m, vel=0.030 +- 0.069 m/s
[2026-07-08 23:18:13.437] [odom] [warning] IMU errors rot=0.072 +- 0.059 deg, trans=0.048 +- 0.032 m, vel=0.138 +- 0.096 m/s
[2026-07-08 23:18:13.437] [odom] [warning] IMU better ratios rot=0.85, trans=0.02, vel=0.04
[2026-07-08 23:18:13.497] [glim] [info] playback speed: 3.421x
[2026-07-08 23:18:14.018] [odom] [warning] IMU bias estimation seems inaccurate.
[2026-07-08 23:18:14.018] [odom] [warning] Possibly T_lidar_imu is not accurate or LiDAR-IMU synchronization is not correct.
[2026-07-08 23:18:14.018] [odom] [warning] IMU bias validation results:
[2026-07-08 23:18:14.018] [odom] [warning] num_bias_validations=19328
[2026-07-08 23:18:14.018] [odom] [warning] bias_acc=[0.924, -0.801, 0.192] m/s^2, bias_gyro=[-0.019, 0.002, 0.001] rad/s
[2026-07-08 23:18:14.018] [odom] [warning] acc_stat ax=0.255 +- 0.432 [min=-0.650, max=0.924], ay=-0.262 +- 0.393 [min=-0.996, max=0.329], az=0.093 +- 0.080 [min=-0.007, max=0.266] m/s^2
[2026-07-08 23:18:14.018] [odom] [warning] gyro_stat wx=-0.019 +- 0.000 [min=-0.020, max=-0.016], wy=0.000 +- 0.001 [min=-0.004, max=0.003], wz=0.001 +- 0.000 [min=0.001, max=0.001] rad/s
[2026-07-08 23:18:15.434] [odom] [warning] IMU prediction is not good.
[2026-07-08 23:18:15.434] [odom] [warning] Possibly T_lidar_imu is not accurate or IMU bias is not well estimated.
[2026-07-08 23:18:15.434] [odom] [warning] IMU validation results:
[2026-07-08 23:18:15.434] [odom] [warning] num_validations=18944
[2026-07-08 23:18:15.434] [odom] [warning] No-IMU errors rot=0.208 +- 0.247 deg, trans=0.043 +- 0.092 m, vel=0.030 +- 0.069 m/s
[2026-07-08 23:18:15.434] [odom] [warning] IMU errors rot=0.072 +- 0.060 deg, trans=0.049 +- 0.032 m, vel=0.138 +- 0.096 m/s
[2026-07-08 23:18:15.434] [odom] [warning] IMU better ratios rot=0.85, trans=0.02, vel=0.04
[2026-07-08 23:18:16.133] [odom] [warning] IMU bias estimation seems inaccurate.
[2026-07-08 23:18:16.133] [odom] [warning] Possibly T_lidar_imu is not accurate or LiDAR-IMU synchronization is not correct.
[2026-07-08 23:18:16.133] [odom] [warning] IMU bias validation results:
[2026-07-08 23:18:16.133] [odom] [warning] num_bias_validations=19392
[2026-07-08 23:18:16.133] [odom] [warning] bias_acc=[0.938, -0.828, 0.191] m/s^2, bias_gyro=[-0.018, 0.001, 0.001] rad/s
[2026-07-08 23:18:16.133] [odom] [warning] acc_stat ax=0.257 +- 0.433 [min=-0.650, max=0.938], ay=-0.264 +- 0.394 [min=-0.996, max=0.329], az=0.093 +- 0.080 [min=-0.007, max=0.266] m/s^2
[2026-07-08 23:18:16.133] [odom] [warning] gyro_stat wx=-0.019 +- 0.000 [min=-0.020, max=-0.016], wy=0.000 +- 0.001 [min=-0.004, max=0.003], wz=0.001 +- 0.000 [min=0.001, max=0.001] rad/s
[2026-07-08 23:18:18.516] [glim] [info] playback speed: 2.567x
[2026-07-08 23:18:18.531] [odom] [warning] IMU prediction is not good.
[2026-07-08 23:18:18.531] [odom] [warning] Possibly T_lidar_imu is not accurate or IMU bias is not well estimated.
[2026-07-08 23:18:18.531] [odom] [warning] IMU validation results:
[2026-07-08 23:18:18.531] [odom] [warning] num_validations=19008
[2026-07-08 23:18:18.531] [odom] [warning] No-IMU errors rot=0.209 +- 0.247 deg, trans=0.043 +- 0.092 m, vel=0.030 +- 0.069 m/s
[2026-07-08 23:18:18.531] [odom] [warning] IMU errors rot=0.073 +- 0.060 deg, trans=0.049 +- 0.032 m, vel=0.139 +- 0.096 m/s
[2026-07-08 23:18:18.531] [odom] [warning] IMU better ratios rot=0.85, trans=0.02, vel=0.04
[2026-07-08 23:18:19.492] [odom] [warning] IMU bias estimation seems inaccurate.
[2026-07-08 23:18:19.492] [odom] [warning] Possibly T_lidar_imu is not accurate or LiDAR-IMU synchronization is not correct.
[2026-07-08 23:18:19.492] [odom] [warning] IMU bias validation results:
[2026-07-08 23:18:19.492] [odom] [warning] num_bias_validations=19456
[2026-07-08 23:18:19.492] [odom] [warning] bias_acc=[0.951, -0.853, 0.188] m/s^2, bias_gyro=[-0.018, 0.001, 0.001] rad/s
[2026-07-08 23:18:19.492] [odom] [warning] acc_stat ax=0.259 +- 0.434 [min=-0.650, max=0.951], ay=-0.266 +- 0.395 [min=-0.996, max=0.329], az=0.093 +- 0.080 [min=-0.007, max=0.266] m/s^2
[2026-07-08 23:18:19.492] [odom] [warning] gyro_stat wx=-0.019 +- 0.000 [min=-0.020, max=-0.016], wy=0.000 +- 0.001 [min=-0.004, max=0.003], wz=0.001 +- 0.000 [min=0.001, max=0.001] rad/s
[2026-07-08 23:18:22.322] [odom] [warning] IMU prediction is not good.
[2026-07-08 23:18:22.322] [odom] [warning] Possibly T_lidar_imu is not accurate or IMU bias is not well estimated.
[2026-07-08 23:18:22.322] [odom] [warning] IMU validation results:
[2026-07-08 23:18:22.322] [odom] [warning] num_validations=19072
[2026-07-08 23:18:22.322] [odom] [warning] No-IMU errors rot=0.209 +- 0.249 deg, trans=0.043 +- 0.092 m, vel=0.030 +- 0.069 m/s
[2026-07-08 23:18:22.322] [odom] [warning] IMU errors rot=0.073 +- 0.060 deg, trans=0.049 +- 0.032 m, vel=0.139 +- 0.096 m/s
[2026-07-08 23:18:22.322] [odom] [warning] IMU better ratios rot=0.85, trans=0.02, vel=0.04
[2026-07-08 23:18:23.275] [odom] [warning] IMU bias estimation seems inaccurate.
[2026-07-08 23:18:23.275] [odom] [warning] Possibly T_lidar_imu is not accurate or LiDAR-IMU synchronization is not correct.
[2026-07-08 23:18:23.275] [odom] [warning] IMU bias validation results:
[2026-07-08 23:18:23.275] [odom] [warning] num_bias_validations=19520
[2026-07-08 23:18:23.275] [odom] [warning] bias_acc=[0.965, -0.873, 0.186] m/s^2, bias_gyro=[-0.018, 0.001, 0.001] rad/s
[2026-07-08 23:18:23.275] [odom] [warning] acc_stat ax=0.262 +- 0.435 [min=-0.650, max=0.965], ay=-0.268 +- 0.396 [min=-0.996, max=0.329], az=0.094 +- 0.080 [min=-0.007, max=0.266] m/s^2
[2026-07-08 23:18:23.275] [odom] [warning] gyro_stat wx=-0.019 +- 0.000 [min=-0.020, max=-0.016], wy=0.000 +- 0.001 [min=-0.004, max=0.003], wz=0.001 +- 0.000 [min=0.001, max=0.001] rad/s
[2026-07-08 23:18:23.563] [glim] [info] playback speed: 1.749x
[2026-07-08 23:18:25.982] [odom] [warning] IMU prediction is not good.
[2026-07-08 23:18:25.982] [odom] [warning] Possibly T_lidar_imu is not accurate or IMU bias is not well estimated.
[2026-07-08 23:18:25.982] [odom] [warning] IMU validation results:
[2026-07-08 23:18:25.982] [odom] [warning] num_validations=19136
[2026-07-08 23:18:25.982] [odom] [warning] No-IMU errors rot=0.209 +- 0.249 deg, trans=0.043 +- 0.092 m, vel=0.030 +- 0.069 m/s
[2026-07-08 23:18:25.982] [odom] [warning] IMU errors rot=0.073 +- 0.060 deg, trans=0.049 +- 0.032 m, vel=0.139 +- 0.096 m/s
[2026-07-08 23:18:25.982] [odom] [warning] IMU better ratios rot=0.85, trans=0.02, vel=0.04
[2026-07-08 23:18:26.351] [odom] [warning] IMU bias estimation seems inaccurate.
[2026-07-08 23:18:26.351] [odom] [warning] Possibly T_lidar_imu is not accurate or LiDAR-IMU synchronization is not correct.
[2026-07-08 23:18:26.351] [odom] [warning] IMU bias validation results:
[2026-07-08 23:18:26.351] [odom] [warning] num_bias_validations=19584
[2026-07-08 23:18:26.351] [odom] [warning] bias_acc=[0.975, -0.898, 0.184] m/s^2, bias_gyro=[-0.018, 0.001, 0.001] rad/s
[2026-07-08 23:18:26.351] [odom] [warning] acc_stat ax=0.264 +- 0.437 [min=-0.650, max=0.975], ay=-0.270 +- 0.397 [min=-0.996, max=0.329], az=0.094 +- 0.080 [min=-0.007, max=0.266] m/s^2
[2026-07-08 23:18:26.351] [odom] [warning] gyro_stat wx=-0.019 +- 0.000 [min=-0.020, max=-0.016], wy=0.000 +- 0.001 [min=-0.004, max=0.003], wz=0.001 +- 0.000 [min=0.001, max=0.001] rad/s
[2026-07-08 23:18:27.406] [odom] [warning] IMU prediction is not good.
[2026-07-08 23:18:27.406] [odom] [warning] Possibly T_lidar_imu is not accurate or IMU bias is not well estimated.
[2026-07-08 23:18:27.406] [odom] [warning] IMU validation results:
[2026-07-08 23:18:27.406] [odom] [warning] num_validations=19200
[2026-07-08 23:18:27.406] [odom] [warning] No-IMU errors rot=0.209 +- 0.248 deg, trans=0.043 +- 0.092 m, vel=0.030 +- 0.068 m/s
[2026-07-08 23:18:27.406] [odom] [warning] IMU errors rot=0.073 +- 0.060 deg, trans=0.049 +- 0.031 m, vel=0.140 +- 0.096 m/s
[2026-07-08 23:18:27.406] [odom] [warning] IMU better ratios rot=0.85, trans=0.02, vel=0.04
[2026-07-08 23:18:28.234] [odom] [warning] IMU bias estimation seems inaccurate.
[2026-07-08 23:18:28.234] [odom] [warning] Possibly T_lidar_imu is not accurate or LiDAR-IMU synchronization is not correct.
[2026-07-08 23:18:28.234] [odom] [warning] IMU bias validation results:
[2026-07-08 23:18:28.234] [odom] [warning] num_bias_validations=19648
[2026-07-08 23:18:28.234] [odom] [warning] bias_acc=[0.979, -0.927, 0.183] m/s^2, bias_gyro=[-0.019, 0.001, 0.001] rad/s
[2026-07-08 23:18:28.234] [odom] [warning] acc_stat ax=0.266 +- 0.438 [min=-0.650, max=0.979], ay=-0.272 +- 0.398 [min=-0.996, max=0.329], az=0.094 +- 0.080 [min=-0.007, max=0.266] m/s^2
[2026-07-08 23:18:28.234] [odom] [warning] gyro_stat wx=-0.019 +- 0.000 [min=-0.020, max=-0.016], wy=0.000 +- 0.001 [min=-0.004, max=0.003], wz=0.001 +- 0.000 [min=0.001, max=0.001] rad/s
[2026-07-08 23:18:28.585] [glim] [info] playback speed: 2.586x
[2026-07-08 23:18:30.008] [odom] [warning] IMU prediction is not good.
[2026-07-08 23:18:30.008] [odom] [warning] Possibly T_lidar_imu is not accurate or IMU bias is not well estimated.
[2026-07-08 23:18:30.008] [odom] [warning] IMU validation results:
[2026-07-08 23:18:30.008] [odom] [warning] num_validations=19264
[2026-07-08 23:18:30.008] [odom] [warning] No-IMU errors rot=0.209 +- 0.248 deg, trans=0.043 +- 0.092 m, vel=0.030 +- 0.068 m/s
[2026-07-08 23:18:30.008] [odom] [warning] IMU errors rot=0.073 +- 0.060 deg, trans=0.049 +- 0.031 m, vel=0.140 +- 0.096 m/s
[2026-07-08 23:18:30.008] [odom] [warning] IMU better ratios rot=0.85, trans=0.02, vel=0.04
[2026-07-08 23:18:30.218] [odom] [warning] IMU bias estimation seems inaccurate.
[2026-07-08 23:18:30.218] [odom] [warning] Possibly T_lidar_imu is not accurate or LiDAR-IMU synchronization is not correct.
[2026-07-08 23:18:30.218] [odom] [warning] IMU bias validation results:
[2026-07-08 23:18:30.218] [odom] [warning] num_bias_validations=19712
[2026-07-08 23:18:30.218] [odom] [warning] bias_acc=[0.980, -0.954, 0.181] m/s^2, bias_gyro=[-0.019, 0.001, 0.001] rad/s
[2026-07-08 23:18:30.218] [odom] [warning] acc_stat ax=0.269 +- 0.439 [min=-0.650, max=0.980], ay=-0.274 +- 0.399 [min=-0.996, max=0.329], az=0.094 +- 0.080 [min=-0.007, max=0.266] m/s^2
[2026-07-08 23:18:30.218] [odom] [warning] gyro_stat wx=-0.019 +- 0.000 [min=-0.020, max=-0.016], wy=0.000 +- 0.001 [min=-0.004, max=0.003], wz=0.001 +- 0.000 [min=0.001, max=0.001] rad/s
[2026-07-08 23:18:32.096] [odom] [warning] IMU prediction is not good.
[2026-07-08 23:18:32.096] [odom] [warning] Possibly T_lidar_imu is not accurate or IMU bias is not well estimated.
[2026-07-08 23:18:32.096] [odom] [warning] IMU validation results:
[2026-07-08 23:18:32.096] [odom] [warning] num_validations=19328
[2026-07-08 23:18:32.096] [odom] [warning] No-IMU errors rot=0.208 +- 0.248 deg, trans=0.043 +- 0.092 m, vel=0.030 +- 0.068 m/s
[2026-07-08 23:18:32.096] [odom] [warning] IMU errors rot=0.073 +- 0.060 deg, trans=0.049 +- 0.031 m, vel=0.140 +- 0.096 m/s
[2026-07-08 23:18:32.096] [odom] [warning] IMU better ratios rot=0.85, trans=0.02, vel=0.04
[2026-07-08 23:18:32.968] [odom] [warning] IMU bias estimation seems inaccurate.
[2026-07-08 23:18:32.968] [odom] [warning] Possibly T_lidar_imu is not accurate or LiDAR-IMU synchronization is not correct.
[2026-07-08 23:18:32.968] [odom] [warning] IMU bias validation results:
[2026-07-08 23:18:32.968] [odom] [warning] num_bias_validations=19776
[2026-07-08 23:18:32.968] [odom] [warning] bias_acc=[0.979, -0.977, 0.179] m/s^2, bias_gyro=[-0.018, 0.002, 0.001] rad/s
[2026-07-08 23:18:32.968] [odom] [warning] acc_stat ax=0.271 +- 0.440 [min=-0.650, max=0.980], ay=-0.277 +- 0.400 [min=-0.996, max=0.329], az=0.095 +- 0.080 [min=-0.007, max=0.266] m/s^2
[2026-07-08 23:18:32.968] [odom] [warning] gyro_stat wx=-0.019 +- 0.000 [min=-0.020, max=-0.016], wy=0.000 +- 0.001 [min=-0.004, max=0.003], wz=0.001 +- 0.000 [min=0.001, max=0.001] rad/s
[2026-07-08 23:18:33.585] [glim] [info] playback speed: 2.779x
[2026-07-08 23:18:33.935] [odom] [warning] IMU prediction is not good.
[2026-07-08 23:18:33.935] [odom] [warning] Possibly T_lidar_imu is not accurate or IMU bias is not well estimated.
[2026-07-08 23:18:33.935] [odom] [warning] IMU validation results:
[2026-07-08 23:18:33.935] [odom] [warning] num_validations=19392
[2026-07-08 23:18:33.935] [odom] [warning] No-IMU errors rot=0.208 +- 0.247 deg, trans=0.043 +- 0.091 m, vel=0.030 +- 0.068 m/s
[2026-07-08 23:18:33.935] [odom] [warning] IMU errors rot=0.073 +- 0.060 deg, trans=0.049 +- 0.031 m, vel=0.140 +- 0.096 m/s
[2026-07-08 23:18:33.935] [odom] [warning] IMU better ratios rot=0.85, trans=0.02, vel=0.04
[2026-07-08 23:18:34.339] [odom] [warning] IMU bias estimation seems inaccurate.
[2026-07-08 23:18:34.339] [odom] [warning] Possibly T_lidar_imu is not accurate or LiDAR-IMU synchronization is not correct.
[2026-07-08 23:18:34.339] [odom] [warning] IMU bias validation results:
[2026-07-08 23:18:34.339] [odom] [warning] num_bias_validations=19840
[2026-07-08 23:18:34.339] [odom] [warning] bias_acc=[0.976, -1.001, 0.178] m/s^2, bias_gyro=[-0.019, 0.002, 0.001] rad/s
[2026-07-08 23:18:34.339] [odom] [warning] acc_stat ax=0.273 +- 0.441 [min=-0.650, max=0.980], ay=-0.279 +- 0.402 [min=-1.001, max=0.329], az=0.095 +- 0.080 [min=-0.007, max=0.266] m/s^2
[2026-07-08 23:18:34.339] [odom] [warning] gyro_stat wx=-0.019 +- 0.000 [min=-0.020, max=-0.016], wy=0.000 +- 0.001 [min=-0.004, max=0.003], wz=0.001 +- 0.000 [min=0.001, max=0.001] rad/s
[2026-07-08 23:18:36.236] [odom] [warning] IMU prediction is not good.
[2026-07-08 23:18:36.236] [odom] [warning] Possibly T_lidar_imu is not accurate or IMU bias is not well estimated.
[2026-07-08 23:18:36.236] [odom] [warning] IMU validation results:
[2026-07-08 23:18:36.236] [odom] [warning] num_validations=19456
[2026-07-08 23:18:36.236] [odom] [warning] No-IMU errors rot=0.208 +- 0.247 deg, trans=0.043 +- 0.091 m, vel=0.030 +- 0.068 m/s
[2026-07-08 23:18:36.236] [odom] [warning] IMU errors rot=0.073 +- 0.060 deg, trans=0.049 +- 0.031 m, vel=0.140 +- 0.096 m/s
[2026-07-08 23:18:36.236] [odom] [warning] IMU better ratios rot=0.85, trans=0.02, vel=0.04
[2026-07-08 23:18:36.487] [odom] [warning] IMU bias estimation seems inaccurate.
[2026-07-08 23:18:36.487] [odom] [warning] Possibly T_lidar_imu is not accurate or LiDAR-IMU synchronization is not correct.
[2026-07-08 23:18:36.487] [odom] [warning] IMU bias validation results:
[2026-07-08 23:18:36.487] [odom] [warning] num_bias_validations=19904
[2026-07-08 23:18:36.487] [odom] [warning] bias_acc=[0.970, -1.024, 0.177] m/s^2, bias_gyro=[-0.019, 0.002, 0.001] rad/s
[2026-07-08 23:18:36.487] [odom] [warning] acc_stat ax=0.275 +- 0.442 [min=-0.650, max=0.980], ay=-0.281 +- 0.403 [min=-1.024, max=0.329], az=0.095 +- 0.080 [min=-0.007, max=0.266] m/s^2
[2026-07-08 23:18:36.487] [odom] [warning] gyro_stat wx=-0.019 +- 0.000 [min=-0.020, max=-0.016], wy=0.000 +- 0.001 [min=-0.004, max=0.003], wz=0.001 +- 0.000 [min=0.001, max=0.001] rad/s
[2026-07-08 23:18:38.117] [odom] [warning] IMU prediction is not good.
[2026-07-08 23:18:38.117] [odom] [warning] Possibly T_lidar_imu is not accurate or IMU bias is not well estimated.
[2026-07-08 23:18:38.117] [odom] [warning] IMU validation results:
[2026-07-08 23:18:38.117] [odom] [warning] num_validations=19520
[2026-07-08 23:18:38.117] [odom] [warning] No-IMU errors rot=0.208 +- 0.247 deg, trans=0.043 +- 0.091 m, vel=0.030 +- 0.068 m/s
[2026-07-08 23:18:38.117] [odom] [warning] IMU errors rot=0.072 +- 0.060 deg, trans=0.049 +- 0.031 m, vel=0.140 +- 0.096 m/s
[2026-07-08 23:18:38.117] [odom] [warning] IMU better ratios rot=0.85, trans=0.02, vel=0.04
[2026-07-08 23:18:38.631] [glim] [info] playback speed: 3.418x
[2026-07-08 23:18:38.991] [odom] [warning] IMU bias estimation seems inaccurate.
[2026-07-08 23:18:38.991] [odom] [warning] Possibly T_lidar_imu is not accurate or LiDAR-IMU synchronization is not correct.
[2026-07-08 23:18:38.991] [odom] [warning] IMU bias validation results:
[2026-07-08 23:18:38.991] [odom] [warning] num_bias_validations=19968
[2026-07-08 23:18:38.991] [odom] [warning] bias_acc=[0.959, -1.045, 0.175] m/s^2, bias_gyro=[-0.018, 0.002, 0.001] rad/s
[2026-07-08 23:18:38.991] [odom] [warning] acc_stat ax=0.278 +- 0.443 [min=-0.650, max=0.980], ay=-0.284 +- 0.405 [min=-1.045, max=0.329], az=0.096 +- 0.080 [min=-0.007, max=0.266] m/s^2
[2026-07-08 23:18:38.991] [odom] [warning] gyro_stat wx=-0.019 +- 0.000 [min=-0.020, max=-0.016], wy=0.000 +- 0.001 [min=-0.004, max=0.003], wz=0.001 +- 0.000 [min=0.001, max=0.001] rad/s
[2026-07-08 23:18:39.779] [odom] [warning] IMU prediction is not good.
[2026-07-08 23:18:39.779] [odom] [warning] Possibly T_lidar_imu is not accurate or IMU bias is not well estimated.
[2026-07-08 23:18:39.779] [odom] [warning] IMU validation results:
[2026-07-08 23:18:39.779] [odom] [warning] num_validations=19584
[2026-07-08 23:18:39.779] [odom] [warning] No-IMU errors rot=0.208 +- 0.246 deg, trans=0.043 +- 0.091 m, vel=0.030 +- 0.068 m/s
[2026-07-08 23:18:39.779] [odom] [warning] IMU errors rot=0.073 +- 0.060 deg, trans=0.049 +- 0.031 m, vel=0.141 +- 0.096 m/s
[2026-07-08 23:18:39.779] [odom] [warning] IMU better ratios rot=0.85, trans=0.02, vel=0.04
[2026-07-08 23:18:40.281] [odom] [warning] IMU bias estimation seems inaccurate.
[2026-07-08 23:18:40.281] [odom] [warning] Possibly T_lidar_imu is not accurate or LiDAR-IMU synchronization is not correct.
[2026-07-08 23:18:40.281] [odom] [warning] IMU bias validation results:
[2026-07-08 23:18:40.281] [odom] [warning] num_bias_validations=20032
[2026-07-08 23:18:40.281] [odom] [warning] bias_acc=[0.946, -1.064, 0.173] m/s^2, bias_gyro=[-0.018, 0.002, 0.001] rad/s
[2026-07-08 23:18:40.281] [odom] [warning] acc_stat ax=0.280 +- 0.444 [min=-0.650, max=0.980], ay=-0.286 +- 0.407 [min=-1.064, max=0.329], az=0.096 +- 0.080 [min=-0.007, max=0.266] m/s^2
[2026-07-08 23:18:40.281] [odom] [warning] gyro_stat wx=-0.019 +- 0.000 [min=-0.020, max=-0.016], wy=0.000 +- 0.001 [min=-0.004, max=0.003], wz=0.001 +- 0.000 [min=0.001, max=0.001] rad/s
[2026-07-08 23:18:42.491] [odom] [warning] IMU prediction is not good.
[2026-07-08 23:18:42.491] [odom] [warning] Possibly T_lidar_imu is not accurate or IMU bias is not well estimated.
[2026-07-08 23:18:42.491] [odom] [warning] IMU validation results:
[2026-07-08 23:18:42.491] [odom] [warning] num_validations=19648
[2026-07-08 23:18:42.491] [odom] [warning] No-IMU errors rot=0.207 +- 0.246 deg, trans=0.043 +- 0.091 m, vel=0.030 +- 0.068 m/s
[2026-07-08 23:18:42.491] [odom] [warning] IMU errors rot=0.073 +- 0.060 deg, trans=0.049 +- 0.031 m, vel=0.141 +- 0.095 m/s
[2026-07-08 23:18:42.491] [odom] [warning] IMU better ratios rot=0.85, trans=0.02, vel=0.04
[2026-07-08 23:18:43.354] [odom] [warning] IMU bias estimation seems inaccurate.
[2026-07-08 23:18:43.354] [odom] [warning] Possibly T_lidar_imu is not accurate or LiDAR-IMU synchronization is not correct.
[2026-07-08 23:18:43.354] [odom] [warning] IMU bias validation results:
[2026-07-08 23:18:43.354] [odom] [warning] num_bias_validations=20096
[2026-07-08 23:18:43.354] [odom] [warning] bias_acc=[0.929, -1.078, 0.171] m/s^2, bias_gyro=[-0.018, 0.002, 0.001] rad/s
[2026-07-08 23:18:43.354] [odom] [warning] acc_stat ax=0.282 +- 0.445 [min=-0.650, max=0.980], ay=-0.289 +- 0.409 [min=-1.078, max=0.329], az=0.096 +- 0.080 [min=-0.007, max=0.266] m/s^2
[2026-07-08 23:18:43.354] [odom] [warning] gyro_stat wx=-0.019 +- 0.000 [min=-0.020, max=-0.016], wy=0.000 +- 0.001 [min=-0.004, max=0.003], wz=0.001 +- 0.000 [min=0.001, max=0.001] rad/s
[2026-07-08 23:18:43.644] [glim] [info] playback speed: 2.833x
[2026-07-08 23:18:44.857] [odom] [warning] IMU prediction is not good.
[2026-07-08 23:18:44.857] [odom] [warning] Possibly T_lidar_imu is not accurate or IMU bias is not well estimated.
[2026-07-08 23:18:44.857] [odom] [warning] IMU validation results:
[2026-07-08 23:18:44.857] [odom] [warning] num_validations=19712
[2026-07-08 23:18:44.857] [odom] [warning] No-IMU errors rot=0.207 +- 0.246 deg, trans=0.043 +- 0.091 m, vel=0.030 +- 0.068 m/s
[2026-07-08 23:18:44.857] [odom] [warning] IMU errors rot=0.072 +- 0.060 deg, trans=0.049 +- 0.031 m, vel=0.141 +- 0.095 m/s
[2026-07-08 23:18:44.857] [odom] [warning] IMU better ratios rot=0.85, trans=0.02, vel=0.04
[2026-07-08 23:18:45.810] [odom] [warning] IMU bias estimation seems inaccurate.
[2026-07-08 23:18:45.810] [odom] [warning] Possibly T_lidar_imu is not accurate or LiDAR-IMU synchronization is not correct.
[2026-07-08 23:18:45.810] [odom] [warning] IMU bias validation results:
[2026-07-08 23:18:45.810] [odom] [warning] num_bias_validations=20160
[2026-07-08 23:18:45.810] [odom] [warning] bias_acc=[0.910, -1.093, 0.170] m/s^2, bias_gyro=[-0.018, 0.002, 0.001] rad/s
[2026-07-08 23:18:45.810] [odom] [warning] acc_stat ax=0.284 +- 0.446 [min=-0.650, max=0.980], ay=-0.291 +- 0.410 [min=-1.093, max=0.329], az=0.096 +- 0.080 [min=-0.007, max=0.266] m/s^2
[2026-07-08 23:18:45.810] [odom] [warning] gyro_stat wx=-0.019 +- 0.000 [min=-0.020, max=-0.016], wy=0.000 +- 0.001 [min=-0.004, max=0.003], wz=0.001 +- 0.000 [min=0.001, max=0.001] rad/s
[2026-07-08 23:18:48.338] [odom] [warning] IMU prediction is not good.
[2026-07-08 23:18:48.338] [odom] [warning] Possibly T_lidar_imu is not accurate or IMU bias is not well estimated.
[2026-07-08 23:18:48.338] [odom] [warning] IMU validation results:
[2026-07-08 23:18:48.338] [odom] [warning] num_validations=19776
[2026-07-08 23:18:48.338] [odom] [warning] No-IMU errors rot=0.207 +- 0.246 deg, trans=0.043 +- 0.090 m, vel=0.030 +- 0.068 m/s
[2026-07-08 23:18:48.338] [odom] [warning] IMU errors rot=0.073 +- 0.060 deg, trans=0.049 +- 0.031 m, vel=0.141 +- 0.095 m/s
[2026-07-08 23:18:48.338] [odom] [warning] IMU better ratios rot=0.85, trans=0.02, vel=0.04
[2026-07-08 23:18:48.655] [glim] [info] playback speed: 2.288x
[2026-07-08 23:18:49.134] [odom] [warning] IMU bias estimation seems inaccurate.
[2026-07-08 23:18:49.134] [odom] [warning] Possibly T_lidar_imu is not accurate or LiDAR-IMU synchronization is not correct.
[2026-07-08 23:18:49.134] [odom] [warning] IMU bias validation results:
[2026-07-08 23:18:49.134] [odom] [warning] num_bias_validations=20224
[2026-07-08 23:18:49.134] [odom] [warning] bias_acc=[0.894, -1.106, 0.169] m/s^2, bias_gyro=[-0.018, 0.002, 0.001] rad/s
[2026-07-08 23:18:49.134] [odom] [warning] acc_stat ax=0.286 +- 0.446 [min=-0.650, max=0.980], ay=-0.294 +- 0.412 [min=-1.106, max=0.329], az=0.096 +- 0.080 [min=-0.007, max=0.266] m/s^2
[2026-07-08 23:18:49.134] [odom] [warning] gyro_stat wx=-0.019 +- 0.000 [min=-0.020, max=-0.016], wy=0.000 +- 0.001 [min=-0.004, max=0.003], wz=0.001 +- 0.000 [min=0.001, max=0.001] rad/s
[2026-07-08 23:18:51.632] [odom] [warning] IMU prediction is not good.
[2026-07-08 23:18:51.632] [odom] [warning] Possibly T_lidar_imu is not accurate or IMU bias is not well estimated.
[2026-07-08 23:18:51.632] [odom] [warning] IMU validation results:
[2026-07-08 23:18:51.632] [odom] [warning] num_validations=19840
[2026-07-08 23:18:51.632] [odom] [warning] No-IMU errors rot=0.207 +- 0.245 deg, trans=0.043 +- 0.090 m, vel=0.030 +- 0.067 m/s
[2026-07-08 23:18:51.632] [odom] [warning] IMU errors rot=0.073 +- 0.060 deg, trans=0.049 +- 0.031 m, vel=0.141 +- 0.095 m/s
[2026-07-08 23:18:51.632] [odom] [warning] IMU better ratios rot=0.85, trans=0.02, vel=0.04
[2026-07-08 23:18:52.454] [odom] [warning] IMU bias estimation seems inaccurate.
[2026-07-08 23:18:52.454] [odom] [warning] Possibly T_lidar_imu is not accurate or LiDAR-IMU synchronization is not correct.
[2026-07-08 23:18:52.454] [odom] [warning] IMU bias validation results:
[2026-07-08 23:18:52.454] [odom] [warning] num_bias_validations=20288
[2026-07-08 23:18:52.454] [odom] [warning] bias_acc=[0.880, -1.119, 0.167] m/s^2, bias_gyro=[-0.018, 0.003, 0.001] rad/s
[2026-07-08 23:18:52.454] [odom] [warning] acc_stat ax=0.288 +- 0.447 [min=-0.650, max=0.980], ay=-0.297 +- 0.414 [min=-1.119, max=0.329], az=0.097 +- 0.080 [min=-0.007, max=0.266] m/s^2
[2026-07-08 23:18:52.454] [odom] [warning] gyro_stat wx=-0.018 +- 0.000 [min=-0.020, max=-0.016], wy=0.000 +- 0.001 [min=-0.004, max=0.003], wz=0.001 +- 0.000 [min=0.001, max=0.001] rad/s
[2026-07-08 23:18:53.676] [glim] [info] playback speed: 2.283x
[2026-07-08 23:18:53.948] [odom] [warning] IMU prediction is not good.
[2026-07-08 23:18:53.948] [odom] [warning] Possibly T_lidar_imu is not accurate or IMU bias is not well estimated.
[2026-07-08 23:18:53.948] [odom] [warning] IMU validation results:
[2026-07-08 23:18:53.948] [odom] [warning] num_validations=19904
[2026-07-08 23:18:53.948] [odom] [warning] No-IMU errors rot=0.210 +- 0.254 deg, trans=0.043 +- 0.090 m, vel=0.030 +- 0.067 m/s
[2026-07-08 23:18:53.948] [odom] [warning] IMU errors rot=0.073 +- 0.061 deg, trans=0.049 +- 0.031 m, vel=0.140 +- 0.095 m/s
[2026-07-08 23:18:53.948] [odom] [warning] IMU better ratios rot=0.85, trans=0.02, vel=0.04
[2026-07-08 23:18:54.724] [odom] [warning] IMU bias estimation seems inaccurate.
[2026-07-08 23:18:54.724] [odom] [warning] Possibly T_lidar_imu is not accurate or LiDAR-IMU synchronization is not correct.
[2026-07-08 23:18:54.724] [odom] [warning] IMU bias validation results:
[2026-07-08 23:18:54.724] [odom] [warning] num_bias_validations=20352
[2026-07-08 23:18:54.724] [odom] [warning] bias_acc=[0.880, -1.111, 0.161] m/s^2, bias_gyro=[-0.019, 0.005, 0.001] rad/s
[2026-07-08 23:18:54.724] [odom] [warning] acc_stat ax=0.289 +- 0.447 [min=-0.650, max=0.980], ay=-0.299 +- 0.416 [min=-1.119, max=0.329], az=0.097 +- 0.080 [min=-0.007, max=0.266] m/s^2
[2026-07-08 23:18:54.724] [odom] [warning] gyro_stat wx=-0.019 +- 0.000 [min=-0.020, max=-0.016], wy=0.000 +- 0.001 [min=-0.004, max=0.005], wz=0.001 +- 0.000 [min=0.001, max=0.001] rad/s
[2026-07-08 23:18:57.423] [odom] [warning] IMU prediction is not good.
[2026-07-08 23:18:57.423] [odom] [warning] Possibly T_lidar_imu is not accurate or IMU bias is not well estimated.
[2026-07-08 23:18:57.423] [odom] [warning] IMU validation results:
[2026-07-08 23:18:57.423] [odom] [warning] num_validations=19968
[2026-07-08 23:18:57.423] [odom] [warning] No-IMU errors rot=0.210 +- 0.254 deg, trans=0.043 +- 0.090 m, vel=0.030 +- 0.067 m/s
[2026-07-08 23:18:57.423] [odom] [warning] IMU errors rot=0.073 +- 0.061 deg, trans=0.049 +- 0.031 m, vel=0.140 +- 0.095 m/s
[2026-07-08 23:18:57.423] [odom] [warning] IMU better ratios rot=0.85, trans=0.02, vel=0.04
[2026-07-08 23:18:58.304] [odom] [warning] IMU bias estimation seems inaccurate.
[2026-07-08 23:18:58.304] [odom] [warning] Possibly T_lidar_imu is not accurate or LiDAR-IMU synchronization is not correct.
[2026-07-08 23:18:58.304] [odom] [warning] IMU bias validation results:
[2026-07-08 23:18:58.304] [odom] [warning] num_bias_validations=20416
[2026-07-08 23:18:58.304] [odom] [warning] bias_acc=[0.878, -1.100, 0.156] m/s^2, bias_gyro=[-0.019, 0.006, 0.001] rad/s
[2026-07-08 23:18:58.304] [odom] [warning] acc_stat ax=0.291 +- 0.448 [min=-0.650, max=0.980], ay=-0.302 +- 0.418 [min=-1.119, max=0.329], az=0.097 +- 0.080 [min=-0.007, max=0.266] m/s^2
[2026-07-08 23:18:58.304] [odom] [warning] gyro_stat wx=-0.019 +- 0.000 [min=-0.020, max=-0.016], wy=0.000 +- 0.001 [min=-0.004, max=0.006], wz=0.001 +- 0.000 [min=0.001, max=0.001] rad/s
[2026-07-08 23:18:58.699] [glim] [info] playback speed: 1.939x
[2026-07-08 23:19:00.998] [odom] [warning] IMU prediction is not good.
[2026-07-08 23:19:00.998] [odom] [warning] Possibly T_lidar_imu is not accurate or IMU bias is not well estimated.
[2026-07-08 23:19:00.998] [odom] [warning] IMU validation results:
[2026-07-08 23:19:00.998] [odom] [warning] num_validations=20032
[2026-07-08 23:19:00.999] [odom] [warning] No-IMU errors rot=0.210 +- 0.254 deg, trans=0.043 +- 0.090 m, vel=0.030 +- 0.067 m/s
[2026-07-08 23:19:00.999] [odom] [warning] IMU errors rot=0.073 +- 0.061 deg, trans=0.049 +- 0.031 m, vel=0.140 +- 0.095 m/s
[2026-07-08 23:19:00.999] [odom] [warning] IMU better ratios rot=0.85, trans=0.02, vel=0.04
[2026-07-08 23:19:01.798] [odom] [warning] IMU bias estimation seems inaccurate.
[2026-07-08 23:19:01.798] [odom] [warning] Possibly T_lidar_imu is not accurate or LiDAR-IMU synchronization is not correct.
[2026-07-08 23:19:01.798] [odom] [warning] IMU bias validation results:
[2026-07-08 23:19:01.798] [odom] [warning] num_bias_validations=20480
[2026-07-08 23:19:01.798] [odom] [warning] bias_acc=[0.873, -1.086, 0.151] m/s^2, bias_gyro=[-0.019, 0.006, 0.001] rad/s
[2026-07-08 23:19:01.798] [odom] [warning] acc_stat ax=0.293 +- 0.448 [min=-0.650, max=0.980], ay=-0.304 +- 0.419 [min=-1.119, max=0.329], az=0.097 +- 0.080 [min=-0.007, max=0.266] m/s^2
[2026-07-08 23:19:01.798] [odom] [warning] gyro_stat wx=-0.019 +- 0.000 [min=-0.020, max=-0.016], wy=0.000 +- 0.001 [min=-0.004, max=0.006], wz=0.001 +- 0.000 [min=0.001, max=0.001] rad/s
[2026-07-08 23:19:02.291] [odom] [warning] IMU prediction is not good.
[2026-07-08 23:19:02.291] [odom] [warning] Possibly T_lidar_imu is not accurate or IMU bias is not well estimated.
[2026-07-08 23:19:02.291] [odom] [warning] IMU validation results:
[2026-07-08 23:19:02.291] [odom] [warning] num_validations=20096
[2026-07-08 23:19:02.291] [odom] [warning] No-IMU errors rot=0.210 +- 0.254 deg, trans=0.043 +- 0.090 m, vel=0.030 +- 0.067 m/s
[2026-07-08 23:19:02.291] [odom] [warning] IMU errors rot=0.073 +- 0.061 deg, trans=0.049 +- 0.031 m, vel=0.140 +- 0.095 m/s
[2026-07-08 23:19:02.291] [odom] [warning] IMU better ratios rot=0.85, trans=0.02, vel=0.04
[2026-07-08 23:19:02.914] [odom] [warning] IMU bias estimation seems inaccurate.
[2026-07-08 23:19:02.914] [odom] [warning] Possibly T_lidar_imu is not accurate or LiDAR-IMU synchronization is not correct.
[2026-07-08 23:19:02.914] [odom] [warning] IMU bias validation results:
[2026-07-08 23:19:02.914] [odom] [warning] num_bias_validations=20544
[2026-07-08 23:19:02.914] [odom] [warning] bias_acc=[0.865, -1.074, 0.146] m/s^2, bias_gyro=[-0.019, 0.005, 0.001] rad/s
[2026-07-08 23:19:02.914] [odom] [warning] acc_stat ax=0.295 +- 0.449 [min=-0.650, max=0.980], ay=-0.306 +- 0.421 [min=-1.119, max=0.329], az=0.097 +- 0.080 [min=-0.007, max=0.266] m/s^2
[2026-07-08 23:19:02.914] [odom] [warning] gyro_stat wx=-0.019 +- 0.000 [min=-0.020, max=-0.016], wy=0.000 +- 0.001 [min=-0.004, max=0.006], wz=0.001 +- 0.000 [min=0.001, max=0.001] rad/s
[2026-07-08 23:19:03.704] [glim] [info] playback speed: 2.818x
[2026-07-08 23:19:04.760] [odom] [warning] IMU prediction is not good.
[2026-07-08 23:19:04.760] [odom] [warning] Possibly T_lidar_imu is not accurate or IMU bias is not well estimated.
[2026-07-08 23:19:04.760] [odom] [warning] IMU validation results:
[2026-07-08 23:19:04.760] [odom] [warning] num_validations=20160
[2026-07-08 23:19:04.760] [odom] [warning] No-IMU errors rot=0.210 +- 0.254 deg, trans=0.043 +- 0.090 m, vel=0.030 +- 0.067 m/s
[2026-07-08 23:19:04.760] [odom] [warning] IMU errors rot=0.073 +- 0.061 deg, trans=0.049 +- 0.031 m, vel=0.139 +- 0.095 m/s
[2026-07-08 23:19:04.760] [odom] [warning] IMU better ratios rot=0.85, trans=0.02, vel=0.04
[2026-07-08 23:19:05.119] [odom] [warning] IMU bias estimation seems inaccurate.
[2026-07-08 23:19:05.119] [odom] [warning] Possibly T_lidar_imu is not accurate or LiDAR-IMU synchronization is not correct.
[2026-07-08 23:19:05.119] [odom] [warning] IMU bias validation results:
[2026-07-08 23:19:05.119] [odom] [warning] num_bias_validations=20608
[2026-07-08 23:19:05.119] [odom] [warning] bias_acc=[0.856, -1.064, 0.142] m/s^2, bias_gyro=[-0.019, 0.005, 0.001] rad/s
[2026-07-08 23:19:05.119] [odom] [warning] acc_stat ax=0.297 +- 0.449 [min=-0.650, max=0.980], ay=-0.309 +- 0.422 [min=-1.119, max=0.329], az=0.098 +- 0.079 [min=-0.007, max=0.266] m/s^2
[2026-07-08 23:19:05.119] [odom] [warning] gyro_stat wx=-0.019 +- 0.000 [min=-0.020, max=-0.016], wy=0.000 +- 0.001 [min=-0.004, max=0.006], wz=0.001 +- 0.000 [min=0.001, max=0.001] rad/s
[2026-07-08 23:19:06.525] [odom] [warning] IMU prediction is not good.
[2026-07-08 23:19:06.525] [odom] [warning] Possibly T_lidar_imu is not accurate or IMU bias is not well estimated.
[2026-07-08 23:19:06.525] [odom] [warning] IMU validation results:
[2026-07-08 23:19:06.525] [odom] [warning] num_validations=20224
[2026-07-08 23:19:06.525] [odom] [warning] No-IMU errors rot=0.210 +- 0.254 deg, trans=0.043 +- 0.090 m, vel=0.030 +- 0.067 m/s
[2026-07-08 23:19:06.525] [odom] [warning] IMU errors rot=0.073 +- 0.061 deg, trans=0.048 +- 0.031 m, vel=0.139 +- 0.095 m/s
[2026-07-08 23:19:06.525] [odom] [warning] IMU better ratios rot=0.85, trans=0.02, vel=0.04
[2026-07-08 23:19:06.656] [odom] [warning] IMU bias estimation seems inaccurate.
[2026-07-08 23:19:06.656] [odom] [warning] Possibly T_lidar_imu is not accurate or LiDAR-IMU synchronization is not correct.
[2026-07-08 23:19:06.656] [odom] [warning] IMU bias validation results:
[2026-07-08 23:19:06.656] [odom] [warning] num_bias_validations=20672
[2026-07-08 23:19:06.656] [odom] [warning] bias_acc=[0.844, -1.055, 0.138] m/s^2, bias_gyro=[-0.019, 0.004, 0.001] rad/s
[2026-07-08 23:19:06.656] [odom] [warning] acc_stat ax=0.298 +- 0.449 [min=-0.650, max=0.980], ay=-0.311 +- 0.424 [min=-1.119, max=0.329], az=0.098 +- 0.079 [min=-0.007, max=0.266] m/s^2
[2026-07-08 23:19:06.656] [odom] [warning] gyro_stat wx=-0.019 +- 0.000 [min=-0.020, max=-0.016], wy=0.000 +- 0.001 [min=-0.004, max=0.006], wz=0.001 +- 0.000 [min=0.001, max=0.001] rad/s
[2026-07-08 23:19:08.277] [odom] [warning] IMU prediction is not good.
[2026-07-08 23:19:08.277] [odom] [warning] Possibly T_lidar_imu is not accurate or IMU bias is not well estimated.
[2026-07-08 23:19:08.277] [odom] [warning] IMU validation results:
[2026-07-08 23:19:08.277] [odom] [warning] num_validations=20288
[2026-07-08 23:19:08.277] [odom] [warning] No-IMU errors rot=0.210 +- 0.254 deg, trans=0.042 +- 0.089 m, vel=0.030 +- 0.067 m/s
[2026-07-08 23:19:08.277] [odom] [warning] IMU errors rot=0.073 +- 0.061 deg, trans=0.048 +- 0.031 m, vel=0.139 +- 0.095 m/s
[2026-07-08 23:19:08.277] [odom] [warning] IMU better ratios rot=0.85, trans=0.02, vel=0.04
[2026-07-08 23:19:08.712] [glim] [info] playback speed: 3.362x
[2026-07-08 23:19:08.980] [odom] [warning] IMU bias estimation seems inaccurate.
[2026-07-08 23:19:08.980] [odom] [warning] Possibly T_lidar_imu is not accurate or LiDAR-IMU synchronization is not correct.
[2026-07-08 23:19:08.980] [odom] [warning] IMU bias validation results:
[2026-07-08 23:19:08.980] [odom] [warning] num_bias_validations=20736
[2026-07-08 23:19:08.980] [odom] [warning] bias_acc=[0.833, -1.046, 0.133] m/s^2, bias_gyro=[-0.019, 0.004, 0.001] rad/s
[2026-07-08 23:19:08.980] [odom] [warning] acc_stat ax=0.300 +- 0.450 [min=-0.650, max=0.980], ay=-0.313 +- 0.425 [min=-1.119, max=0.329], az=0.098 +- 0.079 [min=-0.007, max=0.266] m/s^2
[2026-07-08 23:19:08.980] [odom] [warning] gyro_stat wx=-0.019 +- 0.000 [min=-0.020, max=-0.016], wy=0.000 +- 0.001 [min=-0.004, max=0.006], wz=0.001 +- 0.000 [min=0.001, max=0.001] rad/s
[2026-07-08 23:19:09.768] [odom] [warning] IMU prediction is not good.
[2026-07-08 23:19:09.768] [odom] [warning] Possibly T_lidar_imu is not accurate or IMU bias is not well estimated.
[2026-07-08 23:19:09.768] [odom] [warning] IMU validation results:
[2026-07-08 23:19:09.768] [odom] [warning] num_validations=20352
[2026-07-08 23:19:09.768] [odom] [warning] No-IMU errors rot=0.209 +- 0.253 deg, trans=0.042 +- 0.089 m, vel=0.030 +- 0.067 m/s
[2026-07-08 23:19:09.768] [odom] [warning] IMU errors rot=0.073 +- 0.061 deg, trans=0.048 +- 0.031 m, vel=0.138 +- 0.095 m/s
[2026-07-08 23:19:09.768] [odom] [warning] IMU better ratios rot=0.85, trans=0.02, vel=0.04
[2026-07-08 23:19:10.379] [odom] [warning] IMU bias estimation seems inaccurate.
[2026-07-08 23:19:10.379] [odom] [warning] Possibly T_lidar_imu is not accurate or LiDAR-IMU synchronization is not correct.
[2026-07-08 23:19:10.379] [odom] [warning] IMU bias validation results:
[2026-07-08 23:19:10.379] [odom] [warning] num_bias_validations=20800
[2026-07-08 23:19:10.379] [odom] [warning] bias_acc=[0.820, -1.039, 0.130] m/s^2, bias_gyro=[-0.019, 0.003, 0.001] rad/s
[2026-07-08 23:19:10.380] [odom] [warning] acc_stat ax=0.302 +- 0.450 [min=-0.650, max=0.980], ay=-0.316 +- 0.426 [min=-1.119, max=0.329], az=0.098 +- 0.079 [min=-0.007, max=0.266] m/s^2
[2026-07-08 23:19:10.380] [odom] [warning] gyro_stat wx=-0.019 +- 0.000 [min=-0.020, max=-0.016], wy=0.000 +- 0.001 [min=-0.004, max=0.006], wz=0.001 +- 0.000 [min=0.001, max=0.001] rad/s
[2026-07-08 23:19:12.242] [odom] [warning] IMU prediction is not good.
[2026-07-08 23:19:12.242] [odom] [warning] Possibly T_lidar_imu is not accurate or IMU bias is not well estimated.
[2026-07-08 23:19:12.242] [odom] [warning] IMU validation results:
[2026-07-08 23:19:12.242] [odom] [warning] num_validations=20416
[2026-07-08 23:19:12.242] [odom] [warning] No-IMU errors rot=0.209 +- 0.253 deg, trans=0.042 +- 0.089 m, vel=0.030 +- 0.067 m/s
[2026-07-08 23:19:12.242] [odom] [warning] IMU errors rot=0.073 +- 0.061 deg, trans=0.048 +- 0.031 m, vel=0.138 +- 0.095 m/s
[2026-07-08 23:19:12.242] [odom] [warning] IMU better ratios rot=0.85, trans=0.02, vel=0.04
[2026-07-08 23:19:12.378] [odom] [warning] IMU bias estimation seems inaccurate.
[2026-07-08 23:19:12.378] [odom] [warning] Possibly T_lidar_imu is not accurate or LiDAR-IMU synchronization is not correct.
[2026-07-08 23:19:12.378] [odom] [warning] IMU bias validation results:
[2026-07-08 23:19:12.378] [odom] [warning] num_bias_validations=20864
[2026-07-08 23:19:12.378] [odom] [warning] bias_acc=[0.807, -1.033, 0.126] m/s^2, bias_gyro=[-0.020, 0.005, 0.001] rad/s
[2026-07-08 23:19:12.378] [odom] [warning] acc_stat ax=0.303 +- 0.450 [min=-0.650, max=0.980], ay=-0.318 +- 0.428 [min=-1.119, max=0.329], az=0.098 +- 0.079 [min=-0.007, max=0.266] m/s^2
[2026-07-08 23:19:12.378] [odom] [warning] gyro_stat wx=-0.019 +- 0.000 [min=-0.020, max=-0.016], wy=0.000 +- 0.001 [min=-0.004, max=0.006], wz=0.001 +- 0.000 [min=0.001, max=0.001] rad/s
[2026-07-08 23:19:13.743] [glim] [info] playback speed: 3.549x
[2026-07-08 23:19:13.955] [odom] [warning] IMU prediction is not good.
[2026-07-08 23:19:13.955] [odom] [warning] Possibly T_lidar_imu is not accurate or IMU bias is not well estimated.
[2026-07-08 23:19:13.955] [odom] [warning] IMU validation results:
[2026-07-08 23:19:13.955] [odom] [warning] num_validations=20480
[2026-07-08 23:19:13.955] [odom] [warning] No-IMU errors rot=0.212 +- 0.261 deg, trans=0.042 +- 0.089 m, vel=0.030 +- 0.066 m/s
[2026-07-08 23:19:13.955] [odom] [warning] IMU errors rot=0.074 +- 0.061 deg, trans=0.048 +- 0.031 m, vel=0.138 +- 0.095 m/s
[2026-07-08 23:19:13.955] [odom] [warning] IMU better ratios rot=0.85, trans=0.02, vel=0.04
[2026-07-08 23:19:14.669] [odom] [warning] IMU bias estimation seems inaccurate.
[2026-07-08 23:19:14.669] [odom] [warning] Possibly T_lidar_imu is not accurate or LiDAR-IMU synchronization is not correct.
[2026-07-08 23:19:14.669] [odom] [warning] IMU bias validation results:
[2026-07-08 23:19:14.669] [odom] [warning] num_bias_validations=20928
[2026-07-08 23:19:14.669] [odom] [warning] bias_acc=[0.791, -1.020, 0.123] m/s^2, bias_gyro=[-0.020, 0.007, 0.002] rad/s
[2026-07-08 23:19:14.669] [odom] [warning] acc_stat ax=0.305 +- 0.450 [min=-0.650, max=0.980], ay=-0.320 +- 0.429 [min=-1.119, max=0.329], az=0.098 +- 0.079 [min=-0.007, max=0.266] m/s^2
[2026-07-08 23:19:14.669] [odom] [warning] gyro_stat wx=-0.019 +- 0.000 [min=-0.020, max=-0.016], wy=0.000 +- 0.001 [min=-0.004, max=0.007], wz=0.001 +- 0.000 [min=0.001, max=0.002] rad/s
[2026-07-08 23:19:16.862] [odom] [warning] IMU prediction is not good.
[2026-07-08 23:19:16.862] [odom] [warning] Possibly T_lidar_imu is not accurate or IMU bias is not well estimated.
[2026-07-08 23:19:16.862] [odom] [warning] IMU validation results:
[2026-07-08 23:19:16.862] [odom] [warning] num_validations=20544
[2026-07-08 23:19:16.862] [odom] [warning] No-IMU errors rot=0.213 +- 0.261 deg, trans=0.042 +- 0.089 m, vel=0.030 +- 0.066 m/s
[2026-07-08 23:19:16.862] [odom] [warning] IMU errors rot=0.074 +- 0.062 deg, trans=0.048 +- 0.031 m, vel=0.137 +- 0.095 m/s
[2026-07-08 23:19:16.862] [odom] [warning] IMU better ratios rot=0.85, trans=0.02, vel=0.04
[2026-07-08 23:19:17.595] [odom] [warning] IMU bias estimation seems inaccurate.
[2026-07-08 23:19:17.595] [odom] [warning] Possibly T_lidar_imu is not accurate or LiDAR-IMU synchronization is not correct.
[2026-07-08 23:19:17.595] [odom] [warning] IMU bias validation results:
[2026-07-08 23:19:17.595] [odom] [warning] num_bias_validations=20992
[2026-07-08 23:19:17.595] [odom] [warning] bias_acc=[0.770, -1.007, 0.120] m/s^2, bias_gyro=[-0.020, 0.007, 0.001] rad/s
[2026-07-08 23:19:17.595] [odom] [warning] acc_stat ax=0.306 +- 0.450 [min=-0.650, max=0.980], ay=-0.322 +- 0.430 [min=-1.119, max=0.329], az=0.098 +- 0.079 [min=-0.007, max=0.266] m/s^2
[2026-07-08 23:19:17.595] [odom] [warning] gyro_stat wx=-0.019 +- 0.000 [min=-0.020, max=-0.016], wy=0.000 +- 0.002 [min=-0.004, max=0.007], wz=0.001 +- 0.000 [min=0.001, max=0.002] rad/s
[2026-07-08 23:19:18.764] [glim] [info] playback speed: 2.223x
[2026-07-08 23:19:20.113] [odom] [warning] IMU prediction is not good.
[2026-07-08 23:19:20.113] [odom] [warning] Possibly T_lidar_imu is not accurate or IMU bias is not well estimated.
[2026-07-08 23:19:20.113] [odom] [warning] IMU validation results:
[2026-07-08 23:19:20.113] [odom] [warning] num_validations=20608
[2026-07-08 23:19:20.113] [odom] [warning] No-IMU errors rot=0.213 +- 0.261 deg, trans=0.042 +- 0.089 m, vel=0.030 +- 0.066 m/s
[2026-07-08 23:19:20.113] [odom] [warning] IMU errors rot=0.074 +- 0.062 deg, trans=0.048 +- 0.031 m, vel=0.137 +- 0.095 m/s
[2026-07-08 23:19:20.113] [odom] [warning] IMU better ratios rot=0.85, trans=0.02, vel=0.04
[2026-07-08 23:19:20.907] [odom] [warning] IMU bias estimation seems inaccurate.
[2026-07-08 23:19:20.907] [odom] [warning] Possibly T_lidar_imu is not accurate or LiDAR-IMU synchronization is not correct.
[2026-07-08 23:19:20.907] [odom] [warning] IMU bias validation results:
[2026-07-08 23:19:20.907] [odom] [warning] num_bias_validations=21056
[2026-07-08 23:19:20.907] [odom] [warning] bias_acc=[0.748, -0.995, 0.118] m/s^2, bias_gyro=[-0.019, 0.006, 0.001] rad/s
[2026-07-08 23:19:20.907] [odom] [warning] acc_stat ax=0.307 +- 0.450 [min=-0.650, max=0.980], ay=-0.324 +- 0.431 [min=-1.119, max=0.329], az=0.098 +- 0.079 [min=-0.007, max=0.266] m/s^2
[2026-07-08 23:19:20.907] [odom] [warning] gyro_stat wx=-0.019 +- 0.000 [min=-0.020, max=-0.016], wy=0.000 +- 0.002 [min=-0.004, max=0.007], wz=0.001 +- 0.000 [min=0.001, max=0.002] rad/s
[2026-07-08 23:19:22.189] [odom] [warning] IMU prediction is not good.
[2026-07-08 23:19:22.189] [odom] [warning] Possibly T_lidar_imu is not accurate or IMU bias is not well estimated.
[2026-07-08 23:19:22.189] [odom] [warning] IMU validation results:
[2026-07-08 23:19:22.189] [odom] [warning] num_validations=20672
[2026-07-08 23:19:22.189] [odom] [warning] No-IMU errors rot=0.213 +- 0.260 deg, trans=0.042 +- 0.089 m, vel=0.030 +- 0.066 m/s
[2026-07-08 23:19:22.189] [odom] [warning] IMU errors rot=0.074 +- 0.062 deg, trans=0.048 +- 0.031 m, vel=0.137 +- 0.095 m/s
[2026-07-08 23:19:22.189] [odom] [warning] IMU better ratios rot=0.85, trans=0.02, vel=0.04
[2026-07-08 23:19:22.429] [odom] [warning] IMU bias estimation seems inaccurate.
[2026-07-08 23:19:22.429] [odom] [warning] Possibly T_lidar_imu is not accurate or LiDAR-IMU synchronization is not correct.
[2026-07-08 23:19:22.429] [odom] [warning] IMU bias validation results:
[2026-07-08 23:19:22.429] [odom] [warning] num_bias_validations=21120
[2026-07-08 23:19:22.429] [odom] [warning] bias_acc=[0.723, -0.981, 0.116] m/s^2, bias_gyro=[-0.019, 0.006, 0.001] rad/s
[2026-07-08 23:19:22.429] [odom] [warning] acc_stat ax=0.309 +- 0.450 [min=-0.650, max=0.980], ay=-0.326 +- 0.431 [min=-1.119, max=0.329], az=0.098 +- 0.079 [min=-0.007, max=0.266] m/s^2
[2026-07-08 23:19:22.429] [odom] [warning] gyro_stat wx=-0.019 +- 0.000 [min=-0.020, max=-0.016], wy=0.000 +- 0.002 [min=-0.004, max=0.007], wz=0.001 +- 0.000 [min=0.001, max=0.002] rad/s
[2026-07-08 23:19:23.796] [glim] [info] playback speed: 2.742x
[2026-07-08 23:19:24.697] [odom] [warning] IMU prediction is not good.
[2026-07-08 23:19:24.697] [odom] [warning] Possibly T_lidar_imu is not accurate or IMU bias is not well estimated.
[2026-07-08 23:19:24.697] [odom] [warning] IMU validation results:
[2026-07-08 23:19:24.697] [odom] [warning] num_validations=20736
[2026-07-08 23:19:24.697] [odom] [warning] No-IMU errors rot=0.213 +- 0.260 deg, trans=0.042 +- 0.089 m, vel=0.030 +- 0.066 m/s
[2026-07-08 23:19:24.697] [odom] [warning] IMU errors rot=0.074 +- 0.062 deg, trans=0.048 +- 0.031 m, vel=0.137 +- 0.095 m/s
[2026-07-08 23:19:24.697] [odom] [warning] IMU better ratios rot=0.85, trans=0.02, vel=0.04
[2026-07-08 23:19:25.224] [odom] [warning] IMU bias estimation seems inaccurate.
[2026-07-08 23:19:25.224] [odom] [warning] Possibly T_lidar_imu is not accurate or LiDAR-IMU synchronization is not correct.
[2026-07-08 23:19:25.224] [odom] [warning] IMU bias validation results:
[2026-07-08 23:19:25.224] [odom] [warning] num_bias_validations=21184
[2026-07-08 23:19:25.224] [odom] [warning] bias_acc=[0.697, -0.968, 0.115] m/s^2, bias_gyro=[-0.019, 0.005, 0.001] rad/s
[2026-07-08 23:19:25.224] [odom] [warning] acc_stat ax=0.310 +- 0.450 [min=-0.650, max=0.980], ay=-0.328 +- 0.432 [min=-1.119, max=0.329], az=0.098 +- 0.079 [min=-0.007, max=0.266] m/s^2
[2026-07-08 23:19:25.224] [odom] [warning] gyro_stat wx=-0.019 +- 0.000 [min=-0.020, max=-0.016], wy=0.000 +- 0.002 [min=-0.004, max=0.007], wz=0.001 +- 0.000 [min=0.001, max=0.002] rad/s
[2026-07-08 23:19:26.150] [odom] [warning] IMU prediction is not good.
[2026-07-08 23:19:26.150] [odom] [warning] Possibly T_lidar_imu is not accurate or IMU bias is not well estimated.
[2026-07-08 23:19:26.150] [odom] [warning] IMU validation results:
[2026-07-08 23:19:26.150] [odom] [warning] num_validations=20800
[2026-07-08 23:19:26.150] [odom] [warning] No-IMU errors rot=0.213 +- 0.260 deg, trans=0.042 +- 0.088 m, vel=0.030 +- 0.066 m/s
[2026-07-08 23:19:26.150] [odom] [warning] IMU errors rot=0.074 +- 0.062 deg, trans=0.048 +- 0.031 m, vel=0.137 +- 0.095 m/s
[2026-07-08 23:19:26.150] [odom] [warning] IMU better ratios rot=0.85, trans=0.02, vel=0.04
[2026-07-08 23:19:26.926] [odom] [warning] IMU bias estimation seems inaccurate.
[2026-07-08 23:19:26.926] [odom] [warning] Possibly T_lidar_imu is not accurate or LiDAR-IMU synchronization is not correct.
[2026-07-08 23:19:26.926] [odom] [warning] IMU bias validation results:
[2026-07-08 23:19:26.926] [odom] [warning] num_bias_validations=21248
[2026-07-08 23:19:26.926] [odom] [warning] bias_acc=[0.670, -0.954, 0.114] m/s^2, bias_gyro=[-0.019, 0.005, 0.001] rad/s
[2026-07-08 23:19:26.926] [odom] [warning] acc_stat ax=0.311 +- 0.450 [min=-0.650, max=0.980], ay=-0.330 +- 0.433 [min=-1.119, max=0.329], az=0.098 +- 0.078 [min=-0.007, max=0.266] m/s^2
[2026-07-08 23:19:26.926] [odom] [warning] gyro_stat wx=-0.019 +- 0.000 [min=-0.020, max=-0.016], wy=0.000 +- 0.002 [min=-0.004, max=0.007], wz=0.001 +- 0.000 [min=0.001, max=0.002] rad/s
[2026-07-08 23:19:28.796] [glim] [info] playback speed: 2.638x
[2026-07-08 23:19:29.826] [odom] [warning] IMU prediction is not good.
[2026-07-08 23:19:29.826] [odom] [warning] Possibly T_lidar_imu is not accurate or IMU bias is not well estimated.
[2026-07-08 23:19:29.826] [odom] [warning] IMU validation results:
[2026-07-08 23:19:29.826] [odom] [warning] num_validations=20864
[2026-07-08 23:19:29.826] [odom] [warning] No-IMU errors rot=0.212 +- 0.260 deg, trans=0.042 +- 0.088 m, vel=0.030 +- 0.066 m/s
[2026-07-08 23:19:29.826] [odom] [warning] IMU errors rot=0.074 +- 0.062 deg, trans=0.048 +- 0.031 m, vel=0.137 +- 0.094 m/s
[2026-07-08 23:19:29.826] [odom] [warning] IMU better ratios rot=0.85, trans=0.02, vel=0.04
[2026-07-08 23:19:30.756] [odom] [warning] IMU bias estimation seems inaccurate.
[2026-07-08 23:19:30.756] [odom] [warning] Possibly T_lidar_imu is not accurate or LiDAR-IMU synchronization is not correct.
[2026-07-08 23:19:30.756] [odom] [warning] IMU bias validation results:
[2026-07-08 23:19:30.756] [odom] [warning] num_bias_validations=21312
[2026-07-08 23:19:30.756] [odom] [warning] bias_acc=[0.642, -0.941, 0.113] m/s^2, bias_gyro=[-0.019, 0.004, 0.001] rad/s
[2026-07-08 23:19:30.756] [odom] [warning] acc_stat ax=0.312 +- 0.449 [min=-0.650, max=0.980], ay=-0.332 +- 0.434 [min=-1.119, max=0.329], az=0.098 +- 0.078 [min=-0.007, max=0.266] m/s^2
[2026-07-08 23:19:30.756] [odom] [warning] gyro_stat wx=-0.019 +- 0.000 [min=-0.020, max=-0.016], wy=0.000 +- 0.002 [min=-0.004, max=0.007], wz=0.001 +- 0.000 [min=0.001, max=0.002] rad/s
[2026-07-08 23:19:31.687] [odom] [warning] IMU prediction is not good.
[2026-07-08 23:19:31.687] [odom] [warning] Possibly T_lidar_imu is not accurate or IMU bias is not well estimated.
[2026-07-08 23:19:31.687] [odom] [warning] IMU validation results:
[2026-07-08 23:19:31.687] [odom] [warning] num_validations=20928
[2026-07-08 23:19:31.687] [odom] [warning] No-IMU errors rot=0.212 +- 0.259 deg, trans=0.042 +- 0.088 m, vel=0.030 +- 0.066 m/s
[2026-07-08 23:19:31.687] [odom] [warning] IMU errors rot=0.074 +- 0.062 deg, trans=0.048 +- 0.031 m, vel=0.137 +- 0.094 m/s
[2026-07-08 23:19:31.687] [odom] [warning] IMU better ratios rot=0.85, trans=0.02, vel=0.04
[2026-07-08 23:19:32.187] [odom] [warning] IMU bias estimation seems inaccurate.
[2026-07-08 23:19:32.187] [odom] [warning] Possibly T_lidar_imu is not accurate or LiDAR-IMU synchronization is not correct.
[2026-07-08 23:19:32.187] [odom] [warning] IMU bias validation results:
[2026-07-08 23:19:32.187] [odom] [warning] num_bias_validations=21376
[2026-07-08 23:19:32.187] [odom] [warning] bias_acc=[0.614, -0.928, 0.112] m/s^2, bias_gyro=[-0.019, 0.004, 0.001] rad/s
[2026-07-08 23:19:32.187] [odom] [warning] acc_stat ax=0.313 +- 0.449 [min=-0.650, max=0.980], ay=-0.334 +- 0.434 [min=-1.119, max=0.329], az=0.098 +- 0.078 [min=-0.007, max=0.266] m/s^2
[2026-07-08 23:19:32.187] [odom] [warning] gyro_stat wx=-0.019 +- 0.000 [min=-0.020, max=-0.016], wy=0.000 +- 0.002 [min=-0.004, max=0.007], wz=0.001 +- 0.000 [min=0.001, max=0.002] rad/s
[2026-07-08 23:19:33.802] [glim] [info] playback speed: 2.593x
[2026-07-08 23:19:34.473] [odom] [warning] IMU prediction is not good.
[2026-07-08 23:19:34.473] [odom] [warning] Possibly T_lidar_imu is not accurate or IMU bias is not well estimated.
[2026-07-08 23:19:34.473] [odom] [warning] IMU validation results:
[2026-07-08 23:19:34.473] [odom] [warning] num_validations=20992
[2026-07-08 23:19:34.473] [odom] [warning] No-IMU errors rot=0.212 +- 0.259 deg, trans=0.042 +- 0.088 m, vel=0.030 +- 0.066 m/s
[2026-07-08 23:19:34.473] [odom] [warning] IMU errors rot=0.074 +- 0.062 deg, trans=0.048 +- 0.031 m, vel=0.136 +- 0.094 m/s
[2026-07-08 23:19:34.473] [odom] [warning] IMU better ratios rot=0.85, trans=0.02, vel=0.04
[2026-07-08 23:19:34.642] [odom] [warning] IMU bias estimation seems inaccurate.
[2026-07-08 23:19:34.642] [odom] [warning] Possibly T_lidar_imu is not accurate or LiDAR-IMU synchronization is not correct.
[2026-07-08 23:19:34.642] [odom] [warning] IMU bias validation results:
[2026-07-08 23:19:34.642] [odom] [warning] num_bias_validations=21440
[2026-07-08 23:19:34.642] [odom] [warning] bias_acc=[0.586, -0.914, 0.112] m/s^2, bias_gyro=[-0.019, 0.004, 0.001] rad/s
[2026-07-08 23:19:34.642] [odom] [warning] acc_stat ax=0.314 +- 0.449 [min=-0.650, max=0.980], ay=-0.335 +- 0.435 [min=-1.119, max=0.329], az=0.098 +- 0.078 [min=-0.007, max=0.266] m/s^2
[2026-07-08 23:19:34.642] [odom] [warning] gyro_stat wx=-0.019 +- 0.000 [min=-0.020, max=-0.016], wy=0.000 +- 0.002 [min=-0.004, max=0.007], wz=0.001 +- 0.000 [min=0.001, max=0.002] rad/s
[2026-07-08 23:19:36.096] [odom] [warning] IMU prediction is not good.
[2026-07-08 23:19:36.096] [odom] [warning] Possibly T_lidar_imu is not accurate or IMU bias is not well estimated.
[2026-07-08 23:19:36.096] [odom] [warning] IMU validation results:
[2026-07-08 23:19:36.096] [odom] [warning] num_validations=21056
[2026-07-08 23:19:36.096] [odom] [warning] No-IMU errors rot=0.212 +- 0.259 deg, trans=0.042 +- 0.088 m, vel=0.030 +- 0.066 m/s
[2026-07-08 23:19:36.096] [odom] [warning] IMU errors rot=0.074 +- 0.061 deg, trans=0.048 +- 0.031 m, vel=0.136 +- 0.094 m/s
[2026-07-08 23:19:36.096] [odom] [warning] IMU better ratios rot=0.85, trans=0.02, vel=0.04
[2026-07-08 23:19:37.110] [odom] [warning] IMU bias estimation seems inaccurate.
[2026-07-08 23:19:37.110] [odom] [warning] Possibly T_lidar_imu is not accurate or LiDAR-IMU synchronization is not correct.
[2026-07-08 23:19:37.110] [odom] [warning] IMU bias validation results:
[2026-07-08 23:19:37.110] [odom] [warning] num_bias_validations=21504
[2026-07-08 23:19:37.110] [odom] [warning] bias_acc=[0.558, -0.900, 0.112] m/s^2, bias_gyro=[-0.019, 0.003, 0.001] rad/s
[2026-07-08 23:19:37.110] [odom] [warning] acc_stat ax=0.314 +- 0.448 [min=-0.650, max=0.980], ay=-0.337 +- 0.435 [min=-1.119, max=0.329], az=0.098 +- 0.078 [min=-0.007, max=0.266] m/s^2
[2026-07-08 23:19:37.110] [odom] [warning] gyro_stat wx=-0.019 +- 0.000 [min=-0.020, max=-0.016], wy=0.000 +- 0.002 [min=-0.004, max=0.007], wz=0.001 +- 0.000 [min=0.001, max=0.002] rad/s
[2026-07-08 23:19:38.812] [glim] [info] playback speed: 2.531x
[2026-07-08 23:19:39.848] [odom] [warning] IMU prediction is not good.
[2026-07-08 23:19:39.848] [odom] [warning] Possibly T_lidar_imu is not accurate or IMU bias is not well estimated.
[2026-07-08 23:19:39.848] [odom] [warning] IMU validation results:
[2026-07-08 23:19:39.848] [odom] [warning] num_validations=21120
[2026-07-08 23:19:39.848] [odom] [warning] No-IMU errors rot=0.212 +- 0.259 deg, trans=0.042 +- 0.088 m, vel=0.030 +- 0.066 m/s
[2026-07-08 23:19:39.848] [odom] [warning] IMU errors rot=0.074 +- 0.061 deg, trans=0.048 +- 0.031 m, vel=0.136 +- 0.094 m/s
[2026-07-08 23:19:39.848] [odom] [warning] IMU better ratios rot=0.85, trans=0.02, vel=0.04
[2026-07-08 23:19:40.139] [odom] [warning] IMU bias estimation seems inaccurate.
[2026-07-08 23:19:40.139] [odom] [warning] Possibly T_lidar_imu is not accurate or LiDAR-IMU synchronization is not correct.
[2026-07-08 23:19:40.139] [odom] [warning] IMU bias validation results:
[2026-07-08 23:19:40.139] [odom] [warning] num_bias_validations=21568
[2026-07-08 23:19:40.139] [odom] [warning] bias_acc=[0.532, -0.887, 0.111] m/s^2, bias_gyro=[-0.019, 0.003, 0.001] rad/s
[2026-07-08 23:19:40.139] [odom] [warning] acc_stat ax=0.315 +- 0.448 [min=-0.650, max=0.980], ay=-0.339 +- 0.436 [min=-1.119, max=0.329], az=0.099 +- 0.078 [min=-0.007, max=0.266] m/s^2
[2026-07-08 23:19:40.139] [odom] [warning] gyro_stat wx=-0.019 +- 0.000 [min=-0.020, max=-0.016], wy=0.000 +- 0.002 [min=-0.004, max=0.007], wz=0.001 +- 0.000 [min=0.001, max=0.002] rad/s
[2026-07-08 23:19:41.341] [odom] [warning] IMU prediction is not good.
[2026-07-08 23:19:41.341] [odom] [warning] Possibly T_lidar_imu is not accurate or IMU bias is not well estimated.
[2026-07-08 23:19:41.341] [odom] [warning] IMU validation results:
[2026-07-08 23:19:41.341] [odom] [warning] num_validations=21184
[2026-07-08 23:19:41.341] [odom] [warning] No-IMU errors rot=0.212 +- 0.258 deg, trans=0.042 +- 0.088 m, vel=0.030 +- 0.065 m/s
[2026-07-08 23:19:41.341] [odom] [warning] IMU errors rot=0.074 +- 0.061 deg, trans=0.048 +- 0.031 m, vel=0.136 +- 0.094 m/s
[2026-07-08 23:19:41.341] [odom] [warning] IMU better ratios rot=0.85, trans=0.02, vel=0.04
[2026-07-08 23:19:42.166] [odom] [warning] IMU bias estimation seems inaccurate.
[2026-07-08 23:19:42.166] [odom] [warning] Possibly T_lidar_imu is not accurate or LiDAR-IMU synchronization is not correct.
[2026-07-08 23:19:42.166] [odom] [warning] IMU bias validation results:
[2026-07-08 23:19:42.166] [odom] [warning] num_bias_validations=21632
[2026-07-08 23:19:42.166] [odom] [warning] bias_acc=[0.506, -0.874, 0.111] m/s^2, bias_gyro=[-0.019, 0.002, 0.001] rad/s
[2026-07-08 23:19:42.166] [odom] [warning] acc_stat ax=0.316 +- 0.447 [min=-0.650, max=0.980], ay=-0.340 +- 0.436 [min=-1.119, max=0.329], az=0.099 +- 0.078 [min=-0.007, max=0.266] m/s^2
[2026-07-08 23:19:42.166] [odom] [warning] gyro_stat wx=-0.019 +- 0.000 [min=-0.020, max=-0.016], wy=0.000 +- 0.002 [min=-0.004, max=0.007], wz=0.001 +- 0.000 [min=0.001, max=0.002] rad/s
[2026-07-08 23:19:43.343] [odom] [warning] IMU prediction is not good.
[2026-07-08 23:19:43.343] [odom] [warning] Possibly T_lidar_imu is not accurate or IMU bias is not well estimated.
[2026-07-08 23:19:43.343] [odom] [warning] IMU validation results:
[2026-07-08 23:19:43.343] [odom] [warning] num_validations=21248
[2026-07-08 23:19:43.343] [odom] [warning] No-IMU errors rot=0.211 +- 0.258 deg, trans=0.042 +- 0.087 m, vel=0.030 +- 0.065 m/s
[2026-07-08 23:19:43.343] [odom] [warning] IMU errors rot=0.073 +- 0.061 deg, trans=0.048 +- 0.031 m, vel=0.136 +- 0.094 m/s
[2026-07-08 23:19:43.343] [odom] [warning] IMU better ratios rot=0.85, trans=0.02, vel=0.04
[2026-07-08 23:19:43.621] [odom] [warning] IMU bias estimation seems inaccurate.
[2026-07-08 23:19:43.621] [odom] [warning] Possibly T_lidar_imu is not accurate or LiDAR-IMU synchronization is not correct.
[2026-07-08 23:19:43.621] [odom] [warning] IMU bias validation results:
[2026-07-08 23:19:43.621] [odom] [warning] num_bias_validations=21696
[2026-07-08 23:19:43.621] [odom] [warning] bias_acc=[0.481, -0.863, 0.111] m/s^2, bias_gyro=[-0.019, 0.002, 0.001] rad/s
[2026-07-08 23:19:43.621] [odom] [warning] acc_stat ax=0.316 +- 0.446 [min=-0.650, max=0.980], ay=-0.342 +- 0.436 [min=-1.119, max=0.329], az=0.099 +- 0.078 [min=-0.007, max=0.266] m/s^2
[2026-07-08 23:19:43.621] [odom] [warning] gyro_stat wx=-0.019 +- 0.000 [min=-0.020, max=-0.016], wy=0.000 +- 0.002 [min=-0.004, max=0.007], wz=0.001 +- 0.000 [min=0.001, max=0.002] rad/s
[2026-07-08 23:19:43.815] [glim] [info] playback speed: 3.325x
[2026-07-08 23:19:45.981] [odom] [warning] IMU prediction is not good.
[2026-07-08 23:19:45.981] [odom] [warning] Possibly T_lidar_imu is not accurate or IMU bias is not well estimated.
[2026-07-08 23:19:45.981] [odom] [warning] IMU validation results:
[2026-07-08 23:19:45.981] [odom] [warning] num_validations=21312
[2026-07-08 23:19:45.981] [odom] [warning] No-IMU errors rot=0.211 +- 0.258 deg, trans=0.042 +- 0.087 m, vel=0.030 +- 0.065 m/s
[2026-07-08 23:19:45.981] [odom] [warning] IMU errors rot=0.073 +- 0.061 deg, trans=0.048 +- 0.031 m, vel=0.136 +- 0.094 m/s
[2026-07-08 23:19:45.981] [odom] [warning] IMU better ratios rot=0.85, trans=0.02, vel=0.04
[2026-07-08 23:19:47.061] [odom] [warning] IMU bias estimation seems inaccurate.
[2026-07-08 23:19:47.061] [odom] [warning] Possibly T_lidar_imu is not accurate or LiDAR-IMU synchronization is not correct.
[2026-07-08 23:19:47.061] [odom] [warning] IMU bias validation results:
[2026-07-08 23:19:47.061] [odom] [warning] num_bias_validations=21760
[2026-07-08 23:19:47.061] [odom] [warning] bias_acc=[0.457, -0.851, 0.111] m/s^2, bias_gyro=[-0.019, 0.002, 0.001] rad/s
[2026-07-08 23:19:47.061] [odom] [warning] acc_stat ax=0.316 +- 0.446 [min=-0.650, max=0.980], ay=-0.343 +- 0.436 [min=-1.119, max=0.329], az=0.099 +- 0.077 [min=-0.007, max=0.266] m/s^2
[2026-07-08 23:19:47.061] [odom] [warning] gyro_stat wx=-0.019 +- 0.000 [min=-0.020, max=-0.016], wy=0.000 +- 0.002 [min=-0.004, max=0.007], wz=0.001 +- 0.000 [min=0.001, max=0.002] rad/s
[2026-07-08 23:19:48.391] [odom] [warning] IMU prediction is not good.
[2026-07-08 23:19:48.391] [odom] [warning] Possibly T_lidar_imu is not accurate or IMU bias is not well estimated.
[2026-07-08 23:19:48.391] [odom] [warning] IMU validation results:
[2026-07-08 23:19:48.391] [odom] [warning] num_validations=21376
[2026-07-08 23:19:48.391] [odom] [warning] No-IMU errors rot=0.211 +- 0.257 deg, trans=0.042 +- 0.087 m, vel=0.030 +- 0.065 m/s
[2026-07-08 23:19:48.391] [odom] [warning] IMU errors rot=0.073 +- 0.061 deg, trans=0.048 +- 0.031 m, vel=0.136 +- 0.093 m/s
[2026-07-08 23:19:48.391] [odom] [warning] IMU better ratios rot=0.85, trans=0.02, vel=0.04
[2026-07-08 23:19:48.855] [glim] [info] playback speed: 2.293x
[2026-07-08 23:19:48.936] [odom] [warning] IMU bias estimation seems inaccurate.
[2026-07-08 23:19:48.936] [odom] [warning] Possibly T_lidar_imu is not accurate or LiDAR-IMU synchronization is not correct.
[2026-07-08 23:19:48.936] [odom] [warning] IMU bias validation results:
[2026-07-08 23:19:48.936] [odom] [warning] num_bias_validations=21824
[2026-07-08 23:19:48.936] [odom] [warning] bias_acc=[0.434, -0.839, 0.111] m/s^2, bias_gyro=[-0.019, 0.002, 0.001] rad/s
[2026-07-08 23:19:48.936] [odom] [warning] acc_stat ax=0.317 +- 0.445 [min=-0.650, max=0.980], ay=-0.345 +- 0.437 [min=-1.119, max=0.329], az=0.099 +- 0.077 [min=-0.007, max=0.266] m/s^2
[2026-07-08 23:19:48.936] [odom] [warning] gyro_stat wx=-0.019 +- 0.000 [min=-0.020, max=-0.016], wy=0.000 +- 0.002 [min=-0.004, max=0.007], wz=0.001 +- 0.000 [min=0.001, max=0.002] rad/s
[2026-07-08 23:19:51.055] [odom] [warning] IMU prediction is not good.
[2026-07-08 23:19:51.055] [odom] [warning] Possibly T_lidar_imu is not accurate or IMU bias is not well estimated.
[2026-07-08 23:19:51.055] [odom] [warning] IMU validation results:
[2026-07-08 23:19:51.055] [odom] [warning] num_validations=21440
[2026-07-08 23:19:51.055] [odom] [warning] No-IMU errors rot=0.211 +- 0.258 deg, trans=0.042 +- 0.087 m, vel=0.030 +- 0.065 m/s
[2026-07-08 23:19:51.055] [odom] [warning] IMU errors rot=0.073 +- 0.061 deg, trans=0.048 +- 0.031 m, vel=0.136 +- 0.093 m/s
[2026-07-08 23:19:51.055] [odom] [warning] IMU better ratios rot=0.85, trans=0.02, vel=0.04
[2026-07-08 23:19:51.488] [odom] [warning] IMU bias estimation seems inaccurate.
[2026-07-08 23:19:51.488] [odom] [warning] Possibly T_lidar_imu is not accurate or LiDAR-IMU synchronization is not correct.
[2026-07-08 23:19:51.488] [odom] [warning] IMU bias validation results:
[2026-07-08 23:19:51.488] [odom] [warning] num_bias_validations=21888
[2026-07-08 23:19:51.488] [odom] [warning] bias_acc=[0.411, -0.827, 0.110] m/s^2, bias_gyro=[-0.019, 0.002, 0.001] rad/s
[2026-07-08 23:19:51.488] [odom] [warning] acc_stat ax=0.317 +- 0.445 [min=-0.650, max=0.980], ay=-0.346 +- 0.437 [min=-1.119, max=0.329], az=0.099 +- 0.077 [min=-0.007, max=0.266] m/s^2
[2026-07-08 23:19:51.488] [odom] [warning] gyro_stat wx=-0.019 +- 0.000 [min=-0.020, max=-0.016], wy=0.000 +- 0.002 [min=-0.004, max=0.007], wz=0.001 +- 0.000 [min=0.001, max=0.002] rad/s
[2026-07-08 23:19:53.482] [odom] [warning] IMU prediction is not good.
[2026-07-08 23:19:53.482] [odom] [warning] Possibly T_lidar_imu is not accurate or IMU bias is not well estimated.
[2026-07-08 23:19:53.482] [odom] [warning] IMU validation results:
[2026-07-08 23:19:53.482] [odom] [warning] num_validations=21504
[2026-07-08 23:19:53.482] [odom] [warning] No-IMU errors rot=0.211 +- 0.258 deg, trans=0.042 +- 0.087 m, vel=0.030 +- 0.065 m/s
[2026-07-08 23:19:53.482] [odom] [warning] IMU errors rot=0.073 +- 0.061 deg, trans=0.048 +- 0.031 m, vel=0.136 +- 0.093 m/s
[2026-07-08 23:19:53.482] [odom] [warning] IMU better ratios rot=0.85, trans=0.02, vel=0.04
[2026-07-08 23:19:53.865] [glim] [info] playback speed: 2.673x
[2026-07-08 23:19:54.054] [odom] [warning] IMU bias estimation seems inaccurate.
[2026-07-08 23:19:54.054] [odom] [warning] Possibly T_lidar_imu is not accurate or LiDAR-IMU synchronization is not correct.
[2026-07-08 23:19:54.054] [odom] [warning] IMU bias validation results:
[2026-07-08 23:19:54.054] [odom] [warning] num_bias_validations=21952
[2026-07-08 23:19:54.054] [odom] [warning] bias_acc=[0.389, -0.816, 0.110] m/s^2, bias_gyro=[-0.019, 0.001, 0.001] rad/s
[2026-07-08 23:19:54.054] [odom] [warning] acc_stat ax=0.317 +- 0.444 [min=-0.650, max=0.980], ay=-0.347 +- 0.437 [min=-1.119, max=0.329], az=0.099 +- 0.077 [min=-0.007, max=0.266] m/s^2
[2026-07-08 23:19:54.054] [odom] [warning] gyro_stat wx=-0.019 +- 0.000 [min=-0.020, max=-0.016], wy=0.000 +- 0.002 [min=-0.004, max=0.007], wz=0.001 +- 0.000 [min=0.001, max=0.002] rad/s
[2026-07-08 23:19:56.347] [odom] [warning] IMU prediction is not good.
[2026-07-08 23:19:56.347] [odom] [warning] Possibly T_lidar_imu is not accurate or IMU bias is not well estimated.
[2026-07-08 23:19:56.347] [odom] [warning] IMU validation results:
[2026-07-08 23:19:56.347] [odom] [warning] num_validations=21568
[2026-07-08 23:19:56.347] [odom] [warning] No-IMU errors rot=0.211 +- 0.257 deg, trans=0.042 +- 0.087 m, vel=0.030 +- 0.065 m/s
[2026-07-08 23:19:56.347] [odom] [warning] IMU errors rot=0.073 +- 0.061 deg, trans=0.048 +- 0.031 m, vel=0.135 +- 0.093 m/s
[2026-07-08 23:19:56.347] [odom] [warning] IMU better ratios rot=0.85, trans=0.02, vel=0.04
[2026-07-08 23:19:57.083] [odom] [warning] IMU bias estimation seems inaccurate.
[2026-07-08 23:19:57.083] [odom] [warning] Possibly T_lidar_imu is not accurate or LiDAR-IMU synchronization is not correct.
[2026-07-08 23:19:57.083] [odom] [warning] IMU bias validation results:
[2026-07-08 23:19:57.083] [odom] [warning] num_bias_validations=22016
[2026-07-08 23:19:57.083] [odom] [warning] bias_acc=[0.368, -0.805, 0.110] m/s^2, bias_gyro=[-0.019, 0.001, 0.001] rad/s
[2026-07-08 23:19:57.083] [odom] [warning] acc_stat ax=0.317 +- 0.443 [min=-0.650, max=0.980], ay=-0.349 +- 0.437 [min=-1.119, max=0.329], az=0.099 +- 0.077 [min=-0.007, max=0.266] m/s^2
[2026-07-08 23:19:57.083] [odom] [warning] gyro_stat wx=-0.019 +- 0.000 [min=-0.020, max=-0.016], wy=0.000 +- 0.002 [min=-0.004, max=0.007], wz=0.001 +- 0.000 [min=0.001, max=0.002] rad/s
[2026-07-08 23:19:58.873] [glim] [info] playback speed: 2.169x
[2026-07-08 23:19:59.535] [odom] [warning] IMU prediction is not good.
[2026-07-08 23:19:59.535] [odom] [warning] Possibly T_lidar_imu is not accurate or IMU bias is not well estimated.
[2026-07-08 23:19:59.535] [odom] [warning] IMU validation results:
[2026-07-08 23:19:59.535] [odom] [warning] num_validations=21632
[2026-07-08 23:19:59.535] [odom] [warning] No-IMU errors rot=0.211 +- 0.257 deg, trans=0.042 +- 0.087 m, vel=0.030 +- 0.065 m/s
[2026-07-08 23:19:59.535] [odom] [warning] IMU errors rot=0.073 +- 0.061 deg, trans=0.048 +- 0.030 m, vel=0.135 +- 0.093 m/s
[2026-07-08 23:19:59.535] [odom] [warning] IMU better ratios rot=0.85, trans=0.02, vel=0.04
[2026-07-08 23:20:00.399] [odom] [warning] IMU bias estimation seems inaccurate.
[2026-07-08 23:20:00.399] [odom] [warning] Possibly T_lidar_imu is not accurate or LiDAR-IMU synchronization is not correct.
[2026-07-08 23:20:00.399] [odom] [warning] IMU bias validation results:
[2026-07-08 23:20:00.399] [odom] [warning] num_bias_validations=22080
[2026-07-08 23:20:00.399] [odom] [warning] bias_acc=[0.348, -0.795, 0.110] m/s^2, bias_gyro=[-0.019, 0.001, 0.001] rad/s
[2026-07-08 23:20:00.399] [odom] [warning] acc_stat ax=0.318 +- 0.443 [min=-0.650, max=0.980], ay=-0.350 +- 0.437 [min=-1.119, max=0.329], az=0.099 +- 0.077 [min=-0.007, max=0.266] m/s^2
[2026-07-08 23:20:00.399] [odom] [warning] gyro_stat wx=-0.019 +- 0.000 [min=-0.020, max=-0.016], wy=0.000 +- 0.002 [min=-0.004, max=0.007], wz=0.001 +- 0.000 [min=0.001, max=0.002] rad/s
[2026-07-08 23:20:02.616] [odom] [warning] IMU prediction is not good.
[2026-07-08 23:20:02.616] [odom] [warning] Possibly T_lidar_imu is not accurate or IMU bias is not well estimated.
[2026-07-08 23:20:02.616] [odom] [warning] IMU validation results:
[2026-07-08 23:20:02.616] [odom] [warning] num_validations=21696
[2026-07-08 23:20:02.616] [odom] [warning] No-IMU errors rot=0.210 +- 0.257 deg, trans=0.042 +- 0.087 m, vel=0.030 +- 0.065 m/s
[2026-07-08 23:20:02.616] [odom] [warning] IMU errors rot=0.073 +- 0.061 deg, trans=0.048 +- 0.030 m, vel=0.135 +- 0.093 m/s
[2026-07-08 23:20:02.616] [odom] [warning] IMU better ratios rot=0.85, trans=0.02, vel=0.04
[2026-07-08 23:20:02.775] [odom] [warning] IMU bias estimation seems inaccurate.
[2026-07-08 23:20:02.775] [odom] [warning] Possibly T_lidar_imu is not accurate or LiDAR-IMU synchronization is not correct.
[2026-07-08 23:20:02.775] [odom] [warning] IMU bias validation results:
[2026-07-08 23:20:02.775] [odom] [warning] num_bias_validations=22144
[2026-07-08 23:20:02.775] [odom] [warning] bias_acc=[0.326, -0.786, 0.110] m/s^2, bias_gyro=[-0.019, 0.001, 0.001] rad/s
[2026-07-08 23:20:02.775] [odom] [warning] acc_stat ax=0.318 +- 0.442 [min=-0.650, max=0.980], ay=-0.351 +- 0.437 [min=-1.119, max=0.329], az=0.099 +- 0.077 [min=-0.007, max=0.266] m/s^2
[2026-07-08 23:20:02.775] [odom] [warning] gyro_stat wx=-0.019 +- 0.000 [min=-0.020, max=-0.016], wy=0.000 +- 0.002 [min=-0.004, max=0.007], wz=0.001 +- 0.000 [min=0.001, max=0.002] rad/s
[2026-07-08 23:20:03.913] [glim] [info] playback speed: 2.396x
[2026-07-08 23:20:05.483] [odom] [warning] IMU prediction is not good.
[2026-07-08 23:20:05.483] [odom] [warning] Possibly T_lidar_imu is not accurate or IMU bias is not well estimated.
[2026-07-08 23:20:05.483] [odom] [warning] IMU validation results:
[2026-07-08 23:20:05.483] [odom] [warning] num_validations=21760
[2026-07-08 23:20:05.483] [odom] [warning] No-IMU errors rot=0.210 +- 0.256 deg, trans=0.042 +- 0.086 m, vel=0.030 +- 0.065 m/s
[2026-07-08 23:20:05.483] [odom] [warning] IMU errors rot=0.073 +- 0.061 deg, trans=0.047 +- 0.030 m, vel=0.135 +- 0.093 m/s
[2026-07-08 23:20:05.483] [odom] [warning] IMU better ratios rot=0.85, trans=0.02, vel=0.04
[2026-07-08 23:20:06.408] [odom] [warning] IMU bias estimation seems inaccurate.
[2026-07-08 23:20:06.408] [odom] [warning] Possibly T_lidar_imu is not accurate or LiDAR-IMU synchronization is not correct.
[2026-07-08 23:20:06.408] [odom] [warning] IMU bias validation results:
[2026-07-08 23:20:06.408] [odom] [warning] num_bias_validations=22208
[2026-07-08 23:20:06.408] [odom] [warning] bias_acc=[0.304, -0.776, 0.111] m/s^2, bias_gyro=[-0.019, 0.001, 0.001] rad/s
[2026-07-08 23:20:06.408] [odom] [warning] acc_stat ax=0.318 +- 0.441 [min=-0.650, max=0.980], ay=-0.353 +- 0.437 [min=-1.119, max=0.329], az=0.099 +- 0.077 [min=-0.007, max=0.266] m/s^2
[2026-07-08 23:20:06.408] [odom] [warning] gyro_stat wx=-0.019 +- 0.000 [min=-0.020, max=-0.016], wy=0.000 +- 0.002 [min=-0.004, max=0.007], wz=0.001 +- 0.000 [min=0.001, max=0.002] rad/s
[2026-07-08 23:20:07.339] [odom] [warning] IMU prediction is not good.
[2026-07-08 23:20:07.340] [odom] [warning] Possibly T_lidar_imu is not accurate or IMU bias is not well estimated.
[2026-07-08 23:20:07.340] [odom] [warning] IMU validation results:
[2026-07-08 23:20:07.340] [odom] [warning] num_validations=21824
[2026-07-08 23:20:07.340] [odom] [warning] No-IMU errors rot=0.210 +- 0.256 deg, trans=0.042 +- 0.086 m, vel=0.030 +- 0.065 m/s
[2026-07-08 23:20:07.340] [odom] [warning] IMU errors rot=0.073 +- 0.061 deg, trans=0.047 +- 0.030 m, vel=0.135 +- 0.093 m/s
[2026-07-08 23:20:07.340] [odom] [warning] IMU better ratios rot=0.85, trans=0.02, vel=0.04
[2026-07-08 23:20:07.886] [odom] [warning] IMU bias estimation seems inaccurate.
[2026-07-08 23:20:07.886] [odom] [warning] Possibly T_lidar_imu is not accurate or LiDAR-IMU synchronization is not correct.
[2026-07-08 23:20:07.886] [odom] [warning] IMU bias validation results:
[2026-07-08 23:20:07.886] [odom] [warning] num_bias_validations=22272
[2026-07-08 23:20:07.886] [odom] [warning] bias_acc=[0.283, -0.766, 0.111] m/s^2, bias_gyro=[-0.019, 0.001, 0.001] rad/s
[2026-07-08 23:20:07.886] [odom] [warning] acc_stat ax=0.317 +- 0.441 [min=-0.650, max=0.980], ay=-0.354 +- 0.437 [min=-1.119, max=0.329], az=0.099 +- 0.077 [min=-0.007, max=0.266] m/s^2
[2026-07-08 23:20:07.886] [odom] [warning] gyro_stat wx=-0.019 +- 0.000 [min=-0.020, max=-0.016], wy=0.000 +- 0.002 [min=-0.004, max=0.007], wz=0.001 +- 0.000 [min=0.001, max=0.002] rad/s
[2026-07-08 23:20:08.931] [glim] [info] playback speed: 2.466x
[2026-07-08 23:20:10.024] [odom] [warning] IMU prediction is not good.
[2026-07-08 23:20:10.024] [odom] [warning] Possibly T_lidar_imu is not accurate or IMU bias is not well estimated.
[2026-07-08 23:20:10.024] [odom] [warning] IMU validation results:
[2026-07-08 23:20:10.024] [odom] [warning] num_validations=21888
[2026-07-08 23:20:10.024] [odom] [warning] No-IMU errors rot=0.210 +- 0.256 deg, trans=0.042 +- 0.086 m, vel=0.030 +- 0.064 m/s
[2026-07-08 23:20:10.024] [odom] [warning] IMU errors rot=0.073 +- 0.061 deg, trans=0.047 +- 0.030 m, vel=0.135 +- 0.093 m/s
[2026-07-08 23:20:10.024] [odom] [warning] IMU better ratios rot=0.85, trans=0.02, vel=0.04
[2026-07-08 23:20:10.180] [odom] [warning] IMU bias estimation seems inaccurate.
[2026-07-08 23:20:10.180] [odom] [warning] Possibly T_lidar_imu is not accurate or LiDAR-IMU synchronization is not correct.
[2026-07-08 23:20:10.180] [odom] [warning] IMU bias validation results:
[2026-07-08 23:20:10.180] [odom] [warning] num_bias_validations=22336
[2026-07-08 23:20:10.180] [odom] [warning] bias_acc=[0.261, -0.758, 0.112] m/s^2, bias_gyro=[-0.019, 0.001, 0.001] rad/s
[2026-07-08 23:20:10.180] [odom] [warning] acc_stat ax=0.317 +- 0.440 [min=-0.650, max=0.980], ay=-0.355 +- 0.437 [min=-1.119, max=0.329], az=0.099 +- 0.077 [min=-0.007, max=0.266] m/s^2
[2026-07-08 23:20:10.180] [odom] [warning] gyro_stat wx=-0.019 +- 0.000 [min=-0.020, max=-0.016], wy=0.000 +- 0.002 [min=-0.004, max=0.007], wz=0.001 +- 0.000 [min=0.001, max=0.002] rad/s
[2026-07-08 23:20:12.303] [odom] [warning] IMU prediction is not good.
[2026-07-08 23:20:12.303] [odom] [warning] Possibly T_lidar_imu is not accurate or IMU bias is not well estimated.
[2026-07-08 23:20:12.303] [odom] [warning] IMU validation results:
[2026-07-08 23:20:12.303] [odom] [warning] num_validations=21952
[2026-07-08 23:20:12.303] [odom] [warning] No-IMU errors rot=0.210 +- 0.256 deg, trans=0.042 +- 0.086 m, vel=0.030 +- 0.064 m/s
[2026-07-08 23:20:12.303] [odom] [warning] IMU errors rot=0.073 +- 0.061 deg, trans=0.047 +- 0.030 m, vel=0.135 +- 0.093 m/s
[2026-07-08 23:20:12.303] [odom] [warning] IMU better ratios rot=0.85, trans=0.02, vel=0.04
[2026-07-08 23:20:12.829] [odom] [warning] IMU bias estimation seems inaccurate.
[2026-07-08 23:20:12.829] [odom] [warning] Possibly T_lidar_imu is not accurate or LiDAR-IMU synchronization is not correct.
[2026-07-08 23:20:12.829] [odom] [warning] IMU bias validation results:
[2026-07-08 23:20:12.829] [odom] [warning] num_bias_validations=22400
[2026-07-08 23:20:12.829] [odom] [warning] bias_acc=[0.240, -0.752, 0.113] m/s^2, bias_gyro=[-0.019, 0.001, 0.001] rad/s
[2026-07-08 23:20:12.829] [odom] [warning] acc_stat ax=0.317 +- 0.440 [min=-0.650, max=0.980], ay=-0.356 +- 0.437 [min=-1.119, max=0.329], az=0.099 +- 0.076 [min=-0.007, max=0.266] m/s^2
[2026-07-08 23:20:12.829] [odom] [warning] gyro_stat wx=-0.019 +- 0.000 [min=-0.020, max=-0.016], wy=0.000 +- 0.002 [min=-0.004, max=0.007], wz=0.001 +- 0.000 [min=0.001, max=0.002] rad/s
[2026-07-08 23:20:13.945] [glim] [info] playback speed: 2.691x
[2026-07-08 23:20:15.014] [odom] [warning] IMU prediction is not good.
[2026-07-08 23:20:15.014] [odom] [warning] Possibly T_lidar_imu is not accurate or IMU bias is not well estimated.
[2026-07-08 23:20:15.014] [odom] [warning] IMU validation results:
[2026-07-08 23:20:15.014] [odom] [warning] num_validations=22016
[2026-07-08 23:20:15.014] [odom] [warning] No-IMU errors rot=0.210 +- 0.255 deg, trans=0.042 +- 0.086 m, vel=0.030 +- 0.064 m/s
[2026-07-08 23:20:15.014] [odom] [warning] IMU errors rot=0.073 +- 0.061 deg, trans=0.047 +- 0.030 m, vel=0.135 +- 0.092 m/s
[2026-07-08 23:20:15.014] [odom] [warning] IMU better ratios rot=0.85, trans=0.02, vel=0.04
[2026-07-08 23:20:15.154] [odom] [warning] IMU bias estimation seems inaccurate.
[2026-07-08 23:20:15.154] [odom] [warning] Possibly T_lidar_imu is not accurate or LiDAR-IMU synchronization is not correct.
[2026-07-08 23:20:15.154] [odom] [warning] IMU bias validation results:
[2026-07-08 23:20:15.154] [odom] [warning] num_bias_validations=22464
[2026-07-08 23:20:15.154] [odom] [warning] bias_acc=[0.218, -0.746, 0.114] m/s^2, bias_gyro=[-0.019, 0.001, 0.001] rad/s
[2026-07-08 23:20:15.154] [odom] [warning] acc_stat ax=0.317 +- 0.439 [min=-0.650, max=0.980], ay=-0.357 +- 0.436 [min=-1.119, max=0.329], az=0.099 +- 0.076 [min=-0.007, max=0.266] m/s^2
[2026-07-08 23:20:15.154] [odom] [warning] gyro_stat wx=-0.019 +- 0.000 [min=-0.020, max=-0.016], wy=0.000 +- 0.002 [min=-0.004, max=0.007], wz=0.001 +- 0.000 [min=0.001, max=0.002] rad/s
[2026-07-08 23:20:17.692] [odom] [warning] IMU prediction is not good.
[2026-07-08 23:20:17.692] [odom] [warning] Possibly T_lidar_imu is not accurate or IMU bias is not well estimated.
[2026-07-08 23:20:17.692] [odom] [warning] IMU validation results:
[2026-07-08 23:20:17.692] [odom] [warning] num_validations=22080
[2026-07-08 23:20:17.692] [odom] [warning] No-IMU errors rot=0.209 +- 0.255 deg, trans=0.042 +- 0.086 m, vel=0.030 +- 0.064 m/s
[2026-07-08 23:20:17.692] [odom] [warning] IMU errors rot=0.073 +- 0.061 deg, trans=0.047 +- 0.030 m, vel=0.134 +- 0.092 m/s
[2026-07-08 23:20:17.692] [odom] [warning] IMU better ratios rot=0.85, trans=0.02, vel=0.04
[2026-07-08 23:20:17.905] [odom] [warning] IMU bias estimation seems inaccurate.
[2026-07-08 23:20:17.905] [odom] [warning] Possibly T_lidar_imu is not accurate or LiDAR-IMU synchronization is not correct.
[2026-07-08 23:20:17.905] [odom] [warning] IMU bias validation results:
[2026-07-08 23:20:17.905] [odom] [warning] num_bias_validations=22528
[2026-07-08 23:20:17.905] [odom] [warning] bias_acc=[0.196, -0.740, 0.115] m/s^2, bias_gyro=[-0.019, 0.001, 0.001] rad/s
[2026-07-08 23:20:17.905] [odom] [warning] acc_stat ax=0.316 +- 0.438 [min=-0.650, max=0.980], ay=-0.358 +- 0.436 [min=-1.119, max=0.329], az=0.099 +- 0.076 [min=-0.007, max=0.266] m/s^2
[2026-07-08 23:20:17.905] [odom] [warning] gyro_stat wx=-0.019 +- 0.000 [min=-0.020, max=-0.016], wy=0.000 +- 0.002 [min=-0.004, max=0.007], wz=0.001 +- 0.000 [min=0.001, max=0.002] rad/s
[2026-07-08 23:20:18.953] [glim] [info] playback speed: 2.755x
[2026-07-08 23:20:19.647] [odom] [warning] IMU prediction is not good.
[2026-07-08 23:20:19.647] [odom] [warning] Possibly T_lidar_imu is not accurate or IMU bias is not well estimated.
[2026-07-08 23:20:19.647] [odom] [warning] IMU validation results:
[2026-07-08 23:20:19.647] [odom] [warning] num_validations=22144
[2026-07-08 23:20:19.647] [odom] [warning] No-IMU errors rot=0.209 +- 0.255 deg, trans=0.042 +- 0.086 m, vel=0.030 +- 0.064 m/s
[2026-07-08 23:20:19.647] [odom] [warning] IMU errors rot=0.073 +- 0.061 deg, trans=0.047 +- 0.030 m, vel=0.134 +- 0.092 m/s
[2026-07-08 23:20:19.647] [odom] [warning] IMU better ratios rot=0.85, trans=0.02, vel=0.04
[2026-07-08 23:20:20.534] [odom] [warning] IMU bias estimation seems inaccurate.
[2026-07-08 23:20:20.535] [odom] [warning] Possibly T_lidar_imu is not accurate or LiDAR-IMU synchronization is not correct.
[2026-07-08 23:20:20.535] [odom] [warning] IMU bias validation results:
[2026-07-08 23:20:20.535] [odom] [warning] num_bias_validations=22592
[2026-07-08 23:20:20.535] [odom] [warning] bias_acc=[0.175, -0.734, 0.116] m/s^2, bias_gyro=[-0.019, 0.001, 0.001] rad/s
[2026-07-08 23:20:20.535] [odom] [warning] acc_stat ax=0.316 +- 0.438 [min=-0.650, max=0.980], ay=-0.359 +- 0.436 [min=-1.119, max=0.329], az=0.099 +- 0.076 [min=-0.007, max=0.266] m/s^2
[2026-07-08 23:20:20.535] [odom] [warning] gyro_stat wx=-0.019 +- 0.000 [min=-0.020, max=-0.016], wy=0.000 +- 0.002 [min=-0.004, max=0.007], wz=0.001 +- 0.000 [min=0.001, max=0.002] rad/s
[2026-07-08 23:20:22.081] [odom] [warning] IMU prediction is not good.
[2026-07-08 23:20:22.081] [odom] [warning] Possibly T_lidar_imu is not accurate or IMU bias is not well estimated.
[2026-07-08 23:20:22.081] [odom] [warning] IMU validation results:
[2026-07-08 23:20:22.081] [odom] [warning] num_validations=22208
[2026-07-08 23:20:22.081] [odom] [warning] No-IMU errors rot=0.209 +- 0.255 deg, trans=0.041 +- 0.086 m, vel=0.030 +- 0.064 m/s
[2026-07-08 23:20:22.081] [odom] [warning] IMU errors rot=0.073 +- 0.061 deg, trans=0.047 +- 0.030 m, vel=0.134 +- 0.092 m/s
[2026-07-08 23:20:22.081] [odom] [warning] IMU better ratios rot=0.85, trans=0.02, vel=0.04
[2026-07-08 23:20:22.306] [odom] [warning] IMU bias estimation seems inaccurate.
[2026-07-08 23:20:22.306] [odom] [warning] Possibly T_lidar_imu is not accurate or LiDAR-IMU synchronization is not correct.
[2026-07-08 23:20:22.306] [odom] [warning] IMU bias validation results:
[2026-07-08 23:20:22.306] [odom] [warning] num_bias_validations=22656
[2026-07-08 23:20:22.306] [odom] [warning] bias_acc=[0.155, -0.725, 0.117] m/s^2, bias_gyro=[-0.019, 0.001, 0.001] rad/s
[2026-07-08 23:20:22.306] [odom] [warning] acc_stat ax=0.316 +- 0.437 [min=-0.650, max=0.980], ay=-0.360 +- 0.436 [min=-1.119, max=0.329], az=0.099 +- 0.076 [min=-0.007, max=0.266] m/s^2
[2026-07-08 23:20:22.306] [odom] [warning] gyro_stat wx=-0.019 +- 0.000 [min=-0.020, max=-0.016], wy=0.000 +- 0.002 [min=-0.004, max=0.007], wz=0.001 +- 0.000 [min=0.001, max=0.002] rad/s
[2026-07-08 23:20:23.981] [glim] [info] playback speed: 2.623x
[2026-07-08 23:20:24.842] [odom] [warning] IMU prediction is not good.
[2026-07-08 23:20:24.842] [odom] [warning] Possibly T_lidar_imu is not accurate or IMU bias is not well estimated.
[2026-07-08 23:20:24.842] [odom] [warning] IMU validation results:
[2026-07-08 23:20:24.842] [odom] [warning] num_validations=22272
[2026-07-08 23:20:24.842] [odom] [warning] No-IMU errors rot=0.209 +- 0.254 deg, trans=0.041 +- 0.085 m, vel=0.030 +- 0.064 m/s
[2026-07-08 23:20:24.842] [odom] [warning] IMU errors rot=0.072 +- 0.061 deg, trans=0.047 +- 0.030 m, vel=0.134 +- 0.092 m/s
[2026-07-08 23:20:24.842] [odom] [warning] IMU better ratios rot=0.85, trans=0.02, vel=0.04
[2026-07-08 23:20:26.053] [odom] [warning] IMU bias estimation seems inaccurate.
[2026-07-08 23:20:26.053] [odom] [warning] Possibly T_lidar_imu is not accurate or LiDAR-IMU synchronization is not correct.
[2026-07-08 23:20:26.053] [odom] [warning] IMU bias validation results:
[2026-07-08 23:20:26.053] [odom] [warning] num_bias_validations=22720
[2026-07-08 23:20:26.053] [odom] [warning] bias_acc=[0.136, -0.715, 0.117] m/s^2, bias_gyro=[-0.019, 0.001, 0.001] rad/s
[2026-07-08 23:20:26.053] [odom] [warning] acc_stat ax=0.315 +- 0.437 [min=-0.650, max=0.980], ay=-0.361 +- 0.436 [min=-1.119, max=0.329], az=0.099 +- 0.076 [min=-0.007, max=0.266] m/s^2
[2026-07-08 23:20:26.053] [odom] [warning] gyro_stat wx=-0.019 +- 0.000 [min=-0.020, max=-0.016], wy=0.000 +- 0.002 [min=-0.004, max=0.007], wz=0.001 +- 0.000 [min=0.001, max=0.002] rad/s
[2026-07-08 23:20:26.956] [odom] [warning] IMU prediction is not good.
[2026-07-08 23:20:26.956] [odom] [warning] Possibly T_lidar_imu is not accurate or IMU bias is not well estimated.
[2026-07-08 23:20:26.956] [odom] [warning] IMU validation results:
[2026-07-08 23:20:26.956] [odom] [warning] num_validations=22336
[2026-07-08 23:20:26.956] [odom] [warning] No-IMU errors rot=0.209 +- 0.254 deg, trans=0.041 +- 0.085 m, vel=0.030 +- 0.064 m/s
[2026-07-08 23:20:26.956] [odom] [warning] IMU errors rot=0.072 +- 0.060 deg, trans=0.047 +- 0.030 m, vel=0.134 +- 0.092 m/s
[2026-07-08 23:20:26.956] [odom] [warning] IMU better ratios rot=0.85, trans=0.02, vel=0.04
[2026-07-08 23:20:27.485] [odom] [warning] IMU bias estimation seems inaccurate.
[2026-07-08 23:20:27.485] [odom] [warning] Possibly T_lidar_imu is not accurate or LiDAR-IMU synchronization is not correct.
[2026-07-08 23:20:27.485] [odom] [warning] IMU bias validation results:
[2026-07-08 23:20:27.485] [odom] [warning] num_bias_validations=22784
[2026-07-08 23:20:27.485] [odom] [warning] bias_acc=[0.117, -0.705, 0.118] m/s^2, bias_gyro=[-0.018, 0.001, 0.001] rad/s
[2026-07-08 23:20:27.485] [odom] [warning] acc_stat ax=0.314 +- 0.436 [min=-0.650, max=0.980], ay=-0.362 +- 0.436 [min=-1.119, max=0.329], az=0.099 +- 0.076 [min=-0.007, max=0.266] m/s^2
[2026-07-08 23:20:27.485] [odom] [warning] gyro_stat wx=-0.019 +- 0.000 [min=-0.020, max=-0.016], wy=0.000 +- 0.002 [min=-0.004, max=0.007], wz=0.001 +- 0.000 [min=0.001, max=0.002] rad/s
[2026-07-08 23:20:29.022] [glim] [info] playback speed: 2.475x
[2026-07-08 23:20:29.739] [odom] [warning] IMU prediction is not good.
[2026-07-08 23:20:29.739] [odom] [warning] Possibly T_lidar_imu is not accurate or IMU bias is not well estimated.
[2026-07-08 23:20:29.739] [odom] [warning] IMU validation results:
[2026-07-08 23:20:29.739] [odom] [warning] num_validations=22400
[2026-07-08 23:20:29.739] [odom] [warning] No-IMU errors rot=0.208 +- 0.254 deg, trans=0.041 +- 0.085 m, vel=0.030 +- 0.064 m/s
[2026-07-08 23:20:29.739] [odom] [warning] IMU errors rot=0.072 +- 0.060 deg, trans=0.047 +- 0.030 m, vel=0.134 +- 0.092 m/s
[2026-07-08 23:20:29.739] [odom] [warning] IMU better ratios rot=0.85, trans=0.02, vel=0.04
[2026-07-08 23:20:29.886] [odom] [warning] IMU bias estimation seems inaccurate.
[2026-07-08 23:20:29.886] [odom] [warning] Possibly T_lidar_imu is not accurate or LiDAR-IMU synchronization is not correct.
[2026-07-08 23:20:29.886] [odom] [warning] IMU bias validation results:
[2026-07-08 23:20:29.886] [odom] [warning] num_bias_validations=22848
[2026-07-08 23:20:29.886] [odom] [warning] bias_acc=[0.096, -0.696, 0.119] m/s^2, bias_gyro=[-0.018, 0.001, 0.001] rad/s
[2026-07-08 23:20:29.886] [odom] [warning] acc_stat ax=0.314 +- 0.436 [min=-0.650, max=0.980], ay=-0.363 +- 0.435 [min=-1.119, max=0.329], az=0.099 +- 0.076 [min=-0.007, max=0.266] m/s^2
[2026-07-08 23:20:29.886] [odom] [warning] gyro_stat wx=-0.019 +- 0.000 [min=-0.020, max=-0.016], wy=0.001 +- 0.002 [min=-0.004, max=0.007], wz=0.001 +- 0.000 [min=0.001, max=0.002] rad/s
[2026-07-08 23:20:31.239] [odom] [warning] IMU prediction is not good.
[2026-07-08 23:20:31.239] [odom] [warning] Possibly T_lidar_imu is not accurate or IMU bias is not well estimated.
[2026-07-08 23:20:31.239] [odom] [warning] IMU validation results:
[2026-07-08 23:20:31.239] [odom] [warning] num_validations=22464
[2026-07-08 23:20:31.239] [odom] [warning] No-IMU errors rot=0.209 +- 0.254 deg, trans=0.041 +- 0.085 m, vel=0.030 +- 0.064 m/s
[2026-07-08 23:20:31.239] [odom] [warning] IMU errors rot=0.072 +- 0.060 deg, trans=0.047 +- 0.030 m, vel=0.134 +- 0.092 m/s
[2026-07-08 23:20:31.239] [odom] [warning] IMU better ratios rot=0.85, trans=0.02, vel=0.04
[2026-07-08 23:20:32.178] [odom] [warning] IMU bias estimation seems inaccurate.
[2026-07-08 23:20:32.178] [odom] [warning] Possibly T_lidar_imu is not accurate or LiDAR-IMU synchronization is not correct.
[2026-07-08 23:20:32.178] [odom] [warning] IMU bias validation results:
[2026-07-08 23:20:32.178] [odom] [warning] num_bias_validations=22912
[2026-07-08 23:20:32.178] [odom] [warning] bias_acc=[0.076, -0.686, 0.120] m/s^2, bias_gyro=[-0.018, 0.001, 0.001] rad/s
[2026-07-08 23:20:32.178] [odom] [warning] acc_stat ax=0.313 +- 0.435 [min=-0.650, max=0.980], ay=-0.364 +- 0.435 [min=-1.119, max=0.329], az=0.099 +- 0.076 [min=-0.007, max=0.266] m/s^2
[2026-07-08 23:20:32.178] [odom] [warning] gyro_stat wx=-0.019 +- 0.000 [min=-0.020, max=-0.016], wy=0.001 +- 0.002 [min=-0.004, max=0.007], wz=0.001 +- 0.000 [min=0.001, max=0.002] rad/s
[2026-07-08 23:20:33.227] [odom] [warning] IMU prediction is not good.
[2026-07-08 23:20:33.227] [odom] [warning] Possibly T_lidar_imu is not accurate or IMU bias is not well estimated.
[2026-07-08 23:20:33.227] [odom] [warning] IMU validation results:
[2026-07-08 23:20:33.227] [odom] [warning] num_validations=22528
[2026-07-08 23:20:33.227] [odom] [warning] No-IMU errors rot=0.208 +- 0.253 deg, trans=0.041 +- 0.085 m, vel=0.030 +- 0.064 m/s
[2026-07-08 23:20:33.227] [odom] [warning] IMU errors rot=0.072 +- 0.060 deg, trans=0.047 +- 0.030 m, vel=0.134 +- 0.092 m/s
[2026-07-08 23:20:33.227] [odom] [warning] IMU better ratios rot=0.85, trans=0.02, vel=0.04
[2026-07-08 23:20:33.889] [odom] [warning] IMU bias estimation seems inaccurate.
[2026-07-08 23:20:33.889] [odom] [warning] Possibly T_lidar_imu is not accurate or LiDAR-IMU synchronization is not correct.
[2026-07-08 23:20:33.889] [odom] [warning] IMU bias validation results:
[2026-07-08 23:20:33.889] [odom] [warning] num_bias_validations=22976
[2026-07-08 23:20:33.889] [odom] [warning] bias_acc=[0.053, -0.677, 0.122] m/s^2, bias_gyro=[-0.018, 0.001, 0.001] rad/s
[2026-07-08 23:20:33.889] [odom] [warning] acc_stat ax=0.312 +- 0.435 [min=-0.650, max=0.980], ay=-0.365 +- 0.435 [min=-1.119, max=0.329], az=0.099 +- 0.076 [min=-0.007, max=0.266] m/s^2
[2026-07-08 23:20:33.889] [odom] [warning] gyro_stat wx=-0.019 +- 0.000 [min=-0.020, max=-0.016], wy=0.001 +- 0.002 [min=-0.004, max=0.007], wz=0.001 +- 0.000 [min=0.001, max=0.002] rad/s
[2026-07-08 23:20:34.037] [glim] [info] playback speed: 3.318x
[2026-07-08 23:20:35.869] [odom] [warning] IMU prediction is not good.
[2026-07-08 23:20:35.869] [odom] [warning] Possibly T_lidar_imu is not accurate or IMU bias is not well estimated.
[2026-07-08 23:20:35.869] [odom] [warning] IMU validation results:
[2026-07-08 23:20:35.869] [odom] [warning] num_validations=22592
[2026-07-08 23:20:35.869] [odom] [warning] No-IMU errors rot=0.208 +- 0.253 deg, trans=0.041 +- 0.085 m, vel=0.030 +- 0.063 m/s
[2026-07-08 23:20:35.869] [odom] [warning] IMU errors rot=0.072 +- 0.060 deg, trans=0.047 +- 0.030 m, vel=0.134 +- 0.091 m/s
[2026-07-08 23:20:35.869] [odom] [warning] IMU better ratios rot=0.85, trans=0.02, vel=0.04
[2026-07-08 23:20:36.143] [odom] [warning] IMU bias estimation seems inaccurate.
[2026-07-08 23:20:36.143] [odom] [warning] Possibly T_lidar_imu is not accurate or LiDAR-IMU synchronization is not correct.
[2026-07-08 23:20:36.143] [odom] [warning] IMU bias validation results:
[2026-07-08 23:20:36.143] [odom] [warning] num_bias_validations=23040
[2026-07-08 23:20:36.143] [odom] [warning] bias_acc=[0.030, -0.667, 0.125] m/s^2, bias_gyro=[-0.018, 0.001, 0.001] rad/s
[2026-07-08 23:20:36.143] [odom] [warning] acc_stat ax=0.312 +- 0.435 [min=-0.650, max=0.980], ay=-0.366 +- 0.434 [min=-1.119, max=0.329], az=0.100 +- 0.075 [min=-0.007, max=0.266] m/s^2
[2026-07-08 23:20:36.143] [odom] [warning] gyro_stat wx=-0.019 +- 0.000 [min=-0.020, max=-0.016], wy=0.001 +- 0.002 [min=-0.004, max=0.007], wz=0.001 +- 0.000 [min=0.001, max=0.002] rad/s
[2026-07-08 23:20:38.600] [odom] [warning] IMU prediction is not good.
[2026-07-08 23:20:38.600] [odom] [warning] Possibly T_lidar_imu is not accurate or IMU bias is not well estimated.
[2026-07-08 23:20:38.600] [odom] [warning] IMU validation results:
[2026-07-08 23:20:38.600] [odom] [warning] num_validations=22656
[2026-07-08 23:20:38.600] [odom] [warning] No-IMU errors rot=0.208 +- 0.253 deg, trans=0.041 +- 0.085 m, vel=0.030 +- 0.063 m/s
[2026-07-08 23:20:38.600] [odom] [warning] IMU errors rot=0.072 +- 0.060 deg, trans=0.047 +- 0.030 m, vel=0.134 +- 0.091 m/s
[2026-07-08 23:20:38.600] [odom] [warning] IMU better ratios rot=0.85, trans=0.02, vel=0.04
[2026-07-08 23:20:39.046] [glim] [info] playback speed: 2.410x
[2026-07-08 23:20:39.242] [odom] [warning] IMU bias estimation seems inaccurate.
[2026-07-08 23:20:39.242] [odom] [warning] Possibly T_lidar_imu is not accurate or LiDAR-IMU synchronization is not correct.
[2026-07-08 23:20:39.242] [odom] [warning] IMU bias validation results:
[2026-07-08 23:20:39.242] [odom] [warning] num_bias_validations=23104
[2026-07-08 23:20:39.242] [odom] [warning] bias_acc=[0.008, -0.655, 0.127] m/s^2, bias_gyro=[-0.019, 0.000, 0.001] rad/s
[2026-07-08 23:20:39.242] [odom] [warning] acc_stat ax=0.311 +- 0.434 [min=-0.650, max=0.980], ay=-0.367 +- 0.434 [min=-1.119, max=0.329], az=0.100 +- 0.075 [min=-0.007, max=0.266] m/s^2
[2026-07-08 23:20:39.242] [odom] [warning] gyro_stat wx=-0.019 +- 0.000 [min=-0.020, max=-0.016], wy=0.001 +- 0.002 [min=-0.004, max=0.007], wz=0.001 +- 0.000 [min=0.001, max=0.002] rad/s
[2026-07-08 23:20:40.210] [odom] [warning] IMU prediction is not good.
[2026-07-08 23:20:40.210] [odom] [warning] Possibly T_lidar_imu is not accurate or IMU bias is not well estimated.
[2026-07-08 23:20:40.210] [odom] [warning] IMU validation results:
[2026-07-08 23:20:40.210] [odom] [warning] num_validations=22720
[2026-07-08 23:20:40.210] [odom] [warning] No-IMU errors rot=0.209 +- 0.253 deg, trans=0.041 +- 0.085 m, vel=0.030 +- 0.063 m/s
[2026-07-08 23:20:40.210] [odom] [warning] IMU errors rot=0.072 +- 0.060 deg, trans=0.047 +- 0.030 m, vel=0.134 +- 0.091 m/s
[2026-07-08 23:20:40.210] [odom] [warning] IMU better ratios rot=0.85, trans=0.02, vel=0.04
[2026-07-08 23:20:40.936] [odom] [warning] IMU bias estimation seems inaccurate.
[2026-07-08 23:20:40.936] [odom] [warning] Possibly T_lidar_imu is not accurate or LiDAR-IMU synchronization is not correct.
[2026-07-08 23:20:40.936] [odom] [warning] IMU bias validation results:
[2026-07-08 23:20:40.936] [odom] [warning] num_bias_validations=23168
[2026-07-08 23:20:40.936] [odom] [warning] bias_acc=[-0.009, -0.641, 0.128] m/s^2, bias_gyro=[-0.019, -0.001, 0.001] rad/s
[2026-07-08 23:20:40.936] [odom] [warning] acc_stat ax=0.310 +- 0.434 [min=-0.650, max=0.980], ay=-0.367 +- 0.434 [min=-1.119, max=0.329], az=0.100 +- 0.075 [min=-0.007, max=0.266] m/s^2
[2026-07-08 23:20:40.936] [odom] [warning] gyro_stat wx=-0.019 +- 0.000 [min=-0.020, max=-0.016], wy=0.001 +- 0.002 [min=-0.004, max=0.007], wz=0.001 +- 0.000 [min=0.001, max=0.002] rad/s
[2026-07-08 23:20:42.939] [odom] [warning] IMU prediction is not good.
[2026-07-08 23:20:42.939] [odom] [warning] Possibly T_lidar_imu is not accurate or IMU bias is not well estimated.
[2026-07-08 23:20:42.939] [odom] [warning] IMU validation results:
[2026-07-08 23:20:42.939] [odom] [warning] num_validations=22784
[2026-07-08 23:20:42.939] [odom] [warning] No-IMU errors rot=0.211 +- 0.258 deg, trans=0.041 +- 0.085 m, vel=0.030 +- 0.063 m/s
[2026-07-08 23:20:42.939] [odom] [warning] IMU errors rot=0.073 +- 0.061 deg, trans=0.047 +- 0.030 m, vel=0.133 +- 0.091 m/s
[2026-07-08 23:20:42.939] [odom] [warning] IMU better ratios rot=0.85, trans=0.02, vel=0.04
[2026-07-08 23:20:43.648] [odom] [warning] IMU bias estimation seems inaccurate.
[2026-07-08 23:20:43.648] [odom] [warning] Possibly T_lidar_imu is not accurate or LiDAR-IMU synchronization is not correct.
[2026-07-08 23:20:43.648] [odom] [warning] IMU bias validation results:
[2026-07-08 23:20:43.648] [odom] [warning] num_bias_validations=23232
[2026-07-08 23:20:43.648] [odom] [warning] bias_acc=[-0.008, -0.622, 0.126] m/s^2, bias_gyro=[-0.020, -0.003, 0.001] rad/s
[2026-07-08 23:20:43.648] [odom] [warning] acc_stat ax=0.309 +- 0.434 [min=-0.650, max=0.980], ay=-0.368 +- 0.433 [min=-1.119, max=0.329], az=0.100 +- 0.075 [min=-0.007, max=0.266] m/s^2
[2026-07-08 23:20:43.648] [odom] [warning] gyro_stat wx=-0.019 +- 0.000 [min=-0.020, max=-0.016], wy=0.000 +- 0.002 [min=-0.004, max=0.007], wz=0.001 +- 0.000 [min=0.001, max=0.002] rad/s
[2026-07-08 23:20:44.077] [glim] [info] playback speed: 2.883x
[2026-07-08 23:20:45.739] [odom] [warning] IMU prediction is not good.
[2026-07-08 23:20:45.739] [odom] [warning] Possibly T_lidar_imu is not accurate or IMU bias is not well estimated.
[2026-07-08 23:20:45.739] [odom] [warning] IMU validation results:
[2026-07-08 23:20:45.739] [odom] [warning] num_validations=22848
[2026-07-08 23:20:45.739] [odom] [warning] No-IMU errors rot=0.211 +- 0.258 deg, trans=0.041 +- 0.084 m, vel=0.030 +- 0.063 m/s
[2026-07-08 23:20:45.739] [odom] [warning] IMU errors rot=0.072 +- 0.061 deg, trans=0.047 +- 0.030 m, vel=0.133 +- 0.091 m/s
[2026-07-08 23:20:45.739] [odom] [warning] IMU better ratios rot=0.85, trans=0.02, vel=0.04
[2026-07-08 23:20:46.630] [odom] [warning] IMU bias estimation seems inaccurate.
[2026-07-08 23:20:46.630] [odom] [warning] Possibly T_lidar_imu is not accurate or LiDAR-IMU synchronization is not correct.
[2026-07-08 23:20:46.630] [odom] [warning] IMU bias validation results:
[2026-07-08 23:20:46.630] [odom] [warning] num_bias_validations=23296
[2026-07-08 23:20:46.630] [odom] [warning] bias_acc=[-0.004, -0.606, 0.124] m/s^2, bias_gyro=[-0.020, -0.002, 0.001] rad/s
[2026-07-08 23:20:46.630] [odom] [warning] acc_stat ax=0.308 +- 0.434 [min=-0.650, max=0.980], ay=-0.369 +- 0.433 [min=-1.119, max=0.329], az=0.100 +- 0.075 [min=-0.007, max=0.266] m/s^2
[2026-07-08 23:20:46.630] [odom] [warning] gyro_stat wx=-0.019 +- 0.000 [min=-0.020, max=-0.016], wy=0.000 +- 0.002 [min=-0.004, max=0.007], wz=0.001 +- 0.000 [min=0.001, max=0.002] rad/s
[2026-07-08 23:20:47.248] [odom] [warning] IMU prediction is not good.
[2026-07-08 23:20:47.248] [odom] [warning] Possibly T_lidar_imu is not accurate or IMU bias is not well estimated.
[2026-07-08 23:20:47.248] [odom] [warning] IMU validation results:
[2026-07-08 23:20:47.248] [odom] [warning] num_validations=22912
[2026-07-08 23:20:47.248] [odom] [warning] No-IMU errors rot=0.211 +- 0.258 deg, trans=0.041 +- 0.084 m, vel=0.030 +- 0.063 m/s
[2026-07-08 23:20:47.248] [odom] [warning] IMU errors rot=0.073 +- 0.061 deg, trans=0.047 +- 0.030 m, vel=0.133 +- 0.091 m/s
[2026-07-08 23:20:47.248] [odom] [warning] IMU better ratios rot=0.85, trans=0.02, vel=0.04
[2026-07-08 23:20:47.765] [odom] [warning] IMU bias estimation seems inaccurate.
[2026-07-08 23:20:47.765] [odom] [warning] Possibly T_lidar_imu is not accurate or LiDAR-IMU synchronization is not correct.
[2026-07-08 23:20:47.765] [odom] [warning] IMU bias validation results:
[2026-07-08 23:20:47.765] [odom] [warning] num_bias_validations=23360
[2026-07-08 23:20:47.765] [odom] [warning] bias_acc=[-0.002, -0.592, 0.121] m/s^2, bias_gyro=[-0.020, -0.002, 0.001] rad/s
[2026-07-08 23:20:47.765] [odom] [warning] acc_stat ax=0.307 +- 0.433 [min=-0.650, max=0.980], ay=-0.369 +- 0.432 [min=-1.119, max=0.329], az=0.100 +- 0.075 [min=-0.007, max=0.266] m/s^2
[2026-07-08 23:20:47.765] [odom] [warning] gyro_stat wx=-0.019 +- 0.000 [min=-0.020, max=-0.016], wy=0.000 +- 0.002 [min=-0.004, max=0.007], wz=0.001 +- 0.000 [min=0.001, max=0.002] rad/s
[2026-07-08 23:20:48.798] [odom] [warning] IMU prediction is not good.
[2026-07-08 23:20:48.798] [odom] [warning] Possibly T_lidar_imu is not accurate or IMU bias is not well estimated.
[2026-07-08 23:20:48.798] [odom] [warning] IMU validation results:
[2026-07-08 23:20:48.798] [odom] [warning] num_validations=22976
[2026-07-08 23:20:48.798] [odom] [warning] No-IMU errors rot=0.212 +- 0.258 deg, trans=0.041 +- 0.084 m, vel=0.030 +- 0.063 m/s
[2026-07-08 23:20:48.798] [odom] [warning] IMU errors rot=0.073 +- 0.061 deg, trans=0.047 +- 0.030 m, vel=0.133 +- 0.091 m/s
[2026-07-08 23:20:48.798] [odom] [warning] IMU better ratios rot=0.85, trans=0.02, vel=0.04
[2026-07-08 23:20:49.067] [odom] [warning] IMU bias estimation seems inaccurate.
[2026-07-08 23:20:49.067] [odom] [warning] Possibly T_lidar_imu is not accurate or LiDAR-IMU synchronization is not correct.
[2026-07-08 23:20:49.067] [odom] [warning] IMU bias validation results:
[2026-07-08 23:20:49.067] [odom] [warning] num_bias_validations=23424
[2026-07-08 23:20:49.067] [odom] [warning] bias_acc=[-0.001, -0.580, 0.119] m/s^2, bias_gyro=[-0.019, -0.001, 0.001] rad/s
[2026-07-08 23:20:49.067] [odom] [warning] acc_stat ax=0.307 +- 0.433 [min=-0.650, max=0.980], ay=-0.370 +- 0.432 [min=-1.119, max=0.329], az=0.100 +- 0.075 [min=-0.007, max=0.266] m/s^2
[2026-07-08 23:20:49.067] [odom] [warning] gyro_stat wx=-0.019 +- 0.000 [min=-0.020, max=-0.016], wy=0.000 +- 0.002 [min=-0.004, max=0.007], wz=0.001 +- 0.000 [min=0.001, max=0.002] rad/s
[2026-07-08 23:20:49.087] [glim] [info] playback speed: 3.665x
[2026-07-08 23:20:51.130] [odom] [warning] IMU prediction is not good.
[2026-07-08 23:20:51.130] [odom] [warning] Possibly T_lidar_imu is not accurate or IMU bias is not well estimated.
[2026-07-08 23:20:51.130] [odom] [warning] IMU validation results:
[2026-07-08 23:20:51.130] [odom] [warning] num_validations=23040
[2026-07-08 23:20:51.130] [odom] [warning] No-IMU errors rot=0.212 +- 0.258 deg, trans=0.041 +- 0.084 m, vel=0.030 +- 0.063 m/s
[2026-07-08 23:20:51.130] [odom] [warning] IMU errors rot=0.073 +- 0.061 deg, trans=0.046 +- 0.030 m, vel=0.132 +- 0.091 m/s
[2026-07-08 23:20:51.130] [odom] [warning] IMU better ratios rot=0.85, trans=0.02, vel=0.04
[2026-07-08 23:20:51.994] [odom] [warning] IMU bias estimation seems inaccurate.
[2026-07-08 23:20:51.994] [odom] [warning] Possibly T_lidar_imu is not accurate or LiDAR-IMU synchronization is not correct.
[2026-07-08 23:20:51.994] [odom] [warning] IMU bias validation results:
[2026-07-08 23:20:51.994] [odom] [warning] num_bias_validations=23488
[2026-07-08 23:20:51.994] [odom] [warning] bias_acc=[-0.001, -0.565, 0.117] m/s^2, bias_gyro=[-0.019, -0.001, 0.001] rad/s
[2026-07-08 23:20:51.994] [odom] [warning] acc_stat ax=0.306 +- 0.433 [min=-0.650, max=0.980], ay=-0.371 +- 0.432 [min=-1.119, max=0.329], az=0.100 +- 0.075 [min=-0.007, max=0.266] m/s^2
[2026-07-08 23:20:51.994] [odom] [warning] gyro_stat wx=-0.019 +- 0.000 [min=-0.020, max=-0.016], wy=0.000 +- 0.002 [min=-0.004, max=0.007], wz=0.001 +- 0.000 [min=0.001, max=0.002] rad/s
[2026-07-08 23:20:52.491] [odom] [warning] IMU prediction is not good.
[2026-07-08 23:20:52.492] [odom] [warning] Possibly T_lidar_imu is not accurate or IMU bias is not well estimated.
[2026-07-08 23:20:52.492] [odom] [warning] IMU validation results:
[2026-07-08 23:20:52.492] [odom] [warning] num_validations=23104
[2026-07-08 23:20:52.492] [odom] [warning] No-IMU errors rot=0.211 +- 0.258 deg, trans=0.041 +- 0.084 m, vel=0.030 +- 0.063 m/s
[2026-07-08 23:20:52.492] [odom] [warning] IMU errors rot=0.073 +- 0.061 deg, trans=0.046 +- 0.030 m, vel=0.132 +- 0.091 m/s
[2026-07-08 23:20:52.492] [odom] [warning] IMU better ratios rot=0.85, trans=0.02, vel=0.04
[2026-07-08 23:20:52.988] [odom] [warning] IMU bias estimation seems inaccurate.
[2026-07-08 23:20:52.988] [odom] [warning] Possibly T_lidar_imu is not accurate or LiDAR-IMU synchronization is not correct.
[2026-07-08 23:20:52.988] [odom] [warning] IMU bias validation results:
[2026-07-08 23:20:52.988] [odom] [warning] num_bias_validations=23552
[2026-07-08 23:20:52.988] [odom] [warning] bias_acc=[0.001, -0.550, 0.115] m/s^2, bias_gyro=[-0.019, -0.001, 0.001] rad/s
[2026-07-08 23:20:52.988] [odom] [warning] acc_stat ax=0.305 +- 0.432 [min=-0.650, max=0.980], ay=-0.371 +- 0.431 [min=-1.119, max=0.329], az=0.100 +- 0.075 [min=-0.007, max=0.266] m/s^2
[2026-07-08 23:20:52.988] [odom] [warning] gyro_stat wx=-0.019 +- 0.000 [min=-0.020, max=-0.016], wy=0.000 +- 0.002 [min=-0.004, max=0.007], wz=0.001 +- 0.000 [min=0.001, max=0.002] rad/s
[2026-07-08 23:20:54.089] [glim] [info] playback speed: 3.123x
[2026-07-08 23:20:54.536] [odom] [warning] IMU prediction is not good.
[2026-07-08 23:20:54.536] [odom] [warning] Possibly T_lidar_imu is not accurate or IMU bias is not well estimated.
[2026-07-08 23:20:54.536] [odom] [warning] IMU validation results:
[2026-07-08 23:20:54.536] [odom] [warning] num_validations=23168
[2026-07-08 23:20:54.536] [odom] [warning] No-IMU errors rot=0.212 +- 0.258 deg, trans=0.041 +- 0.084 m, vel=0.030 +- 0.063 m/s
[2026-07-08 23:20:54.536] [odom] [warning] IMU errors rot=0.073 +- 0.061 deg, trans=0.046 +- 0.030 m, vel=0.132 +- 0.091 m/s
[2026-07-08 23:20:54.536] [odom] [warning] IMU better ratios rot=0.85, trans=0.02, vel=0.04
[2026-07-08 23:20:54.698] [odom] [warning] IMU bias estimation seems inaccurate.
[2026-07-08 23:20:54.698] [odom] [warning] Possibly T_lidar_imu is not accurate or LiDAR-IMU synchronization is not correct.
[2026-07-08 23:20:54.698] [odom] [warning] IMU bias validation results:
[2026-07-08 23:20:54.698] [odom] [warning] num_bias_validations=23616
[2026-07-08 23:20:54.698] [odom] [warning] bias_acc=[0.007, -0.538, 0.113] m/s^2, bias_gyro=[-0.019, -0.001, 0.001] rad/s
[2026-07-08 23:20:54.698] [odom] [warning] acc_stat ax=0.304 +- 0.432 [min=-0.650, max=0.980], ay=-0.371 +- 0.431 [min=-1.119, max=0.329], az=0.100 +- 0.075 [min=-0.007, max=0.266] m/s^2
[2026-07-08 23:20:54.698] [odom] [warning] gyro_stat wx=-0.019 +- 0.000 [min=-0.020, max=-0.016], wy=0.000 +- 0.002 [min=-0.004, max=0.007], wz=0.001 +- 0.000 [min=0.001, max=0.002] rad/s
[2026-07-08 23:20:56.456] [odom] [warning] IMU prediction is not good.
[2026-07-08 23:20:56.456] [odom] [warning] Possibly T_lidar_imu is not accurate or IMU bias is not well estimated.
[2026-07-08 23:20:56.456] [odom] [warning] IMU validation results:
[2026-07-08 23:20:56.456] [odom] [warning] num_validations=23232
[2026-07-08 23:20:56.456] [odom] [warning] No-IMU errors rot=0.212 +- 0.259 deg, trans=0.041 +- 0.084 m, vel=0.030 +- 0.063 m/s
[2026-07-08 23:20:56.456] [odom] [warning] IMU errors rot=0.073 +- 0.061 deg, trans=0.046 +- 0.030 m, vel=0.132 +- 0.091 m/s
[2026-07-08 23:20:56.456] [odom] [warning] IMU better ratios rot=0.85, trans=0.02, vel=0.04
[2026-07-08 23:20:56.916] [odom] [warning] IMU bias estimation seems inaccurate.
[2026-07-08 23:20:56.916] [odom] [warning] Possibly T_lidar_imu is not accurate or LiDAR-IMU synchronization is not correct.
[2026-07-08 23:20:56.916] [odom] [warning] IMU bias validation results:
[2026-07-08 23:20:56.916] [odom] [warning] num_bias_validations=23680
[2026-07-08 23:20:56.916] [odom] [warning] bias_acc=[0.006, -0.527, 0.111] m/s^2, bias_gyro=[-0.019, 0.000, 0.001] rad/s
[2026-07-08 23:20:56.916] [odom] [warning] acc_stat ax=0.303 +- 0.432 [min=-0.650, max=0.980], ay=-0.372 +- 0.430 [min=-1.119, max=0.329], az=0.100 +- 0.074 [min=-0.007, max=0.266] m/s^2
[2026-07-08 23:20:56.916] [odom] [warning] gyro_stat wx=-0.019 +- 0.000 [min=-0.020, max=-0.016], wy=0.000 +- 0.002 [min=-0.004, max=0.007], wz=0.001 +- 0.000 [min=0.001, max=0.002] rad/s
[2026-07-08 23:20:58.141] [odom] [warning] IMU bias estimation seems inaccurate.
[2026-07-08 23:20:58.141] [odom] [warning] Possibly T_lidar_imu is not accurate or LiDAR-IMU synchronization is not correct.
[2026-07-08 23:20:58.141] [odom] [warning] IMU bias validation results:
[2026-07-08 23:20:58.141] [odom] [warning] num_bias_validations=23744
[2026-07-08 23:20:58.141] [odom] [warning] bias_acc=[0.006, -0.515, 0.109] m/s^2, bias_gyro=[-0.019, 0.000, 0.001] rad/s
[2026-07-08 23:20:58.141] [odom] [warning] acc_stat ax=0.302 +- 0.431 [min=-0.650, max=0.980], ay=-0.372 +- 0.430 [min=-1.119, max=0.329], az=0.100 +- 0.074 [min=-0.007, max=0.266] m/s^2
[2026-07-08 23:20:58.141] [odom] [warning] gyro_stat wx=-0.019 +- 0.000 [min=-0.020, max=-0.016], wy=0.000 +- 0.002 [min=-0.004, max=0.007], wz=0.001 +- 0.000 [min=0.001, max=0.002] rad/s
[2026-07-08 23:20:59.109] [glim] [info] playback speed: 3.799x
[2026-07-08 23:20:59.111] [odom] [warning] IMU prediction is not good.
[2026-07-08 23:20:59.111] [odom] [warning] Possibly T_lidar_imu is not accurate or IMU bias is not well estimated.
[2026-07-08 23:20:59.111] [odom] [warning] IMU validation results:
[2026-07-08 23:20:59.111] [odom] [warning] num_validations=23296
[2026-07-08 23:20:59.111] [odom] [warning] No-IMU errors rot=0.212 +- 0.259 deg, trans=0.040 +- 0.084 m, vel=0.030 +- 0.063 m/s
[2026-07-08 23:20:59.111] [odom] [warning] IMU errors rot=0.073 +- 0.061 deg, trans=0.046 +- 0.030 m, vel=0.131 +- 0.091 m/s
[2026-07-08 23:20:59.111] [odom] [warning] IMU better ratios rot=0.85, trans=0.02, vel=0.04
[2026-07-08 23:21:01.430] [odom] [warning] IMU bias estimation seems inaccurate.
[2026-07-08 23:21:01.430] [odom] [warning] Possibly T_lidar_imu is not accurate or LiDAR-IMU synchronization is not correct.
[2026-07-08 23:21:01.430] [odom] [warning] IMU bias validation results:
[2026-07-08 23:21:01.430] [odom] [warning] num_bias_validations=23808
[2026-07-08 23:21:01.430] [odom] [warning] bias_acc=[0.006, -0.503, 0.107] m/s^2, bias_gyro=[-0.019, -0.000, 0.001] rad/s
[2026-07-08 23:21:01.430] [odom] [warning] acc_stat ax=0.302 +- 0.431 [min=-0.650, max=0.980], ay=-0.373 +- 0.429 [min=-1.119, max=0.329], az=0.100 +- 0.074 [min=-0.007, max=0.266] m/s^2
[2026-07-08 23:21:01.430] [odom] [warning] gyro_stat wx=-0.019 +- 0.000 [min=-0.020, max=-0.016], wy=0.000 +- 0.002 [min=-0.004, max=0.007], wz=0.001 +- 0.000 [min=0.001, max=0.002] rad/s
[2026-07-08 23:21:02.381] [odom] [warning] IMU prediction is not good.
[2026-07-08 23:21:02.381] [odom] [warning] Possibly T_lidar_imu is not accurate or IMU bias is not well estimated.
[2026-07-08 23:21:02.381] [odom] [warning] IMU validation results:
[2026-07-08 23:21:02.381] [odom] [warning] num_validations=23360
[2026-07-08 23:21:02.381] [odom] [warning] No-IMU errors rot=0.212 +- 0.259 deg, trans=0.040 +- 0.084 m, vel=0.030 +- 0.063 m/s
[2026-07-08 23:21:02.381] [odom] [warning] IMU errors rot=0.073 +- 0.061 deg, trans=0.046 +- 0.030 m, vel=0.131 +- 0.091 m/s
[2026-07-08 23:21:02.381] [odom] [warning] IMU better ratios rot=0.85, trans=0.02, vel=0.04
[2026-07-08 23:21:04.154] [glim] [info] playback speed: 1.991x
[2026-07-08 23:21:04.738] [odom] [warning] IMU prediction is not good.
[2026-07-08 23:21:04.738] [odom] [warning] Possibly T_lidar_imu is not accurate or IMU bias is not well estimated.
[2026-07-08 23:21:04.738] [odom] [warning] IMU validation results:
[2026-07-08 23:21:04.738] [odom] [warning] num_validations=23424
[2026-07-08 23:21:04.738] [odom] [warning] No-IMU errors rot=0.212 +- 0.259 deg, trans=0.040 +- 0.084 m, vel=0.030 +- 0.063 m/s
[2026-07-08 23:21:04.738] [odom] [warning] IMU errors rot=0.073 +- 0.061 deg, trans=0.046 +- 0.030 m, vel=0.131 +- 0.091 m/s
[2026-07-08 23:21:04.738] [odom] [warning] IMU better ratios rot=0.85, trans=0.02, vel=0.04
[2026-07-08 23:21:06.355] [odom] [warning] IMU prediction is not good.
[2026-07-08 23:21:06.355] [odom] [warning] Possibly T_lidar_imu is not accurate or IMU bias is not well estimated.
[2026-07-08 23:21:06.355] [odom] [warning] IMU validation results:
[2026-07-08 23:21:06.355] [odom] [warning] num_validations=23488
[2026-07-08 23:21:06.355] [odom] [warning] No-IMU errors rot=0.212 +- 0.258 deg, trans=0.040 +- 0.083 m, vel=0.030 +- 0.062 m/s
[2026-07-08 23:21:06.355] [odom] [warning] IMU errors rot=0.072 +- 0.061 deg, trans=0.046 +- 0.030 m, vel=0.131 +- 0.091 m/s
[2026-07-08 23:21:06.355] [odom] [warning] IMU better ratios rot=0.85, trans=0.02, vel=0.04
[2026-07-08 23:21:07.774] [odom] [warning] IMU prediction is not good.
[2026-07-08 23:21:07.774] [odom] [warning] Possibly T_lidar_imu is not accurate or IMU bias is not well estimated.
[2026-07-08 23:21:07.774] [odom] [warning] IMU validation results:
[2026-07-08 23:21:07.774] [odom] [warning] num_validations=23552
[2026-07-08 23:21:07.774] [odom] [warning] No-IMU errors rot=0.212 +- 0.258 deg, trans=0.040 +- 0.083 m, vel=0.030 +- 0.062 m/s
[2026-07-08 23:21:07.774] [odom] [warning] IMU errors rot=0.072 +- 0.061 deg, trans=0.046 +- 0.030 m, vel=0.130 +- 0.091 m/s
[2026-07-08 23:21:07.774] [odom] [warning] IMU better ratios rot=0.85, trans=0.02, vel=0.04
[2026-07-08 23:21:09.155] [glim] [info] playback speed: 4.077x
[2026-07-08 23:21:10.146] [odom] [warning] IMU prediction is not good.
[2026-07-08 23:21:10.146] [odom] [warning] Possibly T_lidar_imu is not accurate or IMU bias is not well estimated.
[2026-07-08 23:21:10.146] [odom] [warning] IMU validation results:
[2026-07-08 23:21:10.146] [odom] [warning] num_validations=23616
[2026-07-08 23:21:10.146] [odom] [warning] No-IMU errors rot=0.212 +- 0.258 deg, trans=0.040 +- 0.083 m, vel=0.030 +- 0.062 m/s
[2026-07-08 23:21:10.146] [odom] [warning] IMU errors rot=0.072 +- 0.061 deg, trans=0.046 +- 0.030 m, vel=0.130 +- 0.091 m/s
[2026-07-08 23:21:10.146] [odom] [warning] IMU better ratios rot=0.85, trans=0.02, vel=0.04
[2026-07-08 23:21:11.739] [odom] [warning] IMU prediction is not good.
[2026-07-08 23:21:11.739] [odom] [warning] Possibly T_lidar_imu is not accurate or IMU bias is not well estimated.
[2026-07-08 23:21:11.739] [odom] [warning] IMU validation results:
[2026-07-08 23:21:11.739] [odom] [warning] num_validations=23680
[2026-07-08 23:21:11.739] [odom] [warning] No-IMU errors rot=0.211 +- 0.257 deg, trans=0.040 +- 0.083 m, vel=0.030 +- 0.062 m/s
[2026-07-08 23:21:11.739] [odom] [warning] IMU errors rot=0.072 +- 0.060 deg, trans=0.046 +- 0.030 m, vel=0.130 +- 0.091 m/s
[2026-07-08 23:21:11.739] [odom] [warning] IMU better ratios rot=0.85, trans=0.02, vel=0.05
[2026-07-08 23:21:13.543] [odom] [warning] IMU prediction is not good.
[2026-07-08 23:21:13.543] [odom] [warning] Possibly T_lidar_imu is not accurate or IMU bias is not well estimated.
[2026-07-08 23:21:13.543] [odom] [warning] IMU validation results:
[2026-07-08 23:21:13.543] [odom] [warning] num_validations=23744
[2026-07-08 23:21:13.543] [odom] [warning] No-IMU errors rot=0.212 +- 0.258 deg, trans=0.040 +- 0.083 m, vel=0.030 +- 0.062 m/s
[2026-07-08 23:21:13.543] [odom] [warning] IMU errors rot=0.072 +- 0.060 deg, trans=0.045 +- 0.030 m, vel=0.130 +- 0.091 m/s
[2026-07-08 23:21:13.543] [odom] [warning] IMU better ratios rot=0.85, trans=0.02, vel=0.05
[2026-07-08 23:21:14.158] [glim] [info] playback speed: 3.569x
[2026-07-08 23:21:15.883] [odom] [warning] IMU prediction is not good.
[2026-07-08 23:21:15.883] [odom] [warning] Possibly T_lidar_imu is not accurate or IMU bias is not well estimated.
[2026-07-08 23:21:15.883] [odom] [warning] IMU validation results:
[2026-07-08 23:21:15.883] [odom] [warning] num_validations=23808
[2026-07-08 23:21:15.883] [odom] [warning] No-IMU errors rot=0.212 +- 0.260 deg, trans=0.040 +- 0.083 m, vel=0.030 +- 0.062 m/s
[2026-07-08 23:21:15.883] [odom] [warning] IMU errors rot=0.073 +- 0.061 deg, trans=0.045 +- 0.030 m, vel=0.129 +- 0.091 m/s
[2026-07-08 23:21:15.883] [odom] [warning] IMU better ratios rot=0.85, trans=0.02, vel=0.05
[2026-07-08 23:21:18.885] [odom] [warning] IMU prediction is not good.
[2026-07-08 23:21:18.885] [odom] [warning] Possibly T_lidar_imu is not accurate or IMU bias is not well estimated.
[2026-07-08 23:21:18.885] [odom] [warning] IMU validation results:
[2026-07-08 23:21:18.885] [odom] [warning] num_validations=23872
[2026-07-08 23:21:18.885] [odom] [warning] No-IMU errors rot=0.214 +- 0.262 deg, trans=0.040 +- 0.083 m, vel=0.030 +- 0.062 m/s
[2026-07-08 23:21:18.885] [odom] [warning] IMU errors rot=0.073 +- 0.061 deg, trans=0.045 +- 0.030 m, vel=0.129 +- 0.091 m/s
[2026-07-08 23:21:18.885] [odom] [warning] IMU better ratios rot=0.85, trans=0.02, vel=0.05
[2026-07-08 23:21:19.200] [glim] [info] playback speed: 2.173x
[2026-07-08 23:21:21.699] [odom] [warning] IMU prediction is not good.
[2026-07-08 23:21:21.699] [odom] [warning] Possibly T_lidar_imu is not accurate or IMU bias is not well estimated.
[2026-07-08 23:21:21.699] [odom] [warning] IMU validation results:
[2026-07-08 23:21:21.699] [odom] [warning] num_validations=23936
[2026-07-08 23:21:21.699] [odom] [warning] No-IMU errors rot=0.214 +- 0.262 deg, trans=0.040 +- 0.083 m, vel=0.030 +- 0.062 m/s
[2026-07-08 23:21:21.699] [odom] [warning] IMU errors rot=0.073 +- 0.061 deg, trans=0.045 +- 0.030 m, vel=0.129 +- 0.091 m/s
[2026-07-08 23:21:21.699] [odom] [warning] IMU better ratios rot=0.85, trans=0.02, vel=0.05
[2026-07-08 23:21:23.673] [odom] [warning] IMU prediction is not good.
[2026-07-08 23:21:23.673] [odom] [warning] Possibly T_lidar_imu is not accurate or IMU bias is not well estimated.
[2026-07-08 23:21:23.673] [odom] [warning] IMU validation results:
[2026-07-08 23:21:23.673] [odom] [warning] num_validations=24000
[2026-07-08 23:21:23.673] [odom] [warning] No-IMU errors rot=0.213 +- 0.262 deg, trans=0.040 +- 0.083 m, vel=0.030 +- 0.062 m/s
[2026-07-08 23:21:23.673] [odom] [warning] IMU errors rot=0.073 +- 0.061 deg, trans=0.045 +- 0.030 m, vel=0.129 +- 0.091 m/s
[2026-07-08 23:21:23.673] [odom] [warning] IMU better ratios rot=0.85, trans=0.02, vel=0.05
[2026-07-08 23:21:24.200] [glim] [info] playback speed: 2.840x
[2026-07-08 23:21:25.435] [odom] [warning] IMU prediction is not good.
[2026-07-08 23:21:25.435] [odom] [warning] Possibly T_lidar_imu is not accurate or IMU bias is not well estimated.
[2026-07-08 23:21:25.435] [odom] [warning] IMU validation results:
[2026-07-08 23:21:25.435] [odom] [warning] num_validations=24064
[2026-07-08 23:21:25.435] [odom] [warning] No-IMU errors rot=0.213 +- 0.261 deg, trans=0.040 +- 0.082 m, vel=0.030 +- 0.062 m/s
[2026-07-08 23:21:25.435] [odom] [warning] IMU errors rot=0.073 +- 0.061 deg, trans=0.045 +- 0.030 m, vel=0.129 +- 0.091 m/s
[2026-07-08 23:21:25.435] [odom] [warning] IMU better ratios rot=0.85, trans=0.02, vel=0.05
[2026-07-08 23:21:27.536] [odom] [warning] IMU prediction is not good.
[2026-07-08 23:21:27.536] [odom] [warning] Possibly T_lidar_imu is not accurate or IMU bias is not well estimated.
[2026-07-08 23:21:27.536] [odom] [warning] IMU validation results:
[2026-07-08 23:21:27.536] [odom] [warning] num_validations=24128
[2026-07-08 23:21:27.536] [odom] [warning] No-IMU errors rot=0.213 +- 0.261 deg, trans=0.040 +- 0.082 m, vel=0.030 +- 0.062 m/s
[2026-07-08 23:21:27.536] [odom] [warning] IMU errors rot=0.073 +- 0.061 deg, trans=0.045 +- 0.030 m, vel=0.129 +- 0.091 m/s
[2026-07-08 23:21:27.536] [odom] [warning] IMU better ratios rot=0.85, trans=0.02, vel=0.05
[2026-07-08 23:21:29.208] [glim] [info] playback speed: 3.119x
[2026-07-08 23:21:30.300] [odom] [warning] IMU prediction is not good.
[2026-07-08 23:21:30.300] [odom] [warning] Possibly T_lidar_imu is not accurate or IMU bias is not well estimated.
[2026-07-08 23:21:30.300] [odom] [warning] IMU validation results:
[2026-07-08 23:21:30.300] [odom] [warning] num_validations=24192
[2026-07-08 23:21:30.300] [odom] [warning] No-IMU errors rot=0.213 +- 0.261 deg, trans=0.040 +- 0.082 m, vel=0.030 +- 0.062 m/s
[2026-07-08 23:21:30.300] [odom] [warning] IMU errors rot=0.073 +- 0.061 deg, trans=0.045 +- 0.030 m, vel=0.129 +- 0.090 m/s
[2026-07-08 23:21:30.300] [odom] [warning] IMU better ratios rot=0.85, trans=0.02, vel=0.05
[2026-07-08 23:21:33.640] [odom] [warning] IMU prediction is not good.
[2026-07-08 23:21:33.640] [odom] [warning] Possibly T_lidar_imu is not accurate or IMU bias is not well estimated.
[2026-07-08 23:21:33.641] [odom] [warning] IMU validation results:
[2026-07-08 23:21:33.641] [odom] [warning] num_validations=24256
[2026-07-08 23:21:33.641] [odom] [warning] No-IMU errors rot=0.213 +- 0.261 deg, trans=0.040 +- 0.082 m, vel=0.030 +- 0.062 m/s
[2026-07-08 23:21:33.641] [odom] [warning] IMU errors rot=0.073 +- 0.061 deg, trans=0.045 +- 0.030 m, vel=0.129 +- 0.090 m/s
[2026-07-08 23:21:33.641] [odom] [warning] IMU better ratios rot=0.85, trans=0.02, vel=0.05
[2026-07-08 23:21:34.220] [glim] [info] playback speed: 2.125x
[2026-07-08 23:21:35.741] [odom] [warning] IMU prediction is not good.
[2026-07-08 23:21:35.741] [odom] [warning] Possibly T_lidar_imu is not accurate or IMU bias is not well estimated.
[2026-07-08 23:21:35.741] [odom] [warning] IMU validation results:
[2026-07-08 23:21:35.741] [odom] [warning] num_validations=24320
[2026-07-08 23:21:35.741] [odom] [warning] No-IMU errors rot=0.213 +- 0.260 deg, trans=0.040 +- 0.082 m, vel=0.030 +- 0.061 m/s
[2026-07-08 23:21:35.741] [odom] [warning] IMU errors rot=0.073 +- 0.061 deg, trans=0.045 +- 0.030 m, vel=0.129 +- 0.090 m/s
[2026-07-08 23:21:35.741] [odom] [warning] IMU better ratios rot=0.85, trans=0.02, vel=0.05
[2026-07-08 23:21:38.411] [odom] [warning] IMU prediction is not good.
[2026-07-08 23:21:38.411] [odom] [warning] Possibly T_lidar_imu is not accurate or IMU bias is not well estimated.
[2026-07-08 23:21:38.411] [odom] [warning] IMU validation results:
[2026-07-08 23:21:38.411] [odom] [warning] num_validations=24384
[2026-07-08 23:21:38.411] [odom] [warning] No-IMU errors rot=0.213 +- 0.260 deg, trans=0.040 +- 0.082 m, vel=0.030 +- 0.061 m/s
[2026-07-08 23:21:38.411] [odom] [warning] IMU errors rot=0.073 +- 0.061 deg, trans=0.045 +- 0.030 m, vel=0.129 +- 0.090 m/s
[2026-07-08 23:21:38.411] [odom] [warning] IMU better ratios rot=0.85, trans=0.02, vel=0.05
[2026-07-08 23:21:39.220] [glim] [info] playback speed: 2.719x
[2026-07-08 23:21:40.798] [odom] [warning] IMU prediction is not good.
[2026-07-08 23:21:40.798] [odom] [warning] Possibly T_lidar_imu is not accurate or IMU bias is not well estimated.
[2026-07-08 23:21:40.798] [odom] [warning] IMU validation results:
[2026-07-08 23:21:40.798] [odom] [warning] num_validations=24448
[2026-07-08 23:21:40.798] [odom] [warning] No-IMU errors rot=0.213 +- 0.260 deg, trans=0.040 +- 0.082 m, vel=0.030 +- 0.061 m/s
[2026-07-08 23:21:40.798] [odom] [warning] IMU errors rot=0.073 +- 0.061 deg, trans=0.045 +- 0.030 m, vel=0.129 +- 0.090 m/s
[2026-07-08 23:21:40.798] [odom] [warning] IMU better ratios rot=0.85, trans=0.02, vel=0.05
[2026-07-08 23:21:44.270] [glim] [info] playback speed: 1.888x
[2026-07-08 23:21:44.637] [odom] [warning] IMU prediction is not good.
[2026-07-08 23:21:44.638] [odom] [warning] Possibly T_lidar_imu is not accurate or IMU bias is not well estimated.
[2026-07-08 23:21:44.638] [odom] [warning] IMU validation results:
[2026-07-08 23:21:44.638] [odom] [warning] num_validations=24512
[2026-07-08 23:21:44.638] [odom] [warning] No-IMU errors rot=0.212 +- 0.259 deg, trans=0.040 +- 0.082 m, vel=0.030 +- 0.061 m/s
[2026-07-08 23:21:44.638] [odom] [warning] IMU errors rot=0.073 +- 0.061 deg, trans=0.045 +- 0.030 m, vel=0.129 +- 0.090 m/s
[2026-07-08 23:21:44.638] [odom] [warning] IMU better ratios rot=0.85, trans=0.02, vel=0.05
[2026-07-08 23:21:45.879] [odom] [warning] IMU prediction is not good.
[2026-07-08 23:21:45.879] [odom] [warning] Possibly T_lidar_imu is not accurate or IMU bias is not well estimated.
[2026-07-08 23:21:45.879] [odom] [warning] IMU validation results:
[2026-07-08 23:21:45.879] [odom] [warning] num_validations=24576
[2026-07-08 23:21:45.879] [odom] [warning] No-IMU errors rot=0.212 +- 0.259 deg, trans=0.040 +- 0.082 m, vel=0.030 +- 0.061 m/s
[2026-07-08 23:21:45.879] [odom] [warning] IMU errors rot=0.073 +- 0.061 deg, trans=0.045 +- 0.030 m, vel=0.129 +- 0.090 m/s
[2026-07-08 23:21:45.879] [odom] [warning] IMU better ratios rot=0.85, trans=0.02, vel=0.04
[2026-07-08 23:21:48.599] [odom] [warning] IMU prediction is not good.
[2026-07-08 23:21:48.599] [odom] [warning] Possibly T_lidar_imu is not accurate or IMU bias is not well estimated.
[2026-07-08 23:21:48.599] [odom] [warning] IMU validation results:
[2026-07-08 23:21:48.599] [odom] [warning] num_validations=24640
[2026-07-08 23:21:48.599] [odom] [warning] No-IMU errors rot=0.212 +- 0.259 deg, trans=0.040 +- 0.082 m, vel=0.030 +- 0.061 m/s
[2026-07-08 23:21:48.599] [odom] [warning] IMU errors rot=0.073 +- 0.061 deg, trans=0.045 +- 0.030 m, vel=0.129 +- 0.090 m/s
[2026-07-08 23:21:48.599] [odom] [warning] IMU better ratios rot=0.85, trans=0.02, vel=0.04
[2026-07-08 23:21:49.288] [glim] [info] playback speed: 3.336x
[2026-07-08 23:21:50.247] [odom] [warning] IMU prediction is not good.
[2026-07-08 23:21:50.247] [odom] [warning] Possibly T_lidar_imu is not accurate or IMU bias is not well estimated.
[2026-07-08 23:21:50.247] [odom] [warning] IMU validation results:
[2026-07-08 23:21:50.247] [odom] [warning] num_validations=24704
[2026-07-08 23:21:50.247] [odom] [warning] No-IMU errors rot=0.212 +- 0.259 deg, trans=0.040 +- 0.081 m, vel=0.030 +- 0.061 m/s
[2026-07-08 23:21:50.247] [odom] [warning] IMU errors rot=0.072 +- 0.061 deg, trans=0.045 +- 0.030 m, vel=0.129 +- 0.090 m/s
[2026-07-08 23:21:50.247] [odom] [warning] IMU better ratios rot=0.85, trans=0.02, vel=0.04
[2026-07-08 23:21:52.276] [odom] [warning] IMU prediction is not good.
[2026-07-08 23:21:52.276] [odom] [warning] Possibly T_lidar_imu is not accurate or IMU bias is not well estimated.
[2026-07-08 23:21:52.276] [odom] [warning] IMU validation results:
[2026-07-08 23:21:52.276] [odom] [warning] num_validations=24768
[2026-07-08 23:21:52.276] [odom] [warning] No-IMU errors rot=0.212 +- 0.259 deg, trans=0.040 +- 0.081 m, vel=0.030 +- 0.061 m/s
[2026-07-08 23:21:52.276] [odom] [warning] IMU errors rot=0.072 +- 0.061 deg, trans=0.045 +- 0.030 m, vel=0.129 +- 0.090 m/s
[2026-07-08 23:21:52.276] [odom] [warning] IMU better ratios rot=0.85, trans=0.02, vel=0.04
[2026-07-08 23:21:53.968] [odom] [warning] IMU prediction is not good.
[2026-07-08 23:21:53.968] [odom] [warning] Possibly T_lidar_imu is not accurate or IMU bias is not well estimated.
[2026-07-08 23:21:53.968] [odom] [warning] IMU validation results:
[2026-07-08 23:21:53.968] [odom] [warning] num_validations=24832
[2026-07-08 23:21:53.968] [odom] [warning] No-IMU errors rot=0.212 +- 0.258 deg, trans=0.040 +- 0.081 m, vel=0.030 +- 0.061 m/s
[2026-07-08 23:21:53.968] [odom] [warning] IMU errors rot=0.072 +- 0.061 deg, trans=0.045 +- 0.030 m, vel=0.129 +- 0.089 m/s
[2026-07-08 23:21:53.968] [odom] [warning] IMU better ratios rot=0.85, trans=0.02, vel=0.04
[2026-07-08 23:21:54.307] [glim] [info] playback speed: 3.375x
[2026-07-08 23:21:56.408] [odom] [warning] IMU prediction is not good.
[2026-07-08 23:21:56.408] [odom] [warning] Possibly T_lidar_imu is not accurate or IMU bias is not well estimated.
[2026-07-08 23:21:56.408] [odom] [warning] IMU validation results:
[2026-07-08 23:21:56.408] [odom] [warning] num_validations=24896
[2026-07-08 23:21:56.408] [odom] [warning] No-IMU errors rot=0.212 +- 0.258 deg, trans=0.040 +- 0.081 m, vel=0.030 +- 0.061 m/s
[2026-07-08 23:21:56.408] [odom] [warning] IMU errors rot=0.072 +- 0.060 deg, trans=0.045 +- 0.029 m, vel=0.129 +- 0.089 m/s
[2026-07-08 23:21:56.408] [odom] [warning] IMU better ratios rot=0.85, trans=0.02, vel=0.04
[2026-07-08 23:21:59.340] [glim] [info] playback speed: 2.338x
[2026-07-08 23:21:59.718] [odom] [warning] IMU prediction is not good.
[2026-07-08 23:21:59.718] [odom] [warning] Possibly T_lidar_imu is not accurate or IMU bias is not well estimated.
[2026-07-08 23:21:59.718] [odom] [warning] IMU validation results:
[2026-07-08 23:21:59.718] [odom] [warning] num_validations=24960
[2026-07-08 23:21:59.718] [odom] [warning] No-IMU errors rot=0.211 +- 0.258 deg, trans=0.040 +- 0.081 m, vel=0.030 +- 0.061 m/s
[2026-07-08 23:21:59.718] [odom] [warning] IMU errors rot=0.072 +- 0.060 deg, trans=0.045 +- 0.029 m, vel=0.128 +- 0.089 m/s
[2026-07-08 23:21:59.718] [odom] [warning] IMU better ratios rot=0.85, trans=0.02, vel=0.04
[2026-07-08 23:22:01.228] [odom] [warning] IMU prediction is not good.
[2026-07-08 23:22:01.228] [odom] [warning] Possibly T_lidar_imu is not accurate or IMU bias is not well estimated.
[2026-07-08 23:22:01.228] [odom] [warning] IMU validation results:
[2026-07-08 23:22:01.228] [odom] [warning] num_validations=25024
[2026-07-08 23:22:01.228] [odom] [warning] No-IMU errors rot=0.211 +- 0.258 deg, trans=0.039 +- 0.081 m, vel=0.030 +- 0.061 m/s
[2026-07-08 23:22:01.228] [odom] [warning] IMU errors rot=0.073 +- 0.060 deg, trans=0.045 +- 0.029 m, vel=0.128 +- 0.089 m/s
[2026-07-08 23:22:01.228] [odom] [warning] IMU better ratios rot=0.85, trans=0.02, vel=0.04
[2026-07-08 23:22:04.378] [glim] [info] playback speed: 2.678x
[2026-07-08 23:22:04.401] [odom] [warning] IMU prediction is not good.
[2026-07-08 23:22:04.401] [odom] [warning] Possibly T_lidar_imu is not accurate or IMU bias is not well estimated.
[2026-07-08 23:22:04.401] [odom] [warning] IMU validation results:
[2026-07-08 23:22:04.401] [odom] [warning] num_validations=25088
[2026-07-08 23:22:04.401] [odom] [warning] No-IMU errors rot=0.211 +- 0.257 deg, trans=0.039 +- 0.081 m, vel=0.030 +- 0.061 m/s
[2026-07-08 23:22:04.401] [odom] [warning] IMU errors rot=0.072 +- 0.060 deg, trans=0.045 +- 0.029 m, vel=0.128 +- 0.089 m/s
[2026-07-08 23:22:04.401] [odom] [warning] IMU better ratios rot=0.85, trans=0.02, vel=0.04
[2026-07-08 23:22:06.636] [odom] [warning] IMU prediction is not good.
[2026-07-08 23:22:06.636] [odom] [warning] Possibly T_lidar_imu is not accurate or IMU bias is not well estimated.
[2026-07-08 23:22:06.636] [odom] [warning] IMU validation results:
[2026-07-08 23:22:06.636] [odom] [warning] num_validations=25152
[2026-07-08 23:22:06.636] [odom] [warning] No-IMU errors rot=0.211 +- 0.257 deg, trans=0.039 +- 0.081 m, vel=0.030 +- 0.060 m/s
[2026-07-08 23:22:06.636] [odom] [warning] IMU errors rot=0.072 +- 0.060 deg, trans=0.045 +- 0.029 m, vel=0.128 +- 0.089 m/s
[2026-07-08 23:22:06.636] [odom] [warning] IMU better ratios rot=0.85, trans=0.02, vel=0.04
[2026-07-08 23:22:08.950] [odom] [warning] IMU prediction is not good.
[2026-07-08 23:22:08.950] [odom] [warning] Possibly T_lidar_imu is not accurate or IMU bias is not well estimated.
[2026-07-08 23:22:08.950] [odom] [warning] IMU validation results:
[2026-07-08 23:22:08.950] [odom] [warning] num_validations=25216
[2026-07-08 23:22:08.950] [odom] [warning] No-IMU errors rot=0.211 +- 0.257 deg, trans=0.039 +- 0.081 m, vel=0.030 +- 0.060 m/s
[2026-07-08 23:22:08.950] [odom] [warning] IMU errors rot=0.072 +- 0.060 deg, trans=0.045 +- 0.029 m, vel=0.128 +- 0.089 m/s
[2026-07-08 23:22:08.950] [odom] [warning] IMU better ratios rot=0.85, trans=0.02, vel=0.04
[2026-07-08 23:22:09.420] [glim] [info] playback speed: 2.797x
[2026-07-08 23:22:11.475] [odom] [warning] IMU prediction is not good.
[2026-07-08 23:22:11.475] [odom] [warning] Possibly T_lidar_imu is not accurate or IMU bias is not well estimated.
[2026-07-08 23:22:11.475] [odom] [warning] IMU validation results:
[2026-07-08 23:22:11.475] [odom] [warning] num_validations=25280
[2026-07-08 23:22:11.475] [odom] [warning] No-IMU errors rot=0.210 +- 0.257 deg, trans=0.039 +- 0.081 m, vel=0.030 +- 0.060 m/s
[2026-07-08 23:22:11.475] [odom] [warning] IMU errors rot=0.072 +- 0.060 deg, trans=0.045 +- 0.029 m, vel=0.128 +- 0.089 m/s
[2026-07-08 23:22:11.475] [odom] [warning] IMU better ratios rot=0.85, trans=0.02, vel=0.04
[2026-07-08 23:22:13.574] [odom] [warning] IMU prediction is not good.
[2026-07-08 23:22:13.574] [odom] [warning] Possibly T_lidar_imu is not accurate or IMU bias is not well estimated.
[2026-07-08 23:22:13.574] [odom] [warning] IMU validation results:
[2026-07-08 23:22:13.574] [odom] [warning] num_validations=25344
[2026-07-08 23:22:13.574] [odom] [warning] No-IMU errors rot=0.210 +- 0.256 deg, trans=0.039 +- 0.080 m, vel=0.029 +- 0.060 m/s
[2026-07-08 23:22:13.574] [odom] [warning] IMU errors rot=0.072 +- 0.060 deg, trans=0.045 +- 0.029 m, vel=0.128 +- 0.089 m/s
[2026-07-08 23:22:13.574] [odom] [warning] IMU better ratios rot=0.85, trans=0.02, vel=0.04
[2026-07-08 23:22:14.469] [glim] [info] playback speed: 2.692x
[2026-07-08 23:22:15.794] [odom] [warning] IMU prediction is not good.
[2026-07-08 23:22:15.794] [odom] [warning] Possibly T_lidar_imu is not accurate or IMU bias is not well estimated.
[2026-07-08 23:22:15.794] [odom] [warning] IMU validation results:
[2026-07-08 23:22:15.794] [odom] [warning] num_validations=25408
[2026-07-08 23:22:15.794] [odom] [warning] No-IMU errors rot=0.210 +- 0.256 deg, trans=0.039 +- 0.080 m, vel=0.029 +- 0.060 m/s
[2026-07-08 23:22:15.794] [odom] [warning] IMU errors rot=0.072 +- 0.060 deg, trans=0.045 +- 0.029 m, vel=0.127 +- 0.089 m/s
[2026-07-08 23:22:15.794] [odom] [warning] IMU better ratios rot=0.85, trans=0.02, vel=0.04
[2026-07-08 23:22:17.422] [odom] [warning] IMU bias estimation seems inaccurate.
[2026-07-08 23:22:17.422] [odom] [warning] Possibly T_lidar_imu is not accurate or LiDAR-IMU synchronization is not correct.
[2026-07-08 23:22:17.422] [odom] [warning] IMU bias validation results:
[2026-07-08 23:22:17.422] [odom] [warning] num_bias_validations=25920
[2026-07-08 23:22:17.422] [odom] [warning] bias_acc=[0.364, -0.502, 0.031] m/s^2, bias_gyro=[-0.019, 0.000, 0.001] rad/s
[2026-07-08 23:22:17.422] [odom] [warning] acc_stat ax=0.292 +- 0.416 [min=-0.650, max=0.980], ay=-0.380 +- 0.412 [min=-1.119, max=0.329], az=0.097 +- 0.072 [min=-0.007, max=0.266] m/s^2
[2026-07-08 23:22:17.422] [odom] [warning] gyro_stat wx=-0.019 +- 0.000 [min=-0.020, max=-0.016], wy=0.000 +- 0.002 [min=-0.004, max=0.007], wz=0.001 +- 0.000 [min=0.001, max=0.002] rad/s
[2026-07-08 23:22:18.432] [odom] [warning] IMU prediction is not good.
[2026-07-08 23:22:18.432] [odom] [warning] Possibly T_lidar_imu is not accurate or IMU bias is not well estimated.
[2026-07-08 23:22:18.432] [odom] [warning] IMU validation results:
[2026-07-08 23:22:18.432] [odom] [warning] num_validations=25472
[2026-07-08 23:22:18.432] [odom] [warning] No-IMU errors rot=0.210 +- 0.256 deg, trans=0.039 +- 0.080 m, vel=0.029 +- 0.060 m/s
[2026-07-08 23:22:18.432] [odom] [warning] IMU errors rot=0.072 +- 0.060 deg, trans=0.045 +- 0.029 m, vel=0.127 +- 0.089 m/s
[2026-07-08 23:22:18.432] [odom] [warning] IMU better ratios rot=0.85, trans=0.02, vel=0.04
[2026-07-08 23:22:19.482] [glim] [info] playback speed: 2.671x
[2026-07-08 23:22:20.139] [odom] [warning] IMU bias estimation seems inaccurate.
[2026-07-08 23:22:20.139] [odom] [warning] Possibly T_lidar_imu is not accurate or LiDAR-IMU synchronization is not correct.
[2026-07-08 23:22:20.139] [odom] [warning] IMU bias validation results:
[2026-07-08 23:22:20.139] [odom] [warning] num_bias_validations=25984
[2026-07-08 23:22:20.139] [odom] [warning] bias_acc=[0.371, -0.505, 0.030] m/s^2, bias_gyro=[-0.019, 0.001, 0.001] rad/s
[2026-07-08 23:22:20.139] [odom] [warning] acc_stat ax=0.293 +- 0.416 [min=-0.650, max=0.980], ay=-0.380 +- 0.411 [min=-1.119, max=0.329], az=0.097 +- 0.072 [min=-0.007, max=0.266] m/s^2
[2026-07-08 23:22:20.139] [odom] [warning] gyro_stat wx=-0.019 +- 0.000 [min=-0.020, max=-0.016], wy=0.000 +- 0.002 [min=-0.004, max=0.007], wz=0.001 +- 0.000 [min=0.001, max=0.002] rad/s
[2026-07-08 23:22:20.386] [odom] [warning] IMU prediction is not good.
[2026-07-08 23:22:20.386] [odom] [warning] Possibly T_lidar_imu is not accurate or IMU bias is not well estimated.
[2026-07-08 23:22:20.386] [odom] [warning] IMU validation results:
[2026-07-08 23:22:20.386] [odom] [warning] num_validations=25536
[2026-07-08 23:22:20.386] [odom] [warning] No-IMU errors rot=0.210 +- 0.256 deg, trans=0.039 +- 0.080 m, vel=0.029 +- 0.060 m/s
[2026-07-08 23:22:20.386] [odom] [warning] IMU errors rot=0.072 +- 0.060 deg, trans=0.045 +- 0.029 m, vel=0.127 +- 0.089 m/s
[2026-07-08 23:22:20.386] [odom] [warning] IMU better ratios rot=0.85, trans=0.02, vel=0.04
[2026-07-08 23:22:22.287] [odom] [warning] IMU bias estimation seems inaccurate.
[2026-07-08 23:22:22.287] [odom] [warning] Possibly T_lidar_imu is not accurate or LiDAR-IMU synchronization is not correct.
[2026-07-08 23:22:22.287] [odom] [warning] IMU bias validation results:
[2026-07-08 23:22:22.287] [odom] [warning] num_bias_validations=26048
[2026-07-08 23:22:22.287] [odom] [warning] bias_acc=[0.376, -0.505, 0.028] m/s^2, bias_gyro=[-0.019, 0.001, 0.001] rad/s
[2026-07-08 23:22:22.287] [odom] [warning] acc_stat ax=0.293 +- 0.415 [min=-0.650, max=0.980], ay=-0.380 +- 0.411 [min=-1.119, max=0.329], az=0.097 +- 0.072 [min=-0.007, max=0.266] m/s^2
[2026-07-08 23:22:22.287] [odom] [warning] gyro_stat wx=-0.019 +- 0.000 [min=-0.020, max=-0.016], wy=0.000 +- 0.002 [min=-0.004, max=0.007], wz=0.001 +- 0.000 [min=0.001, max=0.002] rad/s
[2026-07-08 23:22:22.810] [odom] [warning] IMU prediction is not good.
[2026-07-08 23:22:22.810] [odom] [warning] Possibly T_lidar_imu is not accurate or IMU bias is not well estimated.
[2026-07-08 23:22:22.810] [odom] [warning] IMU validation results:
[2026-07-08 23:22:22.810] [odom] [warning] num_validations=25600
[2026-07-08 23:22:22.810] [odom] [warning] No-IMU errors rot=0.209 +- 0.255 deg, trans=0.039 +- 0.080 m, vel=0.029 +- 0.060 m/s
[2026-07-08 23:22:22.810] [odom] [warning] IMU errors rot=0.072 +- 0.060 deg, trans=0.044 +- 0.029 m, vel=0.127 +- 0.089 m/s
[2026-07-08 23:22:22.810] [odom] [warning] IMU better ratios rot=0.85, trans=0.02, vel=0.04
[2026-07-08 23:22:24.515] [glim] [info] playback speed: 3.023x
[2026-07-08 23:22:24.624] [odom] [warning] IMU bias estimation seems inaccurate.
[2026-07-08 23:22:24.624] [odom] [warning] Possibly T_lidar_imu is not accurate or LiDAR-IMU synchronization is not correct.
[2026-07-08 23:22:24.624] [odom] [warning] IMU bias validation results:
[2026-07-08 23:22:24.624] [odom] [warning] num_bias_validations=26112
[2026-07-08 23:22:24.624] [odom] [warning] bias_acc=[0.381, -0.506, 0.027] m/s^2, bias_gyro=[-0.019, 0.000, 0.001] rad/s
[2026-07-08 23:22:24.624] [odom] [warning] acc_stat ax=0.293 +- 0.415 [min=-0.650, max=0.980], ay=-0.381 +- 0.411 [min=-1.119, max=0.329], az=0.097 +- 0.072 [min=-0.007, max=0.266] m/s^2
[2026-07-08 23:22:24.624] [odom] [warning] gyro_stat wx=-0.019 +- 0.000 [min=-0.020, max=-0.016], wy=0.000 +- 0.002 [min=-0.004, max=0.007], wz=0.001 +- 0.000 [min=0.001, max=0.002] rad/s
[2026-07-08 23:22:25.741] [odom] [warning] IMU prediction is not good.
[2026-07-08 23:22:25.741] [odom] [warning] Possibly T_lidar_imu is not accurate or IMU bias is not well estimated.
[2026-07-08 23:22:25.741] [odom] [warning] IMU validation results:
[2026-07-08 23:22:25.741] [odom] [warning] num_validations=25664
[2026-07-08 23:22:25.741] [odom] [warning] No-IMU errors rot=0.209 +- 0.255 deg, trans=0.039 +- 0.080 m, vel=0.029 +- 0.060 m/s
[2026-07-08 23:22:25.741] [odom] [warning] IMU errors rot=0.072 +- 0.060 deg, trans=0.044 +- 0.029 m, vel=0.127 +- 0.088 m/s
[2026-07-08 23:22:25.741] [odom] [warning] IMU better ratios rot=0.85, trans=0.02, vel=0.04
[2026-07-08 23:22:26.276] [odom] [warning] IMU bias estimation seems inaccurate.
[2026-07-08 23:22:26.276] [odom] [warning] Possibly T_lidar_imu is not accurate or LiDAR-IMU synchronization is not correct.
[2026-07-08 23:22:26.276] [odom] [warning] IMU bias validation results:
[2026-07-08 23:22:26.276] [odom] [warning] num_bias_validations=26176
[2026-07-08 23:22:26.276] [odom] [warning] bias_acc=[0.387, -0.506, 0.026] m/s^2, bias_gyro=[-0.019, 0.000, 0.001] rad/s
[2026-07-08 23:22:26.276] [odom] [warning] acc_stat ax=0.293 +- 0.414 [min=-0.650, max=0.980], ay=-0.381 +- 0.410 [min=-1.119, max=0.329], az=0.097 +- 0.072 [min=-0.007, max=0.266] m/s^2
[2026-07-08 23:22:26.276] [odom] [warning] gyro_stat wx=-0.019 +- 0.000 [min=-0.020, max=-0.016], wy=0.000 +- 0.002 [min=-0.004, max=0.007], wz=0.001 +- 0.000 [min=0.001, max=0.002] rad/s
[2026-07-08 23:22:27.009] [odom] [warning] IMU prediction is not good.
[2026-07-08 23:22:27.010] [odom] [warning] Possibly T_lidar_imu is not accurate or IMU bias is not well estimated.
[2026-07-08 23:22:27.010] [odom] [warning] IMU validation results:
[2026-07-08 23:22:27.010] [odom] [warning] num_validations=25728
[2026-07-08 23:22:27.010] [odom] [warning] No-IMU errors rot=0.209 +- 0.255 deg, trans=0.039 +- 0.080 m, vel=0.029 +- 0.060 m/s
[2026-07-08 23:22:27.010] [odom] [warning] IMU errors rot=0.072 +- 0.060 deg, trans=0.044 +- 0.029 m, vel=0.127 +- 0.088 m/s
[2026-07-08 23:22:27.010] [odom] [warning] IMU better ratios rot=0.85, trans=0.02, vel=0.04
[2026-07-08 23:22:28.531] [odom] [warning] IMU bias estimation seems inaccurate.
[2026-07-08 23:22:28.531] [odom] [warning] Possibly T_lidar_imu is not accurate or LiDAR-IMU synchronization is not correct.
[2026-07-08 23:22:28.531] [odom] [warning] IMU bias validation results:
[2026-07-08 23:22:28.531] [odom] [warning] num_bias_validations=26240
[2026-07-08 23:22:28.531] [odom] [warning] bias_acc=[0.394, -0.506, 0.025] m/s^2, bias_gyro=[-0.019, 0.000, 0.001] rad/s
[2026-07-08 23:22:28.531] [odom] [warning] acc_stat ax=0.294 +- 0.414 [min=-0.650, max=0.980], ay=-0.381 +- 0.410 [min=-1.119, max=0.329], az=0.096 +- 0.072 [min=-0.007, max=0.266] m/s^2
[2026-07-08 23:22:28.531] [odom] [warning] gyro_stat wx=-0.019 +- 0.000 [min=-0.020, max=-0.016], wy=0.000 +- 0.002 [min=-0.004, max=0.007], wz=0.001 +- 0.000 [min=0.001, max=0.002] rad/s
[2026-07-08 23:22:28.773] [odom] [warning] IMU prediction is not good.
[2026-07-08 23:22:28.773] [odom] [warning] Possibly T_lidar_imu is not accurate or IMU bias is not well estimated.
[2026-07-08 23:22:28.773] [odom] [warning] IMU validation results:
[2026-07-08 23:22:28.773] [odom] [warning] num_validations=25792
[2026-07-08 23:22:28.773] [odom] [warning] No-IMU errors rot=0.209 +- 0.255 deg, trans=0.039 +- 0.080 m, vel=0.029 +- 0.060 m/s
[2026-07-08 23:22:28.773] [odom] [warning] IMU errors rot=0.072 +- 0.060 deg, trans=0.044 +- 0.029 m, vel=0.127 +- 0.088 m/s
[2026-07-08 23:22:28.773] [odom] [warning] IMU better ratios rot=0.85, trans=0.02, vel=0.04
[2026-07-08 23:22:29.532] [glim] [info] playback speed: 3.377x
[2026-07-08 23:22:30.527] [odom] [warning] IMU bias estimation seems inaccurate.
[2026-07-08 23:22:30.527] [odom] [warning] Possibly T_lidar_imu is not accurate or LiDAR-IMU synchronization is not correct.
[2026-07-08 23:22:30.527] [odom] [warning] IMU bias validation results:
[2026-07-08 23:22:30.527] [odom] [warning] num_bias_validations=26304
[2026-07-08 23:22:30.527] [odom] [warning] bias_acc=[0.398, -0.504, 0.024] m/s^2, bias_gyro=[-0.019, 0.001, 0.001] rad/s
[2026-07-08 23:22:30.527] [odom] [warning] acc_stat ax=0.294 +- 0.413 [min=-0.650, max=0.980], ay=-0.382 +- 0.409 [min=-1.119, max=0.329], az=0.096 +- 0.072 [min=-0.007, max=0.266] m/s^2
[2026-07-08 23:22:30.527] [odom] [warning] gyro_stat wx=-0.019 +- 0.000 [min=-0.020, max=-0.016], wy=0.000 +- 0.002 [min=-0.004, max=0.007], wz=0.001 +- 0.000 [min=0.001, max=0.002] rad/s
[2026-07-08 23:22:31.119] [odom] [warning] IMU prediction is not good.
[2026-07-08 23:22:31.119] [odom] [warning] Possibly T_lidar_imu is not accurate or IMU bias is not well estimated.
[2026-07-08 23:22:31.119] [odom] [warning] IMU validation results:
[2026-07-08 23:22:31.119] [odom] [warning] num_validations=25856
[2026-07-08 23:22:31.119] [odom] [warning] No-IMU errors rot=0.209 +- 0.254 deg, trans=0.039 +- 0.080 m, vel=0.029 +- 0.060 m/s
[2026-07-08 23:22:31.119] [odom] [warning] IMU errors rot=0.072 +- 0.060 deg, trans=0.044 +- 0.029 m, vel=0.126 +- 0.088 m/s
[2026-07-08 23:22:31.119] [odom] [warning] IMU better ratios rot=0.85, trans=0.02, vel=0.04
[2026-07-08 23:22:32.185] [odom] [warning] IMU bias estimation seems inaccurate.
[2026-07-08 23:22:32.185] [odom] [warning] Possibly T_lidar_imu is not accurate or LiDAR-IMU synchronization is not correct.
[2026-07-08 23:22:32.185] [odom] [warning] IMU bias validation results:
[2026-07-08 23:22:32.185] [odom] [warning] num_bias_validations=26368
[2026-07-08 23:22:32.185] [odom] [warning] bias_acc=[0.402, -0.501, 0.023] m/s^2, bias_gyro=[-0.019, 0.001, 0.001] rad/s
[2026-07-08 23:22:32.185] [odom] [warning] acc_stat ax=0.294 +- 0.413 [min=-0.650, max=0.980], ay=-0.382 +- 0.409 [min=-1.119, max=0.329], az=0.096 +- 0.072 [min=-0.007, max=0.266] m/s^2
[2026-07-08 23:22:32.185] [odom] [warning] gyro_stat wx=-0.019 +- 0.000 [min=-0.020, max=-0.016], wy=0.000 +- 0.002 [min=-0.004, max=0.007], wz=0.001 +- 0.000 [min=0.001, max=0.002] rad/s
[2026-07-08 23:22:33.506] [odom] [warning] IMU prediction is not good.
[2026-07-08 23:22:33.506] [odom] [warning] Possibly T_lidar_imu is not accurate or IMU bias is not well estimated.
[2026-07-08 23:22:33.506] [odom] [warning] IMU validation results:
[2026-07-08 23:22:33.506] [odom] [warning] num_validations=25920
[2026-07-08 23:22:33.506] [odom] [warning] No-IMU errors rot=0.209 +- 0.254 deg, trans=0.039 +- 0.080 m, vel=0.029 +- 0.060 m/s
[2026-07-08 23:22:33.506] [odom] [warning] IMU errors rot=0.072 +- 0.060 deg, trans=0.044 +- 0.029 m, vel=0.126 +- 0.088 m/s
[2026-07-08 23:22:33.506] [odom] [warning] IMU better ratios rot=0.85, trans=0.02, vel=0.04
[2026-07-08 23:22:34.542] [glim] [info] playback speed: 2.733x
[2026-07-08 23:22:36.221] [odom] [warning] IMU prediction is not good.
[2026-07-08 23:22:36.221] [odom] [warning] Possibly T_lidar_imu is not accurate or IMU bias is not well estimated.
[2026-07-08 23:22:36.221] [odom] [warning] IMU validation results:
[2026-07-08 23:22:36.221] [odom] [warning] num_validations=25984
[2026-07-08 23:22:36.221] [odom] [warning] No-IMU errors rot=0.208 +- 0.254 deg, trans=0.039 +- 0.079 m, vel=0.029 +- 0.060 m/s
[2026-07-08 23:22:36.221] [odom] [warning] IMU errors rot=0.072 +- 0.060 deg, trans=0.044 +- 0.029 m, vel=0.126 +- 0.088 m/s
[2026-07-08 23:22:36.221] [odom] [warning] IMU better ratios rot=0.85, trans=0.02, vel=0.04
[2026-07-08 23:22:38.789] [odom] [warning] IMU prediction is not good.
[2026-07-08 23:22:38.789] [odom] [warning] Possibly T_lidar_imu is not accurate or IMU bias is not well estimated.
[2026-07-08 23:22:38.789] [odom] [warning] IMU validation results:
[2026-07-08 23:22:38.789] [odom] [warning] num_validations=26048
[2026-07-08 23:22:38.789] [odom] [warning] No-IMU errors rot=0.208 +- 0.254 deg, trans=0.039 +- 0.079 m, vel=0.029 +- 0.059 m/s
[2026-07-08 23:22:38.789] [odom] [warning] IMU errors rot=0.071 +- 0.060 deg, trans=0.044 +- 0.029 m, vel=0.126 +- 0.088 m/s
[2026-07-08 23:22:38.789] [odom] [warning] IMU better ratios rot=0.85, trans=0.02, vel=0.04
[2026-07-08 23:22:39.574] [glim] [info] playback speed: 2.701x
[2026-07-08 23:22:41.270] [odom] [warning] IMU prediction is not good.
[2026-07-08 23:22:41.270] [odom] [warning] Possibly T_lidar_imu is not accurate or IMU bias is not well estimated.
[2026-07-08 23:22:41.270] [odom] [warning] IMU validation results:
[2026-07-08 23:22:41.270] [odom] [warning] num_validations=26112
[2026-07-08 23:22:41.270] [odom] [warning] No-IMU errors rot=0.208 +- 0.253 deg, trans=0.039 +- 0.079 m, vel=0.029 +- 0.059 m/s
[2026-07-08 23:22:41.270] [odom] [warning] IMU errors rot=0.071 +- 0.060 deg, trans=0.044 +- 0.029 m, vel=0.126 +- 0.088 m/s
[2026-07-08 23:22:41.270] [odom] [warning] IMU better ratios rot=0.85, trans=0.02, vel=0.04
[2026-07-08 23:22:43.056] [odom] [warning] IMU prediction is not good.
[2026-07-08 23:22:43.056] [odom] [warning] Possibly T_lidar_imu is not accurate or IMU bias is not well estimated.
[2026-07-08 23:22:43.056] [odom] [warning] IMU validation results:
[2026-07-08 23:22:43.056] [odom] [warning] num_validations=26176
[2026-07-08 23:22:43.056] [odom] [warning] No-IMU errors rot=0.209 +- 0.256 deg, trans=0.039 +- 0.079 m, vel=0.029 +- 0.059 m/s
[2026-07-08 23:22:43.056] [odom] [warning] IMU errors rot=0.071 +- 0.060 deg, trans=0.044 +- 0.029 m, vel=0.126 +- 0.088 m/s
[2026-07-08 23:22:43.056] [odom] [warning] IMU better ratios rot=0.85, trans=0.02, vel=0.04
[2026-07-08 23:22:44.591] [glim] [info] playback speed: 2.689x
[2026-07-08 23:22:44.931] [odom] [warning] IMU bias estimation seems inaccurate.
[2026-07-08 23:22:44.931] [odom] [warning] Possibly T_lidar_imu is not accurate or LiDAR-IMU synchronization is not correct.
[2026-07-08 23:22:44.931] [odom] [warning] IMU bias validation results:
[2026-07-08 23:22:44.931] [odom] [warning] num_bias_validations=26688
[2026-07-08 23:22:44.931] [odom] [warning] bias_acc=[0.437, -0.519, 0.017] m/s^2, bias_gyro=[-0.019, -0.004, 0.001] rad/s
[2026-07-08 23:22:44.931] [odom] [warning] acc_stat ax=0.296 +- 0.410 [min=-0.650, max=0.980], ay=-0.383 +- 0.406 [min=-1.119, max=0.329], az=0.095 +- 0.072 [min=-0.007, max=0.266] m/s^2
[2026-07-08 23:22:44.931] [odom] [warning] gyro_stat wx=-0.019 +- 0.000 [min=-0.020, max=-0.016], wy=0.000 +- 0.002 [min=-0.004, max=0.007], wz=0.001 +- 0.000 [min=0.001, max=0.002] rad/s
[2026-07-08 23:22:46.289] [odom] [warning] IMU prediction is not good.
[2026-07-08 23:22:46.289] [odom] [warning] Possibly T_lidar_imu is not accurate or IMU bias is not well estimated.
[2026-07-08 23:22:46.289] [odom] [warning] IMU validation results:
[2026-07-08 23:22:46.289] [odom] [warning] num_validations=26240
[2026-07-08 23:22:46.289] [odom] [warning] No-IMU errors rot=0.210 +- 0.256 deg, trans=0.039 +- 0.079 m, vel=0.029 +- 0.059 m/s
[2026-07-08 23:22:46.289] [odom] [warning] IMU errors rot=0.071 +- 0.060 deg, trans=0.044 +- 0.029 m, vel=0.126 +- 0.088 m/s
[2026-07-08 23:22:46.289] [odom] [warning] IMU better ratios rot=0.85, trans=0.02, vel=0.04
[2026-07-08 23:22:47.589] [odom] [warning] IMU bias estimation seems inaccurate.
[2026-07-08 23:22:47.589] [odom] [warning] Possibly T_lidar_imu is not accurate or LiDAR-IMU synchronization is not correct.
[2026-07-08 23:22:47.589] [odom] [warning] IMU bias validation results:
[2026-07-08 23:22:47.589] [odom] [warning] num_bias_validations=26752
[2026-07-08 23:22:47.589] [odom] [warning] bias_acc=[0.438, -0.543, 0.017] m/s^2, bias_gyro=[-0.018, -0.003, 0.001] rad/s
[2026-07-08 23:22:47.589] [odom] [warning] acc_stat ax=0.296 +- 0.410 [min=-0.650, max=0.980], ay=-0.384 +- 0.406 [min=-1.119, max=0.329], az=0.095 +- 0.072 [min=-0.007, max=0.266] m/s^2
[2026-07-08 23:22:47.589] [odom] [warning] gyro_stat wx=-0.019 +- 0.000 [min=-0.020, max=-0.016], wy=0.000 +- 0.002 [min=-0.004, max=0.007], wz=0.001 +- 0.000 [min=0.001, max=0.002] rad/s
[2026-07-08 23:22:48.838] [odom] [warning] IMU prediction is not good.
[2026-07-08 23:22:48.838] [odom] [warning] Possibly T_lidar_imu is not accurate or IMU bias is not well estimated.
[2026-07-08 23:22:48.838] [odom] [warning] IMU validation results:
[2026-07-08 23:22:48.838] [odom] [warning] num_validations=26304
[2026-07-08 23:22:48.838] [odom] [warning] No-IMU errors rot=0.210 +- 0.256 deg, trans=0.039 +- 0.079 m, vel=0.029 +- 0.059 m/s
[2026-07-08 23:22:48.838] [odom] [warning] IMU errors rot=0.071 +- 0.060 deg, trans=0.044 +- 0.029 m, vel=0.126 +- 0.088 m/s
[2026-07-08 23:22:48.838] [odom] [warning] IMU better ratios rot=0.85, trans=0.02, vel=0.04
[2026-07-08 23:22:49.597] [glim] [info] playback speed: 2.614x
[2026-07-08 23:22:49.610] [odom] [warning] IMU bias estimation seems inaccurate.
[2026-07-08 23:22:49.610] [odom] [warning] Possibly T_lidar_imu is not accurate or LiDAR-IMU synchronization is not correct.
[2026-07-08 23:22:49.610] [odom] [warning] IMU bias validation results:
[2026-07-08 23:22:49.610] [odom] [warning] num_bias_validations=26816
[2026-07-08 23:22:49.610] [odom] [warning] bias_acc=[0.436, -0.568, 0.018] m/s^2, bias_gyro=[-0.018, -0.003, 0.001] rad/s
[2026-07-08 23:22:49.610] [odom] [warning] acc_stat ax=0.296 +- 0.410 [min=-0.650, max=0.980], ay=-0.384 +- 0.406 [min=-1.119, max=0.329], az=0.095 +- 0.072 [min=-0.007, max=0.266] m/s^2
[2026-07-08 23:22:49.610] [odom] [warning] gyro_stat wx=-0.019 +- 0.000 [min=-0.020, max=-0.016], wy=0.000 +- 0.002 [min=-0.004, max=0.007], wz=0.001 +- 0.000 [min=0.001, max=0.002] rad/s
[2026-07-08 23:22:50.140] [odom] [warning] IMU prediction is not good.
[2026-07-08 23:22:50.140] [odom] [warning] Possibly T_lidar_imu is not accurate or IMU bias is not well estimated.
[2026-07-08 23:22:50.140] [odom] [warning] IMU validation results:
[2026-07-08 23:22:50.140] [odom] [warning] num_validations=26368
[2026-07-08 23:22:50.140] [odom] [warning] No-IMU errors rot=0.209 +- 0.256 deg, trans=0.039 +- 0.079 m, vel=0.029 +- 0.059 m/s
[2026-07-08 23:22:50.140] [odom] [warning] IMU errors rot=0.071 +- 0.060 deg, trans=0.044 +- 0.029 m, vel=0.126 +- 0.088 m/s
[2026-07-08 23:22:50.140] [odom] [warning] IMU better ratios rot=0.85, trans=0.02, vel=0.04
[2026-07-08 23:22:52.742] [odom] [warning] IMU bias estimation seems inaccurate.
[2026-07-08 23:22:52.742] [odom] [warning] Possibly T_lidar_imu is not accurate or LiDAR-IMU synchronization is not correct.
[2026-07-08 23:22:52.742] [odom] [warning] IMU bias validation results:
[2026-07-08 23:22:52.742] [odom] [warning] num_bias_validations=26880
[2026-07-08 23:22:52.742] [odom] [warning] bias_acc=[0.435, -0.591, 0.018] m/s^2, bias_gyro=[-0.018, -0.003, 0.001] rad/s
[2026-07-08 23:22:52.742] [odom] [warning] acc_stat ax=0.297 +- 0.409 [min=-0.650, max=0.980], ay=-0.385 +- 0.405 [min=-1.119, max=0.329], az=0.095 +- 0.072 [min=-0.007, max=0.266] m/s^2
[2026-07-08 23:22:52.742] [odom] [warning] gyro_stat wx=-0.019 +- 0.000 [min=-0.020, max=-0.016], wy=0.000 +- 0.002 [min=-0.004, max=0.007], wz=0.001 +- 0.000 [min=0.001, max=0.002] rad/s
[2026-07-08 23:22:53.829] [odom] [warning] IMU prediction is not good.
[2026-07-08 23:22:53.829] [odom] [warning] Possibly T_lidar_imu is not accurate or IMU bias is not well estimated.
[2026-07-08 23:22:53.829] [odom] [warning] IMU validation results:
[2026-07-08 23:22:53.829] [odom] [warning] num_validations=26432
[2026-07-08 23:22:53.829] [odom] [warning] No-IMU errors rot=0.209 +- 0.255 deg, trans=0.039 +- 0.079 m, vel=0.029 +- 0.059 m/s
[2026-07-08 23:22:53.829] [odom] [warning] IMU errors rot=0.071 +- 0.059 deg, trans=0.044 +- 0.029 m, vel=0.126 +- 0.088 m/s
[2026-07-08 23:22:53.829] [odom] [warning] IMU better ratios rot=0.85, trans=0.02, vel=0.04
[2026-07-08 23:22:54.622] [glim] [info] playback speed: 2.160x
[2026-07-08 23:22:56.074] [odom] [warning] IMU bias estimation seems inaccurate.
[2026-07-08 23:22:56.074] [odom] [warning] Possibly T_lidar_imu is not accurate or LiDAR-IMU synchronization is not correct.
[2026-07-08 23:22:56.074] [odom] [warning] IMU bias validation results:
[2026-07-08 23:22:56.074] [odom] [warning] num_bias_validations=26944
[2026-07-08 23:22:56.074] [odom] [warning] bias_acc=[0.433, -0.612, 0.018] m/s^2, bias_gyro=[-0.018, -0.002, 0.001] rad/s
[2026-07-08 23:22:56.074] [odom] [warning] acc_stat ax=0.297 +- 0.409 [min=-0.650, max=0.980], ay=-0.385 +- 0.405 [min=-1.119, max=0.329], az=0.094 +- 0.072 [min=-0.007, max=0.266] m/s^2
[2026-07-08 23:22:56.074] [odom] [warning] gyro_stat wx=-0.019 +- 0.000 [min=-0.020, max=-0.016], wy=0.000 +- 0.002 [min=-0.004, max=0.007], wz=0.001 +- 0.000 [min=0.001, max=0.002] rad/s
[2026-07-08 23:22:56.238] [odom] [warning] IMU prediction is not good.
[2026-07-08 23:22:56.238] [odom] [warning] Possibly T_lidar_imu is not accurate or IMU bias is not well estimated.
[2026-07-08 23:22:56.238] [odom] [warning] IMU validation results:
[2026-07-08 23:22:56.238] [odom] [warning] num_validations=26496
[2026-07-08 23:22:56.238] [odom] [warning] No-IMU errors rot=0.209 +- 0.255 deg, trans=0.039 +- 0.079 m, vel=0.029 +- 0.059 m/s
[2026-07-08 23:22:56.238] [odom] [warning] IMU errors rot=0.071 +- 0.059 deg, trans=0.044 +- 0.029 m, vel=0.126 +- 0.088 m/s
[2026-07-08 23:22:56.238] [odom] [warning] IMU better ratios rot=0.85, trans=0.02, vel=0.04
[2026-07-08 23:22:57.559] [odom] [warning] IMU bias estimation seems inaccurate.
[2026-07-08 23:22:57.559] [odom] [warning] Possibly T_lidar_imu is not accurate or LiDAR-IMU synchronization is not correct.
[2026-07-08 23:22:57.559] [odom] [warning] IMU bias validation results:
[2026-07-08 23:22:57.559] [odom] [warning] num_bias_validations=27008
[2026-07-08 23:22:57.559] [odom] [warning] bias_acc=[0.432, -0.629, 0.017] m/s^2, bias_gyro=[-0.018, -0.002, 0.001] rad/s
[2026-07-08 23:22:57.559] [odom] [warning] acc_stat ax=0.297 +- 0.408 [min=-0.650, max=0.980], ay=-0.386 +- 0.405 [min=-1.119, max=0.329], az=0.094 +- 0.072 [min=-0.007, max=0.266] m/s^2
[2026-07-08 23:22:57.559] [odom] [warning] gyro_stat wx=-0.019 +- 0.000 [min=-0.020, max=-0.016], wy=0.000 +- 0.002 [min=-0.004, max=0.007], wz=0.001 +- 0.000 [min=0.001, max=0.002] rad/s
[2026-07-08 23:22:58.565] [odom] [warning] IMU prediction is not good.
[2026-07-08 23:22:58.565] [odom] [warning] Possibly T_lidar_imu is not accurate or IMU bias is not well estimated.
[2026-07-08 23:22:58.565] [odom] [warning] IMU validation results:
[2026-07-08 23:22:58.565] [odom] [warning] num_validations=26560
[2026-07-08 23:22:58.565] [odom] [warning] No-IMU errors rot=0.209 +- 0.255 deg, trans=0.039 +- 0.079 m, vel=0.029 +- 0.059 m/s
[2026-07-08 23:22:58.565] [odom] [warning] IMU errors rot=0.071 +- 0.059 deg, trans=0.044 +- 0.029 m, vel=0.126 +- 0.087 m/s
[2026-07-08 23:22:58.565] [odom] [warning] IMU better ratios rot=0.85, trans=0.02, vel=0.04
[2026-07-08 23:22:59.627] [glim] [info] playback speed: 3.081x
[2026-07-08 23:22:59.667] [odom] [warning] IMU bias estimation seems inaccurate.
[2026-07-08 23:22:59.667] [odom] [warning] Possibly T_lidar_imu is not accurate or LiDAR-IMU synchronization is not correct.
[2026-07-08 23:22:59.667] [odom] [warning] IMU bias validation results:
[2026-07-08 23:22:59.667] [odom] [warning] num_bias_validations=27072
[2026-07-08 23:22:59.667] [odom] [warning] bias_acc=[0.430, -0.646, 0.017] m/s^2, bias_gyro=[-0.018, -0.001, 0.001] rad/s
[2026-07-08 23:22:59.667] [odom] [warning] acc_stat ax=0.298 +- 0.408 [min=-0.650, max=0.980], ay=-0.386 +- 0.404 [min=-1.119, max=0.329], az=0.094 +- 0.072 [min=-0.007, max=0.266] m/s^2
[2026-07-08 23:22:59.667] [odom] [warning] gyro_stat wx=-0.019 +- 0.000 [min=-0.020, max=-0.016], wy=0.000 +- 0.002 [min=-0.004, max=0.007], wz=0.001 +- 0.000 [min=0.001, max=0.002] rad/s
[2026-07-08 23:23:00.672] [odom] [warning] IMU prediction is not good.
[2026-07-08 23:23:00.672] [odom] [warning] Possibly T_lidar_imu is not accurate or IMU bias is not well estimated.
[2026-07-08 23:23:00.672] [odom] [warning] IMU validation results:
[2026-07-08 23:23:00.672] [odom] [warning] num_validations=26624
[2026-07-08 23:23:00.672] [odom] [warning] No-IMU errors rot=0.209 +- 0.255 deg, trans=0.039 +- 0.079 m, vel=0.029 +- 0.059 m/s
[2026-07-08 23:23:00.672] [odom] [warning] IMU errors rot=0.071 +- 0.059 deg, trans=0.044 +- 0.029 m, vel=0.126 +- 0.087 m/s
[2026-07-08 23:23:00.672] [odom] [warning] IMU better ratios rot=0.85, trans=0.02, vel=0.04
[2026-07-08 23:23:01.177] [odom] [warning] IMU bias estimation seems inaccurate.
[2026-07-08 23:23:01.177] [odom] [warning] Possibly T_lidar_imu is not accurate or LiDAR-IMU synchronization is not correct.
[2026-07-08 23:23:01.177] [odom] [warning] IMU bias validation results:
[2026-07-08 23:23:01.177] [odom] [warning] num_bias_validations=27136
[2026-07-08 23:23:01.177] [odom] [warning] bias_acc=[0.427, -0.663, 0.017] m/s^2, bias_gyro=[-0.018, -0.001, 0.001] rad/s
[2026-07-08 23:23:01.177] [odom] [warning] acc_stat ax=0.298 +- 0.407 [min=-0.650, max=0.980], ay=-0.387 +- 0.404 [min=-1.119, max=0.329], az=0.094 +- 0.072 [min=-0.007, max=0.266] m/s^2
[2026-07-08 23:23:01.177] [odom] [warning] gyro_stat wx=-0.019 +- 0.000 [min=-0.020, max=-0.016], wy=0.000 +- 0.002 [min=-0.004, max=0.007], wz=0.001 +- 0.000 [min=0.001, max=0.002] rad/s
[2026-07-08 23:23:02.051] [odom] [warning] IMU prediction is not good.
[2026-07-08 23:23:02.051] [odom] [warning] Possibly T_lidar_imu is not accurate or IMU bias is not well estimated.
[2026-07-08 23:23:02.051] [odom] [warning] IMU validation results:
[2026-07-08 23:23:02.051] [odom] [warning] num_validations=26688
[2026-07-08 23:23:02.051] [odom] [warning] No-IMU errors rot=0.209 +- 0.254 deg, trans=0.039 +- 0.078 m, vel=0.029 +- 0.059 m/s
[2026-07-08 23:23:02.051] [odom] [warning] IMU errors rot=0.071 +- 0.059 deg, trans=0.044 +- 0.029 m, vel=0.126 +- 0.087 m/s
[2026-07-08 23:23:02.051] [odom] [warning] IMU better ratios rot=0.85, trans=0.02, vel=0.04
[2026-07-08 23:23:03.884] [odom] [warning] IMU bias estimation seems inaccurate.
[2026-07-08 23:23:03.884] [odom] [warning] Possibly T_lidar_imu is not accurate or LiDAR-IMU synchronization is not correct.
[2026-07-08 23:23:03.884] [odom] [warning] IMU bias validation results:
[2026-07-08 23:23:03.884] [odom] [warning] num_bias_validations=27200
[2026-07-08 23:23:03.884] [odom] [warning] bias_acc=[0.424, -0.680, 0.017] m/s^2, bias_gyro=[-0.018, -0.001, 0.001] rad/s
[2026-07-08 23:23:03.884] [odom] [warning] acc_stat ax=0.298 +- 0.407 [min=-0.650, max=0.980], ay=-0.388 +- 0.404 [min=-1.119, max=0.329], az=0.094 +- 0.072 [min=-0.007, max=0.266] m/s^2
[2026-07-08 23:23:03.884] [odom] [warning] gyro_stat wx=-0.019 +- 0.000 [min=-0.020, max=-0.016], wy=0.000 +- 0.002 [min=-0.004, max=0.007], wz=0.001 +- 0.000 [min=0.001, max=0.002] rad/s
[2026-07-08 23:23:04.665] [glim] [info] playback speed: 3.020x
[2026-07-08 23:23:04.744] [odom] [warning] IMU prediction is not good.
[2026-07-08 23:23:04.744] [odom] [warning] Possibly T_lidar_imu is not accurate or IMU bias is not well estimated.
[2026-07-08 23:23:04.744] [odom] [warning] IMU validation results:
[2026-07-08 23:23:04.744] [odom] [warning] num_validations=26752
[2026-07-08 23:23:04.744] [odom] [warning] No-IMU errors rot=0.208 +- 0.254 deg, trans=0.039 +- 0.078 m, vel=0.029 +- 0.059 m/s
[2026-07-08 23:23:04.744] [odom] [warning] IMU errors rot=0.071 +- 0.059 deg, trans=0.044 +- 0.029 m, vel=0.126 +- 0.087 m/s
[2026-07-08 23:23:04.744] [odom] [warning] IMU better ratios rot=0.85, trans=0.02, vel=0.04
[2026-07-08 23:23:06.439] [odom] [warning] IMU bias estimation seems inaccurate.
[2026-07-08 23:23:06.439] [odom] [warning] Possibly T_lidar_imu is not accurate or LiDAR-IMU synchronization is not correct.
[2026-07-08 23:23:06.439] [odom] [warning] IMU bias validation results:
[2026-07-08 23:23:06.439] [odom] [warning] num_bias_validations=27264
[2026-07-08 23:23:06.439] [odom] [warning] bias_acc=[0.421, -0.695, 0.018] m/s^2, bias_gyro=[-0.018, -0.001, 0.001] rad/s
[2026-07-08 23:23:06.439] [odom] [warning] acc_stat ax=0.298 +- 0.407 [min=-0.650, max=0.980], ay=-0.389 +- 0.404 [min=-1.119, max=0.329], az=0.094 +- 0.072 [min=-0.007, max=0.266] m/s^2
[2026-07-08 23:23:06.439] [odom] [warning] gyro_stat wx=-0.019 +- 0.000 [min=-0.020, max=-0.016], wy=0.000 +- 0.002 [min=-0.004, max=0.007], wz=0.001 +- 0.000 [min=0.001, max=0.002] rad/s
[2026-07-08 23:23:07.415] [odom] [warning] IMU prediction is not good.
[2026-07-08 23:23:07.415] [odom] [warning] Possibly T_lidar_imu is not accurate or IMU bias is not well estimated.
[2026-07-08 23:23:07.415] [odom] [warning] IMU validation results:
[2026-07-08 23:23:07.415] [odom] [warning] num_validations=26816
[2026-07-08 23:23:07.415] [odom] [warning] No-IMU errors rot=0.208 +- 0.254 deg, trans=0.039 +- 0.078 m, vel=0.029 +- 0.059 m/s
[2026-07-08 23:23:07.415] [odom] [warning] IMU errors rot=0.071 +- 0.059 deg, trans=0.044 +- 0.029 m, vel=0.126 +- 0.087 m/s
[2026-07-08 23:23:07.415] [odom] [warning] IMU better ratios rot=0.85, trans=0.02, vel=0.04
[2026-07-08 23:23:09.410] [odom] [warning] IMU bias estimation seems inaccurate.
[2026-07-08 23:23:09.410] [odom] [warning] Possibly T_lidar_imu is not accurate or LiDAR-IMU synchronization is not correct.
[2026-07-08 23:23:09.410] [odom] [warning] IMU bias validation results:
[2026-07-08 23:23:09.410] [odom] [warning] num_bias_validations=27328
[2026-07-08 23:23:09.410] [odom] [warning] bias_acc=[0.417, -0.709, 0.018] m/s^2, bias_gyro=[-0.018, -0.000, 0.001] rad/s
[2026-07-08 23:23:09.410] [odom] [warning] acc_stat ax=0.299 +- 0.406 [min=-0.650, max=0.980], ay=-0.389 +- 0.404 [min=-1.119, max=0.329], az=0.093 +- 0.072 [min=-0.007, max=0.266] m/s^2
[2026-07-08 23:23:09.410] [odom] [warning] gyro_stat wx=-0.019 +- 0.000 [min=-0.020, max=-0.016], wy=0.000 +- 0.002 [min=-0.004, max=0.007], wz=0.001 +- 0.000 [min=0.001, max=0.002] rad/s
[2026-07-08 23:23:09.706] [glim] [info] playback speed: 2.355x
[2026-07-08 23:23:09.868] [odom] [warning] IMU prediction is not good.
[2026-07-08 23:23:09.868] [odom] [warning] Possibly T_lidar_imu is not accurate or IMU bias is not well estimated.
[2026-07-08 23:23:09.868] [odom] [warning] IMU validation results:
[2026-07-08 23:23:09.868] [odom] [warning] num_validations=26880
[2026-07-08 23:23:09.868] [odom] [warning] No-IMU errors rot=0.208 +- 0.254 deg, trans=0.039 +- 0.078 m, vel=0.029 +- 0.059 m/s
[2026-07-08 23:23:09.868] [odom] [warning] IMU errors rot=0.071 +- 0.059 deg, trans=0.044 +- 0.029 m, vel=0.126 +- 0.087 m/s
[2026-07-08 23:23:09.868] [odom] [warning] IMU better ratios rot=0.85, trans=0.02, vel=0.04
[2026-07-08 23:23:11.402] [odom] [warning] IMU bias estimation seems inaccurate.
[2026-07-08 23:23:11.402] [odom] [warning] Possibly T_lidar_imu is not accurate or LiDAR-IMU synchronization is not correct.
[2026-07-08 23:23:11.402] [odom] [warning] IMU bias validation results:
[2026-07-08 23:23:11.402] [odom] [warning] num_bias_validations=27392
[2026-07-08 23:23:11.402] [odom] [warning] bias_acc=[0.414, -0.724, 0.019] m/s^2, bias_gyro=[-0.019, -0.000, 0.001] rad/s
[2026-07-08 23:23:11.402] [odom] [warning] acc_stat ax=0.299 +- 0.406 [min=-0.650, max=0.980], ay=-0.390 +- 0.403 [min=-1.119, max=0.329], az=0.093 +- 0.072 [min=-0.007, max=0.266] m/s^2
[2026-07-08 23:23:11.402] [odom] [warning] gyro_stat wx=-0.019 +- 0.000 [min=-0.020, max=-0.016], wy=0.000 +- 0.002 [min=-0.004, max=0.007], wz=0.001 +- 0.000 [min=0.001, max=0.002] rad/s
[2026-07-08 23:23:12.364] [odom] [warning] IMU prediction is not good.
[2026-07-08 23:23:12.364] [odom] [warning] Possibly T_lidar_imu is not accurate or IMU bias is not well estimated.
[2026-07-08 23:23:12.364] [odom] [warning] IMU validation results:
[2026-07-08 23:23:12.364] [odom] [warning] num_validations=26944
[2026-07-08 23:23:12.364] [odom] [warning] No-IMU errors rot=0.208 +- 0.253 deg, trans=0.039 +- 0.078 m, vel=0.029 +- 0.059 m/s
[2026-07-08 23:23:12.364] [odom] [warning] IMU errors rot=0.071 +- 0.059 deg, trans=0.044 +- 0.029 m, vel=0.126 +- 0.087 m/s
[2026-07-08 23:23:12.364] [odom] [warning] IMU better ratios rot=0.85, trans=0.02, vel=0.04
[2026-07-08 23:23:14.661] [odom] [warning] IMU bias estimation seems inaccurate.
[2026-07-08 23:23:14.661] [odom] [warning] Possibly T_lidar_imu is not accurate or LiDAR-IMU synchronization is not correct.
[2026-07-08 23:23:14.661] [odom] [warning] IMU bias validation results:
[2026-07-08 23:23:14.661] [odom] [warning] num_bias_validations=27456
[2026-07-08 23:23:14.661] [odom] [warning] bias_acc=[0.410, -0.738, 0.019] m/s^2, bias_gyro=[-0.019, 0.000, 0.001] rad/s
[2026-07-08 23:23:14.661] [odom] [warning] acc_stat ax=0.299 +- 0.405 [min=-0.650, max=0.980], ay=-0.391 +- 0.403 [min=-1.119, max=0.329], az=0.093 +- 0.072 [min=-0.007, max=0.266] m/s^2
[2026-07-08 23:23:14.661] [odom] [warning] gyro_stat wx=-0.019 +- 0.000 [min=-0.020, max=-0.016], wy=0.000 +- 0.002 [min=-0.004, max=0.007], wz=0.001 +- 0.000 [min=0.001, max=0.002] rad/s
[2026-07-08 23:23:14.750] [glim] [info] playback speed: 2.494x
[2026-07-08 23:23:15.613] [odom] [warning] IMU prediction is not good.
[2026-07-08 23:23:15.613] [odom] [warning] Possibly T_lidar_imu is not accurate or IMU bias is not well estimated.
[2026-07-08 23:23:15.613] [odom] [warning] IMU validation results:
[2026-07-08 23:23:15.613] [odom] [warning] num_validations=27008
[2026-07-08 23:23:15.613] [odom] [warning] No-IMU errors rot=0.207 +- 0.253 deg, trans=0.039 +- 0.078 m, vel=0.029 +- 0.058 m/s
[2026-07-08 23:23:15.613] [odom] [warning] IMU errors rot=0.071 +- 0.059 deg, trans=0.044 +- 0.029 m, vel=0.126 +- 0.087 m/s
[2026-07-08 23:23:15.613] [odom] [warning] IMU better ratios rot=0.85, trans=0.02, vel=0.04
[2026-07-08 23:23:17.908] [odom] [warning] IMU bias estimation seems inaccurate.
[2026-07-08 23:23:17.908] [odom] [warning] Possibly T_lidar_imu is not accurate or LiDAR-IMU synchronization is not correct.
[2026-07-08 23:23:17.908] [odom] [warning] IMU bias validation results:
[2026-07-08 23:23:17.908] [odom] [warning] num_bias_validations=27520
[2026-07-08 23:23:17.908] [odom] [warning] bias_acc=[0.405, -0.752, 0.020] m/s^2, bias_gyro=[-0.019, 0.000, 0.001] rad/s
[2026-07-08 23:23:17.908] [odom] [warning] acc_stat ax=0.299 +- 0.405 [min=-0.650, max=0.980], ay=-0.392 +- 0.403 [min=-1.119, max=0.329], az=0.093 +- 0.072 [min=-0.007, max=0.266] m/s^2
[2026-07-08 23:23:17.908] [odom] [warning] gyro_stat wx=-0.019 +- 0.000 [min=-0.020, max=-0.016], wy=0.000 +- 0.002 [min=-0.004, max=0.007], wz=0.001 +- 0.000 [min=0.001, max=0.002] rad/s
[2026-07-08 23:23:18.858] [odom] [warning] IMU prediction is not good.
[2026-07-08 23:23:18.858] [odom] [warning] Possibly T_lidar_imu is not accurate or IMU bias is not well estimated.
[2026-07-08 23:23:18.858] [odom] [warning] IMU validation results:
[2026-07-08 23:23:18.858] [odom] [warning] num_validations=27072
[2026-07-08 23:23:18.858] [odom] [warning] No-IMU errors rot=0.207 +- 0.253 deg, trans=0.039 +- 0.078 m, vel=0.029 +- 0.058 m/s
[2026-07-08 23:23:18.858] [odom] [warning] IMU errors rot=0.071 +- 0.059 deg, trans=0.044 +- 0.029 m, vel=0.126 +- 0.087 m/s
[2026-07-08 23:23:18.858] [odom] [warning] IMU better ratios rot=0.85, trans=0.02, vel=0.04
[2026-07-08 23:23:19.766] [glim] [info] playback speed: 2.002x
[2026-07-08 23:23:21.164] [odom] [warning] IMU bias estimation seems inaccurate.
[2026-07-08 23:23:21.164] [odom] [warning] Possibly T_lidar_imu is not accurate or LiDAR-IMU synchronization is not correct.
[2026-07-08 23:23:21.164] [odom] [warning] IMU bias validation results:
[2026-07-08 23:23:21.164] [odom] [warning] num_bias_validations=27584
[2026-07-08 23:23:21.164] [odom] [warning] bias_acc=[0.400, -0.766, 0.021] m/s^2, bias_gyro=[-0.019, 0.000, 0.001] rad/s
[2026-07-08 23:23:21.164] [odom] [warning] acc_stat ax=0.300 +- 0.404 [min=-0.650, max=0.980], ay=-0.393 +- 0.403 [min=-1.119, max=0.329], az=0.093 +- 0.072 [min=-0.007, max=0.266] m/s^2
[2026-07-08 23:23:21.164] [odom] [warning] gyro_stat wx=-0.019 +- 0.000 [min=-0.020, max=-0.016], wy=0.000 +- 0.002 [min=-0.004, max=0.007], wz=0.001 +- 0.000 [min=0.001, max=0.002] rad/s
[2026-07-08 23:23:22.136] [odom] [warning] IMU prediction is not good.
[2026-07-08 23:23:22.136] [odom] [warning] Possibly T_lidar_imu is not accurate or IMU bias is not well estimated.
[2026-07-08 23:23:22.136] [odom] [warning] IMU validation results:
[2026-07-08 23:23:22.136] [odom] [warning] num_validations=27136
[2026-07-08 23:23:22.136] [odom] [warning] No-IMU errors rot=0.206 +- 0.253 deg, trans=0.039 +- 0.078 m, vel=0.029 +- 0.058 m/s
[2026-07-08 23:23:22.136] [odom] [warning] IMU errors rot=0.071 +- 0.059 deg, trans=0.044 +- 0.029 m, vel=0.126 +- 0.087 m/s
[2026-07-08 23:23:22.136] [odom] [warning] IMU better ratios rot=0.85, trans=0.02, vel=0.04
[2026-07-08 23:23:24.390] [odom] [warning] IMU bias estimation seems inaccurate.
[2026-07-08 23:23:24.390] [odom] [warning] Possibly T_lidar_imu is not accurate or LiDAR-IMU synchronization is not correct.
[2026-07-08 23:23:24.390] [odom] [warning] IMU bias validation results:
[2026-07-08 23:23:24.390] [odom] [warning] num_bias_validations=27648
[2026-07-08 23:23:24.390] [odom] [warning] bias_acc=[0.395, -0.779, 0.021] m/s^2, bias_gyro=[-0.019, 0.000, 0.001] rad/s
[2026-07-08 23:23:24.390] [odom] [warning] acc_stat ax=0.300 +- 0.404 [min=-0.650, max=0.980], ay=-0.393 +- 0.403 [min=-1.119, max=0.329], az=0.093 +- 0.072 [min=-0.007, max=0.266] m/s^2
[2026-07-08 23:23:24.390] [odom] [warning] gyro_stat wx=-0.019 +- 0.000 [min=-0.020, max=-0.016], wy=0.000 +- 0.002 [min=-0.004, max=0.007], wz=0.001 +- 0.000 [min=0.001, max=0.002] rad/s
[2026-07-08 23:23:24.794] [glim] [info] playback speed: 1.998x
[2026-07-08 23:23:25.358] [odom] [warning] IMU prediction is not good.
[2026-07-08 23:23:25.358] [odom] [warning] Possibly T_lidar_imu is not accurate or IMU bias is not well estimated.
[2026-07-08 23:23:25.358] [odom] [warning] IMU validation results:
[2026-07-08 23:23:25.358] [odom] [warning] num_validations=27200
[2026-07-08 23:23:25.358] [odom] [warning] No-IMU errors rot=0.206 +- 0.253 deg, trans=0.039 +- 0.078 m, vel=0.029 +- 0.058 m/s
[2026-07-08 23:23:25.358] [odom] [warning] IMU errors rot=0.071 +- 0.059 deg, trans=0.044 +- 0.029 m, vel=0.126 +- 0.086 m/s
[2026-07-08 23:23:25.358] [odom] [warning] IMU better ratios rot=0.85, trans=0.02, vel=0.04
[2026-07-08 23:23:25.657] [glim] [info] waiting for odometry estimation
[2026-07-08 23:23:26.229] [glim] [info] waiting for local mapping
[2026-07-08 23:23:26.268] [glim] [info] waiting for global mapping
[2026-07-08 23:23:26.477] [global] [info] saving to /home/systemlab/whill_lab0_ros2/docs/m5r-bench-data/2026-07-08-campus-outer/glim-out-fixbias/...
[2026-07-08 23:23:26.539] [global] [info] serializing factor graph to /home/systemlab/whill_lab0_ros2/docs/m5r-bench-data/2026-07-08-campus-outer/glim-out-fixbias//graph.bin
[2026-07-08 23:23:29.999] [global] [info] saving config
[2026-07-08 23:23:30.000] [global] [info] saved
real 970.81
user 2172.53
sys 49.87
==> GLIM end 2026-07-08T14:23:31Z
