==> GLIM start 2026-07-07T10:57:46Z
[2026-07-07 19:57:46.495] [glim] [info] config_path: /home/systemlab/whill_lab0_ros2/docs/m5r-bench-data/2026-07-07-campus-half-v3/glim-out/config/
[2026-07-07 19:57:46.495] [glim] [info] load libodometry_estimation_gpu.so
[2026-07-07 19:57:48.635] [glim] [info] load libsub_mapping.so
[2026-07-07 19:57:48.636] [glim] [info] load libglobal_mapping.so
[2026-07-07 19:57:48.637] [glim] [info] load libmemory_monitor.so
[2026-07-07 19:57:48.638] [glim] [info] load libstandard_viewer.so
[2026-07-07 19:57:48.799] [glim] [info] load librviz_viewer.so
[2026-07-07 19:57:48.809] [glim] [info] topics:
[2026-07-07 19:57:48.809] [glim] [info] - /imu/data_rep145
[2026-07-07 19:57:48.809] [glim] [info] - /velodyne_points
[2026-07-07 19:57:48.809] [glim] [info] - /image
[2026-07-07 19:57:48.809] [glim] [info] bag_filenames:
[2026-07-07 19:57:48.809] [glim] [info] - /home/systemlab/whill_lab0_ros2/docs/m5r-bench-data/2026-07-07-campus-half-v3/bag
[2026-07-07 19:57:48.809] [glim] [warning] param glim_ros/playback_speed not found
[2026-07-07 19:57:48.809] [glim] [warning] use default_value=100
[2026-07-07 19:57:48.809] [glim] [info] opening /home/systemlab/whill_lab0_ros2/docs/m5r-bench-data/2026-07-07-campus-half-v3/bag
[2026-07-07 19:57:48.809] [glim] [info] detected storage_id=sqlite3 from metadata.yaml
[INFO] [1783421868.811466128] [rosbag2_storage]: Opened database '/home/systemlab/whill_lab0_ros2/docs/m5r-bench-data/2026-07-07-campus-half-v3/bag/bag_0.db3' for READ_ONLY.
[2026-07-07 19:57:48.815] [glim] [warning] negative per-point timestamp is found!! min=-0.100029 max=0.001306
[2026-07-07 19:57:48.815] [glim] [warning] add an offset to the frame timestamp to make per-point ones positive!!
[2026-07-07 19:57:48.959] [odom] [info] estimate initial IMU state
Initial error: 796.761, values: 33
iter      cost      cost_change    lambda  success iter_time
   0      2.65063      7.9e+02      1e-05      1    0.00028
   1         0.14          2.5      1e-06      1    0.00021
   2         0.14      7.3e-09      1e-07      1    0.00024
[2026-07-07 19:57:48.971] [odom] [info] initial IMU state estimation result
[2026-07-07 19:57:48.971] [odom] [info] T_world_imu=se3(-0.003131,0.000289,0.000235,0.129084,-0.013169,-0.008449,0.991510)
[2026-07-07 19:57:48.971] [odom] [info] v_world_imu=vec(-0.001880,0.008529,0.071066)
[2026-07-07 19:57:48.971] [odom] [info] imu_bias=vec(-0.000470,0.000832,0.002398,-0.004071,0.000127,0.000399)
[2026-07-07 19:57:48.982] [rviz] [info] auto-detected IMU frame ID: imu_link
[2026-07-07 19:57:48.982] [rviz] [info] auto-detected LiDAR frame ID: velodyne
[2026-07-07 19:57:48.982] [rviz] [info] base_frame_id is not set. using IMU frame ID 'imu_link' as base frame ID.
[2026-07-07 19:57:51.822] [odom] [warning] IMU prediction is not good.
[2026-07-07 19:57:51.822] [odom] [warning] Possibly T_lidar_imu is not accurate or IMU bias is not well estimated.
[2026-07-07 19:57:51.822] [odom] [warning] IMU validation results:
[2026-07-07 19:57:51.822] [odom] [warning] num_validations=64
[2026-07-07 19:57:51.822] [odom] [warning] No-IMU errors rot=0.255 +- 0.284 deg, trans=0.020 +- 0.012 m, vel=0.074 +- 0.061 m/s
[2026-07-07 19:57:51.822] [odom] [warning] IMU errors rot=0.174 +- 0.162 deg, trans=0.020 +- 0.012 m, vel=0.064 +- 0.038 m/s
[2026-07-07 19:57:51.822] [odom] [warning] IMU better ratios rot=0.62, trans=0.39, vel=0.55
[2026-07-07 19:57:52.750] [odom] [warning] IMU prediction is not good.
[2026-07-07 19:57:52.750] [odom] [warning] Possibly T_lidar_imu is not accurate or IMU bias is not well estimated.
[2026-07-07 19:57:52.750] [odom] [warning] IMU validation results:
[2026-07-07 19:57:52.750] [odom] [warning] num_validations=128
[2026-07-07 19:57:52.750] [odom] [warning] No-IMU errors rot=0.203 +- 0.219 deg, trans=0.015 +- 0.010 m, vel=0.053 +- 0.049 m/s
[2026-07-07 19:57:52.750] [odom] [warning] IMU errors rot=0.131 +- 0.131 deg, trans=0.016 +- 0.010 m, vel=0.050 +- 0.032 m/s
[2026-07-07 19:57:52.750] [odom] [warning] IMU better ratios rot=0.67, trans=0.30, vel=0.48
[2026-07-07 19:57:53.825] [odom] [warning] IMU prediction is not good.
[2026-07-07 19:57:53.825] [odom] [warning] Possibly T_lidar_imu is not accurate or IMU bias is not well estimated.
[2026-07-07 19:57:53.825] [odom] [warning] IMU validation results:
[2026-07-07 19:57:53.825] [odom] [warning] num_validations=192
[2026-07-07 19:57:53.825] [odom] [warning] No-IMU errors rot=0.265 +- 0.349 deg, trans=0.016 +- 0.010 m, vel=0.051 +- 0.046 m/s
[2026-07-07 19:57:53.825] [odom] [warning] IMU errors rot=0.140 +- 0.139 deg, trans=0.017 +- 0.010 m, vel=0.053 +- 0.031 m/s
[2026-07-07 19:57:53.825] [odom] [warning] IMU better ratios rot=0.69, trans=0.22, vel=0.40
[2026-07-07 19:57:55.292] [odom] [warning] IMU prediction is not good.
[2026-07-07 19:57:55.292] [odom] [warning] Possibly T_lidar_imu is not accurate or IMU bias is not well estimated.
[2026-07-07 19:57:55.292] [odom] [warning] IMU validation results:
[2026-07-07 19:57:55.292] [odom] [warning] num_validations=256
[2026-07-07 19:57:55.292] [odom] [warning] No-IMU errors rot=0.486 +- 0.607 deg, trans=0.030 +- 0.028 m, vel=0.051 +- 0.042 m/s
[2026-07-07 19:57:55.292] [odom] [warning] IMU errors rot=0.190 +- 0.185 deg, trans=0.034 +- 0.034 m, vel=0.108 +- 0.109 m/s
[2026-07-07 19:57:55.292] [odom] [warning] IMU better ratios rot=0.74, trans=0.16, vel=0.30
[2026-07-07 19:57:57.885] [odom] [warning] IMU prediction is not good.
[2026-07-07 19:57:57.885] [odom] [warning] Possibly T_lidar_imu is not accurate or IMU bias is not well estimated.
[2026-07-07 19:57:57.885] [odom] [warning] IMU validation results:
[2026-07-07 19:57:57.885] [odom] [warning] num_validations=320
[2026-07-07 19:57:57.885] [odom] [warning] No-IMU errors rot=0.429 +- 0.558 deg, trans=0.050 +- 0.050 m, vel=0.053 +- 0.041 m/s
[2026-07-07 19:57:57.885] [odom] [warning] IMU errors rot=0.176 +- 0.171 deg, trans=0.057 +- 0.057 m, vel=0.159 +- 0.144 m/s
[2026-07-07 19:57:57.885] [odom] [warning] IMU better ratios rot=0.73, trans=0.13, vel=0.24
[2026-07-07 19:57:58.841] [glim] [info] playback speed: 3.127x
[2026-07-07 19:58:00.418] [odom] [warning] IMU prediction is not good.
[2026-07-07 19:58:00.418] [odom] [warning] Possibly T_lidar_imu is not accurate or IMU bias is not well estimated.
[2026-07-07 19:58:00.418] [odom] [warning] IMU validation results:
[2026-07-07 19:58:00.418] [odom] [warning] num_validations=384
[2026-07-07 19:58:00.418] [odom] [warning] No-IMU errors rot=0.396 +- 0.521 deg, trans=0.071 +- 0.072 m, vel=0.060 +- 0.048 m/s
[2026-07-07 19:58:00.418] [odom] [warning] IMU errors rot=0.172 +- 0.159 deg, trans=0.080 +- 0.079 m, vel=0.186 +- 0.148 m/s
[2026-07-07 19:58:00.418] [odom] [warning] IMU better ratios rot=0.71, trans=0.11, vel=0.21
[2026-07-07 19:58:01.062] [odom] [warning] IMU bias estimation seems inaccurate.
[2026-07-07 19:58:01.062] [odom] [warning] Possibly T_lidar_imu is not accurate or LiDAR-IMU synchronization is not correct.
[2026-07-07 19:58:01.062] [odom] [warning] IMU bias validation results:
[2026-07-07 19:58:01.062] [odom] [warning] num_bias_validations=704
[2026-07-07 19:58:01.062] [odom] [warning] bias_acc=[-0.527, 0.301, 0.113] m/s^2, bias_gyro=[-0.021, 0.008, 0.001] rad/s
[2026-07-07 19:58:01.062] [odom] [warning] acc_stat ax=-0.113 +- 0.179 [min=-0.527, max=0.003], ay=0.079 +- 0.089 [min=0.008, max=0.301], az=0.054 +- 0.029 [min=0.014, max=0.113] m/s^2
[2026-07-07 19:58:01.062] [odom] [warning] gyro_stat wx=-0.019 +- 0.002 [min=-0.021, max=-0.016], wy=0.004 +- 0.004 [min=0.001, max=0.010], wz=0.001 +- 0.000 [min=0.000, max=0.001] rad/s
[2026-07-07 19:58:03.159] [odom] [warning] IMU prediction is not good.
[2026-07-07 19:58:03.159] [odom] [warning] Possibly T_lidar_imu is not accurate or IMU bias is not well estimated.
[2026-07-07 19:58:03.159] [odom] [warning] IMU validation results:
[2026-07-07 19:58:03.159] [odom] [warning] num_validations=448
[2026-07-07 19:58:03.159] [odom] [warning] No-IMU errors rot=0.373 +- 0.489 deg, trans=0.087 +- 0.086 m, vel=0.066 +- 0.049 m/s
[2026-07-07 19:58:03.159] [odom] [warning] IMU errors rot=0.167 +- 0.151 deg, trans=0.097 +- 0.092 m, vel=0.197 +- 0.143 m/s
[2026-07-07 19:58:03.159] [odom] [warning] IMU better ratios rot=0.71, trans=0.09, vel=0.19
[2026-07-07 19:58:03.862] [glim] [info] playback speed: 2.443x
[2026-07-07 19:58:04.029] [odom] [warning] IMU bias estimation seems inaccurate.
[2026-07-07 19:58:04.029] [odom] [warning] Possibly T_lidar_imu is not accurate or LiDAR-IMU synchronization is not correct.
[2026-07-07 19:58:04.029] [odom] [warning] IMU bias validation results:
[2026-07-07 19:58:04.029] [odom] [warning] num_bias_validations=768
[2026-07-07 19:58:04.029] [odom] [warning] bias_acc=[-0.637, 0.364, 0.123] m/s^2, bias_gyro=[-0.021, 0.006, 0.001] rad/s
[2026-07-07 19:58:04.029] [odom] [warning] acc_stat ax=-0.157 +- 0.224 [min=-0.637, max=0.003], ay=0.103 +- 0.116 [min=0.008, max=0.364], az=0.059 +- 0.033 [min=0.014, max=0.123] m/s^2
[2026-07-07 19:58:04.029] [odom] [warning] gyro_stat wx=-0.019 +- 0.002 [min=-0.021, max=-0.016], wy=0.004 +- 0.004 [min=0.001, max=0.010], wz=0.001 +- 0.000 [min=0.000, max=0.001] rad/s
[2026-07-07 19:58:06.487] [odom] [warning] IMU prediction is not good.
[2026-07-07 19:58:06.487] [odom] [warning] Possibly T_lidar_imu is not accurate or IMU bias is not well estimated.
[2026-07-07 19:58:06.487] [odom] [warning] IMU validation results:
[2026-07-07 19:58:06.487] [odom] [warning] num_validations=512
[2026-07-07 19:58:06.487] [odom] [warning] No-IMU errors rot=0.348 +- 0.464 deg, trans=0.119 +- 0.149 m, vel=0.077 +- 0.073 m/s
[2026-07-07 19:58:06.487] [odom] [warning] IMU errors rot=0.160 +- 0.144 deg, trans=0.129 +- 0.152 m, vel=0.219 +- 0.155 m/s
[2026-07-07 19:58:06.487] [odom] [warning] IMU better ratios rot=0.71, trans=0.08, vel=0.17
[2026-07-07 19:58:06.901] [odom] [warning] IMU bias estimation seems inaccurate.
[2026-07-07 19:58:06.901] [odom] [warning] Possibly T_lidar_imu is not accurate or LiDAR-IMU synchronization is not correct.
[2026-07-07 19:58:06.901] [odom] [warning] IMU bias validation results:
[2026-07-07 19:58:06.901] [odom] [warning] num_bias_validations=832
[2026-07-07 19:58:06.901] [odom] [warning] bias_acc=[-0.791, 0.426, 0.132] m/s^2, bias_gyro=[-0.020, 0.005, 0.001] rad/s
[2026-07-07 19:58:06.901] [odom] [warning] acc_stat ax=-0.206 +- 0.274 [min=-0.791, max=0.003], ay=0.127 +- 0.141 [min=0.008, max=0.426], az=0.065 +- 0.037 [min=0.014, max=0.132] m/s^2
[2026-07-07 19:58:06.901] [odom] [warning] gyro_stat wx=-0.019 +- 0.002 [min=-0.021, max=-0.016], wy=0.004 +- 0.003 [min=0.001, max=0.010], wz=0.001 +- 0.000 [min=0.000, max=0.001] rad/s
[2026-07-07 19:58:08.918] [glim] [info] playback speed: 2.066x
[2026-07-07 19:58:09.767] [odom] [warning] IMU prediction is not good.
[2026-07-07 19:58:09.767] [odom] [warning] Possibly T_lidar_imu is not accurate or IMU bias is not well estimated.
[2026-07-07 19:58:09.767] [odom] [warning] IMU validation results:
[2026-07-07 19:58:09.767] [odom] [warning] num_validations=576
[2026-07-07 19:58:09.767] [odom] [warning] No-IMU errors rot=0.330 +- 0.446 deg, trans=0.118 +- 0.141 m, vel=0.076 +- 0.070 m/s
[2026-07-07 19:58:09.767] [odom] [warning] IMU errors rot=0.150 +- 0.139 deg, trans=0.128 +- 0.144 m, vel=0.222 +- 0.148 m/s
[2026-07-07 19:58:09.767] [odom] [warning] IMU better ratios rot=0.73, trans=0.07, vel=0.15
[2026-07-07 19:58:10.618] [odom] [warning] IMU bias estimation seems inaccurate.
[2026-07-07 19:58:10.618] [odom] [warning] Possibly T_lidar_imu is not accurate or LiDAR-IMU synchronization is not correct.
[2026-07-07 19:58:10.618] [odom] [warning] IMU bias validation results:
[2026-07-07 19:58:10.618] [odom] [warning] num_bias_validations=896
[2026-07-07 19:58:10.618] [odom] [warning] bias_acc=[-0.884, 0.492, 0.137] m/s^2, bias_gyro=[-0.020, 0.004, 0.001] rad/s
[2026-07-07 19:58:10.618] [odom] [warning] acc_stat ax=-0.254 +- 0.316 [min=-0.884, max=0.003], ay=0.154 +- 0.165 [min=0.008, max=0.492], az=0.070 +- 0.041 [min=0.014, max=0.137] m/s^2
[2026-07-07 19:58:10.618] [odom] [warning] gyro_stat wx=-0.019 +- 0.002 [min=-0.021, max=-0.016], wy=0.004 +- 0.003 [min=0.001, max=0.010], wz=0.001 +- 0.000 [min=0.000, max=0.001] rad/s
[2026-07-07 19:58:13.839] [odom] [warning] IMU prediction is not good.
[2026-07-07 19:58:13.840] [odom] [warning] Possibly T_lidar_imu is not accurate or IMU bias is not well estimated.
[2026-07-07 19:58:13.840] [odom] [warning] IMU validation results:
[2026-07-07 19:58:13.840] [odom] [warning] num_validations=640
[2026-07-07 19:58:13.840] [odom] [warning] No-IMU errors rot=0.308 +- 0.428 deg, trans=0.116 +- 0.135 m, vel=0.074 +- 0.068 m/s
[2026-07-07 19:58:13.840] [odom] [warning] IMU errors rot=0.142 +- 0.135 deg, trans=0.126 +- 0.138 m, vel=0.223 +- 0.141 m/s
[2026-07-07 19:58:13.840] [odom] [warning] IMU better ratios rot=0.73, trans=0.07, vel=0.13
[2026-07-07 19:58:13.968] [glim] [info] playback speed: 1.628x
[2026-07-07 19:58:14.923] [odom] [warning] IMU bias estimation seems inaccurate.
[2026-07-07 19:58:14.923] [odom] [warning] Possibly T_lidar_imu is not accurate or LiDAR-IMU synchronization is not correct.
[2026-07-07 19:58:14.923] [odom] [warning] IMU bias validation results:
[2026-07-07 19:58:14.923] [odom] [warning] num_bias_validations=960
[2026-07-07 19:58:14.923] [odom] [warning] bias_acc=[-0.971, 0.550, 0.143] m/s^2, bias_gyro=[-0.019, 0.003, 0.001] rad/s
[2026-07-07 19:58:14.923] [odom] [warning] acc_stat ax=-0.302 +- 0.354 [min=-0.971, max=0.003], ay=0.180 +- 0.188 [min=0.008, max=0.550], az=0.075 +- 0.043 [min=0.014, max=0.143] m/s^2
[2026-07-07 19:58:14.923] [odom] [warning] gyro_stat wx=-0.019 +- 0.002 [min=-0.021, max=-0.016], wy=0.004 +- 0.003 [min=0.001, max=0.010], wz=0.001 +- 0.000 [min=0.000, max=0.001] rad/s
[2026-07-07 19:58:18.936] [odom] [warning] IMU prediction is not good.
[2026-07-07 19:58:18.936] [odom] [warning] Possibly T_lidar_imu is not accurate or IMU bias is not well estimated.
[2026-07-07 19:58:18.936] [odom] [warning] IMU validation results:
[2026-07-07 19:58:18.936] [odom] [warning] num_validations=704
[2026-07-07 19:58:18.936] [odom] [warning] No-IMU errors rot=0.293 +- 0.412 deg, trans=0.115 +- 0.129 m, vel=0.073 +- 0.066 m/s
[2026-07-07 19:58:18.936] [odom] [warning] IMU errors rot=0.136 +- 0.130 deg, trans=0.125 +- 0.132 m, vel=0.225 +- 0.136 m/s
[2026-07-07 19:58:18.936] [odom] [warning] IMU better ratios rot=0.73, trans=0.06, vel=0.12
[2026-07-07 19:58:19.007] [glim] [info] playback speed: 1.308x
[2026-07-07 19:58:19.811] [odom] [warning] IMU bias estimation seems inaccurate.
[2026-07-07 19:58:19.811] [odom] [warning] Possibly T_lidar_imu is not accurate or LiDAR-IMU synchronization is not correct.
[2026-07-07 19:58:19.811] [odom] [warning] IMU bias validation results:
[2026-07-07 19:58:19.811] [odom] [warning] num_bias_validations=1024
[2026-07-07 19:58:19.811] [odom] [warning] bias_acc=[-1.062, 0.601, 0.147] m/s^2, bias_gyro=[-0.020, 0.003, 0.001] rad/s
[2026-07-07 19:58:19.811] [odom] [warning] acc_stat ax=-0.349 +- 0.389 [min=-1.062, max=0.003], ay=0.206 +- 0.208 [min=0.008, max=0.601], az=0.079 +- 0.045 [min=0.014, max=0.147] m/s^2
[2026-07-07 19:58:19.811] [odom] [warning] gyro_stat wx=-0.019 +- 0.002 [min=-0.021, max=-0.016], wy=0.004 +- 0.003 [min=0.001, max=0.010], wz=0.001 +- 0.000 [min=0.000, max=0.001] rad/s
[2026-07-07 19:58:20.955] [odom] [warning] IMU prediction is not good.
[2026-07-07 19:58:20.955] [odom] [warning] Possibly T_lidar_imu is not accurate or IMU bias is not well estimated.
[2026-07-07 19:58:20.955] [odom] [warning] IMU validation results:
[2026-07-07 19:58:20.955] [odom] [warning] num_validations=768
[2026-07-07 19:58:20.955] [odom] [warning] No-IMU errors rot=0.287 +- 0.398 deg, trans=0.112 +- 0.124 m, vel=0.070 +- 0.065 m/s
[2026-07-07 19:58:20.955] [odom] [warning] IMU errors rot=0.132 +- 0.127 deg, trans=0.123 +- 0.127 m, vel=0.224 +- 0.130 m/s
[2026-07-07 19:58:20.955] [odom] [warning] IMU better ratios rot=0.75, trans=0.05, vel=0.11
[2026-07-07 19:58:21.774] [odom] [warning] IMU bias estimation seems inaccurate.
[2026-07-07 19:58:21.774] [odom] [warning] Possibly T_lidar_imu is not accurate or LiDAR-IMU synchronization is not correct.
[2026-07-07 19:58:21.774] [odom] [warning] IMU bias validation results:
[2026-07-07 19:58:21.774] [odom] [warning] num_bias_validations=1088
[2026-07-07 19:58:21.774] [odom] [warning] bias_acc=[-1.140, 0.651, 0.153] m/s^2, bias_gyro=[-0.020, 0.004, 0.001] rad/s
[2026-07-07 19:58:21.774] [odom] [warning] acc_stat ax=-0.396 +- 0.421 [min=-1.140, max=0.003], ay=0.232 +- 0.228 [min=0.008, max=0.651], az=0.084 +- 0.047 [min=0.014, max=0.153] m/s^2
[2026-07-07 19:58:21.774] [odom] [warning] gyro_stat wx=-0.019 +- 0.002 [min=-0.021, max=-0.016], wy=0.004 +- 0.003 [min=0.001, max=0.010], wz=0.001 +- 0.000 [min=0.000, max=0.001] rad/s
[2026-07-07 19:58:24.028] [glim] [info] playback speed: 2.160x
[2026-07-07 19:58:24.599] [odom] [warning] IMU prediction is not good.
[2026-07-07 19:58:24.599] [odom] [warning] Possibly T_lidar_imu is not accurate or IMU bias is not well estimated.
[2026-07-07 19:58:24.599] [odom] [warning] IMU validation results:
[2026-07-07 19:58:24.599] [odom] [warning] num_validations=832
[2026-07-07 19:58:24.599] [odom] [warning] No-IMU errors rot=0.276 +- 0.385 deg, trans=0.111 +- 0.120 m, vel=0.068 +- 0.063 m/s
[2026-07-07 19:58:24.599] [odom] [warning] IMU errors rot=0.127 +- 0.123 deg, trans=0.122 +- 0.122 m, vel=0.227 +- 0.126 m/s
[2026-07-07 19:58:24.599] [odom] [warning] IMU better ratios rot=0.75, trans=0.05, vel=0.10
[2026-07-07 19:58:24.860] [odom] [warning] IMU bias estimation seems inaccurate.
[2026-07-07 19:58:24.860] [odom] [warning] Possibly T_lidar_imu is not accurate or LiDAR-IMU synchronization is not correct.
[2026-07-07 19:58:24.860] [odom] [warning] IMU bias validation results:
[2026-07-07 19:58:24.860] [odom] [warning] num_bias_validations=1152
[2026-07-07 19:58:24.860] [odom] [warning] bias_acc=[-1.225, 0.718, 0.158] m/s^2, bias_gyro=[-0.019, 0.004, 0.001] rad/s
[2026-07-07 19:58:24.860] [odom] [warning] acc_stat ax=-0.442 +- 0.451 [min=-1.225, max=0.003], ay=0.259 +- 0.248 [min=0.008, max=0.718], az=0.088 +- 0.049 [min=0.014, max=0.158] m/s^2
[2026-07-07 19:58:24.860] [odom] [warning] gyro_stat wx=-0.019 +- 0.002 [min=-0.021, max=-0.016], wy=0.004 +- 0.003 [min=0.001, max=0.010], wz=0.001 +- 0.000 [min=0.000, max=0.001] rad/s
[2026-07-07 19:58:27.202] [odom] [warning] IMU prediction is not good.
[2026-07-07 19:58:27.202] [odom] [warning] Possibly T_lidar_imu is not accurate or IMU bias is not well estimated.
[2026-07-07 19:58:27.202] [odom] [warning] IMU validation results:
[2026-07-07 19:58:27.202] [odom] [warning] num_validations=896
[2026-07-07 19:58:27.202] [odom] [warning] No-IMU errors rot=0.262 +- 0.375 deg, trans=0.109 +- 0.116 m, vel=0.066 +- 0.062 m/s
[2026-07-07 19:58:27.202] [odom] [warning] IMU errors rot=0.122 +- 0.120 deg, trans=0.120 +- 0.118 m, vel=0.228 +- 0.122 m/s
[2026-07-07 19:58:27.202] [odom] [warning] IMU better ratios rot=0.75, trans=0.05, vel=0.10
[2026-07-07 19:58:27.702] [odom] [warning] IMU bias estimation seems inaccurate.
[2026-07-07 19:58:27.702] [odom] [warning] Possibly T_lidar_imu is not accurate or LiDAR-IMU synchronization is not correct.
[2026-07-07 19:58:27.702] [odom] [warning] IMU bias validation results:
[2026-07-07 19:58:27.702] [odom] [warning] num_bias_validations=1216
[2026-07-07 19:58:27.702] [odom] [warning] bias_acc=[-1.302, 0.774, 0.164] m/s^2, bias_gyro=[-0.019, 0.003, 0.001] rad/s
[2026-07-07 19:58:27.702] [odom] [warning] acc_stat ax=-0.487 +- 0.479 [min=-1.302, max=0.003], ay=0.287 +- 0.267 [min=0.008, max=0.774], az=0.092 +- 0.051 [min=0.014, max=0.164] m/s^2
[2026-07-07 19:58:27.702] [odom] [warning] gyro_stat wx=-0.019 +- 0.001 [min=-0.021, max=-0.016], wy=0.004 +- 0.003 [min=0.001, max=0.010], wz=0.001 +- 0.000 [min=0.000, max=0.001] rad/s
[2026-07-07 19:58:29.050] [glim] [info] playback speed: 2.524x
[2026-07-07 19:58:29.421] [odom] [warning] IMU prediction is not good.
[2026-07-07 19:58:29.421] [odom] [warning] Possibly T_lidar_imu is not accurate or IMU bias is not well estimated.
[2026-07-07 19:58:29.421] [odom] [warning] IMU validation results:
[2026-07-07 19:58:29.421] [odom] [warning] num_validations=960
[2026-07-07 19:58:29.421] [odom] [warning] No-IMU errors rot=0.251 +- 0.364 deg, trans=0.106 +- 0.113 m, vel=0.063 +- 0.061 m/s
[2026-07-07 19:58:29.421] [odom] [warning] IMU errors rot=0.117 +- 0.118 deg, trans=0.117 +- 0.115 m, vel=0.227 +- 0.118 m/s
[2026-07-07 19:58:29.421] [odom] [warning] IMU better ratios rot=0.76, trans=0.04, vel=0.09
[2026-07-07 19:58:30.015] [odom] [warning] IMU bias estimation seems inaccurate.
[2026-07-07 19:58:30.015] [odom] [warning] Possibly T_lidar_imu is not accurate or LiDAR-IMU synchronization is not correct.
[2026-07-07 19:58:30.015] [odom] [warning] IMU bias validation results:
[2026-07-07 19:58:30.015] [odom] [warning] num_bias_validations=1280
[2026-07-07 19:58:30.015] [odom] [warning] bias_acc=[-1.370, 0.821, 0.168] m/s^2, bias_gyro=[-0.019, 0.002, 0.001] rad/s
[2026-07-07 19:58:30.015] [odom] [warning] acc_stat ax=-0.531 +- 0.505 [min=-1.370, max=0.003], ay=0.313 +- 0.285 [min=0.008, max=0.821], az=0.096 +- 0.052 [min=0.014, max=0.168] m/s^2
[2026-07-07 19:58:30.015] [odom] [warning] gyro_stat wx=-0.019 +- 0.001 [min=-0.021, max=-0.016], wy=0.004 +- 0.003 [min=0.001, max=0.010], wz=0.001 +- 0.000 [min=0.000, max=0.001] rad/s
[2026-07-07 19:58:32.990] [odom] [warning] IMU prediction is not good.
[2026-07-07 19:58:32.990] [odom] [warning] Possibly T_lidar_imu is not accurate or IMU bias is not well estimated.
[2026-07-07 19:58:32.990] [odom] [warning] IMU validation results:
[2026-07-07 19:58:32.990] [odom] [warning] num_validations=1024
[2026-07-07 19:58:32.990] [odom] [warning] No-IMU errors rot=0.244 +- 0.354 deg, trans=0.103 +- 0.110 m, vel=0.061 +- 0.060 m/s
[2026-07-07 19:58:32.990] [odom] [warning] IMU errors rot=0.117 +- 0.118 deg, trans=0.114 +- 0.112 m, vel=0.226 +- 0.115 m/s
[2026-07-07 19:58:32.990] [odom] [warning] IMU better ratios rot=0.76, trans=0.04, vel=0.08
[2026-07-07 19:58:33.920] [odom] [warning] IMU bias estimation seems inaccurate.
[2026-07-07 19:58:33.920] [odom] [warning] Possibly T_lidar_imu is not accurate or LiDAR-IMU synchronization is not correct.
[2026-07-07 19:58:33.920] [odom] [warning] IMU bias validation results:
[2026-07-07 19:58:33.920] [odom] [warning] num_bias_validations=1344
[2026-07-07 19:58:33.920] [odom] [warning] bias_acc=[-1.437, 0.857, 0.174] m/s^2, bias_gyro=[-0.019, 0.002, 0.001] rad/s
[2026-07-07 19:58:33.920] [odom] [warning] acc_stat ax=-0.574 +- 0.529 [min=-1.437, max=0.003], ay=0.339 +- 0.301 [min=0.008, max=0.857], az=0.099 +- 0.053 [min=0.014, max=0.174] m/s^2
[2026-07-07 19:58:33.920] [odom] [warning] gyro_stat wx=-0.019 +- 0.001 [min=-0.021, max=-0.016], wy=0.004 +- 0.003 [min=0.001, max=0.010], wz=0.001 +- 0.000 [min=0.000, max=0.001] rad/s
[2026-07-07 19:58:34.102] [glim] [info] playback speed: 2.028x
[2026-07-07 19:58:36.896] [odom] [warning] IMU prediction is not good.
[2026-07-07 19:58:36.896] [odom] [warning] Possibly T_lidar_imu is not accurate or IMU bias is not well estimated.
[2026-07-07 19:58:36.896] [odom] [warning] IMU validation results:
[2026-07-07 19:58:36.896] [odom] [warning] num_validations=1088
[2026-07-07 19:58:36.896] [odom] [warning] No-IMU errors rot=0.244 +- 0.348 deg, trans=0.100 +- 0.107 m, vel=0.060 +- 0.058 m/s
[2026-07-07 19:58:36.896] [odom] [warning] IMU errors rot=0.116 +- 0.115 deg, trans=0.111 +- 0.109 m, vel=0.224 +- 0.111 m/s
[2026-07-07 19:58:36.896] [odom] [warning] IMU better ratios rot=0.77, trans=0.04, vel=0.08
[2026-07-07 19:58:37.103] [odom] [warning] IMU bias estimation seems inaccurate.
[2026-07-07 19:58:37.103] [odom] [warning] Possibly T_lidar_imu is not accurate or LiDAR-IMU synchronization is not correct.
[2026-07-07 19:58:37.103] [odom] [warning] IMU bias validation results:
[2026-07-07 19:58:37.103] [odom] [warning] num_bias_validations=1408
[2026-07-07 19:58:37.103] [odom] [warning] bias_acc=[-1.503, 0.894, 0.179] m/s^2, bias_gyro=[-0.020, 0.003, 0.001] rad/s
[2026-07-07 19:58:37.103] [odom] [warning] acc_stat ax=-0.617 +- 0.552 [min=-1.503, max=0.003], ay=0.364 +- 0.316 [min=0.008, max=0.894], az=0.103 +- 0.055 [min=0.014, max=0.179] m/s^2
[2026-07-07 19:58:37.103] [odom] [warning] gyro_stat wx=-0.019 +- 0.001 [min=-0.021, max=-0.016], wy=0.004 +- 0.003 [min=0.001, max=0.010], wz=0.001 +- 0.000 [min=0.000, max=0.001] rad/s
[2026-07-07 19:58:39.136] [glim] [info] playback speed: 1.935x
[2026-07-07 19:58:40.046] [odom] [warning] IMU prediction is not good.
[2026-07-07 19:58:40.046] [odom] [warning] Possibly T_lidar_imu is not accurate or IMU bias is not well estimated.
[2026-07-07 19:58:40.046] [odom] [warning] IMU validation results:
[2026-07-07 19:58:40.046] [odom] [warning] num_validations=1152
[2026-07-07 19:58:40.046] [odom] [warning] No-IMU errors rot=0.237 +- 0.340 deg, trans=0.098 +- 0.104 m, vel=0.059 +- 0.057 m/s
[2026-07-07 19:58:40.046] [odom] [warning] IMU errors rot=0.114 +- 0.113 deg, trans=0.108 +- 0.107 m, vel=0.223 +- 0.109 m/s
[2026-07-07 19:58:40.046] [odom] [warning] IMU better ratios rot=0.77, trans=0.04, vel=0.07
[2026-07-07 19:58:40.784] [odom] [warning] IMU bias estimation seems inaccurate.
[2026-07-07 19:58:40.784] [odom] [warning] Possibly T_lidar_imu is not accurate or LiDAR-IMU synchronization is not correct.
[2026-07-07 19:58:40.784] [odom] [warning] IMU bias validation results:
[2026-07-07 19:58:40.784] [odom] [warning] num_bias_validations=1472
[2026-07-07 19:58:40.784] [odom] [warning] bias_acc=[-1.564, 0.928, 0.185] m/s^2, bias_gyro=[-0.020, 0.002, 0.001] rad/s
[2026-07-07 19:58:40.784] [odom] [warning] acc_stat ax=-0.658 +- 0.573 [min=-1.564, max=0.003], ay=0.389 +- 0.330 [min=0.008, max=0.928], az=0.107 +- 0.056 [min=0.014, max=0.185] m/s^2
[2026-07-07 19:58:40.784] [odom] [warning] gyro_stat wx=-0.019 +- 0.001 [min=-0.021, max=-0.016], wy=0.004 +- 0.003 [min=0.001, max=0.010], wz=0.001 +- 0.000 [min=0.000, max=0.001] rad/s
[2026-07-07 19:58:43.317] [odom] [warning] IMU prediction is not good.
[2026-07-07 19:58:43.317] [odom] [warning] Possibly T_lidar_imu is not accurate or IMU bias is not well estimated.
[2026-07-07 19:58:43.317] [odom] [warning] IMU validation results:
[2026-07-07 19:58:43.317] [odom] [warning] num_validations=1216
[2026-07-07 19:58:43.317] [odom] [warning] No-IMU errors rot=0.232 +- 0.332 deg, trans=0.096 +- 0.102 m, vel=0.058 +- 0.056 m/s
[2026-07-07 19:58:43.317] [odom] [warning] IMU errors rot=0.111 +- 0.111 deg, trans=0.106 +- 0.104 m, vel=0.221 +- 0.106 m/s
[2026-07-07 19:58:43.317] [odom] [warning] IMU better ratios rot=0.77, trans=0.03, vel=0.07
[2026-07-07 19:58:44.156] [glim] [info] playback speed: 1.840x
[2026-07-07 19:58:44.274] [odom] [warning] IMU bias estimation seems inaccurate.
[2026-07-07 19:58:44.274] [odom] [warning] Possibly T_lidar_imu is not accurate or LiDAR-IMU synchronization is not correct.
[2026-07-07 19:58:44.274] [odom] [warning] IMU bias validation results:
[2026-07-07 19:58:44.274] [odom] [warning] num_bias_validations=1536
[2026-07-07 19:58:44.274] [odom] [warning] bias_acc=[-1.626, 0.956, 0.192] m/s^2, bias_gyro=[-0.020, 0.002, 0.001] rad/s
[2026-07-07 19:58:44.274] [odom] [warning] acc_stat ax=-0.698 +- 0.594 [min=-1.626, max=0.003], ay=0.413 +- 0.342 [min=0.008, max=0.956], az=0.110 +- 0.057 [min=0.014, max=0.192] m/s^2
[2026-07-07 19:58:44.274] [odom] [warning] gyro_stat wx=-0.019 +- 0.001 [min=-0.021, max=-0.016], wy=0.003 +- 0.003 [min=0.001, max=0.010], wz=0.001 +- 0.000 [min=0.000, max=0.001] rad/s
[2026-07-07 19:58:47.237] [odom] [warning] IMU prediction is not good.
[2026-07-07 19:58:47.237] [odom] [warning] Possibly T_lidar_imu is not accurate or IMU bias is not well estimated.
[2026-07-07 19:58:47.237] [odom] [warning] IMU validation results:
[2026-07-07 19:58:47.237] [odom] [warning] num_validations=1280
[2026-07-07 19:58:47.237] [odom] [warning] No-IMU errors rot=0.229 +- 0.325 deg, trans=0.094 +- 0.100 m, vel=0.057 +- 0.055 m/s
[2026-07-07 19:58:47.237] [odom] [warning] IMU errors rot=0.108 +- 0.109 deg, trans=0.104 +- 0.102 m, vel=0.220 +- 0.104 m/s
[2026-07-07 19:58:47.237] [odom] [warning] IMU better ratios rot=0.78, trans=0.03, vel=0.07
[2026-07-07 19:58:47.974] [odom] [warning] IMU bias estimation seems inaccurate.
[2026-07-07 19:58:47.974] [odom] [warning] Possibly T_lidar_imu is not accurate or LiDAR-IMU synchronization is not correct.
[2026-07-07 19:58:47.974] [odom] [warning] IMU bias validation results:
[2026-07-07 19:58:47.974] [odom] [warning] num_bias_validations=1600
[2026-07-07 19:58:47.974] [odom] [warning] bias_acc=[-1.685, 0.987, 0.199] m/s^2, bias_gyro=[-0.019, 0.002, 0.001] rad/s
[2026-07-07 19:58:47.974] [odom] [warning] acc_stat ax=-0.738 +- 0.613 [min=-1.685, max=0.003], ay=0.435 +- 0.354 [min=0.008, max=0.987], az=0.114 +- 0.059 [min=0.014, max=0.199] m/s^2
[2026-07-07 19:58:47.974] [odom] [warning] gyro_stat wx=-0.019 +- 0.001 [min=-0.021, max=-0.016], wy=0.003 +- 0.003 [min=0.001, max=0.010], wz=0.001 +- 0.000 [min=0.000, max=0.001] rad/s
[2026-07-07 19:58:49.219] [glim] [info] playback speed: 1.702x
[2026-07-07 19:58:50.543] [odom] [warning] IMU prediction is not good.
[2026-07-07 19:58:50.543] [odom] [warning] Possibly T_lidar_imu is not accurate or IMU bias is not well estimated.
[2026-07-07 19:58:50.543] [odom] [warning] IMU validation results:
[2026-07-07 19:58:50.543] [odom] [warning] num_validations=1344
[2026-07-07 19:58:50.543] [odom] [warning] No-IMU errors rot=0.224 +- 0.319 deg, trans=0.092 +- 0.098 m, vel=0.055 +- 0.054 m/s
[2026-07-07 19:58:50.543] [odom] [warning] IMU errors rot=0.106 +- 0.107 deg, trans=0.103 +- 0.100 m, vel=0.219 +- 0.101 m/s
[2026-07-07 19:58:50.543] [odom] [warning] IMU better ratios rot=0.79, trans=0.03, vel=0.06
[2026-07-07 19:58:51.341] [odom] [warning] IMU bias estimation seems inaccurate.
[2026-07-07 19:58:51.341] [odom] [warning] Possibly T_lidar_imu is not accurate or LiDAR-IMU synchronization is not correct.
[2026-07-07 19:58:51.341] [odom] [warning] IMU bias validation results:
[2026-07-07 19:58:51.341] [odom] [warning] num_bias_validations=1664
[2026-07-07 19:58:51.341] [odom] [warning] bias_acc=[-1.742, 1.026, 0.205] m/s^2, bias_gyro=[-0.019, 0.002, 0.001] rad/s
[2026-07-07 19:58:51.341] [odom] [warning] acc_stat ax=-0.776 +- 0.631 [min=-1.742, max=0.003], ay=0.458 +- 0.365 [min=0.008, max=1.026], az=0.117 +- 0.060 [min=0.014, max=0.205] m/s^2
[2026-07-07 19:58:51.341] [odom] [warning] gyro_stat wx=-0.019 +- 0.001 [min=-0.021, max=-0.016], wy=0.003 +- 0.002 [min=0.001, max=0.010], wz=0.001 +- 0.000 [min=0.000, max=0.001] rad/s
[2026-07-07 19:58:54.202] [odom] [warning] IMU prediction is not good.
[2026-07-07 19:58:54.202] [odom] [warning] Possibly T_lidar_imu is not accurate or IMU bias is not well estimated.
[2026-07-07 19:58:54.202] [odom] [warning] IMU validation results:
[2026-07-07 19:58:54.202] [odom] [warning] num_validations=1408
[2026-07-07 19:58:54.202] [odom] [warning] No-IMU errors rot=0.224 +- 0.313 deg, trans=0.091 +- 0.096 m, vel=0.055 +- 0.053 m/s
[2026-07-07 19:58:54.202] [odom] [warning] IMU errors rot=0.105 +- 0.105 deg, trans=0.101 +- 0.098 m, vel=0.219 +- 0.099 m/s
[2026-07-07 19:58:54.202] [odom] [warning] IMU better ratios rot=0.79, trans=0.03, vel=0.06
[2026-07-07 19:58:54.225] [glim] [info] playback speed: 1.883x
[2026-07-07 19:58:55.128] [odom] [warning] IMU bias estimation seems inaccurate.
[2026-07-07 19:58:55.128] [odom] [warning] Possibly T_lidar_imu is not accurate or LiDAR-IMU synchronization is not correct.
[2026-07-07 19:58:55.128] [odom] [warning] IMU bias validation results:
[2026-07-07 19:58:55.128] [odom] [warning] num_bias_validations=1728
[2026-07-07 19:58:55.128] [odom] [warning] bias_acc=[-1.801, 1.068, 0.212] m/s^2, bias_gyro=[-0.019, 0.002, 0.001] rad/s
[2026-07-07 19:58:55.128] [odom] [warning] acc_stat ax=-0.814 +- 0.649 [min=-1.801, max=0.003], ay=0.481 +- 0.376 [min=0.008, max=1.068], az=0.121 +- 0.062 [min=0.014, max=0.212] m/s^2
[2026-07-07 19:58:55.128] [odom] [warning] gyro_stat wx=-0.019 +- 0.001 [min=-0.021, max=-0.016], wy=0.003 +- 0.002 [min=0.001, max=0.010], wz=0.001 +- 0.000 [min=0.000, max=0.001] rad/s
[2026-07-07 19:58:57.292] [odom] [warning] IMU prediction is not good.
[2026-07-07 19:58:57.292] [odom] [warning] Possibly T_lidar_imu is not accurate or IMU bias is not well estimated.
[2026-07-07 19:58:57.292] [odom] [warning] IMU validation results:
[2026-07-07 19:58:57.292] [odom] [warning] num_validations=1472
[2026-07-07 19:58:57.293] [odom] [warning] No-IMU errors rot=0.224 +- 0.309 deg, trans=0.089 +- 0.094 m, vel=0.054 +- 0.052 m/s
[2026-07-07 19:58:57.293] [odom] [warning] IMU errors rot=0.104 +- 0.104 deg, trans=0.100 +- 0.096 m, vel=0.218 +- 0.097 m/s
[2026-07-07 19:58:57.293] [odom] [warning] IMU better ratios rot=0.80, trans=0.03, vel=0.06
[2026-07-07 19:58:58.173] [odom] [warning] IMU bias estimation seems inaccurate.
[2026-07-07 19:58:58.173] [odom] [warning] Possibly T_lidar_imu is not accurate or LiDAR-IMU synchronization is not correct.
[2026-07-07 19:58:58.173] [odom] [warning] IMU bias validation results:
[2026-07-07 19:58:58.173] [odom] [warning] num_bias_validations=1792
[2026-07-07 19:58:58.173] [odom] [warning] bias_acc=[-1.858, 1.101, 0.221] m/s^2, bias_gyro=[-0.018, 0.002, 0.001] rad/s
[2026-07-07 19:58:58.173] [odom] [warning] acc_stat ax=-0.852 +- 0.666 [min=-1.858, max=0.003], ay=0.503 +- 0.387 [min=0.008, max=1.101], az=0.124 +- 0.064 [min=0.014, max=0.221] m/s^2
[2026-07-07 19:58:58.173] [odom] [warning] gyro_stat wx=-0.019 +- 0.001 [min=-0.021, max=-0.016], wy=0.003 +- 0.002 [min=0.001, max=0.010], wz=0.001 +- 0.000 [min=0.000, max=0.001] rad/s
[2026-07-07 19:58:59.270] [glim] [info] playback speed: 1.930x
[2026-07-07 19:59:01.483] [odom] [warning] IMU prediction is not good.
[2026-07-07 19:59:01.483] [odom] [warning] Possibly T_lidar_imu is not accurate or IMU bias is not well estimated.
[2026-07-07 19:59:01.483] [odom] [warning] IMU validation results:
[2026-07-07 19:59:01.483] [odom] [warning] num_validations=1536
[2026-07-07 19:59:01.483] [odom] [warning] No-IMU errors rot=0.223 +- 0.304 deg, trans=0.088 +- 0.092 m, vel=0.054 +- 0.051 m/s
[2026-07-07 19:59:01.483] [odom] [warning] IMU errors rot=0.104 +- 0.102 deg, trans=0.099 +- 0.094 m, vel=0.218 +- 0.095 m/s
[2026-07-07 19:59:01.483] [odom] [warning] IMU better ratios rot=0.79, trans=0.03, vel=0.06
[2026-07-07 19:59:02.291] [odom] [warning] IMU bias estimation seems inaccurate.
[2026-07-07 19:59:02.291] [odom] [warning] Possibly T_lidar_imu is not accurate or LiDAR-IMU synchronization is not correct.
[2026-07-07 19:59:02.291] [odom] [warning] IMU bias validation results:
[2026-07-07 19:59:02.291] [odom] [warning] num_bias_validations=1856
[2026-07-07 19:59:02.291] [odom] [warning] bias_acc=[-1.918, 1.132, 0.229] m/s^2, bias_gyro=[-0.019, 0.003, 0.001] rad/s
[2026-07-07 19:59:02.291] [odom] [warning] acc_stat ax=-0.888 +- 0.683 [min=-1.918, max=0.003], ay=0.525 +- 0.397 [min=0.008, max=1.132], az=0.128 +- 0.065 [min=0.014, max=0.229] m/s^2
[2026-07-07 19:59:02.291] [odom] [warning] gyro_stat wx=-0.019 +- 0.001 [min=-0.021, max=-0.016], wy=0.003 +- 0.002 [min=0.001, max=0.010], wz=0.001 +- 0.000 [min=0.000, max=0.001] rad/s
[2026-07-07 19:59:04.299] [glim] [info] playback speed: 1.573x
[2026-07-07 19:59:05.225] [odom] [warning] IMU prediction is not good.
[2026-07-07 19:59:05.225] [odom] [warning] Possibly T_lidar_imu is not accurate or IMU bias is not well estimated.
[2026-07-07 19:59:05.225] [odom] [warning] IMU validation results:
[2026-07-07 19:59:05.225] [odom] [warning] num_validations=1600
[2026-07-07 19:59:05.225] [odom] [warning] No-IMU errors rot=0.229 +- 0.309 deg, trans=0.087 +- 0.090 m, vel=0.054 +- 0.051 m/s
[2026-07-07 19:59:05.225] [odom] [warning] IMU errors rot=0.106 +- 0.103 deg, trans=0.097 +- 0.092 m, vel=0.218 +- 0.093 m/s
[2026-07-07 19:59:05.225] [odom] [warning] IMU better ratios rot=0.80, trans=0.03, vel=0.05
[2026-07-07 19:59:06.010] [odom] [warning] IMU bias estimation seems inaccurate.
[2026-07-07 19:59:06.010] [odom] [warning] Possibly T_lidar_imu is not accurate or LiDAR-IMU synchronization is not correct.
[2026-07-07 19:59:06.010] [odom] [warning] IMU bias validation results:
[2026-07-07 19:59:06.010] [odom] [warning] num_bias_validations=1920
[2026-07-07 19:59:06.010] [odom] [warning] bias_acc=[-1.983, 1.168, 0.240] m/s^2, bias_gyro=[-0.020, 0.005, 0.001] rad/s
[2026-07-07 19:59:06.010] [odom] [warning] acc_stat ax=-0.925 +- 0.700 [min=-1.983, max=0.003], ay=0.546 +- 0.407 [min=0.008, max=1.168], az=0.132 +- 0.067 [min=0.014, max=0.240] m/s^2
[2026-07-07 19:59:06.010] [odom] [warning] gyro_stat wx=-0.019 +- 0.001 [min=-0.021, max=-0.016], wy=0.003 +- 0.002 [min=0.001, max=0.010], wz=0.001 +- 0.000 [min=0.000, max=0.001] rad/s
[2026-07-07 19:59:09.219] [odom] [warning] IMU prediction is not good.
[2026-07-07 19:59:09.219] [odom] [warning] Possibly T_lidar_imu is not accurate or IMU bias is not well estimated.
[2026-07-07 19:59:09.219] [odom] [warning] IMU validation results:
[2026-07-07 19:59:09.219] [odom] [warning] num_validations=1664
[2026-07-07 19:59:09.219] [odom] [warning] No-IMU errors rot=0.253 +- 0.331 deg, trans=0.086 +- 0.089 m, vel=0.054 +- 0.051 m/s
[2026-07-07 19:59:09.219] [odom] [warning] IMU errors rot=0.110 +- 0.105 deg, trans=0.097 +- 0.090 m, vel=0.221 +- 0.093 m/s
[2026-07-07 19:59:09.219] [odom] [warning] IMU better ratios rot=0.80, trans=0.03, vel=0.05
[2026-07-07 19:59:09.307] [glim] [info] playback speed: 1.701x
[2026-07-07 19:59:10.208] [odom] [warning] IMU bias estimation seems inaccurate.
[2026-07-07 19:59:10.208] [odom] [warning] Possibly T_lidar_imu is not accurate or LiDAR-IMU synchronization is not correct.
[2026-07-07 19:59:10.208] [odom] [warning] IMU bias validation results:
[2026-07-07 19:59:10.208] [odom] [warning] num_bias_validations=1984
[2026-07-07 19:59:10.208] [odom] [warning] bias_acc=[-2.003, 1.261, 0.243] m/s^2, bias_gyro=[-0.022, 0.007, 0.001] rad/s
[2026-07-07 19:59:10.208] [odom] [warning] acc_stat ax=-0.960 +- 0.714 [min=-2.003, max=0.003], ay=0.569 +- 0.420 [min=0.008, max=1.261], az=0.135 +- 0.069 [min=0.014, max=0.243] m/s^2
[2026-07-07 19:59:10.208] [odom] [warning] gyro_stat wx=-0.019 +- 0.001 [min=-0.022, max=-0.016], wy=0.003 +- 0.002 [min=0.001, max=0.010], wz=0.001 +- 0.000 [min=0.000, max=0.001] rad/s
[2026-07-07 19:59:12.447] [odom] [warning] IMU prediction is not good.
[2026-07-07 19:59:12.447] [odom] [warning] Possibly T_lidar_imu is not accurate or IMU bias is not well estimated.
[2026-07-07 19:59:12.447] [odom] [warning] IMU validation results:
[2026-07-07 19:59:12.447] [odom] [warning] num_validations=1728
[2026-07-07 19:59:12.447] [odom] [warning] No-IMU errors rot=0.260 +- 0.335 deg, trans=0.087 +- 0.087 m, vel=0.055 +- 0.051 m/s
[2026-07-07 19:59:12.447] [odom] [warning] IMU errors rot=0.112 +- 0.107 deg, trans=0.098 +- 0.089 m, vel=0.226 +- 0.096 m/s
[2026-07-07 19:59:12.447] [odom] [warning] IMU better ratios rot=0.80, trans=0.02, vel=0.05
[2026-07-07 19:59:13.344] [odom] [warning] IMU bias estimation seems inaccurate.
[2026-07-07 19:59:13.344] [odom] [warning] Possibly T_lidar_imu is not accurate or LiDAR-IMU synchronization is not correct.
[2026-07-07 19:59:13.344] [odom] [warning] IMU bias validation results:
[2026-07-07 19:59:13.344] [odom] [warning] num_bias_validations=2048
[2026-07-07 19:59:13.344] [odom] [warning] bias_acc=[-1.962, 1.373, 0.238] m/s^2, bias_gyro=[-0.021, 0.007, 0.001] rad/s
[2026-07-07 19:59:13.344] [odom] [warning] acc_stat ax=-0.991 +- 0.724 [min=-2.003, max=0.003], ay=0.594 +- 0.437 [min=0.008, max=1.373], az=0.138 +- 0.070 [min=0.014, max=0.243] m/s^2
[2026-07-07 19:59:13.344] [odom] [warning] gyro_stat wx=-0.019 +- 0.001 [min=-0.022, max=-0.016], wy=0.004 +- 0.002 [min=0.001, max=0.010], wz=0.001 +- 0.000 [min=0.000, max=0.001] rad/s
[2026-07-07 19:59:14.328] [glim] [info] playback speed: 1.860x
[2026-07-07 19:59:16.590] [odom] [warning] IMU prediction is not good.
[2026-07-07 19:59:16.590] [odom] [warning] Possibly T_lidar_imu is not accurate or IMU bias is not well estimated.
[2026-07-07 19:59:16.590] [odom] [warning] IMU validation results:
[2026-07-07 19:59:16.590] [odom] [warning] num_validations=1792
[2026-07-07 19:59:16.590] [odom] [warning] No-IMU errors rot=0.258 +- 0.331 deg, trans=0.088 +- 0.086 m, vel=0.054 +- 0.050 m/s
[2026-07-07 19:59:16.590] [odom] [warning] IMU errors rot=0.111 +- 0.105 deg, trans=0.099 +- 0.088 m, vel=0.231 +- 0.098 m/s
[2026-07-07 19:59:16.590] [odom] [warning] IMU better ratios rot=0.81, trans=0.02, vel=0.05
[2026-07-07 19:59:17.657] [odom] [warning] IMU bias estimation seems inaccurate.
[2026-07-07 19:59:17.657] [odom] [warning] Possibly T_lidar_imu is not accurate or LiDAR-IMU synchronization is not correct.
[2026-07-07 19:59:17.657] [odom] [warning] IMU bias validation results:
[2026-07-07 19:59:17.657] [odom] [warning] num_bias_validations=2112
[2026-07-07 19:59:17.657] [odom] [warning] bias_acc=[-1.920, 1.483, 0.233] m/s^2, bias_gyro=[-0.021, 0.006, 0.001] rad/s
[2026-07-07 19:59:17.657] [odom] [warning] acc_stat ax=-1.019 +- 0.731 [min=-2.003, max=0.003], ay=0.621 +- 0.456 [min=0.008, max=1.483], az=0.141 +- 0.071 [min=0.014, max=0.243] m/s^2
[2026-07-07 19:59:17.657] [odom] [warning] gyro_stat wx=-0.019 +- 0.001 [min=-0.022, max=-0.016], wy=0.004 +- 0.002 [min=0.001, max=0.010], wz=0.001 +- 0.000 [min=0.000, max=0.001] rad/s
[2026-07-07 19:59:19.348] [glim] [info] playback speed: 1.859x
[2026-07-07 19:59:19.819] [odom] [warning] IMU prediction is not good.
[2026-07-07 19:59:19.819] [odom] [warning] Possibly T_lidar_imu is not accurate or IMU bias is not well estimated.
[2026-07-07 19:59:19.819] [odom] [warning] IMU validation results:
[2026-07-07 19:59:19.819] [odom] [warning] num_validations=1856
[2026-07-07 19:59:19.819] [odom] [warning] No-IMU errors rot=0.256 +- 0.327 deg, trans=0.088 +- 0.084 m, vel=0.054 +- 0.049 m/s
[2026-07-07 19:59:19.819] [odom] [warning] IMU errors rot=0.111 +- 0.105 deg, trans=0.099 +- 0.086 m, vel=0.236 +- 0.100 m/s
[2026-07-07 19:59:19.819] [odom] [warning] IMU better ratios rot=0.81, trans=0.02, vel=0.05
[2026-07-07 19:59:20.968] [odom] [warning] IMU bias estimation seems inaccurate.
[2026-07-07 19:59:20.968] [odom] [warning] Possibly T_lidar_imu is not accurate or LiDAR-IMU synchronization is not correct.
[2026-07-07 19:59:20.968] [odom] [warning] IMU bias validation results:
[2026-07-07 19:59:20.968] [odom] [warning] num_bias_validations=2176
[2026-07-07 19:59:20.968] [odom] [warning] bias_acc=[-1.876, 1.587, 0.227] m/s^2, bias_gyro=[-0.021, 0.005, 0.001] rad/s
[2026-07-07 19:59:20.968] [odom] [warning] acc_stat ax=-1.044 +- 0.734 [min=-2.003, max=0.003], ay=0.650 +- 0.478 [min=0.008, max=1.587], az=0.144 +- 0.072 [min=0.014, max=0.243] m/s^2
[2026-07-07 19:59:20.968] [odom] [warning] gyro_stat wx=-0.019 +- 0.001 [min=-0.022, max=-0.016], wy=0.004 +- 0.002 [min=0.001, max=0.010], wz=0.001 +- 0.000 [min=0.000, max=0.001] rad/s
[2026-07-07 19:59:23.968] [odom] [warning] IMU prediction is not good.
[2026-07-07 19:59:23.968] [odom] [warning] Possibly T_lidar_imu is not accurate or IMU bias is not well estimated.
[2026-07-07 19:59:23.968] [odom] [warning] IMU validation results:
[2026-07-07 19:59:23.968] [odom] [warning] num_validations=1920
[2026-07-07 19:59:23.968] [odom] [warning] No-IMU errors rot=0.257 +- 0.328 deg, trans=0.088 +- 0.083 m, vel=0.055 +- 0.050 m/s
[2026-07-07 19:59:23.968] [odom] [warning] IMU errors rot=0.112 +- 0.107 deg, trans=0.100 +- 0.085 m, vel=0.240 +- 0.101 m/s
[2026-07-07 19:59:23.968] [odom] [warning] IMU better ratios rot=0.81, trans=0.02, vel=0.04
[2026-07-07 19:59:24.218] [glim] [warning] large time difference between points and imu!!
[2026-07-07 19:59:24.218] [glim] [warning] points=1783420468.887733 imu=1783420469.894850 diff=1.007117
[2026-07-07 19:59:24.218] [glim] [warning] large time difference between points and imu!!
[2026-07-07 19:59:24.218] [glim] [warning] points=1783420468.887733 imu=1783420469.904964 diff=1.017231
[2026-07-07 19:59:24.226] [odom] [warning] IMU bias estimation seems inaccurate.
[2026-07-07 19:59:24.226] [odom] [warning] Possibly T_lidar_imu is not accurate or LiDAR-IMU synchronization is not correct.
[2026-07-07 19:59:24.226] [odom] [warning] IMU bias validation results:
[2026-07-07 19:59:24.226] [odom] [warning] num_bias_validations=2240
[2026-07-07 19:59:24.226] [odom] [warning] bias_acc=[-1.836, 1.690, 0.222] m/s^2, bias_gyro=[-0.020, 0.005, 0.001] rad/s
[2026-07-07 19:59:24.226] [odom] [warning] acc_stat ax=-1.067 +- 0.736 [min=-2.003, max=0.003], ay=0.679 +- 0.502 [min=0.008, max=1.690], az=0.146 +- 0.072 [min=0.014, max=0.243] m/s^2
[2026-07-07 19:59:24.226] [odom] [warning] gyro_stat wx=-0.019 +- 0.001 [min=-0.022, max=-0.016], wy=0.004 +- 0.002 [min=0.001, max=0.010], wz=0.001 +- 0.000 [min=0.000, max=0.001] rad/s
[2026-07-07 19:59:24.349] [glim] [info] playback speed: 1.768x
[2026-07-07 19:59:24.685] [glim] [warning] large time difference between points and imu!!
[2026-07-07 19:59:24.685] [glim] [warning] points=1783420471.221839 imu=1783420472.225761 diff=1.003922
[2026-07-07 19:59:24.685] [glim] [warning] large time difference between points and imu!!
[2026-07-07 19:59:24.685] [glim] [warning] points=1783420471.221839 imu=1783420472.235751 diff=1.013912
[2026-07-07 19:59:25.141] [glim] [warning] large time difference between points and imu!!
[2026-07-07 19:59:25.141] [glim] [warning] points=1783420472.338131 imu=1783420473.346061 diff=1.007930
[2026-07-07 19:59:25.141] [glim] [warning] large time difference between points and imu!!
[2026-07-07 19:59:25.141] [glim] [warning] points=1783420472.338131 imu=1783420473.356034 diff=1.017903
[2026-07-07 19:59:26.077] [glim] [warning] large time difference between points and imu!!
[2026-07-07 19:59:26.077] [glim] [warning] points=1783420474.266113 imu=1783420475.266667 diff=1.000554
[2026-07-07 19:59:26.077] [glim] [warning] large time difference between points and imu!!
[2026-07-07 19:59:26.077] [glim] [warning] points=1783420474.266113 imu=1783420475.276675 diff=1.010562
[2026-07-07 19:59:26.078] [glim] [warning] large time difference between points and imu!!
[2026-07-07 19:59:26.078] [glim] [warning] points=1783420474.266113 imu=1783420475.286681 diff=1.020568
[2026-07-07 19:59:26.298] [odom] [warning] IMU prediction is not good.
[2026-07-07 19:59:26.298] [odom] [warning] Possibly T_lidar_imu is not accurate or IMU bias is not well estimated.
[2026-07-07 19:59:26.298] [odom] [warning] IMU validation results:
[2026-07-07 19:59:26.298] [odom] [warning] num_validations=1984
[2026-07-07 19:59:26.298] [odom] [warning] No-IMU errors rot=0.254 +- 0.324 deg, trans=0.089 +- 0.082 m, vel=0.055 +- 0.049 m/s
[2026-07-07 19:59:26.298] [odom] [warning] IMU errors rot=0.111 +- 0.106 deg, trans=0.101 +- 0.083 m, vel=0.244 +- 0.102 m/s
[2026-07-07 19:59:26.298] [odom] [warning] IMU better ratios rot=0.81, trans=0.02, vel=0.04
[2026-07-07 19:59:26.663] [glim] [warning] large time difference between points and imu!!
[2026-07-07 19:59:26.663] [glim] [warning] points=1783420475.280960 imu=1783420476.287017 diff=1.006058
[2026-07-07 19:59:26.664] [glim] [warning] large time difference between points and imu!!
[2026-07-07 19:59:26.664] [glim] [warning] points=1783420475.280960 imu=1783420476.297086 diff=1.016126
[2026-07-07 19:59:26.790] [glim] [warning] large time difference between points and imu!!
[2026-07-07 19:59:26.790] [glim] [warning] points=1783420475.483903 imu=1783420476.487156 diff=1.003253
[2026-07-07 19:59:26.790] [glim] [warning] large time difference between points and imu!!
[2026-07-07 19:59:26.790] [glim] [warning] points=1783420475.483903 imu=1783420476.497127 diff=1.013224
[2026-07-07 19:59:26.791] [glim] [warning] large time difference between points and imu!!
[2026-07-07 19:59:26.791] [glim] [warning] points=1783420475.483903 imu=1783420476.507140 diff=1.023237
[2026-07-07 19:59:26.856] [glim] [warning] large time difference between points and imu!!
[2026-07-07 19:59:26.856] [glim] [warning] points=1783420475.585351 imu=1783420476.587190 diff=1.001840
[2026-07-07 19:59:26.856] [glim] [warning] large time difference between points and imu!!
[2026-07-07 19:59:26.856] [glim] [warning] points=1783420475.585351 imu=1783420476.597098 diff=1.011747
[2026-07-07 19:59:26.856] [glim] [warning] large time difference between points and imu!!
[2026-07-07 19:59:26.856] [glim] [warning] points=1783420475.585351 imu=1783420476.607102 diff=1.021751
[2026-07-07 19:59:27.119] [glim] [warning] large time difference between points and imu!!
[2026-07-07 19:59:27.119] [glim] [warning] points=1783420475.991296 imu=1783420476.997233 diff=1.005937
[2026-07-07 19:59:27.119] [glim] [warning] large time difference between points and imu!!
[2026-07-07 19:59:27.119] [glim] [warning] points=1783420475.991296 imu=1783420477.007171 diff=1.015875
[2026-07-07 19:59:27.355] [odom] [warning] IMU bias estimation seems inaccurate.
[2026-07-07 19:59:27.355] [odom] [warning] Possibly T_lidar_imu is not accurate or LiDAR-IMU synchronization is not correct.
[2026-07-07 19:59:27.355] [odom] [warning] IMU bias validation results:
[2026-07-07 19:59:27.355] [odom] [warning] num_bias_validations=2304
[2026-07-07 19:59:27.355] [odom] [warning] bias_acc=[-1.802, 1.790, 0.219] m/s^2, bias_gyro=[-0.020, 0.005, 0.001] rad/s
[2026-07-07 19:59:27.355] [odom] [warning] acc_stat ax=-1.087 +- 0.735 [min=-2.003, max=0.003], ay=0.710 +- 0.528 [min=0.008, max=1.790], az=0.148 +- 0.072 [min=0.014, max=0.243] m/s^2
[2026-07-07 19:59:27.355] [odom] [warning] gyro_stat wx=-0.020 +- 0.001 [min=-0.022, max=-0.016], wy=0.004 +- 0.002 [min=0.001, max=0.010], wz=0.001 +- 0.000 [min=0.000, max=0.001] rad/s
[2026-07-07 19:59:27.404] [glim] [warning] large time difference between points and imu!!
[2026-07-07 19:59:27.404] [glim] [warning] points=1783420476.397212 imu=1783420477.397450 diff=1.000238
[2026-07-07 19:59:27.404] [glim] [warning] large time difference between points and imu!!
[2026-07-07 19:59:27.404] [glim] [warning] points=1783420476.397212 imu=1783420477.407440 diff=1.010228
[2026-07-07 19:59:27.404] [glim] [warning] large time difference between points and imu!!
[2026-07-07 19:59:27.404] [glim] [warning] points=1783420476.397212 imu=1783420477.417316 diff=1.020104
[2026-07-07 19:59:27.545] [glim] [warning] large time difference between points and imu!!
[2026-07-07 19:59:27.545] [glim] [warning] points=1783420476.600128 imu=1783420477.607375 diff=1.007247
[2026-07-07 19:59:27.546] [glim] [warning] large time difference between points and imu!!
[2026-07-07 19:59:27.546] [glim] [warning] points=1783420476.600128 imu=1783420477.617379 diff=1.017251
[2026-07-07 19:59:28.092] [glim] [warning] large time difference between points and imu!!
[2026-07-07 19:59:28.092] [glim] [warning] points=1783420477.919281 imu=1783420478.927784 diff=1.008504
[2026-07-07 19:59:28.092] [glim] [warning] large time difference between points and imu!!
[2026-07-07 19:59:28.092] [glim] [warning] points=1783420477.919281 imu=1783420478.937853 diff=1.018573
[2026-07-07 19:59:28.238] [glim] [warning] large time difference between points and imu!!
[2026-07-07 19:59:28.238] [glim] [warning] points=1783420478.325108 imu=1783420479.327915 diff=1.002807
[2026-07-07 19:59:28.238] [glim] [warning] large time difference between points and imu!!
[2026-07-07 19:59:28.238] [glim] [warning] points=1783420478.325108 imu=1783420479.338048 diff=1.012940
[2026-07-07 19:59:28.238] [glim] [warning] large time difference between points and imu!!
[2026-07-07 19:59:28.238] [glim] [warning] points=1783420478.325108 imu=1783420479.348038 diff=1.022930
[2026-07-07 19:59:28.280] [glim] [warning] large time difference between points and imu!!
[2026-07-07 19:59:28.280] [glim] [warning] points=1783420478.426603 imu=1783420479.428068 diff=1.001465
[2026-07-07 19:59:28.280] [glim] [warning] large time difference between points and imu!!
[2026-07-07 19:59:28.280] [glim] [warning] points=1783420478.426603 imu=1783420479.438088 diff=1.011486
[2026-07-07 19:59:28.280] [glim] [warning] large time difference between points and imu!!
[2026-07-07 19:59:28.280] [glim] [warning] points=1783420478.426603 imu=1783420479.447957 diff=1.021354
[2026-07-07 19:59:28.362] [glim] [warning] large time difference between points and imu!!
[2026-07-07 19:59:28.362] [glim] [warning] points=1783420478.629600 imu=1783420479.638184 diff=1.008584
[2026-07-07 19:59:28.362] [glim] [warning] large time difference between points and imu!!
[2026-07-07 19:59:28.362] [glim] [warning] points=1783420478.629600 imu=1783420479.648101 diff=1.018501
[2026-07-07 19:59:28.671] [glim] [warning] large time difference between points and imu!!
[2026-07-07 19:59:28.671] [glim] [warning] points=1783420479.339854 imu=1783420480.348236 diff=1.008382
[2026-07-07 19:59:28.672] [glim] [warning] large time difference between points and imu!!
[2026-07-07 19:59:28.672] [glim] [warning] points=1783420479.339854 imu=1783420480.358261 diff=1.018408
[2026-07-07 19:59:29.355] [glim] [info] playback speed: 2.249x
[2026-07-07 19:59:29.598] [glim] [warning] large time difference between points and imu!!
[2026-07-07 19:59:29.598] [glim] [warning] points=1783420481.064952 imu=1783420482.068825 diff=1.003873
[2026-07-07 19:59:29.598] [glim] [warning] large time difference between points and imu!!
[2026-07-07 19:59:29.598] [glim] [warning] points=1783420481.064952 imu=1783420482.078777 diff=1.013824
[2026-07-07 19:59:29.724] [odom] [warning] IMU prediction is not good.
[2026-07-07 19:59:29.724] [odom] [warning] Possibly T_lidar_imu is not accurate or IMU bias is not well estimated.
[2026-07-07 19:59:29.724] [odom] [warning] IMU validation results:
[2026-07-07 19:59:29.724] [odom] [warning] num_validations=2048
[2026-07-07 19:59:29.724] [odom] [warning] No-IMU errors rot=0.250 +- 0.320 deg, trans=0.089 +- 0.080 m, vel=0.055 +- 0.049 m/s
[2026-07-07 19:59:29.724] [odom] [warning] IMU errors rot=0.110 +- 0.105 deg, trans=0.101 +- 0.082 m, vel=0.247 +- 0.102 m/s
[2026-07-07 19:59:29.724] [odom] [warning] IMU better ratios rot=0.81, trans=0.02, vel=0.04
[2026-07-07 19:59:30.674] [glim] [warning] large time difference between points and imu!!
[2026-07-07 19:59:30.674] [glim] [warning] points=1783420482.688443 imu=1783420483.689413 diff=1.000970
[2026-07-07 19:59:30.674] [glim] [warning] large time difference between points and imu!!
[2026-07-07 19:59:30.674] [glim] [warning] points=1783420482.688443 imu=1783420483.699392 diff=1.010949
[2026-07-07 19:59:30.675] [glim] [warning] large time difference between points and imu!!
[2026-07-07 19:59:30.675] [glim] [warning] points=1783420482.688443 imu=1783420483.709436 diff=1.020993
[2026-07-07 19:59:30.778] [odom] [warning] IMU bias estimation seems inaccurate.
[2026-07-07 19:59:30.778] [odom] [warning] Possibly T_lidar_imu is not accurate or LiDAR-IMU synchronization is not correct.
[2026-07-07 19:59:30.778] [odom] [warning] IMU bias validation results:
[2026-07-07 19:59:30.779] [odom] [warning] num_bias_validations=2368
[2026-07-07 19:59:30.779] [odom] [warning] bias_acc=[-1.770, 1.888, 0.215] m/s^2, bias_gyro=[-0.020, 0.004, 0.001] rad/s
[2026-07-07 19:59:30.779] [odom] [warning] acc_stat ax=-1.106 +- 0.734 [min=-2.003, max=0.003], ay=0.742 +- 0.554 [min=0.008, max=1.888], az=0.150 +- 0.072 [min=0.014, max=0.243] m/s^2
[2026-07-07 19:59:30.779] [odom] [warning] gyro_stat wx=-0.020 +- 0.001 [min=-0.022, max=-0.016], wy=0.004 +- 0.002 [min=0.001, max=0.010], wz=0.001 +- 0.000 [min=0.000, max=0.001] rad/s
[2026-07-07 19:59:30.988] [glim] [warning] large time difference between points and imu!!
[2026-07-07 19:59:30.988] [glim] [warning] points=1783420483.195793 imu=1783420484.199523 diff=1.003730
[2026-07-07 19:59:30.989] [glim] [warning] large time difference between points and imu!!
[2026-07-07 19:59:30.989] [glim] [warning] points=1783420483.195793 imu=1783420484.209415 diff=1.013622
[2026-07-07 19:59:31.045] [glim] [warning] large time difference between points and imu!!
[2026-07-07 19:59:31.045] [glim] [warning] points=1783420483.398786 imu=1783420484.399584 diff=1.000798
[2026-07-07 19:59:31.045] [glim] [warning] large time difference between points and imu!!
[2026-07-07 19:59:31.045] [glim] [warning] points=1783420483.398786 imu=1783420484.409580 diff=1.010795
[2026-07-07 19:59:31.045] [glim] [warning] large time difference between points and imu!!
[2026-07-07 19:59:31.045] [glim] [warning] points=1783420483.398786 imu=1783420484.419587 diff=1.020801
[2026-07-07 19:59:31.284] [glim] [warning] large time difference between points and imu!!
[2026-07-07 19:59:31.284] [glim] [warning] points=1783420484.616541 imu=1783420485.619934 diff=1.003393
[2026-07-07 19:59:31.284] [glim] [warning] large time difference between points and imu!!
[2026-07-07 19:59:31.284] [glim] [warning] points=1783420484.616541 imu=1783420485.629994 diff=1.013453
[2026-07-07 19:59:31.440] [glim] [warning] large time difference between points and imu!!
[2026-07-07 19:59:31.440] [glim] [warning] points=1783420485.428305 imu=1783420486.430244 diff=1.001940
[2026-07-07 19:59:31.440] [glim] [warning] large time difference between points and imu!!
[2026-07-07 19:59:31.440] [glim] [warning] points=1783420485.428305 imu=1783420486.440214 diff=1.011909
[2026-07-07 19:59:31.440] [glim] [warning] large time difference between points and imu!!
[2026-07-07 19:59:31.440] [glim] [warning] points=1783420485.428305 imu=1783420486.450153 diff=1.021848
[2026-07-07 19:59:31.663] [glim] [warning] large time difference between points and imu!!
[2026-07-07 19:59:31.663] [glim] [warning] points=1783420486.443034 imu=1783420487.450372 diff=1.007338
[2026-07-07 19:59:31.663] [glim] [warning] large time difference between points and imu!!
[2026-07-07 19:59:31.663] [glim] [warning] points=1783420486.443034 imu=1783420487.460375 diff=1.017341
[2026-07-07 19:59:31.806] [glim] [warning] large time difference between points and imu!!
[2026-07-07 19:59:31.806] [glim] [warning] points=1783420486.848959 imu=1783420487.850490 diff=1.001530
[2026-07-07 19:59:31.806] [glim] [warning] large time difference between points and imu!!
[2026-07-07 19:59:31.806] [glim] [warning] points=1783420486.848959 imu=1783420487.860492 diff=1.011533
[2026-07-07 19:59:31.807] [glim] [warning] large time difference between points and imu!!
[2026-07-07 19:59:31.807] [glim] [warning] points=1783420486.848959 imu=1783420487.870494 diff=1.021535
[2026-07-07 19:59:31.842] [glim] [warning] large time difference between points and imu!!
[2026-07-07 19:59:31.842] [glim] [warning] points=1783420486.950321 imu=1783420487.950519 diff=1.000198
[2026-07-07 19:59:31.843] [glim] [warning] large time difference between points and imu!!
[2026-07-07 19:59:31.843] [glim] [warning] points=1783420486.950321 imu=1783420487.960562 diff=1.010241
[2026-07-07 19:59:31.843] [glim] [warning] large time difference between points and imu!!
[2026-07-07 19:59:31.843] [glim] [warning] points=1783420486.950321 imu=1783420487.970531 diff=1.020210
[2026-07-07 19:59:31.884] [glim] [warning] large time difference between points and imu!!
[2026-07-07 19:59:31.884] [glim] [warning] points=1783420487.051815 imu=1783420488.060595 diff=1.008780
[2026-07-07 19:59:31.884] [glim] [warning] large time difference between points and imu!!
[2026-07-07 19:59:31.884] [glim] [warning] points=1783420487.051815 imu=1783420488.070557 diff=1.018742
[2026-07-07 19:59:31.994] [odom] [warning] IMU prediction is not good.
[2026-07-07 19:59:31.994] [odom] [warning] Possibly T_lidar_imu is not accurate or IMU bias is not well estimated.
[2026-07-07 19:59:31.994] [odom] [warning] IMU validation results:
[2026-07-07 19:59:31.994] [odom] [warning] num_validations=2112
[2026-07-07 19:59:31.995] [odom] [warning] No-IMU errors rot=0.248 +- 0.316 deg, trans=0.089 +- 0.079 m, vel=0.055 +- 0.048 m/s
[2026-07-07 19:59:31.995] [odom] [warning] IMU errors rot=0.110 +- 0.106 deg, trans=0.102 +- 0.081 m, vel=0.249 +- 0.101 m/s
[2026-07-07 19:59:31.995] [odom] [warning] IMU better ratios rot=0.80, trans=0.02, vel=0.04
[2026-07-07 19:59:32.573] [glim] [warning] large time difference between points and imu!!
[2026-07-07 19:59:32.573] [glim] [warning] points=1783420488.573899 imu=1783420489.580984 diff=1.007086
[2026-07-07 19:59:32.574] [glim] [warning] large time difference between points and imu!!
[2026-07-07 19:59:32.574] [glim] [warning] points=1783420488.573899 imu=1783420489.590990 diff=1.017091
[2026-07-07 19:59:32.732] [glim] [warning] large time difference between points and imu!!
[2026-07-07 19:59:32.732] [glim] [warning] points=1783420488.878329 imu=1783420489.881071 diff=1.002742
[2026-07-07 19:59:32.732] [glim] [warning] large time difference between points and imu!!
[2026-07-07 19:59:32.732] [glim] [warning] points=1783420488.878329 imu=1783420489.891108 diff=1.012779
[2026-07-07 19:59:32.733] [glim] [warning] large time difference between points and imu!!
[2026-07-07 19:59:32.733] [glim] [warning] points=1783420488.878329 imu=1783420489.901082 diff=1.022753
[2026-07-07 19:59:32.788] [glim] [warning] large time difference between points and imu!!
[2026-07-07 19:59:32.788] [glim] [warning] points=1783420488.979830 imu=1783420489.981190 diff=1.001360
[2026-07-07 19:59:32.788] [glim] [warning] large time difference between points and imu!!
[2026-07-07 19:59:32.788] [glim] [warning] points=1783420488.979830 imu=1783420489.991151 diff=1.011321
[2026-07-07 19:59:32.789] [glim] [warning] large time difference between points and imu!!
[2026-07-07 19:59:32.789] [glim] [warning] points=1783420488.979830 imu=1783420490.001181 diff=1.021351
[2026-07-07 19:59:32.813] [odom] [warning] IMU bias estimation seems inaccurate.
[2026-07-07 19:59:32.813] [odom] [warning] Possibly T_lidar_imu is not accurate or LiDAR-IMU synchronization is not correct.
[2026-07-07 19:59:32.813] [odom] [warning] IMU bias validation results:
[2026-07-07 19:59:32.813] [odom] [warning] num_bias_validations=2432
[2026-07-07 19:59:32.813] [odom] [warning] bias_acc=[-1.743, 1.978, 0.213] m/s^2, bias_gyro=[-0.020, 0.004, 0.001] rad/s
[2026-07-07 19:59:32.813] [odom] [warning] acc_stat ax=-1.123 +- 0.731 [min=-2.003, max=0.003], ay=0.775 +- 0.582 [min=0.008, max=1.978], az=0.152 +- 0.071 [min=0.014, max=0.243] m/s^2
[2026-07-07 19:59:32.813] [odom] [warning] gyro_stat wx=-0.020 +- 0.001 [min=-0.022, max=-0.016], wy=0.004 +- 0.002 [min=0.001, max=0.010], wz=0.001 +- 0.000 [min=0.000, max=0.001] rad/s
[2026-07-07 19:59:32.956] [glim] [warning] large time difference between points and imu!!
[2026-07-07 19:59:32.956] [glim] [warning] points=1783420489.284211 imu=1783420490.291191 diff=1.006980
[2026-07-07 19:59:32.956] [glim] [warning] large time difference between points and imu!!
[2026-07-07 19:59:32.956] [glim] [warning] points=1783420489.284211 imu=1783420490.301198 diff=1.016987
[2026-07-07 19:59:34.355] [glim] [info] playback speed: 2.087x
[2026-07-07 19:59:34.560] [glim] [warning] large time difference between points and imu!!
[2026-07-07 19:59:34.560] [glim] [warning] points=1783420492.328434 imu=1783420493.332053 diff=1.003619
[2026-07-07 19:59:34.560] [glim] [warning] large time difference between points and imu!!
[2026-07-07 19:59:34.560] [glim] [warning] points=1783420492.328434 imu=1783420493.342133 diff=1.013700
[2026-07-07 19:59:34.576] [glim] [warning] large time difference between points and imu!!
[2026-07-07 19:59:34.576] [glim] [warning] points=1783420492.430017 imu=1783420493.432088 diff=1.002070
[2026-07-07 19:59:34.576] [glim] [warning] large time difference between points and imu!!
[2026-07-07 19:59:34.576] [glim] [warning] points=1783420492.430017 imu=1783420493.442114 diff=1.012097
[2026-07-07 19:59:34.576] [glim] [warning] large time difference between points and imu!!
[2026-07-07 19:59:34.576] [glim] [warning] points=1783420492.430017 imu=1783420493.452199 diff=1.022181
[2026-07-07 19:59:34.679] [glim] [warning] large time difference between points and imu!!
[2026-07-07 19:59:34.679] [glim] [warning] points=1783420492.835878 imu=1783420493.842342 diff=1.006464
[2026-07-07 19:59:34.679] [glim] [warning] large time difference between points and imu!!
[2026-07-07 19:59:34.679] [glim] [warning] points=1783420492.835878 imu=1783420493.852236 diff=1.016358
[2026-07-07 19:59:34.710] [glim] [warning] large time difference between points and imu!!
[2026-07-07 19:59:34.710] [glim] [warning] points=1783420492.937324 imu=1783420493.942296 diff=1.004973
[2026-07-07 19:59:34.710] [glim] [warning] large time difference between points and imu!!
[2026-07-07 19:59:34.710] [glim] [warning] points=1783420492.937324 imu=1783420493.952326 diff=1.015003
[2026-07-07 19:59:35.046] [odom] [warning] IMU prediction is not good.
[2026-07-07 19:59:35.046] [odom] [warning] Possibly T_lidar_imu is not accurate or IMU bias is not well estimated.
[2026-07-07 19:59:35.046] [odom] [warning] IMU validation results:
[2026-07-07 19:59:35.046] [odom] [warning] num_validations=2176
[2026-07-07 19:59:35.046] [odom] [warning] No-IMU errors rot=0.244 +- 0.313 deg, trans=0.090 +- 0.078 m, vel=0.055 +- 0.048 m/s
[2026-07-07 19:59:35.046] [odom] [warning] IMU errors rot=0.110 +- 0.106 deg, trans=0.102 +- 0.080 m, vel=0.251 +- 0.100 m/s
[2026-07-07 19:59:35.046] [odom] [warning] IMU better ratios rot=0.80, trans=0.02, vel=0.04
[2026-07-07 19:59:35.865] [odom] [warning] IMU bias estimation seems inaccurate.
[2026-07-07 19:59:35.865] [odom] [warning] Possibly T_lidar_imu is not accurate or LiDAR-IMU synchronization is not correct.
[2026-07-07 19:59:35.865] [odom] [warning] IMU bias validation results:
[2026-07-07 19:59:35.865] [odom] [warning] num_bias_validations=2496
[2026-07-07 19:59:35.865] [odom] [warning] bias_acc=[-1.717, 2.065, 0.209] m/s^2, bias_gyro=[-0.020, 0.003, 0.001] rad/s
[2026-07-07 19:59:35.865] [odom] [warning] acc_stat ax=-1.138 +- 0.728 [min=-2.003, max=0.003], ay=0.808 +- 0.609 [min=0.008, max=2.065], az=0.153 +- 0.071 [min=0.014, max=0.243] m/s^2
[2026-07-07 19:59:35.865] [odom] [warning] gyro_stat wx=-0.020 +- 0.001 [min=-0.022, max=-0.016], wy=0.004 +- 0.002 [min=0.001, max=0.010], wz=0.001 +- 0.000 [min=0.000, max=0.001] rad/s
[2026-07-07 19:59:37.880] [odom] [warning] IMU prediction is not good.
[2026-07-07 19:59:37.880] [odom] [warning] Possibly T_lidar_imu is not accurate or IMU bias is not well estimated.
[2026-07-07 19:59:37.880] [odom] [warning] IMU validation results:
[2026-07-07 19:59:37.880] [odom] [warning] num_validations=2240
[2026-07-07 19:59:37.880] [odom] [warning] No-IMU errors rot=0.240 +- 0.309 deg, trans=0.090 +- 0.077 m, vel=0.055 +- 0.047 m/s
[2026-07-07 19:59:37.880] [odom] [warning] IMU errors rot=0.109 +- 0.105 deg, trans=0.102 +- 0.079 m, vel=0.252 +- 0.100 m/s
[2026-07-07 19:59:37.880] [odom] [warning] IMU better ratios rot=0.79, trans=0.02, vel=0.04
[2026-07-07 19:59:38.397] [glim] [warning] large time difference between points and imu!!
[2026-07-07 19:59:38.397] [glim] [warning] points=1783420501.460733 imu=1783420502.464492 diff=1.003759
[2026-07-07 19:59:38.397] [glim] [warning] large time difference between points and imu!!
[2026-07-07 19:59:38.397] [glim] [warning] points=1783420501.460733 imu=1783420502.474496 diff=1.013763
[2026-07-07 19:59:38.489] [glim] [warning] large time difference between points and imu!!
[2026-07-07 19:59:38.489] [glim] [warning] points=1783420501.663667 imu=1783420502.664547 diff=1.000880
[2026-07-07 19:59:38.489] [glim] [warning] large time difference between points and imu!!
[2026-07-07 19:59:38.489] [glim] [warning] points=1783420501.663667 imu=1783420502.674546 diff=1.010879
[2026-07-07 19:59:38.489] [glim] [warning] large time difference between points and imu!!
[2026-07-07 19:59:38.489] [glim] [warning] points=1783420501.663667 imu=1783420502.684589 diff=1.020922
[2026-07-07 19:59:38.539] [odom] [warning] IMU bias estimation seems inaccurate.
[2026-07-07 19:59:38.539] [odom] [warning] Possibly T_lidar_imu is not accurate or LiDAR-IMU synchronization is not correct.
[2026-07-07 19:59:38.539] [odom] [warning] IMU bias validation results:
[2026-07-07 19:59:38.539] [odom] [warning] num_bias_validations=2560
[2026-07-07 19:59:38.539] [odom] [warning] bias_acc=[-1.691, 2.151, 0.205] m/s^2, bias_gyro=[-0.020, 0.004, 0.001] rad/s
[2026-07-07 19:59:38.539] [odom] [warning] acc_stat ax=-1.152 +- 0.724 [min=-2.003, max=0.003], ay=0.841 +- 0.637 [min=0.008, max=2.151], az=0.154 +- 0.071 [min=0.014, max=0.243] m/s^2
[2026-07-07 19:59:38.539] [odom] [warning] gyro_stat wx=-0.020 +- 0.001 [min=-0.022, max=-0.016], wy=0.004 +- 0.002 [min=0.001, max=0.010], wz=0.001 +- 0.000 [min=0.000, max=0.001] rad/s
[2026-07-07 19:59:38.576] [glim] [warning] large time difference between points and imu!!
[2026-07-07 19:59:38.576] [glim] [warning] points=1783420501.866549 imu=1783420502.874642 diff=1.008093
[2026-07-07 19:59:38.576] [glim] [warning] large time difference between points and imu!!
[2026-07-07 19:59:38.576] [glim] [warning] points=1783420501.866549 imu=1783420502.884633 diff=1.018084
[2026-07-07 19:59:38.893] [glim] [warning] large time difference between points and imu!!
[2026-07-07 19:59:38.893] [glim] [warning] points=1783420502.678284 imu=1783420503.685001 diff=1.006717
[2026-07-07 19:59:38.893] [glim] [warning] large time difference between points and imu!!
[2026-07-07 19:59:38.893] [glim] [warning] points=1783420502.678284 imu=1783420503.694982 diff=1.016698
[2026-07-07 19:59:39.069] [glim] [warning] large time difference between points and imu!!
[2026-07-07 19:59:39.069] [glim] [warning] points=1783420503.388564 imu=1783420504.395152 diff=1.006588
[2026-07-07 19:59:39.069] [glim] [warning] large time difference between points and imu!!
[2026-07-07 19:59:39.069] [glim] [warning] points=1783420503.388564 imu=1783420504.405151 diff=1.016587
[2026-07-07 19:59:39.187] [glim] [warning] large time difference between points and imu!!
[2026-07-07 19:59:39.187] [glim] [warning] points=1783420503.794484 imu=1783420504.795259 diff=1.000775
[2026-07-07 19:59:39.187] [glim] [warning] large time difference between points and imu!!
[2026-07-07 19:59:39.187] [glim] [warning] points=1783420503.794484 imu=1783420504.805291 diff=1.010807
[2026-07-07 19:59:39.187] [glim] [warning] large time difference between points and imu!!
[2026-07-07 19:59:39.187] [glim] [warning] points=1783420503.794484 imu=1783420504.815263 diff=1.020779
[2026-07-07 19:59:39.368] [glim] [info] playback speed: 2.635x
[2026-07-07 19:59:39.453] [glim] [warning] large time difference between points and imu!!
[2026-07-07 19:59:39.453] [glim] [warning] points=1783420504.504812 imu=1783420505.505468 diff=1.000656
[2026-07-07 19:59:39.454] [glim] [warning] large time difference between points and imu!!
[2026-07-07 19:59:39.454] [glim] [warning] points=1783420504.504812 imu=1783420505.515468 diff=1.010656
[2026-07-07 19:59:39.454] [glim] [warning] large time difference between points and imu!!
[2026-07-07 19:59:39.454] [glim] [warning] points=1783420504.504812 imu=1783420505.525497 diff=1.020686
[2026-07-07 19:59:39.576] [glim] [warning] large time difference between points and imu!!
[2026-07-07 19:59:39.576] [glim] [warning] points=1783420504.809198 imu=1783420505.815379 diff=1.006181
[2026-07-07 19:59:39.576] [glim] [warning] large time difference between points and imu!!
[2026-07-07 19:59:39.576] [glim] [warning] points=1783420504.809198 imu=1783420505.825369 diff=1.016170
[2026-07-07 19:59:39.617] [glim] [warning] large time difference between points and imu!!
[2026-07-07 19:59:39.617] [glim] [warning] points=1783420504.910682 imu=1783420505.915486 diff=1.004804
[2026-07-07 19:59:39.617] [glim] [warning] large time difference between points and imu!!
[2026-07-07 19:59:39.617] [glim] [warning] points=1783420504.910682 imu=1783420505.925371 diff=1.014689
[2026-07-07 19:59:39.658] [glim] [warning] large time difference between points and imu!!
[2026-07-07 19:59:39.658] [glim] [warning] points=1783420505.012147 imu=1783420506.015399 diff=1.003252
[2026-07-07 19:59:39.658] [glim] [warning] large time difference between points and imu!!
[2026-07-07 19:59:39.659] [glim] [warning] points=1783420505.012147 imu=1783420506.025402 diff=1.013254
[2026-07-07 19:59:39.836] [glim] [warning] large time difference between points and imu!!
[2026-07-07 19:59:39.836] [glim] [warning] points=1783420505.418025 imu=1783420506.425535 diff=1.007509
[2026-07-07 19:59:39.837] [glim] [warning] large time difference between points and imu!!
[2026-07-07 19:59:39.837] [glim] [warning] points=1783420505.418025 imu=1783420506.435609 diff=1.017583
[2026-07-07 19:59:39.928] [glim] [warning] large time difference between points and imu!!
[2026-07-07 19:59:39.928] [glim] [warning] points=1783420505.620955 imu=1783420506.625552 diff=1.004596
[2026-07-07 19:59:39.928] [glim] [warning] large time difference between points and imu!!
[2026-07-07 19:59:39.928] [glim] [warning] points=1783420505.620955 imu=1783420506.635552 diff=1.014596
[2026-07-07 19:59:40.375] [odom] [warning] IMU prediction is not good.
[2026-07-07 19:59:40.375] [odom] [warning] Possibly T_lidar_imu is not accurate or IMU bias is not well estimated.
[2026-07-07 19:59:40.375] [odom] [warning] IMU validation results:
[2026-07-07 19:59:40.375] [odom] [warning] num_validations=2304
[2026-07-07 19:59:40.375] [odom] [warning] No-IMU errors rot=0.249 +- 0.314 deg, trans=0.090 +- 0.076 m, vel=0.056 +- 0.047 m/s
[2026-07-07 19:59:40.375] [odom] [warning] IMU errors rot=0.112 +- 0.108 deg, trans=0.103 +- 0.078 m, vel=0.254 +- 0.099 m/s
[2026-07-07 19:59:40.375] [odom] [warning] IMU better ratios rot=0.80, trans=0.02, vel=0.04
[2026-07-07 19:59:40.558] [glim] [warning] large time difference between points and imu!!
[2026-07-07 19:59:40.558] [glim] [warning] points=1783420507.244430 imu=1783420508.246075 diff=1.001645
[2026-07-07 19:59:40.558] [glim] [warning] large time difference between points and imu!!
[2026-07-07 19:59:40.558] [glim] [warning] points=1783420507.244430 imu=1783420508.256089 diff=1.011659
[2026-07-07 19:59:40.558] [glim] [warning] large time difference between points and imu!!
[2026-07-07 19:59:40.558] [glim] [warning] points=1783420507.244430 imu=1783420508.266087 diff=1.021657
[2026-07-07 19:59:40.688] [glim] [warning] large time difference between points and imu!!
[2026-07-07 19:59:40.688] [glim] [warning] points=1783420507.548863 imu=1783420508.556157 diff=1.007294
[2026-07-07 19:59:40.689] [glim] [warning] large time difference between points and imu!!
[2026-07-07 19:59:40.689] [glim] [warning] points=1783420507.548863 imu=1783420508.566085 diff=1.017221
[2026-07-07 19:59:40.771] [glim] [warning] large time difference between points and imu!!
[2026-07-07 19:59:40.771] [glim] [warning] points=1783420507.751732 imu=1783420508.756201 diff=1.004469
[2026-07-07 19:59:40.771] [glim] [warning] large time difference between points and imu!!
[2026-07-07 19:59:40.771] [glim] [warning] points=1783420507.751732 imu=1783420508.766123 diff=1.014391
[2026-07-07 19:59:40.888] [odom] [warning] IMU bias estimation seems inaccurate.
[2026-07-07 19:59:40.888] [odom] [warning] Possibly T_lidar_imu is not accurate or LiDAR-IMU synchronization is not correct.
[2026-07-07 19:59:40.888] [odom] [warning] IMU bias validation results:
[2026-07-07 19:59:40.888] [odom] [warning] num_bias_validations=2624
[2026-07-07 19:59:40.888] [odom] [warning] bias_acc=[-1.649, 2.226, 0.199] m/s^2, bias_gyro=[-0.021, 0.008, 0.000] rad/s
[2026-07-07 19:59:40.888] [odom] [warning] acc_stat ax=-1.164 +- 0.719 [min=-2.003, max=0.003], ay=0.875 +- 0.665 [min=0.008, max=2.226], az=0.155 +- 0.070 [min=0.014, max=0.243] m/s^2
[2026-07-07 19:59:40.888] [odom] [warning] gyro_stat wx=-0.020 +- 0.001 [min=-0.022, max=-0.016], wy=0.004 +- 0.002 [min=0.001, max=0.010], wz=0.001 +- 0.000 [min=0.000, max=0.001] rad/s
[2026-07-07 19:59:40.962] [glim] [warning] large time difference between points and imu!!
[2026-07-07 19:59:40.962] [glim] [warning] points=1783420508.259211 imu=1783420509.266197 diff=1.006986
[2026-07-07 19:59:40.962] [glim] [warning] large time difference between points and imu!!
[2026-07-07 19:59:40.962] [glim] [warning] points=1783420508.259211 imu=1783420509.276246 diff=1.017035
[2026-07-07 19:59:41.014] [glim] [warning] large time difference between points and imu!!
[2026-07-07 19:59:41.014] [glim] [warning] points=1783420508.462063 imu=1783420509.466448 diff=1.004385
[2026-07-07 19:59:41.014] [glim] [warning] large time difference between points and imu!!
[2026-07-07 19:59:41.014] [glim] [warning] points=1783420508.462063 imu=1783420509.476256 diff=1.014193
[2026-07-07 19:59:41.087] [glim] [warning] large time difference between points and imu!!
[2026-07-07 19:59:41.087] [glim] [warning] points=1783420508.766437 imu=1783420509.766456 diff=1.000019
[2026-07-07 19:59:41.087] [glim] [warning] large time difference between points and imu!!
[2026-07-07 19:59:41.087] [glim] [warning] points=1783420508.766437 imu=1783420509.776440 diff=1.010004
[2026-07-07 19:59:41.087] [glim] [warning] large time difference between points and imu!!
[2026-07-07 19:59:41.087] [glim] [warning] points=1783420508.766437 imu=1783420509.786372 diff=1.019935
[2026-07-07 19:59:41.578] [glim] [warning] large time difference between points and imu!!
[2026-07-07 19:59:41.578] [glim] [warning] points=1783420510.390005 imu=1783420511.396761 diff=1.006756
[2026-07-07 19:59:41.578] [glim] [warning] large time difference between points and imu!!
[2026-07-07 19:59:41.578] [glim] [warning] points=1783420510.390005 imu=1783420511.406813 diff=1.016809
[2026-07-07 19:59:41.697] [glim] [warning] large time difference between points and imu!!
[2026-07-07 19:59:41.697] [glim] [warning] points=1783420510.694402 imu=1783420511.696971 diff=1.002568
[2026-07-07 19:59:41.697] [glim] [warning] large time difference between points and imu!!
[2026-07-07 19:59:41.697] [glim] [warning] points=1783420510.694402 imu=1783420511.706973 diff=1.012571
[2026-07-07 19:59:41.697] [glim] [warning] large time difference between points and imu!!
[2026-07-07 19:59:41.697] [glim] [warning] points=1783420510.694402 imu=1783420511.716848 diff=1.022445
[2026-07-07 19:59:41.738] [glim] [warning] large time difference between points and imu!!
[2026-07-07 19:59:41.738] [glim] [warning] points=1783420510.795876 imu=1783420511.796997 diff=1.001121
[2026-07-07 19:59:41.738] [glim] [warning] large time difference between points and imu!!
[2026-07-07 19:59:41.738] [glim] [warning] points=1783420510.795876 imu=1783420511.807001 diff=1.011125
[2026-07-07 19:59:41.738] [glim] [warning] large time difference between points and imu!!
[2026-07-07 19:59:41.738] [glim] [warning] points=1783420510.795876 imu=1783420511.816876 diff=1.021000
[2026-07-07 19:59:41.779] [glim] [warning] large time difference between points and imu!!
[2026-07-07 19:59:41.779] [glim] [warning] points=1783420510.897358 imu=1783420511.906985 diff=1.009626
[2026-07-07 19:59:41.779] [glim] [warning] large time difference between points and imu!!
[2026-07-07 19:59:41.779] [glim] [warning] points=1783420510.897358 imu=1783420511.916855 diff=1.019496
[2026-07-07 19:59:41.944] [glim] [warning] large time difference between points and imu!!
[2026-07-07 19:59:41.944] [glim] [warning] points=1783420511.303220 imu=1783420512.307065 diff=1.003845
[2026-07-07 19:59:41.945] [glim] [warning] large time difference between points and imu!!
[2026-07-07 19:59:41.945] [glim] [warning] points=1783420511.303220 imu=1783420512.316984 diff=1.013764
[2026-07-07 19:59:42.068] [glim] [warning] large time difference between points and imu!!
[2026-07-07 19:59:42.068] [glim] [warning] points=1783420511.607586 imu=1783420512.617157 diff=1.009571
[2026-07-07 19:59:42.068] [glim] [warning] large time difference between points and imu!!
[2026-07-07 19:59:42.068] [glim] [warning] points=1783420511.607586 imu=1783420512.627058 diff=1.019472
[2026-07-07 19:59:42.114] [glim] [warning] large time difference between points and imu!!
[2026-07-07 19:59:42.114] [glim] [warning] points=1783420511.709074 imu=1783420512.717125 diff=1.008051
[2026-07-07 19:59:42.114] [glim] [warning] large time difference between points and imu!!
[2026-07-07 19:59:42.114] [glim] [warning] points=1783420511.709074 imu=1783420512.727099 diff=1.018025
[2026-07-07 19:59:42.385] [glim] [warning] large time difference between points and imu!!
[2026-07-07 19:59:42.385] [glim] [warning] points=1783420512.317883 imu=1783420513.327282 diff=1.009400
[2026-07-07 19:59:42.386] [glim] [warning] large time difference between points and imu!!
[2026-07-07 19:59:42.386] [glim] [warning] points=1783420512.317883 imu=1783420513.337249 diff=1.019366
[2026-07-07 19:59:42.523] [glim] [warning] large time difference between points and imu!!
[2026-07-07 19:59:42.523] [glim] [warning] points=1783420512.622324 imu=1783420513.627373 diff=1.005049
[2026-07-07 19:59:42.524] [glim] [warning] large time difference between points and imu!!
[2026-07-07 19:59:42.524] [glim] [warning] points=1783420512.622324 imu=1783420513.637353 diff=1.015030
[2026-07-07 19:59:42.570] [glim] [warning] large time difference between points and imu!!
[2026-07-07 19:59:42.570] [glim] [warning] points=1783420512.723778 imu=1783420513.727400 diff=1.003622
[2026-07-07 19:59:42.570] [glim] [warning] large time difference between points and imu!!
[2026-07-07 19:59:42.570] [glim] [warning] points=1783420512.723778 imu=1783420513.737463 diff=1.013685
[2026-07-07 19:59:42.615] [glim] [warning] large time difference between points and imu!!
[2026-07-07 19:59:42.616] [glim] [warning] points=1783420512.825243 imu=1783420513.827426 diff=1.002184
[2026-07-07 19:59:42.616] [glim] [warning] large time difference between points and imu!!
[2026-07-07 19:59:42.616] [glim] [warning] points=1783420512.825243 imu=1783420513.837407 diff=1.012164
[2026-07-07 19:59:42.616] [glim] [warning] large time difference between points and imu!!
[2026-07-07 19:59:42.616] [glim] [warning] points=1783420512.825243 imu=1783420513.847418 diff=1.022176
[2026-07-07 19:59:42.661] [glim] [warning] large time difference between points and imu!!
[2026-07-07 19:59:42.661] [glim] [warning] points=1783420512.926684 imu=1783420513.927435 diff=1.000751
[2026-07-07 19:59:42.662] [glim] [warning] large time difference between points and imu!!
[2026-07-07 19:59:42.662] [glim] [warning] points=1783420512.926684 imu=1783420513.937429 diff=1.010745
[2026-07-07 19:59:42.662] [glim] [warning] large time difference between points and imu!!
[2026-07-07 19:59:42.662] [glim] [warning] points=1783420512.926684 imu=1783420513.947451 diff=1.020766
[2026-07-07 19:59:42.707] [glim] [warning] large time difference between points and imu!!
[2026-07-07 19:59:42.708] [glim] [warning] points=1783420513.028158 imu=1783420514.037444 diff=1.009286
[2026-07-07 19:59:42.708] [glim] [warning] large time difference between points and imu!!
[2026-07-07 19:59:42.708] [glim] [warning] points=1783420513.028158 imu=1783420514.047335 diff=1.019177
[2026-07-07 19:59:42.914] [odom] [warning] IMU prediction is not good.
[2026-07-07 19:59:42.914] [odom] [warning] Possibly T_lidar_imu is not accurate or IMU bias is not well estimated.
[2026-07-07 19:59:42.914] [odom] [warning] IMU validation results:
[2026-07-07 19:59:42.914] [odom] [warning] num_validations=2368
[2026-07-07 19:59:42.914] [odom] [warning] No-IMU errors rot=0.265 +- 0.341 deg, trans=0.090 +- 0.075 m, vel=0.056 +- 0.047 m/s
[2026-07-07 19:59:42.914] [odom] [warning] IMU errors rot=0.116 +- 0.111 deg, trans=0.103 +- 0.077 m, vel=0.256 +- 0.099 m/s
[2026-07-07 19:59:42.914] [odom] [warning] IMU better ratios rot=0.80, trans=0.02, vel=0.04
[2026-07-07 19:59:43.049] [glim] [warning] large time difference between points and imu!!
[2026-07-07 19:59:43.049] [glim] [warning] points=1783420513.738427 imu=1783420514.747627 diff=1.009200
[2026-07-07 19:59:43.050] [glim] [warning] large time difference between points and imu!!
[2026-07-07 19:59:43.050] [glim] [warning] points=1783420513.738427 imu=1783420514.757504 diff=1.019077
[2026-07-07 19:59:43.312] [glim] [warning] large time difference between points and imu!!
[2026-07-07 19:59:43.312] [glim] [warning] points=1783420514.245779 imu=1783420515.247658 diff=1.001880
[2026-07-07 19:59:43.312] [glim] [warning] large time difference between points and imu!!
[2026-07-07 19:59:43.312] [glim] [warning] points=1783420514.245779 imu=1783420515.257664 diff=1.011885
[2026-07-07 19:59:43.313] [glim] [warning] large time difference between points and imu!!
[2026-07-07 19:59:43.313] [glim] [warning] points=1783420514.245779 imu=1783420515.267668 diff=1.021889
[2026-07-07 19:59:43.569] [glim] [warning] large time difference between points and imu!!
[2026-07-07 19:59:43.569] [glim] [warning] points=1783420514.753033 imu=1783420515.757886 diff=1.004853
[2026-07-07 19:59:43.570] [glim] [warning] large time difference between points and imu!!
[2026-07-07 19:59:43.570] [glim] [warning] points=1783420514.753033 imu=1783420515.767846 diff=1.014812
[2026-07-07 19:59:43.615] [odom] [warning] IMU bias estimation seems inaccurate.
[2026-07-07 19:59:43.615] [odom] [warning] Possibly T_lidar_imu is not accurate or LiDAR-IMU synchronization is not correct.
[2026-07-07 19:59:43.615] [odom] [warning] IMU bias validation results:
[2026-07-07 19:59:43.615] [odom] [warning] num_bias_validations=2688
[2026-07-07 19:59:43.615] [odom] [warning] bias_acc=[-1.552, 2.253, 0.188] m/s^2, bias_gyro=[-0.021, 0.010, 0.000] rad/s
[2026-07-07 19:59:43.615] [odom] [warning] acc_stat ax=-1.173 +- 0.713 [min=-2.003, max=0.003], ay=0.908 +- 0.689 [min=0.008, max=2.253], az=0.156 +- 0.069 [min=0.014, max=0.243] m/s^2
[2026-07-07 19:59:43.615] [odom] [warning] gyro_stat wx=-0.020 +- 0.001 [min=-0.022, max=-0.016], wy=0.004 +- 0.002 [min=0.001, max=0.010], wz=0.001 +- 0.000 [min=0.000, max=0.001] rad/s
[2026-07-07 19:59:43.805] [glim] [warning] large time difference between points and imu!!
[2026-07-07 19:59:43.805] [glim] [warning] points=1783420515.260404 imu=1783420516.267974 diff=1.007570
[2026-07-07 19:59:43.805] [glim] [warning] large time difference between points and imu!!
[2026-07-07 19:59:43.805] [glim] [warning] points=1783420515.260404 imu=1783420516.277895 diff=1.017491
[2026-07-07 19:59:43.856] [glim] [warning] large time difference between points and imu!!
[2026-07-07 19:59:43.856] [glim] [warning] points=1783420515.361843 imu=1783420516.367933 diff=1.006089
[2026-07-07 19:59:43.857] [glim] [warning] large time difference between points and imu!!
[2026-07-07 19:59:43.857] [glim] [warning] points=1783420515.361843 imu=1783420516.377921 diff=1.016078
[2026-07-07 19:59:43.959] [glim] [warning] large time difference between points and imu!!
[2026-07-07 19:59:43.959] [glim] [warning] points=1783420515.564795 imu=1783420516.567976 diff=1.003181
[2026-07-07 19:59:43.959] [glim] [warning] large time difference between points and imu!!
[2026-07-07 19:59:43.959] [glim] [warning] points=1783420515.564795 imu=1783420516.577976 diff=1.013181
[2026-07-07 19:59:44.337] [glim] [warning] large time difference between points and imu!!
[2026-07-07 19:59:44.337] [glim] [warning] points=1783420516.275059 imu=1783420517.278111 diff=1.003052
[2026-07-07 19:59:44.337] [glim] [warning] large time difference between points and imu!!
[2026-07-07 19:59:44.337] [glim] [warning] points=1783420516.275059 imu=1783420517.288126 diff=1.013067
[2026-07-07 19:59:44.393] [glim] [info] playback speed: 2.482x
[2026-07-07 19:59:44.449] [glim] [warning] large time difference between points and imu!!
[2026-07-07 19:59:44.449] [glim] [warning] points=1783420516.477961 imu=1783420517.478112 diff=1.000152
[2026-07-07 19:59:44.449] [glim] [warning] large time difference between points and imu!!
[2026-07-07 19:59:44.449] [glim] [warning] points=1783420516.477961 imu=1783420517.488173 diff=1.010212
[2026-07-07 19:59:44.450] [glim] [warning] large time difference between points and imu!!
[2026-07-07 19:59:44.450] [glim] [warning] points=1783420516.477961 imu=1783420517.498163 diff=1.020203
[2026-07-07 19:59:44.505] [glim] [warning] large time difference between points and imu!!
[2026-07-07 19:59:44.505] [glim] [warning] points=1783420516.579421 imu=1783420517.588194 diff=1.008773
[2026-07-07 19:59:44.506] [glim] [warning] large time difference between points and imu!!
[2026-07-07 19:59:44.506] [glim] [warning] points=1783420516.579421 imu=1783420517.598186 diff=1.018765
[2026-07-07 19:59:44.561] [glim] [warning] large time difference between points and imu!!
[2026-07-07 19:59:44.561] [glim] [warning] points=1783420516.680923 imu=1783420517.688208 diff=1.007285
[2026-07-07 19:59:44.562] [glim] [warning] large time difference between points and imu!!
[2026-07-07 19:59:44.562] [glim] [warning] points=1783420516.680923 imu=1783420517.698283 diff=1.017360
[2026-07-07 19:59:44.925] [glim] [warning] large time difference between points and imu!!
[2026-07-07 19:59:44.925] [glim] [warning] points=1783420517.289726 imu=1783420518.298416 diff=1.008689
[2026-07-07 19:59:44.925] [glim] [warning] large time difference between points and imu!!
[2026-07-07 19:59:44.925] [glim] [warning] points=1783420517.289726 imu=1783420518.308312 diff=1.018586
[2026-07-07 19:59:46.152] [odom] [warning] IMU prediction is not good.
[2026-07-07 19:59:46.152] [odom] [warning] Possibly T_lidar_imu is not accurate or IMU bias is not well estimated.
[2026-07-07 19:59:46.152] [odom] [warning] IMU validation results:
[2026-07-07 19:59:46.152] [odom] [warning] num_validations=2432
[2026-07-07 19:59:46.152] [odom] [warning] No-IMU errors rot=0.262 +- 0.338 deg, trans=0.090 +- 0.074 m, vel=0.056 +- 0.047 m/s
[2026-07-07 19:59:46.152] [odom] [warning] IMU errors rot=0.114 +- 0.110 deg, trans=0.103 +- 0.076 m, vel=0.258 +- 0.099 m/s
[2026-07-07 19:59:46.152] [odom] [warning] IMU better ratios rot=0.80, trans=0.02, vel=0.04
[2026-07-07 19:59:46.175] [glim] [warning] large time difference between points and imu!!
[2026-07-07 19:59:46.175] [glim] [warning] points=1783420519.420487 imu=1783420520.428919 diff=1.008432
[2026-07-07 19:59:46.175] [glim] [warning] large time difference between points and imu!!
[2026-07-07 19:59:46.175] [glim] [warning] points=1783420519.420487 imu=1783420520.438918 diff=1.018431
[2026-07-07 19:59:46.440] [odom] [warning] IMU bias estimation seems inaccurate.
[2026-07-07 19:59:46.440] [odom] [warning] Possibly T_lidar_imu is not accurate or LiDAR-IMU synchronization is not correct.
[2026-07-07 19:59:46.440] [odom] [warning] IMU bias validation results:
[2026-07-07 19:59:46.440] [odom] [warning] num_bias_validations=2752
[2026-07-07 19:59:46.440] [odom] [warning] bias_acc=[-1.459, 2.269, 0.177] m/s^2, bias_gyro=[-0.021, 0.009, 0.000] rad/s
[2026-07-07 19:59:46.440] [odom] [warning] acc_stat ax=-1.180 +- 0.706 [min=-2.003, max=0.003], ay=0.939 +- 0.712 [min=0.008, max=2.269], az=0.157 +- 0.069 [min=0.014, max=0.243] m/s^2
[2026-07-07 19:59:46.440] [odom] [warning] gyro_stat wx=-0.020 +- 0.001 [min=-0.022, max=-0.016], wy=0.004 +- 0.003 [min=0.001, max=0.010], wz=0.001 +- 0.000 [min=0.000, max=0.001] rad/s
[2026-07-07 19:59:49.357] [glim] [warning] large time difference between points and imu!!
[2026-07-07 19:59:49.358] [glim] [warning] points=1783420526.827493 imu=1783420527.830356 diff=1.002863
[2026-07-07 19:59:49.358] [glim] [warning] large time difference between points and imu!!
[2026-07-07 19:59:49.358] [glim] [warning] points=1783420526.827493 imu=1783420527.840369 diff=1.012876
[2026-07-07 19:59:49.358] [glim] [warning] large time difference between points and imu!!
[2026-07-07 19:59:49.358] [glim] [warning] points=1783420526.827493 imu=1783420527.850378 diff=1.022885
[2026-07-07 19:59:49.410] [odom] [warning] IMU prediction is not good.
[2026-07-07 19:59:49.410] [odom] [warning] Possibly T_lidar_imu is not accurate or IMU bias is not well estimated.
[2026-07-07 19:59:49.410] [odom] [warning] IMU validation results:
[2026-07-07 19:59:49.410] [odom] [warning] num_validations=2496
[2026-07-07 19:59:49.410] [odom] [warning] No-IMU errors rot=0.259 +- 0.334 deg, trans=0.090 +- 0.073 m, vel=0.055 +- 0.046 m/s
[2026-07-07 19:59:49.410] [odom] [warning] IMU errors rot=0.113 +- 0.109 deg, trans=0.103 +- 0.075 m, vel=0.260 +- 0.098 m/s
[2026-07-07 19:59:49.410] [odom] [warning] IMU better ratios rot=0.80, trans=0.02, vel=0.03
[2026-07-07 19:59:49.428] [glim] [info] playback speed: 2.096x
[2026-07-07 19:59:49.567] [glim] [warning] large time difference between points and imu!!
[2026-07-07 19:59:49.567] [glim] [warning] points=1783420527.131942 imu=1783420528.140423 diff=1.008481
[2026-07-07 19:59:49.568] [glim] [warning] large time difference between points and imu!!
[2026-07-07 19:59:49.568] [glim] [warning] points=1783420527.131942 imu=1783420528.150428 diff=1.018486
[2026-07-07 19:59:49.620] [glim] [warning] large time difference between points and imu!!
[2026-07-07 19:59:49.620] [glim] [warning] points=1783420527.233396 imu=1783420528.240442 diff=1.007047
[2026-07-07 19:59:49.620] [glim] [warning] large time difference between points and imu!!
[2026-07-07 19:59:49.620] [glim] [warning] points=1783420527.233396 imu=1783420528.250565 diff=1.017169
[2026-07-07 19:59:49.656] [glim] [warning] large time difference between points and imu!!
[2026-07-07 19:59:49.656] [glim] [warning] points=1783420527.334893 imu=1783420528.340480 diff=1.005587
[2026-07-07 19:59:49.656] [glim] [warning] large time difference between points and imu!!
[2026-07-07 19:59:49.656] [glim] [warning] points=1783420527.334893 imu=1783420528.350589 diff=1.015696
[2026-07-07 19:59:49.682] [odom] [warning] IMU bias estimation seems inaccurate.
[2026-07-07 19:59:49.682] [odom] [warning] Possibly T_lidar_imu is not accurate or LiDAR-IMU synchronization is not correct.
[2026-07-07 19:59:49.682] [odom] [warning] IMU bias validation results:
[2026-07-07 19:59:49.682] [odom] [warning] num_bias_validations=2816
[2026-07-07 19:59:49.682] [odom] [warning] bias_acc=[-1.369, 2.284, 0.167] m/s^2, bias_gyro=[-0.021, 0.008, 0.000] rad/s
[2026-07-07 19:59:49.682] [odom] [warning] acc_stat ax=-1.184 +- 0.698 [min=-2.003, max=0.003], ay=0.970 +- 0.731 [min=0.008, max=2.284], az=0.157 +- 0.068 [min=0.014, max=0.243] m/s^2
[2026-07-07 19:59:49.682] [odom] [warning] gyro_stat wx=-0.020 +- 0.001 [min=-0.022, max=-0.016], wy=0.004 +- 0.003 [min=0.001, max=0.010], wz=0.001 +- 0.000 [min=0.000, max=0.001] rad/s
[2026-07-07 19:59:49.759] [glim] [warning] large time difference between points and imu!!
[2026-07-07 19:59:49.759] [glim] [warning] points=1783420527.740711 imu=1783420528.750559 diff=1.009847
[2026-07-07 19:59:49.759] [glim] [warning] large time difference between points and imu!!
[2026-07-07 19:59:49.759] [glim] [warning] points=1783420527.740711 imu=1783420528.760688 diff=1.019976
[2026-07-07 19:59:49.912] [glim] [warning] large time difference between points and imu!!
[2026-07-07 19:59:49.912] [glim] [warning] points=1783420528.248064 imu=1783420529.250780 diff=1.002717
[2026-07-07 19:59:49.912] [glim] [warning] large time difference between points and imu!!
[2026-07-07 19:59:49.912] [glim] [warning] points=1783420528.248064 imu=1783420529.260698 diff=1.012634
[2026-07-07 19:59:49.912] [glim] [warning] large time difference between points and imu!!
[2026-07-07 19:59:49.912] [glim] [warning] points=1783420528.248064 imu=1783420529.270783 diff=1.022719
[2026-07-07 19:59:52.805] [odom] [warning] IMU prediction is not good.
[2026-07-07 19:59:52.805] [odom] [warning] Possibly T_lidar_imu is not accurate or IMU bias is not well estimated.
[2026-07-07 19:59:52.805] [odom] [warning] IMU validation results:
[2026-07-07 19:59:52.805] [odom] [warning] num_validations=2560
[2026-07-07 19:59:52.805] [odom] [warning] No-IMU errors rot=0.256 +- 0.331 deg, trans=0.090 +- 0.072 m, vel=0.055 +- 0.046 m/s
[2026-07-07 19:59:52.805] [odom] [warning] IMU errors rot=0.113 +- 0.109 deg, trans=0.103 +- 0.074 m, vel=0.261 +- 0.097 m/s
[2026-07-07 19:59:52.805] [odom] [warning] IMU better ratios rot=0.80, trans=0.02, vel=0.03
[2026-07-07 19:59:53.034] [odom] [warning] IMU bias estimation seems inaccurate.
[2026-07-07 19:59:53.034] [odom] [warning] Possibly T_lidar_imu is not accurate or LiDAR-IMU synchronization is not correct.
[2026-07-07 19:59:53.034] [odom] [warning] IMU bias validation results:
[2026-07-07 19:59:53.034] [odom] [warning] num_bias_validations=2880
[2026-07-07 19:59:53.034] [odom] [warning] bias_acc=[-1.288, 2.297, 0.158] m/s^2, bias_gyro=[-0.021, 0.007, 0.000] rad/s
[2026-07-07 19:59:53.034] [odom] [warning] acc_stat ax=-1.186 +- 0.691 [min=-2.003, max=0.003], ay=0.999 +- 0.749 [min=0.008, max=2.297], az=0.157 +- 0.067 [min=0.014, max=0.243] m/s^2
[2026-07-07 19:59:53.034] [odom] [warning] gyro_stat wx=-0.020 +- 0.001 [min=-0.022, max=-0.016], wy=0.004 +- 0.003 [min=0.001, max=0.010], wz=0.001 +- 0.000 [min=0.000, max=0.001] rad/s
[2026-07-07 19:59:53.106] [glim] [warning] large time difference between points and imu!!
[2026-07-07 19:59:53.106] [glim] [warning] points=1783420534.133070 imu=1783420535.141954 diff=1.008883
[2026-07-07 19:59:53.106] [glim] [warning] large time difference between points and imu!!
[2026-07-07 19:59:53.106] [glim] [warning] points=1783420534.133070 imu=1783420535.152005 diff=1.018935
[2026-07-07 19:59:53.106] [glim] [warning] large time difference between points and imu!!
[2026-07-07 19:59:53.106] [glim] [warning] points=1783420534.133070 imu=1783420535.162060 diff=1.028990
[2026-07-07 19:59:53.106] [glim] [warning] large time difference between points and imu!!
[2026-07-07 19:59:53.106] [glim] [warning] points=1783420534.133070 imu=1783420535.171985 diff=1.038914
[2026-07-07 19:59:53.106] [glim] [warning] large time difference between points and imu!!
[2026-07-07 19:59:53.106] [glim] [warning] points=1783420534.133070 imu=1783420535.182027 diff=1.048957
[2026-07-07 19:59:53.106] [glim] [warning] large time difference between points and imu!!
[2026-07-07 19:59:53.106] [glim] [warning] points=1783420534.133070 imu=1783420535.192006 diff=1.058935
[2026-07-07 19:59:53.106] [glim] [warning] large time difference between points and imu!!
[2026-07-07 19:59:53.106] [glim] [warning] points=1783420534.133070 imu=1783420535.202055 diff=1.068985
[2026-07-07 19:59:53.106] [glim] [warning] large time difference between points and imu!!
[2026-07-07 19:59:53.106] [glim] [warning] points=1783420534.133070 imu=1783420535.212019 diff=1.078949
[2026-07-07 19:59:53.106] [glim] [warning] large time difference between points and imu!!
[2026-07-07 19:59:53.106] [glim] [warning] points=1783420534.133070 imu=1783420535.221985 diff=1.088915
[2026-07-07 19:59:53.106] [glim] [warning] large time difference between points and imu!!
[2026-07-07 19:59:53.106] [glim] [warning] points=1783420534.133070 imu=1783420535.231859 diff=1.098789
[2026-07-07 19:59:53.107] [glim] [warning] large time difference between points and imu!!
[2026-07-07 19:59:53.107] [glim] [warning] points=1783420534.133070 imu=1783420535.241926 diff=1.108855
[2026-07-07 19:59:53.107] [glim] [warning] large time difference between points and imu!!
[2026-07-07 19:59:53.107] [glim] [warning] points=1783420534.133070 imu=1783420535.251863 diff=1.118793
[2026-07-07 19:59:53.123] [glim] [warning] large time difference between points and imu!!
[2026-07-07 19:59:53.123] [glim] [warning] points=1783420534.234507 imu=1783420535.261939 diff=1.027432
[2026-07-07 19:59:53.139] [glim] [warning] large time difference between points and imu!!
[2026-07-07 19:59:53.139] [glim] [warning] points=1783420534.335984 imu=1783420535.341992 diff=1.006008
[2026-07-07 19:59:53.139] [glim] [warning] large time difference between points and imu!!
[2026-07-07 19:59:53.139] [glim] [warning] points=1783420534.335984 imu=1783420535.351919 diff=1.015936
[2026-07-07 19:59:53.156] [glim] [warning] large time difference between points and imu!!
[2026-07-07 19:59:53.156] [glim] [warning] points=1783420534.437414 imu=1783420535.442024 diff=1.004610
[2026-07-07 19:59:53.156] [glim] [warning] large time difference between points and imu!!
[2026-07-07 19:59:53.156] [glim] [warning] points=1783420534.437414 imu=1783420535.452003 diff=1.014590
[2026-07-07 19:59:53.194] [glim] [warning] large time difference between points and imu!!
[2026-07-07 19:59:53.194] [glim] [warning] points=1783420534.640327 imu=1783420535.642000 diff=1.001673
[2026-07-07 19:59:53.194] [glim] [warning] large time difference between points and imu!!
[2026-07-07 19:59:53.194] [glim] [warning] points=1783420534.640327 imu=1783420535.652054 diff=1.011726
[2026-07-07 19:59:53.194] [glim] [warning] large time difference between points and imu!!
[2026-07-07 19:59:53.194] [glim] [warning] points=1783420534.640327 imu=1783420535.661986 diff=1.021658
[2026-07-07 19:59:53.268] [glim] [warning] large time difference between points and imu!!
[2026-07-07 19:59:53.268] [glim] [warning] points=1783420534.944749 imu=1783420535.952029 diff=1.007279
[2026-07-07 19:59:53.268] [glim] [warning] large time difference between points and imu!!
[2026-07-07 19:59:53.268] [glim] [warning] points=1783420534.944749 imu=1783420535.962047 diff=1.017297
[2026-07-07 19:59:53.361] [glim] [warning] large time difference between points and imu!!
[2026-07-07 19:59:53.361] [glim] [warning] points=1783420535.249250 imu=1783420536.252062 diff=1.002812
[2026-07-07 19:59:53.361] [glim] [warning] large time difference between points and imu!!
[2026-07-07 19:59:53.361] [glim] [warning] points=1783420535.249250 imu=1783420536.262099 diff=1.012849
[2026-07-07 19:59:53.361] [glim] [warning] large time difference between points and imu!!
[2026-07-07 19:59:53.361] [glim] [warning] points=1783420535.249250 imu=1783420536.272128 diff=1.022878
[2026-07-07 19:59:54.336] [glim] [warning] large time difference between points and imu!!
[2026-07-07 19:59:54.336] [glim] [warning] points=1783420537.379945 imu=1783420538.382579 diff=1.002634
[2026-07-07 19:59:54.336] [glim] [warning] large time difference between points and imu!!
[2026-07-07 19:59:54.336] [glim] [warning] points=1783420537.379945 imu=1783420538.392463 diff=1.012518
[2026-07-07 19:59:54.336] [glim] [warning] large time difference between points and imu!!
[2026-07-07 19:59:54.336] [glim] [warning] points=1783420537.379945 imu=1783420538.402467 diff=1.022522
[2026-07-07 19:59:54.447] [glim] [info] playback speed: 2.105x
[2026-07-07 19:59:54.680] [glim] [warning] large time difference between points and imu!!
[2026-07-07 19:59:54.680] [glim] [warning] points=1783420537.988800 imu=1783420538.992702 diff=1.003903
[2026-07-07 19:59:54.680] [glim] [warning] large time difference between points and imu!!
[2026-07-07 19:59:54.680] [glim] [warning] points=1783420537.988800 imu=1783420539.002579 diff=1.013780
[2026-07-07 19:59:55.943] [odom] [warning] IMU prediction is not good.
[2026-07-07 19:59:55.943] [odom] [warning] Possibly T_lidar_imu is not accurate or IMU bias is not well estimated.
[2026-07-07 19:59:55.943] [odom] [warning] IMU validation results:
[2026-07-07 19:59:55.943] [odom] [warning] num_validations=2624
[2026-07-07 19:59:55.943] [odom] [warning] No-IMU errors rot=0.255 +- 0.327 deg, trans=0.090 +- 0.072 m, vel=0.055 +- 0.046 m/s
[2026-07-07 19:59:55.943] [odom] [warning] IMU errors rot=0.111 +- 0.108 deg, trans=0.103 +- 0.073 m, vel=0.261 +- 0.096 m/s
[2026-07-07 19:59:55.943] [odom] [warning] IMU better ratios rot=0.80, trans=0.02, vel=0.03
[2026-07-07 19:59:56.185] [glim] [warning] large time difference between points and imu!!
[2026-07-07 19:59:56.185] [glim] [warning] points=1783420540.221005 imu=1783420541.223118 diff=1.002113
[2026-07-07 19:59:56.185] [glim] [warning] large time difference between points and imu!!
[2026-07-07 19:59:56.185] [glim] [warning] points=1783420540.221005 imu=1783420541.233124 diff=1.012119
[2026-07-07 19:59:56.186] [glim] [warning] large time difference between points and imu!!
[2026-07-07 19:59:56.186] [glim] [warning] points=1783420540.221005 imu=1783420541.243063 diff=1.022058
[2026-07-07 19:59:56.256] [glim] [warning] large time difference between points and imu!!
[2026-07-07 19:59:56.256] [glim] [warning] points=1783420540.322451 imu=1783420541.323192 diff=1.000741
[2026-07-07 19:59:56.256] [glim] [warning] large time difference between points and imu!!
[2026-07-07 19:59:56.256] [glim] [warning] points=1783420540.322451 imu=1783420541.333143 diff=1.010693
[2026-07-07 19:59:56.257] [glim] [warning] large time difference between points and imu!!
[2026-07-07 19:59:56.257] [glim] [warning] points=1783420540.322451 imu=1783420541.343146 diff=1.020696
[2026-07-07 19:59:56.323] [glim] [warning] large time difference between points and imu!!
[2026-07-07 19:59:56.323] [glim] [warning] points=1783420540.423888 imu=1783420541.433164 diff=1.009276
[2026-07-07 19:59:56.323] [glim] [warning] large time difference between points and imu!!
[2026-07-07 19:59:56.323] [glim] [warning] points=1783420540.423888 imu=1783420541.443193 diff=1.019305
[2026-07-07 19:59:56.375] [glim] [warning] large time difference between points and imu!!
[2026-07-07 19:59:56.375] [glim] [warning] points=1783420540.525356 imu=1783420541.533159 diff=1.007804
[2026-07-07 19:59:56.375] [glim] [warning] large time difference between points and imu!!
[2026-07-07 19:59:56.375] [glim] [warning] points=1783420540.525356 imu=1783420541.543166 diff=1.017810
[2026-07-07 19:59:56.402] [odom] [warning] IMU bias estimation seems inaccurate.
[2026-07-07 19:59:56.402] [odom] [warning] Possibly T_lidar_imu is not accurate or LiDAR-IMU synchronization is not correct.
[2026-07-07 19:59:56.402] [odom] [warning] IMU bias validation results:
[2026-07-07 19:59:56.402] [odom] [warning] num_bias_validations=2944
[2026-07-07 19:59:56.402] [odom] [warning] bias_acc=[-1.217, 2.308, 0.149] m/s^2, bias_gyro=[-0.021, 0.007, 0.000] rad/s
[2026-07-07 19:59:56.402] [odom] [warning] acc_stat ax=-1.187 +- 0.683 [min=-2.003, max=0.003], ay=1.028 +- 0.765 [min=0.008, max=2.308], az=0.157 +- 0.066 [min=0.014, max=0.243] m/s^2
[2026-07-07 19:59:56.402] [odom] [warning] gyro_stat wx=-0.020 +- 0.001 [min=-0.022, max=-0.016], wy=0.004 +- 0.003 [min=0.001, max=0.010], wz=0.001 +- 0.000 [min=0.000, max=0.001] rad/s
[2026-07-07 19:59:57.524] [glim] [warning] large time difference between points and imu!!
[2026-07-07 19:59:57.524] [glim] [warning] points=1783420544.279357 imu=1783420545.283727 diff=1.004370
[2026-07-07 19:59:57.524] [glim] [warning] large time difference between points and imu!!
[2026-07-07 19:59:57.524] [glim] [warning] points=1783420544.279357 imu=1783420545.293767 diff=1.014410
[2026-07-07 19:59:57.524] [glim] [warning] large time difference between points and imu!!
[2026-07-07 19:59:57.524] [glim] [warning] points=1783420544.279357 imu=1783420545.303751 diff=1.024394
[2026-07-07 19:59:57.524] [glim] [warning] large time difference between points and imu!!
[2026-07-07 19:59:57.524] [glim] [warning] points=1783420544.279357 imu=1783420545.313789 diff=1.034432
[2026-07-07 19:59:57.524] [glim] [warning] large time difference between points and imu!!
[2026-07-07 19:59:57.524] [glim] [warning] points=1783420544.279357 imu=1783420545.323791 diff=1.044434
[2026-07-07 19:59:57.524] [glim] [warning] large time difference between points and imu!!
[2026-07-07 19:59:57.524] [glim] [warning] points=1783420544.279357 imu=1783420545.333735 diff=1.054378
[2026-07-07 19:59:57.524] [glim] [warning] large time difference between points and imu!!
[2026-07-07 19:59:57.524] [glim] [warning] points=1783420544.279357 imu=1783420545.343773 diff=1.064416
[2026-07-07 19:59:57.524] [glim] [warning] large time difference between points and imu!!
[2026-07-07 19:59:57.524] [glim] [warning] points=1783420544.279357 imu=1783420545.353798 diff=1.074441
[2026-07-07 19:59:57.525] [glim] [warning] large time difference between points and imu!!
[2026-07-07 19:59:57.525] [glim] [warning] points=1783420544.279357 imu=1783420545.363740 diff=1.084383
[2026-07-07 19:59:57.525] [glim] [warning] large time difference between points and imu!!
[2026-07-07 19:59:57.525] [glim] [warning] points=1783420544.279357 imu=1783420545.373789 diff=1.094432
[2026-07-07 19:59:57.525] [glim] [warning] large time difference between points and imu!!
[2026-07-07 19:59:57.525] [glim] [warning] points=1783420544.279357 imu=1783420545.383744 diff=1.104387
[2026-07-07 19:59:57.525] [glim] [warning] large time difference between points and imu!!
[2026-07-07 19:59:57.525] [glim] [warning] points=1783420544.279357 imu=1783420545.393786 diff=1.114429
[2026-07-07 19:59:57.525] [glim] [warning] large time difference between points and imu!!
[2026-07-07 19:59:57.525] [glim] [warning] points=1783420544.279357 imu=1783420545.403735 diff=1.124378
[2026-07-07 19:59:58.656] [odom] [warning] IMU prediction is not good.
[2026-07-07 19:59:58.656] [odom] [warning] Possibly T_lidar_imu is not accurate or IMU bias is not well estimated.
[2026-07-07 19:59:58.656] [odom] [warning] IMU validation results:
[2026-07-07 19:59:58.656] [odom] [warning] num_validations=2688
[2026-07-07 19:59:58.656] [odom] [warning] No-IMU errors rot=0.254 +- 0.325 deg, trans=0.090 +- 0.071 m, vel=0.055 +- 0.045 m/s
[2026-07-07 19:59:58.656] [odom] [warning] IMU errors rot=0.112 +- 0.108 deg, trans=0.103 +- 0.072 m, vel=0.261 +- 0.096 m/s
[2026-07-07 19:59:58.656] [odom] [warning] IMU better ratios rot=0.80, trans=0.02, vel=0.03
[2026-07-07 19:59:58.884] [glim] [warning] large time difference between points and imu!!
[2026-07-07 19:59:58.884] [glim] [warning] points=1783420546.613012 imu=1783420547.614257 diff=1.001245
[2026-07-07 19:59:58.885] [glim] [warning] large time difference between points and imu!!
[2026-07-07 19:59:58.885] [glim] [warning] points=1783420546.613012 imu=1783420547.624278 diff=1.011266
[2026-07-07 19:59:58.885] [glim] [warning] large time difference between points and imu!!
[2026-07-07 19:59:58.885] [glim] [warning] points=1783420546.613012 imu=1783420547.634260 diff=1.021247
[2026-07-07 19:59:58.956] [glim] [warning] large time difference between points and imu!!
[2026-07-07 19:59:58.956] [glim] [warning] points=1783420546.714434 imu=1783420547.724217 diff=1.009784
[2026-07-07 19:59:58.956] [glim] [warning] large time difference between points and imu!!
[2026-07-07 19:59:58.956] [glim] [warning] points=1783420546.714434 imu=1783420547.734161 diff=1.019727
[2026-07-07 19:59:59.451] [glim] [info] playback speed: 1.885x
[2026-07-07 19:59:59.527] [glim] [warning] large time difference between points and imu!!
[2026-07-07 19:59:59.527] [glim] [warning] points=1783420547.526147 imu=1783420548.534406 diff=1.008259
[2026-07-07 19:59:59.527] [glim] [warning] large time difference between points and imu!!
[2026-07-07 19:59:59.527] [glim] [warning] points=1783420547.526147 imu=1783420548.544304 diff=1.018157
[2026-07-07 19:59:59.773] [odom] [warning] IMU bias estimation seems inaccurate.
[2026-07-07 19:59:59.773] [odom] [warning] Possibly T_lidar_imu is not accurate or LiDAR-IMU synchronization is not correct.
[2026-07-07 19:59:59.773] [odom] [warning] IMU bias validation results:
[2026-07-07 19:59:59.773] [odom] [warning] num_bias_validations=3008
[2026-07-07 19:59:59.773] [odom] [warning] bias_acc=[-1.140, 2.311, 0.141] m/s^2, bias_gyro=[-0.020, 0.005, 0.001] rad/s
[2026-07-07 19:59:59.773] [odom] [warning] acc_stat ax=-1.186 +- 0.676 [min=-2.003, max=0.003], ay=1.055 +- 0.779 [min=0.008, max=2.311], az=0.156 +- 0.066 [min=0.014, max=0.243] m/s^2
[2026-07-07 19:59:59.773] [odom] [warning] gyro_stat wx=-0.020 +- 0.001 [min=-0.022, max=-0.016], wy=0.004 +- 0.003 [min=0.001, max=0.010], wz=0.001 +- 0.000 [min=0.000, max=0.001] rad/s
[2026-07-07 20:00:01.713] [glim] [warning] large time difference between points and imu!!
[2026-07-07 20:00:01.713] [glim] [warning] points=1783420552.193330 imu=1783420553.195234 diff=1.001904
[2026-07-07 20:00:01.713] [glim] [warning] large time difference between points and imu!!
[2026-07-07 20:00:01.713] [glim] [warning] points=1783420552.193330 imu=1783420553.205229 diff=1.011899
[2026-07-07 20:00:01.714] [glim] [warning] large time difference between points and imu!!
[2026-07-07 20:00:01.714] [glim] [warning] points=1783420552.193330 imu=1783420553.215095 diff=1.021765
[2026-07-07 20:00:01.896] [glim] [warning] large time difference between points and imu!!
[2026-07-07 20:00:01.896] [glim] [warning] points=1783420552.497725 imu=1783420553.505269 diff=1.007544
[2026-07-07 20:00:01.897] [glim] [warning] large time difference between points and imu!!
[2026-07-07 20:00:01.897] [glim] [warning] points=1783420552.497725 imu=1783420553.515142 diff=1.017417
[2026-07-07 20:00:02.016] [odom] [warning] IMU prediction is not good.
[2026-07-07 20:00:02.016] [odom] [warning] Possibly T_lidar_imu is not accurate or IMU bias is not well estimated.
[2026-07-07 20:00:02.016] [odom] [warning] IMU validation results:
[2026-07-07 20:00:02.016] [odom] [warning] num_validations=2752
[2026-07-07 20:00:02.016] [odom] [warning] No-IMU errors rot=0.253 +- 0.322 deg, trans=0.091 +- 0.070 m, vel=0.055 +- 0.045 m/s
[2026-07-07 20:00:02.016] [odom] [warning] IMU errors rot=0.111 +- 0.107 deg, trans=0.103 +- 0.072 m, vel=0.262 +- 0.095 m/s
[2026-07-07 20:00:02.016] [odom] [warning] IMU better ratios rot=0.80, trans=0.02, vel=0.03
[2026-07-07 20:00:02.146] [glim] [warning] large time difference between points and imu!!
[2026-07-07 20:00:02.146] [glim] [warning] points=1783420552.903511 imu=1783420553.905268 diff=1.001757
[2026-07-07 20:00:02.146] [glim] [warning] large time difference between points and imu!!
[2026-07-07 20:00:02.146] [glim] [warning] points=1783420552.903511 imu=1783420553.915275 diff=1.011764
[2026-07-07 20:00:02.146] [glim] [warning] large time difference between points and imu!!
[2026-07-07 20:00:02.146] [glim] [warning] points=1783420552.903511 imu=1783420553.925282 diff=1.021771
[2026-07-07 20:00:02.211] [glim] [warning] large time difference between points and imu!!
[2026-07-07 20:00:02.212] [glim] [warning] points=1783420553.005010 imu=1783420554.005351 diff=1.000341
[2026-07-07 20:00:02.212] [glim] [warning] large time difference between points and imu!!
[2026-07-07 20:00:02.212] [glim] [warning] points=1783420553.005010 imu=1783420554.015288 diff=1.010279
[2026-07-07 20:00:02.212] [glim] [warning] large time difference between points and imu!!
[2026-07-07 20:00:02.212] [glim] [warning] points=1783420553.005010 imu=1783420554.025274 diff=1.020264
[2026-07-07 20:00:02.277] [glim] [warning] large time difference between points and imu!!
[2026-07-07 20:00:02.277] [glim] [warning] points=1783420553.106453 imu=1783420554.115241 diff=1.008787
[2026-07-07 20:00:02.278] [glim] [warning] large time difference between points and imu!!
[2026-07-07 20:00:02.278] [glim] [warning] points=1783420553.106453 imu=1783420554.125294 diff=1.018841
[2026-07-07 20:00:03.035] [odom] [warning] IMU bias estimation seems inaccurate.
[2026-07-07 20:00:03.035] [odom] [warning] Possibly T_lidar_imu is not accurate or LiDAR-IMU synchronization is not correct.
[2026-07-07 20:00:03.035] [odom] [warning] IMU bias validation results:
[2026-07-07 20:00:03.035] [odom] [warning] num_bias_validations=3072
[2026-07-07 20:00:03.035] [odom] [warning] bias_acc=[-1.067, 2.318, 0.133] m/s^2, bias_gyro=[-0.021, 0.005, 0.001] rad/s
[2026-07-07 20:00:03.035] [odom] [warning] acc_stat ax=-1.183 +- 0.669 [min=-2.003, max=0.003], ay=1.082 +- 0.792 [min=0.008, max=2.318], az=0.156 +- 0.065 [min=0.014, max=0.243] m/s^2
[2026-07-07 20:00:03.035] [odom] [warning] gyro_stat wx=-0.020 +- 0.001 [min=-0.022, max=-0.016], wy=0.004 +- 0.003 [min=0.001, max=0.010], wz=0.001 +- 0.000 [min=0.000, max=0.001] rad/s
[2026-07-07 20:00:03.698] [glim] [warning] large time difference between points and imu!!
[2026-07-07 20:00:03.698] [glim] [warning] points=1783420555.642954 imu=1783420556.645824 diff=1.002871
[2026-07-07 20:00:03.698] [glim] [warning] large time difference between points and imu!!
[2026-07-07 20:00:03.698] [glim] [warning] points=1783420555.642954 imu=1783420556.655734 diff=1.012780
[2026-07-07 20:00:03.699] [glim] [warning] large time difference between points and imu!!
[2026-07-07 20:00:03.699] [glim] [warning] points=1783420555.642954 imu=1783420556.665725 diff=1.022772
[2026-07-07 20:00:03.714] [glim] [warning] large time difference between points and imu!!
[2026-07-07 20:00:03.714] [glim] [warning] points=1783420555.744378 imu=1783420556.745721 diff=1.001343
[2026-07-07 20:00:03.714] [glim] [warning] large time difference between points and imu!!
[2026-07-07 20:00:03.714] [glim] [warning] points=1783420555.744378 imu=1783420556.755705 diff=1.011327
[2026-07-07 20:00:03.714] [glim] [warning] large time difference between points and imu!!
[2026-07-07 20:00:03.714] [glim] [warning] points=1783420555.744378 imu=1783420556.765714 diff=1.021336
[2026-07-07 20:00:03.765] [glim] [warning] large time difference between points and imu!!
[2026-07-07 20:00:03.765] [glim] [warning] points=1783420556.048728 imu=1783420557.055892 diff=1.007164
[2026-07-07 20:00:03.765] [glim] [warning] large time difference between points and imu!!
[2026-07-07 20:00:03.765] [glim] [warning] points=1783420556.048728 imu=1783420557.065886 diff=1.017159
[2026-07-07 20:00:03.837] [glim] [warning] large time difference between points and imu!!
[2026-07-07 20:00:03.837] [glim] [warning] points=1783420556.353135 imu=1783420557.355945 diff=1.002810
[2026-07-07 20:00:03.837] [glim] [warning] large time difference between points and imu!!
[2026-07-07 20:00:03.837] [glim] [warning] points=1783420556.353135 imu=1783420557.365961 diff=1.012826
[2026-07-07 20:00:03.837] [glim] [warning] large time difference between points and imu!!
[2026-07-07 20:00:03.837] [glim] [warning] points=1783420556.353135 imu=1783420557.375947 diff=1.022812
[2026-07-07 20:00:04.023] [glim] [warning] large time difference between points and imu!!
[2026-07-07 20:00:04.023] [glim] [warning] points=1783420557.266219 imu=1783420558.276041 diff=1.009822
[2026-07-07 20:00:04.024] [glim] [warning] large time difference between points and imu!!
[2026-07-07 20:00:04.024] [glim] [warning] points=1783420557.266219 imu=1783420558.286016 diff=1.019798
[2026-07-07 20:00:04.126] [glim] [warning] large time difference between points and imu!!
[2026-07-07 20:00:04.126] [glim] [warning] points=1783420557.773541 imu=1783420558.776119 diff=1.002578
[2026-07-07 20:00:04.126] [glim] [warning] large time difference between points and imu!!
[2026-07-07 20:00:04.126] [glim] [warning] points=1783420557.773541 imu=1783420558.786135 diff=1.012594
[2026-07-07 20:00:04.127] [glim] [warning] large time difference between points and imu!!
[2026-07-07 20:00:04.127] [glim] [warning] points=1783420557.773541 imu=1783420558.796028 diff=1.022487
[2026-07-07 20:00:04.167] [glim] [warning] large time difference between points and imu!!
[2026-07-07 20:00:04.167] [glim] [warning] points=1783420557.976610 imu=1783420558.986074 diff=1.009464
[2026-07-07 20:00:04.167] [glim] [warning] large time difference between points and imu!!
[2026-07-07 20:00:04.167] [glim] [warning] points=1783420557.976610 imu=1783420558.996088 diff=1.019478
[2026-07-07 20:00:04.189] [glim] [warning] large time difference between points and imu!!
[2026-07-07 20:00:04.189] [glim] [warning] points=1783420558.077972 imu=1783420559.086085 diff=1.008113
[2026-07-07 20:00:04.189] [glim] [warning] large time difference between points and imu!!
[2026-07-07 20:00:04.189] [glim] [warning] points=1783420558.077972 imu=1783420559.096076 diff=1.018105
[2026-07-07 20:00:04.226] [odom] [warning] IMU prediction is not good.
[2026-07-07 20:00:04.226] [odom] [warning] Possibly T_lidar_imu is not accurate or IMU bias is not well estimated.
[2026-07-07 20:00:04.226] [odom] [warning] IMU validation results:
[2026-07-07 20:00:04.226] [odom] [warning] num_validations=2816
[2026-07-07 20:00:04.226] [odom] [warning] No-IMU errors rot=0.253 +- 0.319 deg, trans=0.091 +- 0.069 m, vel=0.055 +- 0.045 m/s
[2026-07-07 20:00:04.226] [odom] [warning] IMU errors rot=0.112 +- 0.108 deg, trans=0.104 +- 0.071 m, vel=0.261 +- 0.094 m/s
[2026-07-07 20:00:04.226] [odom] [warning] IMU better ratios rot=0.80, trans=0.01, vel=0.03
[2026-07-07 20:00:04.477] [glim] [info] playback speed: 2.341x
[2026-07-07 20:00:04.849] [odom] [warning] IMU bias estimation seems inaccurate.
[2026-07-07 20:00:04.849] [odom] [warning] Possibly T_lidar_imu is not accurate or LiDAR-IMU synchronization is not correct.
[2026-07-07 20:00:04.849] [odom] [warning] IMU bias validation results:
[2026-07-07 20:00:04.849] [odom] [warning] num_bias_validations=3136
[2026-07-07 20:00:04.849] [odom] [warning] bias_acc=[-1.001, 2.318, 0.124] m/s^2, bias_gyro=[-0.021, 0.005, 0.001] rad/s
[2026-07-07 20:00:04.849] [odom] [warning] acc_stat ax=-1.180 +- 0.663 [min=-2.003, max=0.003], ay=1.107 +- 0.803 [min=0.008, max=2.318], az=0.155 +- 0.065 [min=0.014, max=0.243] m/s^2
[2026-07-07 20:00:04.849] [odom] [warning] gyro_stat wx=-0.020 +- 0.001 [min=-0.022, max=-0.016], wy=0.004 +- 0.003 [min=0.001, max=0.010], wz=0.001 +- 0.000 [min=0.000, max=0.001] rad/s
[2026-07-07 20:00:05.226] [glim] [warning] large time difference between points and imu!!
[2026-07-07 20:00:05.226] [glim] [warning] points=1783420561.020328 imu=1783420562.026657 diff=1.006329
[2026-07-07 20:00:05.227] [glim] [warning] large time difference between points and imu!!
[2026-07-07 20:00:05.227] [glim] [warning] points=1783420561.020328 imu=1783420562.036664 diff=1.016337
[2026-07-07 20:00:05.379] [glim] [warning] large time difference between points and imu!!
[2026-07-07 20:00:05.379] [glim] [warning] points=1783420561.324701 imu=1783420562.326578 diff=1.001877
[2026-07-07 20:00:05.379] [glim] [warning] large time difference between points and imu!!
[2026-07-07 20:00:05.379] [glim] [warning] points=1783420561.324701 imu=1783420562.336695 diff=1.011995
[2026-07-07 20:00:05.380] [glim] [warning] large time difference between points and imu!!
[2026-07-07 20:00:05.380] [glim] [warning] points=1783420561.324701 imu=1783420562.346709 diff=1.022008
[2026-07-07 20:00:05.543] [glim] [warning] large time difference between points and imu!!
[2026-07-07 20:00:05.543] [glim] [warning] points=1783420561.629075 imu=1783420562.636773 diff=1.007698
[2026-07-07 20:00:05.543] [glim] [warning] large time difference between points and imu!!
[2026-07-07 20:00:05.543] [glim] [warning] points=1783420561.629075 imu=1783420562.646755 diff=1.017680
[2026-07-07 20:00:05.710] [glim] [warning] large time difference between points and imu!!
[2026-07-07 20:00:05.710] [glim] [warning] points=1783420561.933401 imu=1783420562.936739 diff=1.003337
[2026-07-07 20:00:05.711] [glim] [warning] large time difference between points and imu!!
[2026-07-07 20:00:05.711] [glim] [warning] points=1783420561.933401 imu=1783420562.946673 diff=1.013272
[2026-07-07 20:00:05.892] [glim] [warning] large time difference between points and imu!!
[2026-07-07 20:00:05.892] [glim] [warning] points=1783420562.237774 imu=1783420563.246761 diff=1.008987
[2026-07-07 20:00:05.892] [glim] [warning] large time difference between points and imu!!
[2026-07-07 20:00:05.892] [glim] [warning] points=1783420562.237774 imu=1783420563.256734 diff=1.018960
[2026-07-07 20:00:05.953] [glim] [warning] large time difference between points and imu!!
[2026-07-07 20:00:05.953] [glim] [warning] points=1783420562.339233 imu=1783420563.346903 diff=1.007669
[2026-07-07 20:00:05.953] [glim] [warning] large time difference between points and imu!!
[2026-07-07 20:00:05.953] [glim] [warning] points=1783420562.339233 imu=1783420563.356866 diff=1.017633
[2026-07-07 20:00:06.018] [glim] [warning] large time difference between points and imu!!
[2026-07-07 20:00:06.018] [glim] [warning] points=1783420562.440697 imu=1783420563.446798 diff=1.006101
[2026-07-07 20:00:06.018] [glim] [warning] large time difference between points and imu!!
[2026-07-07 20:00:06.018] [glim] [warning] points=1783420562.440697 imu=1783420563.456782 diff=1.016085
[2026-07-07 20:00:06.479] [glim] [warning] large time difference between points and imu!!
[2026-07-07 20:00:06.479] [glim] [warning] points=1783420563.150920 imu=1783420564.156989 diff=1.006070
[2026-07-07 20:00:06.479] [glim] [warning] large time difference between points and imu!!
[2026-07-07 20:00:06.479] [glim] [warning] points=1783420563.150920 imu=1783420564.166937 diff=1.016017
[2026-07-07 20:00:07.040] [glim] [warning] large time difference between points and imu!!
[2026-07-07 20:00:07.040] [glim] [warning] points=1783420564.063999 imu=1783420565.067101 diff=1.003102
[2026-07-07 20:00:07.040] [glim] [warning] large time difference between points and imu!!
[2026-07-07 20:00:07.040] [glim] [warning] points=1783420564.063999 imu=1783420565.077031 diff=1.013032
[2026-07-07 20:00:07.040] [glim] [warning] large time difference between points and imu!!
[2026-07-07 20:00:07.040] [glim] [warning] points=1783420564.063999 imu=1783420565.087104 diff=1.023105
[2026-07-07 20:00:07.486] [glim] [warning] large time difference between points and imu!!
[2026-07-07 20:00:07.486] [glim] [warning] points=1783420564.875692 imu=1783420565.877189 diff=1.001497
[2026-07-07 20:00:07.486] [glim] [warning] large time difference between points and imu!!
[2026-07-07 20:00:07.486] [glim] [warning] points=1783420564.875692 imu=1783420565.887229 diff=1.011537
[2026-07-07 20:00:07.486] [glim] [warning] large time difference between points and imu!!
[2026-07-07 20:00:07.486] [glim] [warning] points=1783420564.875692 imu=1783420565.897085 diff=1.021393
[2026-07-07 20:00:07.717] [glim] [warning] large time difference between points and imu!!
[2026-07-07 20:00:07.717] [glim] [warning] points=1783420565.281347 imu=1783420566.287203 diff=1.005857
[2026-07-07 20:00:07.717] [glim] [warning] large time difference between points and imu!!
[2026-07-07 20:00:07.717] [glim] [warning] points=1783420565.281347 imu=1783420566.297144 diff=1.015797
[2026-07-07 20:00:07.912] [odom] [warning] IMU prediction is not good.
[2026-07-07 20:00:07.912] [odom] [warning] Possibly T_lidar_imu is not accurate or IMU bias is not well estimated.
[2026-07-07 20:00:07.912] [odom] [warning] IMU validation results:
[2026-07-07 20:00:07.912] [odom] [warning] num_validations=2880
[2026-07-07 20:00:07.912] [odom] [warning] No-IMU errors rot=0.253 +- 0.317 deg, trans=0.091 +- 0.069 m, vel=0.055 +- 0.045 m/s
[2026-07-07 20:00:07.912] [odom] [warning] IMU errors rot=0.113 +- 0.107 deg, trans=0.104 +- 0.070 m, vel=0.261 +- 0.093 m/s
[2026-07-07 20:00:07.912] [odom] [warning] IMU better ratios rot=0.80, trans=0.01, vel=0.03
[2026-07-07 20:00:08.390] [glim] [warning] large time difference between points and imu!!
[2026-07-07 20:00:08.390] [glim] [warning] points=1783420566.397549 imu=1783420567.407304 diff=1.009755
[2026-07-07 20:00:08.390] [glim] [warning] large time difference between points and imu!!
[2026-07-07 20:00:08.390] [glim] [warning] points=1783420566.397549 imu=1783420567.417362 diff=1.019813
[2026-07-07 20:00:08.922] [odom] [warning] IMU bias estimation seems inaccurate.
[2026-07-07 20:00:08.922] [odom] [warning] Possibly T_lidar_imu is not accurate or LiDAR-IMU synchronization is not correct.
[2026-07-07 20:00:08.922] [odom] [warning] IMU bias validation results:
[2026-07-07 20:00:08.922] [odom] [warning] num_bias_validations=3200
[2026-07-07 20:00:08.922] [odom] [warning] bias_acc=[-0.934, 2.315, 0.117] m/s^2, bias_gyro=[-0.020, 0.004, 0.001] rad/s
[2026-07-07 20:00:08.922] [odom] [warning] acc_stat ax=-1.175 +- 0.657 [min=-2.003, max=0.003], ay=1.131 +- 0.813 [min=0.008, max=2.318], az=0.155 +- 0.064 [min=0.014, max=0.243] m/s^2
[2026-07-07 20:00:08.922] [odom] [warning] gyro_stat wx=-0.020 +- 0.001 [min=-0.022, max=-0.016], wy=0.004 +- 0.003 [min=0.001, max=0.010], wz=0.001 +- 0.000 [min=0.000, max=0.001] rad/s
[2026-07-07 20:00:09.191] [glim] [warning] large time difference between points and imu!!
[2026-07-07 20:00:09.191] [glim] [warning] points=1783420567.615144 imu=1783420568.617598 diff=1.002453
[2026-07-07 20:00:09.191] [glim] [warning] large time difference between points and imu!!
[2026-07-07 20:00:09.191] [glim] [warning] points=1783420567.615144 imu=1783420568.627595 diff=1.012450
[2026-07-07 20:00:09.191] [glim] [warning] large time difference between points and imu!!
[2026-07-07 20:00:09.191] [glim] [warning] points=1783420567.615144 imu=1783420568.637605 diff=1.022461
[2026-07-07 20:00:09.257] [glim] [warning] large time difference between points and imu!!
[2026-07-07 20:00:09.257] [glim] [warning] points=1783420567.716547 imu=1783420568.717497 diff=1.000951
[2026-07-07 20:00:09.258] [glim] [warning] large time difference between points and imu!!
[2026-07-07 20:00:09.258] [glim] [warning] points=1783420567.716547 imu=1783420568.727497 diff=1.010950
[2026-07-07 20:00:09.258] [glim] [warning] large time difference between points and imu!!
[2026-07-07 20:00:09.258] [glim] [warning] points=1783420567.716547 imu=1783420568.737544 diff=1.020997
[2026-07-07 20:00:09.426] [glim] [warning] large time difference between points and imu!!
[2026-07-07 20:00:09.426] [glim] [warning] points=1783420568.020957 imu=1783420569.027654 diff=1.006697
[2026-07-07 20:00:09.427] [glim] [warning] large time difference between points and imu!!
[2026-07-07 20:00:09.427] [glim] [warning] points=1783420568.020957 imu=1783420569.037645 diff=1.016689
[2026-07-07 20:00:09.526] [glim] [info] playback speed: 1.871x
[2026-07-07 20:00:09.578] [glim] [warning] large time difference between points and imu!!
[2026-07-07 20:00:09.578] [glim] [warning] points=1783420568.325345 imu=1783420569.327713 diff=1.002368
[2026-07-07 20:00:09.578] [glim] [warning] large time difference between points and imu!!
[2026-07-07 20:00:09.578] [glim] [warning] points=1783420568.325345 imu=1783420569.337703 diff=1.012357
[2026-07-07 20:00:09.579] [glim] [warning] large time difference between points and imu!!
[2026-07-07 20:00:09.579] [glim] [warning] points=1783420568.325345 imu=1783420569.347727 diff=1.022382
[2026-07-07 20:00:09.730] [glim] [warning] large time difference between points and imu!!
[2026-07-07 20:00:09.730] [glim] [warning] points=1783420568.629719 imu=1783420569.637740 diff=1.008021
[2026-07-07 20:00:09.730] [glim] [warning] large time difference between points and imu!!
[2026-07-07 20:00:09.730] [glim] [warning] points=1783420568.629719 imu=1783420569.647855 diff=1.018136
[2026-07-07 20:00:10.331] [glim] [warning] large time difference between points and imu!!
[2026-07-07 20:00:10.331] [glim] [warning] points=1783420569.847167 imu=1783420570.847841 diff=1.000674
[2026-07-07 20:00:10.331] [glim] [warning] large time difference between points and imu!!
[2026-07-07 20:00:10.331] [glim] [warning] points=1783420569.847167 imu=1783420570.857930 diff=1.010764
[2026-07-07 20:00:10.332] [glim] [warning] large time difference between points and imu!!
[2026-07-07 20:00:10.332] [glim] [warning] points=1783420569.847167 imu=1783420570.867846 diff=1.020679
[2026-07-07 20:00:10.541] [glim] [warning] large time difference between points and imu!!
[2026-07-07 20:00:10.541] [glim] [warning] points=1783420570.253034 imu=1783420571.257994 diff=1.004961
[2026-07-07 20:00:10.541] [glim] [warning] large time difference between points and imu!!
[2026-07-07 20:00:10.541] [glim] [warning] points=1783420570.253034 imu=1783420571.267988 diff=1.014955
[2026-07-07 20:00:11.756] [odom] [warning] IMU prediction is not good.
[2026-07-07 20:00:11.756] [odom] [warning] Possibly T_lidar_imu is not accurate or IMU bias is not well estimated.
[2026-07-07 20:00:11.756] [odom] [warning] IMU validation results:
[2026-07-07 20:00:11.756] [odom] [warning] num_validations=2944
[2026-07-07 20:00:11.756] [odom] [warning] No-IMU errors rot=0.252 +- 0.314 deg, trans=0.091 +- 0.068 m, vel=0.055 +- 0.044 m/s
[2026-07-07 20:00:11.756] [odom] [warning] IMU errors rot=0.113 +- 0.107 deg, trans=0.104 +- 0.070 m, vel=0.260 +- 0.093 m/s
[2026-07-07 20:00:11.756] [odom] [warning] IMU better ratios rot=0.80, trans=0.01, vel=0.03
[2026-07-07 20:00:11.849] [glim] [warning] large time difference between points and imu!!
[2026-07-07 20:00:11.849] [glim] [warning] points=1783420572.383627 imu=1783420573.388353 diff=1.004725
[2026-07-07 20:00:11.849] [glim] [warning] large time difference between points and imu!!
[2026-07-07 20:00:11.849] [glim] [warning] points=1783420572.383627 imu=1783420573.398304 diff=1.014676
[2026-07-07 20:00:11.971] [glim] [warning] large time difference between points and imu!!
[2026-07-07 20:00:11.971] [glim] [warning] points=1783420572.586490 imu=1783420573.588337 diff=1.001847
[2026-07-07 20:00:11.971] [glim] [warning] large time difference between points and imu!!
[2026-07-07 20:00:11.971] [glim] [warning] points=1783420572.586490 imu=1783420573.598337 diff=1.011847
[2026-07-07 20:00:11.971] [glim] [warning] large time difference between points and imu!!
[2026-07-07 20:00:11.971] [glim] [warning] points=1783420572.586490 imu=1783420573.608322 diff=1.021832
[2026-07-07 20:00:12.150] [glim] [warning] large time difference between points and imu!!
[2026-07-07 20:00:12.150] [glim] [warning] points=1783420572.992345 imu=1783420573.998246 diff=1.005902
[2026-07-07 20:00:12.150] [glim] [warning] large time difference between points and imu!!
[2026-07-07 20:00:12.150] [glim] [warning] points=1783420572.992345 imu=1783420574.008365 diff=1.016021
[2026-07-07 20:00:12.233] [glim] [warning] large time difference between points and imu!!
[2026-07-07 20:00:12.233] [glim] [warning] points=1783420573.195281 imu=1783420574.198475 diff=1.003194
[2026-07-07 20:00:12.233] [glim] [warning] large time difference between points and imu!!
[2026-07-07 20:00:12.233] [glim] [warning] points=1783420573.195281 imu=1783420574.208450 diff=1.013169
[2026-07-07 20:00:12.233] [glim] [warning] large time difference between points and imu!!
[2026-07-07 20:00:12.233] [glim] [warning] points=1783420573.195281 imu=1783420574.218474 diff=1.023193
[2026-07-07 20:00:12.241] [odom] [warning] IMU bias estimation seems inaccurate.
[2026-07-07 20:00:12.241] [odom] [warning] Possibly T_lidar_imu is not accurate or LiDAR-IMU synchronization is not correct.
[2026-07-07 20:00:12.241] [odom] [warning] IMU bias validation results:
[2026-07-07 20:00:12.241] [odom] [warning] num_bias_validations=3264
[2026-07-07 20:00:12.241] [odom] [warning] bias_acc=[-0.873, 2.321, 0.108] m/s^2, bias_gyro=[-0.020, 0.004, 0.001] rad/s
[2026-07-07 20:00:12.241] [odom] [warning] acc_stat ax=-1.169 +- 0.652 [min=-2.003, max=0.003], ay=1.154 +- 0.822 [min=0.008, max=2.321], az=0.154 +- 0.064 [min=0.014, max=0.243] m/s^2
[2026-07-07 20:00:12.241] [odom] [warning] gyro_stat wx=-0.020 +- 0.001 [min=-0.022, max=-0.016], wy=0.004 +- 0.003 [min=0.001, max=0.010], wz=0.001 +- 0.000 [min=0.000, max=0.001] rad/s
[2026-07-07 20:00:12.599] [glim] [warning] large time difference between points and imu!!
[2026-07-07 20:00:12.599] [glim] [warning] points=1783420574.006930 imu=1783420575.008494 diff=1.001564
[2026-07-07 20:00:12.599] [glim] [warning] large time difference between points and imu!!
[2026-07-07 20:00:12.599] [glim] [warning] points=1783420574.006930 imu=1783420575.018419 diff=1.011489
[2026-07-07 20:00:12.599] [glim] [warning] large time difference between points and imu!!
[2026-07-07 20:00:12.599] [glim] [warning] points=1783420574.006930 imu=1783420575.028503 diff=1.021574
[2026-07-07 20:00:12.832] [glim] [warning] large time difference between points and imu!!
[2026-07-07 20:00:12.832] [glim] [warning] points=1783420574.514244 imu=1783420575.518452 diff=1.004208
[2026-07-07 20:00:12.832] [glim] [warning] large time difference between points and imu!!
[2026-07-07 20:00:12.832] [glim] [warning] points=1783420574.514244 imu=1783420575.528454 diff=1.014210
[2026-07-07 20:00:12.934] [glim] [warning] large time difference between points and imu!!
[2026-07-07 20:00:12.934] [glim] [warning] points=1783420574.717139 imu=1783420575.718588 diff=1.001448
[2026-07-07 20:00:12.934] [glim] [warning] large time difference between points and imu!!
[2026-07-07 20:00:12.934] [glim] [warning] points=1783420574.717139 imu=1783420575.728592 diff=1.011453
[2026-07-07 20:00:12.934] [glim] [warning] large time difference between points and imu!!
[2026-07-07 20:00:12.934] [glim] [warning] points=1783420574.717139 imu=1783420575.738492 diff=1.021353
[2026-07-07 20:00:13.035] [glim] [warning] large time difference between points and imu!!
[2026-07-07 20:00:13.035] [glim] [warning] points=1783420574.920063 imu=1783420575.928612 diff=1.008550
[2026-07-07 20:00:13.036] [glim] [warning] large time difference between points and imu!!
[2026-07-07 20:00:13.036] [glim] [warning] points=1783420574.920063 imu=1783420575.938535 diff=1.018473
[2026-07-07 20:00:13.259] [glim] [warning] large time difference between points and imu!!
[2026-07-07 20:00:13.259] [glim] [warning] points=1783420575.325770 imu=1783420576.328670 diff=1.002900
[2026-07-07 20:00:13.259] [glim] [warning] large time difference between points and imu!!
[2026-07-07 20:00:13.259] [glim] [warning] points=1783420575.325770 imu=1783420576.338673 diff=1.012903
[2026-07-07 20:00:13.259] [glim] [warning] large time difference between points and imu!!
[2026-07-07 20:00:13.259] [glim] [warning] points=1783420575.325770 imu=1783420576.348578 diff=1.022808
[2026-07-07 20:00:13.314] [glim] [warning] large time difference between points and imu!!
[2026-07-07 20:00:13.314] [glim] [warning] points=1783420575.427332 imu=1783420576.428616 diff=1.001284
[2026-07-07 20:00:13.315] [glim] [warning] large time difference between points and imu!!
[2026-07-07 20:00:13.315] [glim] [warning] points=1783420575.427332 imu=1783420576.438702 diff=1.011370
[2026-07-07 20:00:13.315] [glim] [warning] large time difference between points and imu!!
[2026-07-07 20:00:13.315] [glim] [warning] points=1783420575.427332 imu=1783420576.448715 diff=1.021382
[2026-07-07 20:00:13.370] [glim] [warning] large time difference between points and imu!!
[2026-07-07 20:00:13.370] [glim] [warning] points=1783420575.528864 imu=1783420576.538726 diff=1.009862
[2026-07-07 20:00:13.371] [glim] [warning] large time difference between points and imu!!
[2026-07-07 20:00:13.371] [glim] [warning] points=1783420575.528864 imu=1783420576.548607 diff=1.019743
[2026-07-07 20:00:13.724] [glim] [warning] large time difference between points and imu!!
[2026-07-07 20:00:13.724] [glim] [warning] points=1783420576.238964 imu=1783420577.248829 diff=1.009865
[2026-07-07 20:00:13.724] [glim] [warning] large time difference between points and imu!!
[2026-07-07 20:00:13.724] [glim] [warning] points=1783420576.238964 imu=1783420577.258823 diff=1.019859
[2026-07-07 20:00:13.759] [glim] [warning] large time difference between points and imu!!
[2026-07-07 20:00:13.759] [glim] [warning] points=1783420576.340431 imu=1783420577.348823 diff=1.008392
[2026-07-07 20:00:13.760] [glim] [warning] large time difference between points and imu!!
[2026-07-07 20:00:13.760] [glim] [warning] points=1783420576.340431 imu=1783420577.358842 diff=1.018411
[2026-07-07 20:00:13.795] [glim] [warning] large time difference between points and imu!!
[2026-07-07 20:00:13.795] [glim] [warning] points=1783420576.441936 imu=1783420577.448755 diff=1.006819
[2026-07-07 20:00:13.796] [glim] [warning] large time difference between points and imu!!
[2026-07-07 20:00:13.796] [glim] [warning] points=1783420576.441936 imu=1783420577.458765 diff=1.016829
[2026-07-07 20:00:13.997] [glim] [warning] large time difference between points and imu!!
[2026-07-07 20:00:13.997] [glim] [warning] points=1783420576.949230 imu=1783420577.958787 diff=1.009557
[2026-07-07 20:00:13.998] [glim] [warning] large time difference between points and imu!!
[2026-07-07 20:00:13.998] [glim] [warning] points=1783420576.949230 imu=1783420577.968830 diff=1.019600
[2026-07-07 20:00:14.166] [glim] [warning] large time difference between points and imu!!
[2026-07-07 20:00:14.166] [glim] [warning] points=1783420577.355005 imu=1783420578.358888 diff=1.003883
[2026-07-07 20:00:14.167] [glim] [warning] large time difference between points and imu!!
[2026-07-07 20:00:14.167] [glim] [warning] points=1783420577.355005 imu=1783420578.368949 diff=1.013944
[2026-07-07 20:00:14.528] [glim] [info] playback speed: 1.868x
[2026-07-07 20:00:14.667] [odom] [warning] IMU prediction is not good.
[2026-07-07 20:00:14.667] [odom] [warning] Possibly T_lidar_imu is not accurate or IMU bias is not well estimated.
[2026-07-07 20:00:14.667] [odom] [warning] IMU validation results:
[2026-07-07 20:00:14.667] [odom] [warning] num_validations=3008
[2026-07-07 20:00:14.667] [odom] [warning] No-IMU errors rot=0.250 +- 0.312 deg, trans=0.091 +- 0.067 m, vel=0.054 +- 0.044 m/s
[2026-07-07 20:00:14.667] [odom] [warning] IMU errors rot=0.113 +- 0.106 deg, trans=0.104 +- 0.069 m, vel=0.259 +- 0.092 m/s
[2026-07-07 20:00:14.667] [odom] [warning] IMU better ratios rot=0.80, trans=0.01, vel=0.03
[2026-07-07 20:00:14.895] [glim] [warning] large time difference between points and imu!!
[2026-07-07 20:00:14.895] [glim] [warning] points=1783420578.876874 imu=1783420579.879095 diff=1.002221
[2026-07-07 20:00:14.895] [glim] [warning] large time difference between points and imu!!
[2026-07-07 20:00:14.895] [glim] [warning] points=1783420578.876874 imu=1783420579.889068 diff=1.012194
[2026-07-07 20:00:14.895] [glim] [warning] large time difference between points and imu!!
[2026-07-07 20:00:14.895] [glim] [warning] points=1783420578.876874 imu=1783420579.899100 diff=1.022226
[2026-07-07 20:00:14.895] [glim] [warning] large time difference between points and imu!!
[2026-07-07 20:00:14.895] [glim] [warning] points=1783420578.876874 imu=1783420579.909202 diff=1.032328
[2026-07-07 20:00:14.895] [glim] [warning] large time difference between points and imu!!
[2026-07-07 20:00:14.895] [glim] [warning] points=1783420578.876874 imu=1783420579.919149 diff=1.042275
[2026-07-07 20:00:14.895] [glim] [warning] large time difference between points and imu!!
[2026-07-07 20:00:14.895] [glim] [warning] points=1783420578.876874 imu=1783420579.929142 diff=1.052268
[2026-07-07 20:00:14.895] [glim] [warning] large time difference between points and imu!!
[2026-07-07 20:00:14.895] [glim] [warning] points=1783420578.876874 imu=1783420579.939041 diff=1.062167
[2026-07-07 20:00:14.895] [glim] [warning] large time difference between points and imu!!
[2026-07-07 20:00:14.895] [glim] [warning] points=1783420578.876874 imu=1783420579.949177 diff=1.072303
[2026-07-07 20:00:14.895] [glim] [warning] large time difference between points and imu!!
[2026-07-07 20:00:14.895] [glim] [warning] points=1783420578.876874 imu=1783420579.959201 diff=1.082327
[2026-07-07 20:00:14.895] [glim] [warning] large time difference between points and imu!!
[2026-07-07 20:00:14.895] [glim] [warning] points=1783420578.876874 imu=1783420579.969081 diff=1.092207
[2026-07-07 20:00:14.895] [glim] [warning] large time difference between points and imu!!
[2026-07-07 20:00:14.895] [glim] [warning] points=1783420578.876874 imu=1783420579.979113 diff=1.102239
[2026-07-07 20:00:14.896] [glim] [warning] large time difference between points and imu!!
[2026-07-07 20:00:14.896] [glim] [warning] points=1783420578.876874 imu=1783420579.989157 diff=1.112283
[2026-07-07 20:00:14.896] [glim] [warning] large time difference between points and imu!!
[2026-07-07 20:00:14.896] [glim] [warning] points=1783420578.876874 imu=1783420579.999197 diff=1.122323
[2026-07-07 20:00:15.090] [glim] [warning] large time difference between points and imu!!
[2026-07-07 20:00:15.090] [glim] [warning] points=1783420579.282679 imu=1783420580.289205 diff=1.006526
[2026-07-07 20:00:15.090] [glim] [warning] large time difference between points and imu!!
[2026-07-07 20:00:15.090] [glim] [warning] points=1783420579.282679 imu=1783420580.299202 diff=1.016523
[2026-07-07 20:00:15.195] [odom] [warning] IMU bias estimation seems inaccurate.
[2026-07-07 20:00:15.195] [odom] [warning] Possibly T_lidar_imu is not accurate or LiDAR-IMU synchronization is not correct.
[2026-07-07 20:00:15.195] [odom] [warning] IMU bias validation results:
[2026-07-07 20:00:15.195] [odom] [warning] num_bias_validations=3328
[2026-07-07 20:00:15.195] [odom] [warning] bias_acc=[-0.815, 2.324, 0.099] m/s^2, bias_gyro=[-0.021, 0.003, 0.001] rad/s
[2026-07-07 20:00:15.195] [odom] [warning] acc_stat ax=-1.162 +- 0.647 [min=-2.003, max=0.003], ay=1.177 +- 0.829 [min=0.008, max=2.324], az=0.153 +- 0.064 [min=0.014, max=0.243] m/s^2
[2026-07-07 20:00:15.195] [odom] [warning] gyro_stat wx=-0.020 +- 0.001 [min=-0.022, max=-0.016], wy=0.004 +- 0.003 [min=0.001, max=0.010], wz=0.001 +- 0.000 [min=0.000, max=0.001] rad/s
[2026-07-07 20:00:15.213] [glim] [warning] large time difference between points and imu!!
[2026-07-07 20:00:15.213] [glim] [warning] points=1783420579.587062 imu=1783420580.589255 diff=1.002192
[2026-07-07 20:00:15.213] [glim] [warning] large time difference between points and imu!!
[2026-07-07 20:00:15.213] [glim] [warning] points=1783420579.587062 imu=1783420580.599232 diff=1.012170
[2026-07-07 20:00:15.213] [glim] [warning] large time difference between points and imu!!
[2026-07-07 20:00:15.213] [glim] [warning] points=1783420579.587062 imu=1783420580.609236 diff=1.022174
[2026-07-07 20:00:15.455] [glim] [warning] large time difference between points and imu!!
[2026-07-07 20:00:15.455] [glim] [warning] points=1783420580.195774 imu=1783420581.199334 diff=1.003560
[2026-07-07 20:00:15.455] [glim] [warning] large time difference between points and imu!!
[2026-07-07 20:00:15.455] [glim] [warning] points=1783420580.195774 imu=1783420581.209327 diff=1.013552
[2026-07-07 20:00:15.538] [glim] [warning] large time difference between points and imu!!
[2026-07-07 20:00:15.538] [glim] [warning] points=1783420580.398689 imu=1783420581.399341 diff=1.000653
[2026-07-07 20:00:15.538] [glim] [warning] large time difference between points and imu!!
[2026-07-07 20:00:15.538] [glim] [warning] points=1783420580.398689 imu=1783420581.409355 diff=1.010666
[2026-07-07 20:00:15.538] [glim] [warning] large time difference between points and imu!!
[2026-07-07 20:00:15.538] [glim] [warning] points=1783420580.398689 imu=1783420581.419357 diff=1.020669
[2026-07-07 20:00:16.394] [glim] [warning] large time difference between points and imu!!
[2026-07-07 20:00:16.394] [glim] [warning] points=1783420582.326331 imu=1783420583.329463 diff=1.003133
[2026-07-07 20:00:16.394] [glim] [warning] large time difference between points and imu!!
[2026-07-07 20:00:16.394] [glim] [warning] points=1783420582.326331 imu=1783420583.339464 diff=1.013133
[2026-07-07 20:00:16.394] [glim] [warning] large time difference between points and imu!!
[2026-07-07 20:00:16.394] [glim] [warning] points=1783420582.326331 imu=1783420583.349520 diff=1.023190
[2026-07-07 20:00:16.425] [glim] [warning] large time difference between points and imu!!
[2026-07-07 20:00:16.425] [glim] [warning] points=1783420582.427767 imu=1783420583.429612 diff=1.001845
[2026-07-07 20:00:16.425] [glim] [warning] large time difference between points and imu!!
[2026-07-07 20:00:16.425] [glim] [warning] points=1783420582.427767 imu=1783420583.439491 diff=1.011724
[2026-07-07 20:00:16.425] [glim] [warning] large time difference between points and imu!!
[2026-07-07 20:00:16.425] [glim] [warning] points=1783420582.427767 imu=1783420583.449495 diff=1.021728
[2026-07-07 20:00:16.510] [glim] [warning] large time difference between points and imu!!
[2026-07-07 20:00:16.510] [glim] [warning] points=1783420582.732109 imu=1783420583.739677 diff=1.007568
[2026-07-07 20:00:16.511] [glim] [warning] large time difference between points and imu!!
[2026-07-07 20:00:16.511] [glim] [warning] points=1783420582.732109 imu=1783420583.749562 diff=1.017452
[2026-07-07 20:00:16.558] [glim] [warning] large time difference between points and imu!!
[2026-07-07 20:00:16.558] [glim] [warning] points=1783420582.934988 imu=1783420583.939559 diff=1.004571
[2026-07-07 20:00:16.558] [glim] [warning] large time difference between points and imu!!
[2026-07-07 20:00:16.558] [glim] [warning] points=1783420582.934988 imu=1783420583.949560 diff=1.014572
[2026-07-07 20:00:16.589] [glim] [warning] large time difference between points and imu!!
[2026-07-07 20:00:16.589] [glim] [warning] points=1783420583.036447 imu=1783420584.039567 diff=1.003119
[2026-07-07 20:00:16.589] [glim] [warning] large time difference between points and imu!!
[2026-07-07 20:00:16.589] [glim] [warning] points=1783420583.036447 imu=1783420584.049676 diff=1.013229
[2026-07-07 20:00:16.589] [glim] [warning] large time difference between points and imu!!
[2026-07-07 20:00:16.589] [glim] [warning] points=1783420583.036447 imu=1783420584.059572 diff=1.023125
[2026-07-07 20:00:16.620] [glim] [warning] large time difference between points and imu!!
[2026-07-07 20:00:16.620] [glim] [warning] points=1783420583.137940 imu=1783420584.139682 diff=1.001741
[2026-07-07 20:00:16.620] [glim] [warning] large time difference between points and imu!!
[2026-07-07 20:00:16.620] [glim] [warning] points=1783420583.137940 imu=1783420584.149704 diff=1.011764
[2026-07-07 20:00:16.621] [glim] [warning] large time difference between points and imu!!
[2026-07-07 20:00:16.621] [glim] [warning] points=1783420583.137940 imu=1783420584.159713 diff=1.021773
[2026-07-07 20:00:16.838] [glim] [warning] large time difference between points and imu!!
[2026-07-07 20:00:16.838] [glim] [warning] points=1783420583.746700 imu=1783420584.749713 diff=1.003013
[2026-07-07 20:00:16.838] [glim] [warning] large time difference between points and imu!!
[2026-07-07 20:00:16.838] [glim] [warning] points=1783420583.746700 imu=1783420584.759658 diff=1.012957
[2026-07-07 20:00:16.838] [glim] [warning] large time difference between points and imu!!
[2026-07-07 20:00:16.838] [glim] [warning] points=1783420583.746700 imu=1783420584.769662 diff=1.022961
[2026-07-07 20:00:17.192] [glim] [warning] large time difference between points and imu!!
[2026-07-07 20:00:17.192] [glim] [warning] points=1783420584.558318 imu=1783420585.559893 diff=1.001575
[2026-07-07 20:00:17.192] [glim] [warning] large time difference between points and imu!!
[2026-07-07 20:00:17.192] [glim] [warning] points=1783420584.558318 imu=1783420585.569887 diff=1.011569
[2026-07-07 20:00:17.193] [glim] [warning] large time difference between points and imu!!
[2026-07-07 20:00:17.193] [glim] [warning] points=1783420584.558318 imu=1783420585.579869 diff=1.021551
[2026-07-07 20:00:17.238] [glim] [warning] large time difference between points and imu!!
[2026-07-07 20:00:17.238] [glim] [warning] points=1783420584.659790 imu=1783420585.659816 diff=1.000026
[2026-07-07 20:00:17.238] [glim] [warning] large time difference between points and imu!!
[2026-07-07 20:00:17.238] [glim] [warning] points=1783420584.659790 imu=1783420585.669895 diff=1.010105
[2026-07-07 20:00:17.239] [glim] [warning] large time difference between points and imu!!
[2026-07-07 20:00:17.239] [glim] [warning] points=1783420584.659790 imu=1783420585.679879 diff=1.020089
[2026-07-07 20:00:17.340] [odom] [warning] IMU prediction is not good.
[2026-07-07 20:00:17.340] [odom] [warning] Possibly T_lidar_imu is not accurate or IMU bias is not well estimated.
[2026-07-07 20:00:17.340] [odom] [warning] IMU validation results:
[2026-07-07 20:00:17.340] [odom] [warning] num_validations=3072
[2026-07-07 20:00:17.340] [odom] [warning] No-IMU errors rot=0.254 +- 0.317 deg, trans=0.091 +- 0.067 m, vel=0.054 +- 0.044 m/s
[2026-07-07 20:00:17.340] [odom] [warning] IMU errors rot=0.116 +- 0.109 deg, trans=0.103 +- 0.068 m, vel=0.258 +- 0.091 m/s
[2026-07-07 20:00:17.340] [odom] [warning] IMU better ratios rot=0.79, trans=0.01, vel=0.03
[2026-07-07 20:00:17.537] [glim] [warning] large time difference between points and imu!!
[2026-07-07 20:00:17.537] [glim] [warning] points=1783420585.268495 imu=1783420586.269957 diff=1.001462
[2026-07-07 20:00:17.537] [glim] [warning] large time difference between points and imu!!
[2026-07-07 20:00:17.537] [glim] [warning] points=1783420585.268495 imu=1783420586.279882 diff=1.011387
[2026-07-07 20:00:17.537] [glim] [warning] large time difference between points and imu!!
[2026-07-07 20:00:17.537] [glim] [warning] points=1783420585.268495 imu=1783420586.289963 diff=1.021468
[2026-07-07 20:00:17.588] [glim] [warning] large time difference between points and imu!!
[2026-07-07 20:00:17.588] [glim] [warning] points=1783420585.369956 imu=1783420586.369989 diff=1.000033
[2026-07-07 20:00:17.588] [glim] [warning] large time difference between points and imu!!
[2026-07-07 20:00:17.588] [glim] [warning] points=1783420585.369956 imu=1783420586.379971 diff=1.010015
[2026-07-07 20:00:17.588] [glim] [warning] large time difference between points and imu!!
[2026-07-07 20:00:17.588] [glim] [warning] points=1783420585.369956 imu=1783420586.389916 diff=1.019960
[2026-07-07 20:00:17.905] [odom] [warning] IMU bias estimation seems inaccurate.
[2026-07-07 20:00:17.905] [odom] [warning] Possibly T_lidar_imu is not accurate or LiDAR-IMU synchronization is not correct.
[2026-07-07 20:00:17.905] [odom] [warning] IMU bias validation results:
[2026-07-07 20:00:17.905] [odom] [warning] num_bias_validations=3392
[2026-07-07 20:00:17.905] [odom] [warning] bias_acc=[-0.765, 2.333, 0.092] m/s^2, bias_gyro=[-0.019, 0.003, 0.001] rad/s
[2026-07-07 20:00:17.905] [odom] [warning] acc_stat ax=-1.155 +- 0.644 [min=-2.003, max=0.003], ay=1.199 +- 0.836 [min=0.008, max=2.333], az=0.151 +- 0.064 [min=0.014, max=0.243] m/s^2
[2026-07-07 20:00:17.905] [odom] [warning] gyro_stat wx=-0.020 +- 0.001 [min=-0.022, max=-0.016], wy=0.004 +- 0.002 [min=0.001, max=0.010], wz=0.001 +- 0.000 [min=0.000, max=0.001] rad/s
[2026-07-07 20:00:17.920] [glim] [warning] large time difference between points and imu!!
[2026-07-07 20:00:17.920] [glim] [warning] points=1783420586.181611 imu=1783420587.190100 diff=1.008489
[2026-07-07 20:00:17.920] [glim] [warning] large time difference between points and imu!!
[2026-07-07 20:00:17.920] [glim] [warning] points=1783420586.181611 imu=1783420587.199960 diff=1.018349
[2026-07-07 20:00:18.055] [glim] [warning] large time difference between points and imu!!
[2026-07-07 20:00:18.055] [glim] [warning] points=1783420586.587405 imu=1783420587.590180 diff=1.002775
[2026-07-07 20:00:18.056] [glim] [warning] large time difference between points and imu!!
[2026-07-07 20:00:18.056] [glim] [warning] points=1783420586.587405 imu=1783420587.600201 diff=1.012796
[2026-07-07 20:00:18.056] [glim] [warning] large time difference between points and imu!!
[2026-07-07 20:00:18.056] [glim] [warning] points=1783420586.587405 imu=1783420587.610073 diff=1.022668
[2026-07-07 20:00:18.128] [glim] [warning] large time difference between points and imu!!
[2026-07-07 20:00:18.128] [glim] [warning] points=1783420586.790310 imu=1783420587.800215 diff=1.009905
[2026-07-07 20:00:18.129] [glim] [warning] large time difference between points and imu!!
[2026-07-07 20:00:18.129] [glim] [warning] points=1783420586.790310 imu=1783420587.810113 diff=1.019803
[2026-07-07 20:00:19.077] [glim] [warning] large time difference between points and imu!!
[2026-07-07 20:00:19.077] [glim] [warning] points=1783420588.920773 imu=1783420589.930367 diff=1.009594
[2026-07-07 20:00:19.077] [glim] [warning] large time difference between points and imu!!
[2026-07-07 20:00:19.077] [glim] [warning] points=1783420588.920773 imu=1783420589.940451 diff=1.019677
[2026-07-07 20:00:19.238] [glim] [warning] large time difference between points and imu!!
[2026-07-07 20:00:19.238] [glim] [warning] points=1783420589.326657 imu=1783420590.330361 diff=1.003704
[2026-07-07 20:00:19.238] [glim] [warning] large time difference between points and imu!!
[2026-07-07 20:00:19.238] [glim] [warning] points=1783420589.326657 imu=1783420590.340310 diff=1.013653
[2026-07-07 20:00:19.316] [glim] [warning] large time difference between points and imu!!
[2026-07-07 20:00:19.316] [glim] [warning] points=1783420589.529511 imu=1783420590.530360 diff=1.000849
[2026-07-07 20:00:19.316] [glim] [warning] large time difference between points and imu!!
[2026-07-07 20:00:19.316] [glim] [warning] points=1783420589.529511 imu=1783420590.540363 diff=1.010852
[2026-07-07 20:00:19.317] [glim] [warning] large time difference between points and imu!!
[2026-07-07 20:00:19.317] [glim] [warning] points=1783420589.529511 imu=1783420590.550362 diff=1.020851
[2026-07-07 20:00:19.472] [glim] [warning] large time difference between points and imu!!
[2026-07-07 20:00:19.472] [glim] [warning] points=1783420589.935344 imu=1783420590.940561 diff=1.005217
[2026-07-07 20:00:19.553] [glim] [info] playback speed: 2.498x
[2026-07-07 20:00:19.996] [glim] [warning] large time difference between points and imu!!
[2026-07-07 20:00:19.996] [glim] [warning] points=1783420591.152907 imu=1783420592.160573 diff=1.007665
[2026-07-07 20:00:19.996] [glim] [warning] large time difference between points and imu!!
[2026-07-07 20:00:19.996] [glim] [warning] points=1783420591.152907 imu=1783420592.170553 diff=1.017646
[2026-07-07 20:00:20.119] [odom] [warning] IMU prediction is not good.
[2026-07-07 20:00:20.119] [odom] [warning] Possibly T_lidar_imu is not accurate or IMU bias is not well estimated.
[2026-07-07 20:00:20.119] [odom] [warning] IMU validation results:
[2026-07-07 20:00:20.119] [odom] [warning] num_validations=3136
[2026-07-07 20:00:20.119] [odom] [warning] No-IMU errors rot=0.259 +- 0.321 deg, trans=0.090 +- 0.066 m, vel=0.054 +- 0.044 m/s
[2026-07-07 20:00:20.119] [odom] [warning] IMU errors rot=0.119 +- 0.111 deg, trans=0.102 +- 0.068 m, vel=0.256 +- 0.091 m/s
[2026-07-07 20:00:20.119] [odom] [warning] IMU better ratios rot=0.79, trans=0.01, vel=0.03
[2026-07-07 20:00:21.072] [odom] [warning] IMU bias estimation seems inaccurate.
[2026-07-07 20:00:21.072] [odom] [warning] Possibly T_lidar_imu is not accurate or LiDAR-IMU synchronization is not correct.
[2026-07-07 20:00:21.072] [odom] [warning] IMU bias validation results:
[2026-07-07 20:00:21.072] [odom] [warning] num_bias_validations=3456
[2026-07-07 20:00:21.072] [odom] [warning] bias_acc=[-0.719, 2.342, 0.084] m/s^2, bias_gyro=[-0.020, 0.002, 0.001] rad/s
[2026-07-07 20:00:21.072] [odom] [warning] acc_stat ax=-1.147 +- 0.640 [min=-2.003, max=0.003], ay=1.220 +- 0.843 [min=0.008, max=2.342], az=0.150 +- 0.064 [min=0.014, max=0.243] m/s^2
[2026-07-07 20:00:21.072] [odom] [warning] gyro_stat wx=-0.020 +- 0.001 [min=-0.022, max=-0.016], wy=0.004 +- 0.002 [min=0.001, max=0.010], wz=0.001 +- 0.000 [min=0.000, max=0.001] rad/s
[2026-07-07 20:00:21.578] [glim] [warning] large time difference between points and imu!!
[2026-07-07 20:00:21.578] [glim] [warning] points=1783420593.892152 imu=1783420594.900934 diff=1.008782
[2026-07-07 20:00:21.578] [glim] [warning] large time difference between points and imu!!
[2026-07-07 20:00:21.578] [glim] [warning] points=1783420593.892152 imu=1783420594.910932 diff=1.018780
[2026-07-07 20:00:22.272] [glim] [warning] large time difference between points and imu!!
[2026-07-07 20:00:22.272] [glim] [warning] points=1783420595.109635 imu=1783420596.111132 diff=1.001497
[2026-07-07 20:00:22.272] [glim] [warning] large time difference between points and imu!!
[2026-07-07 20:00:22.272] [glim] [warning] points=1783420595.109635 imu=1783420596.121059 diff=1.011424
[2026-07-07 20:00:22.272] [glim] [warning] large time difference between points and imu!!
[2026-07-07 20:00:22.272] [glim] [warning] points=1783420595.109635 imu=1783420596.131122 diff=1.021486
[2026-07-07 20:00:22.447] [glim] [warning] large time difference between points and imu!!
[2026-07-07 20:00:22.447] [glim] [warning] points=1783420595.413984 imu=1783420596.421091 diff=1.007107
[2026-07-07 20:00:22.447] [glim] [warning] large time difference between points and imu!!
[2026-07-07 20:00:22.447] [glim] [warning] points=1783420595.413984 imu=1783420596.431155 diff=1.017170
[2026-07-07 20:00:22.681] [glim] [warning] large time difference between points and imu!!
[2026-07-07 20:00:22.682] [glim] [warning] points=1783420595.819835 imu=1783420596.821087 diff=1.001252
[2026-07-07 20:00:22.682] [glim] [warning] large time difference between points and imu!!
[2026-07-07 20:00:22.682] [glim] [warning] points=1783420595.819835 imu=1783420596.831131 diff=1.011296
[2026-07-07 20:00:22.682] [glim] [warning] large time difference between points and imu!!
[2026-07-07 20:00:22.682] [glim] [warning] points=1783420595.819835 imu=1783420596.841212 diff=1.021377
[2026-07-07 20:00:22.988] [glim] [warning] large time difference between points and imu!!
[2026-07-07 20:00:22.988] [glim] [warning] points=1783420596.327111 imu=1783420597.331149 diff=1.004038
[2026-07-07 20:00:22.988] [glim] [warning] large time difference between points and imu!!
[2026-07-07 20:00:22.988] [glim] [warning] points=1783420596.327111 imu=1783420597.341251 diff=1.014140
[2026-07-07 20:00:23.189] [glim] [warning] large time difference between points and imu!!
[2026-07-07 20:00:23.189] [glim] [warning] points=1783420596.631485 imu=1783420597.641242 diff=1.009757
[2026-07-07 20:00:23.189] [glim] [warning] large time difference between points and imu!!
[2026-07-07 20:00:23.189] [glim] [warning] points=1783420596.631485 imu=1783420597.651210 diff=1.019725
[2026-07-07 20:00:23.255] [glim] [warning] large time difference between points and imu!!
[2026-07-07 20:00:23.255] [glim] [warning] points=1783420596.732986 imu=1783420597.741236 diff=1.008250
[2026-07-07 20:00:23.255] [glim] [warning] large time difference between points and imu!!
[2026-07-07 20:00:23.255] [glim] [warning] points=1783420596.732986 imu=1783420597.751195 diff=1.018209
[2026-07-07 20:00:23.321] [glim] [warning] large time difference between points and imu!!
[2026-07-07 20:00:23.321] [glim] [warning] points=1783420596.834400 imu=1783420597.841245 diff=1.006845
[2026-07-07 20:00:23.321] [glim] [warning] large time difference between points and imu!!
[2026-07-07 20:00:23.321] [glim] [warning] points=1783420596.834400 imu=1783420597.851202 diff=1.016802
[2026-07-07 20:00:23.593] [glim] [warning] large time difference between points and imu!!
[2026-07-07 20:00:23.593] [glim] [warning] points=1783420597.240241 imu=1783420598.241309 diff=1.001067
[2026-07-07 20:00:23.593] [glim] [warning] large time difference between points and imu!!
[2026-07-07 20:00:23.593] [glim] [warning] points=1783420597.240241 imu=1783420598.251327 diff=1.011086
[2026-07-07 20:00:23.593] [glim] [warning] large time difference between points and imu!!
[2026-07-07 20:00:23.593] [glim] [warning] points=1783420597.240241 imu=1783420598.261323 diff=1.021082
[2026-07-07 20:00:23.950] [glim] [warning] large time difference between points and imu!!
[2026-07-07 20:00:23.950] [glim] [warning] points=1783420597.747539 imu=1783420598.751315 diff=1.003776
[2026-07-07 20:00:23.950] [glim] [warning] large time difference between points and imu!!
[2026-07-07 20:00:23.950] [glim] [warning] points=1783420597.747539 imu=1783420598.761415 diff=1.013876
[2026-07-07 20:00:24.256] [odom] [warning] IMU prediction is not good.
[2026-07-07 20:00:24.256] [odom] [warning] Possibly T_lidar_imu is not accurate or IMU bias is not well estimated.
[2026-07-07 20:00:24.256] [odom] [warning] IMU validation results:
[2026-07-07 20:00:24.256] [odom] [warning] num_validations=3200
[2026-07-07 20:00:24.256] [odom] [warning] No-IMU errors rot=0.261 +- 0.325 deg, trans=0.089 +- 0.066 m, vel=0.054 +- 0.043 m/s
[2026-07-07 20:00:24.256] [odom] [warning] IMU errors rot=0.120 +- 0.111 deg, trans=0.102 +- 0.067 m, vel=0.256 +- 0.090 m/s
[2026-07-07 20:00:24.256] [odom] [warning] IMU better ratios rot=0.79, trans=0.01, vel=0.03
[2026-07-07 20:00:24.434] [odom] [warning] IMU bias estimation seems inaccurate.
[2026-07-07 20:00:24.434] [odom] [warning] Possibly T_lidar_imu is not accurate or LiDAR-IMU synchronization is not correct.
[2026-07-07 20:00:24.434] [odom] [warning] IMU bias validation results:
[2026-07-07 20:00:24.434] [odom] [warning] num_bias_validations=3520
[2026-07-07 20:00:24.434] [odom] [warning] bias_acc=[-0.664, 2.354, 0.077] m/s^2, bias_gyro=[-0.019, 0.002, 0.001] rad/s
[2026-07-07 20:00:24.434] [odom] [warning] acc_stat ax=-1.138 +- 0.638 [min=-2.003, max=0.003], ay=1.240 +- 0.849 [min=0.008, max=2.354], az=0.149 +- 0.064 [min=0.014, max=0.243] m/s^2
[2026-07-07 20:00:24.434] [odom] [warning] gyro_stat wx=-0.020 +- 0.001 [min=-0.022, max=-0.016], wy=0.004 +- 0.002 [min=0.001, max=0.010], wz=0.001 +- 0.000 [min=0.000, max=0.001] rad/s
[2026-07-07 20:00:24.568] [glim] [info] playback speed: 1.688x
[2026-07-07 20:00:25.588] [glim] [warning] large time difference between points and imu!!
[2026-07-07 20:00:25.588] [glim] [warning] points=1783420601.602793 imu=1783420602.611782 diff=1.008988
[2026-07-07 20:00:25.588] [glim] [warning] large time difference between points and imu!!
[2026-07-07 20:00:25.588] [glim] [warning] points=1783420601.602793 imu=1783420602.621717 diff=1.018924
[2026-07-07 20:00:26.695] [glim] [warning] large time difference between points and imu!!
[2026-07-07 20:00:26.695] [glim] [warning] points=1783420603.428993 imu=1783420604.432014 diff=1.003021
[2026-07-07 20:00:26.695] [glim] [warning] large time difference between points and imu!!
[2026-07-07 20:00:26.695] [glim] [warning] points=1783420603.428993 imu=1783420604.442043 diff=1.013050
[2026-07-07 20:00:26.695] [glim] [warning] large time difference between points and imu!!
[2026-07-07 20:00:26.695] [glim] [warning] points=1783420603.428993 imu=1783420604.451991 diff=1.022999
[2026-07-07 20:00:26.766] [glim] [warning] large time difference between points and imu!!
[2026-07-07 20:00:26.766] [glim] [warning] points=1783420603.530417 imu=1783420604.531985 diff=1.001568
[2026-07-07 20:00:26.766] [glim] [warning] large time difference between points and imu!!
[2026-07-07 20:00:26.766] [glim] [warning] points=1783420603.530417 imu=1783420604.541967 diff=1.011550
[2026-07-07 20:00:26.767] [glim] [warning] large time difference between points and imu!!
[2026-07-07 20:00:26.767] [glim] [warning] points=1783420603.530417 imu=1783420604.551973 diff=1.021556
[2026-07-07 20:00:26.838] [glim] [warning] large time difference between points and imu!!
[2026-07-07 20:00:26.838] [glim] [warning] points=1783420603.631926 imu=1783420604.631998 diff=1.000072
[2026-07-07 20:00:26.838] [glim] [warning] large time difference between points and imu!!
[2026-07-07 20:00:26.838] [glim] [warning] points=1783420603.631926 imu=1783420604.641997 diff=1.010070
[2026-07-07 20:00:26.838] [glim] [warning] large time difference between points and imu!!
[2026-07-07 20:00:26.838] [glim] [warning] points=1783420603.631926 imu=1783420604.652000 diff=1.020074
[2026-07-07 20:00:27.051] [glim] [warning] large time difference between points and imu!!
[2026-07-07 20:00:27.051] [glim] [warning] points=1783420603.936275 imu=1783420604.942158 diff=1.005883
[2026-07-07 20:00:27.052] [glim] [warning] large time difference between points and imu!!
[2026-07-07 20:00:27.052] [glim] [warning] points=1783420603.936275 imu=1783420604.952128 diff=1.015853
[2026-07-07 20:00:27.441] [odom] [warning] IMU prediction is not good.
[2026-07-07 20:00:27.441] [odom] [warning] Possibly T_lidar_imu is not accurate or IMU bias is not well estimated.
[2026-07-07 20:00:27.441] [odom] [warning] IMU validation results:
[2026-07-07 20:00:27.441] [odom] [warning] num_validations=3264
[2026-07-07 20:00:27.441] [odom] [warning] No-IMU errors rot=0.261 +- 0.324 deg, trans=0.089 +- 0.065 m, vel=0.054 +- 0.043 m/s
[2026-07-07 20:00:27.441] [odom] [warning] IMU errors rot=0.119 +- 0.110 deg, trans=0.101 +- 0.067 m, vel=0.255 +- 0.090 m/s
[2026-07-07 20:00:27.441] [odom] [warning] IMU better ratios rot=0.79, trans=0.01, vel=0.03
[2026-07-07 20:00:27.475] [glim] [warning] large time difference between points and imu!!
[2026-07-07 20:00:27.475] [glim] [warning] points=1783420604.545001 imu=1783420605.552246 diff=1.007245
[2026-07-07 20:00:27.475] [glim] [warning] large time difference between points and imu!!
[2026-07-07 20:00:27.475] [glim] [warning] points=1783420604.545001 imu=1783420605.562186 diff=1.017184
[2026-07-07 20:00:27.637] [odom] [warning] IMU bias estimation seems inaccurate.
[2026-07-07 20:00:27.637] [odom] [warning] Possibly T_lidar_imu is not accurate or LiDAR-IMU synchronization is not correct.
[2026-07-07 20:00:27.637] [odom] [warning] IMU bias validation results:
[2026-07-07 20:00:27.637] [odom] [warning] num_bias_validations=3584
[2026-07-07 20:00:27.637] [odom] [warning] bias_acc=[-0.612, 2.362, 0.071] m/s^2, bias_gyro=[-0.019, 0.003, 0.001] rad/s
[2026-07-07 20:00:27.637] [odom] [warning] acc_stat ax=-1.128 +- 0.636 [min=-2.003, max=0.003], ay=1.260 +- 0.854 [min=0.008, max=2.362], az=0.147 +- 0.064 [min=0.014, max=0.243] m/s^2
[2026-07-07 20:00:27.637] [odom] [warning] gyro_stat wx=-0.020 +- 0.001 [min=-0.022, max=-0.016], wy=0.004 +- 0.002 [min=0.001, max=0.010], wz=0.001 +- 0.000 [min=0.000, max=0.001] rad/s
[2026-07-07 20:00:28.159] [glim] [warning] large time difference between points and imu!!
[2026-07-07 20:00:28.159] [glim] [warning] points=1783420607.182753 imu=1783420608.192421 diff=1.009668
[2026-07-07 20:00:28.160] [glim] [warning] large time difference between points and imu!!
[2026-07-07 20:00:28.160] [glim] [warning] points=1783420607.182753 imu=1783420608.202424 diff=1.019671
[2026-07-07 20:00:28.374] [glim] [warning] large time difference between points and imu!!
[2026-07-07 20:00:28.374] [glim] [warning] points=1783420607.689987 imu=1783420608.692452 diff=1.002465
[2026-07-07 20:00:28.374] [glim] [warning] large time difference between points and imu!!
[2026-07-07 20:00:28.374] [glim] [warning] points=1783420607.689987 imu=1783420608.702343 diff=1.012356
[2026-07-07 20:00:28.375] [glim] [warning] large time difference between points and imu!!
[2026-07-07 20:00:28.375] [glim] [warning] points=1783420607.689987 imu=1783420608.712498 diff=1.022511
[2026-07-07 20:00:28.767] [glim] [warning] large time difference between points and imu!!
[2026-07-07 20:00:28.767] [glim] [warning] points=1783420608.501552 imu=1783420609.502538 diff=1.000986
[2026-07-07 20:00:28.767] [glim] [warning] large time difference between points and imu!!
[2026-07-07 20:00:28.767] [glim] [warning] points=1783420608.501552 imu=1783420609.512542 diff=1.010991
[2026-07-07 20:00:28.768] [glim] [warning] large time difference between points and imu!!
[2026-07-07 20:00:28.768] [glim] [warning] points=1783420608.501552 imu=1783420609.522542 diff=1.020990
[2026-07-07 20:00:29.037] [glim] [warning] large time difference between points and imu!!
[2026-07-07 20:00:29.037] [glim] [warning] points=1783420609.008816 imu=1783420610.012587 diff=1.003771
[2026-07-07 20:00:29.038] [glim] [warning] large time difference between points and imu!!
[2026-07-07 20:00:29.038] [glim] [warning] points=1783420609.008816 imu=1783420610.022594 diff=1.013778
[2026-07-07 20:00:29.094] [glim] [warning] large time difference between points and imu!!
[2026-07-07 20:00:29.094] [glim] [warning] points=1783420609.110274 imu=1783420610.112596 diff=1.002323
[2026-07-07 20:00:29.094] [glim] [warning] large time difference between points and imu!!
[2026-07-07 20:00:29.094] [glim] [warning] points=1783420609.110274 imu=1783420610.122617 diff=1.012343
[2026-07-07 20:00:29.094] [glim] [warning] large time difference between points and imu!!
[2026-07-07 20:00:29.094] [glim] [warning] points=1783420609.110274 imu=1783420610.132621 diff=1.022347
[2026-07-07 20:00:29.150] [glim] [warning] large time difference between points and imu!!
[2026-07-07 20:00:29.150] [glim] [warning] points=1783420609.211714 imu=1783420610.212626 diff=1.000911
[2026-07-07 20:00:29.150] [glim] [warning] large time difference between points and imu!!
[2026-07-07 20:00:29.150] [glim] [warning] points=1783420609.211714 imu=1783420610.222629 diff=1.010914
[2026-07-07 20:00:29.150] [glim] [warning] large time difference between points and imu!!
[2026-07-07 20:00:29.150] [glim] [warning] points=1783420609.211714 imu=1783420610.232631 diff=1.020917
[2026-07-07 20:00:29.262] [glim] [warning] large time difference between points and imu!!
[2026-07-07 20:00:29.262] [glim] [warning] points=1783420609.414607 imu=1783420610.422625 diff=1.008018
[2026-07-07 20:00:29.262] [glim] [warning] large time difference between points and imu!!
[2026-07-07 20:00:29.262] [glim] [warning] points=1783420609.414607 imu=1783420610.432696 diff=1.018089
[2026-07-07 20:00:29.505] [glim] [warning] large time difference between points and imu!!
[2026-07-07 20:00:29.505] [glim] [warning] points=1783420609.820366 imu=1783420610.822704 diff=1.002338
[2026-07-07 20:00:29.505] [glim] [warning] large time difference between points and imu!!
[2026-07-07 20:00:29.505] [glim] [warning] points=1783420609.820366 imu=1783420610.832556 diff=1.012190
[2026-07-07 20:00:29.506] [glim] [warning] large time difference between points and imu!!
[2026-07-07 20:00:29.506] [glim] [warning] points=1783420609.820366 imu=1783420610.842614 diff=1.022248
[2026-07-07 20:00:29.626] [glim] [info] playback speed: 2.260x
[2026-07-07 20:00:29.694] [glim] [warning] large time difference between points and imu!!
[2026-07-07 20:00:29.694] [glim] [warning] points=1783420610.124769 imu=1783420611.132589 diff=1.007820
[2026-07-07 20:00:29.694] [glim] [warning] large time difference between points and imu!!
[2026-07-07 20:00:29.694] [glim] [warning] points=1783420610.124769 imu=1783420611.142620 diff=1.017851
[2026-07-07 20:00:30.023] [glim] [warning] large time difference between points and imu!!
[2026-07-07 20:00:30.023] [glim] [warning] points=1783420610.632071 imu=1783420611.632683 diff=1.000612
[2026-07-07 20:00:30.023] [glim] [warning] large time difference between points and imu!!
[2026-07-07 20:00:30.023] [glim] [warning] points=1783420610.632071 imu=1783420611.642681 diff=1.010610
[2026-07-07 20:00:30.024] [glim] [warning] large time difference between points and imu!!
[2026-07-07 20:00:30.024] [glim] [warning] points=1783420610.632071 imu=1783420611.652711 diff=1.020640
[2026-07-07 20:00:30.155] [glim] [warning] large time difference between points and imu!!
[2026-07-07 20:00:30.155] [glim] [warning] points=1783420610.834984 imu=1783420611.842694 diff=1.007710
[2026-07-07 20:00:30.155] [glim] [warning] large time difference between points and imu!!
[2026-07-07 20:00:30.155] [glim] [warning] points=1783420610.834984 imu=1783420611.852687 diff=1.017703
[2026-07-07 20:00:30.409] [odom] [warning] IMU prediction is not good.
[2026-07-07 20:00:30.409] [odom] [warning] Possibly T_lidar_imu is not accurate or IMU bias is not well estimated.
[2026-07-07 20:00:30.409] [odom] [warning] IMU validation results:
[2026-07-07 20:00:30.409] [odom] [warning] num_validations=3328
[2026-07-07 20:00:30.409] [odom] [warning] No-IMU errors rot=0.260 +- 0.322 deg, trans=0.088 +- 0.065 m, vel=0.053 +- 0.043 m/s
[2026-07-07 20:00:30.409] [odom] [warning] IMU errors rot=0.119 +- 0.110 deg, trans=0.101 +- 0.066 m, vel=0.254 +- 0.089 m/s
[2026-07-07 20:00:30.409] [odom] [warning] IMU better ratios rot=0.80, trans=0.01, vel=0.03
[2026-07-07 20:00:30.617] [glim] [warning] large time difference between points and imu!!
[2026-07-07 20:00:30.617] [glim] [warning] points=1783420611.545116 imu=1783420612.552858 diff=1.007741
[2026-07-07 20:00:30.617] [glim] [warning] large time difference between points and imu!!
[2026-07-07 20:00:30.617] [glim] [warning] points=1783420611.545116 imu=1783420612.562829 diff=1.017712
[2026-07-07 20:00:30.703] [odom] [warning] IMU bias estimation seems inaccurate.
[2026-07-07 20:00:30.703] [odom] [warning] Possibly T_lidar_imu is not accurate or LiDAR-IMU synchronization is not correct.
[2026-07-07 20:00:30.703] [odom] [warning] IMU bias validation results:
[2026-07-07 20:00:30.703] [odom] [warning] num_bias_validations=3648
[2026-07-07 20:00:30.703] [odom] [warning] bias_acc=[-0.559, 2.370, 0.065] m/s^2, bias_gyro=[-0.019, 0.002, 0.001] rad/s
[2026-07-07 20:00:30.703] [odom] [warning] acc_stat ax=-1.118 +- 0.635 [min=-2.003, max=0.003], ay=1.280 +- 0.859 [min=0.008, max=2.370], az=0.146 +- 0.064 [min=0.014, max=0.243] m/s^2
[2026-07-07 20:00:30.703] [odom] [warning] gyro_stat wx=-0.020 +- 0.001 [min=-0.022, max=-0.016], wy=0.004 +- 0.002 [min=0.001, max=0.010], wz=0.001 +- 0.000 [min=0.000, max=0.001] rad/s
[2026-07-07 20:00:30.789] [glim] [warning] large time difference between points and imu!!
[2026-07-07 20:00:30.789] [glim] [warning] points=1783420612.255323 imu=1783420613.262924 diff=1.007602
[2026-07-07 20:00:30.789] [glim] [warning] large time difference between points and imu!!
[2026-07-07 20:00:30.789] [glim] [warning] points=1783420612.255323 imu=1783420613.272834 diff=1.017511
[2026-07-07 20:00:30.805] [glim] [warning] large time difference between points and imu!!
[2026-07-07 20:00:30.805] [glim] [warning] points=1783420612.356767 imu=1783420613.362964 diff=1.006197
[2026-07-07 20:00:30.805] [glim] [warning] large time difference between points and imu!!
[2026-07-07 20:00:30.805] [glim] [warning] points=1783420612.356767 imu=1783420613.372836 diff=1.016069
[2026-07-07 20:00:30.968] [glim] [warning] large time difference between points and imu!!
[2026-07-07 20:00:30.968] [glim] [warning] points=1783420613.269795 imu=1783420614.273030 diff=1.003234
[2026-07-07 20:00:30.968] [glim] [warning] large time difference between points and imu!!
[2026-07-07 20:00:30.968] [glim] [warning] points=1783420613.269795 imu=1783420614.283021 diff=1.013226
[2026-07-07 20:00:30.989] [glim] [warning] large time difference between points and imu!!
[2026-07-07 20:00:30.989] [glim] [warning] points=1783420613.371248 imu=1783420614.373041 diff=1.001794
[2026-07-07 20:00:30.989] [glim] [warning] large time difference between points and imu!!
[2026-07-07 20:00:30.989] [glim] [warning] points=1783420613.371248 imu=1783420614.383047 diff=1.011800
[2026-07-07 20:00:30.989] [glim] [warning] large time difference between points and imu!!
[2026-07-07 20:00:30.990] [glim] [warning] points=1783420613.371248 imu=1783420614.393034 diff=1.021786
[2026-07-07 20:00:31.107] [glim] [warning] large time difference between points and imu!!
[2026-07-07 20:00:31.107] [glim] [warning] points=1783420614.182830 imu=1783420615.183115 diff=1.000286
[2026-07-07 20:00:31.107] [glim] [warning] large time difference between points and imu!!
[2026-07-07 20:00:31.107] [glim] [warning] points=1783420614.182830 imu=1783420615.193110 diff=1.010281
[2026-07-07 20:00:31.107] [glim] [warning] large time difference between points and imu!!
[2026-07-07 20:00:31.107] [glim] [warning] points=1783420614.182830 imu=1783420615.203106 diff=1.020277
[2026-07-07 20:00:31.138] [glim] [warning] large time difference between points and imu!!
[2026-07-07 20:00:31.138] [glim] [warning] points=1783420614.385720 imu=1783420615.393120 diff=1.007400
[2026-07-07 20:00:31.139] [glim] [warning] large time difference between points and imu!!
[2026-07-07 20:00:31.139] [glim] [warning] points=1783420614.385720 imu=1783420615.403108 diff=1.017389
[2026-07-07 20:00:31.350] [glim] [warning] large time difference between points and imu!!
[2026-07-07 20:00:31.350] [glim] [warning] points=1783420615.298926 imu=1783420616.303194 diff=1.004268
[2026-07-07 20:00:31.351] [glim] [warning] large time difference between points and imu!!
[2026-07-07 20:00:31.351] [glim] [warning] points=1783420615.298926 imu=1783420616.313192 diff=1.014266
[2026-07-07 20:00:31.529] [glim] [warning] large time difference between points and imu!!
[2026-07-07 20:00:31.529] [glim] [warning] points=1783420615.806100 imu=1783420616.813298 diff=1.007198
[2026-07-07 20:00:31.529] [glim] [warning] large time difference between points and imu!!
[2026-07-07 20:00:31.529] [glim] [warning] points=1783420615.806100 imu=1783420616.823270 diff=1.017170
[2026-07-07 20:00:32.237] [odom] [warning] IMU prediction is not good.
[2026-07-07 20:00:32.237] [odom] [warning] Possibly T_lidar_imu is not accurate or IMU bias is not well estimated.
[2026-07-07 20:00:32.237] [odom] [warning] IMU validation results:
[2026-07-07 20:00:32.237] [odom] [warning] num_validations=3392
[2026-07-07 20:00:32.237] [odom] [warning] No-IMU errors rot=0.258 +- 0.320 deg, trans=0.088 +- 0.064 m, vel=0.053 +- 0.043 m/s
[2026-07-07 20:00:32.237] [odom] [warning] IMU errors rot=0.118 +- 0.109 deg, trans=0.100 +- 0.066 m, vel=0.252 +- 0.089 m/s
[2026-07-07 20:00:32.237] [odom] [warning] IMU better ratios rot=0.80, trans=0.01, vel=0.03
[2026-07-07 20:00:32.507] [glim] [warning] large time difference between points and imu!!
[2026-07-07 20:00:32.507] [glim] [warning] points=1783420617.936602 imu=1783420618.943364 diff=1.006762
[2026-07-07 20:00:32.507] [glim] [warning] large time difference between points and imu!!
[2026-07-07 20:00:32.507] [glim] [warning] points=1783420617.936602 imu=1783420618.953430 diff=1.016828
[2026-07-07 20:00:33.158] [glim] [warning] large time difference between points and imu!!
[2026-07-07 20:00:33.158] [glim] [warning] points=1783420619.052522 imu=1783420620.053465 diff=1.000942
[2026-07-07 20:00:33.159] [glim] [warning] large time difference between points and imu!!
[2026-07-07 20:00:33.159] [glim] [warning] points=1783420619.052522 imu=1783420620.063526 diff=1.011004
[2026-07-07 20:00:33.159] [glim] [warning] large time difference between points and imu!!
[2026-07-07 20:00:33.159] [glim] [warning] points=1783420619.052522 imu=1783420620.073432 diff=1.020909
[2026-07-07 20:00:33.167] [odom] [warning] IMU bias estimation seems inaccurate.
[2026-07-07 20:00:33.167] [odom] [warning] Possibly T_lidar_imu is not accurate or LiDAR-IMU synchronization is not correct.
[2026-07-07 20:00:33.167] [odom] [warning] IMU bias validation results:
[2026-07-07 20:00:33.167] [odom] [warning] num_bias_validations=3712
[2026-07-07 20:00:33.167] [odom] [warning] bias_acc=[-0.510, 2.378, 0.058] m/s^2, bias_gyro=[-0.019, 0.002, 0.001] rad/s
[2026-07-07 20:00:33.167] [odom] [warning] acc_stat ax=-1.108 +- 0.634 [min=-2.003, max=0.003], ay=1.299 +- 0.864 [min=0.008, max=2.378], az=0.145 +- 0.065 [min=0.014, max=0.243] m/s^2
[2026-07-07 20:00:33.167] [odom] [warning] gyro_stat wx=-0.020 +- 0.001 [min=-0.022, max=-0.016], wy=0.004 +- 0.002 [min=0.001, max=0.010], wz=0.001 +- 0.000 [min=0.000, max=0.001] rad/s
[2026-07-07 20:00:33.290] [glim] [warning] large time difference between points and imu!!
[2026-07-07 20:00:33.290] [glim] [warning] points=1783420619.255389 imu=1783420620.263429 diff=1.008040
[2026-07-07 20:00:33.290] [glim] [warning] large time difference between points and imu!!
[2026-07-07 20:00:33.290] [glim] [warning] points=1783420619.255389 imu=1783420620.273566 diff=1.018177
[2026-07-07 20:00:33.422] [glim] [warning] large time difference between points and imu!!
[2026-07-07 20:00:33.422] [glim] [warning] points=1783420619.458316 imu=1783420620.463579 diff=1.005263
[2026-07-07 20:00:33.422] [glim] [warning] large time difference between points and imu!!
[2026-07-07 20:00:33.422] [glim] [warning] points=1783420619.458316 imu=1783420620.473577 diff=1.015260
[2026-07-07 20:00:33.554] [glim] [warning] large time difference between points and imu!!
[2026-07-07 20:00:33.554] [glim] [warning] points=1783420619.661186 imu=1783420620.663533 diff=1.002347
[2026-07-07 20:00:33.554] [glim] [warning] large time difference between points and imu!!
[2026-07-07 20:00:33.554] [glim] [warning] points=1783420619.661186 imu=1783420620.673477 diff=1.012291
[2026-07-07 20:00:33.554] [glim] [warning] large time difference between points and imu!!
[2026-07-07 20:00:33.554] [glim] [warning] points=1783420619.661186 imu=1783420620.683466 diff=1.022280
[2026-07-07 20:00:34.265] [glim] [warning] large time difference between points and imu!!
[2026-07-07 20:00:34.265] [glim] [warning] points=1783420621.385927 imu=1783420622.393695 diff=1.007769
[2026-07-07 20:00:34.265] [glim] [warning] large time difference between points and imu!!
[2026-07-07 20:00:34.265] [glim] [warning] points=1783420621.385927 imu=1783420622.403669 diff=1.017742
[2026-07-07 20:00:34.471] [glim] [warning] large time difference between points and imu!!
[2026-07-07 20:00:34.471] [glim] [warning] points=1783420621.994660 imu=1783420623.003820 diff=1.009161
[2026-07-07 20:00:34.471] [glim] [warning] large time difference between points and imu!!
[2026-07-07 20:00:34.471] [glim] [warning] points=1783420621.994660 imu=1783420623.013728 diff=1.019068
[2026-07-07 20:00:34.630] [glim] [info] playback speed: 2.452x
[2026-07-07 20:00:35.343] [odom] [warning] IMU prediction is not good.
[2026-07-07 20:00:35.343] [odom] [warning] Possibly T_lidar_imu is not accurate or IMU bias is not well estimated.
[2026-07-07 20:00:35.343] [odom] [warning] IMU validation results:
[2026-07-07 20:00:35.343] [odom] [warning] num_validations=3456
[2026-07-07 20:00:35.343] [odom] [warning] No-IMU errors rot=0.258 +- 0.317 deg, trans=0.088 +- 0.064 m, vel=0.053 +- 0.042 m/s
[2026-07-07 20:00:35.343] [odom] [warning] IMU errors rot=0.119 +- 0.110 deg, trans=0.100 +- 0.065 m, vel=0.251 +- 0.088 m/s
[2026-07-07 20:00:35.343] [odom] [warning] IMU better ratios rot=0.80, trans=0.01, vel=0.03
[2026-07-07 20:00:35.403] [glim] [warning] large time difference between points and imu!!
[2026-07-07 20:00:35.403] [glim] [warning] points=1783420624.023679 imu=1783420625.024056 diff=1.000376
[2026-07-07 20:00:35.403] [glim] [warning] large time difference between points and imu!!
[2026-07-07 20:00:35.403] [glim] [warning] points=1783420624.023679 imu=1783420625.034069 diff=1.010389
[2026-07-07 20:00:35.403] [glim] [warning] large time difference between points and imu!!
[2026-07-07 20:00:35.403] [glim] [warning] points=1783420624.023679 imu=1783420625.044044 diff=1.020365
[2026-07-07 20:00:35.743] [glim] [warning] large time difference between points and imu!!
[2026-07-07 20:00:35.743] [glim] [warning] points=1783420624.632331 imu=1783420625.633916 diff=1.001585
[2026-07-07 20:00:35.743] [glim] [warning] large time difference between points and imu!!
[2026-07-07 20:00:35.743] [glim] [warning] points=1783420624.632331 imu=1783420625.643923 diff=1.011592
[2026-07-07 20:00:35.743] [glim] [warning] large time difference between points and imu!!
[2026-07-07 20:00:35.743] [glim] [warning] points=1783420624.632331 imu=1783420625.653969 diff=1.021638
[2026-07-07 20:00:35.925] [glim] [warning] large time difference between points and imu!!
[2026-07-07 20:00:35.925] [glim] [warning] points=1783420624.936736 imu=1783420625.944125 diff=1.007389
[2026-07-07 20:00:35.925] [glim] [warning] large time difference between points and imu!!
[2026-07-07 20:00:35.925] [glim] [warning] points=1783420624.936736 imu=1783420625.954106 diff=1.017370
[2026-07-07 20:00:36.309] [glim] [warning] large time difference between points and imu!!
[2026-07-07 20:00:36.309] [glim] [warning] points=1783420625.545413 imu=1783420626.554169 diff=1.008757
[2026-07-07 20:00:36.309] [glim] [warning] large time difference between points and imu!!
[2026-07-07 20:00:36.309] [glim] [warning] points=1783420625.545413 imu=1783420626.564111 diff=1.018698
[2026-07-07 20:00:36.344] [odom] [warning] IMU bias estimation seems inaccurate.
[2026-07-07 20:00:36.344] [odom] [warning] Possibly T_lidar_imu is not accurate or LiDAR-IMU synchronization is not correct.
[2026-07-07 20:00:36.344] [odom] [warning] IMU bias validation results:
[2026-07-07 20:00:36.344] [odom] [warning] num_bias_validations=3776
[2026-07-07 20:00:36.344] [odom] [warning] bias_acc=[-0.461, 2.386, 0.052] m/s^2, bias_gyro=[-0.019, 0.002, 0.001] rad/s
[2026-07-07 20:00:36.344] [odom] [warning] acc_stat ax=-1.097 +- 0.634 [min=-2.003, max=0.003], ay=1.317 +- 0.868 [min=0.008, max=2.386], az=0.143 +- 0.065 [min=0.014, max=0.243] m/s^2
[2026-07-07 20:00:36.344] [odom] [warning] gyro_stat wx=-0.020 +- 0.001 [min=-0.022, max=-0.016], wy=0.004 +- 0.002 [min=0.001, max=0.010], wz=0.001 +- 0.000 [min=0.000, max=0.001] rad/s
[2026-07-07 20:00:37.153] [glim] [warning] large time difference between points and imu!!
[2026-07-07 20:00:37.153] [glim] [warning] points=1783420626.965716 imu=1783420627.974109 diff=1.008393
[2026-07-07 20:00:37.154] [glim] [warning] large time difference between points and imu!!
[2026-07-07 20:00:37.154] [glim] [warning] points=1783420626.965716 imu=1783420627.984255 diff=1.018539
[2026-07-07 20:00:37.154] [glim] [warning] large time difference between points and imu!!
[2026-07-07 20:00:37.154] [glim] [warning] points=1783420626.965716 imu=1783420627.994246 diff=1.028530
[2026-07-07 20:00:37.154] [glim] [warning] large time difference between points and imu!!
[2026-07-07 20:00:37.154] [glim] [warning] points=1783420626.965716 imu=1783420628.004222 diff=1.038506
[2026-07-07 20:00:37.154] [glim] [warning] large time difference between points and imu!!
[2026-07-07 20:00:37.154] [glim] [warning] points=1783420626.965716 imu=1783420628.014263 diff=1.048547
[2026-07-07 20:00:37.154] [glim] [warning] large time difference between points and imu!!
[2026-07-07 20:00:37.154] [glim] [warning] points=1783420626.965716 imu=1783420628.024230 diff=1.058513
[2026-07-07 20:00:37.154] [glim] [warning] large time difference between points and imu!!
[2026-07-07 20:00:37.154] [glim] [warning] points=1783420626.965716 imu=1783420628.034273 diff=1.068557
[2026-07-07 20:00:37.154] [glim] [warning] large time difference between points and imu!!
[2026-07-07 20:00:37.154] [glim] [warning] points=1783420626.965716 imu=1783420628.044230 diff=1.078514
[2026-07-07 20:00:37.154] [glim] [warning] large time difference between points and imu!!
[2026-07-07 20:00:37.154] [glim] [warning] points=1783420626.965716 imu=1783420628.054247 diff=1.088531
[2026-07-07 20:00:37.154] [glim] [warning] large time difference between points and imu!!
[2026-07-07 20:00:37.154] [glim] [warning] points=1783420626.965716 imu=1783420628.064261 diff=1.098545
[2026-07-07 20:00:37.154] [glim] [warning] large time difference between points and imu!!
[2026-07-07 20:00:37.154] [glim] [warning] points=1783420626.965716 imu=1783420628.074118 diff=1.108402
[2026-07-07 20:00:37.155] [glim] [warning] large time difference between points and imu!!
[2026-07-07 20:00:37.155] [glim] [warning] points=1783420626.965716 imu=1783420628.084204 diff=1.118488
[2026-07-07 20:00:37.195] [glim] [warning] large time difference between points and imu!!
[2026-07-07 20:00:37.195] [glim] [warning] points=1783420627.067151 imu=1783420628.094268 diff=1.027117
[2026-07-07 20:00:37.235] [glim] [warning] large time difference between points and imu!!
[2026-07-07 20:00:37.235] [glim] [warning] points=1783420627.168571 imu=1783420628.174239 diff=1.005668
[2026-07-07 20:00:37.235] [glim] [warning] large time difference between points and imu!!
[2026-07-07 20:00:37.235] [glim] [warning] points=1783420627.168571 imu=1783420628.184248 diff=1.015677
[2026-07-07 20:00:38.969] [odom] [warning] IMU prediction is not good.
[2026-07-07 20:00:38.969] [odom] [warning] Possibly T_lidar_imu is not accurate or IMU bias is not well estimated.
[2026-07-07 20:00:38.969] [odom] [warning] IMU validation results:
[2026-07-07 20:00:38.969] [odom] [warning] num_validations=3520
[2026-07-07 20:00:38.969] [odom] [warning] No-IMU errors rot=0.256 +- 0.315 deg, trans=0.087 +- 0.063 m, vel=0.053 +- 0.042 m/s
[2026-07-07 20:00:38.969] [odom] [warning] IMU errors rot=0.118 +- 0.110 deg, trans=0.100 +- 0.065 m, vel=0.250 +- 0.088 m/s
[2026-07-07 20:00:38.969] [odom] [warning] IMU better ratios rot=0.80, trans=0.01, vel=0.02
[2026-07-07 20:00:39.690] [glim] [info] playback speed: 1.846x
[2026-07-07 20:00:39.764] [glim] [warning] large time difference between points and imu!!
[2026-07-07 20:00:39.764] [glim] [warning] points=1783420631.835479 imu=1783420632.844503 diff=1.009024
[2026-07-07 20:00:39.764] [glim] [warning] large time difference between points and imu!!
[2026-07-07 20:00:39.764] [glim] [warning] points=1783420631.835479 imu=1783420632.854503 diff=1.019025
[2026-07-07 20:00:39.878] [odom] [warning] IMU bias estimation seems inaccurate.
[2026-07-07 20:00:39.878] [odom] [warning] Possibly T_lidar_imu is not accurate or LiDAR-IMU synchronization is not correct.
[2026-07-07 20:00:39.878] [odom] [warning] IMU bias validation results:
[2026-07-07 20:00:39.878] [odom] [warning] num_bias_validations=3840
[2026-07-07 20:00:39.878] [odom] [warning] bias_acc=[-0.415, 2.391, 0.046] m/s^2, bias_gyro=[-0.019, 0.002, 0.001] rad/s
[2026-07-07 20:00:39.878] [odom] [warning] acc_stat ax=-1.086 +- 0.635 [min=-2.003, max=0.003], ay=1.335 +- 0.871 [min=0.008, max=2.391], az=0.141 +- 0.066 [min=0.014, max=0.243] m/s^2
[2026-07-07 20:00:39.878] [odom] [warning] gyro_stat wx=-0.020 +- 0.001 [min=-0.022, max=-0.016], wy=0.004 +- 0.002 [min=0.001, max=0.010], wz=0.001 +- 0.000 [min=0.000, max=0.001] rad/s
[2026-07-07 20:00:40.111] [glim] [warning] large time difference between points and imu!!
[2026-07-07 20:00:40.111] [glim] [warning] points=1783420632.444172 imu=1783420633.444552 diff=1.000380
[2026-07-07 20:00:40.112] [glim] [warning] large time difference between points and imu!!
[2026-07-07 20:00:40.112] [glim] [warning] points=1783420632.444172 imu=1783420633.454678 diff=1.010505
[2026-07-07 20:00:40.112] [glim] [warning] large time difference between points and imu!!
[2026-07-07 20:00:40.112] [glim] [warning] points=1783420632.444172 imu=1783420633.464680 diff=1.020508
[2026-07-07 20:00:40.163] [glim] [warning] large time difference between points and imu!!
[2026-07-07 20:00:40.163] [glim] [warning] points=1783420632.545635 imu=1783420633.554558 diff=1.008923
[2026-07-07 20:00:40.163] [glim] [warning] large time difference between points and imu!!
[2026-07-07 20:00:40.163] [glim] [warning] points=1783420632.545635 imu=1783420633.564600 diff=1.018965
[2026-07-07 20:00:40.420] [glim] [warning] large time difference between points and imu!!
[2026-07-07 20:00:40.420] [glim] [warning] points=1783420633.052854 imu=1783420634.054717 diff=1.001863
[2026-07-07 20:00:40.420] [glim] [warning] large time difference between points and imu!!
[2026-07-07 20:00:40.420] [glim] [warning] points=1783420633.052854 imu=1783420634.064726 diff=1.011872
[2026-07-07 20:00:40.420] [glim] [warning] large time difference between points and imu!!
[2026-07-07 20:00:40.420] [glim] [warning] points=1783420633.052854 imu=1783420634.074631 diff=1.021777
[2026-07-07 20:00:40.517] [glim] [warning] large time difference between points and imu!!
[2026-07-07 20:00:40.517] [glim] [warning] points=1783420633.255746 imu=1783420634.264780 diff=1.009034
[2026-07-07 20:00:40.518] [glim] [warning] large time difference between points and imu!!
[2026-07-07 20:00:40.518] [glim] [warning] points=1783420633.255746 imu=1783420634.274770 diff=1.019023
[2026-07-07 20:00:40.770] [glim] [warning] large time difference between points and imu!!
[2026-07-07 20:00:40.770] [glim] [warning] points=1783420633.763001 imu=1783420634.764711 diff=1.001711
[2026-07-07 20:00:40.770] [glim] [warning] large time difference between points and imu!!
[2026-07-07 20:00:40.770] [glim] [warning] points=1783420633.763001 imu=1783420634.774785 diff=1.011785
[2026-07-07 20:00:40.770] [glim] [warning] large time difference between points and imu!!
[2026-07-07 20:00:40.770] [glim] [warning] points=1783420633.763001 imu=1783420634.784760 diff=1.021759
[2026-07-07 20:00:41.144] [glim] [warning] large time difference between points and imu!!
[2026-07-07 20:00:41.144] [glim] [warning] points=1783420634.473248 imu=1783420635.474839 diff=1.001591
[2026-07-07 20:00:41.144] [glim] [warning] large time difference between points and imu!!
[2026-07-07 20:00:41.144] [glim] [warning] points=1783420634.473248 imu=1783420635.484828 diff=1.011580
[2026-07-07 20:00:41.144] [glim] [warning] large time difference between points and imu!!
[2026-07-07 20:00:41.144] [glim] [warning] points=1783420634.473248 imu=1783420635.494781 diff=1.021534
[2026-07-07 20:00:42.417] [glim] [warning] large time difference between points and imu!!
[2026-07-07 20:00:42.417] [glim] [warning] points=1783420636.603694 imu=1783420637.604901 diff=1.001207
[2026-07-07 20:00:42.417] [glim] [warning] large time difference between points and imu!!
[2026-07-07 20:00:42.417] [glim] [warning] points=1783420636.603694 imu=1783420637.614933 diff=1.011238
[2026-07-07 20:00:42.417] [glim] [warning] large time difference between points and imu!!
[2026-07-07 20:00:42.417] [glim] [warning] points=1783420636.603694 imu=1783420637.624918 diff=1.021224
[2026-07-07 20:00:42.489] [odom] [warning] IMU prediction is not good.
[2026-07-07 20:00:42.489] [odom] [warning] Possibly T_lidar_imu is not accurate or IMU bias is not well estimated.
[2026-07-07 20:00:42.489] [odom] [warning] IMU validation results:
[2026-07-07 20:00:42.489] [odom] [warning] num_validations=3584
[2026-07-07 20:00:42.489] [odom] [warning] No-IMU errors rot=0.254 +- 0.313 deg, trans=0.087 +- 0.063 m, vel=0.052 +- 0.042 m/s
[2026-07-07 20:00:42.489] [odom] [warning] IMU errors rot=0.117 +- 0.109 deg, trans=0.099 +- 0.064 m, vel=0.249 +- 0.088 m/s
[2026-07-07 20:00:42.489] [odom] [warning] IMU better ratios rot=0.80, trans=0.01, vel=0.02
[2026-07-07 20:00:42.562] [glim] [warning] large time difference between points and imu!!
[2026-07-07 20:00:42.562] [glim] [warning] points=1783420636.908011 imu=1783420637.915089 diff=1.007078
[2026-07-07 20:00:42.562] [glim] [warning] large time difference between points and imu!!
[2026-07-07 20:00:42.562] [glim] [warning] points=1783420636.908011 imu=1783420637.925003 diff=1.016992
[2026-07-07 20:00:42.990] [glim] [warning] large time difference between points and imu!!
[2026-07-07 20:00:42.990] [glim] [warning] points=1783420637.922482 imu=1783420638.924975 diff=1.002493
[2026-07-07 20:00:42.990] [glim] [warning] large time difference between points and imu!!
[2026-07-07 20:00:42.990] [glim] [warning] points=1783420637.922482 imu=1783420638.935015 diff=1.012534
[2026-07-07 20:00:42.990] [glim] [warning] large time difference between points and imu!!
[2026-07-07 20:00:42.990] [glim] [warning] points=1783420637.922482 imu=1783420638.945088 diff=1.022606
[2026-07-07 20:00:43.098] [odom] [warning] IMU bias estimation seems inaccurate.
[2026-07-07 20:00:43.098] [odom] [warning] Possibly T_lidar_imu is not accurate or LiDAR-IMU synchronization is not correct.
[2026-07-07 20:00:43.098] [odom] [warning] IMU bias validation results:
[2026-07-07 20:00:43.098] [odom] [warning] num_bias_validations=3904
[2026-07-07 20:00:43.098] [odom] [warning] bias_acc=[-0.370, 2.399, 0.039] m/s^2, bias_gyro=[-0.019, 0.002, 0.001] rad/s
[2026-07-07 20:00:43.098] [odom] [warning] acc_stat ax=-1.074 +- 0.636 [min=-2.003, max=0.003], ay=1.353 +- 0.875 [min=0.008, max=2.399], az=0.140 +- 0.067 [min=0.014, max=0.243] m/s^2
[2026-07-07 20:00:43.098] [odom] [warning] gyro_stat wx=-0.020 +- 0.001 [min=-0.022, max=-0.016], wy=0.004 +- 0.002 [min=0.001, max=0.010], wz=0.001 +- 0.000 [min=0.000, max=0.001] rad/s
[2026-07-07 20:00:43.175] [glim] [warning] large time difference between points and imu!!
[2026-07-07 20:00:43.175] [glim] [warning] points=1783420638.328384 imu=1783420639.335002 diff=1.006618
[2026-07-07 20:00:43.175] [glim] [warning] large time difference between points and imu!!
[2026-07-07 20:00:43.175] [glim] [warning] points=1783420638.328384 imu=1783420639.345042 diff=1.016657
[2026-07-07 20:00:43.221] [glim] [warning] large time difference between points and imu!!
[2026-07-07 20:00:43.221] [glim] [warning] points=1783420638.429880 imu=1783420639.435010 diff=1.005131
[2026-07-07 20:00:43.221] [glim] [warning] large time difference between points and imu!!
[2026-07-07 20:00:43.221] [glim] [warning] points=1783420638.429880 imu=1783420639.445115 diff=1.015235
[2026-07-07 20:00:43.529] [glim] [warning] large time difference between points and imu!!
[2026-07-07 20:00:43.529] [glim] [warning] points=1783420639.038518 imu=1783420640.045061 diff=1.006542
[2026-07-07 20:00:43.529] [glim] [warning] large time difference between points and imu!!
[2026-07-07 20:00:43.529] [glim] [warning] points=1783420639.038518 imu=1783420640.055163 diff=1.016645
[2026-07-07 20:00:43.697] [glim] [warning] large time difference between points and imu!!
[2026-07-07 20:00:43.697] [glim] [warning] points=1783420639.342798 imu=1783420640.345188 diff=1.002390
[2026-07-07 20:00:43.697] [glim] [warning] large time difference between points and imu!!
[2026-07-07 20:00:43.697] [glim] [warning] points=1783420639.342798 imu=1783420640.355187 diff=1.012390
[2026-07-07 20:00:43.697] [glim] [warning] large time difference between points and imu!!
[2026-07-07 20:00:43.697] [glim] [warning] points=1783420639.342798 imu=1783420640.365207 diff=1.022409
[2026-07-07 20:00:43.753] [glim] [warning] large time difference between points and imu!!
[2026-07-07 20:00:43.753] [glim] [warning] points=1783420639.444263 imu=1783420640.445211 diff=1.000948
[2026-07-07 20:00:43.753] [glim] [warning] large time difference between points and imu!!
[2026-07-07 20:00:43.753] [glim] [warning] points=1783420639.444263 imu=1783420640.455257 diff=1.010994
[2026-07-07 20:00:43.753] [glim] [warning] large time difference between points and imu!!
[2026-07-07 20:00:43.753] [glim] [warning] points=1783420639.444263 imu=1783420640.465231 diff=1.020968
[2026-07-07 20:00:43.861] [glim] [warning] large time difference between points and imu!!
[2026-07-07 20:00:43.861] [glim] [warning] points=1783420639.647173 imu=1783420640.655215 diff=1.008041
[2026-07-07 20:00:43.861] [glim] [warning] large time difference between points and imu!!
[2026-07-07 20:00:43.861] [glim] [warning] points=1783420639.647173 imu=1783420640.665115 diff=1.017942
[2026-07-07 20:00:44.294] [glim] [warning] large time difference between points and imu!!
[2026-07-07 20:00:44.294] [glim] [warning] points=1783420640.560279 imu=1783420641.565211 diff=1.004931
[2026-07-07 20:00:44.295] [glim] [warning] large time difference between points and imu!!
[2026-07-07 20:00:44.295] [glim] [warning] points=1783420640.560279 imu=1783420641.575203 diff=1.014924
[2026-07-07 20:00:44.462] [glim] [warning] large time difference between points and imu!!
[2026-07-07 20:00:44.462] [glim] [warning] points=1783420640.966068 imu=1783420641.975244 diff=1.009176
[2026-07-07 20:00:44.462] [glim] [warning] large time difference between points and imu!!
[2026-07-07 20:00:44.462] [glim] [warning] points=1783420640.966068 imu=1783420641.985259 diff=1.019192
[2026-07-07 20:00:44.688] [glim] [warning] large time difference between points and imu!!
[2026-07-07 20:00:44.688] [glim] [warning] points=1783420641.473303 imu=1783420642.475345 diff=1.002042
[2026-07-07 20:00:44.688] [glim] [warning] large time difference between points and imu!!
[2026-07-07 20:00:44.688] [glim] [warning] points=1783420641.473303 imu=1783420642.485240 diff=1.011936
[2026-07-07 20:00:44.688] [glim] [warning] large time difference between points and imu!!
[2026-07-07 20:00:44.688] [glim] [warning] points=1783420641.473303 imu=1783420642.495317 diff=1.022014
[2026-07-07 20:00:44.733] [glim] [info] playback speed: 1.990x
[2026-07-07 20:00:44.734] [glim] [warning] large time difference between points and imu!!
[2026-07-07 20:00:44.734] [glim] [warning] points=1783420641.574735 imu=1783420642.575353 diff=1.000618
[2026-07-07 20:00:44.734] [glim] [warning] large time difference between points and imu!!
[2026-07-07 20:00:44.734] [glim] [warning] points=1783420641.574735 imu=1783420642.585293 diff=1.010558
[2026-07-07 20:00:44.735] [glim] [warning] large time difference between points and imu!!
[2026-07-07 20:00:44.735] [glim] [warning] points=1783420641.574735 imu=1783420642.595302 diff=1.020567
[2026-07-07 20:00:45.009] [glim] [warning] large time difference between points and imu!!
[2026-07-07 20:00:45.009] [glim] [warning] points=1783420642.183393 imu=1783420643.185415 diff=1.002022
[2026-07-07 20:00:45.009] [glim] [warning] large time difference between points and imu!!
[2026-07-07 20:00:45.009] [glim] [warning] points=1783420642.183393 imu=1783420643.195303 diff=1.011911
[2026-07-07 20:00:45.009] [glim] [warning] large time difference between points and imu!!
[2026-07-07 20:00:45.009] [glim] [warning] points=1783420642.183393 imu=1783420643.205364 diff=1.021971
[2026-07-07 20:00:45.101] [glim] [warning] large time difference between points and imu!!
[2026-07-07 20:00:45.101] [glim] [warning] points=1783420642.386334 imu=1783420643.395436 diff=1.009102
[2026-07-07 20:00:45.101] [glim] [warning] large time difference between points and imu!!
[2026-07-07 20:00:45.101] [glim] [warning] points=1783420642.386334 imu=1783420643.405361 diff=1.019027
[2026-07-07 20:00:45.738] [odom] [warning] IMU prediction is not good.
[2026-07-07 20:00:45.738] [odom] [warning] Possibly T_lidar_imu is not accurate or IMU bias is not well estimated.
[2026-07-07 20:00:45.738] [odom] [warning] IMU validation results:
[2026-07-07 20:00:45.738] [odom] [warning] num_validations=3648
[2026-07-07 20:00:45.738] [odom] [warning] No-IMU errors rot=0.252 +- 0.311 deg, trans=0.087 +- 0.062 m, vel=0.052 +- 0.042 m/s
[2026-07-07 20:00:45.738] [odom] [warning] IMU errors rot=0.117 +- 0.108 deg, trans=0.099 +- 0.064 m, vel=0.247 +- 0.088 m/s
[2026-07-07 20:00:45.738] [odom] [warning] IMU better ratios rot=0.80, trans=0.01, vel=0.02
[2026-07-07 20:00:46.639] [odom] [warning] IMU bias estimation seems inaccurate.
[2026-07-07 20:00:46.639] [odom] [warning] Possibly T_lidar_imu is not accurate or LiDAR-IMU synchronization is not correct.
[2026-07-07 20:00:46.639] [odom] [warning] IMU bias validation results:
[2026-07-07 20:00:46.639] [odom] [warning] num_bias_validations=3968
[2026-07-07 20:00:46.639] [odom] [warning] bias_acc=[-0.325, 2.401, 0.033] m/s^2, bias_gyro=[-0.019, 0.003, 0.001] rad/s
[2026-07-07 20:00:46.639] [odom] [warning] acc_stat ax=-1.062 +- 0.638 [min=-2.003, max=0.003], ay=1.369 +- 0.878 [min=0.008, max=2.401], az=0.138 +- 0.068 [min=0.014, max=0.243] m/s^2
[2026-07-07 20:00:46.639] [odom] [warning] gyro_stat wx=-0.020 +- 0.001 [min=-0.022, max=-0.016], wy=0.004 +- 0.002 [min=0.001, max=0.010], wz=0.001 +- 0.000 [min=0.000, max=0.001] rad/s
[2026-07-07 20:00:47.189] [glim] [warning] large time difference between points and imu!!
[2026-07-07 20:00:47.189] [glim] [warning] points=1783420645.937163 imu=1783420646.945626 diff=1.008463
[2026-07-07 20:00:47.189] [glim] [warning] large time difference between points and imu!!
[2026-07-07 20:00:47.189] [glim] [warning] points=1783420645.937163 imu=1783420646.955540 diff=1.018377
[2026-07-07 20:00:47.244] [glim] [warning] large time difference between points and imu!!
[2026-07-07 20:00:47.244] [glim] [warning] points=1783420646.038611 imu=1783420647.045557 diff=1.006945
[2026-07-07 20:00:47.245] [glim] [warning] large time difference between points and imu!!
[2026-07-07 20:00:47.245] [glim] [warning] points=1783420646.038611 imu=1783420647.055609 diff=1.016998
[2026-07-07 20:00:47.583] [glim] [warning] large time difference between points and imu!!
[2026-07-07 20:00:47.583] [glim] [warning] points=1783420646.647350 imu=1783420647.655620 diff=1.008270
[2026-07-07 20:00:47.584] [glim] [warning] large time difference between points and imu!!
[2026-07-07 20:00:47.584] [glim] [warning] points=1783420646.647350 imu=1783420647.665766 diff=1.018416
[2026-07-07 20:00:47.639] [glim] [warning] large time difference between points and imu!!
[2026-07-07 20:00:47.639] [glim] [warning] points=1783420646.748793 imu=1783420647.755760 diff=1.006967
[2026-07-07 20:00:47.640] [glim] [warning] large time difference between points and imu!!
[2026-07-07 20:00:47.640] [glim] [warning] points=1783420646.748793 imu=1783420647.765631 diff=1.016839
[2026-07-07 20:00:47.695] [glim] [warning] large time difference between points and imu!!
[2026-07-07 20:00:47.695] [glim] [warning] points=1783420646.850239 imu=1783420647.855812 diff=1.005573
[2026-07-07 20:00:47.696] [glim] [warning] large time difference between points and imu!!
[2026-07-07 20:00:47.696] [glim] [warning] points=1783420646.850239 imu=1783420647.865640 diff=1.015401
[2026-07-07 20:00:47.751] [glim] [warning] large time difference between points and imu!!
[2026-07-07 20:00:47.751] [glim] [warning] points=1783420646.951705 imu=1783420647.955759 diff=1.004055
[2026-07-07 20:00:47.751] [glim] [warning] large time difference between points and imu!!
[2026-07-07 20:00:47.751] [glim] [warning] points=1783420646.951705 imu=1783420647.965776 diff=1.014072
[2026-07-07 20:00:48.836] [glim] [warning] large time difference between points and imu!!
[2026-07-07 20:00:48.836] [glim] [warning] points=1783420648.676299 imu=1783420649.685862 diff=1.009564
[2026-07-07 20:00:48.836] [glim] [warning] large time difference between points and imu!!
[2026-07-07 20:00:48.836] [glim] [warning] points=1783420648.676299 imu=1783420649.695791 diff=1.019493
[2026-07-07 20:00:48.836] [glim] [warning] large time difference between points and imu!!
[2026-07-07 20:00:48.836] [glim] [warning] points=1783420648.676299 imu=1783420649.705870 diff=1.029572
[2026-07-07 20:00:48.836] [glim] [warning] large time difference between points and imu!!
[2026-07-07 20:00:48.836] [glim] [warning] points=1783420648.676299 imu=1783420649.715867 diff=1.039568
[2026-07-07 20:00:48.837] [glim] [warning] large time difference between points and imu!!
[2026-07-07 20:00:48.837] [glim] [warning] points=1783420648.676299 imu=1783420649.725877 diff=1.049578
[2026-07-07 20:00:48.837] [glim] [warning] large time difference between points and imu!!
[2026-07-07 20:00:48.837] [glim] [warning] points=1783420648.676299 imu=1783420649.735737 diff=1.059439
[2026-07-07 20:00:48.837] [glim] [warning] large time difference between points and imu!!
[2026-07-07 20:00:48.837] [glim] [warning] points=1783420648.676299 imu=1783420649.745776 diff=1.069478
[2026-07-07 20:00:48.837] [glim] [warning] large time difference between points and imu!!
[2026-07-07 20:00:48.837] [glim] [warning] points=1783420648.676299 imu=1783420649.755792 diff=1.079494
[2026-07-07 20:00:48.837] [glim] [warning] large time difference between points and imu!!
[2026-07-07 20:00:48.837] [glim] [warning] points=1783420648.676299 imu=1783420649.765760 diff=1.089461
[2026-07-07 20:00:48.837] [glim] [warning] large time difference between points and imu!!
[2026-07-07 20:00:48.837] [glim] [warning] points=1783420648.676299 imu=1783420649.775792 diff=1.099493
[2026-07-07 20:00:48.837] [glim] [warning] large time difference between points and imu!!
[2026-07-07 20:00:48.837] [glim] [warning] points=1783420648.676299 imu=1783420649.785770 diff=1.109471
[2026-07-07 20:00:48.837] [glim] [warning] large time difference between points and imu!!
[2026-07-07 20:00:48.837] [glim] [warning] points=1783420648.676299 imu=1783420649.795841 diff=1.119542
[2026-07-07 20:00:49.291] [glim] [warning] large time difference between points and imu!!
[2026-07-07 20:00:49.291] [glim] [warning] points=1783420649.386365 imu=1783420650.395765 diff=1.009399
[2026-07-07 20:00:49.291] [glim] [warning] large time difference between points and imu!!
[2026-07-07 20:00:49.291] [glim] [warning] points=1783420649.386365 imu=1783420650.405778 diff=1.019413
[2026-07-07 20:00:49.306] [odom] [warning] IMU prediction is not good.
[2026-07-07 20:00:49.306] [odom] [warning] Possibly T_lidar_imu is not accurate or IMU bias is not well estimated.
[2026-07-07 20:00:49.306] [odom] [warning] IMU validation results:
[2026-07-07 20:00:49.306] [odom] [warning] num_validations=3712
[2026-07-07 20:00:49.306] [odom] [warning] No-IMU errors rot=0.250 +- 0.309 deg, trans=0.086 +- 0.062 m, vel=0.052 +- 0.041 m/s
[2026-07-07 20:00:49.306] [odom] [warning] IMU errors rot=0.116 +- 0.108 deg, trans=0.098 +- 0.063 m, vel=0.246 +- 0.088 m/s
[2026-07-07 20:00:49.306] [odom] [warning] IMU better ratios rot=0.80, trans=0.01, vel=0.02
[2026-07-07 20:00:49.502] [odom] [warning] IMU bias estimation seems inaccurate.
[2026-07-07 20:00:49.502] [odom] [warning] Possibly T_lidar_imu is not accurate or LiDAR-IMU synchronization is not correct.
[2026-07-07 20:00:49.502] [odom] [warning] IMU bias validation results:
[2026-07-07 20:00:49.502] [odom] [warning] num_bias_validations=4032
[2026-07-07 20:00:49.502] [odom] [warning] bias_acc=[-0.287, 2.394, 0.028] m/s^2, bias_gyro=[-0.020, 0.003, 0.001] rad/s
[2026-07-07 20:00:49.502] [odom] [warning] acc_stat ax=-1.049 +- 0.640 [min=-2.003, max=0.003], ay=1.386 +- 0.880 [min=0.008, max=2.401], az=0.136 +- 0.068 [min=0.014, max=0.243] m/s^2
[2026-07-07 20:00:49.502] [odom] [warning] gyro_stat wx=-0.020 +- 0.001 [min=-0.022, max=-0.016], wy=0.004 +- 0.002 [min=0.001, max=0.010], wz=0.001 +- 0.000 [min=0.000, max=0.001] rad/s
[2026-07-07 20:00:49.754] [glim] [info] playback speed: 1.940x
[2026-07-07 20:00:49.828] [glim] [warning] large time difference between points and imu!!
[2026-07-07 20:00:49.828] [glim] [warning] points=1783420651.719809 imu=1783420652.726062 diff=1.006253
[2026-07-07 20:00:49.829] [glim] [warning] large time difference between points and imu!!
[2026-07-07 20:00:49.829] [glim] [warning] points=1783420651.719809 imu=1783420652.736061 diff=1.016252
[2026-07-07 20:00:49.986] [glim] [warning] large time difference between points and imu!!
[2026-07-07 20:00:49.986] [glim] [warning] points=1783420652.125517 imu=1783420653.126090 diff=1.000572
[2026-07-07 20:00:49.986] [glim] [warning] large time difference between points and imu!!
[2026-07-07 20:00:49.986] [glim] [warning] points=1783420652.125517 imu=1783420653.136063 diff=1.010546
[2026-07-07 20:00:49.987] [glim] [warning] large time difference between points and imu!!
[2026-07-07 20:00:49.987] [glim] [warning] points=1783420652.125517 imu=1783420653.146100 diff=1.020583
[2026-07-07 20:00:50.027] [glim] [warning] large time difference between points and imu!!
[2026-07-07 20:00:50.027] [glim] [warning] points=1783420652.227031 imu=1783420653.236072 diff=1.009042
[2026-07-07 20:00:50.027] [glim] [warning] large time difference between points and imu!!
[2026-07-07 20:00:50.027] [glim] [warning] points=1783420652.227031 imu=1783420653.246102 diff=1.019072
[2026-07-07 20:00:50.191] [glim] [warning] large time difference between points and imu!!
[2026-07-07 20:00:50.191] [glim] [warning] points=1783420652.632830 imu=1783420653.635987 diff=1.003157
[2026-07-07 20:00:50.191] [glim] [warning] large time difference between points and imu!!
[2026-07-07 20:00:50.191] [glim] [warning] points=1783420652.632830 imu=1783420653.646044 diff=1.013214
[2026-07-07 20:00:50.703] [glim] [warning] large time difference between points and imu!!
[2026-07-07 20:00:50.703] [glim] [warning] points=1783420654.256003 imu=1783420655.256200 diff=1.000197
[2026-07-07 20:00:50.703] [glim] [warning] large time difference between points and imu!!
[2026-07-07 20:00:50.703] [glim] [warning] points=1783420654.256003 imu=1783420655.266214 diff=1.010211
[2026-07-07 20:00:50.703] [glim] [warning] large time difference between points and imu!!
[2026-07-07 20:00:50.703] [glim] [warning] points=1783420654.256003 imu=1783420655.276210 diff=1.020207
[2026-07-07 20:00:50.704] [glim] [warning] large time difference between points and imu!!
[2026-07-07 20:00:50.704] [glim] [warning] points=1783420654.256003 imu=1783420655.286232 diff=1.030229
[2026-07-07 20:00:50.704] [glim] [warning] large time difference between points and imu!!
[2026-07-07 20:00:50.704] [glim] [warning] points=1783420654.256003 imu=1783420655.296144 diff=1.040142
[2026-07-07 20:00:50.704] [glim] [warning] large time difference between points and imu!!
[2026-07-07 20:00:50.704] [glim] [warning] points=1783420654.256003 imu=1783420655.306230 diff=1.050227
[2026-07-07 20:00:50.704] [glim] [warning] large time difference between points and imu!!
[2026-07-07 20:00:50.704] [glim] [warning] points=1783420654.256003 imu=1783420655.316208 diff=1.060205
[2026-07-07 20:00:50.704] [glim] [warning] large time difference between points and imu!!
[2026-07-07 20:00:50.704] [glim] [warning] points=1783420654.256003 imu=1783420655.326237 diff=1.070234
[2026-07-07 20:00:50.704] [glim] [warning] large time difference between points and imu!!
[2026-07-07 20:00:50.704] [glim] [warning] points=1783420654.256003 imu=1783420655.336107 diff=1.080105
[2026-07-07 20:00:50.704] [glim] [warning] large time difference between points and imu!!
[2026-07-07 20:00:50.704] [glim] [warning] points=1783420654.256003 imu=1783420655.346231 diff=1.090228
[2026-07-07 20:00:50.704] [glim] [warning] large time difference between points and imu!!
[2026-07-07 20:00:50.704] [glim] [warning] points=1783420654.256003 imu=1783420655.356225 diff=1.100222
[2026-07-07 20:00:50.704] [glim] [warning] large time difference between points and imu!!
[2026-07-07 20:00:50.704] [glim] [warning] points=1783420654.256003 imu=1783420655.366206 diff=1.110203
[2026-07-07 20:00:50.704] [glim] [warning] large time difference between points and imu!!
[2026-07-07 20:00:50.704] [glim] [warning] points=1783420654.256003 imu=1783420655.376213 diff=1.120210
[2026-07-07 20:00:50.796] [glim] [warning] large time difference between points and imu!!
[2026-07-07 20:00:50.796] [glim] [warning] points=1783420654.560352 imu=1783420655.566259 diff=1.005907
[2026-07-07 20:00:50.797] [glim] [warning] large time difference between points and imu!!
[2026-07-07 20:00:50.797] [glim] [warning] points=1783420654.560352 imu=1783420655.576229 diff=1.015877
[2026-07-07 20:00:51.012] [glim] [warning] large time difference between points and imu!!
[2026-07-07 20:00:51.012] [glim] [warning] points=1783420655.169058 imu=1783420656.176193 diff=1.007135
[2026-07-07 20:00:51.012] [glim] [warning] large time difference between points and imu!!
[2026-07-07 20:00:51.012] [glim] [warning] points=1783420655.169058 imu=1783420656.186141 diff=1.017083
[2026-07-07 20:00:51.120] [glim] [warning] large time difference between points and imu!!
[2026-07-07 20:00:51.120] [glim] [warning] points=1783420655.473390 imu=1783420656.476168 diff=1.002778
[2026-07-07 20:00:51.120] [glim] [warning] large time difference between points and imu!!
[2026-07-07 20:00:51.120] [glim] [warning] points=1783420655.473390 imu=1783420656.486283 diff=1.012893
[2026-07-07 20:00:51.120] [glim] [warning] large time difference between points and imu!!
[2026-07-07 20:00:51.120] [glim] [warning] points=1783420655.473390 imu=1783420656.496303 diff=1.022913
[2026-07-07 20:00:51.201] [glim] [warning] large time difference between points and imu!!
[2026-07-07 20:00:51.201] [glim] [warning] points=1783420655.676346 imu=1783420656.686314 diff=1.009968
[2026-07-07 20:00:51.202] [glim] [warning] large time difference between points and imu!!
[2026-07-07 20:00:51.202] [glim] [warning] points=1783420655.676346 imu=1783420656.696295 diff=1.019949
[2026-07-07 20:00:51.323] [glim] [warning] large time difference between points and imu!!
[2026-07-07 20:00:51.323] [glim] [warning] points=1783420655.980686 imu=1783420656.986352 diff=1.005666
[2026-07-07 20:00:51.323] [glim] [warning] large time difference between points and imu!!
[2026-07-07 20:00:51.323] [glim] [warning] points=1783420655.980686 imu=1783420656.996313 diff=1.015627
[2026-07-07 20:00:51.405] [odom] [warning] IMU prediction is not good.
[2026-07-07 20:00:51.405] [odom] [warning] Possibly T_lidar_imu is not accurate or IMU bias is not well estimated.
[2026-07-07 20:00:51.405] [odom] [warning] IMU validation results:
[2026-07-07 20:00:51.405] [odom] [warning] num_validations=3776
[2026-07-07 20:00:51.405] [odom] [warning] No-IMU errors rot=0.257 +- 0.315 deg, trans=0.086 +- 0.061 m, vel=0.052 +- 0.041 m/s
[2026-07-07 20:00:51.405] [odom] [warning] IMU errors rot=0.117 +- 0.108 deg, trans=0.098 +- 0.063 m, vel=0.245 +- 0.088 m/s
[2026-07-07 20:00:51.405] [odom] [warning] IMU better ratios rot=0.80, trans=0.01, vel=0.02
[2026-07-07 20:00:52.025] [odom] [warning] IMU bias estimation seems inaccurate.
[2026-07-07 20:00:52.025] [odom] [warning] Possibly T_lidar_imu is not accurate or LiDAR-IMU synchronization is not correct.
[2026-07-07 20:00:52.025] [odom] [warning] IMU bias validation results:
[2026-07-07 20:00:52.025] [odom] [warning] num_bias_validations=4096
[2026-07-07 20:00:52.025] [odom] [warning] bias_acc=[-0.255, 2.366, 0.025] m/s^2, bias_gyro=[-0.020, 0.008, 0.000] rad/s
[2026-07-07 20:00:52.025] [odom] [warning] acc_stat ax=-1.037 +- 0.643 [min=-2.003, max=0.003], ay=1.401 +- 0.881 [min=0.008, max=2.401], az=0.134 +- 0.069 [min=0.014, max=0.243] m/s^2
[2026-07-07 20:00:52.025] [odom] [warning] gyro_stat wx=-0.020 +- 0.001 [min=-0.022, max=-0.016], wy=0.004 +- 0.002 [min=0.001, max=0.010], wz=0.001 +- 0.000 [min=0.000, max=0.001] rad/s
[2026-07-07 20:00:52.066] [glim] [warning] large time difference between points and imu!!
[2026-07-07 20:00:52.066] [glim] [warning] points=1783420657.705322 imu=1783420658.706308 diff=1.000986
[2026-07-07 20:00:52.066] [glim] [warning] large time difference between points and imu!!
[2026-07-07 20:00:52.066] [glim] [warning] points=1783420657.705322 imu=1783420658.716423 diff=1.011101
[2026-07-07 20:00:52.067] [glim] [warning] large time difference between points and imu!!
[2026-07-07 20:00:52.067] [glim] [warning] points=1783420657.705322 imu=1783420658.726417 diff=1.021095
[2026-07-07 20:00:52.152] [glim] [warning] large time difference between points and imu!!
[2026-07-07 20:00:52.152] [glim] [warning] points=1783420657.908206 imu=1783420658.916305 diff=1.008100
[2026-07-07 20:00:52.152] [glim] [warning] large time difference between points and imu!!
[2026-07-07 20:00:52.152] [glim] [warning] points=1783420657.908206 imu=1783420658.926313 diff=1.018107
[2026-07-07 20:00:52.333] [glim] [warning] large time difference between points and imu!!
[2026-07-07 20:00:52.333] [glim] [warning] points=1783420658.313977 imu=1783420659.316336 diff=1.002359
[2026-07-07 20:00:52.333] [glim] [warning] large time difference between points and imu!!
[2026-07-07 20:00:52.333] [glim] [warning] points=1783420658.313977 imu=1783420659.326377 diff=1.012399
[2026-07-07 20:00:52.333] [glim] [warning] large time difference between points and imu!!
[2026-07-07 20:00:52.333] [glim] [warning] points=1783420658.313977 imu=1783420659.336339 diff=1.022361
[2026-07-07 20:00:52.511] [glim] [warning] large time difference between points and imu!!
[2026-07-07 20:00:52.511] [glim] [warning] points=1783420658.719822 imu=1783420659.726369 diff=1.006547
[2026-07-07 20:00:52.511] [glim] [warning] large time difference between points and imu!!
[2026-07-07 20:00:52.511] [glim] [warning] points=1783420658.719822 imu=1783420659.736370 diff=1.016548
[2026-07-07 20:00:53.452] [glim] [warning] large time difference between points and imu!!
[2026-07-07 20:00:53.452] [glim] [warning] points=1783420660.647328 imu=1783420661.656662 diff=1.009335
[2026-07-07 20:00:53.452] [glim] [warning] large time difference between points and imu!!
[2026-07-07 20:00:53.452] [glim] [warning] points=1783420660.647328 imu=1783420661.666506 diff=1.019178
[2026-07-07 20:00:53.545] [glim] [warning] large time difference between points and imu!!
[2026-07-07 20:00:53.545] [glim] [warning] points=1783420660.850235 imu=1783420661.856662 diff=1.006427
[2026-07-07 20:00:53.545] [glim] [warning] large time difference between points and imu!!
[2026-07-07 20:00:53.545] [glim] [warning] points=1783420660.850235 imu=1783420661.866647 diff=1.016412
[2026-07-07 20:00:53.641] [glim] [warning] large time difference between points and imu!!
[2026-07-07 20:00:53.641] [glim] [warning] points=1783420661.053112 imu=1783420662.056674 diff=1.003562
[2026-07-07 20:00:53.642] [glim] [warning] large time difference between points and imu!!
[2026-07-07 20:00:53.642] [glim] [warning] points=1783420661.053112 imu=1783420662.066571 diff=1.013459
[2026-07-07 20:00:53.792] [glim] [warning] large time difference between points and imu!!
[2026-07-07 20:00:53.792] [glim] [warning] points=1783420661.357455 imu=1783420662.366703 diff=1.009248
[2026-07-07 20:00:53.792] [glim] [warning] large time difference between points and imu!!
[2026-07-07 20:00:53.792] [glim] [warning] points=1783420661.357455 imu=1783420662.376646 diff=1.019191
[2026-07-07 20:00:54.685] [odom] [warning] IMU prediction is not good.
[2026-07-07 20:00:54.685] [odom] [warning] Possibly T_lidar_imu is not accurate or IMU bias is not well estimated.
[2026-07-07 20:00:54.685] [odom] [warning] IMU validation results:
[2026-07-07 20:00:54.685] [odom] [warning] num_validations=3840
[2026-07-07 20:00:54.685] [odom] [warning] No-IMU errors rot=0.261 +- 0.320 deg, trans=0.085 +- 0.061 m, vel=0.051 +- 0.041 m/s
[2026-07-07 20:00:54.685] [odom] [warning] IMU errors rot=0.117 +- 0.107 deg, trans=0.097 +- 0.063 m, vel=0.244 +- 0.087 m/s
[2026-07-07 20:00:54.685] [odom] [warning] IMU better ratios rot=0.80, trans=0.01, vel=0.02
[2026-07-07 20:00:54.773] [glim] [info] playback speed: 2.203x
[2026-07-07 20:00:54.846] [glim] [warning] large time difference between points and imu!!
[2026-07-07 20:00:54.846] [glim] [warning] points=1783420663.284990 imu=1783420664.286694 diff=1.001704
[2026-07-07 20:00:54.846] [glim] [warning] large time difference between points and imu!!
[2026-07-07 20:00:54.846] [glim] [warning] points=1783420663.284990 imu=1783420664.296697 diff=1.011708
[2026-07-07 20:00:54.847] [glim] [warning] large time difference between points and imu!!
[2026-07-07 20:00:54.847] [glim] [warning] points=1783420663.284990 imu=1783420664.306701 diff=1.021711
[2026-07-07 20:00:55.312] [glim] [warning] large time difference between points and imu!!
[2026-07-07 20:00:55.312] [glim] [warning] points=1783420663.995099 imu=1783420664.996685 diff=1.001587
[2026-07-07 20:00:55.312] [glim] [warning] large time difference between points and imu!!
[2026-07-07 20:00:55.312] [glim] [warning] points=1783420663.995099 imu=1783420665.006720 diff=1.011621
[2026-07-07 20:00:55.313] [glim] [warning] large time difference between points and imu!!
[2026-07-07 20:00:55.313] [glim] [warning] points=1783420663.995099 imu=1783420665.016749 diff=1.021651
[2026-07-07 20:00:55.680] [odom] [warning] IMU bias estimation seems inaccurate.
[2026-07-07 20:00:55.680] [odom] [warning] Possibly T_lidar_imu is not accurate or LiDAR-IMU synchronization is not correct.
[2026-07-07 20:00:55.680] [odom] [warning] IMU bias validation results:
[2026-07-07 20:00:55.680] [odom] [warning] num_bias_validations=4160
[2026-07-07 20:00:55.680] [odom] [warning] bias_acc=[-0.253, 2.319, 0.025] m/s^2, bias_gyro=[-0.020, 0.008, 0.000] rad/s
[2026-07-07 20:00:55.680] [odom] [warning] acc_stat ax=-1.025 +- 0.645 [min=-2.003, max=0.003], ay=1.415 +- 0.882 [min=0.008, max=2.401], az=0.133 +- 0.070 [min=0.014, max=0.243] m/s^2
[2026-07-07 20:00:55.680] [odom] [warning] gyro_stat wx=-0.020 +- 0.001 [min=-0.022, max=-0.016], wy=0.004 +- 0.002 [min=0.001, max=0.010], wz=0.001 +- 0.000 [min=0.000, max=0.001] rad/s
[2026-07-07 20:00:55.708] [glim] [warning] large time difference between points and imu!!
[2026-07-07 20:00:55.708] [glim] [warning] points=1783420664.603788 imu=1783420665.606715 diff=1.002927
[2026-07-07 20:00:55.709] [glim] [warning] large time difference between points and imu!!
[2026-07-07 20:00:55.709] [glim] [warning] points=1783420664.603788 imu=1783420665.616760 diff=1.012972
[2026-07-07 20:00:55.709] [glim] [warning] large time difference between points and imu!!
[2026-07-07 20:00:55.709] [glim] [warning] points=1783420664.603788 imu=1783420665.626775 diff=1.022986
[2026-07-07 20:00:55.961] [glim] [warning] large time difference between points and imu!!
[2026-07-07 20:00:55.961] [glim] [warning] points=1783420665.516826 imu=1783420666.526822 diff=1.009996
[2026-07-07 20:00:55.961] [glim] [warning] large time difference between points and imu!!
[2026-07-07 20:00:55.961] [glim] [warning] points=1783420665.516826 imu=1783420666.536811 diff=1.019985
[2026-07-07 20:00:56.146] [glim] [warning] large time difference between points and imu!!
[2026-07-07 20:00:56.146] [glim] [warning] points=1783420666.632715 imu=1783420667.636973 diff=1.004258
[2026-07-07 20:00:56.147] [glim] [warning] large time difference between points and imu!!
[2026-07-07 20:00:56.147] [glim] [warning] points=1783420666.632715 imu=1783420667.646832 diff=1.014116
[2026-07-07 20:00:56.188] [glim] [warning] large time difference between points and imu!!
[2026-07-07 20:00:56.188] [glim] [warning] points=1783420666.835603 imu=1783420667.836962 diff=1.001359
[2026-07-07 20:00:56.188] [glim] [warning] large time difference between points and imu!!
[2026-07-07 20:00:56.188] [glim] [warning] points=1783420666.835603 imu=1783420667.846903 diff=1.011300
[2026-07-07 20:00:56.188] [glim] [warning] large time difference between points and imu!!
[2026-07-07 20:00:56.188] [glim] [warning] points=1783420666.835603 imu=1783420667.856830 diff=1.021227
[2026-07-07 20:00:56.543] [odom] [warning] IMU prediction is not good.
[2026-07-07 20:00:56.543] [odom] [warning] Possibly T_lidar_imu is not accurate or IMU bias is not well estimated.
[2026-07-07 20:00:56.543] [odom] [warning] IMU validation results:
[2026-07-07 20:00:56.543] [odom] [warning] num_validations=3904
[2026-07-07 20:00:56.543] [odom] [warning] No-IMU errors rot=0.259 +- 0.318 deg, trans=0.085 +- 0.061 m, vel=0.051 +- 0.041 m/s
[2026-07-07 20:00:56.543] [odom] [warning] IMU errors rot=0.116 +- 0.107 deg, trans=0.096 +- 0.062 m, vel=0.242 +- 0.087 m/s
[2026-07-07 20:00:56.543] [odom] [warning] IMU better ratios rot=0.80, trans=0.01, vel=0.02
[2026-07-07 20:00:57.051] [glim] [warning] large time difference between points and imu!!
[2026-07-07 20:00:57.051] [glim] [warning] points=1783420670.284852 imu=1783420671.287080 diff=1.002228
[2026-07-07 20:00:57.051] [glim] [warning] large time difference between points and imu!!
[2026-07-07 20:00:57.051] [glim] [warning] points=1783420670.284852 imu=1783420671.297080 diff=1.012228
[2026-07-07 20:00:57.052] [glim] [warning] large time difference between points and imu!!
[2026-07-07 20:00:57.052] [glim] [warning] points=1783420670.284852 imu=1783420671.307074 diff=1.022222
[2026-07-07 20:00:57.145] [glim] [warning] large time difference between points and imu!!
[2026-07-07 20:00:57.145] [glim] [warning] points=1783420670.487694 imu=1783420671.497074 diff=1.009380
[2026-07-07 20:00:57.145] [glim] [warning] large time difference between points and imu!!
[2026-07-07 20:00:57.145] [glim] [warning] points=1783420670.487694 imu=1783420671.507038 diff=1.019344
[2026-07-07 20:00:57.242] [glim] [warning] large time difference between points and imu!!
[2026-07-07 20:00:57.242] [glim] [warning] points=1783420670.690591 imu=1783420671.697106 diff=1.006515
[2026-07-07 20:00:57.242] [odom] [warning] IMU bias estimation seems inaccurate.
[2026-07-07 20:00:57.242] [odom] [warning] Possibly T_lidar_imu is not accurate or LiDAR-IMU synchronization is not correct.
[2026-07-07 20:00:57.242] [odom] [warning] IMU bias validation results:
[2026-07-07 20:00:57.242] [odom] [warning] num_bias_validations=4224
[2026-07-07 20:00:57.242] [odom] [warning] bias_acc=[-0.257, 2.275, 0.024] m/s^2, bias_gyro=[-0.020, 0.008, 0.000] rad/s
[2026-07-07 20:00:57.242] [odom] [warning] acc_stat ax=-1.013 +- 0.647 [min=-2.003, max=0.003], ay=1.428 +- 0.881 [min=0.008, max=2.401], az=0.131 +- 0.071 [min=0.014, max=0.243] m/s^2
[2026-07-07 20:00:57.242] [odom] [warning] gyro_stat wx=-0.020 +- 0.001 [min=-0.022, max=-0.016], wy=0.004 +- 0.002 [min=0.001, max=0.010], wz=0.001 +- 0.000 [min=0.000, max=0.001] rad/s
[2026-07-07 20:00:57.242] [glim] [warning] large time difference between points and imu!!
[2026-07-07 20:00:57.242] [glim] [warning] points=1783420670.690591 imu=1783420671.707046 diff=1.016455
[2026-07-07 20:00:57.392] [glim] [warning] large time difference between points and imu!!
[2026-07-07 20:00:57.392] [glim] [warning] points=1783420670.994964 imu=1783420671.997098 diff=1.002134
[2026-07-07 20:00:57.392] [glim] [warning] large time difference between points and imu!!
[2026-07-07 20:00:57.392] [glim] [warning] points=1783420670.994964 imu=1783420672.007117 diff=1.012152
[2026-07-07 20:00:57.392] [glim] [warning] large time difference between points and imu!!
[2026-07-07 20:00:57.392] [glim] [warning] points=1783420670.994964 imu=1783420672.017066 diff=1.022102
[2026-07-07 20:00:57.704] [glim] [warning] large time difference between points and imu!!
[2026-07-07 20:00:57.704] [glim] [warning] points=1783420671.603559 imu=1783420672.607228 diff=1.003668
[2026-07-07 20:00:57.704] [glim] [warning] large time difference between points and imu!!
[2026-07-07 20:00:57.704] [glim] [warning] points=1783420671.603559 imu=1783420672.617149 diff=1.013590
[2026-07-07 20:00:57.705] [glim] [warning] large time difference between points and imu!!
[2026-07-07 20:00:57.705] [glim] [warning] points=1783420671.603559 imu=1783420672.627205 diff=1.023646
[2026-07-07 20:00:57.873] [glim] [warning] large time difference between points and imu!!
[2026-07-07 20:00:57.873] [glim] [warning] points=1783420671.907963 imu=1783420672.917112 diff=1.009149
[2026-07-07 20:00:57.873] [glim] [warning] large time difference between points and imu!!
[2026-07-07 20:00:57.873] [glim] [warning] points=1783420671.907963 imu=1783420672.927172 diff=1.019209
[2026-07-07 20:00:58.351] [glim] [warning] large time difference between points and imu!!
[2026-07-07 20:00:58.351] [glim] [warning] points=1783420672.719591 imu=1783420673.727284 diff=1.007693
[2026-07-07 20:00:58.351] [glim] [warning] large time difference between points and imu!!
[2026-07-07 20:00:58.351] [glim] [warning] points=1783420672.719591 imu=1783420673.737265 diff=1.017674
[2026-07-07 20:00:58.474] [glim] [warning] large time difference between points and imu!!
[2026-07-07 20:00:58.474] [glim] [warning] points=1783420672.922472 imu=1783420673.927292 diff=1.004820
[2026-07-07 20:00:58.474] [glim] [warning] large time difference between points and imu!!
[2026-07-07 20:00:58.474] [glim] [warning] points=1783420672.922472 imu=1783420673.937266 diff=1.014794
[2026-07-07 20:00:58.601] [glim] [warning] large time difference between points and imu!!
[2026-07-07 20:00:58.601] [glim] [warning] points=1783420673.125392 imu=1783420674.127334 diff=1.001941
[2026-07-07 20:00:58.601] [glim] [warning] large time difference between points and imu!!
[2026-07-07 20:00:58.601] [glim] [warning] points=1783420673.125392 imu=1783420674.137326 diff=1.011934
[2026-07-07 20:00:58.601] [glim] [warning] large time difference between points and imu!!
[2026-07-07 20:00:58.601] [glim] [warning] points=1783420673.125392 imu=1783420674.147321 diff=1.021929
[2026-07-07 20:00:58.996] [glim] [warning] large time difference between points and imu!!
[2026-07-07 20:00:58.996] [glim] [warning] points=1783420673.734103 imu=1783420674.737325 diff=1.003222
[2026-07-07 20:00:58.996] [glim] [warning] large time difference between points and imu!!
[2026-07-07 20:00:58.996] [glim] [warning] points=1783420673.734103 imu=1783420674.747349 diff=1.013245
[2026-07-07 20:00:58.996] [glim] [warning] large time difference between points and imu!!
[2026-07-07 20:00:58.996] [glim] [warning] points=1783420673.734103 imu=1783420674.757320 diff=1.023217
[2026-07-07 20:00:59.061] [glim] [warning] large time difference between points and imu!!
[2026-07-07 20:00:59.061] [glim] [warning] points=1783420673.835503 imu=1783420674.837331 diff=1.001828
[2026-07-07 20:00:59.061] [glim] [warning] large time difference between points and imu!!
[2026-07-07 20:00:59.061] [glim] [warning] points=1783420673.835503 imu=1783420674.847314 diff=1.011811
[2026-07-07 20:00:59.062] [glim] [warning] large time difference between points and imu!!
[2026-07-07 20:00:59.062] [glim] [warning] points=1783420673.835503 imu=1783420674.857323 diff=1.021820
[2026-07-07 20:00:59.221] [glim] [warning] large time difference between points and imu!!
[2026-07-07 20:00:59.221] [glim] [warning] points=1783420674.545689 imu=1783420675.547241 diff=1.001552
[2026-07-07 20:00:59.221] [glim] [warning] large time difference between points and imu!!
[2026-07-07 20:00:59.221] [glim] [warning] points=1783420674.545689 imu=1783420675.557314 diff=1.011625
[2026-07-07 20:00:59.221] [glim] [warning] large time difference between points and imu!!
[2026-07-07 20:00:59.221] [glim] [warning] points=1783420674.545689 imu=1783420675.567408 diff=1.021719
[2026-07-07 20:00:59.272] [odom] [warning] IMU prediction is not good.
[2026-07-07 20:00:59.272] [odom] [warning] Possibly T_lidar_imu is not accurate or IMU bias is not well estimated.
[2026-07-07 20:00:59.272] [odom] [warning] IMU validation results:
[2026-07-07 20:00:59.272] [odom] [warning] num_validations=3968
[2026-07-07 20:00:59.272] [odom] [warning] No-IMU errors rot=0.257 +- 0.316 deg, trans=0.084 +- 0.060 m, vel=0.050 +- 0.041 m/s
[2026-07-07 20:00:59.272] [odom] [warning] IMU errors rot=0.116 +- 0.106 deg, trans=0.096 +- 0.062 m, vel=0.241 +- 0.087 m/s
[2026-07-07 20:00:59.272] [odom] [warning] IMU better ratios rot=0.80, trans=0.01, vel=0.02
[2026-07-07 20:00:59.284] [glim] [warning] large time difference between points and imu!!
[2026-07-07 20:00:59.284] [glim] [warning] points=1783420675.154329 imu=1783420676.157310 diff=1.002981
[2026-07-07 20:00:59.284] [glim] [warning] large time difference between points and imu!!
[2026-07-07 20:00:59.284] [glim] [warning] points=1783420675.154329 imu=1783420676.167442 diff=1.013113
[2026-07-07 20:00:59.363] [glim] [warning] large time difference between points and imu!!
[2026-07-07 20:00:59.363] [glim] [warning] points=1783420675.864454 imu=1783420676.867315 diff=1.002861
[2026-07-07 20:00:59.363] [glim] [warning] large time difference between points and imu!!
[2026-07-07 20:00:59.363] [glim] [warning] points=1783420675.864454 imu=1783420676.877446 diff=1.012992
[2026-07-07 20:00:59.364] [glim] [warning] large time difference between points and imu!!
[2026-07-07 20:00:59.364] [glim] [warning] points=1783420675.864454 imu=1783420676.887316 diff=1.022862
[2026-07-07 20:00:59.486] [odom] [warning] IMU bias estimation seems inaccurate.
[2026-07-07 20:00:59.486] [odom] [warning] Possibly T_lidar_imu is not accurate or LiDAR-IMU synchronization is not correct.
[2026-07-07 20:00:59.486] [odom] [warning] IMU bias validation results:
[2026-07-07 20:00:59.486] [odom] [warning] num_bias_validations=4288
[2026-07-07 20:00:59.486] [odom] [warning] bias_acc=[-0.263, 2.238, 0.024] m/s^2, bias_gyro=[-0.019, 0.007, 0.000] rad/s
[2026-07-07 20:00:59.486] [odom] [warning] acc_stat ax=-1.002 +- 0.649 [min=-2.003, max=0.003], ay=1.440 +- 0.880 [min=0.008, max=2.401], az=0.130 +- 0.071 [min=0.014, max=0.243] m/s^2
[2026-07-07 20:00:59.486] [odom] [warning] gyro_stat wx=-0.020 +- 0.001 [min=-0.022, max=-0.016], wy=0.004 +- 0.002 [min=0.001, max=0.010], wz=0.001 +- 0.000 [min=0.000, max=0.001] rad/s
[2026-07-07 20:00:59.801] [glim] [info] playback speed: 2.965x
[2026-07-07 20:00:59.879] [glim] [warning] large time difference between points and imu!!
[2026-07-07 20:00:59.879] [glim] [warning] points=1783420678.299235 imu=1783420679.307435 diff=1.008199
[2026-07-07 20:00:59.879] [glim] [warning] large time difference between points and imu!!
[2026-07-07 20:00:59.880] [glim] [warning] points=1783420678.299235 imu=1783420679.317435 diff=1.018199
[2026-07-07 20:00:59.914] [glim] [warning] large time difference between points and imu!!
[2026-07-07 20:00:59.914] [glim] [warning] points=1783420678.400680 imu=1783420679.407545 diff=1.006865
[2026-07-07 20:00:59.915] [glim] [warning] large time difference between points and imu!!
[2026-07-07 20:00:59.915] [glim] [warning] points=1783420678.400680 imu=1783420679.417555 diff=1.016875
[2026-07-07 20:00:59.950] [glim] [warning] large time difference between points and imu!!
[2026-07-07 20:00:59.950] [glim] [warning] points=1783420678.502138 imu=1783420679.507442 diff=1.005304
[2026-07-07 20:00:59.950] [glim] [warning] large time difference between points and imu!!
[2026-07-07 20:00:59.950] [glim] [warning] points=1783420678.502138 imu=1783420679.517558 diff=1.015420
[2026-07-07 20:01:00.022] [glim] [warning] large time difference between points and imu!!
[2026-07-07 20:01:00.022] [glim] [warning] points=1783420678.704991 imu=1783420679.707573 diff=1.002581
[2026-07-07 20:01:00.022] [glim] [warning] large time difference between points and imu!!
[2026-07-07 20:01:00.022] [glim] [warning] points=1783420678.704991 imu=1783420679.717454 diff=1.012463
[2026-07-07 20:01:00.022] [glim] [warning] large time difference between points and imu!!
[2026-07-07 20:01:00.022] [glim] [warning] points=1783420678.704991 imu=1783420679.727451 diff=1.022460
[2026-07-07 20:01:00.574] [glim] [warning] large time difference between points and imu!!
[2026-07-07 20:01:00.574] [glim] [warning] points=1783420680.023801 imu=1783420681.027643 diff=1.003842
[2026-07-07 20:01:00.574] [glim] [warning] large time difference between points and imu!!
[2026-07-07 20:01:00.574] [glim] [warning] points=1783420680.023801 imu=1783420681.037653 diff=1.013851
[2026-07-07 20:01:01.808] [glim] [warning] large time difference between points and imu!!
[2026-07-07 20:01:01.808] [glim] [warning] points=1783420682.255772 imu=1783420683.257671 diff=1.001899
[2026-07-07 20:01:01.808] [glim] [warning] large time difference between points and imu!!
[2026-07-07 20:01:01.808] [glim] [warning] points=1783420682.255772 imu=1783420683.267663 diff=1.011891
[2026-07-07 20:01:01.809] [glim] [warning] large time difference between points and imu!!
[2026-07-07 20:01:01.809] [glim] [warning] points=1783420682.255772 imu=1783420683.277672 diff=1.021900
[2026-07-07 20:01:01.874] [glim] [warning] large time difference between points and imu!!
[2026-07-07 20:01:01.874] [glim] [warning] points=1783420682.357191 imu=1783420683.357671 diff=1.000480
[2026-07-07 20:01:01.874] [glim] [warning] large time difference between points and imu!!
[2026-07-07 20:01:01.874] [glim] [warning] points=1783420682.357191 imu=1783420683.367631 diff=1.010440
[2026-07-07 20:01:01.875] [glim] [warning] large time difference between points and imu!!
[2026-07-07 20:01:01.875] [glim] [warning] points=1783420682.357191 imu=1783420683.377661 diff=1.020470
[2026-07-07 20:01:02.037] [odom] [warning] IMU prediction is not good.
[2026-07-07 20:01:02.037] [odom] [warning] Possibly T_lidar_imu is not accurate or IMU bias is not well estimated.
[2026-07-07 20:01:02.037] [odom] [warning] IMU validation results:
[2026-07-07 20:01:02.037] [odom] [warning] num_validations=4032
[2026-07-07 20:01:02.037] [odom] [warning] No-IMU errors rot=0.257 +- 0.313 deg, trans=0.083 +- 0.060 m, vel=0.050 +- 0.040 m/s
[2026-07-07 20:01:02.037] [odom] [warning] IMU errors rot=0.116 +- 0.105 deg, trans=0.095 +- 0.062 m, vel=0.239 +- 0.088 m/s
[2026-07-07 20:01:02.037] [odom] [warning] IMU better ratios rot=0.80, trans=0.01, vel=0.02
[2026-07-07 20:01:02.696] [odom] [warning] IMU bias estimation seems inaccurate.
[2026-07-07 20:01:02.696] [odom] [warning] Possibly T_lidar_imu is not accurate or LiDAR-IMU synchronization is not correct.
[2026-07-07 20:01:02.696] [odom] [warning] IMU bias validation results:
[2026-07-07 20:01:02.696] [odom] [warning] num_bias_validations=4352
[2026-07-07 20:01:02.696] [odom] [warning] bias_acc=[-0.263, 2.207, 0.022] m/s^2, bias_gyro=[-0.019, 0.005, 0.001] rad/s
[2026-07-07 20:01:02.696] [odom] [warning] acc_stat ax=-0.991 +- 0.650 [min=-2.003, max=0.003], ay=1.452 +- 0.879 [min=0.008, max=2.401], az=0.128 +- 0.072 [min=0.014, max=0.243] m/s^2
[2026-07-07 20:01:02.696] [odom] [warning] gyro_stat wx=-0.020 +- 0.001 [min=-0.022, max=-0.016], wy=0.004 +- 0.002 [min=0.001, max=0.010], wz=0.001 +- 0.000 [min=0.000, max=0.001] rad/s
[2026-07-07 20:01:03.076] [glim] [warning] large time difference between points and imu!!
[2026-07-07 20:01:03.076] [glim] [warning] points=1783420684.487593 imu=1783420685.487783 diff=1.000190
[2026-07-07 20:01:03.076] [glim] [warning] large time difference between points and imu!!
[2026-07-07 20:01:03.076] [glim] [warning] points=1783420684.487593 imu=1783420685.497784 diff=1.010191
[2026-07-07 20:01:03.076] [glim] [warning] large time difference between points and imu!!
[2026-07-07 20:01:03.076] [glim] [warning] points=1783420684.487593 imu=1783420685.507772 diff=1.020180
[2026-07-07 20:01:03.765] [glim] [warning] large time difference between points and imu!!
[2026-07-07 20:01:03.765] [glim] [warning] points=1783420685.705051 imu=1783420686.707909 diff=1.002858
[2026-07-07 20:01:03.765] [glim] [warning] large time difference between points and imu!!
[2026-07-07 20:01:03.765] [glim] [warning] points=1783420685.705051 imu=1783420686.717897 diff=1.012846
[2026-07-07 20:01:03.765] [glim] [warning] large time difference between points and imu!!
[2026-07-07 20:01:03.765] [glim] [warning] points=1783420685.705051 imu=1783420686.727858 diff=1.022807
[2026-07-07 20:01:03.948] [glim] [warning] large time difference between points and imu!!
[2026-07-07 20:01:03.948] [glim] [warning] points=1783420686.009396 imu=1783420687.017919 diff=1.008523
[2026-07-07 20:01:03.949] [glim] [warning] large time difference between points and imu!!
[2026-07-07 20:01:03.949] [glim] [warning] points=1783420686.009396 imu=1783420687.027850 diff=1.018454
[2026-07-07 20:01:04.205] [glim] [warning] large time difference between points and imu!!
[2026-07-07 20:01:04.205] [glim] [warning] points=1783420686.415229 imu=1783420687.417808 diff=1.002579
[2026-07-07 20:01:04.206] [glim] [warning] large time difference between points and imu!!
[2026-07-07 20:01:04.206] [glim] [warning] points=1783420686.415229 imu=1783420687.427850 diff=1.012621
[2026-07-07 20:01:04.206] [glim] [warning] large time difference between points and imu!!
[2026-07-07 20:01:04.206] [glim] [warning] points=1783420686.415229 imu=1783420687.437813 diff=1.022584
[2026-07-07 20:01:04.830] [glim] [info] playback speed: 1.856x
[2026-07-07 20:01:04.885] [glim] [warning] large time difference between points and imu!!
[2026-07-07 20:01:04.885] [glim] [warning] points=1783420687.531054 imu=1783420688.537898 diff=1.006844
[2026-07-07 20:01:04.885] [glim] [warning] large time difference between points and imu!!
[2026-07-07 20:01:04.885] [glim] [warning] points=1783420687.531054 imu=1783420688.547907 diff=1.016853
[2026-07-07 20:01:04.885] [glim] [warning] large time difference between points and imu!!
[2026-07-07 20:01:04.885] [glim] [warning] points=1783420687.531054 imu=1783420688.557899 diff=1.026844
[2026-07-07 20:01:04.885] [glim] [warning] large time difference between points and imu!!
[2026-07-07 20:01:04.885] [glim] [warning] points=1783420687.531054 imu=1783420688.567922 diff=1.036867
[2026-07-07 20:01:04.885] [glim] [warning] large time difference between points and imu!!
[2026-07-07 20:01:04.885] [glim] [warning] points=1783420687.531054 imu=1783420688.577919 diff=1.046865
[2026-07-07 20:01:04.885] [glim] [warning] large time difference between points and imu!!
[2026-07-07 20:01:04.885] [glim] [warning] points=1783420687.531054 imu=1783420688.587908 diff=1.056853
[2026-07-07 20:01:04.885] [glim] [warning] large time difference between points and imu!!
[2026-07-07 20:01:04.885] [glim] [warning] points=1783420687.531054 imu=1783420688.597907 diff=1.066853
[2026-07-07 20:01:04.886] [glim] [warning] large time difference between points and imu!!
[2026-07-07 20:01:04.886] [glim] [warning] points=1783420687.531054 imu=1783420688.607868 diff=1.076814
[2026-07-07 20:01:04.886] [glim] [warning] large time difference between points and imu!!
[2026-07-07 20:01:04.886] [glim] [warning] points=1783420687.531054 imu=1783420688.617921 diff=1.086867
[2026-07-07 20:01:04.886] [glim] [warning] large time difference between points and imu!!
[2026-07-07 20:01:04.886] [glim] [warning] points=1783420687.531054 imu=1783420688.627924 diff=1.096870
[2026-07-07 20:01:04.886] [glim] [warning] large time difference between points and imu!!
[2026-07-07 20:01:04.886] [glim] [warning] points=1783420687.531054 imu=1783420688.637866 diff=1.106812
[2026-07-07 20:01:04.886] [glim] [warning] large time difference between points and imu!!
[2026-07-07 20:01:04.886] [glim] [warning] points=1783420687.531054 imu=1783420688.647871 diff=1.116817
[2026-07-07 20:01:04.932] [glim] [warning] large time difference between points and imu!!
[2026-07-07 20:01:04.932] [glim] [warning] points=1783420687.632453 imu=1783420688.657870 diff=1.025417
[2026-07-07 20:01:05.023] [glim] [warning] large time difference between points and imu!!
[2026-07-07 20:01:05.023] [glim] [warning] points=1783420687.835352 imu=1783420688.837874 diff=1.002522
[2026-07-07 20:01:05.023] [glim] [warning] large time difference between points and imu!!
[2026-07-07 20:01:05.023] [glim] [warning] points=1783420687.835352 imu=1783420688.847916 diff=1.012563
[2026-07-07 20:01:05.024] [glim] [warning] large time difference between points and imu!!
[2026-07-07 20:01:05.024] [glim] [warning] points=1783420687.835352 imu=1783420688.857887 diff=1.022535
[2026-07-07 20:01:05.070] [glim] [warning] large time difference between points and imu!!
[2026-07-07 20:01:05.070] [glim] [warning] points=1783420687.936845 imu=1783420688.937944 diff=1.001098
[2026-07-07 20:01:05.070] [glim] [warning] large time difference between points and imu!!
[2026-07-07 20:01:05.070] [glim] [warning] points=1783420687.936845 imu=1783420688.947937 diff=1.011092
[2026-07-07 20:01:05.070] [glim] [warning] large time difference between points and imu!!
[2026-07-07 20:01:05.070] [glim] [warning] points=1783420687.936845 imu=1783420688.957981 diff=1.021135
[2026-07-07 20:01:05.115] [glim] [warning] large time difference between points and imu!!
[2026-07-07 20:01:05.115] [glim] [warning] points=1783420688.038291 imu=1783420689.047946 diff=1.009655
[2026-07-07 20:01:05.116] [glim] [warning] large time difference between points and imu!!
[2026-07-07 20:01:05.116] [glim] [warning] points=1783420688.038291 imu=1783420689.057949 diff=1.019658
[2026-07-07 20:01:05.161] [glim] [warning] large time difference between points and imu!!
[2026-07-07 20:01:05.161] [glim] [warning] points=1783420688.139728 imu=1783420689.147960 diff=1.008232
[2026-07-07 20:01:05.162] [glim] [warning] large time difference between points and imu!!
[2026-07-07 20:01:05.162] [glim] [warning] points=1783420688.139728 imu=1783420689.157933 diff=1.018204
[2026-07-07 20:01:05.299] [glim] [warning] large time difference between points and imu!!
[2026-07-07 20:01:05.299] [glim] [warning] points=1783420688.444079 imu=1783420689.447895 diff=1.003816
[2026-07-07 20:01:05.299] [glim] [warning] large time difference between points and imu!!
[2026-07-07 20:01:05.299] [glim] [warning] points=1783420688.444079 imu=1783420689.457943 diff=1.013865
[2026-07-07 20:01:05.384] [odom] [warning] IMU prediction is not good.
[2026-07-07 20:01:05.384] [odom] [warning] Possibly T_lidar_imu is not accurate or IMU bias is not well estimated.
[2026-07-07 20:01:05.384] [odom] [warning] IMU validation results:
[2026-07-07 20:01:05.384] [odom] [warning] num_validations=4096
[2026-07-07 20:01:05.384] [odom] [warning] No-IMU errors rot=0.256 +- 0.311 deg, trans=0.082 +- 0.060 m, vel=0.050 +- 0.040 m/s
[2026-07-07 20:01:05.384] [odom] [warning] IMU errors rot=0.116 +- 0.105 deg, trans=0.094 +- 0.062 m, vel=0.237 +- 0.088 m/s
[2026-07-07 20:01:05.384] [odom] [warning] IMU better ratios rot=0.80, trans=0.01, vel=0.02
[2026-07-07 20:01:05.478] [glim] [warning] large time difference between points and imu!!
[2026-07-07 20:01:05.478] [glim] [warning] points=1783420688.951315 imu=1783420689.957916 diff=1.006601
[2026-07-07 20:01:05.478] [glim] [warning] large time difference between points and imu!!
[2026-07-07 20:01:05.478] [glim] [warning] points=1783420688.951315 imu=1783420689.967962 diff=1.016646
[2026-07-07 20:01:05.685] [odom] [warning] IMU bias estimation seems inaccurate.
[2026-07-07 20:01:05.685] [odom] [warning] Possibly T_lidar_imu is not accurate or LiDAR-IMU synchronization is not correct.
[2026-07-07 20:01:05.685] [odom] [warning] IMU bias validation results:
[2026-07-07 20:01:05.685] [odom] [warning] num_bias_validations=4416
[2026-07-07 20:01:05.685] [odom] [warning] bias_acc=[-0.268, 2.172, 0.021] m/s^2, bias_gyro=[-0.020, 0.005, 0.001] rad/s
[2026-07-07 20:01:05.685] [odom] [warning] acc_stat ax=-0.981 +- 0.651 [min=-2.003, max=0.003], ay=1.462 +- 0.877 [min=0.008, max=2.401], az=0.126 +- 0.073 [min=0.014, max=0.243] m/s^2
[2026-07-07 20:01:05.685] [odom] [warning] gyro_stat wx=-0.020 +- 0.001 [min=-0.022, max=-0.016], wy=0.004 +- 0.002 [min=0.001, max=0.010], wz=0.001 +- 0.000 [min=0.000, max=0.001] rad/s
[2026-07-07 20:01:06.017] [glim] [warning] large time difference between points and imu!!
[2026-07-07 20:01:06.017] [glim] [warning] points=1783420690.980202 imu=1783420691.988052 diff=1.007850
[2026-07-07 20:01:06.017] [glim] [warning] large time difference between points and imu!!
[2026-07-07 20:01:06.017] [glim] [warning] points=1783420690.980202 imu=1783420691.998119 diff=1.017917
[2026-07-07 20:01:06.038] [glim] [warning] large time difference between points and imu!!
[2026-07-07 20:01:06.038] [glim] [warning] points=1783420691.081642 imu=1783420692.088135 diff=1.006493
[2026-07-07 20:01:06.038] [glim] [warning] large time difference between points and imu!!
[2026-07-07 20:01:06.038] [glim] [warning] points=1783420691.081642 imu=1783420692.098123 diff=1.016481
[2026-07-07 20:01:06.064] [glim] [warning] large time difference between points and imu!!
[2026-07-07 20:01:06.064] [glim] [warning] points=1783420691.183104 imu=1783420692.188099 diff=1.004995
[2026-07-07 20:01:06.064] [glim] [warning] large time difference between points and imu!!
[2026-07-07 20:01:06.064] [glim] [warning] points=1783420691.183104 imu=1783420692.198128 diff=1.015024
[2026-07-07 20:01:06.322] [glim] [warning] large time difference between points and imu!!
[2026-07-07 20:01:06.322] [glim] [warning] points=1783420691.994694 imu=1783420692.998079 diff=1.003385
[2026-07-07 20:01:06.322] [glim] [warning] large time difference between points and imu!!
[2026-07-07 20:01:06.322] [glim] [warning] points=1783420691.994694 imu=1783420693.008051 diff=1.013357
[2026-07-07 20:01:06.322] [glim] [warning] large time difference between points and imu!!
[2026-07-07 20:01:06.322] [glim] [warning] points=1783420691.994694 imu=1783420693.018048 diff=1.023354
[2026-07-07 20:01:07.503] [odom] [warning] IMU prediction is not good.
[2026-07-07 20:01:07.503] [odom] [warning] Possibly T_lidar_imu is not accurate or IMU bias is not well estimated.
[2026-07-07 20:01:07.503] [odom] [warning] IMU validation results:
[2026-07-07 20:01:07.503] [odom] [warning] num_validations=4160
[2026-07-07 20:01:07.503] [odom] [warning] No-IMU errors rot=0.254 +- 0.309 deg, trans=0.082 +- 0.060 m, vel=0.049 +- 0.040 m/s
[2026-07-07 20:01:07.503] [odom] [warning] IMU errors rot=0.116 +- 0.105 deg, trans=0.093 +- 0.062 m, vel=0.236 +- 0.088 m/s
[2026-07-07 20:01:07.503] [odom] [warning] IMU better ratios rot=0.80, trans=0.01, vel=0.02
[2026-07-07 20:01:07.801] [glim] [warning] large time difference between points and imu!!
[2026-07-07 20:01:07.801] [glim] [warning] points=1783420695.951134 imu=1783420696.958260 diff=1.007126
[2026-07-07 20:01:07.801] [glim] [warning] large time difference between points and imu!!
[2026-07-07 20:01:07.801] [glim] [warning] points=1783420695.951134 imu=1783420696.968216 diff=1.017081
[2026-07-07 20:01:08.004] [odom] [warning] IMU bias estimation seems inaccurate.
[2026-07-07 20:01:08.004] [odom] [warning] Possibly T_lidar_imu is not accurate or LiDAR-IMU synchronization is not correct.
[2026-07-07 20:01:08.004] [odom] [warning] IMU bias validation results:
[2026-07-07 20:01:08.004] [odom] [warning] num_bias_validations=4480
[2026-07-07 20:01:08.004] [odom] [warning] bias_acc=[-0.273, 2.135, 0.021] m/s^2, bias_gyro=[-0.020, 0.005, 0.001] rad/s
[2026-07-07 20:01:08.004] [odom] [warning] acc_stat ax=-0.971 +- 0.652 [min=-2.003, max=0.003], ay=1.472 +- 0.874 [min=0.008, max=2.401], az=0.125 +- 0.073 [min=0.014, max=0.243] m/s^2
[2026-07-07 20:01:08.004] [odom] [warning] gyro_stat wx=-0.020 +- 0.001 [min=-0.022, max=-0.016], wy=0.004 +- 0.002 [min=0.001, max=0.010], wz=0.001 +- 0.000 [min=0.000, max=0.001] rad/s
[2026-07-07 20:01:08.197] [glim] [warning] large time difference between points and imu!!
[2026-07-07 20:01:08.197] [glim] [warning] points=1783420696.965643 imu=1783420697.968315 diff=1.002672
[2026-07-07 20:01:08.197] [glim] [warning] large time difference between points and imu!!
[2026-07-07 20:01:08.197] [glim] [warning] points=1783420696.965643 imu=1783420697.978369 diff=1.012725
[2026-07-07 20:01:08.197] [glim] [warning] large time difference between points and imu!!
[2026-07-07 20:01:08.197] [glim] [warning] points=1783420696.965643 imu=1783420697.988298 diff=1.022655
[2026-07-07 20:01:08.239] [glim] [warning] large time difference between points and imu!!
[2026-07-07 20:01:08.239] [glim] [warning] points=1783420697.067113 imu=1783420698.068247 diff=1.001134
[2026-07-07 20:01:08.239] [glim] [warning] large time difference between points and imu!!
[2026-07-07 20:01:08.239] [glim] [warning] points=1783420697.067113 imu=1783420698.078336 diff=1.011224
[2026-07-07 20:01:08.239] [glim] [warning] large time difference between points and imu!!
[2026-07-07 20:01:08.239] [glim] [warning] points=1783420697.067113 imu=1783420698.088309 diff=1.021196
[2026-07-07 20:01:08.995] [glim] [warning] large time difference between points and imu!!
[2026-07-07 20:01:08.995] [glim] [warning] points=1783420698.690320 imu=1783420699.698360 diff=1.008040
[2026-07-07 20:01:08.996] [glim] [warning] large time difference between points and imu!!
[2026-07-07 20:01:08.996] [glim] [warning] points=1783420698.690320 imu=1783420699.708331 diff=1.018011
[2026-07-07 20:01:09.097] [glim] [warning] large time difference between points and imu!!
[2026-07-07 20:01:09.097] [glim] [warning] points=1783420698.893188 imu=1783420699.898467 diff=1.005279
[2026-07-07 20:01:09.097] [glim] [warning] large time difference between points and imu!!
[2026-07-07 20:01:09.097] [glim] [warning] points=1783420698.893188 imu=1783420699.908337 diff=1.015149
[2026-07-07 20:01:09.647] [glim] [warning] large time difference between points and imu!!
[2026-07-07 20:01:09.647] [glim] [warning] points=1783420700.110491 imu=1783420701.118421 diff=1.007930
[2026-07-07 20:01:09.648] [glim] [warning] large time difference between points and imu!!
[2026-07-07 20:01:09.648] [glim] [warning] points=1783420700.110491 imu=1783420701.128376 diff=1.017885
[2026-07-07 20:01:09.693] [glim] [warning] large time difference between points and imu!!
[2026-07-07 20:01:09.693] [glim] [warning] points=1783420700.211933 imu=1783420701.218377 diff=1.006444
[2026-07-07 20:01:09.693] [glim] [warning] large time difference between points and imu!!
[2026-07-07 20:01:09.693] [glim] [warning] points=1783420700.211933 imu=1783420701.228430 diff=1.016497
[2026-07-07 20:01:09.837] [glim] [info] playback speed: 2.739x
[2026-07-07 20:01:10.471] [glim] [warning] large time difference between points and imu!!
[2026-07-07 20:01:10.471] [glim] [warning] points=1783420701.733632 imu=1783420702.738446 diff=1.004814
[2026-07-07 20:01:10.471] [glim] [warning] large time difference between points and imu!!
[2026-07-07 20:01:10.471] [glim] [warning] points=1783420701.733632 imu=1783420702.748540 diff=1.014908
[2026-07-07 20:01:10.605] [odom] [warning] IMU prediction is not good.
[2026-07-07 20:01:10.605] [odom] [warning] Possibly T_lidar_imu is not accurate or IMU bias is not well estimated.
[2026-07-07 20:01:10.605] [odom] [warning] IMU validation results:
[2026-07-07 20:01:10.605] [odom] [warning] num_validations=4224
[2026-07-07 20:01:10.605] [odom] [warning] No-IMU errors rot=0.252 +- 0.308 deg, trans=0.081 +- 0.059 m, vel=0.049 +- 0.040 m/s
[2026-07-07 20:01:10.605] [odom] [warning] IMU errors rot=0.116 +- 0.105 deg, trans=0.093 +- 0.061 m, vel=0.235 +- 0.088 m/s
[2026-07-07 20:01:10.605] [odom] [warning] IMU better ratios rot=0.79, trans=0.01, vel=0.02
[2026-07-07 20:01:11.085] [glim] [warning] large time difference between points and imu!!
[2026-07-07 20:01:11.085] [glim] [warning] points=1783420702.748120 imu=1783420703.748601 diff=1.000481
[2026-07-07 20:01:11.085] [glim] [warning] large time difference between points and imu!!
[2026-07-07 20:01:11.085] [glim] [warning] points=1783420702.748120 imu=1783420703.758585 diff=1.010465
[2026-07-07 20:01:11.085] [glim] [warning] large time difference between points and imu!!
[2026-07-07 20:01:11.085] [glim] [warning] points=1783420702.748120 imu=1783420703.768472 diff=1.020352
[2026-07-07 20:01:11.216] [glim] [warning] large time difference between points and imu!!
[2026-07-07 20:01:11.216] [glim] [warning] points=1783420702.951014 imu=1783420703.958479 diff=1.007465
[2026-07-07 20:01:11.217] [glim] [warning] large time difference between points and imu!!
[2026-07-07 20:01:11.217] [glim] [warning] points=1783420702.951014 imu=1783420703.968481 diff=1.017467
[2026-07-07 20:01:11.480] [glim] [warning] large time difference between points and imu!!
[2026-07-07 20:01:11.480] [glim] [warning] points=1783420703.356789 imu=1783420704.358609 diff=1.001820
[2026-07-07 20:01:11.480] [glim] [warning] large time difference between points and imu!!
[2026-07-07 20:01:11.480] [glim] [warning] points=1783420703.356789 imu=1783420704.368495 diff=1.011705
[2026-07-07 20:01:11.481] [glim] [warning] large time difference between points and imu!!
[2026-07-07 20:01:11.481] [glim] [warning] points=1783420703.356789 imu=1783420704.378602 diff=1.021813
[2026-07-07 20:01:11.546] [glim] [warning] large time difference between points and imu!!
[2026-07-07 20:01:11.546] [glim] [warning] points=1783420703.458263 imu=1783420704.458620 diff=1.000357
[2026-07-07 20:01:11.546] [glim] [warning] large time difference between points and imu!!
[2026-07-07 20:01:11.546] [glim] [warning] points=1783420703.458263 imu=1783420704.468501 diff=1.010237
[2026-07-07 20:01:11.547] [glim] [warning] large time difference between points and imu!!
[2026-07-07 20:01:11.547] [glim] [warning] points=1783420703.458263 imu=1783420704.478503 diff=1.020240
[2026-07-07 20:01:11.586] [odom] [warning] IMU bias estimation seems inaccurate.
[2026-07-07 20:01:11.586] [odom] [warning] Possibly T_lidar_imu is not accurate or LiDAR-IMU synchronization is not correct.
[2026-07-07 20:01:11.586] [odom] [warning] IMU bias validation results:
[2026-07-07 20:01:11.586] [odom] [warning] num_bias_validations=4544
[2026-07-07 20:01:11.586] [odom] [warning] bias_acc=[-0.281, 2.095, 0.022] m/s^2, bias_gyro=[-0.020, 0.004, 0.001] rad/s
[2026-07-07 20:01:11.586] [odom] [warning] acc_stat ax=-0.961 +- 0.652 [min=-2.003, max=0.003], ay=1.480 +- 0.871 [min=0.008, max=2.401], az=0.123 +- 0.074 [min=0.014, max=0.243] m/s^2
[2026-07-07 20:01:11.586] [odom] [warning] gyro_stat wx=-0.020 +- 0.001 [min=-0.022, max=-0.016], wy=0.004 +- 0.002 [min=0.001, max=0.010], wz=0.001 +- 0.000 [min=0.000, max=0.001] rad/s
[2026-07-07 20:01:12.289] [glim] [warning] large time difference between points and imu!!
[2026-07-07 20:01:12.289] [glim] [warning] points=1783420704.777023 imu=1783420705.778694 diff=1.001670
[2026-07-07 20:01:12.290] [glim] [warning] large time difference between points and imu!!
[2026-07-07 20:01:12.290] [glim] [warning] points=1783420704.777023 imu=1783420705.788659 diff=1.011636
[2026-07-07 20:01:12.290] [glim] [warning] large time difference between points and imu!!
[2026-07-07 20:01:12.290] [glim] [warning] points=1783420704.777023 imu=1783420705.798590 diff=1.021567
[2026-07-07 20:01:12.700] [glim] [info] waiting for odometry estimation
[2026-07-07 20:01:13.524] [glim] [info] waiting for local mapping
[2026-07-07 20:01:13.615] [glim] [info] waiting for global mapping
[2026-07-07 20:01:13.745] [global] [info] saving to /home/systemlab/whill_lab0_ros2/docs/m5r-bench-data/2026-07-07-campus-half-v3/glim-out/...
[2026-07-07 20:01:13.797] [global] [info] serializing factor graph to /home/systemlab/whill_lab0_ros2/docs/m5r-bench-data/2026-07-07-campus-half-v3/glim-out//graph.bin
[2026-07-07 20:01:14.358] [global] [info] saving config
[2026-07-07 20:01:14.359] [global] [info] saved
real 208.54
user 401.55
sys 13.48
==> GLIM end 2026-07-07T11:01:14Z
