==> GLIM start 2026-07-10T06:56:24Z
[2026-07-10 15:56:25.088] [glim] [info] config_path: /home/systemlab/whill_lab0_ros2/docs/m5r-bench-data/2026-07-10-campus-outer-final/glim-out-audit-tli/config/
[2026-07-10 15:56:25.089] [glim] [info] load libodometry_estimation_gpu.so
[2026-07-10 15:56:27.214] [glim] [info] load libsub_mapping.so
[2026-07-10 15:56:27.214] [glim] [info] load libglobal_mapping.so
[2026-07-10 15:56:27.215] [glim] [info] load libmemory_monitor.so
[2026-07-10 15:56:27.216] [glim] [info] load libstandard_viewer.so
[2026-07-10 15:56:27.357] [glim] [info] load librviz_viewer.so
[2026-07-10 15:56:27.367] [glim] [info] topics:
[2026-07-10 15:56:27.367] [glim] [info] - /imu/data_rep145
[2026-07-10 15:56:27.367] [glim] [info] - /velodyne_points
[2026-07-10 15:56:27.367] [glim] [info] - /image
[2026-07-10 15:56:27.367] [glim] [info] bag_filenames:
[2026-07-10 15:56:27.367] [glim] [info] - /home/systemlab/whill_lab0_ros2/docs/m5r-bench-data/2026-07-10-campus-outer-final/bag
[2026-07-10 15:56:27.367] [glim] [warning] param glim_ros/playback_speed not found
[2026-07-10 15:56:27.367] [glim] [warning] use default_value=100
[2026-07-10 15:56:27.367] [glim] [info] opening /home/systemlab/whill_lab0_ros2/docs/m5r-bench-data/2026-07-10-campus-outer-final/bag
[2026-07-10 15:56:27.368] [glim] [info] detected storage_id=sqlite3 from metadata.yaml
[INFO] [1783666587.370095738] [rosbag2_storage]: Opened database '/home/systemlab/whill_lab0_ros2/docs/m5r-bench-data/2026-07-10-campus-outer-final/bag/bag_0.db3' for READ_ONLY.
[2026-07-10 15:56:27.373] [glim] [warning] negative per-point timestamp is found!! min=-0.100062 max=0.001306
[2026-07-10 15:56:27.373] [glim] [warning] add an offset to the frame timestamp to make per-point ones positive!!
[2026-07-10 15:56:27.502] [odom] [info] estimate initial IMU state
Initial error: 1248.19, values: 33
iter      cost      cost_change    lambda  success iter_time
   0      4.56561      1.2e+03      1e-05      1    0.00026
   1          0.1          4.5      1e-06      1    0.00023
   2          0.1        3e-08      1e-07      1     0.0002
[2026-07-10 15:56:27.506] [odom] [info] initial IMU state estimation result
[2026-07-10 15:56:27.506] [odom] [info] T_world_imu=se3(-0.004992,0.007703,-0.000650,-0.030006,-0.069074,-0.001330,0.997159)
[2026-07-10 15:56:27.506] [odom] [info] v_world_imu=vec(-0.018573,0.024106,0.042297)
[2026-07-10 15:56:27.506] [odom] [info] imu_bias=vec(0.000563,-0.000853,0.001475,-0.004217,0.000080,0.000505)
[2026-07-10 15:56:27.516] [rviz] [info] auto-detected IMU frame ID: imu_link
[2026-07-10 15:56:27.516] [rviz] [info] auto-detected LiDAR frame ID: velodyne
[2026-07-10 15:56:27.516] [rviz] [info] base_frame_id is not set. using IMU frame ID 'imu_link' as base frame ID.
[2026-07-10 15:56:31.719] [odom] [warning] IMU prediction is not good.
[2026-07-10 15:56:31.719] [odom] [warning] Possibly T_lidar_imu is not accurate or IMU bias is not well estimated.
[2026-07-10 15:56:31.719] [odom] [warning] IMU validation results:
[2026-07-10 15:56:31.719] [odom] [warning] num_validations=192
[2026-07-10 15:56:31.719] [odom] [warning] No-IMU errors rot=0.128 +- 0.082 deg, trans=0.007 +- 0.004 m, vel=0.028 +- 0.020 m/s
[2026-07-10 15:56:31.719] [odom] [warning] IMU errors rot=0.068 +- 0.055 deg, trans=0.007 +- 0.004 m, vel=0.021 +- 0.014 m/s
[2026-07-10 15:56:31.719] [odom] [warning] IMU better ratios rot=0.79, trans=0.38, vel=0.70
[2026-07-10 15:56:32.768] [odom] [warning] IMU prediction is not good.
[2026-07-10 15:56:32.768] [odom] [warning] Possibly T_lidar_imu is not accurate or IMU bias is not well estimated.
[2026-07-10 15:56:32.768] [odom] [warning] IMU validation results:
[2026-07-10 15:56:32.768] [odom] [warning] num_validations=256
[2026-07-10 15:56:32.768] [odom] [warning] No-IMU errors rot=0.123 +- 0.076 deg, trans=0.008 +- 0.004 m, vel=0.026 +- 0.018 m/s
[2026-07-10 15:56:32.768] [odom] [warning] IMU errors rot=0.062 +- 0.051 deg, trans=0.008 +- 0.004 m, vel=0.024 +- 0.014 m/s
[2026-07-10 15:56:32.768] [odom] [warning] IMU better ratios rot=0.82, trans=0.28, vel=0.55
[2026-07-10 15:56:33.477] [odom] [warning] IMU prediction is not good.
[2026-07-10 15:56:33.477] [odom] [warning] Possibly T_lidar_imu is not accurate or IMU bias is not well estimated.
[2026-07-10 15:56:33.477] [odom] [warning] IMU validation results:
[2026-07-10 15:56:33.477] [odom] [warning] num_validations=320
[2026-07-10 15:56:33.477] [odom] [warning] No-IMU errors rot=0.121 +- 0.074 deg, trans=0.009 +- 0.004 m, vel=0.026 +- 0.017 m/s
[2026-07-10 15:56:33.477] [odom] [warning] IMU errors rot=0.061 +- 0.048 deg, trans=0.010 +- 0.005 m, vel=0.028 +- 0.015 m/s
[2026-07-10 15:56:33.477] [odom] [warning] IMU better ratios rot=0.82, trans=0.23, vel=0.45
[2026-07-10 15:56:34.880] [odom] [warning] IMU prediction is not good.
[2026-07-10 15:56:34.880] [odom] [warning] Possibly T_lidar_imu is not accurate or IMU bias is not well estimated.
[2026-07-10 15:56:34.880] [odom] [warning] IMU validation results:
[2026-07-10 15:56:34.880] [odom] [warning] num_validations=384
[2026-07-10 15:56:34.881] [odom] [warning] No-IMU errors rot=0.120 +- 0.071 deg, trans=0.010 +- 0.005 m, vel=0.026 +- 0.016 m/s
[2026-07-10 15:56:34.881] [odom] [warning] IMU errors rot=0.062 +- 0.047 deg, trans=0.011 +- 0.005 m, vel=0.032 +- 0.017 m/s
[2026-07-10 15:56:34.881] [odom] [warning] IMU better ratios rot=0.81, trans=0.19, vel=0.39
[2026-07-10 15:56:35.653] [odom] [warning] IMU prediction is not good.
[2026-07-10 15:56:35.653] [odom] [warning] Possibly T_lidar_imu is not accurate or IMU bias is not well estimated.
[2026-07-10 15:56:35.653] [odom] [warning] IMU validation results:
[2026-07-10 15:56:35.653] [odom] [warning] num_validations=448
[2026-07-10 15:56:35.653] [odom] [warning] No-IMU errors rot=0.124 +- 0.075 deg, trans=0.010 +- 0.005 m, vel=0.026 +- 0.017 m/s
[2026-07-10 15:56:35.653] [odom] [warning] IMU errors rot=0.065 +- 0.049 deg, trans=0.011 +- 0.006 m, vel=0.035 +- 0.018 m/s
[2026-07-10 15:56:35.653] [odom] [warning] IMU better ratios rot=0.81, trans=0.16, vel=0.35
[2026-07-10 15:56:37.233] [odom] [warning] IMU prediction is not good.
[2026-07-10 15:56:37.234] [odom] [warning] Possibly T_lidar_imu is not accurate or IMU bias is not well estimated.
[2026-07-10 15:56:37.234] [odom] [warning] IMU validation results:
[2026-07-10 15:56:37.234] [odom] [warning] num_validations=512
[2026-07-10 15:56:37.234] [odom] [warning] No-IMU errors rot=0.123 +- 0.075 deg, trans=0.011 +- 0.005 m, vel=0.027 +- 0.018 m/s
[2026-07-10 15:56:37.234] [odom] [warning] IMU errors rot=0.064 +- 0.048 deg, trans=0.012 +- 0.006 m, vel=0.039 +- 0.020 m/s
[2026-07-10 15:56:37.234] [odom] [warning] IMU better ratios rot=0.81, trans=0.15, vel=0.31
[2026-07-10 15:56:37.370] [glim] [info] playback speed: 6.147x
[2026-07-10 15:56:38.204] [odom] [warning] IMU prediction is not good.
[2026-07-10 15:56:38.204] [odom] [warning] Possibly T_lidar_imu is not accurate or IMU bias is not well estimated.
[2026-07-10 15:56:38.205] [odom] [warning] IMU validation results:
[2026-07-10 15:56:38.205] [odom] [warning] num_validations=576
[2026-07-10 15:56:38.205] [odom] [warning] No-IMU errors rot=0.134 +- 0.090 deg, trans=0.012 +- 0.005 m, vel=0.026 +- 0.017 m/s
[2026-07-10 15:56:38.205] [odom] [warning] IMU errors rot=0.062 +- 0.046 deg, trans=0.013 +- 0.006 m, vel=0.041 +- 0.021 m/s
[2026-07-10 15:56:38.205] [odom] [warning] IMU better ratios rot=0.83, trans=0.13, vel=0.28
[2026-07-10 15:56:40.148] [odom] [warning] IMU prediction is not good.
[2026-07-10 15:56:40.148] [odom] [warning] Possibly T_lidar_imu is not accurate or IMU bias is not well estimated.
[2026-07-10 15:56:40.148] [odom] [warning] IMU validation results:
[2026-07-10 15:56:40.148] [odom] [warning] num_validations=640
[2026-07-10 15:56:40.148] [odom] [warning] No-IMU errors rot=0.152 +- 0.155 deg, trans=0.012 +- 0.006 m, vel=0.026 +- 0.017 m/s
[2026-07-10 15:56:40.148] [odom] [warning] IMU errors rot=0.060 +- 0.045 deg, trans=0.014 +- 0.006 m, vel=0.044 +- 0.022 m/s
[2026-07-10 15:56:40.148] [odom] [warning] IMU better ratios rot=0.83, trans=0.12, vel=0.25
[2026-07-10 15:56:41.275] [odom] [warning] IMU prediction is not good.
[2026-07-10 15:56:41.275] [odom] [warning] Possibly T_lidar_imu is not accurate or IMU bias is not well estimated.
[2026-07-10 15:56:41.275] [odom] [warning] IMU validation results:
[2026-07-10 15:56:41.275] [odom] [warning] num_validations=704
[2026-07-10 15:56:41.275] [odom] [warning] No-IMU errors rot=0.154 +- 0.151 deg, trans=0.013 +- 0.006 m, vel=0.026 +- 0.016 m/s
[2026-07-10 15:56:41.275] [odom] [warning] IMU errors rot=0.060 +- 0.044 deg, trans=0.015 +- 0.007 m, vel=0.046 +- 0.022 m/s
[2026-07-10 15:56:41.275] [odom] [warning] IMU better ratios rot=0.84, trans=0.11, vel=0.23
[2026-07-10 15:56:42.379] [glim] [info] playback speed: 4.760x
[2026-07-10 15:56:42.393] [odom] [warning] IMU prediction is not good.
[2026-07-10 15:56:42.393] [odom] [warning] Possibly T_lidar_imu is not accurate or IMU bias is not well estimated.
[2026-07-10 15:56:42.393] [odom] [warning] IMU validation results:
[2026-07-10 15:56:42.393] [odom] [warning] num_validations=768
[2026-07-10 15:56:42.393] [odom] [warning] No-IMU errors rot=0.153 +- 0.147 deg, trans=0.014 +- 0.006 m, vel=0.026 +- 0.016 m/s
[2026-07-10 15:56:42.393] [odom] [warning] IMU errors rot=0.060 +- 0.043 deg, trans=0.016 +- 0.007 m, vel=0.048 +- 0.022 m/s
[2026-07-10 15:56:42.393] [odom] [warning] IMU better ratios rot=0.84, trans=0.10, vel=0.21
[2026-07-10 15:56:44.695] [odom] [warning] IMU prediction is not good.
[2026-07-10 15:56:44.695] [odom] [warning] Possibly T_lidar_imu is not accurate or IMU bias is not well estimated.
[2026-07-10 15:56:44.695] [odom] [warning] IMU validation results:
[2026-07-10 15:56:44.695] [odom] [warning] num_validations=832
[2026-07-10 15:56:44.695] [odom] [warning] No-IMU errors rot=0.151 +- 0.143 deg, trans=0.015 +- 0.007 m, vel=0.026 +- 0.016 m/s
[2026-07-10 15:56:44.695] [odom] [warning] IMU errors rot=0.059 +- 0.042 deg, trans=0.017 +- 0.008 m, vel=0.051 +- 0.023 m/s
[2026-07-10 15:56:44.695] [odom] [warning] IMU better ratios rot=0.84, trans=0.09, vel=0.19
[2026-07-10 15:56:45.795] [odom] [warning] IMU prediction is not good.
[2026-07-10 15:56:45.795] [odom] [warning] Possibly T_lidar_imu is not accurate or IMU bias is not well estimated.
[2026-07-10 15:56:45.795] [odom] [warning] IMU validation results:
[2026-07-10 15:56:45.795] [odom] [warning] num_validations=896
[2026-07-10 15:56:45.795] [odom] [warning] No-IMU errors rot=0.149 +- 0.139 deg, trans=0.016 +- 0.008 m, vel=0.026 +- 0.016 m/s
[2026-07-10 15:56:45.795] [odom] [warning] IMU errors rot=0.060 +- 0.042 deg, trans=0.018 +- 0.009 m, vel=0.053 +- 0.023 m/s
[2026-07-10 15:56:45.795] [odom] [warning] IMU better ratios rot=0.84, trans=0.08, vel=0.18
[2026-07-10 15:56:47.384] [glim] [info] playback speed: 3.405x
[2026-07-10 15:56:48.209] [odom] [warning] IMU prediction is not good.
[2026-07-10 15:56:48.209] [odom] [warning] Possibly T_lidar_imu is not accurate or IMU bias is not well estimated.
[2026-07-10 15:56:48.209] [odom] [warning] IMU validation results:
[2026-07-10 15:56:48.209] [odom] [warning] num_validations=960
[2026-07-10 15:56:48.209] [odom] [warning] No-IMU errors rot=0.155 +- 0.141 deg, trans=0.017 +- 0.009 m, vel=0.026 +- 0.016 m/s
[2026-07-10 15:56:48.209] [odom] [warning] IMU errors rot=0.062 +- 0.044 deg, trans=0.019 +- 0.010 m, vel=0.055 +- 0.024 m/s
[2026-07-10 15:56:48.209] [odom] [warning] IMU better ratios rot=0.84, trans=0.08, vel=0.17
[2026-07-10 15:56:49.690] [odom] [warning] IMU prediction is not good.
[2026-07-10 15:56:49.690] [odom] [warning] Possibly T_lidar_imu is not accurate or IMU bias is not well estimated.
[2026-07-10 15:56:49.690] [odom] [warning] IMU validation results:
[2026-07-10 15:56:49.690] [odom] [warning] num_validations=1024
[2026-07-10 15:56:49.690] [odom] [warning] No-IMU errors rot=0.159 +- 0.143 deg, trans=0.018 +- 0.009 m, vel=0.026 +- 0.016 m/s
[2026-07-10 15:56:49.690] [odom] [warning] IMU errors rot=0.061 +- 0.043 deg, trans=0.020 +- 0.010 m, vel=0.057 +- 0.024 m/s
[2026-07-10 15:56:49.690] [odom] [warning] IMU better ratios rot=0.85, trans=0.07, vel=0.16
[2026-07-10 15:56:51.162] [odom] [warning] IMU prediction is not good.
[2026-07-10 15:56:51.162] [odom] [warning] Possibly T_lidar_imu is not accurate or IMU bias is not well estimated.
[2026-07-10 15:56:51.162] [odom] [warning] IMU validation results:
[2026-07-10 15:56:51.162] [odom] [warning] num_validations=1088
[2026-07-10 15:56:51.162] [odom] [warning] No-IMU errors rot=0.156 +- 0.140 deg, trans=0.018 +- 0.009 m, vel=0.026 +- 0.016 m/s
[2026-07-10 15:56:51.162] [odom] [warning] IMU errors rot=0.060 +- 0.042 deg, trans=0.021 +- 0.010 m, vel=0.058 +- 0.025 m/s
[2026-07-10 15:56:51.162] [odom] [warning] IMU better ratios rot=0.84, trans=0.07, vel=0.15
[2026-07-10 15:56:52.384] [glim] [info] playback speed: 3.771x
[2026-07-10 15:56:52.915] [odom] [warning] IMU prediction is not good.
[2026-07-10 15:56:52.915] [odom] [warning] Possibly T_lidar_imu is not accurate or IMU bias is not well estimated.
[2026-07-10 15:56:52.915] [odom] [warning] IMU validation results:
[2026-07-10 15:56:52.915] [odom] [warning] num_validations=1152
[2026-07-10 15:56:52.915] [odom] [warning] No-IMU errors rot=0.161 +- 0.144 deg, trans=0.019 +- 0.009 m, vel=0.026 +- 0.015 m/s
[2026-07-10 15:56:52.915] [odom] [warning] IMU errors rot=0.063 +- 0.044 deg, trans=0.022 +- 0.011 m, vel=0.060 +- 0.026 m/s
[2026-07-10 15:56:52.915] [odom] [warning] IMU better ratios rot=0.84, trans=0.07, vel=0.14
[2026-07-10 15:56:55.429] [odom] [warning] IMU prediction is not good.
[2026-07-10 15:56:55.429] [odom] [warning] Possibly T_lidar_imu is not accurate or IMU bias is not well estimated.
[2026-07-10 15:56:55.429] [odom] [warning] IMU validation results:
[2026-07-10 15:56:55.429] [odom] [warning] num_validations=1216
[2026-07-10 15:56:55.429] [odom] [warning] No-IMU errors rot=0.161 +- 0.141 deg, trans=0.020 +- 0.010 m, vel=0.026 +- 0.015 m/s
[2026-07-10 15:56:55.429] [odom] [warning] IMU errors rot=0.063 +- 0.044 deg, trans=0.023 +- 0.011 m, vel=0.062 +- 0.026 m/s
[2026-07-10 15:56:55.429] [odom] [warning] IMU better ratios rot=0.84, trans=0.06, vel=0.13
[2026-07-10 15:56:56.472] [odom] [warning] IMU prediction is not good.
[2026-07-10 15:56:56.472] [odom] [warning] Possibly T_lidar_imu is not accurate or IMU bias is not well estimated.
[2026-07-10 15:56:56.472] [odom] [warning] IMU validation results:
[2026-07-10 15:56:56.472] [odom] [warning] num_validations=1280
[2026-07-10 15:56:56.472] [odom] [warning] No-IMU errors rot=0.168 +- 0.156 deg, trans=0.021 +- 0.011 m, vel=0.027 +- 0.016 m/s
[2026-07-10 15:56:56.472] [odom] [warning] IMU errors rot=0.064 +- 0.044 deg, trans=0.024 +- 0.012 m, vel=0.064 +- 0.027 m/s
[2026-07-10 15:56:56.472] [odom] [warning] IMU better ratios rot=0.84, trans=0.06, vel=0.13
[2026-07-10 15:56:57.408] [glim] [info] playback speed: 3.718x
[2026-07-10 15:56:58.647] [odom] [warning] IMU prediction is not good.
[2026-07-10 15:56:58.647] [odom] [warning] Possibly T_lidar_imu is not accurate or IMU bias is not well estimated.
[2026-07-10 15:56:58.647] [odom] [warning] IMU validation results:
[2026-07-10 15:56:58.647] [odom] [warning] num_validations=1344
[2026-07-10 15:56:58.647] [odom] [warning] No-IMU errors rot=0.168 +- 0.156 deg, trans=0.022 +- 0.012 m, vel=0.027 +- 0.016 m/s
[2026-07-10 15:56:58.647] [odom] [warning] IMU errors rot=0.065 +- 0.045 deg, trans=0.025 +- 0.014 m, vel=0.067 +- 0.030 m/s
[2026-07-10 15:56:58.647] [odom] [warning] IMU better ratios rot=0.84, trans=0.06, vel=0.12
[2026-07-10 15:57:01.430] [odom] [warning] IMU prediction is not good.
[2026-07-10 15:57:01.431] [odom] [warning] Possibly T_lidar_imu is not accurate or IMU bias is not well estimated.
[2026-07-10 15:57:01.431] [odom] [warning] IMU validation results:
[2026-07-10 15:57:01.431] [odom] [warning] num_validations=1408
[2026-07-10 15:57:01.431] [odom] [warning] No-IMU errors rot=0.168 +- 0.154 deg, trans=0.024 +- 0.015 m, vel=0.027 +- 0.016 m/s
[2026-07-10 15:57:01.431] [odom] [warning] IMU errors rot=0.065 +- 0.046 deg, trans=0.027 +- 0.017 m, vel=0.070 +- 0.032 m/s
[2026-07-10 15:57:01.431] [odom] [warning] IMU better ratios rot=0.84, trans=0.05, vel=0.11
[2026-07-10 15:57:02.415] [glim] [info] playback speed: 2.796x
[2026-07-10 15:57:04.150] [odom] [warning] IMU prediction is not good.
[2026-07-10 15:57:04.150] [odom] [warning] Possibly T_lidar_imu is not accurate or IMU bias is not well estimated.
[2026-07-10 15:57:04.150] [odom] [warning] IMU validation results:
[2026-07-10 15:57:04.150] [odom] [warning] num_validations=1472
[2026-07-10 15:57:04.150] [odom] [warning] No-IMU errors rot=0.166 +- 0.151 deg, trans=0.026 +- 0.017 m, vel=0.027 +- 0.016 m/s
[2026-07-10 15:57:04.150] [odom] [warning] IMU errors rot=0.065 +- 0.046 deg, trans=0.029 +- 0.019 m, vel=0.072 +- 0.033 m/s
[2026-07-10 15:57:04.150] [odom] [warning] IMU better ratios rot=0.83, trans=0.05, vel=0.11
[2026-07-10 15:57:05.997] [odom] [warning] IMU prediction is not good.
[2026-07-10 15:57:05.997] [odom] [warning] Possibly T_lidar_imu is not accurate or IMU bias is not well estimated.
[2026-07-10 15:57:05.997] [odom] [warning] IMU validation results:
[2026-07-10 15:57:05.997] [odom] [warning] num_validations=1536
[2026-07-10 15:57:05.997] [odom] [warning] No-IMU errors rot=0.185 +- 0.216 deg, trans=0.026 +- 0.017 m, vel=0.028 +- 0.017 m/s
[2026-07-10 15:57:05.997] [odom] [warning] IMU errors rot=0.068 +- 0.050 deg, trans=0.030 +- 0.019 m, vel=0.074 +- 0.035 m/s
[2026-07-10 15:57:05.997] [odom] [warning] IMU better ratios rot=0.83, trans=0.05, vel=0.10
[2026-07-10 15:57:07.425] [glim] [info] playback speed: 3.361x
[2026-07-10 15:57:08.458] [odom] [warning] IMU prediction is not good.
[2026-07-10 15:57:08.458] [odom] [warning] Possibly T_lidar_imu is not accurate or IMU bias is not well estimated.
[2026-07-10 15:57:08.458] [odom] [warning] IMU validation results:
[2026-07-10 15:57:08.458] [odom] [warning] num_validations=1600
[2026-07-10 15:57:08.458] [odom] [warning] No-IMU errors rot=0.189 +- 0.219 deg, trans=0.027 +- 0.017 m, vel=0.028 +- 0.017 m/s
[2026-07-10 15:57:08.458] [odom] [warning] IMU errors rot=0.068 +- 0.050 deg, trans=0.030 +- 0.019 m, vel=0.076 +- 0.035 m/s
[2026-07-10 15:57:08.458] [odom] [warning] IMU better ratios rot=0.83, trans=0.05, vel=0.10
[2026-07-10 15:57:11.728] [odom] [warning] IMU prediction is not good.
[2026-07-10 15:57:11.728] [odom] [warning] Possibly T_lidar_imu is not accurate or IMU bias is not well estimated.
[2026-07-10 15:57:11.728] [odom] [warning] IMU validation results:
[2026-07-10 15:57:11.728] [odom] [warning] num_validations=1664
[2026-07-10 15:57:11.728] [odom] [warning] No-IMU errors rot=0.189 +- 0.216 deg, trans=0.027 +- 0.017 m, vel=0.028 +- 0.017 m/s
[2026-07-10 15:57:11.728] [odom] [warning] IMU errors rot=0.069 +- 0.050 deg, trans=0.031 +- 0.019 m, vel=0.078 +- 0.036 m/s
[2026-07-10 15:57:11.728] [odom] [warning] IMU better ratios rot=0.84, trans=0.05, vel=0.10
[2026-07-10 15:57:12.438] [glim] [info] playback speed: 2.691x
[2026-07-10 15:57:13.024] [odom] [warning] IMU prediction is not good.
[2026-07-10 15:57:13.024] [odom] [warning] Possibly T_lidar_imu is not accurate or IMU bias is not well estimated.
[2026-07-10 15:57:13.024] [odom] [warning] IMU validation results:
[2026-07-10 15:57:13.024] [odom] [warning] num_validations=1728
[2026-07-10 15:57:13.024] [odom] [warning] No-IMU errors rot=0.188 +- 0.213 deg, trans=0.028 +- 0.017 m, vel=0.028 +- 0.017 m/s
[2026-07-10 15:57:13.024] [odom] [warning] IMU errors rot=0.069 +- 0.050 deg, trans=0.032 +- 0.019 m, vel=0.080 +- 0.037 m/s
[2026-07-10 15:57:13.024] [odom] [warning] IMU better ratios rot=0.84, trans=0.04, vel=0.09
[2026-07-10 15:57:14.864] [odom] [warning] IMU prediction is not good.
[2026-07-10 15:57:14.864] [odom] [warning] Possibly T_lidar_imu is not accurate or IMU bias is not well estimated.
[2026-07-10 15:57:14.864] [odom] [warning] IMU validation results:
[2026-07-10 15:57:14.864] [odom] [warning] num_validations=1792
[2026-07-10 15:57:14.864] [odom] [warning] No-IMU errors rot=0.185 +- 0.210 deg, trans=0.028 +- 0.017 m, vel=0.028 +- 0.017 m/s
[2026-07-10 15:57:14.864] [odom] [warning] IMU errors rot=0.068 +- 0.050 deg, trans=0.032 +- 0.019 m, vel=0.082 +- 0.038 m/s
[2026-07-10 15:57:14.864] [odom] [warning] IMU better ratios rot=0.84, trans=0.04, vel=0.09
[2026-07-10 15:57:17.440] [glim] [info] playback speed: 2.717x
[2026-07-10 15:57:18.104] [odom] [warning] IMU prediction is not good.
[2026-07-10 15:57:18.104] [odom] [warning] Possibly T_lidar_imu is not accurate or IMU bias is not well estimated.
[2026-07-10 15:57:18.104] [odom] [warning] IMU validation results:
[2026-07-10 15:57:18.104] [odom] [warning] num_validations=1856
[2026-07-10 15:57:18.104] [odom] [warning] No-IMU errors rot=0.182 +- 0.207 deg, trans=0.029 +- 0.017 m, vel=0.028 +- 0.017 m/s
[2026-07-10 15:57:18.104] [odom] [warning] IMU errors rot=0.067 +- 0.050 deg, trans=0.033 +- 0.018 m, vel=0.083 +- 0.038 m/s
[2026-07-10 15:57:18.104] [odom] [warning] IMU better ratios rot=0.84, trans=0.04, vel=0.09
[2026-07-10 15:57:19.491] [odom] [warning] IMU prediction is not good.
[2026-07-10 15:57:19.491] [odom] [warning] Possibly T_lidar_imu is not accurate or IMU bias is not well estimated.
[2026-07-10 15:57:19.491] [odom] [warning] IMU validation results:
[2026-07-10 15:57:19.491] [odom] [warning] num_validations=1920
[2026-07-10 15:57:19.491] [odom] [warning] No-IMU errors rot=0.193 +- 0.233 deg, trans=0.029 +- 0.017 m, vel=0.028 +- 0.016 m/s
[2026-07-10 15:57:19.491] [odom] [warning] IMU errors rot=0.067 +- 0.049 deg, trans=0.033 +- 0.019 m, vel=0.085 +- 0.039 m/s
[2026-07-10 15:57:19.491] [odom] [warning] IMU better ratios rot=0.84, trans=0.04, vel=0.08
[2026-07-10 15:57:22.443] [glim] [info] playback speed: 2.697x
[2026-07-10 15:57:22.824] [odom] [warning] IMU prediction is not good.
[2026-07-10 15:57:22.824] [odom] [warning] Possibly T_lidar_imu is not accurate or IMU bias is not well estimated.
[2026-07-10 15:57:22.824] [odom] [warning] IMU validation results:
[2026-07-10 15:57:22.824] [odom] [warning] num_validations=1984
[2026-07-10 15:57:22.824] [odom] [warning] No-IMU errors rot=0.201 +- 0.248 deg, trans=0.030 +- 0.017 m, vel=0.028 +- 0.017 m/s
[2026-07-10 15:57:22.824] [odom] [warning] IMU errors rot=0.068 +- 0.050 deg, trans=0.034 +- 0.019 m, vel=0.087 +- 0.039 m/s
[2026-07-10 15:57:22.824] [odom] [warning] IMU better ratios rot=0.84, trans=0.04, vel=0.08
[2026-07-10 15:57:25.484] [odom] [warning] IMU prediction is not good.
[2026-07-10 15:57:25.484] [odom] [warning] Possibly T_lidar_imu is not accurate or IMU bias is not well estimated.
[2026-07-10 15:57:25.484] [odom] [warning] IMU validation results:
[2026-07-10 15:57:25.484] [odom] [warning] num_validations=2048
[2026-07-10 15:57:25.484] [odom] [warning] No-IMU errors rot=0.207 +- 0.261 deg, trans=0.030 +- 0.017 m, vel=0.028 +- 0.017 m/s
[2026-07-10 15:57:25.484] [odom] [warning] IMU errors rot=0.069 +- 0.050 deg, trans=0.034 +- 0.019 m, vel=0.088 +- 0.039 m/s
[2026-07-10 15:57:25.484] [odom] [warning] IMU better ratios rot=0.83, trans=0.04, vel=0.08
[2026-07-10 15:57:27.468] [glim] [info] playback speed: 2.705x
[2026-07-10 15:57:27.496] [odom] [warning] IMU prediction is not good.
[2026-07-10 15:57:27.496] [odom] [warning] Possibly T_lidar_imu is not accurate or IMU bias is not well estimated.
[2026-07-10 15:57:27.496] [odom] [warning] IMU validation results:
[2026-07-10 15:57:27.496] [odom] [warning] num_validations=2112
[2026-07-10 15:57:27.496] [odom] [warning] No-IMU errors rot=0.207 +- 0.260 deg, trans=0.031 +- 0.017 m, vel=0.028 +- 0.017 m/s
[2026-07-10 15:57:27.496] [odom] [warning] IMU errors rot=0.068 +- 0.050 deg, trans=0.035 +- 0.018 m, vel=0.089 +- 0.039 m/s
[2026-07-10 15:57:27.496] [odom] [warning] IMU better ratios rot=0.84, trans=0.04, vel=0.08
[2026-07-10 15:57:28.934] [odom] [warning] IMU bias estimation seems inaccurate.
[2026-07-10 15:57:28.934] [odom] [warning] Possibly T_lidar_imu is not accurate or LiDAR-IMU synchronization is not correct.
[2026-07-10 15:57:28.934] [odom] [warning] IMU bias validation results:
[2026-07-10 15:57:28.934] [odom] [warning] num_bias_validations=2496
[2026-07-10 15:57:28.934] [odom] [warning] bias_acc=[-0.517, 0.057, 0.167] m/s^2, bias_gyro=[-0.018, 0.001, 0.001] rad/s
[2026-07-10 15:57:28.934] [odom] [warning] acc_stat ax=-0.217 +- 0.173 [min=-0.517, max=-0.001], ay=-0.033 +- 0.051 [min=-0.121, max=0.057], az=0.080 +- 0.045 [min=0.009, max=0.167] m/s^2
[2026-07-10 15:57:28.934] [odom] [warning] gyro_stat wx=-0.018 +- 0.001 [min=-0.019, max=-0.015], wy=0.001 +- 0.000 [min=0.000, max=0.002], wz=0.001 +- 0.000 [min=0.001, max=0.002] rad/s
[2026-07-10 15:57:29.122] [odom] [warning] IMU prediction is not good.
[2026-07-10 15:57:29.122] [odom] [warning] Possibly T_lidar_imu is not accurate or IMU bias is not well estimated.
[2026-07-10 15:57:29.122] [odom] [warning] IMU validation results:
[2026-07-10 15:57:29.122] [odom] [warning] num_validations=2176
[2026-07-10 15:57:29.122] [odom] [warning] No-IMU errors rot=0.203 +- 0.257 deg, trans=0.031 +- 0.017 m, vel=0.028 +- 0.017 m/s
[2026-07-10 15:57:29.122] [odom] [warning] IMU errors rot=0.067 +- 0.049 deg, trans=0.035 +- 0.018 m, vel=0.090 +- 0.039 m/s
[2026-07-10 15:57:29.122] [odom] [warning] IMU better ratios rot=0.83, trans=0.03, vel=0.07
[2026-07-10 15:57:31.055] [odom] [warning] IMU bias estimation seems inaccurate.
[2026-07-10 15:57:31.055] [odom] [warning] Possibly T_lidar_imu is not accurate or LiDAR-IMU synchronization is not correct.
[2026-07-10 15:57:31.055] [odom] [warning] IMU bias validation results:
[2026-07-10 15:57:31.055] [odom] [warning] num_bias_validations=2560
[2026-07-10 15:57:31.055] [odom] [warning] bias_acc=[-0.535, 0.057, 0.172] m/s^2, bias_gyro=[-0.018, 0.001, 0.001] rad/s
[2026-07-10 15:57:31.055] [odom] [warning] acc_stat ax=-0.225 +- 0.178 [min=-0.535, max=-0.001], ay=-0.031 +- 0.052 [min=-0.121, max=0.057], az=0.083 +- 0.047 [min=0.009, max=0.172] m/s^2
[2026-07-10 15:57:31.055] [odom] [warning] gyro_stat wx=-0.018 +- 0.001 [min=-0.019, max=-0.015], wy=0.001 +- 0.000 [min=0.000, max=0.002], wz=0.001 +- 0.000 [min=0.001, max=0.002] rad/s
[2026-07-10 15:57:31.986] [odom] [warning] IMU prediction is not good.
[2026-07-10 15:57:31.986] [odom] [warning] Possibly T_lidar_imu is not accurate or IMU bias is not well estimated.
[2026-07-10 15:57:31.986] [odom] [warning] IMU validation results:
[2026-07-10 15:57:31.986] [odom] [warning] num_validations=2240
[2026-07-10 15:57:31.986] [odom] [warning] No-IMU errors rot=0.200 +- 0.254 deg, trans=0.031 +- 0.016 m, vel=0.027 +- 0.017 m/s
[2026-07-10 15:57:31.986] [odom] [warning] IMU errors rot=0.067 +- 0.049 deg, trans=0.035 +- 0.018 m, vel=0.091 +- 0.039 m/s
[2026-07-10 15:57:31.986] [odom] [warning] IMU better ratios rot=0.83, trans=0.03, vel=0.07
[2026-07-10 15:57:32.475] [glim] [info] playback speed: 2.796x
[2026-07-10 15:57:33.187] [odom] [warning] IMU bias estimation seems inaccurate.
[2026-07-10 15:57:33.187] [odom] [warning] Possibly T_lidar_imu is not accurate or LiDAR-IMU synchronization is not correct.
[2026-07-10 15:57:33.187] [odom] [warning] IMU bias validation results:
[2026-07-10 15:57:33.187] [odom] [warning] num_bias_validations=2624
[2026-07-10 15:57:33.187] [odom] [warning] bias_acc=[-0.552, 0.060, 0.177] m/s^2, bias_gyro=[-0.018, 0.001, 0.001] rad/s
[2026-07-10 15:57:33.187] [odom] [warning] acc_stat ax=-0.233 +- 0.183 [min=-0.552, max=-0.001], ay=-0.029 +- 0.054 [min=-0.121, max=0.060], az=0.085 +- 0.049 [min=0.009, max=0.177] m/s^2
[2026-07-10 15:57:33.187] [odom] [warning] gyro_stat wx=-0.018 +- 0.001 [min=-0.019, max=-0.015], wy=0.001 +- 0.000 [min=0.000, max=0.002], wz=0.001 +- 0.000 [min=0.001, max=0.002] rad/s
[2026-07-10 15:57:33.384] [odom] [warning] IMU prediction is not good.
[2026-07-10 15:57:33.384] [odom] [warning] Possibly T_lidar_imu is not accurate or IMU bias is not well estimated.
[2026-07-10 15:57:33.384] [odom] [warning] IMU validation results:
[2026-07-10 15:57:33.384] [odom] [warning] num_validations=2304
[2026-07-10 15:57:33.384] [odom] [warning] No-IMU errors rot=0.197 +- 0.251 deg, trans=0.031 +- 0.016 m, vel=0.027 +- 0.017 m/s
[2026-07-10 15:57:33.384] [odom] [warning] IMU errors rot=0.066 +- 0.049 deg, trans=0.036 +- 0.018 m, vel=0.092 +- 0.039 m/s
[2026-07-10 15:57:33.384] [odom] [warning] IMU better ratios rot=0.83, trans=0.03, vel=0.07
[2026-07-10 15:57:35.351] [odom] [warning] IMU bias estimation seems inaccurate.
[2026-07-10 15:57:35.351] [odom] [warning] Possibly T_lidar_imu is not accurate or LiDAR-IMU synchronization is not correct.
[2026-07-10 15:57:35.351] [odom] [warning] IMU bias validation results:
[2026-07-10 15:57:35.351] [odom] [warning] num_bias_validations=2688
[2026-07-10 15:57:35.351] [odom] [warning] bias_acc=[-0.570, 0.063, 0.182] m/s^2, bias_gyro=[-0.018, 0.001, 0.001] rad/s
[2026-07-10 15:57:35.351] [odom] [warning] acc_stat ax=-0.241 +- 0.188 [min=-0.570, max=-0.001], ay=-0.027 +- 0.055 [min=-0.121, max=0.063], az=0.087 +- 0.050 [min=0.009, max=0.182] m/s^2
[2026-07-10 15:57:35.351] [odom] [warning] gyro_stat wx=-0.018 +- 0.001 [min=-0.019, max=-0.015], wy=0.001 +- 0.000 [min=0.000, max=0.002], wz=0.001 +- 0.000 [min=0.001, max=0.002] rad/s
[2026-07-10 15:57:35.542] [odom] [warning] IMU prediction is not good.
[2026-07-10 15:57:35.542] [odom] [warning] Possibly T_lidar_imu is not accurate or IMU bias is not well estimated.
[2026-07-10 15:57:35.542] [odom] [warning] IMU validation results:
[2026-07-10 15:57:35.542] [odom] [warning] num_validations=2368
[2026-07-10 15:57:35.542] [odom] [warning] No-IMU errors rot=0.200 +- 0.252 deg, trans=0.031 +- 0.016 m, vel=0.027 +- 0.017 m/s
[2026-07-10 15:57:35.542] [odom] [warning] IMU errors rot=0.066 +- 0.048 deg, trans=0.036 +- 0.018 m, vel=0.093 +- 0.039 m/s
[2026-07-10 15:57:35.542] [odom] [warning] IMU better ratios rot=0.83, trans=0.03, vel=0.07
[2026-07-10 15:57:36.681] [odom] [warning] IMU bias estimation seems inaccurate.
[2026-07-10 15:57:36.681] [odom] [warning] Possibly T_lidar_imu is not accurate or LiDAR-IMU synchronization is not correct.
[2026-07-10 15:57:36.681] [odom] [warning] IMU bias validation results:
[2026-07-10 15:57:36.681] [odom] [warning] num_bias_validations=2752
[2026-07-10 15:57:36.681] [odom] [warning] bias_acc=[-0.583, 0.082, 0.188] m/s^2, bias_gyro=[-0.017, 0.001, 0.001] rad/s
[2026-07-10 15:57:36.681] [odom] [warning] acc_stat ax=-0.249 +- 0.193 [min=-0.583, max=-0.001], ay=-0.024 +- 0.057 [min=-0.121, max=0.082], az=0.090 +- 0.052 [min=0.009, max=0.188] m/s^2
[2026-07-10 15:57:36.681] [odom] [warning] gyro_stat wx=-0.018 +- 0.001 [min=-0.019, max=-0.015], wy=0.001 +- 0.000 [min=0.000, max=0.002], wz=0.001 +- 0.000 [min=0.001, max=0.002] rad/s
[2026-07-10 15:57:37.175] [odom] [warning] IMU prediction is not good.
[2026-07-10 15:57:37.175] [odom] [warning] Possibly T_lidar_imu is not accurate or IMU bias is not well estimated.
[2026-07-10 15:57:37.175] [odom] [warning] IMU validation results:
[2026-07-10 15:57:37.175] [odom] [warning] num_validations=2432
[2026-07-10 15:57:37.175] [odom] [warning] No-IMU errors rot=0.202 +- 0.250 deg, trans=0.032 +- 0.016 m, vel=0.027 +- 0.017 m/s
[2026-07-10 15:57:37.175] [odom] [warning] IMU errors rot=0.065 +- 0.048 deg, trans=0.036 +- 0.018 m, vel=0.095 +- 0.040 m/s
[2026-07-10 15:57:37.175] [odom] [warning] IMU better ratios rot=0.84, trans=0.03, vel=0.07
[2026-07-10 15:57:37.480] [glim] [info] playback speed: 3.851x
[2026-07-10 15:57:38.949] [odom] [warning] IMU bias estimation seems inaccurate.
[2026-07-10 15:57:38.949] [odom] [warning] Possibly T_lidar_imu is not accurate or LiDAR-IMU synchronization is not correct.
[2026-07-10 15:57:38.949] [odom] [warning] IMU bias validation results:
[2026-07-10 15:57:38.949] [odom] [warning] num_bias_validations=2816
[2026-07-10 15:57:38.949] [odom] [warning] bias_acc=[-0.593, 0.116, 0.195] m/s^2, bias_gyro=[-0.017, 0.001, 0.001] rad/s
[2026-07-10 15:57:38.949] [odom] [warning] acc_stat ax=-0.257 +- 0.198 [min=-0.593, max=-0.001], ay=-0.021 +- 0.060 [min=-0.121, max=0.116], az=0.092 +- 0.054 [min=0.009, max=0.195] m/s^2
[2026-07-10 15:57:38.949] [odom] [warning] gyro_stat wx=-0.018 +- 0.001 [min=-0.019, max=-0.015], wy=0.001 +- 0.000 [min=0.000, max=0.002], wz=0.001 +- 0.000 [min=0.001, max=0.002] rad/s
[2026-07-10 15:57:39.887] [odom] [warning] IMU prediction is not good.
[2026-07-10 15:57:39.887] [odom] [warning] Possibly T_lidar_imu is not accurate or IMU bias is not well estimated.
[2026-07-10 15:57:39.887] [odom] [warning] IMU validation results:
[2026-07-10 15:57:39.887] [odom] [warning] num_validations=2496
[2026-07-10 15:57:39.887] [odom] [warning] No-IMU errors rot=0.210 +- 0.255 deg, trans=0.033 +- 0.016 m, vel=0.027 +- 0.017 m/s
[2026-07-10 15:57:39.887] [odom] [warning] IMU errors rot=0.065 +- 0.048 deg, trans=0.037 +- 0.018 m, vel=0.098 +- 0.043 m/s
[2026-07-10 15:57:39.887] [odom] [warning] IMU better ratios rot=0.84, trans=0.03, vel=0.06
[2026-07-10 15:57:41.688] [odom] [warning] IMU bias estimation seems inaccurate.
[2026-07-10 15:57:41.688] [odom] [warning] Possibly T_lidar_imu is not accurate or LiDAR-IMU synchronization is not correct.
[2026-07-10 15:57:41.688] [odom] [warning] IMU bias validation results:
[2026-07-10 15:57:41.688] [odom] [warning] num_bias_validations=2880
[2026-07-10 15:57:41.688] [odom] [warning] bias_acc=[-0.585, 0.159, 0.200] m/s^2, bias_gyro=[-0.017, 0.001, 0.001] rad/s
[2026-07-10 15:57:41.688] [odom] [warning] acc_stat ax=-0.264 +- 0.201 [min=-0.593, max=-0.001], ay=-0.017 +- 0.065 [min=-0.121, max=0.159], az=0.094 +- 0.055 [min=0.009, max=0.200] m/s^2
[2026-07-10 15:57:41.688] [odom] [warning] gyro_stat wx=-0.018 +- 0.001 [min=-0.019, max=-0.015], wy=0.001 +- 0.000 [min=0.000, max=0.002], wz=0.001 +- 0.000 [min=0.001, max=0.002] rad/s
[2026-07-10 15:57:42.528] [glim] [info] playback speed: 2.371x
[2026-07-10 15:57:42.704] [odom] [warning] IMU prediction is not good.
[2026-07-10 15:57:42.704] [odom] [warning] Possibly T_lidar_imu is not accurate or IMU bias is not well estimated.
[2026-07-10 15:57:42.704] [odom] [warning] IMU validation results:
[2026-07-10 15:57:42.704] [odom] [warning] num_validations=2560
[2026-07-10 15:57:42.704] [odom] [warning] No-IMU errors rot=0.208 +- 0.252 deg, trans=0.033 +- 0.017 m, vel=0.027 +- 0.017 m/s
[2026-07-10 15:57:42.704] [odom] [warning] IMU errors rot=0.064 +- 0.048 deg, trans=0.038 +- 0.019 m, vel=0.101 +- 0.046 m/s
[2026-07-10 15:57:42.704] [odom] [warning] IMU better ratios rot=0.84, trans=0.03, vel=0.06
[2026-07-10 15:57:44.484] [odom] [warning] IMU bias estimation seems inaccurate.
[2026-07-10 15:57:44.484] [odom] [warning] Possibly T_lidar_imu is not accurate or LiDAR-IMU synchronization is not correct.
[2026-07-10 15:57:44.484] [odom] [warning] IMU bias validation results:
[2026-07-10 15:57:44.484] [odom] [warning] num_bias_validations=2944
[2026-07-10 15:57:44.484] [odom] [warning] bias_acc=[-0.581, 0.200, 0.205] m/s^2, bias_gyro=[-0.017, 0.001, 0.001] rad/s
[2026-07-10 15:57:44.484] [odom] [warning] acc_stat ax=-0.271 +- 0.204 [min=-0.593, max=-0.001], ay=-0.012 +- 0.071 [min=-0.121, max=0.200], az=0.097 +- 0.057 [min=0.009, max=0.205] m/s^2
[2026-07-10 15:57:44.484] [odom] [warning] gyro_stat wx=-0.018 +- 0.001 [min=-0.019, max=-0.015], wy=0.001 +- 0.000 [min=0.000, max=0.002], wz=0.001 +- 0.000 [min=0.001, max=0.002] rad/s
[2026-07-10 15:57:45.494] [odom] [warning] IMU prediction is not good.
[2026-07-10 15:57:45.494] [odom] [warning] Possibly T_lidar_imu is not accurate or IMU bias is not well estimated.
[2026-07-10 15:57:45.494] [odom] [warning] IMU validation results:
[2026-07-10 15:57:45.494] [odom] [warning] num_validations=2624
[2026-07-10 15:57:45.494] [odom] [warning] No-IMU errors rot=0.204 +- 0.250 deg, trans=0.034 +- 0.017 m, vel=0.026 +- 0.017 m/s
[2026-07-10 15:57:45.494] [odom] [warning] IMU errors rot=0.063 +- 0.047 deg, trans=0.039 +- 0.019 m, vel=0.103 +- 0.049 m/s
[2026-07-10 15:57:45.494] [odom] [warning] IMU better ratios rot=0.84, trans=0.03, vel=0.06
[2026-07-10 15:57:47.537] [glim] [info] playback speed: 2.106x
[2026-07-10 15:57:48.070] [odom] [warning] IMU bias estimation seems inaccurate.
[2026-07-10 15:57:48.070] [odom] [warning] Possibly T_lidar_imu is not accurate or LiDAR-IMU synchronization is not correct.
[2026-07-10 15:57:48.070] [odom] [warning] IMU bias validation results:
[2026-07-10 15:57:48.070] [odom] [warning] num_bias_validations=3008
[2026-07-10 15:57:48.070] [odom] [warning] bias_acc=[-0.577, 0.240, 0.211] m/s^2, bias_gyro=[-0.017, 0.001, 0.001] rad/s
[2026-07-10 15:57:48.070] [odom] [warning] acc_stat ax=-0.277 +- 0.207 [min=-0.593, max=-0.001], ay=-0.007 +- 0.080 [min=-0.121, max=0.240], az=0.099 +- 0.059 [min=0.009, max=0.211] m/s^2
[2026-07-10 15:57:48.070] [odom] [warning] gyro_stat wx=-0.018 +- 0.001 [min=-0.019, max=-0.015], wy=0.001 +- 0.000 [min=0.000, max=0.002], wz=0.001 +- 0.000 [min=0.001, max=0.002] rad/s
[2026-07-10 15:57:49.059] [odom] [warning] IMU prediction is not good.
[2026-07-10 15:57:49.059] [odom] [warning] Possibly T_lidar_imu is not accurate or IMU bias is not well estimated.
[2026-07-10 15:57:49.059] [odom] [warning] IMU validation results:
[2026-07-10 15:57:49.059] [odom] [warning] num_validations=2688
[2026-07-10 15:57:49.059] [odom] [warning] No-IMU errors rot=0.202 +- 0.248 deg, trans=0.034 +- 0.017 m, vel=0.026 +- 0.016 m/s
[2026-07-10 15:57:49.059] [odom] [warning] IMU errors rot=0.062 +- 0.047 deg, trans=0.039 +- 0.019 m, vel=0.106 +- 0.051 m/s
[2026-07-10 15:57:49.059] [odom] [warning] IMU better ratios rot=0.84, trans=0.03, vel=0.06
[2026-07-10 15:57:50.165] [odom] [warning] IMU bias estimation seems inaccurate.
[2026-07-10 15:57:50.165] [odom] [warning] Possibly T_lidar_imu is not accurate or LiDAR-IMU synchronization is not correct.
[2026-07-10 15:57:50.165] [odom] [warning] IMU bias validation results:
[2026-07-10 15:57:50.165] [odom] [warning] num_bias_validations=3072
[2026-07-10 15:57:50.165] [odom] [warning] bias_acc=[-0.573, 0.277, 0.216] m/s^2, bias_gyro=[-0.017, 0.001, 0.001] rad/s
[2026-07-10 15:57:50.165] [odom] [warning] acc_stat ax=-0.284 +- 0.209 [min=-0.593, max=-0.001], ay=-0.001 +- 0.089 [min=-0.121, max=0.277], az=0.102 +- 0.061 [min=0.009, max=0.216] m/s^2
[2026-07-10 15:57:50.165] [odom] [warning] gyro_stat wx=-0.018 +- 0.001 [min=-0.019, max=-0.015], wy=0.001 +- 0.000 [min=0.000, max=0.002], wz=0.001 +- 0.000 [min=0.001, max=0.002] rad/s
[2026-07-10 15:57:50.472] [odom] [warning] IMU prediction is not good.
[2026-07-10 15:57:50.472] [odom] [warning] Possibly T_lidar_imu is not accurate or IMU bias is not well estimated.
[2026-07-10 15:57:50.472] [odom] [warning] IMU validation results:
[2026-07-10 15:57:50.472] [odom] [warning] num_validations=2752
[2026-07-10 15:57:50.472] [odom] [warning] No-IMU errors rot=0.201 +- 0.246 deg, trans=0.035 +- 0.017 m, vel=0.026 +- 0.016 m/s
[2026-07-10 15:57:50.472] [odom] [warning] IMU errors rot=0.062 +- 0.047 deg, trans=0.040 +- 0.019 m, vel=0.108 +- 0.052 m/s
[2026-07-10 15:57:50.472] [odom] [warning] IMU better ratios rot=0.85, trans=0.03, vel=0.06
[2026-07-10 15:57:52.555] [glim] [info] playback speed: 2.729x
[2026-07-10 15:57:52.663] [odom] [warning] IMU bias estimation seems inaccurate.
[2026-07-10 15:57:52.663] [odom] [warning] Possibly T_lidar_imu is not accurate or LiDAR-IMU synchronization is not correct.
[2026-07-10 15:57:52.663] [odom] [warning] IMU bias validation results:
[2026-07-10 15:57:52.663] [odom] [warning] num_bias_validations=3136
[2026-07-10 15:57:52.663] [odom] [warning] bias_acc=[-0.570, 0.313, 0.220] m/s^2, bias_gyro=[-0.018, 0.001, 0.001] rad/s
[2026-07-10 15:57:52.663] [odom] [warning] acc_stat ax=-0.289 +- 0.211 [min=-0.593, max=-0.001], ay=0.005 +- 0.098 [min=-0.121, max=0.313], az=0.104 +- 0.062 [min=0.009, max=0.220] m/s^2
[2026-07-10 15:57:52.663] [odom] [warning] gyro_stat wx=-0.018 +- 0.001 [min=-0.019, max=-0.015], wy=0.001 +- 0.000 [min=0.000, max=0.002], wz=0.001 +- 0.000 [min=0.001, max=0.002] rad/s
[2026-07-10 15:57:53.069] [odom] [warning] IMU prediction is not good.
[2026-07-10 15:57:53.069] [odom] [warning] Possibly T_lidar_imu is not accurate or IMU bias is not well estimated.
[2026-07-10 15:57:53.069] [odom] [warning] IMU validation results:
[2026-07-10 15:57:53.069] [odom] [warning] num_validations=2816
[2026-07-10 15:57:53.069] [odom] [warning] No-IMU errors rot=0.199 +- 0.244 deg, trans=0.035 +- 0.017 m, vel=0.026 +- 0.016 m/s
[2026-07-10 15:57:53.069] [odom] [warning] IMU errors rot=0.061 +- 0.047 deg, trans=0.040 +- 0.019 m, vel=0.110 +- 0.053 m/s
[2026-07-10 15:57:53.069] [odom] [warning] IMU better ratios rot=0.85, trans=0.03, vel=0.06
[2026-07-10 15:57:53.938] [odom] [warning] IMU bias estimation seems inaccurate.
[2026-07-10 15:57:53.938] [odom] [warning] Possibly T_lidar_imu is not accurate or LiDAR-IMU synchronization is not correct.
[2026-07-10 15:57:53.938] [odom] [warning] IMU bias validation results:
[2026-07-10 15:57:53.938] [odom] [warning] num_bias_validations=3200
[2026-07-10 15:57:53.938] [odom] [warning] bias_acc=[-0.567, 0.347, 0.225] m/s^2, bias_gyro=[-0.018, 0.001, 0.001] rad/s
[2026-07-10 15:57:53.938] [odom] [warning] acc_stat ax=-0.295 +- 0.212 [min=-0.593, max=-0.001], ay=0.012 +- 0.108 [min=-0.121, max=0.347], az=0.106 +- 0.064 [min=0.009, max=0.225] m/s^2
[2026-07-10 15:57:53.938] [odom] [warning] gyro_stat wx=-0.018 +- 0.001 [min=-0.019, max=-0.015], wy=0.001 +- 0.000 [min=0.000, max=0.002], wz=0.001 +- 0.000 [min=0.001, max=0.002] rad/s
[2026-07-10 15:57:54.794] [odom] [warning] IMU prediction is not good.
[2026-07-10 15:57:54.794] [odom] [warning] Possibly T_lidar_imu is not accurate or IMU bias is not well estimated.
[2026-07-10 15:57:54.794] [odom] [warning] IMU validation results:
[2026-07-10 15:57:54.794] [odom] [warning] num_validations=2880
[2026-07-10 15:57:54.794] [odom] [warning] No-IMU errors rot=0.197 +- 0.242 deg, trans=0.035 +- 0.017 m, vel=0.026 +- 0.016 m/s
[2026-07-10 15:57:54.794] [odom] [warning] IMU errors rot=0.060 +- 0.046 deg, trans=0.041 +- 0.019 m, vel=0.112 +- 0.054 m/s
[2026-07-10 15:57:54.794] [odom] [warning] IMU better ratios rot=0.85, trans=0.03, vel=0.06
[2026-07-10 15:57:57.046] [odom] [warning] IMU bias estimation seems inaccurate.
[2026-07-10 15:57:57.046] [odom] [warning] Possibly T_lidar_imu is not accurate or LiDAR-IMU synchronization is not correct.
[2026-07-10 15:57:57.046] [odom] [warning] IMU bias validation results:
[2026-07-10 15:57:57.046] [odom] [warning] num_bias_validations=3264
[2026-07-10 15:57:57.046] [odom] [warning] bias_acc=[-0.563, 0.381, 0.230] m/s^2, bias_gyro=[-0.018, 0.001, 0.001] rad/s
[2026-07-10 15:57:57.046] [odom] [warning] acc_stat ax=-0.300 +- 0.214 [min=-0.593, max=-0.001], ay=0.019 +- 0.119 [min=-0.121, max=0.381], az=0.109 +- 0.066 [min=0.009, max=0.230] m/s^2
[2026-07-10 15:57:57.046] [odom] [warning] gyro_stat wx=-0.018 +- 0.001 [min=-0.019, max=-0.015], wy=0.001 +- 0.000 [min=0.000, max=0.002], wz=0.001 +- 0.000 [min=0.001, max=0.002] rad/s
[2026-07-10 15:57:57.197] [odom] [warning] IMU prediction is not good.
[2026-07-10 15:57:57.197] [odom] [warning] Possibly T_lidar_imu is not accurate or IMU bias is not well estimated.
[2026-07-10 15:57:57.197] [odom] [warning] IMU validation results:
[2026-07-10 15:57:57.197] [odom] [warning] num_validations=2944
[2026-07-10 15:57:57.197] [odom] [warning] No-IMU errors rot=0.196 +- 0.240 deg, trans=0.036 +- 0.017 m, vel=0.025 +- 0.016 m/s
[2026-07-10 15:57:57.197] [odom] [warning] IMU errors rot=0.060 +- 0.046 deg, trans=0.041 +- 0.019 m, vel=0.113 +- 0.054 m/s
[2026-07-10 15:57:57.197] [odom] [warning] IMU better ratios rot=0.85, trans=0.03, vel=0.06
[2026-07-10 15:57:57.556] [glim] [info] playback speed: 3.428x
[2026-07-10 15:57:58.322] [odom] [warning] IMU bias estimation seems inaccurate.
[2026-07-10 15:57:58.322] [odom] [warning] Possibly T_lidar_imu is not accurate or LiDAR-IMU synchronization is not correct.
[2026-07-10 15:57:58.322] [odom] [warning] IMU bias validation results:
[2026-07-10 15:57:58.322] [odom] [warning] num_bias_validations=3328
[2026-07-10 15:57:58.322] [odom] [warning] bias_acc=[-0.560, 0.413, 0.234] m/s^2, bias_gyro=[-0.018, 0.001, 0.001] rad/s
[2026-07-10 15:57:58.322] [odom] [warning] acc_stat ax=-0.305 +- 0.214 [min=-0.593, max=-0.001], ay=0.027 +- 0.130 [min=-0.121, max=0.413], az=0.111 +- 0.067 [min=0.009, max=0.234] m/s^2
[2026-07-10 15:57:58.322] [odom] [warning] gyro_stat wx=-0.018 +- 0.001 [min=-0.019, max=-0.015], wy=0.001 +- 0.000 [min=0.000, max=0.002], wz=0.001 +- 0.000 [min=0.001, max=0.002] rad/s
[2026-07-10 15:57:59.246] [odom] [warning] IMU prediction is not good.
[2026-07-10 15:57:59.246] [odom] [warning] Possibly T_lidar_imu is not accurate or IMU bias is not well estimated.
[2026-07-10 15:57:59.246] [odom] [warning] IMU validation results:
[2026-07-10 15:57:59.246] [odom] [warning] num_validations=3008
[2026-07-10 15:57:59.246] [odom] [warning] No-IMU errors rot=0.195 +- 0.239 deg, trans=0.036 +- 0.017 m, vel=0.025 +- 0.016 m/s
[2026-07-10 15:57:59.246] [odom] [warning] IMU errors rot=0.059 +- 0.046 deg, trans=0.041 +- 0.019 m, vel=0.115 +- 0.055 m/s
[2026-07-10 15:57:59.246] [odom] [warning] IMU better ratios rot=0.85, trans=0.03, vel=0.05
[2026-07-10 15:58:00.383] [odom] [warning] IMU bias estimation seems inaccurate.
[2026-07-10 15:58:00.383] [odom] [warning] Possibly T_lidar_imu is not accurate or LiDAR-IMU synchronization is not correct.
[2026-07-10 15:58:00.383] [odom] [warning] IMU bias validation results:
[2026-07-10 15:58:00.383] [odom] [warning] num_bias_validations=3392
[2026-07-10 15:58:00.383] [odom] [warning] bias_acc=[-0.556, 0.445, 0.238] m/s^2, bias_gyro=[-0.018, 0.001, 0.001] rad/s
[2026-07-10 15:58:00.383] [odom] [warning] acc_stat ax=-0.310 +- 0.215 [min=-0.593, max=-0.001], ay=0.035 +- 0.140 [min=-0.121, max=0.445], az=0.114 +- 0.069 [min=0.009, max=0.238] m/s^2
[2026-07-10 15:58:00.383] [odom] [warning] gyro_stat wx=-0.018 +- 0.001 [min=-0.019, max=-0.015], wy=0.001 +- 0.000 [min=0.000, max=0.002], wz=0.001 +- 0.000 [min=0.001, max=0.002] rad/s
[2026-07-10 15:58:00.564] [odom] [warning] IMU prediction is not good.
[2026-07-10 15:58:00.564] [odom] [warning] Possibly T_lidar_imu is not accurate or IMU bias is not well estimated.
[2026-07-10 15:58:00.564] [odom] [warning] IMU validation results:
[2026-07-10 15:58:00.564] [odom] [warning] num_validations=3072
[2026-07-10 15:58:00.564] [odom] [warning] No-IMU errors rot=0.193 +- 0.237 deg, trans=0.036 +- 0.017 m, vel=0.025 +- 0.016 m/s
[2026-07-10 15:58:00.564] [odom] [warning] IMU errors rot=0.059 +- 0.045 deg, trans=0.042 +- 0.019 m, vel=0.116 +- 0.055 m/s
[2026-07-10 15:58:00.564] [odom] [warning] IMU better ratios rot=0.85, trans=0.02, vel=0.05
[2026-07-10 15:58:02.546] [odom] [warning] IMU bias estimation seems inaccurate.
[2026-07-10 15:58:02.546] [odom] [warning] Possibly T_lidar_imu is not accurate or LiDAR-IMU synchronization is not correct.
[2026-07-10 15:58:02.546] [odom] [warning] IMU bias validation results:
[2026-07-10 15:58:02.546] [odom] [warning] num_bias_validations=3456
[2026-07-10 15:58:02.546] [odom] [warning] bias_acc=[-0.553, 0.476, 0.243] m/s^2, bias_gyro=[-0.018, 0.001, 0.001] rad/s
[2026-07-10 15:58:02.546] [odom] [warning] acc_stat ax=-0.314 +- 0.216 [min=-0.593, max=-0.001], ay=0.043 +- 0.151 [min=-0.121, max=0.476], az=0.116 +- 0.070 [min=0.009, max=0.243] m/s^2
[2026-07-10 15:58:02.546] [odom] [warning] gyro_stat wx=-0.018 +- 0.001 [min=-0.019, max=-0.015], wy=0.001 +- 0.000 [min=0.000, max=0.002], wz=0.001 +- 0.000 [min=0.001, max=0.002] rad/s
[2026-07-10 15:58:02.581] [glim] [info] playback speed: 3.089x
[2026-07-10 15:58:03.201] [odom] [warning] IMU prediction is not good.
[2026-07-10 15:58:03.201] [odom] [warning] Possibly T_lidar_imu is not accurate or IMU bias is not well estimated.
[2026-07-10 15:58:03.201] [odom] [warning] IMU validation results:
[2026-07-10 15:58:03.201] [odom] [warning] num_validations=3136
[2026-07-10 15:58:03.201] [odom] [warning] No-IMU errors rot=0.192 +- 0.235 deg, trans=0.036 +- 0.016 m, vel=0.025 +- 0.016 m/s
[2026-07-10 15:58:03.201] [odom] [warning] IMU errors rot=0.058 +- 0.045 deg, trans=0.042 +- 0.019 m, vel=0.118 +- 0.056 m/s
[2026-07-10 15:58:03.201] [odom] [warning] IMU better ratios rot=0.86, trans=0.02, vel=0.05
[2026-07-10 15:58:03.765] [odom] [warning] IMU bias estimation seems inaccurate.
[2026-07-10 15:58:03.765] [odom] [warning] Possibly T_lidar_imu is not accurate or LiDAR-IMU synchronization is not correct.
[2026-07-10 15:58:03.765] [odom] [warning] IMU bias validation results:
[2026-07-10 15:58:03.765] [odom] [warning] num_bias_validations=3520
[2026-07-10 15:58:03.765] [odom] [warning] bias_acc=[-0.548, 0.507, 0.246] m/s^2, bias_gyro=[-0.018, 0.001, 0.001] rad/s
[2026-07-10 15:58:03.765] [odom] [warning] acc_stat ax=-0.319 +- 0.216 [min=-0.593, max=-0.001], ay=0.052 +- 0.162 [min=-0.121, max=0.507], az=0.118 +- 0.072 [min=0.009, max=0.246] m/s^2
[2026-07-10 15:58:03.765] [odom] [warning] gyro_stat wx=-0.018 +- 0.001 [min=-0.019, max=-0.015], wy=0.001 +- 0.000 [min=0.000, max=0.002], wz=0.001 +- 0.000 [min=0.001, max=0.002] rad/s
[2026-07-10 15:58:04.488] [odom] [warning] IMU prediction is not good.
[2026-07-10 15:58:04.488] [odom] [warning] Possibly T_lidar_imu is not accurate or IMU bias is not well estimated.
[2026-07-10 15:58:04.488] [odom] [warning] IMU validation results:
[2026-07-10 15:58:04.488] [odom] [warning] num_validations=3200
[2026-07-10 15:58:04.488] [odom] [warning] No-IMU errors rot=0.190 +- 0.233 deg, trans=0.036 +- 0.016 m, vel=0.025 +- 0.016 m/s
[2026-07-10 15:58:04.488] [odom] [warning] IMU errors rot=0.058 +- 0.045 deg, trans=0.042 +- 0.019 m, vel=0.119 +- 0.056 m/s
[2026-07-10 15:58:04.488] [odom] [warning] IMU better ratios rot=0.86, trans=0.02, vel=0.05
[2026-07-10 15:58:05.896] [odom] [warning] IMU bias estimation seems inaccurate.
[2026-07-10 15:58:05.896] [odom] [warning] Possibly T_lidar_imu is not accurate or LiDAR-IMU synchronization is not correct.
[2026-07-10 15:58:05.896] [odom] [warning] IMU bias validation results:
[2026-07-10 15:58:05.896] [odom] [warning] num_bias_validations=3584
[2026-07-10 15:58:05.896] [odom] [warning] bias_acc=[-0.545, 0.535, 0.250] m/s^2, bias_gyro=[-0.018, 0.001, 0.001] rad/s
[2026-07-10 15:58:05.896] [odom] [warning] acc_stat ax=-0.323 +- 0.216 [min=-0.593, max=-0.001], ay=0.060 +- 0.173 [min=-0.121, max=0.535], az=0.121 +- 0.073 [min=0.009, max=0.250] m/s^2
[2026-07-10 15:58:05.896] [odom] [warning] gyro_stat wx=-0.018 +- 0.001 [min=-0.019, max=-0.015], wy=0.001 +- 0.000 [min=0.000, max=0.002], wz=0.001 +- 0.000 [min=0.001, max=0.002] rad/s
[2026-07-10 15:58:06.579] [odom] [warning] IMU prediction is not good.
[2026-07-10 15:58:06.579] [odom] [warning] Possibly T_lidar_imu is not accurate or IMU bias is not well estimated.
[2026-07-10 15:58:06.579] [odom] [warning] IMU validation results:
[2026-07-10 15:58:06.579] [odom] [warning] num_validations=3264
[2026-07-10 15:58:06.579] [odom] [warning] No-IMU errors rot=0.188 +- 0.232 deg, trans=0.036 +- 0.016 m, vel=0.025 +- 0.016 m/s
[2026-07-10 15:58:06.579] [odom] [warning] IMU errors rot=0.057 +- 0.045 deg, trans=0.042 +- 0.019 m, vel=0.120 +- 0.056 m/s
[2026-07-10 15:58:06.579] [odom] [warning] IMU better ratios rot=0.86, trans=0.02, vel=0.05
[2026-07-10 15:58:07.583] [glim] [info] playback speed: 3.346x
[2026-07-10 15:58:08.056] [odom] [warning] IMU bias estimation seems inaccurate.
[2026-07-10 15:58:08.056] [odom] [warning] Possibly T_lidar_imu is not accurate or LiDAR-IMU synchronization is not correct.
[2026-07-10 15:58:08.056] [odom] [warning] IMU bias validation results:
[2026-07-10 15:58:08.056] [odom] [warning] num_bias_validations=3648
[2026-07-10 15:58:08.056] [odom] [warning] bias_acc=[-0.540, 0.562, 0.253] m/s^2, bias_gyro=[-0.018, 0.001, 0.001] rad/s
[2026-07-10 15:58:08.056] [odom] [warning] acc_stat ax=-0.327 +- 0.216 [min=-0.593, max=-0.001], ay=0.069 +- 0.184 [min=-0.121, max=0.562], az=0.123 +- 0.075 [min=0.009, max=0.253] m/s^2
[2026-07-10 15:58:08.056] [odom] [warning] gyro_stat wx=-0.018 +- 0.001 [min=-0.019, max=-0.015], wy=0.001 +- 0.000 [min=0.000, max=0.002], wz=0.001 +- 0.000 [min=0.001, max=0.002] rad/s
[2026-07-10 15:58:08.536] [odom] [warning] IMU prediction is not good.
[2026-07-10 15:58:08.536] [odom] [warning] Possibly T_lidar_imu is not accurate or IMU bias is not well estimated.
[2026-07-10 15:58:08.536] [odom] [warning] IMU validation results:
[2026-07-10 15:58:08.536] [odom] [warning] num_validations=3328
[2026-07-10 15:58:08.536] [odom] [warning] No-IMU errors rot=0.187 +- 0.230 deg, trans=0.036 +- 0.016 m, vel=0.024 +- 0.016 m/s
[2026-07-10 15:58:08.536] [odom] [warning] IMU errors rot=0.057 +- 0.045 deg, trans=0.042 +- 0.018 m, vel=0.121 +- 0.056 m/s
[2026-07-10 15:58:08.536] [odom] [warning] IMU better ratios rot=0.86, trans=0.02, vel=0.05
[2026-07-10 15:58:10.373] [odom] [warning] IMU bias estimation seems inaccurate.
[2026-07-10 15:58:10.373] [odom] [warning] Possibly T_lidar_imu is not accurate or LiDAR-IMU synchronization is not correct.
[2026-07-10 15:58:10.373] [odom] [warning] IMU bias validation results:
[2026-07-10 15:58:10.373] [odom] [warning] num_bias_validations=3712
[2026-07-10 15:58:10.373] [odom] [warning] bias_acc=[-0.533, 0.591, 0.257] m/s^2, bias_gyro=[-0.018, 0.001, 0.001] rad/s
[2026-07-10 15:58:10.373] [odom] [warning] acc_stat ax=-0.330 +- 0.216 [min=-0.593, max=-0.001], ay=0.078 +- 0.194 [min=-0.121, max=0.591], az=0.125 +- 0.076 [min=0.009, max=0.257] m/s^2
[2026-07-10 15:58:10.373] [odom] [warning] gyro_stat wx=-0.018 +- 0.001 [min=-0.019, max=-0.015], wy=0.001 +- 0.000 [min=0.000, max=0.002], wz=0.001 +- 0.000 [min=0.001, max=0.002] rad/s
[2026-07-10 15:58:10.742] [odom] [warning] IMU prediction is not good.
[2026-07-10 15:58:10.742] [odom] [warning] Possibly T_lidar_imu is not accurate or IMU bias is not well estimated.
[2026-07-10 15:58:10.742] [odom] [warning] IMU validation results:
[2026-07-10 15:58:10.742] [odom] [warning] num_validations=3392
[2026-07-10 15:58:10.742] [odom] [warning] No-IMU errors rot=0.187 +- 0.229 deg, trans=0.036 +- 0.016 m, vel=0.024 +- 0.016 m/s
[2026-07-10 15:58:10.742] [odom] [warning] IMU errors rot=0.056 +- 0.044 deg, trans=0.042 +- 0.018 m, vel=0.122 +- 0.056 m/s
[2026-07-10 15:58:10.742] [odom] [warning] IMU better ratios rot=0.86, trans=0.02, vel=0.05
[2026-07-10 15:58:12.584] [glim] [info] playback speed: 2.982x
[2026-07-10 15:58:12.947] [odom] [warning] IMU bias estimation seems inaccurate.
[2026-07-10 15:58:12.947] [odom] [warning] Possibly T_lidar_imu is not accurate or LiDAR-IMU synchronization is not correct.
[2026-07-10 15:58:12.947] [odom] [warning] IMU bias validation results:
[2026-07-10 15:58:12.947] [odom] [warning] num_bias_validations=3776
[2026-07-10 15:58:12.947] [odom] [warning] bias_acc=[-0.532, 0.618, 0.261] m/s^2, bias_gyro=[-0.018, 0.001, 0.001] rad/s
[2026-07-10 15:58:12.947] [odom] [warning] acc_stat ax=-0.334 +- 0.216 [min=-0.593, max=-0.001], ay=0.087 +- 0.205 [min=-0.121, max=0.618], az=0.128 +- 0.077 [min=0.009, max=0.261] m/s^2
[2026-07-10 15:58:12.947] [odom] [warning] gyro_stat wx=-0.018 +- 0.001 [min=-0.019, max=-0.015], wy=0.001 +- 0.000 [min=0.000, max=0.002], wz=0.001 +- 0.000 [min=0.001, max=0.002] rad/s
[2026-07-10 15:58:13.105] [odom] [warning] IMU prediction is not good.
[2026-07-10 15:58:13.105] [odom] [warning] Possibly T_lidar_imu is not accurate or IMU bias is not well estimated.
[2026-07-10 15:58:13.105] [odom] [warning] IMU validation results:
[2026-07-10 15:58:13.105] [odom] [warning] num_validations=3456
[2026-07-10 15:58:13.105] [odom] [warning] No-IMU errors rot=0.185 +- 0.227 deg, trans=0.036 +- 0.016 m, vel=0.024 +- 0.016 m/s
[2026-07-10 15:58:13.105] [odom] [warning] IMU errors rot=0.056 +- 0.044 deg, trans=0.042 +- 0.018 m, vel=0.123 +- 0.056 m/s
[2026-07-10 15:58:13.105] [odom] [warning] IMU better ratios rot=0.86, trans=0.02, vel=0.05
[2026-07-10 15:58:14.151] [odom] [warning] IMU bias estimation seems inaccurate.
[2026-07-10 15:58:14.151] [odom] [warning] Possibly T_lidar_imu is not accurate or LiDAR-IMU synchronization is not correct.
[2026-07-10 15:58:14.151] [odom] [warning] IMU bias validation results:
[2026-07-10 15:58:14.151] [odom] [warning] num_bias_validations=3840
[2026-07-10 15:58:14.151] [odom] [warning] bias_acc=[-0.535, 0.643, 0.265] m/s^2, bias_gyro=[-0.018, 0.001, 0.001] rad/s
[2026-07-10 15:58:14.151] [odom] [warning] acc_stat ax=-0.337 +- 0.215 [min=-0.593, max=-0.001], ay=0.096 +- 0.215 [min=-0.121, max=0.643], az=0.130 +- 0.079 [min=0.009, max=0.265] m/s^2
[2026-07-10 15:58:14.151] [odom] [warning] gyro_stat wx=-0.018 +- 0.001 [min=-0.019, max=-0.015], wy=0.001 +- 0.000 [min=0.000, max=0.002], wz=0.001 +- 0.000 [min=0.001, max=0.002] rad/s
[2026-07-10 15:58:15.094] [odom] [warning] IMU prediction is not good.
[2026-07-10 15:58:15.094] [odom] [warning] Possibly T_lidar_imu is not accurate or IMU bias is not well estimated.
[2026-07-10 15:58:15.094] [odom] [warning] IMU validation results:
[2026-07-10 15:58:15.094] [odom] [warning] num_validations=3520
[2026-07-10 15:58:15.094] [odom] [warning] No-IMU errors rot=0.184 +- 0.225 deg, trans=0.037 +- 0.016 m, vel=0.024 +- 0.015 m/s
[2026-07-10 15:58:15.094] [odom] [warning] IMU errors rot=0.055 +- 0.044 deg, trans=0.043 +- 0.018 m, vel=0.124 +- 0.056 m/s
[2026-07-10 15:58:15.094] [odom] [warning] IMU better ratios rot=0.86, trans=0.02, vel=0.05
[2026-07-10 15:58:16.179] [odom] [warning] IMU bias estimation seems inaccurate.
[2026-07-10 15:58:16.179] [odom] [warning] Possibly T_lidar_imu is not accurate or LiDAR-IMU synchronization is not correct.
[2026-07-10 15:58:16.179] [odom] [warning] IMU bias validation results:
[2026-07-10 15:58:16.179] [odom] [warning] num_bias_validations=3904
[2026-07-10 15:58:16.179] [odom] [warning] bias_acc=[-0.536, 0.668, 0.270] m/s^2, bias_gyro=[-0.018, 0.001, 0.001] rad/s
[2026-07-10 15:58:16.179] [odom] [warning] acc_stat ax=-0.340 +- 0.215 [min=-0.593, max=-0.001], ay=0.106 +- 0.226 [min=-0.121, max=0.668], az=0.132 +- 0.080 [min=0.009, max=0.270] m/s^2
[2026-07-10 15:58:16.179] [odom] [warning] gyro_stat wx=-0.018 +- 0.001 [min=-0.019, max=-0.015], wy=0.001 +- 0.000 [min=0.000, max=0.002], wz=0.001 +- 0.000 [min=0.001, max=0.002] rad/s
[2026-07-10 15:58:17.005] [odom] [warning] IMU prediction is not good.
[2026-07-10 15:58:17.005] [odom] [warning] Possibly T_lidar_imu is not accurate or IMU bias is not well estimated.
[2026-07-10 15:58:17.005] [odom] [warning] IMU validation results:
[2026-07-10 15:58:17.005] [odom] [warning] num_validations=3584
[2026-07-10 15:58:17.005] [odom] [warning] No-IMU errors rot=0.183 +- 0.224 deg, trans=0.037 +- 0.016 m, vel=0.024 +- 0.015 m/s
[2026-07-10 15:58:17.005] [odom] [warning] IMU errors rot=0.055 +- 0.044 deg, trans=0.043 +- 0.018 m, vel=0.125 +- 0.056 m/s
[2026-07-10 15:58:17.005] [odom] [warning] IMU better ratios rot=0.86, trans=0.02, vel=0.05
[2026-07-10 15:58:17.621] [glim] [info] playback speed: 3.323x
[2026-07-10 15:58:18.343] [odom] [warning] IMU bias estimation seems inaccurate.
[2026-07-10 15:58:18.343] [odom] [warning] Possibly T_lidar_imu is not accurate or LiDAR-IMU synchronization is not correct.
[2026-07-10 15:58:18.343] [odom] [warning] IMU bias validation results:
[2026-07-10 15:58:18.343] [odom] [warning] num_bias_validations=3968
[2026-07-10 15:58:18.343] [odom] [warning] bias_acc=[-0.536, 0.693, 0.274] m/s^2, bias_gyro=[-0.018, 0.001, 0.001] rad/s
[2026-07-10 15:58:18.343] [odom] [warning] acc_stat ax=-0.343 +- 0.215 [min=-0.593, max=-0.001], ay=0.115 +- 0.236 [min=-0.121, max=0.693], az=0.135 +- 0.081 [min=0.009, max=0.274] m/s^2
[2026-07-10 15:58:18.343] [odom] [warning] gyro_stat wx=-0.018 +- 0.001 [min=-0.019, max=-0.015], wy=0.001 +- 0.000 [min=0.000, max=0.002], wz=0.001 +- 0.000 [min=0.001, max=0.002] rad/s
[2026-07-10 15:58:18.952] [odom] [warning] IMU prediction is not good.
[2026-07-10 15:58:18.952] [odom] [warning] Possibly T_lidar_imu is not accurate or IMU bias is not well estimated.
[2026-07-10 15:58:18.952] [odom] [warning] IMU validation results:
[2026-07-10 15:58:18.952] [odom] [warning] num_validations=3648
[2026-07-10 15:58:18.952] [odom] [warning] No-IMU errors rot=0.182 +- 0.222 deg, trans=0.037 +- 0.015 m, vel=0.024 +- 0.015 m/s
[2026-07-10 15:58:18.952] [odom] [warning] IMU errors rot=0.054 +- 0.043 deg, trans=0.043 +- 0.018 m, vel=0.126 +- 0.056 m/s
[2026-07-10 15:58:18.952] [odom] [warning] IMU better ratios rot=0.86, trans=0.02, vel=0.04
[2026-07-10 15:58:21.495] [odom] [warning] IMU bias estimation seems inaccurate.
[2026-07-10 15:58:21.495] [odom] [warning] Possibly T_lidar_imu is not accurate or LiDAR-IMU synchronization is not correct.
[2026-07-10 15:58:21.495] [odom] [warning] IMU bias validation results:
[2026-07-10 15:58:21.495] [odom] [warning] num_bias_validations=4032
[2026-07-10 15:58:21.495] [odom] [warning] bias_acc=[-0.537, 0.718, 0.279] m/s^2, bias_gyro=[-0.018, 0.001, 0.001] rad/s
[2026-07-10 15:58:21.495] [odom] [warning] acc_stat ax=-0.346 +- 0.214 [min=-0.593, max=-0.001], ay=0.125 +- 0.246 [min=-0.121, max=0.718], az=0.137 +- 0.083 [min=0.009, max=0.279] m/s^2
[2026-07-10 15:58:21.495] [odom] [warning] gyro_stat wx=-0.018 +- 0.001 [min=-0.019, max=-0.015], wy=0.001 +- 0.000 [min=0.000, max=0.002], wz=0.001 +- 0.000 [min=0.001, max=0.002] rad/s
[2026-07-10 15:58:22.333] [odom] [warning] IMU prediction is not good.
[2026-07-10 15:58:22.333] [odom] [warning] Possibly T_lidar_imu is not accurate or IMU bias is not well estimated.
[2026-07-10 15:58:22.333] [odom] [warning] IMU validation results:
[2026-07-10 15:58:22.333] [odom] [warning] num_validations=3712
[2026-07-10 15:58:22.333] [odom] [warning] No-IMU errors rot=0.180 +- 0.221 deg, trans=0.037 +- 0.015 m, vel=0.024 +- 0.015 m/s
[2026-07-10 15:58:22.333] [odom] [warning] IMU errors rot=0.054 +- 0.043 deg, trans=0.043 +- 0.018 m, vel=0.127 +- 0.056 m/s
[2026-07-10 15:58:22.333] [odom] [warning] IMU better ratios rot=0.86, trans=0.02, vel=0.04
[2026-07-10 15:58:22.633] [glim] [info] playback speed: 2.814x
[2026-07-10 15:58:22.894] [odom] [warning] IMU bias estimation seems inaccurate.
[2026-07-10 15:58:22.894] [odom] [warning] Possibly T_lidar_imu is not accurate or LiDAR-IMU synchronization is not correct.
[2026-07-10 15:58:22.894] [odom] [warning] IMU bias validation results:
[2026-07-10 15:58:22.894] [odom] [warning] num_bias_validations=4096
[2026-07-10 15:58:22.894] [odom] [warning] bias_acc=[-0.536, 0.740, 0.283] m/s^2, bias_gyro=[-0.018, 0.001, 0.001] rad/s
[2026-07-10 15:58:22.894] [odom] [warning] acc_stat ax=-0.349 +- 0.214 [min=-0.593, max=-0.001], ay=0.134 +- 0.255 [min=-0.121, max=0.740], az=0.139 +- 0.084 [min=0.009, max=0.283] m/s^2
[2026-07-10 15:58:22.894] [odom] [warning] gyro_stat wx=-0.018 +- 0.001 [min=-0.019, max=-0.015], wy=0.001 +- 0.000 [min=0.000, max=0.002], wz=0.001 +- 0.000 [min=0.001, max=0.002] rad/s
[2026-07-10 15:58:23.657] [odom] [warning] IMU prediction is not good.
[2026-07-10 15:58:23.657] [odom] [warning] Possibly T_lidar_imu is not accurate or IMU bias is not well estimated.
[2026-07-10 15:58:23.657] [odom] [warning] IMU validation results:
[2026-07-10 15:58:23.657] [odom] [warning] num_validations=3776
[2026-07-10 15:58:23.657] [odom] [warning] No-IMU errors rot=0.179 +- 0.219 deg, trans=0.037 +- 0.015 m, vel=0.024 +- 0.015 m/s
[2026-07-10 15:58:23.657] [odom] [warning] IMU errors rot=0.053 +- 0.043 deg, trans=0.044 +- 0.018 m, vel=0.128 +- 0.056 m/s
[2026-07-10 15:58:23.657] [odom] [warning] IMU better ratios rot=0.87, trans=0.02, vel=0.04
[2026-07-10 15:58:26.166] [odom] [warning] IMU bias estimation seems inaccurate.
[2026-07-10 15:58:26.166] [odom] [warning] Possibly T_lidar_imu is not accurate or LiDAR-IMU synchronization is not correct.
[2026-07-10 15:58:26.166] [odom] [warning] IMU bias validation results:
[2026-07-10 15:58:26.166] [odom] [warning] num_bias_validations=4160
[2026-07-10 15:58:26.167] [odom] [warning] bias_acc=[-0.536, 0.762, 0.286] m/s^2, bias_gyro=[-0.018, 0.001, 0.001] rad/s
[2026-07-10 15:58:26.167] [odom] [warning] acc_stat ax=-0.352 +- 0.214 [min=-0.593, max=-0.001], ay=0.144 +- 0.265 [min=-0.121, max=0.762], az=0.141 +- 0.085 [min=0.009, max=0.286] m/s^2
[2026-07-10 15:58:26.167] [odom] [warning] gyro_stat wx=-0.018 +- 0.001 [min=-0.019, max=-0.015], wy=0.001 +- 0.000 [min=0.000, max=0.002], wz=0.001 +- 0.000 [min=0.001, max=0.002] rad/s
[2026-07-10 15:58:27.180] [odom] [warning] IMU prediction is not good.
[2026-07-10 15:58:27.180] [odom] [warning] Possibly T_lidar_imu is not accurate or IMU bias is not well estimated.
[2026-07-10 15:58:27.180] [odom] [warning] IMU validation results:
[2026-07-10 15:58:27.180] [odom] [warning] num_validations=3840
[2026-07-10 15:58:27.180] [odom] [warning] No-IMU errors rot=0.178 +- 0.218 deg, trans=0.037 +- 0.015 m, vel=0.024 +- 0.015 m/s
[2026-07-10 15:58:27.180] [odom] [warning] IMU errors rot=0.053 +- 0.043 deg, trans=0.044 +- 0.018 m, vel=0.128 +- 0.055 m/s
[2026-07-10 15:58:27.180] [odom] [warning] IMU better ratios rot=0.86, trans=0.02, vel=0.04
[2026-07-10 15:58:27.667] [glim] [info] playback speed: 2.318x
[2026-07-10 15:58:28.564] [odom] [warning] IMU bias estimation seems inaccurate.
[2026-07-10 15:58:28.564] [odom] [warning] Possibly T_lidar_imu is not accurate or LiDAR-IMU synchronization is not correct.
[2026-07-10 15:58:28.564] [odom] [warning] IMU bias validation results:
[2026-07-10 15:58:28.564] [odom] [warning] num_bias_validations=4224
[2026-07-10 15:58:28.564] [odom] [warning] bias_acc=[-0.536, 0.784, 0.290] m/s^2, bias_gyro=[-0.018, 0.001, 0.001] rad/s
[2026-07-10 15:58:28.564] [odom] [warning] acc_stat ax=-0.355 +- 0.213 [min=-0.593, max=-0.001], ay=0.154 +- 0.274 [min=-0.121, max=0.784], az=0.144 +- 0.087 [min=0.009, max=0.290] m/s^2
[2026-07-10 15:58:28.564] [odom] [warning] gyro_stat wx=-0.018 +- 0.001 [min=-0.019, max=-0.015], wy=0.001 +- 0.000 [min=0.000, max=0.002], wz=0.001 +- 0.000 [min=0.001, max=0.002] rad/s
[2026-07-10 15:58:28.743] [odom] [warning] IMU prediction is not good.
[2026-07-10 15:58:28.743] [odom] [warning] Possibly T_lidar_imu is not accurate or IMU bias is not well estimated.
[2026-07-10 15:58:28.743] [odom] [warning] IMU validation results:
[2026-07-10 15:58:28.743] [odom] [warning] num_validations=3904
[2026-07-10 15:58:28.743] [odom] [warning] No-IMU errors rot=0.176 +- 0.217 deg, trans=0.038 +- 0.015 m, vel=0.024 +- 0.015 m/s
[2026-07-10 15:58:28.743] [odom] [warning] IMU errors rot=0.053 +- 0.043 deg, trans=0.044 +- 0.018 m, vel=0.129 +- 0.055 m/s
[2026-07-10 15:58:28.743] [odom] [warning] IMU better ratios rot=0.87, trans=0.02, vel=0.04
[2026-07-10 15:58:30.773] [odom] [warning] IMU bias estimation seems inaccurate.
[2026-07-10 15:58:30.773] [odom] [warning] Possibly T_lidar_imu is not accurate or LiDAR-IMU synchronization is not correct.
[2026-07-10 15:58:30.773] [odom] [warning] IMU bias validation results:
[2026-07-10 15:58:30.773] [odom] [warning] num_bias_validations=4288
[2026-07-10 15:58:30.773] [odom] [warning] bias_acc=[-0.536, 0.805, 0.294] m/s^2, bias_gyro=[-0.018, 0.001, 0.001] rad/s
[2026-07-10 15:58:30.773] [odom] [warning] acc_stat ax=-0.358 +- 0.213 [min=-0.593, max=-0.001], ay=0.163 +- 0.283 [min=-0.121, max=0.805], az=0.146 +- 0.088 [min=0.009, max=0.294] m/s^2
[2026-07-10 15:58:30.773] [odom] [warning] gyro_stat wx=-0.018 +- 0.001 [min=-0.019, max=-0.015], wy=0.001 +- 0.000 [min=0.000, max=0.002], wz=0.001 +- 0.000 [min=0.001, max=0.002] rad/s
[2026-07-10 15:58:31.629] [odom] [warning] IMU prediction is not good.
[2026-07-10 15:58:31.629] [odom] [warning] Possibly T_lidar_imu is not accurate or IMU bias is not well estimated.
[2026-07-10 15:58:31.629] [odom] [warning] IMU validation results:
[2026-07-10 15:58:31.629] [odom] [warning] num_validations=3968
[2026-07-10 15:58:31.629] [odom] [warning] No-IMU errors rot=0.176 +- 0.215 deg, trans=0.038 +- 0.015 m, vel=0.023 +- 0.015 m/s
[2026-07-10 15:58:31.629] [odom] [warning] IMU errors rot=0.052 +- 0.042 deg, trans=0.044 +- 0.017 m, vel=0.130 +- 0.055 m/s
[2026-07-10 15:58:31.629] [odom] [warning] IMU better ratios rot=0.87, trans=0.02, vel=0.04
[2026-07-10 15:58:32.179] [odom] [warning] IMU bias estimation seems inaccurate.
[2026-07-10 15:58:32.179] [odom] [warning] Possibly T_lidar_imu is not accurate or LiDAR-IMU synchronization is not correct.
[2026-07-10 15:58:32.179] [odom] [warning] IMU bias validation results:
[2026-07-10 15:58:32.179] [odom] [warning] num_bias_validations=4352
[2026-07-10 15:58:32.179] [odom] [warning] bias_acc=[-0.531, 0.826, 0.296] m/s^2, bias_gyro=[-0.018, 0.001, 0.001] rad/s
[2026-07-10 15:58:32.179] [odom] [warning] acc_stat ax=-0.360 +- 0.212 [min=-0.593, max=-0.001], ay=0.173 +- 0.292 [min=-0.121, max=0.826], az=0.148 +- 0.089 [min=0.009, max=0.296] m/s^2
[2026-07-10 15:58:32.179] [odom] [warning] gyro_stat wx=-0.018 +- 0.001 [min=-0.019, max=-0.015], wy=0.001 +- 0.000 [min=0.000, max=0.002], wz=0.001 +- 0.000 [min=0.001, max=0.002] rad/s
[2026-07-10 15:58:32.694] [glim] [info] playback speed: 3.531x
[2026-07-10 15:58:32.960] [odom] [warning] IMU prediction is not good.
[2026-07-10 15:58:32.960] [odom] [warning] Possibly T_lidar_imu is not accurate or IMU bias is not well estimated.
[2026-07-10 15:58:32.960] [odom] [warning] IMU validation results:
[2026-07-10 15:58:32.960] [odom] [warning] num_validations=4032
[2026-07-10 15:58:32.960] [odom] [warning] No-IMU errors rot=0.176 +- 0.214 deg, trans=0.038 +- 0.015 m, vel=0.023 +- 0.015 m/s
[2026-07-10 15:58:32.960] [odom] [warning] IMU errors rot=0.052 +- 0.042 deg, trans=0.044 +- 0.017 m, vel=0.130 +- 0.055 m/s
[2026-07-10 15:58:32.960] [odom] [warning] IMU better ratios rot=0.87, trans=0.02, vel=0.04
[2026-07-10 15:58:35.454] [odom] [warning] IMU bias estimation seems inaccurate.
[2026-07-10 15:58:35.454] [odom] [warning] Possibly T_lidar_imu is not accurate or LiDAR-IMU synchronization is not correct.
[2026-07-10 15:58:35.454] [odom] [warning] IMU bias validation results:
[2026-07-10 15:58:35.454] [odom] [warning] num_bias_validations=4416
[2026-07-10 15:58:35.454] [odom] [warning] bias_acc=[-0.522, 0.847, 0.298] m/s^2, bias_gyro=[-0.018, 0.001, 0.001] rad/s
[2026-07-10 15:58:35.454] [odom] [warning] acc_stat ax=-0.363 +- 0.212 [min=-0.593, max=-0.001], ay=0.183 +- 0.301 [min=-0.121, max=0.847], az=0.150 +- 0.090 [min=0.009, max=0.298] m/s^2
[2026-07-10 15:58:35.454] [odom] [warning] gyro_stat wx=-0.018 +- 0.001 [min=-0.019, max=-0.015], wy=0.001 +- 0.000 [min=0.000, max=0.002], wz=0.001 +- 0.000 [min=0.001, max=0.002] rad/s
[2026-07-10 15:58:35.630] [odom] [warning] IMU prediction is not good.
[2026-07-10 15:58:35.630] [odom] [warning] Possibly T_lidar_imu is not accurate or IMU bias is not well estimated.
[2026-07-10 15:58:35.630] [odom] [warning] IMU validation results:
[2026-07-10 15:58:35.630] [odom] [warning] num_validations=4096
[2026-07-10 15:58:35.630] [odom] [warning] No-IMU errors rot=0.175 +- 0.213 deg, trans=0.038 +- 0.015 m, vel=0.023 +- 0.015 m/s
[2026-07-10 15:58:35.630] [odom] [warning] IMU errors rot=0.052 +- 0.042 deg, trans=0.044 +- 0.017 m, vel=0.131 +- 0.054 m/s
[2026-07-10 15:58:35.630] [odom] [warning] IMU better ratios rot=0.87, trans=0.02, vel=0.04
[2026-07-10 15:58:36.677] [odom] [warning] IMU bias estimation seems inaccurate.
[2026-07-10 15:58:36.677] [odom] [warning] Possibly T_lidar_imu is not accurate or LiDAR-IMU synchronization is not correct.
[2026-07-10 15:58:36.677] [odom] [warning] IMU bias validation results:
[2026-07-10 15:58:36.677] [odom] [warning] num_bias_validations=4480
[2026-07-10 15:58:36.677] [odom] [warning] bias_acc=[-0.513, 0.868, 0.301] m/s^2, bias_gyro=[-0.018, 0.000, 0.001] rad/s
[2026-07-10 15:58:36.677] [odom] [warning] acc_stat ax=-0.365 +- 0.211 [min=-0.593, max=-0.001], ay=0.193 +- 0.310 [min=-0.121, max=0.868], az=0.152 +- 0.091 [min=0.009, max=0.301] m/s^2
[2026-07-10 15:58:36.677] [odom] [warning] gyro_stat wx=-0.018 +- 0.001 [min=-0.019, max=-0.015], wy=0.001 +- 0.000 [min=0.000, max=0.002], wz=0.001 +- 0.000 [min=0.001, max=0.002] rad/s
[2026-07-10 15:58:37.609] [odom] [warning] IMU prediction is not good.
[2026-07-10 15:58:37.609] [odom] [warning] Possibly T_lidar_imu is not accurate or IMU bias is not well estimated.
[2026-07-10 15:58:37.609] [odom] [warning] IMU validation results:
[2026-07-10 15:58:37.609] [odom] [warning] num_validations=4160
[2026-07-10 15:58:37.609] [odom] [warning] No-IMU errors rot=0.177 +- 0.213 deg, trans=0.038 +- 0.015 m, vel=0.023 +- 0.015 m/s
[2026-07-10 15:58:37.609] [odom] [warning] IMU errors rot=0.053 +- 0.042 deg, trans=0.044 +- 0.017 m, vel=0.131 +- 0.054 m/s
[2026-07-10 15:58:37.609] [odom] [warning] IMU better ratios rot=0.87, trans=0.02, vel=0.04
[2026-07-10 15:58:37.728] [glim] [info] playback speed: 2.781x
[2026-07-10 15:58:39.473] [odom] [warning] IMU bias estimation seems inaccurate.
[2026-07-10 15:58:39.473] [odom] [warning] Possibly T_lidar_imu is not accurate or LiDAR-IMU synchronization is not correct.
[2026-07-10 15:58:39.473] [odom] [warning] IMU bias validation results:
[2026-07-10 15:58:39.473] [odom] [warning] num_bias_validations=4544
[2026-07-10 15:58:39.473] [odom] [warning] bias_acc=[-0.491, 0.889, 0.301] m/s^2, bias_gyro=[-0.018, 0.000, 0.001] rad/s
[2026-07-10 15:58:39.473] [odom] [warning] acc_stat ax=-0.366 +- 0.210 [min=-0.593, max=-0.001], ay=0.203 +- 0.318 [min=-0.121, max=0.889], az=0.155 +- 0.092 [min=0.009, max=0.301] m/s^2
[2026-07-10 15:58:39.473] [odom] [warning] gyro_stat wx=-0.018 +- 0.001 [min=-0.019, max=-0.015], wy=0.001 +- 0.000 [min=0.000, max=0.002], wz=0.001 +- 0.000 [min=0.001, max=0.002] rad/s
[2026-07-10 15:58:39.711] [odom] [warning] IMU prediction is not good.
[2026-07-10 15:58:39.711] [odom] [warning] Possibly T_lidar_imu is not accurate or IMU bias is not well estimated.
[2026-07-10 15:58:39.711] [odom] [warning] IMU validation results:
[2026-07-10 15:58:39.711] [odom] [warning] num_validations=4224
[2026-07-10 15:58:39.711] [odom] [warning] No-IMU errors rot=0.178 +- 0.212 deg, trans=0.038 +- 0.015 m, vel=0.024 +- 0.015 m/s
[2026-07-10 15:58:39.711] [odom] [warning] IMU errors rot=0.053 +- 0.043 deg, trans=0.045 +- 0.017 m, vel=0.132 +- 0.054 m/s
[2026-07-10 15:58:39.711] [odom] [warning] IMU better ratios rot=0.87, trans=0.02, vel=0.04
[2026-07-10 15:58:41.210] [odom] [warning] IMU bias estimation seems inaccurate.
[2026-07-10 15:58:41.210] [odom] [warning] Possibly T_lidar_imu is not accurate or LiDAR-IMU synchronization is not correct.
[2026-07-10 15:58:41.210] [odom] [warning] IMU bias validation results:
[2026-07-10 15:58:41.210] [odom] [warning] num_bias_validations=4608
[2026-07-10 15:58:41.210] [odom] [warning] bias_acc=[-0.459, 0.904, 0.299] m/s^2, bias_gyro=[-0.018, 0.000, 0.001] rad/s
[2026-07-10 15:58:41.210] [odom] [warning] acc_stat ax=-0.368 +- 0.209 [min=-0.593, max=-0.001], ay=0.212 +- 0.327 [min=-0.121, max=0.904], az=0.157 +- 0.093 [min=0.009, max=0.301] m/s^2
[2026-07-10 15:58:41.210] [odom] [warning] gyro_stat wx=-0.018 +- 0.001 [min=-0.019, max=-0.015], wy=0.001 +- 0.000 [min=0.000, max=0.002], wz=0.001 +- 0.000 [min=0.001, max=0.002] rad/s
[2026-07-10 15:58:42.170] [odom] [warning] IMU prediction is not good.
[2026-07-10 15:58:42.170] [odom] [warning] Possibly T_lidar_imu is not accurate or IMU bias is not well estimated.
[2026-07-10 15:58:42.170] [odom] [warning] IMU validation results:
[2026-07-10 15:58:42.170] [odom] [warning] num_validations=4288
[2026-07-10 15:58:42.170] [odom] [warning] No-IMU errors rot=0.189 +- 0.233 deg, trans=0.038 +- 0.015 m, vel=0.024 +- 0.015 m/s
[2026-07-10 15:58:42.170] [odom] [warning] IMU errors rot=0.054 +- 0.044 deg, trans=0.045 +- 0.017 m, vel=0.133 +- 0.055 m/s
[2026-07-10 15:58:42.170] [odom] [warning] IMU better ratios rot=0.87, trans=0.02, vel=0.04
[2026-07-10 15:58:42.743] [glim] [info] playback speed: 2.772x
[2026-07-10 15:58:43.721] [odom] [warning] IMU bias estimation seems inaccurate.
[2026-07-10 15:58:43.721] [odom] [warning] Possibly T_lidar_imu is not accurate or LiDAR-IMU synchronization is not correct.
[2026-07-10 15:58:43.721] [odom] [warning] IMU bias validation results:
[2026-07-10 15:58:43.721] [odom] [warning] num_bias_validations=4672
[2026-07-10 15:58:43.721] [odom] [warning] bias_acc=[-0.400, 0.893, 0.292] m/s^2, bias_gyro=[-0.018, -0.000, 0.001] rad/s
[2026-07-10 15:58:43.721] [odom] [warning] acc_stat ax=-0.368 +- 0.207 [min=-0.593, max=-0.001], ay=0.222 +- 0.334 [min=-0.121, max=0.904], az=0.158 +- 0.094 [min=0.009, max=0.301] m/s^2
[2026-07-10 15:58:43.721] [odom] [warning] gyro_stat wx=-0.018 +- 0.001 [min=-0.019, max=-0.015], wy=0.001 +- 0.000 [min=-0.000, max=0.002], wz=0.001 +- 0.000 [min=0.001, max=0.002] rad/s
[2026-07-10 15:58:43.984] [odom] [warning] IMU prediction is not good.
[2026-07-10 15:58:43.984] [odom] [warning] Possibly T_lidar_imu is not accurate or IMU bias is not well estimated.
[2026-07-10 15:58:43.984] [odom] [warning] IMU validation results:
[2026-07-10 15:58:43.984] [odom] [warning] num_validations=4352
[2026-07-10 15:58:43.984] [odom] [warning] No-IMU errors rot=0.192 +- 0.236 deg, trans=0.039 +- 0.016 m, vel=0.024 +- 0.016 m/s
[2026-07-10 15:58:43.984] [odom] [warning] IMU errors rot=0.055 +- 0.046 deg, trans=0.046 +- 0.018 m, vel=0.135 +- 0.058 m/s
[2026-07-10 15:58:43.984] [odom] [warning] IMU better ratios rot=0.87, trans=0.02, vel=0.04
[2026-07-10 15:58:46.017] [odom] [warning] IMU bias estimation seems inaccurate.
[2026-07-10 15:58:46.017] [odom] [warning] Possibly T_lidar_imu is not accurate or LiDAR-IMU synchronization is not correct.
[2026-07-10 15:58:46.017] [odom] [warning] IMU bias validation results:
[2026-07-10 15:58:46.017] [odom] [warning] num_bias_validations=4736
[2026-07-10 15:58:46.017] [odom] [warning] bias_acc=[-0.341, 0.876, 0.285] m/s^2, bias_gyro=[-0.018, 0.000, 0.001] rad/s
[2026-07-10 15:58:46.017] [odom] [warning] acc_stat ax=-0.368 +- 0.206 [min=-0.593, max=-0.001], ay=0.231 +- 0.340 [min=-0.121, max=0.904], az=0.160 +- 0.095 [min=0.009, max=0.301] m/s^2
[2026-07-10 15:58:46.017] [odom] [warning] gyro_stat wx=-0.018 +- 0.001 [min=-0.019, max=-0.015], wy=0.001 +- 0.000 [min=-0.000, max=0.002], wz=0.001 +- 0.000 [min=0.001, max=0.002] rad/s
[2026-07-10 15:58:47.054] [odom] [warning] IMU prediction is not good.
[2026-07-10 15:58:47.054] [odom] [warning] Possibly T_lidar_imu is not accurate or IMU bias is not well estimated.
[2026-07-10 15:58:47.054] [odom] [warning] IMU validation results:
[2026-07-10 15:58:47.054] [odom] [warning] num_validations=4416
[2026-07-10 15:58:47.054] [odom] [warning] No-IMU errors rot=0.194 +- 0.236 deg, trans=0.040 +- 0.016 m, vel=0.025 +- 0.016 m/s
[2026-07-10 15:58:47.054] [odom] [warning] IMU errors rot=0.057 +- 0.047 deg, trans=0.046 +- 0.019 m, vel=0.138 +- 0.060 m/s
[2026-07-10 15:58:47.054] [odom] [warning] IMU better ratios rot=0.87, trans=0.02, vel=0.04
[2026-07-10 15:58:47.744] [glim] [info] playback speed: 2.637x
[2026-07-10 15:58:49.667] [odom] [warning] IMU bias estimation seems inaccurate.
[2026-07-10 15:58:49.667] [odom] [warning] Possibly T_lidar_imu is not accurate or LiDAR-IMU synchronization is not correct.
[2026-07-10 15:58:49.667] [odom] [warning] IMU bias validation results:
[2026-07-10 15:58:49.667] [odom] [warning] num_bias_validations=4800
[2026-07-10 15:58:49.667] [odom] [warning] bias_acc=[-0.284, 0.862, 0.277] m/s^2, bias_gyro=[-0.018, 0.000, 0.001] rad/s
[2026-07-10 15:58:49.667] [odom] [warning] acc_stat ax=-0.367 +- 0.205 [min=-0.593, max=-0.001], ay=0.239 +- 0.346 [min=-0.121, max=0.904], az=0.162 +- 0.095 [min=0.009, max=0.301] m/s^2
[2026-07-10 15:58:49.667] [odom] [warning] gyro_stat wx=-0.018 +- 0.001 [min=-0.019, max=-0.015], wy=0.001 +- 0.000 [min=-0.000, max=0.002], wz=0.001 +- 0.000 [min=0.001, max=0.002] rad/s
[2026-07-10 15:58:50.676] [odom] [warning] IMU prediction is not good.
[2026-07-10 15:58:50.676] [odom] [warning] Possibly T_lidar_imu is not accurate or IMU bias is not well estimated.
[2026-07-10 15:58:50.676] [odom] [warning] IMU validation results:
[2026-07-10 15:58:50.676] [odom] [warning] num_validations=4480
[2026-07-10 15:58:50.676] [odom] [warning] No-IMU errors rot=0.193 +- 0.235 deg, trans=0.040 +- 0.018 m, vel=0.025 +- 0.017 m/s
[2026-07-10 15:58:50.676] [odom] [warning] IMU errors rot=0.057 +- 0.047 deg, trans=0.047 +- 0.021 m, vel=0.139 +- 0.061 m/s
[2026-07-10 15:58:50.676] [odom] [warning] IMU better ratios rot=0.87, trans=0.02, vel=0.04
[2026-07-10 15:58:52.574] [odom] [warning] IMU bias estimation seems inaccurate.
[2026-07-10 15:58:52.574] [odom] [warning] Possibly T_lidar_imu is not accurate or LiDAR-IMU synchronization is not correct.
[2026-07-10 15:58:52.574] [odom] [warning] IMU bias validation results:
[2026-07-10 15:58:52.574] [odom] [warning] num_bias_validations=4864
[2026-07-10 15:58:52.574] [odom] [warning] bias_acc=[-0.231, 0.843, 0.271] m/s^2, bias_gyro=[-0.019, 0.000, 0.001] rad/s
[2026-07-10 15:58:52.574] [odom] [warning] acc_stat ax=-0.365 +- 0.204 [min=-0.593, max=-0.001], ay=0.247 +- 0.350 [min=-0.121, max=0.904], az=0.163 +- 0.095 [min=0.009, max=0.301] m/s^2
[2026-07-10 15:58:52.574] [odom] [warning] gyro_stat wx=-0.018 +- 0.001 [min=-0.019, max=-0.015], wy=0.001 +- 0.000 [min=-0.000, max=0.002], wz=0.001 +- 0.000 [min=0.001, max=0.002] rad/s
[2026-07-10 15:58:52.756] [glim] [info] playback speed: 2.085x
[2026-07-10 15:58:52.819] [odom] [warning] IMU prediction is not good.
[2026-07-10 15:58:52.819] [odom] [warning] Possibly T_lidar_imu is not accurate or IMU bias is not well estimated.
[2026-07-10 15:58:52.819] [odom] [warning] IMU validation results:
[2026-07-10 15:58:52.819] [odom] [warning] num_validations=4544
[2026-07-10 15:58:52.819] [odom] [warning] No-IMU errors rot=0.196 +- 0.238 deg, trans=0.041 +- 0.019 m, vel=0.025 +- 0.017 m/s
[2026-07-10 15:58:52.819] [odom] [warning] IMU errors rot=0.058 +- 0.051 deg, trans=0.048 +- 0.022 m, vel=0.141 +- 0.063 m/s
[2026-07-10 15:58:52.819] [odom] [warning] IMU better ratios rot=0.87, trans=0.02, vel=0.04
[2026-07-10 15:58:54.346] [odom] [warning] IMU bias estimation seems inaccurate.
[2026-07-10 15:58:54.346] [odom] [warning] Possibly T_lidar_imu is not accurate or LiDAR-IMU synchronization is not correct.
[2026-07-10 15:58:54.346] [odom] [warning] IMU bias validation results:
[2026-07-10 15:58:54.346] [odom] [warning] num_bias_validations=4928
[2026-07-10 15:58:54.346] [odom] [warning] bias_acc=[-0.181, 0.824, 0.262] m/s^2, bias_gyro=[-0.019, 0.000, 0.001] rad/s
[2026-07-10 15:58:54.346] [odom] [warning] acc_stat ax=-0.363 +- 0.204 [min=-0.593, max=-0.001], ay=0.254 +- 0.354 [min=-0.121, max=0.904], az=0.164 +- 0.095 [min=0.009, max=0.301] m/s^2
[2026-07-10 15:58:54.346] [odom] [warning] gyro_stat wx=-0.018 +- 0.001 [min=-0.019, max=-0.015], wy=0.001 +- 0.000 [min=-0.000, max=0.002], wz=0.001 +- 0.000 [min=0.001, max=0.002] rad/s
[2026-07-10 15:58:55.277] [odom] [warning] IMU prediction is not good.
[2026-07-10 15:58:55.277] [odom] [warning] Possibly T_lidar_imu is not accurate or IMU bias is not well estimated.
[2026-07-10 15:58:55.277] [odom] [warning] IMU validation results:
[2026-07-10 15:58:55.277] [odom] [warning] num_validations=4608
[2026-07-10 15:58:55.277] [odom] [warning] No-IMU errors rot=0.200 +- 0.241 deg, trans=0.042 +- 0.020 m, vel=0.026 +- 0.017 m/s
[2026-07-10 15:58:55.277] [odom] [warning] IMU errors rot=0.060 +- 0.054 deg, trans=0.049 +- 0.023 m, vel=0.142 +- 0.063 m/s
[2026-07-10 15:58:55.277] [odom] [warning] IMU better ratios rot=0.87, trans=0.02, vel=0.04
[2026-07-10 15:58:56.604] [odom] [warning] IMU bias estimation seems inaccurate.
[2026-07-10 15:58:56.604] [odom] [warning] Possibly T_lidar_imu is not accurate or LiDAR-IMU synchronization is not correct.
[2026-07-10 15:58:56.604] [odom] [warning] IMU bias validation results:
[2026-07-10 15:58:56.604] [odom] [warning] num_bias_validations=4992
[2026-07-10 15:58:56.604] [odom] [warning] bias_acc=[-0.136, 0.817, 0.256] m/s^2, bias_gyro=[-0.018, 0.001, 0.001] rad/s
[2026-07-10 15:58:56.604] [odom] [warning] acc_stat ax=-0.360 +- 0.204 [min=-0.593, max=-0.001], ay=0.262 +- 0.357 [min=-0.121, max=0.904], az=0.166 +- 0.095 [min=0.009, max=0.301] m/s^2
[2026-07-10 15:58:56.604] [odom] [warning] gyro_stat wx=-0.018 +- 0.001 [min=-0.019, max=-0.015], wy=0.001 +- 0.000 [min=-0.000, max=0.002], wz=0.001 +- 0.000 [min=0.001, max=0.002] rad/s
[2026-07-10 15:58:57.349] [odom] [warning] IMU prediction is not good.
[2026-07-10 15:58:57.349] [odom] [warning] Possibly T_lidar_imu is not accurate or IMU bias is not well estimated.
[2026-07-10 15:58:57.349] [odom] [warning] IMU validation results:
[2026-07-10 15:58:57.349] [odom] [warning] num_validations=4672
[2026-07-10 15:58:57.349] [odom] [warning] No-IMU errors rot=0.202 +- 0.241 deg, trans=0.043 +- 0.021 m, vel=0.026 +- 0.017 m/s
[2026-07-10 15:58:57.349] [odom] [warning] IMU errors rot=0.060 +- 0.055 deg, trans=0.050 +- 0.024 m, vel=0.143 +- 0.064 m/s
[2026-07-10 15:58:57.349] [odom] [warning] IMU better ratios rot=0.87, trans=0.02, vel=0.03
[2026-07-10 15:58:57.767] [glim] [info] playback speed: 2.976x
[2026-07-10 15:58:58.819] [odom] [warning] IMU bias estimation seems inaccurate.
[2026-07-10 15:58:58.819] [odom] [warning] Possibly T_lidar_imu is not accurate or LiDAR-IMU synchronization is not correct.
[2026-07-10 15:58:58.819] [odom] [warning] IMU bias validation results:
[2026-07-10 15:58:58.819] [odom] [warning] num_bias_validations=5056
[2026-07-10 15:58:58.819] [odom] [warning] bias_acc=[-0.088, 0.802, 0.248] m/s^2, bias_gyro=[-0.018, 0.001, 0.001] rad/s
[2026-07-10 15:58:58.819] [odom] [warning] acc_stat ax=-0.356 +- 0.205 [min=-0.593, max=-0.001], ay=0.268 +- 0.360 [min=-0.121, max=0.904], az=0.167 +- 0.095 [min=0.009, max=0.301] m/s^2
[2026-07-10 15:58:58.819] [odom] [warning] gyro_stat wx=-0.018 +- 0.001 [min=-0.019, max=-0.015], wy=0.001 +- 0.000 [min=-0.000, max=0.002], wz=0.001 +- 0.000 [min=0.001, max=0.002] rad/s
[2026-07-10 15:58:59.534] [odom] [warning] IMU prediction is not good.
[2026-07-10 15:58:59.535] [odom] [warning] Possibly T_lidar_imu is not accurate or IMU bias is not well estimated.
[2026-07-10 15:58:59.535] [odom] [warning] IMU validation results:
[2026-07-10 15:58:59.535] [odom] [warning] num_validations=4736
[2026-07-10 15:58:59.535] [odom] [warning] No-IMU errors rot=0.201 +- 0.240 deg, trans=0.043 +- 0.021 m, vel=0.026 +- 0.017 m/s
[2026-07-10 15:58:59.535] [odom] [warning] IMU errors rot=0.060 +- 0.055 deg, trans=0.050 +- 0.024 m, vel=0.145 +- 0.064 m/s
[2026-07-10 15:58:59.535] [odom] [warning] IMU better ratios rot=0.87, trans=0.02, vel=0.03
[2026-07-10 15:59:01.114] [odom] [warning] IMU bias estimation seems inaccurate.
[2026-07-10 15:59:01.114] [odom] [warning] Possibly T_lidar_imu is not accurate or LiDAR-IMU synchronization is not correct.
[2026-07-10 15:59:01.114] [odom] [warning] IMU bias validation results:
[2026-07-10 15:59:01.114] [odom] [warning] num_bias_validations=5120
[2026-07-10 15:59:01.114] [odom] [warning] bias_acc=[-0.042, 0.785, 0.241] m/s^2, bias_gyro=[-0.018, 0.001, 0.001] rad/s
[2026-07-10 15:59:01.114] [odom] [warning] acc_stat ax=-0.352 +- 0.207 [min=-0.593, max=-0.001], ay=0.275 +- 0.363 [min=-0.121, max=0.904], az=0.168 +- 0.095 [min=0.009, max=0.301] m/s^2
[2026-07-10 15:59:01.114] [odom] [warning] gyro_stat wx=-0.018 +- 0.001 [min=-0.019, max=-0.015], wy=0.001 +- 0.000 [min=-0.000, max=0.002], wz=0.001 +- 0.000 [min=0.001, max=0.002] rad/s
[2026-07-10 15:59:01.774] [odom] [warning] IMU prediction is not good.
[2026-07-10 15:59:01.774] [odom] [warning] Possibly T_lidar_imu is not accurate or IMU bias is not well estimated.
[2026-07-10 15:59:01.774] [odom] [warning] IMU validation results:
[2026-07-10 15:59:01.774] [odom] [warning] num_validations=4800
[2026-07-10 15:59:01.774] [odom] [warning] No-IMU errors rot=0.200 +- 0.239 deg, trans=0.043 +- 0.021 m, vel=0.026 +- 0.017 m/s
[2026-07-10 15:59:01.774] [odom] [warning] IMU errors rot=0.060 +- 0.054 deg, trans=0.050 +- 0.024 m, vel=0.146 +- 0.065 m/s
[2026-07-10 15:59:01.774] [odom] [warning] IMU better ratios rot=0.87, trans=0.02, vel=0.03
[2026-07-10 15:59:02.794] [glim] [info] playback speed: 2.846x
[2026-07-10 15:59:04.164] [odom] [warning] IMU bias estimation seems inaccurate.
[2026-07-10 15:59:04.164] [odom] [warning] Possibly T_lidar_imu is not accurate or LiDAR-IMU synchronization is not correct.
[2026-07-10 15:59:04.164] [odom] [warning] IMU bias validation results:
[2026-07-10 15:59:04.164] [odom] [warning] num_bias_validations=5184
[2026-07-10 15:59:04.164] [odom] [warning] bias_acc=[-0.002, 0.767, 0.233] m/s^2, bias_gyro=[-0.018, 0.001, 0.001] rad/s
[2026-07-10 15:59:04.164] [odom] [warning] acc_stat ax=-0.348 +- 0.209 [min=-0.593, max=-0.001], ay=0.281 +- 0.364 [min=-0.121, max=0.904], az=0.168 +- 0.094 [min=0.009, max=0.301] m/s^2
[2026-07-10 15:59:04.164] [odom] [warning] gyro_stat wx=-0.018 +- 0.001 [min=-0.019, max=-0.015], wy=0.001 +- 0.000 [min=-0.000, max=0.002], wz=0.001 +- 0.000 [min=0.001, max=0.002] rad/s
[2026-07-10 15:59:04.967] [odom] [warning] IMU prediction is not good.
[2026-07-10 15:59:04.967] [odom] [warning] Possibly T_lidar_imu is not accurate or IMU bias is not well estimated.
[2026-07-10 15:59:04.967] [odom] [warning] IMU validation results:
[2026-07-10 15:59:04.967] [odom] [warning] num_validations=4864
[2026-07-10 15:59:04.967] [odom] [warning] No-IMU errors rot=0.199 +- 0.239 deg, trans=0.043 +- 0.021 m, vel=0.026 +- 0.017 m/s
[2026-07-10 15:59:04.967] [odom] [warning] IMU errors rot=0.060 +- 0.055 deg, trans=0.051 +- 0.024 m, vel=0.147 +- 0.064 m/s
[2026-07-10 15:59:04.967] [odom] [warning] IMU better ratios rot=0.87, trans=0.02, vel=0.03
[2026-07-10 15:59:05.555] [odom] [warning] IMU bias estimation seems inaccurate.
[2026-07-10 15:59:05.555] [odom] [warning] Possibly T_lidar_imu is not accurate or LiDAR-IMU synchronization is not correct.
[2026-07-10 15:59:05.555] [odom] [warning] IMU bias validation results:
[2026-07-10 15:59:05.555] [odom] [warning] num_bias_validations=5248
[2026-07-10 15:59:05.555] [odom] [warning] bias_acc=[0.039, 0.750, 0.226] m/s^2, bias_gyro=[-0.018, 0.001, 0.001] rad/s
[2026-07-10 15:59:05.555] [odom] [warning] acc_stat ax=-0.343 +- 0.212 [min=-0.593, max=0.039], ay=0.287 +- 0.366 [min=-0.121, max=0.904], az=0.169 +- 0.094 [min=0.009, max=0.301] m/s^2
[2026-07-10 15:59:05.555] [odom] [warning] gyro_stat wx=-0.018 +- 0.001 [min=-0.019, max=-0.015], wy=0.001 +- 0.000 [min=-0.000, max=0.002], wz=0.001 +- 0.000 [min=0.001, max=0.002] rad/s
[2026-07-10 15:59:06.241] [odom] [warning] IMU prediction is not good.
[2026-07-10 15:59:06.241] [odom] [warning] Possibly T_lidar_imu is not accurate or IMU bias is not well estimated.
[2026-07-10 15:59:06.241] [odom] [warning] IMU validation results:
[2026-07-10 15:59:06.241] [odom] [warning] num_validations=4928
[2026-07-10 15:59:06.241] [odom] [warning] No-IMU errors rot=0.204 +- 0.246 deg, trans=0.044 +- 0.021 m, vel=0.026 +- 0.018 m/s
[2026-07-10 15:59:06.241] [odom] [warning] IMU errors rot=0.061 +- 0.056 deg, trans=0.051 +- 0.024 m, vel=0.148 +- 0.065 m/s
[2026-07-10 15:59:06.241] [odom] [warning] IMU better ratios rot=0.87, trans=0.02, vel=0.03
[2026-07-10 15:59:07.824] [glim] [info] playback speed: 2.823x
[2026-07-10 15:59:08.394] [odom] [warning] IMU bias estimation seems inaccurate.
[2026-07-10 15:59:08.394] [odom] [warning] Possibly T_lidar_imu is not accurate or LiDAR-IMU synchronization is not correct.
[2026-07-10 15:59:08.394] [odom] [warning] IMU bias validation results:
[2026-07-10 15:59:08.394] [odom] [warning] num_bias_validations=5312
[2026-07-10 15:59:08.394] [odom] [warning] bias_acc=[0.076, 0.748, 0.222] m/s^2, bias_gyro=[-0.018, 0.001, 0.001] rad/s
[2026-07-10 15:59:08.394] [odom] [warning] acc_stat ax=-0.338 +- 0.216 [min=-0.593, max=0.076], ay=0.292 +- 0.367 [min=-0.121, max=0.904], az=0.170 +- 0.094 [min=0.009, max=0.301] m/s^2
[2026-07-10 15:59:08.394] [odom] [warning] gyro_stat wx=-0.018 +- 0.001 [min=-0.019, max=-0.015], wy=0.001 +- 0.000 [min=-0.000, max=0.002], wz=0.001 +- 0.000 [min=0.001, max=0.002] rad/s
[2026-07-10 15:59:08.563] [odom] [warning] IMU prediction is not good.
[2026-07-10 15:59:08.563] [odom] [warning] Possibly T_lidar_imu is not accurate or IMU bias is not well estimated.
[2026-07-10 15:59:08.563] [odom] [warning] IMU validation results:
[2026-07-10 15:59:08.563] [odom] [warning] num_validations=4992
[2026-07-10 15:59:08.563] [odom] [warning] No-IMU errors rot=0.204 +- 0.245 deg, trans=0.044 +- 0.021 m, vel=0.026 +- 0.018 m/s
[2026-07-10 15:59:08.563] [odom] [warning] IMU errors rot=0.061 +- 0.056 deg, trans=0.051 +- 0.024 m, vel=0.148 +- 0.064 m/s
[2026-07-10 15:59:08.563] [odom] [warning] IMU better ratios rot=0.87, trans=0.02, vel=0.03
[2026-07-10 15:59:09.580] [odom] [warning] IMU bias estimation seems inaccurate.
[2026-07-10 15:59:09.580] [odom] [warning] Possibly T_lidar_imu is not accurate or LiDAR-IMU synchronization is not correct.
[2026-07-10 15:59:09.580] [odom] [warning] IMU bias validation results:
[2026-07-10 15:59:09.580] [odom] [warning] num_bias_validations=5376
[2026-07-10 15:59:09.580] [odom] [warning] bias_acc=[0.112, 0.742, 0.217] m/s^2, bias_gyro=[-0.018, 0.001, 0.001] rad/s
[2026-07-10 15:59:09.580] [odom] [warning] acc_stat ax=-0.333 +- 0.220 [min=-0.593, max=0.112], ay=0.298 +- 0.368 [min=-0.121, max=0.904], az=0.170 +- 0.093 [min=0.009, max=0.301] m/s^2
[2026-07-10 15:59:09.580] [odom] [warning] gyro_stat wx=-0.018 +- 0.001 [min=-0.019, max=-0.015], wy=0.001 +- 0.000 [min=-0.000, max=0.002], wz=0.001 +- 0.000 [min=0.001, max=0.002] rad/s
[2026-07-10 15:59:10.413] [odom] [warning] IMU prediction is not good.
[2026-07-10 15:59:10.413] [odom] [warning] Possibly T_lidar_imu is not accurate or IMU bias is not well estimated.
[2026-07-10 15:59:10.413] [odom] [warning] IMU validation results:
[2026-07-10 15:59:10.413] [odom] [warning] num_validations=5056
[2026-07-10 15:59:10.413] [odom] [warning] No-IMU errors rot=0.204 +- 0.244 deg, trans=0.044 +- 0.021 m, vel=0.026 +- 0.018 m/s
[2026-07-10 15:59:10.413] [odom] [warning] IMU errors rot=0.061 +- 0.056 deg, trans=0.051 +- 0.023 m, vel=0.149 +- 0.064 m/s
[2026-07-10 15:59:10.413] [odom] [warning] IMU better ratios rot=0.87, trans=0.02, vel=0.03
[2026-07-10 15:59:11.617] [odom] [warning] IMU bias estimation seems inaccurate.
[2026-07-10 15:59:11.617] [odom] [warning] Possibly T_lidar_imu is not accurate or LiDAR-IMU synchronization is not correct.
[2026-07-10 15:59:11.617] [odom] [warning] IMU bias validation results:
[2026-07-10 15:59:11.618] [odom] [warning] num_bias_validations=5440
[2026-07-10 15:59:11.618] [odom] [warning] bias_acc=[0.144, 0.737, 0.212] m/s^2, bias_gyro=[-0.018, 0.001, 0.001] rad/s
[2026-07-10 15:59:11.618] [odom] [warning] acc_stat ax=-0.327 +- 0.224 [min=-0.593, max=0.144], ay=0.303 +- 0.369 [min=-0.121, max=0.904], az=0.171 +- 0.093 [min=0.009, max=0.301] m/s^2
[2026-07-10 15:59:11.618] [odom] [warning] gyro_stat wx=-0.018 +- 0.001 [min=-0.019, max=-0.015], wy=0.001 +- 0.000 [min=-0.000, max=0.002], wz=0.001 +- 0.000 [min=0.001, max=0.002] rad/s
[2026-07-10 15:59:12.458] [odom] [warning] IMU prediction is not good.
[2026-07-10 15:59:12.458] [odom] [warning] Possibly T_lidar_imu is not accurate or IMU bias is not well estimated.
[2026-07-10 15:59:12.458] [odom] [warning] IMU validation results:
[2026-07-10 15:59:12.458] [odom] [warning] num_validations=5120
[2026-07-10 15:59:12.458] [odom] [warning] No-IMU errors rot=0.204 +- 0.243 deg, trans=0.044 +- 0.021 m, vel=0.026 +- 0.018 m/s
[2026-07-10 15:59:12.458] [odom] [warning] IMU errors rot=0.061 +- 0.056 deg, trans=0.052 +- 0.023 m, vel=0.149 +- 0.064 m/s
[2026-07-10 15:59:12.458] [odom] [warning] IMU better ratios rot=0.87, trans=0.01, vel=0.03
[2026-07-10 15:59:12.849] [glim] [info] playback speed: 3.371x
[2026-07-10 15:59:13.605] [odom] [warning] IMU bias estimation seems inaccurate.
[2026-07-10 15:59:13.605] [odom] [warning] Possibly T_lidar_imu is not accurate or LiDAR-IMU synchronization is not correct.
[2026-07-10 15:59:13.605] [odom] [warning] IMU bias validation results:
[2026-07-10 15:59:13.605] [odom] [warning] num_bias_validations=5504
[2026-07-10 15:59:13.605] [odom] [warning] bias_acc=[0.176, 0.729, 0.207] m/s^2, bias_gyro=[-0.017, 0.001, 0.001] rad/s
[2026-07-10 15:59:13.605] [odom] [warning] acc_stat ax=-0.321 +- 0.230 [min=-0.593, max=0.176], ay=0.308 +- 0.370 [min=-0.121, max=0.904], az=0.171 +- 0.092 [min=0.009, max=0.301] m/s^2
[2026-07-10 15:59:13.605] [odom] [warning] gyro_stat wx=-0.018 +- 0.001 [min=-0.019, max=-0.015], wy=0.001 +- 0.000 [min=-0.000, max=0.002], wz=0.001 +- 0.000 [min=0.001, max=0.002] rad/s
[2026-07-10 15:59:14.288] [odom] [warning] IMU prediction is not good.
[2026-07-10 15:59:14.288] [odom] [warning] Possibly T_lidar_imu is not accurate or IMU bias is not well estimated.
[2026-07-10 15:59:14.288] [odom] [warning] IMU validation results:
[2026-07-10 15:59:14.288] [odom] [warning] num_validations=5184
[2026-07-10 15:59:14.288] [odom] [warning] No-IMU errors rot=0.203 +- 0.242 deg, trans=0.044 +- 0.021 m, vel=0.026 +- 0.018 m/s
[2026-07-10 15:59:14.288] [odom] [warning] IMU errors rot=0.062 +- 0.056 deg, trans=0.052 +- 0.023 m, vel=0.149 +- 0.063 m/s
[2026-07-10 15:59:14.288] [odom] [warning] IMU better ratios rot=0.87, trans=0.01, vel=0.03
[2026-07-10 15:59:15.612] [odom] [warning] IMU bias estimation seems inaccurate.
[2026-07-10 15:59:15.612] [odom] [warning] Possibly T_lidar_imu is not accurate or LiDAR-IMU synchronization is not correct.
[2026-07-10 15:59:15.612] [odom] [warning] IMU bias validation results:
[2026-07-10 15:59:15.612] [odom] [warning] num_bias_validations=5568
[2026-07-10 15:59:15.612] [odom] [warning] bias_acc=[0.209, 0.719, 0.201] m/s^2, bias_gyro=[-0.017, 0.001, 0.001] rad/s
[2026-07-10 15:59:15.612] [odom] [warning] acc_stat ax=-0.315 +- 0.235 [min=-0.593, max=0.209], ay=0.312 +- 0.370 [min=-0.121, max=0.904], az=0.172 +- 0.092 [min=0.009, max=0.301] m/s^2
[2026-07-10 15:59:15.612] [odom] [warning] gyro_stat wx=-0.018 +- 0.001 [min=-0.019, max=-0.015], wy=0.001 +- 0.000 [min=-0.000, max=0.002], wz=0.001 +- 0.000 [min=0.001, max=0.002] rad/s
[2026-07-10 15:59:16.288] [odom] [warning] IMU prediction is not good.
[2026-07-10 15:59:16.288] [odom] [warning] Possibly T_lidar_imu is not accurate or IMU bias is not well estimated.
[2026-07-10 15:59:16.288] [odom] [warning] IMU validation results:
[2026-07-10 15:59:16.288] [odom] [warning] num_validations=5248
[2026-07-10 15:59:16.288] [odom] [warning] No-IMU errors rot=0.211 +- 0.261 deg, trans=0.045 +- 0.021 m, vel=0.026 +- 0.018 m/s
[2026-07-10 15:59:16.288] [odom] [warning] IMU errors rot=0.063 +- 0.058 deg, trans=0.052 +- 0.024 m, vel=0.150 +- 0.063 m/s
[2026-07-10 15:59:16.288] [odom] [warning] IMU better ratios rot=0.87, trans=0.01, vel=0.03
[2026-07-10 15:59:17.884] [glim] [info] playback speed: 3.163x
[2026-07-10 15:59:18.398] [odom] [warning] IMU bias estimation seems inaccurate.
[2026-07-10 15:59:18.398] [odom] [warning] Possibly T_lidar_imu is not accurate or LiDAR-IMU synchronization is not correct.
[2026-07-10 15:59:18.398] [odom] [warning] IMU bias validation results:
[2026-07-10 15:59:18.398] [odom] [warning] num_bias_validations=5632
[2026-07-10 15:59:18.398] [odom] [warning] bias_acc=[0.234, 0.719, 0.197] m/s^2, bias_gyro=[-0.017, 0.001, 0.001] rad/s
[2026-07-10 15:59:18.398] [odom] [warning] acc_stat ax=-0.309 +- 0.241 [min=-0.593, max=0.234], ay=0.317 +- 0.371 [min=-0.121, max=0.904], az=0.172 +- 0.091 [min=0.009, max=0.301] m/s^2
[2026-07-10 15:59:18.398] [odom] [warning] gyro_stat wx=-0.018 +- 0.001 [min=-0.019, max=-0.015], wy=0.001 +- 0.000 [min=-0.000, max=0.002], wz=0.001 +- 0.000 [min=0.001, max=0.002] rad/s
[2026-07-10 15:59:18.791] [odom] [warning] IMU prediction is not good.
[2026-07-10 15:59:18.791] [odom] [warning] Possibly T_lidar_imu is not accurate or IMU bias is not well estimated.
[2026-07-10 15:59:18.791] [odom] [warning] IMU validation results:
[2026-07-10 15:59:18.791] [odom] [warning] num_validations=5312
[2026-07-10 15:59:18.791] [odom] [warning] No-IMU errors rot=0.210 +- 0.260 deg, trans=0.045 +- 0.021 m, vel=0.026 +- 0.018 m/s
[2026-07-10 15:59:18.791] [odom] [warning] IMU errors rot=0.063 +- 0.058 deg, trans=0.052 +- 0.023 m, vel=0.150 +- 0.063 m/s
[2026-07-10 15:59:18.791] [odom] [warning] IMU better ratios rot=0.87, trans=0.01, vel=0.03
[2026-07-10 15:59:20.623] [odom] [warning] IMU bias estimation seems inaccurate.
[2026-07-10 15:59:20.623] [odom] [warning] Possibly T_lidar_imu is not accurate or LiDAR-IMU synchronization is not correct.
[2026-07-10 15:59:20.623] [odom] [warning] IMU bias validation results:
[2026-07-10 15:59:20.623] [odom] [warning] num_bias_validations=5696
[2026-07-10 15:59:20.623] [odom] [warning] bias_acc=[0.257, 0.721, 0.194] m/s^2, bias_gyro=[-0.017, 0.001, 0.001] rad/s
[2026-07-10 15:59:20.623] [odom] [warning] acc_stat ax=-0.303 +- 0.247 [min=-0.593, max=0.257], ay=0.322 +- 0.371 [min=-0.121, max=0.904], az=0.172 +- 0.091 [min=0.009, max=0.301] m/s^2
[2026-07-10 15:59:20.623] [odom] [warning] gyro_stat wx=-0.018 +- 0.001 [min=-0.019, max=-0.015], wy=0.001 +- 0.000 [min=-0.000, max=0.002], wz=0.001 +- 0.000 [min=0.001, max=0.002] rad/s
[2026-07-10 15:59:21.301] [odom] [warning] IMU prediction is not good.
[2026-07-10 15:59:21.301] [odom] [warning] Possibly T_lidar_imu is not accurate or IMU bias is not well estimated.
[2026-07-10 15:59:21.301] [odom] [warning] IMU validation results:
[2026-07-10 15:59:21.301] [odom] [warning] num_validations=5376
[2026-07-10 15:59:21.301] [odom] [warning] No-IMU errors rot=0.208 +- 0.259 deg, trans=0.045 +- 0.021 m, vel=0.026 +- 0.018 m/s
[2026-07-10 15:59:21.301] [odom] [warning] IMU errors rot=0.062 +- 0.057 deg, trans=0.052 +- 0.023 m, vel=0.150 +- 0.063 m/s
[2026-07-10 15:59:21.301] [odom] [warning] IMU better ratios rot=0.86, trans=0.01, vel=0.03
[2026-07-10 15:59:22.906] [glim] [info] playback speed: 2.485x
[2026-07-10 15:59:23.715] [odom] [warning] IMU bias estimation seems inaccurate.
[2026-07-10 15:59:23.715] [odom] [warning] Possibly T_lidar_imu is not accurate or LiDAR-IMU synchronization is not correct.
[2026-07-10 15:59:23.715] [odom] [warning] IMU bias validation results:
[2026-07-10 15:59:23.715] [odom] [warning] num_bias_validations=5760
[2026-07-10 15:59:23.715] [odom] [warning] bias_acc=[0.280, 0.722, 0.190] m/s^2, bias_gyro=[-0.017, 0.001, 0.001] rad/s
[2026-07-10 15:59:23.715] [odom] [warning] acc_stat ax=-0.296 +- 0.253 [min=-0.593, max=0.280], ay=0.326 +- 0.371 [min=-0.121, max=0.904], az=0.172 +- 0.090 [min=0.009, max=0.301] m/s^2
[2026-07-10 15:59:23.715] [odom] [warning] gyro_stat wx=-0.018 +- 0.001 [min=-0.019, max=-0.015], wy=0.001 +- 0.000 [min=-0.000, max=0.002], wz=0.001 +- 0.000 [min=0.001, max=0.002] rad/s
[2026-07-10 15:59:24.696] [odom] [warning] IMU prediction is not good.
[2026-07-10 15:59:24.696] [odom] [warning] Possibly T_lidar_imu is not accurate or IMU bias is not well estimated.
[2026-07-10 15:59:24.696] [odom] [warning] IMU validation results:
[2026-07-10 15:59:24.696] [odom] [warning] num_validations=5440
[2026-07-10 15:59:24.696] [odom] [warning] No-IMU errors rot=0.208 +- 0.259 deg, trans=0.045 +- 0.021 m, vel=0.026 +- 0.018 m/s
[2026-07-10 15:59:24.696] [odom] [warning] IMU errors rot=0.062 +- 0.057 deg, trans=0.052 +- 0.023 m, vel=0.150 +- 0.062 m/s
[2026-07-10 15:59:24.696] [odom] [warning] IMU better ratios rot=0.86, trans=0.01, vel=0.03
[2026-07-10 15:59:25.326] [odom] [warning] IMU bias estimation seems inaccurate.
[2026-07-10 15:59:25.326] [odom] [warning] Possibly T_lidar_imu is not accurate or LiDAR-IMU synchronization is not correct.
[2026-07-10 15:59:25.326] [odom] [warning] IMU bias validation results:
[2026-07-10 15:59:25.326] [odom] [warning] num_bias_validations=5824
[2026-07-10 15:59:25.326] [odom] [warning] bias_acc=[0.304, 0.720, 0.186] m/s^2, bias_gyro=[-0.017, 0.001, 0.001] rad/s
[2026-07-10 15:59:25.326] [odom] [warning] acc_stat ax=-0.290 +- 0.259 [min=-0.593, max=0.304], ay=0.330 +- 0.371 [min=-0.121, max=0.904], az=0.172 +- 0.090 [min=0.009, max=0.301] m/s^2
[2026-07-10 15:59:25.326] [odom] [warning] gyro_stat wx=-0.018 +- 0.001 [min=-0.019, max=-0.015], wy=0.001 +- 0.000 [min=-0.000, max=0.002], wz=0.001 +- 0.000 [min=0.001, max=0.002] rad/s
[2026-07-10 15:59:25.813] [odom] [warning] IMU prediction is not good.
[2026-07-10 15:59:25.813] [odom] [warning] Possibly T_lidar_imu is not accurate or IMU bias is not well estimated.
[2026-07-10 15:59:25.813] [odom] [warning] IMU validation results:
[2026-07-10 15:59:25.813] [odom] [warning] num_validations=5504
[2026-07-10 15:59:25.813] [odom] [warning] No-IMU errors rot=0.207 +- 0.257 deg, trans=0.044 +- 0.020 m, vel=0.027 +- 0.018 m/s
[2026-07-10 15:59:25.813] [odom] [warning] IMU errors rot=0.062 +- 0.057 deg, trans=0.052 +- 0.023 m, vel=0.149 +- 0.062 m/s
[2026-07-10 15:59:25.813] [odom] [warning] IMU better ratios rot=0.86, trans=0.01, vel=0.03
[2026-07-10 15:59:27.536] [odom] [warning] IMU bias estimation seems inaccurate.
[2026-07-10 15:59:27.536] [odom] [warning] Possibly T_lidar_imu is not accurate or LiDAR-IMU synchronization is not correct.
[2026-07-10 15:59:27.536] [odom] [warning] IMU bias validation results:
[2026-07-10 15:59:27.536] [odom] [warning] num_bias_validations=5888
[2026-07-10 15:59:27.536] [odom] [warning] bias_acc=[0.326, 0.716, 0.182] m/s^2, bias_gyro=[-0.017, 0.001, 0.001] rad/s
[2026-07-10 15:59:27.536] [odom] [warning] acc_stat ax=-0.283 +- 0.266 [min=-0.593, max=0.326], ay=0.335 +- 0.372 [min=-0.121, max=0.904], az=0.173 +- 0.089 [min=0.009, max=0.301] m/s^2
[2026-07-10 15:59:27.536] [odom] [warning] gyro_stat wx=-0.018 +- 0.001 [min=-0.019, max=-0.015], wy=0.001 +- 0.000 [min=-0.000, max=0.002], wz=0.001 +- 0.000 [min=0.001, max=0.002] rad/s
[2026-07-10 15:59:27.703] [odom] [warning] IMU prediction is not good.
[2026-07-10 15:59:27.703] [odom] [warning] Possibly T_lidar_imu is not accurate or IMU bias is not well estimated.
[2026-07-10 15:59:27.703] [odom] [warning] IMU validation results:
[2026-07-10 15:59:27.703] [odom] [warning] num_validations=5568
[2026-07-10 15:59:27.703] [odom] [warning] No-IMU errors rot=0.207 +- 0.257 deg, trans=0.044 +- 0.020 m, vel=0.027 +- 0.018 m/s
[2026-07-10 15:59:27.703] [odom] [warning] IMU errors rot=0.062 +- 0.058 deg, trans=0.052 +- 0.023 m, vel=0.149 +- 0.062 m/s
[2026-07-10 15:59:27.703] [odom] [warning] IMU better ratios rot=0.86, trans=0.01, vel=0.03
[2026-07-10 15:59:27.920] [glim] [info] playback speed: 3.378x
[2026-07-10 15:59:29.410] [odom] [warning] IMU bias estimation seems inaccurate.
[2026-07-10 15:59:29.411] [odom] [warning] Possibly T_lidar_imu is not accurate or LiDAR-IMU synchronization is not correct.
[2026-07-10 15:59:29.411] [odom] [warning] IMU bias validation results:
[2026-07-10 15:59:29.411] [odom] [warning] num_bias_validations=5952
[2026-07-10 15:59:29.411] [odom] [warning] bias_acc=[0.343, 0.715, 0.178] m/s^2, bias_gyro=[-0.017, 0.001, 0.001] rad/s
[2026-07-10 15:59:29.411] [odom] [warning] acc_stat ax=-0.276 +- 0.272 [min=-0.593, max=0.343], ay=0.339 +- 0.372 [min=-0.121, max=0.904], az=0.173 +- 0.089 [min=0.009, max=0.301] m/s^2
[2026-07-10 15:59:29.411] [odom] [warning] gyro_stat wx=-0.018 +- 0.001 [min=-0.019, max=-0.015], wy=0.001 +- 0.000 [min=-0.000, max=0.002], wz=0.001 +- 0.000 [min=0.001, max=0.002] rad/s
[2026-07-10 15:59:29.805] [odom] [warning] IMU prediction is not good.
[2026-07-10 15:59:29.805] [odom] [warning] Possibly T_lidar_imu is not accurate or IMU bias is not well estimated.
[2026-07-10 15:59:29.805] [odom] [warning] IMU validation results:
[2026-07-10 15:59:29.805] [odom] [warning] num_validations=5632
[2026-07-10 15:59:29.805] [odom] [warning] No-IMU errors rot=0.207 +- 0.256 deg, trans=0.044 +- 0.020 m, vel=0.027 +- 0.018 m/s
[2026-07-10 15:59:29.805] [odom] [warning] IMU errors rot=0.062 +- 0.057 deg, trans=0.051 +- 0.023 m, vel=0.149 +- 0.061 m/s
[2026-07-10 15:59:29.805] [odom] [warning] IMU better ratios rot=0.86, trans=0.01, vel=0.03
[2026-07-10 15:59:30.869] [odom] [warning] IMU bias estimation seems inaccurate.
[2026-07-10 15:59:30.869] [odom] [warning] Possibly T_lidar_imu is not accurate or LiDAR-IMU synchronization is not correct.
[2026-07-10 15:59:30.869] [odom] [warning] IMU bias validation results:
[2026-07-10 15:59:30.869] [odom] [warning] num_bias_validations=6016
[2026-07-10 15:59:30.869] [odom] [warning] bias_acc=[0.358, 0.712, 0.175] m/s^2, bias_gyro=[-0.018, 0.001, 0.001] rad/s
[2026-07-10 15:59:30.869] [odom] [warning] acc_stat ax=-0.269 +- 0.278 [min=-0.593, max=0.358], ay=0.343 +- 0.372 [min=-0.121, max=0.904], az=0.173 +- 0.088 [min=0.009, max=0.301] m/s^2
[2026-07-10 15:59:30.869] [odom] [warning] gyro_stat wx=-0.018 +- 0.001 [min=-0.019, max=-0.015], wy=0.001 +- 0.000 [min=-0.000, max=0.002], wz=0.001 +- 0.000 [min=0.001, max=0.002] rad/s
[2026-07-10 15:59:31.807] [odom] [warning] IMU prediction is not good.
[2026-07-10 15:59:31.807] [odom] [warning] Possibly T_lidar_imu is not accurate or IMU bias is not well estimated.
[2026-07-10 15:59:31.807] [odom] [warning] IMU validation results:
[2026-07-10 15:59:31.807] [odom] [warning] num_validations=5696
[2026-07-10 15:59:31.807] [odom] [warning] No-IMU errors rot=0.206 +- 0.255 deg, trans=0.044 +- 0.020 m, vel=0.027 +- 0.018 m/s
[2026-07-10 15:59:31.807] [odom] [warning] IMU errors rot=0.062 +- 0.057 deg, trans=0.051 +- 0.023 m, vel=0.148 +- 0.061 m/s
[2026-07-10 15:59:31.807] [odom] [warning] IMU better ratios rot=0.86, trans=0.01, vel=0.03
[2026-07-10 15:59:32.796] [odom] [warning] IMU bias estimation seems inaccurate.
[2026-07-10 15:59:32.796] [odom] [warning] Possibly T_lidar_imu is not accurate or LiDAR-IMU synchronization is not correct.
[2026-07-10 15:59:32.796] [odom] [warning] IMU bias validation results:
[2026-07-10 15:59:32.796] [odom] [warning] num_bias_validations=6080
[2026-07-10 15:59:32.796] [odom] [warning] bias_acc=[0.372, 0.707, 0.170] m/s^2, bias_gyro=[-0.018, 0.001, 0.002] rad/s
[2026-07-10 15:59:32.796] [odom] [warning] acc_stat ax=-0.263 +- 0.284 [min=-0.593, max=0.372], ay=0.346 +- 0.372 [min=-0.121, max=0.904], az=0.173 +- 0.088 [min=0.009, max=0.301] m/s^2
[2026-07-10 15:59:32.796] [odom] [warning] gyro_stat wx=-0.018 +- 0.001 [min=-0.019, max=-0.015], wy=0.001 +- 0.000 [min=-0.000, max=0.002], wz=0.001 +- 0.000 [min=0.001, max=0.002] rad/s
[2026-07-10 15:59:32.931] [glim] [info] playback speed: 3.523x
[2026-07-10 15:59:33.081] [odom] [warning] IMU prediction is not good.
[2026-07-10 15:59:33.081] [odom] [warning] Possibly T_lidar_imu is not accurate or IMU bias is not well estimated.
[2026-07-10 15:59:33.081] [odom] [warning] IMU validation results:
[2026-07-10 15:59:33.081] [odom] [warning] num_validations=5760
[2026-07-10 15:59:33.081] [odom] [warning] No-IMU errors rot=0.208 +- 0.257 deg, trans=0.044 +- 0.020 m, vel=0.027 +- 0.018 m/s
[2026-07-10 15:59:33.081] [odom] [warning] IMU errors rot=0.062 +- 0.057 deg, trans=0.051 +- 0.023 m, vel=0.148 +- 0.061 m/s
[2026-07-10 15:59:33.081] [odom] [warning] IMU better ratios rot=0.86, trans=0.01, vel=0.03
[2026-07-10 15:59:35.050] [odom] [warning] IMU bias estimation seems inaccurate.
[2026-07-10 15:59:35.050] [odom] [warning] Possibly T_lidar_imu is not accurate or LiDAR-IMU synchronization is not correct.
[2026-07-10 15:59:35.050] [odom] [warning] IMU bias validation results:
[2026-07-10 15:59:35.050] [odom] [warning] num_bias_validations=6144
[2026-07-10 15:59:35.050] [odom] [warning] bias_acc=[0.385, 0.694, 0.165] m/s^2, bias_gyro=[-0.019, 0.001, 0.002] rad/s
[2026-07-10 15:59:35.050] [odom] [warning] acc_stat ax=-0.256 +- 0.290 [min=-0.593, max=0.385], ay=0.350 +- 0.371 [min=-0.121, max=0.904], az=0.172 +- 0.087 [min=0.009, max=0.301] m/s^2
[2026-07-10 15:59:35.050] [odom] [warning] gyro_stat wx=-0.018 +- 0.001 [min=-0.019, max=-0.015], wy=0.001 +- 0.000 [min=-0.000, max=0.002], wz=0.001 +- 0.000 [min=0.001, max=0.002] rad/s
[2026-07-10 15:59:35.613] [odom] [warning] IMU prediction is not good.
[2026-07-10 15:59:35.613] [odom] [warning] Possibly T_lidar_imu is not accurate or IMU bias is not well estimated.
[2026-07-10 15:59:35.613] [odom] [warning] IMU validation results:
[2026-07-10 15:59:35.613] [odom] [warning] num_validations=5824
[2026-07-10 15:59:35.613] [odom] [warning] No-IMU errors rot=0.208 +- 0.257 deg, trans=0.044 +- 0.020 m, vel=0.027 +- 0.018 m/s
[2026-07-10 15:59:35.613] [odom] [warning] IMU errors rot=0.062 +- 0.057 deg, trans=0.051 +- 0.023 m, vel=0.147 +- 0.061 m/s
[2026-07-10 15:59:35.613] [odom] [warning] IMU better ratios rot=0.86, trans=0.01, vel=0.03
[2026-07-10 15:59:37.228] [odom] [warning] IMU bias estimation seems inaccurate.
[2026-07-10 15:59:37.228] [odom] [warning] Possibly T_lidar_imu is not accurate or LiDAR-IMU synchronization is not correct.
[2026-07-10 15:59:37.228] [odom] [warning] IMU bias validation results:
[2026-07-10 15:59:37.228] [odom] [warning] num_bias_validations=6208
[2026-07-10 15:59:37.228] [odom] [warning] bias_acc=[0.393, 0.683, 0.161] m/s^2, bias_gyro=[-0.019, 0.002, 0.002] rad/s
[2026-07-10 15:59:37.228] [odom] [warning] acc_stat ax=-0.249 +- 0.296 [min=-0.593, max=0.393], ay=0.354 +- 0.371 [min=-0.121, max=0.904], az=0.172 +- 0.087 [min=0.009, max=0.301] m/s^2
[2026-07-10 15:59:37.228] [odom] [warning] gyro_stat wx=-0.018 +- 0.001 [min=-0.019, max=-0.015], wy=0.001 +- 0.000 [min=-0.000, max=0.002], wz=0.001 +- 0.000 [min=0.001, max=0.002] rad/s
[2026-07-10 15:59:37.695] [odom] [warning] IMU prediction is not good.
[2026-07-10 15:59:37.695] [odom] [warning] Possibly T_lidar_imu is not accurate or IMU bias is not well estimated.
[2026-07-10 15:59:37.695] [odom] [warning] IMU validation results:
[2026-07-10 15:59:37.695] [odom] [warning] num_validations=5888
[2026-07-10 15:59:37.695] [odom] [warning] No-IMU errors rot=0.206 +- 0.256 deg, trans=0.043 +- 0.020 m, vel=0.027 +- 0.018 m/s
[2026-07-10 15:59:37.695] [odom] [warning] IMU errors rot=0.062 +- 0.057 deg, trans=0.051 +- 0.023 m, vel=0.146 +- 0.061 m/s
[2026-07-10 15:59:37.695] [odom] [warning] IMU better ratios rot=0.86, trans=0.01, vel=0.03
[2026-07-10 15:59:37.964] [glim] [info] playback speed: 2.902x
[2026-07-10 15:59:39.947] [odom] [warning] IMU bias estimation seems inaccurate.
[2026-07-10 15:59:39.947] [odom] [warning] Possibly T_lidar_imu is not accurate or LiDAR-IMU synchronization is not correct.
[2026-07-10 15:59:39.947] [odom] [warning] IMU bias validation results:
[2026-07-10 15:59:39.947] [odom] [warning] num_bias_validations=6272
[2026-07-10 15:59:39.947] [odom] [warning] bias_acc=[0.398, 0.670, 0.156] m/s^2, bias_gyro=[-0.018, 0.002, 0.002] rad/s
[2026-07-10 15:59:39.947] [odom] [warning] acc_stat ax=-0.243 +- 0.302 [min=-0.593, max=0.398], ay=0.357 +- 0.370 [min=-0.121, max=0.904], az=0.172 +- 0.087 [min=0.009, max=0.301] m/s^2
[2026-07-10 15:59:39.947] [odom] [warning] gyro_stat wx=-0.018 +- 0.001 [min=-0.019, max=-0.015], wy=0.001 +- 0.000 [min=-0.000, max=0.002], wz=0.001 +- 0.000 [min=0.001, max=0.002] rad/s
[2026-07-10 15:59:40.879] [odom] [warning] IMU prediction is not good.
[2026-07-10 15:59:40.879] [odom] [warning] Possibly T_lidar_imu is not accurate or IMU bias is not well estimated.
[2026-07-10 15:59:40.879] [odom] [warning] IMU validation results:
[2026-07-10 15:59:40.879] [odom] [warning] num_validations=5952
[2026-07-10 15:59:40.879] [odom] [warning] No-IMU errors rot=0.204 +- 0.255 deg, trans=0.043 +- 0.020 m, vel=0.027 +- 0.018 m/s
[2026-07-10 15:59:40.879] [odom] [warning] IMU errors rot=0.062 +- 0.057 deg, trans=0.050 +- 0.023 m, vel=0.145 +- 0.062 m/s
[2026-07-10 15:59:40.879] [odom] [warning] IMU better ratios rot=0.85, trans=0.01, vel=0.03
[2026-07-10 15:59:42.991] [glim] [info] playback speed: 2.039x
[2026-07-10 15:59:43.256] [odom] [warning] IMU bias estimation seems inaccurate.
[2026-07-10 15:59:43.256] [odom] [warning] Possibly T_lidar_imu is not accurate or LiDAR-IMU synchronization is not correct.
[2026-07-10 15:59:43.256] [odom] [warning] IMU bias validation results:
[2026-07-10 15:59:43.256] [odom] [warning] num_bias_validations=6336
[2026-07-10 15:59:43.256] [odom] [warning] bias_acc=[0.404, 0.659, 0.152] m/s^2, bias_gyro=[-0.018, 0.001, 0.002] rad/s
[2026-07-10 15:59:43.256] [odom] [warning] acc_stat ax=-0.236 +- 0.307 [min=-0.593, max=0.404], ay=0.360 +- 0.370 [min=-0.121, max=0.904], az=0.172 +- 0.086 [min=0.009, max=0.301] m/s^2
[2026-07-10 15:59:43.256] [odom] [warning] gyro_stat wx=-0.018 +- 0.001 [min=-0.019, max=-0.015], wy=0.001 +- 0.000 [min=-0.000, max=0.002], wz=0.001 +- 0.000 [min=0.001, max=0.002] rad/s
[2026-07-10 15:59:44.144] [odom] [warning] IMU prediction is not good.
[2026-07-10 15:59:44.144] [odom] [warning] Possibly T_lidar_imu is not accurate or IMU bias is not well estimated.
[2026-07-10 15:59:44.144] [odom] [warning] IMU validation results:
[2026-07-10 15:59:44.144] [odom] [warning] num_validations=6016
[2026-07-10 15:59:44.144] [odom] [warning] No-IMU errors rot=0.202 +- 0.255 deg, trans=0.043 +- 0.020 m, vel=0.026 +- 0.018 m/s
[2026-07-10 15:59:44.144] [odom] [warning] IMU errors rot=0.061 +- 0.057 deg, trans=0.050 +- 0.023 m, vel=0.144 +- 0.062 m/s
[2026-07-10 15:59:44.144] [odom] [warning] IMU better ratios rot=0.85, trans=0.01, vel=0.03
[2026-07-10 15:59:46.491] [odom] [warning] IMU bias estimation seems inaccurate.
[2026-07-10 15:59:46.491] [odom] [warning] Possibly T_lidar_imu is not accurate or LiDAR-IMU synchronization is not correct.
[2026-07-10 15:59:46.491] [odom] [warning] IMU bias validation results:
[2026-07-10 15:59:46.491] [odom] [warning] num_bias_validations=6400
[2026-07-10 15:59:46.491] [odom] [warning] bias_acc=[0.409, 0.647, 0.148] m/s^2, bias_gyro=[-0.018, 0.001, 0.002] rad/s
[2026-07-10 15:59:46.491] [odom] [warning] acc_stat ax=-0.230 +- 0.312 [min=-0.593, max=0.409], ay=0.363 +- 0.369 [min=-0.121, max=0.904], az=0.172 +- 0.086 [min=0.009, max=0.301] m/s^2
[2026-07-10 15:59:46.491] [odom] [warning] gyro_stat wx=-0.018 +- 0.001 [min=-0.019, max=-0.015], wy=0.001 +- 0.000 [min=-0.000, max=0.002], wz=0.001 +- 0.000 [min=0.001, max=0.002] rad/s
[2026-07-10 15:59:47.427] [odom] [warning] IMU prediction is not good.
[2026-07-10 15:59:47.427] [odom] [warning] Possibly T_lidar_imu is not accurate or IMU bias is not well estimated.
[2026-07-10 15:59:47.427] [odom] [warning] IMU validation results:
[2026-07-10 15:59:47.427] [odom] [warning] num_validations=6080
[2026-07-10 15:59:47.427] [odom] [warning] No-IMU errors rot=0.202 +- 0.257 deg, trans=0.042 +- 0.020 m, vel=0.026 +- 0.019 m/s
[2026-07-10 15:59:47.427] [odom] [warning] IMU errors rot=0.061 +- 0.057 deg, trans=0.050 +- 0.023 m, vel=0.144 +- 0.062 m/s
[2026-07-10 15:59:47.427] [odom] [warning] IMU better ratios rot=0.84, trans=0.01, vel=0.03
[2026-07-10 15:59:47.997] [glim] [info] playback speed: 1.986x
[2026-07-10 15:59:48.338] [odom] [warning] IMU bias estimation seems inaccurate.
[2026-07-10 15:59:48.338] [odom] [warning] Possibly T_lidar_imu is not accurate or LiDAR-IMU synchronization is not correct.
[2026-07-10 15:59:48.338] [odom] [warning] IMU bias validation results:
[2026-07-10 15:59:48.338] [odom] [warning] num_bias_validations=6464
[2026-07-10 15:59:48.338] [odom] [warning] bias_acc=[0.415, 0.635, 0.144] m/s^2, bias_gyro=[-0.018, 0.001, 0.002] rad/s
[2026-07-10 15:59:48.338] [odom] [warning] acc_stat ax=-0.223 +- 0.317 [min=-0.593, max=0.415], ay=0.365 +- 0.368 [min=-0.121, max=0.904], az=0.171 +- 0.085 [min=0.009, max=0.301] m/s^2
[2026-07-10 15:59:48.338] [odom] [warning] gyro_stat wx=-0.018 +- 0.001 [min=-0.019, max=-0.015], wy=0.001 +- 0.000 [min=-0.000, max=0.002], wz=0.001 +- 0.000 [min=0.001, max=0.002] rad/s
[2026-07-10 15:59:48.624] [odom] [warning] IMU prediction is not good.
[2026-07-10 15:59:48.624] [odom] [warning] Possibly T_lidar_imu is not accurate or IMU bias is not well estimated.
[2026-07-10 15:59:48.624] [odom] [warning] IMU validation results:
[2026-07-10 15:59:48.624] [odom] [warning] num_validations=6144
[2026-07-10 15:59:48.624] [odom] [warning] No-IMU errors rot=0.201 +- 0.256 deg, trans=0.042 +- 0.021 m, vel=0.026 +- 0.019 m/s
[2026-07-10 15:59:48.624] [odom] [warning] IMU errors rot=0.061 +- 0.057 deg, trans=0.049 +- 0.023 m, vel=0.143 +- 0.062 m/s
[2026-07-10 15:59:48.624] [odom] [warning] IMU better ratios rot=0.84, trans=0.01, vel=0.03
[2026-07-10 15:59:50.333] [odom] [warning] IMU bias estimation seems inaccurate.
[2026-07-10 15:59:50.333] [odom] [warning] Possibly T_lidar_imu is not accurate or LiDAR-IMU synchronization is not correct.
[2026-07-10 15:59:50.333] [odom] [warning] IMU bias validation results:
[2026-07-10 15:59:50.333] [odom] [warning] num_bias_validations=6528
[2026-07-10 15:59:50.333] [odom] [warning] bias_acc=[0.417, 0.622, 0.139] m/s^2, bias_gyro=[-0.018, 0.002, 0.002] rad/s
[2026-07-10 15:59:50.333] [odom] [warning] acc_stat ax=-0.217 +- 0.322 [min=-0.593, max=0.417], ay=0.368 +- 0.367 [min=-0.121, max=0.904], az=0.171 +- 0.085 [min=0.009, max=0.301] m/s^2
[2026-07-10 15:59:50.333] [odom] [warning] gyro_stat wx=-0.018 +- 0.001 [min=-0.019, max=-0.015], wy=0.001 +- 0.000 [min=-0.000, max=0.002], wz=0.001 +- 0.000 [min=0.001, max=0.002] rad/s
[2026-07-10 15:59:51.124] [odom] [warning] IMU prediction is not good.
[2026-07-10 15:59:51.124] [odom] [warning] Possibly T_lidar_imu is not accurate or IMU bias is not well estimated.
[2026-07-10 15:59:51.124] [odom] [warning] IMU validation results:
[2026-07-10 15:59:51.124] [odom] [warning] num_validations=6208
[2026-07-10 15:59:51.124] [odom] [warning] No-IMU errors rot=0.201 +- 0.255 deg, trans=0.042 +- 0.021 m, vel=0.026 +- 0.019 m/s
[2026-07-10 15:59:51.124] [odom] [warning] IMU errors rot=0.061 +- 0.057 deg, trans=0.049 +- 0.023 m, vel=0.142 +- 0.063 m/s
[2026-07-10 15:59:51.124] [odom] [warning] IMU better ratios rot=0.84, trans=0.01, vel=0.03
[2026-07-10 15:59:51.820] [odom] [warning] IMU bias estimation seems inaccurate.
[2026-07-10 15:59:51.820] [odom] [warning] Possibly T_lidar_imu is not accurate or LiDAR-IMU synchronization is not correct.
[2026-07-10 15:59:51.820] [odom] [warning] IMU bias validation results:
[2026-07-10 15:59:51.820] [odom] [warning] num_bias_validations=6592
[2026-07-10 15:59:51.820] [odom] [warning] bias_acc=[0.417, 0.608, 0.136] m/s^2, bias_gyro=[-0.018, 0.002, 0.002] rad/s
[2026-07-10 15:59:51.820] [odom] [warning] acc_stat ax=-0.211 +- 0.326 [min=-0.593, max=0.417], ay=0.370 +- 0.366 [min=-0.121, max=0.904], az=0.171 +- 0.085 [min=0.009, max=0.301] m/s^2
[2026-07-10 15:59:51.820] [odom] [warning] gyro_stat wx=-0.018 +- 0.001 [min=-0.019, max=-0.015], wy=0.001 +- 0.000 [min=-0.000, max=0.002], wz=0.001 +- 0.000 [min=0.001, max=0.002] rad/s
[2026-07-10 15:59:52.216] [odom] [warning] IMU prediction is not good.
[2026-07-10 15:59:52.216] [odom] [warning] Possibly T_lidar_imu is not accurate or IMU bias is not well estimated.
[2026-07-10 15:59:52.216] [odom] [warning] IMU validation results:
[2026-07-10 15:59:52.216] [odom] [warning] num_validations=6272
[2026-07-10 15:59:52.216] [odom] [warning] No-IMU errors rot=0.200 +- 0.254 deg, trans=0.042 +- 0.021 m, vel=0.026 +- 0.019 m/s
[2026-07-10 15:59:52.216] [odom] [warning] IMU errors rot=0.061 +- 0.057 deg, trans=0.049 +- 0.024 m, vel=0.141 +- 0.063 m/s
[2026-07-10 15:59:52.216] [odom] [warning] IMU better ratios rot=0.84, trans=0.01, vel=0.03
[2026-07-10 15:59:52.997] [glim] [info] playback speed: 4.078x
[2026-07-10 15:59:53.620] [odom] [warning] IMU bias estimation seems inaccurate.
[2026-07-10 15:59:53.620] [odom] [warning] Possibly T_lidar_imu is not accurate or LiDAR-IMU synchronization is not correct.
[2026-07-10 15:59:53.620] [odom] [warning] IMU bias validation results:
[2026-07-10 15:59:53.620] [odom] [warning] num_bias_validations=6656
[2026-07-10 15:59:53.620] [odom] [warning] bias_acc=[0.416, 0.595, 0.132] m/s^2, bias_gyro=[-0.018, 0.002, 0.002] rad/s
[2026-07-10 15:59:53.620] [odom] [warning] acc_stat ax=-0.205 +- 0.331 [min=-0.593, max=0.417], ay=0.372 +- 0.365 [min=-0.121, max=0.904], az=0.170 +- 0.084 [min=0.009, max=0.301] m/s^2
[2026-07-10 15:59:53.620] [odom] [warning] gyro_stat wx=-0.018 +- 0.001 [min=-0.019, max=-0.015], wy=0.001 +- 0.000 [min=-0.000, max=0.002], wz=0.001 +- 0.000 [min=0.001, max=0.002] rad/s
[2026-07-10 15:59:53.791] [odom] [warning] IMU prediction is not good.
[2026-07-10 15:59:53.791] [odom] [warning] Possibly T_lidar_imu is not accurate or IMU bias is not well estimated.
[2026-07-10 15:59:53.791] [odom] [warning] IMU validation results:
[2026-07-10 15:59:53.791] [odom] [warning] num_validations=6336
[2026-07-10 15:59:53.791] [odom] [warning] No-IMU errors rot=0.198 +- 0.253 deg, trans=0.041 +- 0.021 m, vel=0.026 +- 0.019 m/s
[2026-07-10 15:59:53.791] [odom] [warning] IMU errors rot=0.060 +- 0.056 deg, trans=0.048 +- 0.024 m, vel=0.140 +- 0.064 m/s
[2026-07-10 15:59:53.791] [odom] [warning] IMU better ratios rot=0.84, trans=0.01, vel=0.03
[2026-07-10 15:59:55.261] [odom] [warning] IMU bias estimation seems inaccurate.
[2026-07-10 15:59:55.261] [odom] [warning] Possibly T_lidar_imu is not accurate or LiDAR-IMU synchronization is not correct.
[2026-07-10 15:59:55.261] [odom] [warning] IMU bias validation results:
[2026-07-10 15:59:55.261] [odom] [warning] num_bias_validations=6720
[2026-07-10 15:59:55.261] [odom] [warning] bias_acc=[0.414, 0.582, 0.128] m/s^2, bias_gyro=[-0.018, 0.001, 0.001] rad/s
[2026-07-10 15:59:55.261] [odom] [warning] acc_stat ax=-0.199 +- 0.334 [min=-0.593, max=0.417], ay=0.374 +- 0.364 [min=-0.121, max=0.904], az=0.170 +- 0.084 [min=0.009, max=0.301] m/s^2
[2026-07-10 15:59:55.261] [odom] [warning] gyro_stat wx=-0.018 +- 0.001 [min=-0.019, max=-0.015], wy=0.001 +- 0.000 [min=-0.000, max=0.002], wz=0.001 +- 0.000 [min=0.001, max=0.002] rad/s
[2026-07-10 15:59:55.883] [odom] [warning] IMU prediction is not good.
[2026-07-10 15:59:55.883] [odom] [warning] Possibly T_lidar_imu is not accurate or IMU bias is not well estimated.
[2026-07-10 15:59:55.883] [odom] [warning] IMU validation results:
[2026-07-10 15:59:55.883] [odom] [warning] num_validations=6400
[2026-07-10 15:59:55.883] [odom] [warning] No-IMU errors rot=0.198 +- 0.252 deg, trans=0.041 +- 0.021 m, vel=0.026 +- 0.018 m/s
[2026-07-10 15:59:55.883] [odom] [warning] IMU errors rot=0.060 +- 0.056 deg, trans=0.048 +- 0.024 m, vel=0.139 +- 0.064 m/s
[2026-07-10 15:59:55.883] [odom] [warning] IMU better ratios rot=0.84, trans=0.01, vel=0.03
[2026-07-10 15:59:56.673] [odom] [warning] IMU bias estimation seems inaccurate.
[2026-07-10 15:59:56.673] [odom] [warning] Possibly T_lidar_imu is not accurate or LiDAR-IMU synchronization is not correct.
[2026-07-10 15:59:56.673] [odom] [warning] IMU bias validation results:
[2026-07-10 15:59:56.673] [odom] [warning] num_bias_validations=6784
[2026-07-10 15:59:56.673] [odom] [warning] bias_acc=[0.411, 0.572, 0.126] m/s^2, bias_gyro=[-0.018, 0.001, 0.001] rad/s
[2026-07-10 15:59:56.673] [odom] [warning] acc_stat ax=-0.193 +- 0.338 [min=-0.593, max=0.417], ay=0.376 +- 0.363 [min=-0.121, max=0.904], az=0.170 +- 0.084 [min=0.009, max=0.301] m/s^2
[2026-07-10 15:59:56.673] [odom] [warning] gyro_stat wx=-0.018 +- 0.001 [min=-0.019, max=-0.015], wy=0.001 +- 0.000 [min=-0.000, max=0.002], wz=0.001 +- 0.000 [min=0.001, max=0.002] rad/s
[2026-07-10 15:59:56.820] [odom] [warning] IMU prediction is not good.
[2026-07-10 15:59:56.820] [odom] [warning] Possibly T_lidar_imu is not accurate or IMU bias is not well estimated.
[2026-07-10 15:59:56.820] [odom] [warning] IMU validation results:
[2026-07-10 15:59:56.820] [odom] [warning] num_validations=6464
[2026-07-10 15:59:56.820] [odom] [warning] No-IMU errors rot=0.198 +- 0.251 deg, trans=0.041 +- 0.021 m, vel=0.026 +- 0.018 m/s
[2026-07-10 15:59:56.820] [odom] [warning] IMU errors rot=0.061 +- 0.056 deg, trans=0.047 +- 0.024 m, vel=0.138 +- 0.065 m/s
[2026-07-10 15:59:56.820] [odom] [warning] IMU better ratios rot=0.84, trans=0.02, vel=0.04
[2026-07-10 15:59:57.998] [glim] [info] playback speed: 4.239x
[2026-07-10 15:59:58.129] [odom] [warning] IMU bias estimation seems inaccurate.
[2026-07-10 15:59:58.129] [odom] [warning] Possibly T_lidar_imu is not accurate or LiDAR-IMU synchronization is not correct.
[2026-07-10 15:59:58.129] [odom] [warning] IMU bias validation results:
[2026-07-10 15:59:58.129] [odom] [warning] num_bias_validations=6848
[2026-07-10 15:59:58.129] [odom] [warning] bias_acc=[0.406, 0.562, 0.123] m/s^2, bias_gyro=[-0.018, 0.001, 0.001] rad/s
[2026-07-10 15:59:58.129] [odom] [warning] acc_stat ax=-0.188 +- 0.341 [min=-0.593, max=0.417], ay=0.378 +- 0.361 [min=-0.121, max=0.904], az=0.169 +- 0.084 [min=0.009, max=0.301] m/s^2
[2026-07-10 15:59:58.129] [odom] [warning] gyro_stat wx=-0.018 +- 0.001 [min=-0.019, max=-0.015], wy=0.001 +- 0.000 [min=-0.000, max=0.002], wz=0.001 +- 0.000 [min=0.001, max=0.002] rad/s
[2026-07-10 15:59:58.353] [odom] [warning] IMU prediction is not good.
[2026-07-10 15:59:58.353] [odom] [warning] Possibly T_lidar_imu is not accurate or IMU bias is not well estimated.
[2026-07-10 15:59:58.353] [odom] [warning] IMU validation results:
[2026-07-10 15:59:58.353] [odom] [warning] num_validations=6528
[2026-07-10 15:59:58.353] [odom] [warning] No-IMU errors rot=0.197 +- 0.250 deg, trans=0.040 +- 0.021 m, vel=0.027 +- 0.019 m/s
[2026-07-10 15:59:58.353] [odom] [warning] IMU errors rot=0.061 +- 0.056 deg, trans=0.047 +- 0.024 m, vel=0.137 +- 0.065 m/s
[2026-07-10 15:59:58.353] [odom] [warning] IMU better ratios rot=0.84, trans=0.02, vel=0.04
[2026-07-10 15:59:59.168] [odom] [warning] IMU bias estimation seems inaccurate.
[2026-07-10 15:59:59.168] [odom] [warning] Possibly T_lidar_imu is not accurate or LiDAR-IMU synchronization is not correct.
[2026-07-10 15:59:59.168] [odom] [warning] IMU bias validation results:
[2026-07-10 15:59:59.168] [odom] [warning] num_bias_validations=6912
[2026-07-10 15:59:59.168] [odom] [warning] bias_acc=[0.401, 0.553, 0.120] m/s^2, bias_gyro=[-0.018, 0.001, 0.001] rad/s
[2026-07-10 15:59:59.168] [odom] [warning] acc_stat ax=-0.182 +- 0.344 [min=-0.593, max=0.417], ay=0.380 +- 0.360 [min=-0.121, max=0.904], az=0.169 +- 0.083 [min=0.009, max=0.301] m/s^2
[2026-07-10 15:59:59.168] [odom] [warning] gyro_stat wx=-0.018 +- 0.001 [min=-0.019, max=-0.015], wy=0.001 +- 0.000 [min=-0.000, max=0.002], wz=0.001 +- 0.000 [min=0.001, max=0.002] rad/s
[2026-07-10 15:59:59.715] [odom] [warning] IMU prediction is not good.
[2026-07-10 15:59:59.715] [odom] [warning] Possibly T_lidar_imu is not accurate or IMU bias is not well estimated.
[2026-07-10 15:59:59.715] [odom] [warning] IMU validation results:
[2026-07-10 15:59:59.715] [odom] [warning] num_validations=6592
[2026-07-10 15:59:59.715] [odom] [warning] No-IMU errors rot=0.197 +- 0.249 deg, trans=0.040 +- 0.021 m, vel=0.026 +- 0.019 m/s
[2026-07-10 15:59:59.715] [odom] [warning] IMU errors rot=0.060 +- 0.056 deg, trans=0.047 +- 0.025 m, vel=0.136 +- 0.066 m/s
[2026-07-10 15:59:59.715] [odom] [warning] IMU better ratios rot=0.84, trans=0.02, vel=0.05
[2026-07-10 16:00:00.851] [odom] [warning] IMU bias estimation seems inaccurate.
[2026-07-10 16:00:00.851] [odom] [warning] Possibly T_lidar_imu is not accurate or LiDAR-IMU synchronization is not correct.
[2026-07-10 16:00:00.851] [odom] [warning] IMU bias validation results:
[2026-07-10 16:00:00.851] [odom] [warning] num_bias_validations=6976
[2026-07-10 16:00:00.851] [odom] [warning] bias_acc=[0.395, 0.543, 0.118] m/s^2, bias_gyro=[-0.018, 0.001, 0.001] rad/s
[2026-07-10 16:00:00.851] [odom] [warning] acc_stat ax=-0.177 +- 0.347 [min=-0.593, max=0.417], ay=0.381 +- 0.359 [min=-0.121, max=0.904], az=0.168 +- 0.083 [min=0.009, max=0.301] m/s^2
[2026-07-10 16:00:00.851] [odom] [warning] gyro_stat wx=-0.018 +- 0.001 [min=-0.019, max=-0.015], wy=0.001 +- 0.000 [min=-0.000, max=0.002], wz=0.001 +- 0.000 [min=0.001, max=0.002] rad/s
[2026-07-10 16:00:01.407] [odom] [warning] IMU prediction is not good.
[2026-07-10 16:00:01.407] [odom] [warning] Possibly T_lidar_imu is not accurate or IMU bias is not well estimated.
[2026-07-10 16:00:01.407] [odom] [warning] IMU validation results:
[2026-07-10 16:00:01.407] [odom] [warning] num_validations=6656
[2026-07-10 16:00:01.407] [odom] [warning] No-IMU errors rot=0.196 +- 0.248 deg, trans=0.040 +- 0.022 m, vel=0.026 +- 0.018 m/s
[2026-07-10 16:00:01.407] [odom] [warning] IMU errors rot=0.060 +- 0.056 deg, trans=0.046 +- 0.025 m, vel=0.135 +- 0.067 m/s
[2026-07-10 16:00:01.407] [odom] [warning] IMU better ratios rot=0.84, trans=0.03, vel=0.05
[2026-07-10 16:00:02.279] [odom] [warning] IMU bias estimation seems inaccurate.
[2026-07-10 16:00:02.279] [odom] [warning] Possibly T_lidar_imu is not accurate or LiDAR-IMU synchronization is not correct.
[2026-07-10 16:00:02.279] [odom] [warning] IMU bias validation results:
[2026-07-10 16:00:02.279] [odom] [warning] num_bias_validations=7040
[2026-07-10 16:00:02.279] [odom] [warning] bias_acc=[0.390, 0.534, 0.116] m/s^2, bias_gyro=[-0.017, 0.001, 0.001] rad/s
[2026-07-10 16:00:02.279] [odom] [warning] acc_stat ax=-0.172 +- 0.350 [min=-0.593, max=0.417], ay=0.383 +- 0.357 [min=-0.121, max=0.904], az=0.168 +- 0.083 [min=0.009, max=0.301] m/s^2
[2026-07-10 16:00:02.279] [odom] [warning] gyro_stat wx=-0.018 +- 0.001 [min=-0.019, max=-0.015], wy=0.001 +- 0.000 [min=-0.000, max=0.002], wz=0.001 +- 0.000 [min=0.001, max=0.002] rad/s
[2026-07-10 16:00:02.840] [odom] [warning] IMU prediction is not good.
[2026-07-10 16:00:02.840] [odom] [warning] Possibly T_lidar_imu is not accurate or IMU bias is not well estimated.
[2026-07-10 16:00:02.840] [odom] [warning] IMU validation results:
[2026-07-10 16:00:02.840] [odom] [warning] num_validations=6720
[2026-07-10 16:00:02.840] [odom] [warning] No-IMU errors rot=0.196 +- 0.247 deg, trans=0.039 +- 0.022 m, vel=0.026 +- 0.018 m/s
[2026-07-10 16:00:02.840] [odom] [warning] IMU errors rot=0.060 +- 0.056 deg, trans=0.046 +- 0.025 m, vel=0.134 +- 0.067 m/s
[2026-07-10 16:00:02.840] [odom] [warning] IMU better ratios rot=0.84, trans=0.03, vel=0.06
[2026-07-10 16:00:03.002] [glim] [info] playback speed: 4.460x
[2026-07-10 16:00:04.281] [odom] [warning] IMU bias estimation seems inaccurate.
[2026-07-10 16:00:04.281] [odom] [warning] Possibly T_lidar_imu is not accurate or LiDAR-IMU synchronization is not correct.
[2026-07-10 16:00:04.281] [odom] [warning] IMU bias validation results:
[2026-07-10 16:00:04.281] [odom] [warning] num_bias_validations=7104
[2026-07-10 16:00:04.281] [odom] [warning] bias_acc=[0.382, 0.528, 0.114] m/s^2, bias_gyro=[-0.017, 0.001, 0.001] rad/s
[2026-07-10 16:00:04.281] [odom] [warning] acc_stat ax=-0.167 +- 0.352 [min=-0.593, max=0.417], ay=0.384 +- 0.356 [min=-0.121, max=0.904], az=0.167 +- 0.083 [min=0.009, max=0.301] m/s^2
[2026-07-10 16:00:04.281] [odom] [warning] gyro_stat wx=-0.018 +- 0.001 [min=-0.019, max=-0.015], wy=0.001 +- 0.000 [min=-0.000, max=0.002], wz=0.001 +- 0.000 [min=0.001, max=0.002] rad/s
[2026-07-10 16:00:04.593] [odom] [warning] IMU prediction is not good.
[2026-07-10 16:00:04.593] [odom] [warning] Possibly T_lidar_imu is not accurate or IMU bias is not well estimated.
[2026-07-10 16:00:04.593] [odom] [warning] IMU validation results:
[2026-07-10 16:00:04.593] [odom] [warning] num_validations=6784
[2026-07-10 16:00:04.593] [odom] [warning] No-IMU errors rot=0.195 +- 0.246 deg, trans=0.039 +- 0.022 m, vel=0.026 +- 0.018 m/s
[2026-07-10 16:00:04.593] [odom] [warning] IMU errors rot=0.060 +- 0.056 deg, trans=0.046 +- 0.025 m, vel=0.133 +- 0.068 m/s
[2026-07-10 16:00:04.593] [odom] [warning] IMU better ratios rot=0.84, trans=0.03, vel=0.06
[2026-07-10 16:00:05.934] [odom] [warning] IMU bias estimation seems inaccurate.
[2026-07-10 16:00:05.934] [odom] [warning] Possibly T_lidar_imu is not accurate or LiDAR-IMU synchronization is not correct.
[2026-07-10 16:00:05.934] [odom] [warning] IMU bias validation results:
[2026-07-10 16:00:05.934] [odom] [warning] num_bias_validations=7168
[2026-07-10 16:00:05.934] [odom] [warning] bias_acc=[0.374, 0.523, 0.113] m/s^2, bias_gyro=[-0.017, 0.001, 0.001] rad/s
[2026-07-10 16:00:05.934] [odom] [warning] acc_stat ax=-0.162 +- 0.354 [min=-0.593, max=0.417], ay=0.385 +- 0.355 [min=-0.121, max=0.904], az=0.167 +- 0.082 [min=0.009, max=0.301] m/s^2
[2026-07-10 16:00:05.934] [odom] [warning] gyro_stat wx=-0.018 +- 0.001 [min=-0.019, max=-0.015], wy=0.001 +- 0.000 [min=-0.000, max=0.002], wz=0.001 +- 0.000 [min=0.001, max=0.002] rad/s
[2026-07-10 16:00:06.089] [odom] [warning] IMU prediction is not good.
[2026-07-10 16:00:06.089] [odom] [warning] Possibly T_lidar_imu is not accurate or IMU bias is not well estimated.
[2026-07-10 16:00:06.089] [odom] [warning] IMU validation results:
[2026-07-10 16:00:06.089] [odom] [warning] num_validations=6848
[2026-07-10 16:00:06.089] [odom] [warning] No-IMU errors rot=0.194 +- 0.245 deg, trans=0.039 +- 0.022 m, vel=0.027 +- 0.018 m/s
[2026-07-10 16:00:06.089] [odom] [warning] IMU errors rot=0.060 +- 0.056 deg, trans=0.045 +- 0.025 m, vel=0.132 +- 0.068 m/s
[2026-07-10 16:00:06.089] [odom] [warning] IMU better ratios rot=0.84, trans=0.03, vel=0.06
[2026-07-10 16:00:07.418] [odom] [warning] IMU bias estimation seems inaccurate.
[2026-07-10 16:00:07.418] [odom] [warning] Possibly T_lidar_imu is not accurate or LiDAR-IMU synchronization is not correct.
[2026-07-10 16:00:07.418] [odom] [warning] IMU bias validation results:
[2026-07-10 16:00:07.418] [odom] [warning] num_bias_validations=7232
[2026-07-10 16:00:07.418] [odom] [warning] bias_acc=[0.366, 0.520, 0.112] m/s^2, bias_gyro=[-0.017, 0.001, 0.001] rad/s
[2026-07-10 16:00:07.418] [odom] [warning] acc_stat ax=-0.157 +- 0.356 [min=-0.593, max=0.417], ay=0.386 +- 0.353 [min=-0.121, max=0.904], az=0.166 +- 0.082 [min=0.009, max=0.301] m/s^2
[2026-07-10 16:00:07.418] [odom] [warning] gyro_stat wx=-0.018 +- 0.001 [min=-0.019, max=-0.015], wy=0.001 +- 0.000 [min=-0.000, max=0.002], wz=0.001 +- 0.000 [min=0.001, max=0.002] rad/s
[2026-07-10 16:00:07.735] [odom] [warning] IMU prediction is not good.
[2026-07-10 16:00:07.735] [odom] [warning] Possibly T_lidar_imu is not accurate or IMU bias is not well estimated.
[2026-07-10 16:00:07.735] [odom] [warning] IMU validation results:
[2026-07-10 16:00:07.735] [odom] [warning] num_validations=6912
[2026-07-10 16:00:07.735] [odom] [warning] No-IMU errors rot=0.194 +- 0.245 deg, trans=0.038 +- 0.022 m, vel=0.027 +- 0.018 m/s
[2026-07-10 16:00:07.735] [odom] [warning] IMU errors rot=0.060 +- 0.055 deg, trans=0.045 +- 0.025 m, vel=0.131 +- 0.068 m/s
[2026-07-10 16:00:07.735] [odom] [warning] IMU better ratios rot=0.84, trans=0.03, vel=0.06
[2026-07-10 16:00:08.002] [glim] [info] playback speed: 4.340x
[2026-07-10 16:00:08.551] [odom] [warning] IMU bias estimation seems inaccurate.
[2026-07-10 16:00:08.551] [odom] [warning] Possibly T_lidar_imu is not accurate or LiDAR-IMU synchronization is not correct.
[2026-07-10 16:00:08.551] [odom] [warning] IMU bias validation results:
[2026-07-10 16:00:08.551] [odom] [warning] num_bias_validations=7296
[2026-07-10 16:00:08.551] [odom] [warning] bias_acc=[0.355, 0.518, 0.111] m/s^2, bias_gyro=[-0.017, 0.001, 0.001] rad/s
[2026-07-10 16:00:08.551] [odom] [warning] acc_stat ax=-0.153 +- 0.358 [min=-0.593, max=0.417], ay=0.387 +- 0.352 [min=-0.121, max=0.904], az=0.166 +- 0.082 [min=0.009, max=0.301] m/s^2
[2026-07-10 16:00:08.551] [odom] [warning] gyro_stat wx=-0.018 +- 0.001 [min=-0.019, max=-0.015], wy=0.001 +- 0.000 [min=-0.000, max=0.002], wz=0.001 +- 0.000 [min=0.001, max=0.002] rad/s
[2026-07-10 16:00:09.290] [odom] [warning] IMU prediction is not good.
[2026-07-10 16:00:09.290] [odom] [warning] Possibly T_lidar_imu is not accurate or IMU bias is not well estimated.
[2026-07-10 16:00:09.290] [odom] [warning] IMU validation results:
[2026-07-10 16:00:09.290] [odom] [warning] num_validations=6976
[2026-07-10 16:00:09.290] [odom] [warning] No-IMU errors rot=0.194 +- 0.244 deg, trans=0.038 +- 0.022 m, vel=0.027 +- 0.018 m/s
[2026-07-10 16:00:09.290] [odom] [warning] IMU errors rot=0.060 +- 0.055 deg, trans=0.045 +- 0.025 m, vel=0.130 +- 0.068 m/s
[2026-07-10 16:00:09.290] [odom] [warning] IMU better ratios rot=0.84, trans=0.03, vel=0.06
[2026-07-10 16:00:10.181] [odom] [warning] IMU bias estimation seems inaccurate.
[2026-07-10 16:00:10.181] [odom] [warning] Possibly T_lidar_imu is not accurate or LiDAR-IMU synchronization is not correct.
[2026-07-10 16:00:10.181] [odom] [warning] IMU bias validation results:
[2026-07-10 16:00:10.181] [odom] [warning] num_bias_validations=7360
[2026-07-10 16:00:10.181] [odom] [warning] bias_acc=[0.344, 0.516, 0.110] m/s^2, bias_gyro=[-0.017, 0.001, 0.001] rad/s
[2026-07-10 16:00:10.181] [odom] [warning] acc_stat ax=-0.148 +- 0.359 [min=-0.593, max=0.417], ay=0.389 +- 0.351 [min=-0.121, max=0.904], az=0.165 +- 0.082 [min=0.009, max=0.301] m/s^2
[2026-07-10 16:00:10.181] [odom] [warning] gyro_stat wx=-0.018 +- 0.001 [min=-0.019, max=-0.015], wy=0.001 +- 0.000 [min=-0.000, max=0.002], wz=0.001 +- 0.000 [min=0.001, max=0.002] rad/s
[2026-07-10 16:00:10.405] [odom] [warning] IMU prediction is not good.
[2026-07-10 16:00:10.405] [odom] [warning] Possibly T_lidar_imu is not accurate or IMU bias is not well estimated.
[2026-07-10 16:00:10.405] [odom] [warning] IMU validation results:
[2026-07-10 16:00:10.405] [odom] [warning] num_validations=7040
[2026-07-10 16:00:10.405] [odom] [warning] No-IMU errors rot=0.193 +- 0.243 deg, trans=0.038 +- 0.022 m, vel=0.027 +- 0.018 m/s
[2026-07-10 16:00:10.405] [odom] [warning] IMU errors rot=0.060 +- 0.055 deg, trans=0.044 +- 0.025 m, vel=0.129 +- 0.068 m/s
[2026-07-10 16:00:10.405] [odom] [warning] IMU better ratios rot=0.84, trans=0.03, vel=0.06
[2026-07-10 16:00:11.871] [odom] [warning] IMU bias estimation seems inaccurate.
[2026-07-10 16:00:11.871] [odom] [warning] Possibly T_lidar_imu is not accurate or LiDAR-IMU synchronization is not correct.
[2026-07-10 16:00:11.871] [odom] [warning] IMU bias validation results:
[2026-07-10 16:00:11.871] [odom] [warning] num_bias_validations=7424
[2026-07-10 16:00:11.871] [odom] [warning] bias_acc=[0.334, 0.513, 0.110] m/s^2, bias_gyro=[-0.017, 0.001, 0.001] rad/s
[2026-07-10 16:00:11.871] [odom] [warning] acc_stat ax=-0.144 +- 0.360 [min=-0.593, max=0.417], ay=0.390 +- 0.349 [min=-0.121, max=0.904], az=0.165 +- 0.082 [min=0.009, max=0.301] m/s^2
[2026-07-10 16:00:11.871] [odom] [warning] gyro_stat wx=-0.018 +- 0.001 [min=-0.019, max=-0.015], wy=0.001 +- 0.000 [min=-0.000, max=0.002], wz=0.001 +- 0.000 [min=0.001, max=0.002] rad/s
[2026-07-10 16:00:12.222] [odom] [warning] IMU prediction is not good.
[2026-07-10 16:00:12.222] [odom] [warning] Possibly T_lidar_imu is not accurate or IMU bias is not well estimated.
[2026-07-10 16:00:12.222] [odom] [warning] IMU validation results:
[2026-07-10 16:00:12.222] [odom] [warning] num_validations=7104
[2026-07-10 16:00:12.222] [odom] [warning] No-IMU errors rot=0.192 +- 0.242 deg, trans=0.038 +- 0.022 m, vel=0.027 +- 0.018 m/s
[2026-07-10 16:00:12.222] [odom] [warning] IMU errors rot=0.060 +- 0.055 deg, trans=0.044 +- 0.026 m, vel=0.128 +- 0.069 m/s
[2026-07-10 16:00:12.222] [odom] [warning] IMU better ratios rot=0.84, trans=0.03, vel=0.06
[2026-07-10 16:00:12.874] [odom] [warning] IMU bias estimation seems inaccurate.
[2026-07-10 16:00:12.875] [odom] [warning] Possibly T_lidar_imu is not accurate or LiDAR-IMU synchronization is not correct.
[2026-07-10 16:00:12.875] [odom] [warning] IMU bias validation results:
[2026-07-10 16:00:12.875] [odom] [warning] num_bias_validations=7488
[2026-07-10 16:00:12.875] [odom] [warning] bias_acc=[0.325, 0.508, 0.109] m/s^2, bias_gyro=[-0.018, 0.001, 0.001] rad/s
[2026-07-10 16:00:12.875] [odom] [warning] acc_stat ax=-0.140 +- 0.361 [min=-0.593, max=0.417], ay=0.391 +- 0.348 [min=-0.121, max=0.904], az=0.164 +- 0.081 [min=0.009, max=0.301] m/s^2
[2026-07-10 16:00:12.875] [odom] [warning] gyro_stat wx=-0.018 +- 0.001 [min=-0.019, max=-0.015], wy=0.001 +- 0.000 [min=-0.000, max=0.002], wz=0.001 +- 0.000 [min=0.001, max=0.002] rad/s
[2026-07-10 16:00:13.010] [glim] [info] playback speed: 4.356x
[2026-07-10 16:00:14.713] [odom] [warning] IMU bias estimation seems inaccurate.
[2026-07-10 16:00:14.713] [odom] [warning] Possibly T_lidar_imu is not accurate or LiDAR-IMU synchronization is not correct.
[2026-07-10 16:00:14.713] [odom] [warning] IMU bias validation results:
[2026-07-10 16:00:14.713] [odom] [warning] num_bias_validations=7552
[2026-07-10 16:00:14.713] [odom] [warning] bias_acc=[0.315, 0.503, 0.108] m/s^2, bias_gyro=[-0.018, 0.001, 0.001] rad/s
[2026-07-10 16:00:14.713] [odom] [warning] acc_stat ax=-0.136 +- 0.362 [min=-0.593, max=0.417], ay=0.392 +- 0.347 [min=-0.121, max=0.904], az=0.164 +- 0.081 [min=0.009, max=0.301] m/s^2
[2026-07-10 16:00:14.713] [odom] [warning] gyro_stat wx=-0.018 +- 0.001 [min=-0.019, max=-0.015], wy=0.001 +- 0.000 [min=-0.000, max=0.002], wz=0.001 +- 0.000 [min=0.001, max=0.002] rad/s
[2026-07-10 16:00:14.959] [odom] [warning] IMU prediction is not good.
[2026-07-10 16:00:14.959] [odom] [warning] Possibly T_lidar_imu is not accurate or IMU bias is not well estimated.
[2026-07-10 16:00:14.959] [odom] [warning] IMU validation results:
[2026-07-10 16:00:14.959] [odom] [warning] num_validations=7168
[2026-07-10 16:00:14.959] [odom] [warning] No-IMU errors rot=0.191 +- 0.241 deg, trans=0.037 +- 0.022 m, vel=0.027 +- 0.018 m/s
[2026-07-10 16:00:14.959] [odom] [warning] IMU errors rot=0.060 +- 0.055 deg, trans=0.044 +- 0.026 m, vel=0.128 +- 0.069 m/s
[2026-07-10 16:00:14.959] [odom] [warning] IMU better ratios rot=0.84, trans=0.03, vel=0.07
[2026-07-10 16:00:16.385] [odom] [warning] IMU prediction is not good.
[2026-07-10 16:00:16.385] [odom] [warning] Possibly T_lidar_imu is not accurate or IMU bias is not well estimated.
[2026-07-10 16:00:16.385] [odom] [warning] IMU validation results:
[2026-07-10 16:00:16.385] [odom] [warning] num_validations=7232
[2026-07-10 16:00:16.385] [odom] [warning] No-IMU errors rot=0.191 +- 0.240 deg, trans=0.037 +- 0.022 m, vel=0.027 +- 0.018 m/s
[2026-07-10 16:00:16.385] [odom] [warning] IMU errors rot=0.060 +- 0.055 deg, trans=0.043 +- 0.026 m, vel=0.127 +- 0.069 m/s
[2026-07-10 16:00:16.385] [odom] [warning] IMU better ratios rot=0.84, trans=0.03, vel=0.07
[2026-07-10 16:00:18.030] [glim] [info] playback speed: 3.719x
[2026-07-10 16:00:18.751] [odom] [warning] IMU prediction is not good.
[2026-07-10 16:00:18.751] [odom] [warning] Possibly T_lidar_imu is not accurate or IMU bias is not well estimated.
[2026-07-10 16:00:18.751] [odom] [warning] IMU validation results:
[2026-07-10 16:00:18.751] [odom] [warning] num_validations=7296
[2026-07-10 16:00:18.751] [odom] [warning] No-IMU errors rot=0.191 +- 0.239 deg, trans=0.037 +- 0.022 m, vel=0.027 +- 0.018 m/s
[2026-07-10 16:00:18.751] [odom] [warning] IMU errors rot=0.060 +- 0.054 deg, trans=0.043 +- 0.026 m, vel=0.126 +- 0.069 m/s
[2026-07-10 16:00:18.751] [odom] [warning] IMU better ratios rot=0.84, trans=0.03, vel=0.07
[2026-07-10 16:00:19.649] [odom] [warning] IMU prediction is not good.
[2026-07-10 16:00:19.649] [odom] [warning] Possibly T_lidar_imu is not accurate or IMU bias is not well estimated.
[2026-07-10 16:00:19.649] [odom] [warning] IMU validation results:
[2026-07-10 16:00:19.649] [odom] [warning] num_validations=7360
[2026-07-10 16:00:19.649] [odom] [warning] No-IMU errors rot=0.190 +- 0.239 deg, trans=0.037 +- 0.022 m, vel=0.026 +- 0.018 m/s
[2026-07-10 16:00:19.649] [odom] [warning] IMU errors rot=0.060 +- 0.054 deg, trans=0.043 +- 0.026 m, vel=0.125 +- 0.070 m/s
[2026-07-10 16:00:19.649] [odom] [warning] IMU better ratios rot=0.84, trans=0.03, vel=0.07
[2026-07-10 16:00:21.134] [odom] [warning] IMU prediction is not good.
[2026-07-10 16:00:21.134] [odom] [warning] Possibly T_lidar_imu is not accurate or IMU bias is not well estimated.
[2026-07-10 16:00:21.134] [odom] [warning] IMU validation results:
[2026-07-10 16:00:21.134] [odom] [warning] num_validations=7424
[2026-07-10 16:00:21.134] [odom] [warning] No-IMU errors rot=0.191 +- 0.239 deg, trans=0.037 +- 0.022 m, vel=0.026 +- 0.018 m/s
[2026-07-10 16:00:21.134] [odom] [warning] IMU errors rot=0.060 +- 0.054 deg, trans=0.043 +- 0.026 m, vel=0.124 +- 0.070 m/s
[2026-07-10 16:00:21.134] [odom] [warning] IMU better ratios rot=0.84, trans=0.03, vel=0.07
[2026-07-10 16:00:22.997] [odom] [warning] IMU prediction is not good.
[2026-07-10 16:00:22.997] [odom] [warning] Possibly T_lidar_imu is not accurate or IMU bias is not well estimated.
[2026-07-10 16:00:22.997] [odom] [warning] IMU validation results:
[2026-07-10 16:00:22.997] [odom] [warning] num_validations=7488
[2026-07-10 16:00:22.997] [odom] [warning] No-IMU errors rot=0.191 +- 0.238 deg, trans=0.036 +- 0.022 m, vel=0.026 +- 0.018 m/s
[2026-07-10 16:00:22.997] [odom] [warning] IMU errors rot=0.060 +- 0.054 deg, trans=0.042 +- 0.026 m, vel=0.124 +- 0.070 m/s
[2026-07-10 16:00:22.997] [odom] [warning] IMU better ratios rot=0.84, trans=0.03, vel=0.07
[2026-07-10 16:00:23.034] [glim] [info] playback speed: 4.155x
[2026-07-10 16:00:24.024] [odom] [warning] IMU prediction is not good.
[2026-07-10 16:00:24.024] [odom] [warning] Possibly T_lidar_imu is not accurate or IMU bias is not well estimated.
[2026-07-10 16:00:24.024] [odom] [warning] IMU validation results:
[2026-07-10 16:00:24.024] [odom] [warning] num_validations=7552
[2026-07-10 16:00:24.024] [odom] [warning] No-IMU errors rot=0.190 +- 0.237 deg, trans=0.036 +- 0.022 m, vel=0.026 +- 0.018 m/s
[2026-07-10 16:00:24.024] [odom] [warning] IMU errors rot=0.059 +- 0.054 deg, trans=0.042 +- 0.026 m, vel=0.123 +- 0.070 m/s
[2026-07-10 16:00:24.024] [odom] [warning] IMU better ratios rot=0.84, trans=0.03, vel=0.07
[2026-07-10 16:00:26.381] [odom] [warning] IMU prediction is not good.
[2026-07-10 16:00:26.381] [odom] [warning] Possibly T_lidar_imu is not accurate or IMU bias is not well estimated.
[2026-07-10 16:00:26.381] [odom] [warning] IMU validation results:
[2026-07-10 16:00:26.381] [odom] [warning] num_validations=7616
[2026-07-10 16:00:26.381] [odom] [warning] No-IMU errors rot=0.189 +- 0.236 deg, trans=0.036 +- 0.022 m, vel=0.026 +- 0.018 m/s
[2026-07-10 16:00:26.381] [odom] [warning] IMU errors rot=0.059 +- 0.054 deg, trans=0.042 +- 0.026 m, vel=0.122 +- 0.070 m/s
[2026-07-10 16:00:26.381] [odom] [warning] IMU better ratios rot=0.84, trans=0.03, vel=0.07
[2026-07-10 16:00:27.419] [odom] [warning] IMU prediction is not good.
[2026-07-10 16:00:27.419] [odom] [warning] Possibly T_lidar_imu is not accurate or IMU bias is not well estimated.
[2026-07-10 16:00:27.419] [odom] [warning] IMU validation results:
[2026-07-10 16:00:27.419] [odom] [warning] num_validations=7680
[2026-07-10 16:00:27.419] [odom] [warning] No-IMU errors rot=0.189 +- 0.236 deg, trans=0.036 +- 0.023 m, vel=0.026 +- 0.018 m/s
[2026-07-10 16:00:27.419] [odom] [warning] IMU errors rot=0.059 +- 0.054 deg, trans=0.042 +- 0.026 m, vel=0.122 +- 0.070 m/s
[2026-07-10 16:00:27.419] [odom] [warning] IMU better ratios rot=0.84, trans=0.03, vel=0.07
[2026-07-10 16:00:28.053] [glim] [info] playback speed: 4.225x
[2026-07-10 16:00:30.426] [odom] [warning] IMU prediction is not good.
[2026-07-10 16:00:30.426] [odom] [warning] Possibly T_lidar_imu is not accurate or IMU bias is not well estimated.
[2026-07-10 16:00:30.426] [odom] [warning] IMU validation results:
[2026-07-10 16:00:30.426] [odom] [warning] num_validations=7744
[2026-07-10 16:00:30.426] [odom] [warning] No-IMU errors rot=0.189 +- 0.235 deg, trans=0.036 +- 0.023 m, vel=0.026 +- 0.018 m/s
[2026-07-10 16:00:30.426] [odom] [warning] IMU errors rot=0.059 +- 0.054 deg, trans=0.041 +- 0.026 m, vel=0.121 +- 0.071 m/s
[2026-07-10 16:00:30.426] [odom] [warning] IMU better ratios rot=0.84, trans=0.03, vel=0.07
[2026-07-10 16:00:31.649] [odom] [warning] IMU prediction is not good.
[2026-07-10 16:00:31.649] [odom] [warning] Possibly T_lidar_imu is not accurate or IMU bias is not well estimated.
[2026-07-10 16:00:31.649] [odom] [warning] IMU validation results:
[2026-07-10 16:00:31.649] [odom] [warning] num_validations=7808
[2026-07-10 16:00:31.649] [odom] [warning] No-IMU errors rot=0.189 +- 0.234 deg, trans=0.035 +- 0.023 m, vel=0.026 +- 0.018 m/s
[2026-07-10 16:00:31.649] [odom] [warning] IMU errors rot=0.059 +- 0.054 deg, trans=0.041 +- 0.026 m, vel=0.120 +- 0.071 m/s
[2026-07-10 16:00:31.649] [odom] [warning] IMU better ratios rot=0.84, trans=0.03, vel=0.07
[2026-07-10 16:00:33.069] [glim] [info] playback speed: 2.973x
[2026-07-10 16:00:35.785] [odom] [warning] IMU prediction is not good.
[2026-07-10 16:00:35.785] [odom] [warning] Possibly T_lidar_imu is not accurate or IMU bias is not well estimated.
[2026-07-10 16:00:35.785] [odom] [warning] IMU validation results:
[2026-07-10 16:00:35.785] [odom] [warning] num_validations=7872
[2026-07-10 16:00:35.785] [odom] [warning] No-IMU errors rot=0.188 +- 0.234 deg, trans=0.035 +- 0.023 m, vel=0.026 +- 0.018 m/s
[2026-07-10 16:00:35.785] [odom] [warning] IMU errors rot=0.059 +- 0.054 deg, trans=0.041 +- 0.026 m, vel=0.119 +- 0.071 m/s
[2026-07-10 16:00:35.785] [odom] [warning] IMU better ratios rot=0.84, trans=0.03, vel=0.07
[2026-07-10 16:00:38.080] [glim] [info] playback speed: 2.085x
[2026-07-10 16:00:39.487] [odom] [warning] IMU prediction is not good.
[2026-07-10 16:00:39.487] [odom] [warning] Possibly T_lidar_imu is not accurate or IMU bias is not well estimated.
[2026-07-10 16:00:39.487] [odom] [warning] IMU validation results:
[2026-07-10 16:00:39.487] [odom] [warning] num_validations=7936
[2026-07-10 16:00:39.487] [odom] [warning] No-IMU errors rot=0.187 +- 0.233 deg, trans=0.035 +- 0.023 m, vel=0.026 +- 0.018 m/s
[2026-07-10 16:00:39.487] [odom] [warning] IMU errors rot=0.059 +- 0.054 deg, trans=0.041 +- 0.026 m, vel=0.119 +- 0.071 m/s
[2026-07-10 16:00:39.487] [odom] [warning] IMU better ratios rot=0.84, trans=0.03, vel=0.07
[2026-07-10 16:00:40.973] [odom] [warning] IMU prediction is not good.
[2026-07-10 16:00:40.973] [odom] [warning] Possibly T_lidar_imu is not accurate or IMU bias is not well estimated.
[2026-07-10 16:00:40.973] [odom] [warning] IMU validation results:
[2026-07-10 16:00:40.973] [odom] [warning] num_validations=8000
[2026-07-10 16:00:40.973] [odom] [warning] No-IMU errors rot=0.186 +- 0.232 deg, trans=0.035 +- 0.022 m, vel=0.026 +- 0.018 m/s
[2026-07-10 16:00:40.973] [odom] [warning] IMU errors rot=0.059 +- 0.053 deg, trans=0.041 +- 0.026 m, vel=0.118 +- 0.071 m/s
[2026-07-10 16:00:40.973] [odom] [warning] IMU better ratios rot=0.84, trans=0.03, vel=0.07
[2026-07-10 16:00:43.104] [glim] [info] playback speed: 2.988x
[2026-07-10 16:00:43.299] [odom] [warning] IMU prediction is not good.
[2026-07-10 16:00:43.299] [odom] [warning] Possibly T_lidar_imu is not accurate or IMU bias is not well estimated.
[2026-07-10 16:00:43.299] [odom] [warning] IMU validation results:
[2026-07-10 16:00:43.299] [odom] [warning] num_validations=8064
[2026-07-10 16:00:43.299] [odom] [warning] No-IMU errors rot=0.186 +- 0.232 deg, trans=0.035 +- 0.022 m, vel=0.026 +- 0.018 m/s
[2026-07-10 16:00:43.299] [odom] [warning] IMU errors rot=0.059 +- 0.053 deg, trans=0.040 +- 0.026 m, vel=0.118 +- 0.071 m/s
[2026-07-10 16:00:43.299] [odom] [warning] IMU better ratios rot=0.84, trans=0.03, vel=0.07
[2026-07-10 16:00:45.852] [odom] [warning] IMU prediction is not good.
[2026-07-10 16:00:45.852] [odom] [warning] Possibly T_lidar_imu is not accurate or IMU bias is not well estimated.
[2026-07-10 16:00:45.852] [odom] [warning] IMU validation results:
[2026-07-10 16:00:45.852] [odom] [warning] num_validations=8128
[2026-07-10 16:00:45.852] [odom] [warning] No-IMU errors rot=0.189 +- 0.236 deg, trans=0.035 +- 0.022 m, vel=0.026 +- 0.018 m/s
[2026-07-10 16:00:45.852] [odom] [warning] IMU errors rot=0.059 +- 0.053 deg, trans=0.040 +- 0.026 m, vel=0.117 +- 0.071 m/s
[2026-07-10 16:00:45.852] [odom] [warning] IMU better ratios rot=0.84, trans=0.03, vel=0.07
[2026-07-10 16:00:47.818] [odom] [warning] IMU prediction is not good.
[2026-07-10 16:00:47.818] [odom] [warning] Possibly T_lidar_imu is not accurate or IMU bias is not well estimated.
[2026-07-10 16:00:47.818] [odom] [warning] IMU validation results:
[2026-07-10 16:00:47.818] [odom] [warning] num_validations=8192
[2026-07-10 16:00:47.818] [odom] [warning] No-IMU errors rot=0.193 +- 0.241 deg, trans=0.035 +- 0.022 m, vel=0.027 +- 0.018 m/s
[2026-07-10 16:00:47.818] [odom] [warning] IMU errors rot=0.060 +- 0.054 deg, trans=0.040 +- 0.026 m, vel=0.117 +- 0.071 m/s
[2026-07-10 16:00:47.818] [odom] [warning] IMU better ratios rot=0.84, trans=0.03, vel=0.08
[2026-07-10 16:00:48.133] [glim] [info] playback speed: 2.905x
[2026-07-10 16:00:49.178] [odom] [warning] IMU prediction is not good.
[2026-07-10 16:00:49.178] [odom] [warning] Possibly T_lidar_imu is not accurate or IMU bias is not well estimated.
[2026-07-10 16:00:49.178] [odom] [warning] IMU validation results:
[2026-07-10 16:00:49.178] [odom] [warning] num_validations=8256
[2026-07-10 16:00:49.178] [odom] [warning] No-IMU errors rot=0.193 +- 0.240 deg, trans=0.034 +- 0.022 m, vel=0.026 +- 0.018 m/s
[2026-07-10 16:00:49.178] [odom] [warning] IMU errors rot=0.060 +- 0.054 deg, trans=0.040 +- 0.026 m, vel=0.116 +- 0.071 m/s
[2026-07-10 16:00:49.178] [odom] [warning] IMU better ratios rot=0.84, trans=0.04, vel=0.08
[2026-07-10 16:00:50.315] [odom] [warning] IMU prediction is not good.
[2026-07-10 16:00:50.315] [odom] [warning] Possibly T_lidar_imu is not accurate or IMU bias is not well estimated.
[2026-07-10 16:00:50.315] [odom] [warning] IMU validation results:
[2026-07-10 16:00:50.315] [odom] [warning] num_validations=8320
[2026-07-10 16:00:50.315] [odom] [warning] No-IMU errors rot=0.192 +- 0.239 deg, trans=0.034 +- 0.022 m, vel=0.026 +- 0.018 m/s
[2026-07-10 16:00:50.315] [odom] [warning] IMU errors rot=0.059 +- 0.054 deg, trans=0.040 +- 0.026 m, vel=0.116 +- 0.071 m/s
[2026-07-10 16:00:50.315] [odom] [warning] IMU better ratios rot=0.84, trans=0.04, vel=0.08
[2026-07-10 16:00:52.334] [odom] [warning] IMU prediction is not good.
[2026-07-10 16:00:52.334] [odom] [warning] Possibly T_lidar_imu is not accurate or IMU bias is not well estimated.
[2026-07-10 16:00:52.334] [odom] [warning] IMU validation results:
[2026-07-10 16:00:52.334] [odom] [warning] num_validations=8384
[2026-07-10 16:00:52.334] [odom] [warning] No-IMU errors rot=0.193 +- 0.239 deg, trans=0.034 +- 0.022 m, vel=0.026 +- 0.018 m/s
[2026-07-10 16:00:52.334] [odom] [warning] IMU errors rot=0.059 +- 0.054 deg, trans=0.039 +- 0.026 m, vel=0.115 +- 0.071 m/s
[2026-07-10 16:00:52.334] [odom] [warning] IMU better ratios rot=0.84, trans=0.04, vel=0.08
[2026-07-10 16:00:53.141] [glim] [info] playback speed: 4.720x
[2026-07-10 16:00:53.686] [odom] [warning] IMU prediction is not good.
[2026-07-10 16:00:53.686] [odom] [warning] Possibly T_lidar_imu is not accurate or IMU bias is not well estimated.
[2026-07-10 16:00:53.686] [odom] [warning] IMU validation results:
[2026-07-10 16:00:53.686] [odom] [warning] num_validations=8448
[2026-07-10 16:00:53.686] [odom] [warning] No-IMU errors rot=0.192 +- 0.238 deg, trans=0.034 +- 0.022 m, vel=0.026 +- 0.018 m/s
[2026-07-10 16:00:53.686] [odom] [warning] IMU errors rot=0.059 +- 0.054 deg, trans=0.039 +- 0.026 m, vel=0.114 +- 0.071 m/s
[2026-07-10 16:00:53.686] [odom] [warning] IMU better ratios rot=0.84, trans=0.04, vel=0.08
[2026-07-10 16:00:55.832] [odom] [warning] IMU prediction is not good.
[2026-07-10 16:00:55.832] [odom] [warning] Possibly T_lidar_imu is not accurate or IMU bias is not well estimated.
[2026-07-10 16:00:55.832] [odom] [warning] IMU validation results:
[2026-07-10 16:00:55.832] [odom] [warning] num_validations=8512
[2026-07-10 16:00:55.832] [odom] [warning] No-IMU errors rot=0.193 +- 0.238 deg, trans=0.034 +- 0.022 m, vel=0.027 +- 0.018 m/s
[2026-07-10 16:00:55.832] [odom] [warning] IMU errors rot=0.060 +- 0.054 deg, trans=0.039 +- 0.026 m, vel=0.114 +- 0.071 m/s
[2026-07-10 16:00:55.832] [odom] [warning] IMU better ratios rot=0.84, trans=0.04, vel=0.08
[2026-07-10 16:00:58.057] [odom] [warning] IMU prediction is not good.
[2026-07-10 16:00:58.057] [odom] [warning] Possibly T_lidar_imu is not accurate or IMU bias is not well estimated.
[2026-07-10 16:00:58.057] [odom] [warning] IMU validation results:
[2026-07-10 16:00:58.057] [odom] [warning] num_validations=8576
[2026-07-10 16:00:58.057] [odom] [warning] No-IMU errors rot=0.192 +- 0.237 deg, trans=0.034 +- 0.022 m, vel=0.027 +- 0.018 m/s
[2026-07-10 16:00:58.057] [odom] [warning] IMU errors rot=0.060 +- 0.054 deg, trans=0.039 +- 0.026 m, vel=0.114 +- 0.071 m/s
[2026-07-10 16:00:58.057] [odom] [warning] IMU better ratios rot=0.84, trans=0.03, vel=0.08
[2026-07-10 16:00:58.158] [glim] [info] playback speed: 2.972x
[2026-07-10 16:01:00.382] [odom] [warning] IMU prediction is not good.
[2026-07-10 16:01:00.382] [odom] [warning] Possibly T_lidar_imu is not accurate or IMU bias is not well estimated.
[2026-07-10 16:01:00.382] [odom] [warning] IMU validation results:
[2026-07-10 16:01:00.382] [odom] [warning] num_validations=8640
[2026-07-10 16:01:00.382] [odom] [warning] No-IMU errors rot=0.191 +- 0.237 deg, trans=0.033 +- 0.022 m, vel=0.027 +- 0.018 m/s
[2026-07-10 16:01:00.382] [odom] [warning] IMU errors rot=0.059 +- 0.054 deg, trans=0.039 +- 0.026 m, vel=0.113 +- 0.071 m/s
[2026-07-10 16:01:00.382] [odom] [warning] IMU better ratios rot=0.84, trans=0.03, vel=0.08
[2026-07-10 16:01:03.206] [glim] [info] playback speed: 2.351x
[2026-07-10 16:01:03.633] [odom] [warning] IMU prediction is not good.
[2026-07-10 16:01:03.633] [odom] [warning] Possibly T_lidar_imu is not accurate or IMU bias is not well estimated.
[2026-07-10 16:01:03.633] [odom] [warning] IMU validation results:
[2026-07-10 16:01:03.633] [odom] [warning] num_validations=8704
[2026-07-10 16:01:03.633] [odom] [warning] No-IMU errors rot=0.191 +- 0.236 deg, trans=0.033 +- 0.022 m, vel=0.027 +- 0.018 m/s
[2026-07-10 16:01:03.633] [odom] [warning] IMU errors rot=0.059 +- 0.054 deg, trans=0.039 +- 0.026 m, vel=0.113 +- 0.070 m/s
[2026-07-10 16:01:03.633] [odom] [warning] IMU better ratios rot=0.84, trans=0.03, vel=0.08
[2026-07-10 16:01:06.302] [odom] [warning] IMU prediction is not good.
[2026-07-10 16:01:06.302] [odom] [warning] Possibly T_lidar_imu is not accurate or IMU bias is not well estimated.
[2026-07-10 16:01:06.302] [odom] [warning] IMU validation results:
[2026-07-10 16:01:06.302] [odom] [warning] num_validations=8768
[2026-07-10 16:01:06.302] [odom] [warning] No-IMU errors rot=0.191 +- 0.237 deg, trans=0.033 +- 0.022 m, vel=0.027 +- 0.018 m/s
[2026-07-10 16:01:06.302] [odom] [warning] IMU errors rot=0.059 +- 0.054 deg, trans=0.039 +- 0.026 m, vel=0.113 +- 0.070 m/s
[2026-07-10 16:01:06.302] [odom] [warning] IMU better ratios rot=0.84, trans=0.03, vel=0.08
[2026-07-10 16:01:07.883] [odom] [warning] IMU prediction is not good.
[2026-07-10 16:01:07.883] [odom] [warning] Possibly T_lidar_imu is not accurate or IMU bias is not well estimated.
[2026-07-10 16:01:07.883] [odom] [warning] IMU validation results:
[2026-07-10 16:01:07.883] [odom] [warning] num_validations=8832
[2026-07-10 16:01:07.883] [odom] [warning] No-IMU errors rot=0.191 +- 0.236 deg, trans=0.033 +- 0.022 m, vel=0.027 +- 0.018 m/s
[2026-07-10 16:01:07.883] [odom] [warning] IMU errors rot=0.060 +- 0.054 deg, trans=0.039 +- 0.026 m, vel=0.113 +- 0.070 m/s
[2026-07-10 16:01:07.883] [odom] [warning] IMU better ratios rot=0.84, trans=0.03, vel=0.08
[2026-07-10 16:01:08.242] [glim] [info] playback speed: 2.881x
[2026-07-10 16:01:10.719] [odom] [warning] IMU prediction is not good.
[2026-07-10 16:01:10.719] [odom] [warning] Possibly T_lidar_imu is not accurate or IMU bias is not well estimated.
[2026-07-10 16:01:10.719] [odom] [warning] IMU validation results:
[2026-07-10 16:01:10.719] [odom] [warning] num_validations=8896
[2026-07-10 16:01:10.719] [odom] [warning] No-IMU errors rot=0.192 +- 0.236 deg, trans=0.033 +- 0.022 m, vel=0.027 +- 0.018 m/s
[2026-07-10 16:01:10.719] [odom] [warning] IMU errors rot=0.060 +- 0.054 deg, trans=0.038 +- 0.025 m, vel=0.113 +- 0.070 m/s
[2026-07-10 16:01:10.719] [odom] [warning] IMU better ratios rot=0.84, trans=0.03, vel=0.08
[2026-07-10 16:01:12.003] [odom] [warning] IMU prediction is not good.
[2026-07-10 16:01:12.003] [odom] [warning] Possibly T_lidar_imu is not accurate or IMU bias is not well estimated.
[2026-07-10 16:01:12.003] [odom] [warning] IMU validation results:
[2026-07-10 16:01:12.003] [odom] [warning] num_validations=8960
[2026-07-10 16:01:12.003] [odom] [warning] No-IMU errors rot=0.191 +- 0.235 deg, trans=0.033 +- 0.022 m, vel=0.027 +- 0.018 m/s
[2026-07-10 16:01:12.003] [odom] [warning] IMU errors rot=0.059 +- 0.054 deg, trans=0.038 +- 0.025 m, vel=0.112 +- 0.070 m/s
[2026-07-10 16:01:12.003] [odom] [warning] IMU better ratios rot=0.84, trans=0.03, vel=0.08
[2026-07-10 16:01:13.246] [glim] [info] playback speed: 2.960x
[2026-07-10 16:01:14.722] [odom] [warning] IMU prediction is not good.
[2026-07-10 16:01:14.722] [odom] [warning] Possibly T_lidar_imu is not accurate or IMU bias is not well estimated.
[2026-07-10 16:01:14.722] [odom] [warning] IMU validation results:
[2026-07-10 16:01:14.722] [odom] [warning] num_validations=9024
[2026-07-10 16:01:14.722] [odom] [warning] No-IMU errors rot=0.191 +- 0.234 deg, trans=0.033 +- 0.022 m, vel=0.027 +- 0.018 m/s
[2026-07-10 16:01:14.722] [odom] [warning] IMU errors rot=0.059 +- 0.054 deg, trans=0.038 +- 0.025 m, vel=0.112 +- 0.069 m/s
[2026-07-10 16:01:14.722] [odom] [warning] IMU better ratios rot=0.84, trans=0.03, vel=0.08
[2026-07-10 16:01:16.188] [odom] [warning] IMU prediction is not good.
[2026-07-10 16:01:16.188] [odom] [warning] Possibly T_lidar_imu is not accurate or IMU bias is not well estimated.
[2026-07-10 16:01:16.188] [odom] [warning] IMU validation results:
[2026-07-10 16:01:16.188] [odom] [warning] num_validations=9088
[2026-07-10 16:01:16.188] [odom] [warning] No-IMU errors rot=0.190 +- 0.234 deg, trans=0.033 +- 0.022 m, vel=0.027 +- 0.018 m/s
[2026-07-10 16:01:16.188] [odom] [warning] IMU errors rot=0.059 +- 0.053 deg, trans=0.038 +- 0.025 m, vel=0.112 +- 0.069 m/s
[2026-07-10 16:01:16.188] [odom] [warning] IMU better ratios rot=0.84, trans=0.03, vel=0.08
[2026-07-10 16:01:17.939] [odom] [warning] IMU prediction is not good.
[2026-07-10 16:01:17.939] [odom] [warning] Possibly T_lidar_imu is not accurate or IMU bias is not well estimated.
[2026-07-10 16:01:17.939] [odom] [warning] IMU validation results:
[2026-07-10 16:01:17.939] [odom] [warning] num_validations=9152
[2026-07-10 16:01:17.939] [odom] [warning] No-IMU errors rot=0.190 +- 0.233 deg, trans=0.033 +- 0.022 m, vel=0.027 +- 0.018 m/s
[2026-07-10 16:01:17.939] [odom] [warning] IMU errors rot=0.060 +- 0.054 deg, trans=0.038 +- 0.025 m, vel=0.112 +- 0.069 m/s
[2026-07-10 16:01:17.939] [odom] [warning] IMU better ratios rot=0.84, trans=0.03, vel=0.08
[2026-07-10 16:01:18.252] [glim] [info] playback speed: 3.506x
[2026-07-10 16:01:20.178] [odom] [warning] IMU prediction is not good.
[2026-07-10 16:01:20.178] [odom] [warning] Possibly T_lidar_imu is not accurate or IMU bias is not well estimated.
[2026-07-10 16:01:20.178] [odom] [warning] IMU validation results:
[2026-07-10 16:01:20.178] [odom] [warning] num_validations=9216
[2026-07-10 16:01:20.178] [odom] [warning] No-IMU errors rot=0.190 +- 0.232 deg, trans=0.033 +- 0.022 m, vel=0.027 +- 0.018 m/s
[2026-07-10 16:01:20.178] [odom] [warning] IMU errors rot=0.060 +- 0.053 deg, trans=0.038 +- 0.025 m, vel=0.112 +- 0.069 m/s
[2026-07-10 16:01:20.178] [odom] [warning] IMU better ratios rot=0.84, trans=0.03, vel=0.08
[2026-07-10 16:01:22.372] [odom] [warning] IMU prediction is not good.
[2026-07-10 16:01:22.372] [odom] [warning] Possibly T_lidar_imu is not accurate or IMU bias is not well estimated.
[2026-07-10 16:01:22.372] [odom] [warning] IMU validation results:
[2026-07-10 16:01:22.372] [odom] [warning] num_validations=9280
[2026-07-10 16:01:22.372] [odom] [warning] No-IMU errors rot=0.189 +- 0.232 deg, trans=0.033 +- 0.022 m, vel=0.027 +- 0.018 m/s
[2026-07-10 16:01:22.372] [odom] [warning] IMU errors rot=0.060 +- 0.053 deg, trans=0.038 +- 0.025 m, vel=0.112 +- 0.068 m/s
[2026-07-10 16:01:22.372] [odom] [warning] IMU better ratios rot=0.84, trans=0.03, vel=0.08
[2026-07-10 16:01:23.284] [glim] [info] playback speed: 2.862x
[2026-07-10 16:01:24.809] [odom] [warning] IMU prediction is not good.
[2026-07-10 16:01:24.809] [odom] [warning] Possibly T_lidar_imu is not accurate or IMU bias is not well estimated.
[2026-07-10 16:01:24.809] [odom] [warning] IMU validation results:
[2026-07-10 16:01:24.809] [odom] [warning] num_validations=9344
[2026-07-10 16:01:24.809] [odom] [warning] No-IMU errors rot=0.189 +- 0.231 deg, trans=0.033 +- 0.022 m, vel=0.027 +- 0.018 m/s
[2026-07-10 16:01:24.809] [odom] [warning] IMU errors rot=0.060 +- 0.053 deg, trans=0.038 +- 0.025 m, vel=0.112 +- 0.068 m/s
[2026-07-10 16:01:24.809] [odom] [warning] IMU better ratios rot=0.84, trans=0.03, vel=0.08
[2026-07-10 16:01:26.954] [odom] [warning] IMU prediction is not good.
[2026-07-10 16:01:26.954] [odom] [warning] Possibly T_lidar_imu is not accurate or IMU bias is not well estimated.
[2026-07-10 16:01:26.954] [odom] [warning] IMU validation results:
[2026-07-10 16:01:26.954] [odom] [warning] num_validations=9408
[2026-07-10 16:01:26.954] [odom] [warning] No-IMU errors rot=0.189 +- 0.231 deg, trans=0.033 +- 0.022 m, vel=0.027 +- 0.018 m/s
[2026-07-10 16:01:26.954] [odom] [warning] IMU errors rot=0.060 +- 0.053 deg, trans=0.038 +- 0.025 m, vel=0.112 +- 0.068 m/s
[2026-07-10 16:01:26.954] [odom] [warning] IMU better ratios rot=0.84, trans=0.03, vel=0.07
[2026-07-10 16:01:28.314] [glim] [info] playback speed: 3.187x
[2026-07-10 16:01:28.865] [odom] [warning] IMU prediction is not good.
[2026-07-10 16:01:28.865] [odom] [warning] Possibly T_lidar_imu is not accurate or IMU bias is not well estimated.
[2026-07-10 16:01:28.865] [odom] [warning] IMU validation results:
[2026-07-10 16:01:28.865] [odom] [warning] num_validations=9472
[2026-07-10 16:01:28.865] [odom] [warning] No-IMU errors rot=0.188 +- 0.230 deg, trans=0.033 +- 0.022 m, vel=0.026 +- 0.018 m/s
[2026-07-10 16:01:28.865] [odom] [warning] IMU errors rot=0.060 +- 0.053 deg, trans=0.038 +- 0.025 m, vel=0.111 +- 0.068 m/s
[2026-07-10 16:01:28.865] [odom] [warning] IMU better ratios rot=0.84, trans=0.03, vel=0.07
[2026-07-10 16:01:30.513] [odom] [warning] IMU prediction is not good.
[2026-07-10 16:01:30.513] [odom] [warning] Possibly T_lidar_imu is not accurate or IMU bias is not well estimated.
[2026-07-10 16:01:30.513] [odom] [warning] IMU validation results:
[2026-07-10 16:01:30.513] [odom] [warning] num_validations=9536
[2026-07-10 16:01:30.513] [odom] [warning] No-IMU errors rot=0.188 +- 0.229 deg, trans=0.033 +- 0.021 m, vel=0.026 +- 0.018 m/s
[2026-07-10 16:01:30.513] [odom] [warning] IMU errors rot=0.060 +- 0.053 deg, trans=0.038 +- 0.025 m, vel=0.111 +- 0.068 m/s
[2026-07-10 16:01:30.513] [odom] [warning] IMU better ratios rot=0.84, trans=0.03, vel=0.07
[2026-07-10 16:01:32.568] [odom] [warning] IMU prediction is not good.
[2026-07-10 16:01:32.568] [odom] [warning] Possibly T_lidar_imu is not accurate or IMU bias is not well estimated.
[2026-07-10 16:01:32.568] [odom] [warning] IMU validation results:
[2026-07-10 16:01:32.568] [odom] [warning] num_validations=9600
[2026-07-10 16:01:32.568] [odom] [warning] No-IMU errors rot=0.187 +- 0.229 deg, trans=0.033 +- 0.021 m, vel=0.026 +- 0.018 m/s
[2026-07-10 16:01:32.568] [odom] [warning] IMU errors rot=0.060 +- 0.053 deg, trans=0.038 +- 0.025 m, vel=0.111 +- 0.067 m/s
[2026-07-10 16:01:32.568] [odom] [warning] IMU better ratios rot=0.84, trans=0.03, vel=0.07
[2026-07-10 16:01:33.346] [glim] [info] playback speed: 3.548x
[2026-07-10 16:01:34.775] [odom] [warning] IMU prediction is not good.
[2026-07-10 16:01:34.775] [odom] [warning] Possibly T_lidar_imu is not accurate or IMU bias is not well estimated.
[2026-07-10 16:01:34.775] [odom] [warning] IMU validation results:
[2026-07-10 16:01:34.775] [odom] [warning] num_validations=9664
[2026-07-10 16:01:34.775] [odom] [warning] No-IMU errors rot=0.187 +- 0.228 deg, trans=0.033 +- 0.021 m, vel=0.026 +- 0.018 m/s
[2026-07-10 16:01:34.775] [odom] [warning] IMU errors rot=0.059 +- 0.053 deg, trans=0.038 +- 0.025 m, vel=0.111 +- 0.067 m/s
[2026-07-10 16:01:34.775] [odom] [warning] IMU better ratios rot=0.84, trans=0.03, vel=0.07
[2026-07-10 16:01:36.069] [odom] [warning] IMU prediction is not good.
[2026-07-10 16:01:36.069] [odom] [warning] Possibly T_lidar_imu is not accurate or IMU bias is not well estimated.
[2026-07-10 16:01:36.069] [odom] [warning] IMU validation results:
[2026-07-10 16:01:36.069] [odom] [warning] num_validations=9728
[2026-07-10 16:01:36.069] [odom] [warning] No-IMU errors rot=0.188 +- 0.228 deg, trans=0.033 +- 0.021 m, vel=0.026 +- 0.018 m/s
[2026-07-10 16:01:36.069] [odom] [warning] IMU errors rot=0.059 +- 0.053 deg, trans=0.038 +- 0.025 m, vel=0.111 +- 0.067 m/s
[2026-07-10 16:01:36.069] [odom] [warning] IMU better ratios rot=0.84, trans=0.03, vel=0.07
[2026-07-10 16:01:38.395] [glim] [info] playback speed: 2.893x
[2026-07-10 16:01:38.954] [odom] [warning] IMU prediction is not good.
[2026-07-10 16:01:38.954] [odom] [warning] Possibly T_lidar_imu is not accurate or IMU bias is not well estimated.
[2026-07-10 16:01:38.954] [odom] [warning] IMU validation results:
[2026-07-10 16:01:38.954] [odom] [warning] num_validations=9792
[2026-07-10 16:01:38.954] [odom] [warning] No-IMU errors rot=0.187 +- 0.228 deg, trans=0.033 +- 0.021 m, vel=0.026 +- 0.018 m/s
[2026-07-10 16:01:38.954] [odom] [warning] IMU errors rot=0.059 +- 0.053 deg, trans=0.038 +- 0.024 m, vel=0.111 +- 0.067 m/s
[2026-07-10 16:01:38.954] [odom] [warning] IMU better ratios rot=0.84, trans=0.03, vel=0.07
[2026-07-10 16:01:40.416] [odom] [warning] IMU prediction is not good.
[2026-07-10 16:01:40.416] [odom] [warning] Possibly T_lidar_imu is not accurate or IMU bias is not well estimated.
[2026-07-10 16:01:40.416] [odom] [warning] IMU validation results:
[2026-07-10 16:01:40.416] [odom] [warning] num_validations=9856
[2026-07-10 16:01:40.416] [odom] [warning] No-IMU errors rot=0.187 +- 0.227 deg, trans=0.033 +- 0.021 m, vel=0.026 +- 0.018 m/s
[2026-07-10 16:01:40.416] [odom] [warning] IMU errors rot=0.059 +- 0.052 deg, trans=0.038 +- 0.024 m, vel=0.111 +- 0.067 m/s
[2026-07-10 16:01:40.416] [odom] [warning] IMU better ratios rot=0.84, trans=0.03, vel=0.07
[2026-07-10 16:01:42.411] [odom] [warning] IMU prediction is not good.
[2026-07-10 16:01:42.411] [odom] [warning] Possibly T_lidar_imu is not accurate or IMU bias is not well estimated.
[2026-07-10 16:01:42.411] [odom] [warning] IMU validation results:
[2026-07-10 16:01:42.411] [odom] [warning] num_validations=9920
[2026-07-10 16:01:42.411] [odom] [warning] No-IMU errors rot=0.187 +- 0.227 deg, trans=0.033 +- 0.021 m, vel=0.026 +- 0.018 m/s
[2026-07-10 16:01:42.411] [odom] [warning] IMU errors rot=0.059 +- 0.052 deg, trans=0.038 +- 0.024 m, vel=0.111 +- 0.066 m/s
[2026-07-10 16:01:42.411] [odom] [warning] IMU better ratios rot=0.84, trans=0.03, vel=0.07
[2026-07-10 16:01:43.440] [glim] [info] playback speed: 3.277x
[2026-07-10 16:01:44.366] [odom] [warning] IMU prediction is not good.
[2026-07-10 16:01:44.366] [odom] [warning] Possibly T_lidar_imu is not accurate or IMU bias is not well estimated.
[2026-07-10 16:01:44.366] [odom] [warning] IMU validation results:
[2026-07-10 16:01:44.366] [odom] [warning] num_validations=9984
[2026-07-10 16:01:44.366] [odom] [warning] No-IMU errors rot=0.186 +- 0.226 deg, trans=0.033 +- 0.021 m, vel=0.026 +- 0.018 m/s
[2026-07-10 16:01:44.366] [odom] [warning] IMU errors rot=0.059 +- 0.052 deg, trans=0.038 +- 0.024 m, vel=0.110 +- 0.066 m/s
[2026-07-10 16:01:44.366] [odom] [warning] IMU better ratios rot=0.84, trans=0.03, vel=0.07
[2026-07-10 16:01:46.465] [odom] [warning] IMU prediction is not good.
[2026-07-10 16:01:46.465] [odom] [warning] Possibly T_lidar_imu is not accurate or IMU bias is not well estimated.
[2026-07-10 16:01:46.465] [odom] [warning] IMU validation results:
[2026-07-10 16:01:46.465] [odom] [warning] num_validations=10048
[2026-07-10 16:01:46.465] [odom] [warning] No-IMU errors rot=0.186 +- 0.225 deg, trans=0.033 +- 0.021 m, vel=0.026 +- 0.018 m/s
[2026-07-10 16:01:46.465] [odom] [warning] IMU errors rot=0.059 +- 0.052 deg, trans=0.038 +- 0.024 m, vel=0.110 +- 0.066 m/s
[2026-07-10 16:01:46.465] [odom] [warning] IMU better ratios rot=0.84, trans=0.03, vel=0.07
[2026-07-10 16:01:48.473] [glim] [info] playback speed: 3.367x
[2026-07-10 16:01:48.734] [odom] [warning] IMU prediction is not good.
[2026-07-10 16:01:48.734] [odom] [warning] Possibly T_lidar_imu is not accurate or IMU bias is not well estimated.
[2026-07-10 16:01:48.734] [odom] [warning] IMU validation results:
[2026-07-10 16:01:48.734] [odom] [warning] num_validations=10112
[2026-07-10 16:01:48.734] [odom] [warning] No-IMU errors rot=0.186 +- 0.225 deg, trans=0.033 +- 0.021 m, vel=0.026 +- 0.018 m/s
[2026-07-10 16:01:48.734] [odom] [warning] IMU errors rot=0.059 +- 0.052 deg, trans=0.038 +- 0.024 m, vel=0.110 +- 0.066 m/s
[2026-07-10 16:01:48.734] [odom] [warning] IMU better ratios rot=0.84, trans=0.03, vel=0.07
[2026-07-10 16:01:49.894] [odom] [warning] IMU prediction is not good.
[2026-07-10 16:01:49.894] [odom] [warning] Possibly T_lidar_imu is not accurate or IMU bias is not well estimated.
[2026-07-10 16:01:49.894] [odom] [warning] IMU validation results:
[2026-07-10 16:01:49.894] [odom] [warning] num_validations=10176
[2026-07-10 16:01:49.894] [odom] [warning] No-IMU errors rot=0.187 +- 0.227 deg, trans=0.033 +- 0.021 m, vel=0.026 +- 0.018 m/s
[2026-07-10 16:01:49.894] [odom] [warning] IMU errors rot=0.059 +- 0.052 deg, trans=0.038 +- 0.024 m, vel=0.110 +- 0.066 m/s
[2026-07-10 16:01:49.894] [odom] [warning] IMU better ratios rot=0.84, trans=0.03, vel=0.07
[2026-07-10 16:01:52.052] [odom] [warning] IMU prediction is not good.
[2026-07-10 16:01:52.052] [odom] [warning] Possibly T_lidar_imu is not accurate or IMU bias is not well estimated.
[2026-07-10 16:01:52.052] [odom] [warning] IMU validation results:
[2026-07-10 16:01:52.052] [odom] [warning] num_validations=10240
[2026-07-10 16:01:52.052] [odom] [warning] No-IMU errors rot=0.188 +- 0.229 deg, trans=0.033 +- 0.021 m, vel=0.026 +- 0.018 m/s
[2026-07-10 16:01:52.052] [odom] [warning] IMU errors rot=0.059 +- 0.052 deg, trans=0.038 +- 0.024 m, vel=0.110 +- 0.065 m/s
[2026-07-10 16:01:52.052] [odom] [warning] IMU better ratios rot=0.84, trans=0.03, vel=0.07
[2026-07-10 16:01:53.485] [glim] [info] playback speed: 3.258x
[2026-07-10 16:01:55.417] [odom] [warning] IMU prediction is not good.
[2026-07-10 16:01:55.417] [odom] [warning] Possibly T_lidar_imu is not accurate or IMU bias is not well estimated.
[2026-07-10 16:01:55.417] [odom] [warning] IMU validation results:
[2026-07-10 16:01:55.417] [odom] [warning] num_validations=10304
[2026-07-10 16:01:55.417] [odom] [warning] No-IMU errors rot=0.187 +- 0.229 deg, trans=0.033 +- 0.021 m, vel=0.026 +- 0.018 m/s
[2026-07-10 16:01:55.417] [odom] [warning] IMU errors rot=0.059 +- 0.052 deg, trans=0.038 +- 0.024 m, vel=0.110 +- 0.065 m/s
[2026-07-10 16:01:55.417] [odom] [warning] IMU better ratios rot=0.84, trans=0.03, vel=0.07
[2026-07-10 16:01:57.636] [odom] [warning] IMU prediction is not good.
[2026-07-10 16:01:57.636] [odom] [warning] Possibly T_lidar_imu is not accurate or IMU bias is not well estimated.
[2026-07-10 16:01:57.636] [odom] [warning] IMU validation results:
[2026-07-10 16:01:57.636] [odom] [warning] num_validations=10368
[2026-07-10 16:01:57.636] [odom] [warning] No-IMU errors rot=0.186 +- 0.229 deg, trans=0.033 +- 0.021 m, vel=0.026 +- 0.018 m/s
[2026-07-10 16:01:57.636] [odom] [warning] IMU errors rot=0.058 +- 0.052 deg, trans=0.038 +- 0.024 m, vel=0.110 +- 0.065 m/s
[2026-07-10 16:01:57.636] [odom] [warning] IMU better ratios rot=0.84, trans=0.03, vel=0.07
[2026-07-10 16:01:58.490] [glim] [info] playback speed: 2.716x
[2026-07-10 16:01:59.884] [odom] [warning] IMU prediction is not good.
[2026-07-10 16:01:59.884] [odom] [warning] Possibly T_lidar_imu is not accurate or IMU bias is not well estimated.
[2026-07-10 16:01:59.884] [odom] [warning] IMU validation results:
[2026-07-10 16:01:59.884] [odom] [warning] num_validations=10432
[2026-07-10 16:01:59.884] [odom] [warning] No-IMU errors rot=0.186 +- 0.228 deg, trans=0.033 +- 0.021 m, vel=0.026 +- 0.018 m/s
[2026-07-10 16:01:59.884] [odom] [warning] IMU errors rot=0.058 +- 0.052 deg, trans=0.038 +- 0.024 m, vel=0.110 +- 0.065 m/s
[2026-07-10 16:01:59.884] [odom] [warning] IMU better ratios rot=0.84, trans=0.03, vel=0.07
[2026-07-10 16:02:02.122] [odom] [warning] IMU prediction is not good.
[2026-07-10 16:02:02.122] [odom] [warning] Possibly T_lidar_imu is not accurate or IMU bias is not well estimated.
[2026-07-10 16:02:02.122] [odom] [warning] IMU validation results:
[2026-07-10 16:02:02.122] [odom] [warning] num_validations=10496
[2026-07-10 16:02:02.122] [odom] [warning] No-IMU errors rot=0.185 +- 0.228 deg, trans=0.033 +- 0.021 m, vel=0.026 +- 0.018 m/s
[2026-07-10 16:02:02.122] [odom] [warning] IMU errors rot=0.058 +- 0.051 deg, trans=0.038 +- 0.024 m, vel=0.110 +- 0.065 m/s
[2026-07-10 16:02:02.122] [odom] [warning] IMU better ratios rot=0.84, trans=0.03, vel=0.07
[2026-07-10 16:02:03.499] [glim] [info] playback speed: 2.815x
[2026-07-10 16:02:04.214] [odom] [warning] IMU prediction is not good.
[2026-07-10 16:02:04.214] [odom] [warning] Possibly T_lidar_imu is not accurate or IMU bias is not well estimated.
[2026-07-10 16:02:04.214] [odom] [warning] IMU validation results:
[2026-07-10 16:02:04.214] [odom] [warning] num_validations=10560
[2026-07-10 16:02:04.214] [odom] [warning] No-IMU errors rot=0.185 +- 0.227 deg, trans=0.033 +- 0.021 m, vel=0.026 +- 0.017 m/s
[2026-07-10 16:02:04.214] [odom] [warning] IMU errors rot=0.058 +- 0.051 deg, trans=0.038 +- 0.024 m, vel=0.110 +- 0.064 m/s
[2026-07-10 16:02:04.214] [odom] [warning] IMU better ratios rot=0.84, trans=0.03, vel=0.07
[2026-07-10 16:02:06.515] [odom] [warning] IMU prediction is not good.
[2026-07-10 16:02:06.515] [odom] [warning] Possibly T_lidar_imu is not accurate or IMU bias is not well estimated.
[2026-07-10 16:02:06.515] [odom] [warning] IMU validation results:
[2026-07-10 16:02:06.515] [odom] [warning] num_validations=10624
[2026-07-10 16:02:06.515] [odom] [warning] No-IMU errors rot=0.185 +- 0.227 deg, trans=0.033 +- 0.020 m, vel=0.026 +- 0.017 m/s
[2026-07-10 16:02:06.515] [odom] [warning] IMU errors rot=0.058 +- 0.051 deg, trans=0.038 +- 0.024 m, vel=0.110 +- 0.064 m/s
[2026-07-10 16:02:06.515] [odom] [warning] IMU better ratios rot=0.84, trans=0.03, vel=0.07
[2026-07-10 16:02:08.270] [odom] [warning] IMU prediction is not good.
[2026-07-10 16:02:08.270] [odom] [warning] Possibly T_lidar_imu is not accurate or IMU bias is not well estimated.
[2026-07-10 16:02:08.270] [odom] [warning] IMU validation results:
[2026-07-10 16:02:08.270] [odom] [warning] num_validations=10688
[2026-07-10 16:02:08.270] [odom] [warning] No-IMU errors rot=0.189 +- 0.233 deg, trans=0.033 +- 0.020 m, vel=0.026 +- 0.017 m/s
[2026-07-10 16:02:08.270] [odom] [warning] IMU errors rot=0.058 +- 0.051 deg, trans=0.038 +- 0.023 m, vel=0.110 +- 0.064 m/s
[2026-07-10 16:02:08.270] [odom] [warning] IMU better ratios rot=0.84, trans=0.03, vel=0.07
[2026-07-10 16:02:08.533] [glim] [info] playback speed: 3.043x
[2026-07-10 16:02:08.995] [odom] [warning] IMU bias estimation seems inaccurate.
[2026-07-10 16:02:08.995] [odom] [warning] Possibly T_lidar_imu is not accurate or LiDAR-IMU synchronization is not correct.
[2026-07-10 16:02:08.995] [odom] [warning] IMU bias validation results:
[2026-07-10 16:02:08.995] [odom] [warning] num_bias_validations=11136
[2026-07-10 16:02:08.995] [odom] [warning] bias_acc=[-0.291, 0.501, 0.180] m/s^2, bias_gyro=[-0.018, 0.000, 0.002] rad/s
[2026-07-10 16:02:08.995] [odom] [warning] acc_stat ax=-0.085 +- 0.325 [min=-0.593, max=0.417], ay=0.409 +- 0.287 [min=-0.121, max=0.904], az=0.151 +- 0.071 [min=0.009, max=0.301] m/s^2
[2026-07-10 16:02:08.995] [odom] [warning] gyro_stat wx=-0.018 +- 0.001 [min=-0.019, max=-0.015], wy=0.001 +- 0.000 [min=-0.000, max=0.002], wz=0.001 +- 0.000 [min=0.001, max=0.002] rad/s
[2026-07-10 16:02:11.441] [odom] [warning] IMU prediction is not good.
[2026-07-10 16:02:11.441] [odom] [warning] Possibly T_lidar_imu is not accurate or IMU bias is not well estimated.
[2026-07-10 16:02:11.441] [odom] [warning] IMU validation results:
[2026-07-10 16:02:11.441] [odom] [warning] num_validations=10752
[2026-07-10 16:02:11.441] [odom] [warning] No-IMU errors rot=0.189 +- 0.233 deg, trans=0.033 +- 0.020 m, vel=0.026 +- 0.017 m/s
[2026-07-10 16:02:11.441] [odom] [warning] IMU errors rot=0.058 +- 0.051 deg, trans=0.038 +- 0.023 m, vel=0.110 +- 0.064 m/s
[2026-07-10 16:02:11.441] [odom] [warning] IMU better ratios rot=0.84, trans=0.03, vel=0.07
[2026-07-10 16:02:11.753] [odom] [warning] IMU bias estimation seems inaccurate.
[2026-07-10 16:02:11.753] [odom] [warning] Possibly T_lidar_imu is not accurate or LiDAR-IMU synchronization is not correct.
[2026-07-10 16:02:11.753] [odom] [warning] IMU bias validation results:
[2026-07-10 16:02:11.753] [odom] [warning] num_bias_validations=11200
[2026-07-10 16:02:11.753] [odom] [warning] bias_acc=[-0.271, 0.508, 0.178] m/s^2, bias_gyro=[-0.018, 0.000, 0.002] rad/s
[2026-07-10 16:02:11.753] [odom] [warning] acc_stat ax=-0.086 +- 0.325 [min=-0.593, max=0.417], ay=0.409 +- 0.287 [min=-0.121, max=0.904], az=0.151 +- 0.071 [min=0.009, max=0.301] m/s^2
[2026-07-10 16:02:11.753] [odom] [warning] gyro_stat wx=-0.018 +- 0.001 [min=-0.019, max=-0.015], wy=0.001 +- 0.000 [min=-0.000, max=0.002], wz=0.001 +- 0.000 [min=0.001, max=0.002] rad/s
[2026-07-10 16:02:12.524] [odom] [warning] IMU prediction is not good.
[2026-07-10 16:02:12.524] [odom] [warning] Possibly T_lidar_imu is not accurate or IMU bias is not well estimated.
[2026-07-10 16:02:12.524] [odom] [warning] IMU validation results:
[2026-07-10 16:02:12.524] [odom] [warning] num_validations=10816
[2026-07-10 16:02:12.524] [odom] [warning] No-IMU errors rot=0.190 +- 0.234 deg, trans=0.033 +- 0.020 m, vel=0.026 +- 0.017 m/s
[2026-07-10 16:02:12.524] [odom] [warning] IMU errors rot=0.058 +- 0.051 deg, trans=0.038 +- 0.023 m, vel=0.110 +- 0.064 m/s
[2026-07-10 16:02:12.524] [odom] [warning] IMU better ratios rot=0.84, trans=0.03, vel=0.06
[2026-07-10 16:02:13.341] [odom] [warning] IMU bias estimation seems inaccurate.
[2026-07-10 16:02:13.341] [odom] [warning] Possibly T_lidar_imu is not accurate or LiDAR-IMU synchronization is not correct.
[2026-07-10 16:02:13.341] [odom] [warning] IMU bias validation results:
[2026-07-10 16:02:13.341] [odom] [warning] num_bias_validations=11264
[2026-07-10 16:02:13.341] [odom] [warning] bias_acc=[-0.248, 0.509, 0.174] m/s^2, bias_gyro=[-0.018, 0.000, 0.002] rad/s
[2026-07-10 16:02:13.341] [odom] [warning] acc_stat ax=-0.087 +- 0.324 [min=-0.593, max=0.417], ay=0.410 +- 0.286 [min=-0.121, max=0.904], az=0.151 +- 0.071 [min=0.009, max=0.301] m/s^2
[2026-07-10 16:02:13.341] [odom] [warning] gyro_stat wx=-0.018 +- 0.001 [min=-0.019, max=-0.015], wy=0.001 +- 0.000 [min=-0.000, max=0.002], wz=0.001 +- 0.000 [min=0.001, max=0.002] rad/s
[2026-07-10 16:02:13.538] [glim] [info] playback speed: 2.939x
[2026-07-10 16:02:15.774] [odom] [warning] IMU prediction is not good.
[2026-07-10 16:02:15.774] [odom] [warning] Possibly T_lidar_imu is not accurate or IMU bias is not well estimated.
[2026-07-10 16:02:15.774] [odom] [warning] IMU validation results:
[2026-07-10 16:02:15.774] [odom] [warning] num_validations=10880
[2026-07-10 16:02:15.774] [odom] [warning] No-IMU errors rot=0.190 +- 0.234 deg, trans=0.033 +- 0.020 m, vel=0.026 +- 0.017 m/s
[2026-07-10 16:02:15.774] [odom] [warning] IMU errors rot=0.058 +- 0.051 deg, trans=0.038 +- 0.023 m, vel=0.110 +- 0.064 m/s
[2026-07-10 16:02:15.774] [odom] [warning] IMU better ratios rot=0.84, trans=0.03, vel=0.06
[2026-07-10 16:02:16.767] [odom] [warning] IMU bias estimation seems inaccurate.
[2026-07-10 16:02:16.767] [odom] [warning] Possibly T_lidar_imu is not accurate or LiDAR-IMU synchronization is not correct.
[2026-07-10 16:02:16.767] [odom] [warning] IMU bias validation results:
[2026-07-10 16:02:16.767] [odom] [warning] num_bias_validations=11328
[2026-07-10 16:02:16.767] [odom] [warning] bias_acc=[-0.224, 0.507, 0.170] m/s^2, bias_gyro=[-0.018, 0.000, 0.002] rad/s
[2026-07-10 16:02:16.767] [odom] [warning] acc_stat ax=-0.087 +- 0.323 [min=-0.593, max=0.417], ay=0.410 +- 0.285 [min=-0.121, max=0.904], az=0.151 +- 0.071 [min=0.009, max=0.301] m/s^2
[2026-07-10 16:02:16.767] [odom] [warning] gyro_stat wx=-0.018 +- 0.001 [min=-0.019, max=-0.015], wy=0.001 +- 0.000 [min=-0.000, max=0.002], wz=0.001 +- 0.000 [min=0.001, max=0.002] rad/s
[2026-07-10 16:02:17.830] [odom] [warning] IMU prediction is not good.
[2026-07-10 16:02:17.830] [odom] [warning] Possibly T_lidar_imu is not accurate or IMU bias is not well estimated.
[2026-07-10 16:02:17.830] [odom] [warning] IMU validation results:
[2026-07-10 16:02:17.830] [odom] [warning] num_validations=10944
[2026-07-10 16:02:17.830] [odom] [warning] No-IMU errors rot=0.190 +- 0.233 deg, trans=0.033 +- 0.020 m, vel=0.026 +- 0.017 m/s
[2026-07-10 16:02:17.830] [odom] [warning] IMU errors rot=0.058 +- 0.051 deg, trans=0.038 +- 0.023 m, vel=0.110 +- 0.063 m/s
[2026-07-10 16:02:17.830] [odom] [warning] IMU better ratios rot=0.84, trans=0.03, vel=0.06
[2026-07-10 16:02:18.126] [odom] [warning] IMU bias estimation seems inaccurate.
[2026-07-10 16:02:18.126] [odom] [warning] Possibly T_lidar_imu is not accurate or LiDAR-IMU synchronization is not correct.
[2026-07-10 16:02:18.126] [odom] [warning] IMU bias validation results:
[2026-07-10 16:02:18.126] [odom] [warning] num_bias_validations=11392
[2026-07-10 16:02:18.126] [odom] [warning] bias_acc=[-0.203, 0.506, 0.167] m/s^2, bias_gyro=[-0.018, 0.000, 0.002] rad/s
[2026-07-10 16:02:18.126] [odom] [warning] acc_stat ax=-0.088 +- 0.322 [min=-0.593, max=0.417], ay=0.411 +- 0.284 [min=-0.121, max=0.904], az=0.151 +- 0.070 [min=0.009, max=0.301] m/s^2
[2026-07-10 16:02:18.126] [odom] [warning] gyro_stat wx=-0.018 +- 0.001 [min=-0.019, max=-0.015], wy=0.001 +- 0.000 [min=-0.000, max=0.002], wz=0.001 +- 0.000 [min=0.001, max=0.002] rad/s
[2026-07-10 16:02:18.549] [glim] [info] playback speed: 2.693x
[2026-07-10 16:02:20.155] [odom] [warning] IMU prediction is not good.
[2026-07-10 16:02:20.155] [odom] [warning] Possibly T_lidar_imu is not accurate or IMU bias is not well estimated.
[2026-07-10 16:02:20.155] [odom] [warning] IMU validation results:
[2026-07-10 16:02:20.155] [odom] [warning] num_validations=11008
[2026-07-10 16:02:20.155] [odom] [warning] No-IMU errors rot=0.189 +- 0.233 deg, trans=0.033 +- 0.020 m, vel=0.026 +- 0.017 m/s
[2026-07-10 16:02:20.155] [odom] [warning] IMU errors rot=0.058 +- 0.051 deg, trans=0.038 +- 0.023 m, vel=0.110 +- 0.063 m/s
[2026-07-10 16:02:20.155] [odom] [warning] IMU better ratios rot=0.84, trans=0.03, vel=0.06
[2026-07-10 16:02:20.275] [odom] [warning] IMU bias estimation seems inaccurate.
[2026-07-10 16:02:20.275] [odom] [warning] Possibly T_lidar_imu is not accurate or LiDAR-IMU synchronization is not correct.
[2026-07-10 16:02:20.275] [odom] [warning] IMU bias validation results:
[2026-07-10 16:02:20.275] [odom] [warning] num_bias_validations=11456
[2026-07-10 16:02:20.275] [odom] [warning] bias_acc=[-0.181, 0.504, 0.163] m/s^2, bias_gyro=[-0.018, 0.000, 0.002] rad/s
[2026-07-10 16:02:20.275] [odom] [warning] acc_stat ax=-0.088 +- 0.322 [min=-0.593, max=0.417], ay=0.412 +- 0.284 [min=-0.121, max=0.904], az=0.151 +- 0.070 [min=0.009, max=0.301] m/s^2
[2026-07-10 16:02:20.275] [odom] [warning] gyro_stat wx=-0.018 +- 0.001 [min=-0.019, max=-0.015], wy=0.001 +- 0.000 [min=-0.000, max=0.002], wz=0.001 +- 0.000 [min=0.001, max=0.002] rad/s
[2026-07-10 16:02:21.439] [odom] [warning] IMU prediction is not good.
[2026-07-10 16:02:21.439] [odom] [warning] Possibly T_lidar_imu is not accurate or IMU bias is not well estimated.
[2026-07-10 16:02:21.439] [odom] [warning] IMU validation results:
[2026-07-10 16:02:21.439] [odom] [warning] num_validations=11072
[2026-07-10 16:02:21.439] [odom] [warning] No-IMU errors rot=0.189 +- 0.232 deg, trans=0.033 +- 0.020 m, vel=0.026 +- 0.017 m/s
[2026-07-10 16:02:21.439] [odom] [warning] IMU errors rot=0.058 +- 0.050 deg, trans=0.038 +- 0.023 m, vel=0.110 +- 0.063 m/s
[2026-07-10 16:02:21.439] [odom] [warning] IMU better ratios rot=0.84, trans=0.03, vel=0.06
[2026-07-10 16:02:22.389] [odom] [warning] IMU bias estimation seems inaccurate.
[2026-07-10 16:02:22.389] [odom] [warning] Possibly T_lidar_imu is not accurate or LiDAR-IMU synchronization is not correct.
[2026-07-10 16:02:22.389] [odom] [warning] IMU bias validation results:
[2026-07-10 16:02:22.389] [odom] [warning] num_bias_validations=11520
[2026-07-10 16:02:22.389] [odom] [warning] bias_acc=[-0.160, 0.503, 0.159] m/s^2, bias_gyro=[-0.018, 0.000, 0.002] rad/s
[2026-07-10 16:02:22.389] [odom] [warning] acc_stat ax=-0.089 +- 0.321 [min=-0.593, max=0.417], ay=0.412 +- 0.283 [min=-0.121, max=0.904], az=0.152 +- 0.070 [min=0.009, max=0.301] m/s^2
[2026-07-10 16:02:22.389] [odom] [warning] gyro_stat wx=-0.018 +- 0.001 [min=-0.019, max=-0.015], wy=0.001 +- 0.000 [min=-0.000, max=0.002], wz=0.001 +- 0.000 [min=0.001, max=0.002] rad/s
[2026-07-10 16:02:23.127] [odom] [warning] IMU prediction is not good.
[2026-07-10 16:02:23.127] [odom] [warning] Possibly T_lidar_imu is not accurate or IMU bias is not well estimated.
[2026-07-10 16:02:23.127] [odom] [warning] IMU validation results:
[2026-07-10 16:02:23.127] [odom] [warning] num_validations=11136
[2026-07-10 16:02:23.127] [odom] [warning] No-IMU errors rot=0.189 +- 0.232 deg, trans=0.033 +- 0.020 m, vel=0.026 +- 0.017 m/s
[2026-07-10 16:02:23.127] [odom] [warning] IMU errors rot=0.057 +- 0.050 deg, trans=0.038 +- 0.023 m, vel=0.110 +- 0.063 m/s
[2026-07-10 16:02:23.127] [odom] [warning] IMU better ratios rot=0.84, trans=0.03, vel=0.06
[2026-07-10 16:02:23.567] [glim] [info] playback speed: 3.538x
[2026-07-10 16:02:23.802] [odom] [warning] IMU bias estimation seems inaccurate.
[2026-07-10 16:02:23.802] [odom] [warning] Possibly T_lidar_imu is not accurate or LiDAR-IMU synchronization is not correct.
[2026-07-10 16:02:23.802] [odom] [warning] IMU bias validation results:
[2026-07-10 16:02:23.802] [odom] [warning] num_bias_validations=11584
[2026-07-10 16:02:23.802] [odom] [warning] bias_acc=[-0.142, 0.503, 0.155] m/s^2, bias_gyro=[-0.018, 0.001, 0.002] rad/s
[2026-07-10 16:02:23.802] [odom] [warning] acc_stat ax=-0.089 +- 0.320 [min=-0.593, max=0.417], ay=0.413 +- 0.282 [min=-0.121, max=0.904], az=0.152 +- 0.070 [min=0.009, max=0.301] m/s^2
[2026-07-10 16:02:23.802] [odom] [warning] gyro_stat wx=-0.018 +- 0.001 [min=-0.019, max=-0.015], wy=0.001 +- 0.000 [min=-0.000, max=0.002], wz=0.001 +- 0.000 [min=0.001, max=0.002] rad/s
[2026-07-10 16:02:25.351] [odom] [warning] IMU prediction is not good.
[2026-07-10 16:02:25.351] [odom] [warning] Possibly T_lidar_imu is not accurate or IMU bias is not well estimated.
[2026-07-10 16:02:25.351] [odom] [warning] IMU validation results:
[2026-07-10 16:02:25.351] [odom] [warning] num_validations=11200
[2026-07-10 16:02:25.351] [odom] [warning] No-IMU errors rot=0.189 +- 0.231 deg, trans=0.033 +- 0.020 m, vel=0.026 +- 0.017 m/s
[2026-07-10 16:02:25.351] [odom] [warning] IMU errors rot=0.058 +- 0.051 deg, trans=0.038 +- 0.023 m, vel=0.110 +- 0.063 m/s
[2026-07-10 16:02:25.351] [odom] [warning] IMU better ratios rot=0.84, trans=0.03, vel=0.06
[2026-07-10 16:02:26.093] [odom] [warning] IMU bias estimation seems inaccurate.
[2026-07-10 16:02:26.093] [odom] [warning] Possibly T_lidar_imu is not accurate or LiDAR-IMU synchronization is not correct.
[2026-07-10 16:02:26.093] [odom] [warning] IMU bias validation results:
[2026-07-10 16:02:26.093] [odom] [warning] num_bias_validations=11648
[2026-07-10 16:02:26.093] [odom] [warning] bias_acc=[-0.124, 0.504, 0.152] m/s^2, bias_gyro=[-0.018, 0.000, 0.002] rad/s
[2026-07-10 16:02:26.093] [odom] [warning] acc_stat ax=-0.089 +- 0.319 [min=-0.593, max=0.417], ay=0.413 +- 0.282 [min=-0.121, max=0.904], az=0.152 +- 0.070 [min=0.009, max=0.301] m/s^2
[2026-07-10 16:02:26.093] [odom] [warning] gyro_stat wx=-0.018 +- 0.001 [min=-0.019, max=-0.015], wy=0.001 +- 0.000 [min=-0.000, max=0.002], wz=0.001 +- 0.000 [min=0.001, max=0.002] rad/s
[2026-07-10 16:02:27.672] [odom] [warning] IMU prediction is not good.
[2026-07-10 16:02:27.672] [odom] [warning] Possibly T_lidar_imu is not accurate or IMU bias is not well estimated.
[2026-07-10 16:02:27.672] [odom] [warning] IMU validation results:
[2026-07-10 16:02:27.672] [odom] [warning] num_validations=11264
[2026-07-10 16:02:27.672] [odom] [warning] No-IMU errors rot=0.189 +- 0.230 deg, trans=0.033 +- 0.020 m, vel=0.026 +- 0.017 m/s
[2026-07-10 16:02:27.672] [odom] [warning] IMU errors rot=0.058 +- 0.050 deg, trans=0.038 +- 0.023 m, vel=0.110 +- 0.063 m/s
[2026-07-10 16:02:27.672] [odom] [warning] IMU better ratios rot=0.84, trans=0.03, vel=0.06
[2026-07-10 16:02:28.402] [odom] [warning] IMU bias estimation seems inaccurate.
[2026-07-10 16:02:28.402] [odom] [warning] Possibly T_lidar_imu is not accurate or LiDAR-IMU synchronization is not correct.
[2026-07-10 16:02:28.402] [odom] [warning] IMU bias validation results:
[2026-07-10 16:02:28.402] [odom] [warning] num_bias_validations=11712
[2026-07-10 16:02:28.402] [odom] [warning] bias_acc=[-0.107, 0.505, 0.149] m/s^2, bias_gyro=[-0.018, 0.001, 0.002] rad/s
[2026-07-10 16:02:28.402] [odom] [warning] acc_stat ax=-0.089 +- 0.318 [min=-0.593, max=0.417], ay=0.414 +- 0.281 [min=-0.121, max=0.904], az=0.152 +- 0.069 [min=0.009, max=0.301] m/s^2
[2026-07-10 16:02:28.402] [odom] [warning] gyro_stat wx=-0.018 +- 0.001 [min=-0.019, max=-0.015], wy=0.001 +- 0.000 [min=-0.000, max=0.002], wz=0.001 +- 0.000 [min=0.001, max=0.002] rad/s
[2026-07-10 16:02:28.593] [glim] [info] playback speed: 2.806x
[2026-07-10 16:02:30.407] [odom] [warning] IMU prediction is not good.
[2026-07-10 16:02:30.407] [odom] [warning] Possibly T_lidar_imu is not accurate or IMU bias is not well estimated.
[2026-07-10 16:02:30.407] [odom] [warning] IMU validation results:
[2026-07-10 16:02:30.407] [odom] [warning] num_validations=11328
[2026-07-10 16:02:30.407] [odom] [warning] No-IMU errors rot=0.188 +- 0.230 deg, trans=0.033 +- 0.020 m, vel=0.026 +- 0.017 m/s
[2026-07-10 16:02:30.407] [odom] [warning] IMU errors rot=0.057 +- 0.050 deg, trans=0.038 +- 0.023 m, vel=0.109 +- 0.062 m/s
[2026-07-10 16:02:30.407] [odom] [warning] IMU better ratios rot=0.84, trans=0.03, vel=0.06
[2026-07-10 16:02:31.334] [odom] [warning] IMU bias estimation seems inaccurate.
[2026-07-10 16:02:31.334] [odom] [warning] Possibly T_lidar_imu is not accurate or LiDAR-IMU synchronization is not correct.
[2026-07-10 16:02:31.334] [odom] [warning] IMU bias validation results:
[2026-07-10 16:02:31.334] [odom] [warning] num_bias_validations=11776
[2026-07-10 16:02:31.334] [odom] [warning] bias_acc=[-0.090, 0.507, 0.146] m/s^2, bias_gyro=[-0.018, 0.000, 0.002] rad/s
[2026-07-10 16:02:31.334] [odom] [warning] acc_stat ax=-0.089 +- 0.317 [min=-0.593, max=0.417], ay=0.414 +- 0.280 [min=-0.121, max=0.904], az=0.151 +- 0.069 [min=0.009, max=0.301] m/s^2
[2026-07-10 16:02:31.334] [odom] [warning] gyro_stat wx=-0.018 +- 0.001 [min=-0.019, max=-0.015], wy=0.001 +- 0.000 [min=-0.000, max=0.002], wz=0.001 +- 0.000 [min=0.001, max=0.002] rad/s
[2026-07-10 16:02:32.704] [odom] [warning] IMU prediction is not good.
[2026-07-10 16:02:32.704] [odom] [warning] Possibly T_lidar_imu is not accurate or IMU bias is not well estimated.
[2026-07-10 16:02:32.704] [odom] [warning] IMU validation results:
[2026-07-10 16:02:32.704] [odom] [warning] num_validations=11392
[2026-07-10 16:02:32.704] [odom] [warning] No-IMU errors rot=0.188 +- 0.229 deg, trans=0.033 +- 0.020 m, vel=0.026 +- 0.017 m/s
[2026-07-10 16:02:32.704] [odom] [warning] IMU errors rot=0.058 +- 0.050 deg, trans=0.038 +- 0.023 m, vel=0.109 +- 0.062 m/s
[2026-07-10 16:02:32.704] [odom] [warning] IMU better ratios rot=0.84, trans=0.03, vel=0.06
[2026-07-10 16:02:33.636] [glim] [info] playback speed: 2.515x
[2026-07-10 16:02:33.680] [odom] [warning] IMU bias estimation seems inaccurate.
[2026-07-10 16:02:33.680] [odom] [warning] Possibly T_lidar_imu is not accurate or LiDAR-IMU synchronization is not correct.
[2026-07-10 16:02:33.680] [odom] [warning] IMU bias validation results:
[2026-07-10 16:02:33.680] [odom] [warning] num_bias_validations=11840
[2026-07-10 16:02:33.680] [odom] [warning] bias_acc=[-0.074, 0.507, 0.143] m/s^2, bias_gyro=[-0.018, 0.001, 0.002] rad/s
[2026-07-10 16:02:33.680] [odom] [warning] acc_stat ax=-0.089 +- 0.316 [min=-0.593, max=0.417], ay=0.415 +- 0.280 [min=-0.121, max=0.904], az=0.151 +- 0.069 [min=0.009, max=0.301] m/s^2
[2026-07-10 16:02:33.680] [odom] [warning] gyro_stat wx=-0.018 +- 0.001 [min=-0.019, max=-0.015], wy=0.001 +- 0.000 [min=-0.000, max=0.002], wz=0.001 +- 0.000 [min=0.001, max=0.002] rad/s
[2026-07-10 16:02:34.675] [odom] [warning] IMU prediction is not good.
[2026-07-10 16:02:34.675] [odom] [warning] Possibly T_lidar_imu is not accurate or IMU bias is not well estimated.
[2026-07-10 16:02:34.675] [odom] [warning] IMU validation results:
[2026-07-10 16:02:34.675] [odom] [warning] num_validations=11456
[2026-07-10 16:02:34.675] [odom] [warning] No-IMU errors rot=0.188 +- 0.229 deg, trans=0.033 +- 0.020 m, vel=0.026 +- 0.017 m/s
[2026-07-10 16:02:34.675] [odom] [warning] IMU errors rot=0.058 +- 0.050 deg, trans=0.038 +- 0.023 m, vel=0.109 +- 0.062 m/s
[2026-07-10 16:02:34.675] [odom] [warning] IMU better ratios rot=0.84, trans=0.03, vel=0.06
[2026-07-10 16:02:35.348] [odom] [warning] IMU bias estimation seems inaccurate.
[2026-07-10 16:02:35.348] [odom] [warning] Possibly T_lidar_imu is not accurate or LiDAR-IMU synchronization is not correct.
[2026-07-10 16:02:35.348] [odom] [warning] IMU bias validation results:
[2026-07-10 16:02:35.348] [odom] [warning] num_bias_validations=11904
[2026-07-10 16:02:35.348] [odom] [warning] bias_acc=[-0.057, 0.506, 0.140] m/s^2, bias_gyro=[-0.018, 0.001, 0.002] rad/s
[2026-07-10 16:02:35.348] [odom] [warning] acc_stat ax=-0.089 +- 0.315 [min=-0.593, max=0.417], ay=0.415 +- 0.279 [min=-0.121, max=0.904], az=0.151 +- 0.069 [min=0.009, max=0.301] m/s^2
[2026-07-10 16:02:35.348] [odom] [warning] gyro_stat wx=-0.018 +- 0.001 [min=-0.019, max=-0.015], wy=0.001 +- 0.000 [min=-0.000, max=0.002], wz=0.001 +- 0.000 [min=0.001, max=0.002] rad/s
[2026-07-10 16:02:36.238] [odom] [warning] IMU prediction is not good.
[2026-07-10 16:02:36.238] [odom] [warning] Possibly T_lidar_imu is not accurate or IMU bias is not well estimated.
[2026-07-10 16:02:36.238] [odom] [warning] IMU validation results:
[2026-07-10 16:02:36.238] [odom] [warning] num_validations=11520
[2026-07-10 16:02:36.238] [odom] [warning] No-IMU errors rot=0.188 +- 0.229 deg, trans=0.033 +- 0.020 m, vel=0.026 +- 0.017 m/s
[2026-07-10 16:02:36.238] [odom] [warning] IMU errors rot=0.058 +- 0.051 deg, trans=0.038 +- 0.023 m, vel=0.109 +- 0.062 m/s
[2026-07-10 16:02:36.238] [odom] [warning] IMU better ratios rot=0.84, trans=0.03, vel=0.06
[2026-07-10 16:02:36.866] [odom] [warning] IMU bias estimation seems inaccurate.
[2026-07-10 16:02:36.866] [odom] [warning] Possibly T_lidar_imu is not accurate or LiDAR-IMU synchronization is not correct.
[2026-07-10 16:02:36.866] [odom] [warning] IMU bias validation results:
[2026-07-10 16:02:36.866] [odom] [warning] num_bias_validations=11968
[2026-07-10 16:02:36.866] [odom] [warning] bias_acc=[-0.042, 0.505, 0.137] m/s^2, bias_gyro=[-0.018, 0.001, 0.002] rad/s
[2026-07-10 16:02:36.866] [odom] [warning] acc_stat ax=-0.089 +- 0.315 [min=-0.593, max=0.417], ay=0.416 +- 0.278 [min=-0.121, max=0.904], az=0.151 +- 0.069 [min=0.009, max=0.301] m/s^2
[2026-07-10 16:02:36.866] [odom] [warning] gyro_stat wx=-0.018 +- 0.001 [min=-0.019, max=-0.015], wy=0.001 +- 0.000 [min=-0.000, max=0.002], wz=0.001 +- 0.000 [min=0.001, max=0.002] rad/s
[2026-07-10 16:02:38.454] [odom] [warning] IMU prediction is not good.
[2026-07-10 16:02:38.454] [odom] [warning] Possibly T_lidar_imu is not accurate or IMU bias is not well estimated.
[2026-07-10 16:02:38.454] [odom] [warning] IMU validation results:
[2026-07-10 16:02:38.454] [odom] [warning] num_validations=11584
[2026-07-10 16:02:38.454] [odom] [warning] No-IMU errors rot=0.187 +- 0.228 deg, trans=0.033 +- 0.020 m, vel=0.026 +- 0.017 m/s
[2026-07-10 16:02:38.454] [odom] [warning] IMU errors rot=0.058 +- 0.051 deg, trans=0.038 +- 0.023 m, vel=0.109 +- 0.062 m/s
[2026-07-10 16:02:38.454] [odom] [warning] IMU better ratios rot=0.84, trans=0.03, vel=0.06
[2026-07-10 16:02:38.579] [odom] [warning] IMU bias estimation seems inaccurate.
[2026-07-10 16:02:38.579] [odom] [warning] Possibly T_lidar_imu is not accurate or LiDAR-IMU synchronization is not correct.
[2026-07-10 16:02:38.579] [odom] [warning] IMU bias validation results:
[2026-07-10 16:02:38.579] [odom] [warning] num_bias_validations=12032
[2026-07-10 16:02:38.579] [odom] [warning] bias_acc=[-0.031, 0.506, 0.135] m/s^2, bias_gyro=[-0.018, 0.001, 0.002] rad/s
[2026-07-10 16:02:38.579] [odom] [warning] acc_stat ax=-0.089 +- 0.314 [min=-0.593, max=0.417], ay=0.416 +- 0.278 [min=-0.121, max=0.904], az=0.151 +- 0.068 [min=0.009, max=0.301] m/s^2
[2026-07-10 16:02:38.579] [odom] [warning] gyro_stat wx=-0.018 +- 0.001 [min=-0.019, max=-0.015], wy=0.001 +- 0.000 [min=-0.000, max=0.002], wz=0.001 +- 0.000 [min=0.001, max=0.002] rad/s
[2026-07-10 16:02:38.636] [glim] [info] playback speed: 3.861x
[2026-07-10 16:02:40.360] [odom] [warning] IMU prediction is not good.
[2026-07-10 16:02:40.360] [odom] [warning] Possibly T_lidar_imu is not accurate or IMU bias is not well estimated.
[2026-07-10 16:02:40.360] [odom] [warning] IMU validation results:
[2026-07-10 16:02:40.360] [odom] [warning] num_validations=11648
[2026-07-10 16:02:40.360] [odom] [warning] No-IMU errors rot=0.187 +- 0.228 deg, trans=0.033 +- 0.020 m, vel=0.026 +- 0.017 m/s
[2026-07-10 16:02:40.360] [odom] [warning] IMU errors rot=0.058 +- 0.051 deg, trans=0.038 +- 0.023 m, vel=0.109 +- 0.062 m/s
[2026-07-10 16:02:40.360] [odom] [warning] IMU better ratios rot=0.84, trans=0.03, vel=0.06
[2026-07-10 16:02:40.800] [odom] [warning] IMU bias estimation seems inaccurate.
[2026-07-10 16:02:40.800] [odom] [warning] Possibly T_lidar_imu is not accurate or LiDAR-IMU synchronization is not correct.
[2026-07-10 16:02:40.800] [odom] [warning] IMU bias validation results:
[2026-07-10 16:02:40.800] [odom] [warning] num_bias_validations=12096
[2026-07-10 16:02:40.800] [odom] [warning] bias_acc=[-0.022, 0.507, 0.133] m/s^2, bias_gyro=[-0.018, 0.001, 0.002] rad/s
[2026-07-10 16:02:40.800] [odom] [warning] acc_stat ax=-0.088 +- 0.313 [min=-0.593, max=0.417], ay=0.417 +- 0.277 [min=-0.121, max=0.904], az=0.151 +- 0.068 [min=0.009, max=0.301] m/s^2
[2026-07-10 16:02:40.800] [odom] [warning] gyro_stat wx=-0.018 +- 0.001 [min=-0.019, max=-0.015], wy=0.001 +- 0.000 [min=-0.000, max=0.002], wz=0.001 +- 0.000 [min=0.001, max=0.002] rad/s
[2026-07-10 16:02:41.942] [odom] [warning] IMU prediction is not good.
[2026-07-10 16:02:41.942] [odom] [warning] Possibly T_lidar_imu is not accurate or IMU bias is not well estimated.
[2026-07-10 16:02:41.942] [odom] [warning] IMU validation results:
[2026-07-10 16:02:41.942] [odom] [warning] num_validations=11712
[2026-07-10 16:02:41.942] [odom] [warning] No-IMU errors rot=0.187 +- 0.227 deg, trans=0.033 +- 0.020 m, vel=0.026 +- 0.017 m/s
[2026-07-10 16:02:41.942] [odom] [warning] IMU errors rot=0.058 +- 0.051 deg, trans=0.038 +- 0.023 m, vel=0.108 +- 0.062 m/s
[2026-07-10 16:02:41.942] [odom] [warning] IMU better ratios rot=0.84, trans=0.03, vel=0.06
[2026-07-10 16:02:42.413] [odom] [warning] IMU bias estimation seems inaccurate.
[2026-07-10 16:02:42.413] [odom] [warning] Possibly T_lidar_imu is not accurate or LiDAR-IMU synchronization is not correct.
[2026-07-10 16:02:42.413] [odom] [warning] IMU bias validation results:
[2026-07-10 16:02:42.413] [odom] [warning] num_bias_validations=12160
[2026-07-10 16:02:42.413] [odom] [warning] bias_acc=[-0.015, 0.507, 0.131] m/s^2, bias_gyro=[-0.018, 0.001, 0.001] rad/s
[2026-07-10 16:02:42.413] [odom] [warning] acc_stat ax=-0.088 +- 0.312 [min=-0.593, max=0.417], ay=0.417 +- 0.276 [min=-0.121, max=0.904], az=0.151 +- 0.068 [min=0.009, max=0.301] m/s^2
[2026-07-10 16:02:42.413] [odom] [warning] gyro_stat wx=-0.018 +- 0.001 [min=-0.019, max=-0.015], wy=0.001 +- 0.000 [min=-0.000, max=0.002], wz=0.001 +- 0.000 [min=0.001, max=0.002] rad/s
[2026-07-10 16:02:43.660] [glim] [info] playback speed: 3.225x
[2026-07-10 16:02:44.463] [odom] [warning] IMU prediction is not good.
[2026-07-10 16:02:44.463] [odom] [warning] Possibly T_lidar_imu is not accurate or IMU bias is not well estimated.
[2026-07-10 16:02:44.463] [odom] [warning] IMU validation results:
[2026-07-10 16:02:44.463] [odom] [warning] num_validations=11776
[2026-07-10 16:02:44.463] [odom] [warning] No-IMU errors rot=0.186 +- 0.227 deg, trans=0.033 +- 0.020 m, vel=0.026 +- 0.017 m/s
[2026-07-10 16:02:44.463] [odom] [warning] IMU errors rot=0.058 +- 0.051 deg, trans=0.038 +- 0.023 m, vel=0.108 +- 0.062 m/s
[2026-07-10 16:02:44.463] [odom] [warning] IMU better ratios rot=0.84, trans=0.03, vel=0.06
[2026-07-10 16:02:45.286] [odom] [warning] IMU bias estimation seems inaccurate.
[2026-07-10 16:02:45.286] [odom] [warning] Possibly T_lidar_imu is not accurate or LiDAR-IMU synchronization is not correct.
[2026-07-10 16:02:45.286] [odom] [warning] IMU bias validation results:
[2026-07-10 16:02:45.286] [odom] [warning] num_bias_validations=12224
[2026-07-10 16:02:45.286] [odom] [warning] bias_acc=[-0.008, 0.508, 0.129] m/s^2, bias_gyro=[-0.018, 0.001, 0.001] rad/s
[2026-07-10 16:02:45.286] [odom] [warning] acc_stat ax=-0.087 +- 0.312 [min=-0.593, max=0.417], ay=0.417 +- 0.276 [min=-0.121, max=0.904], az=0.151 +- 0.068 [min=0.009, max=0.301] m/s^2
[2026-07-10 16:02:45.286] [odom] [warning] gyro_stat wx=-0.018 +- 0.001 [min=-0.019, max=-0.015], wy=0.001 +- 0.000 [min=-0.000, max=0.002], wz=0.001 +- 0.000 [min=0.001, max=0.002] rad/s
[2026-07-10 16:02:45.721] [odom] [warning] IMU prediction is not good.
[2026-07-10 16:02:45.721] [odom] [warning] Possibly T_lidar_imu is not accurate or IMU bias is not well estimated.
[2026-07-10 16:02:45.721] [odom] [warning] IMU validation results:
[2026-07-10 16:02:45.721] [odom] [warning] num_validations=11840
[2026-07-10 16:02:45.721] [odom] [warning] No-IMU errors rot=0.186 +- 0.227 deg, trans=0.033 +- 0.020 m, vel=0.026 +- 0.017 m/s
[2026-07-10 16:02:45.721] [odom] [warning] IMU errors rot=0.058 +- 0.050 deg, trans=0.038 +- 0.023 m, vel=0.108 +- 0.062 m/s
[2026-07-10 16:02:45.721] [odom] [warning] IMU better ratios rot=0.84, trans=0.03, vel=0.06
[2026-07-10 16:02:46.217] [odom] [warning] IMU bias estimation seems inaccurate.
[2026-07-10 16:02:46.217] [odom] [warning] Possibly T_lidar_imu is not accurate or LiDAR-IMU synchronization is not correct.
[2026-07-10 16:02:46.217] [odom] [warning] IMU bias validation results:
[2026-07-10 16:02:46.217] [odom] [warning] num_bias_validations=12288
[2026-07-10 16:02:46.217] [odom] [warning] bias_acc=[-0.001, 0.508, 0.127] m/s^2, bias_gyro=[-0.018, 0.001, 0.002] rad/s
[2026-07-10 16:02:46.217] [odom] [warning] acc_stat ax=-0.087 +- 0.311 [min=-0.593, max=0.417], ay=0.418 +- 0.275 [min=-0.121, max=0.904], az=0.151 +- 0.068 [min=0.009, max=0.301] m/s^2
[2026-07-10 16:02:46.217] [odom] [warning] gyro_stat wx=-0.018 +- 0.001 [min=-0.019, max=-0.015], wy=0.001 +- 0.000 [min=-0.000, max=0.002], wz=0.001 +- 0.000 [min=0.001, max=0.002] rad/s
[2026-07-10 16:02:47.808] [odom] [warning] IMU prediction is not good.
[2026-07-10 16:02:47.808] [odom] [warning] Possibly T_lidar_imu is not accurate or IMU bias is not well estimated.
[2026-07-10 16:02:47.808] [odom] [warning] IMU validation results:
[2026-07-10 16:02:47.808] [odom] [warning] num_validations=11904
[2026-07-10 16:02:47.808] [odom] [warning] No-IMU errors rot=0.186 +- 0.226 deg, trans=0.032 +- 0.020 m, vel=0.026 +- 0.017 m/s
[2026-07-10 16:02:47.808] [odom] [warning] IMU errors rot=0.058 +- 0.050 deg, trans=0.038 +- 0.023 m, vel=0.107 +- 0.062 m/s
[2026-07-10 16:02:47.808] [odom] [warning] IMU better ratios rot=0.84, trans=0.03, vel=0.06
[2026-07-10 16:02:47.942] [odom] [warning] IMU bias estimation seems inaccurate.
[2026-07-10 16:02:47.942] [odom] [warning] Possibly T_lidar_imu is not accurate or LiDAR-IMU synchronization is not correct.
[2026-07-10 16:02:47.942] [odom] [warning] IMU bias validation results:
[2026-07-10 16:02:47.942] [odom] [warning] num_bias_validations=12352
[2026-07-10 16:02:47.942] [odom] [warning] bias_acc=[0.005, 0.506, 0.126] m/s^2, bias_gyro=[-0.018, 0.001, 0.002] rad/s
[2026-07-10 16:02:47.942] [odom] [warning] acc_stat ax=-0.087 +- 0.310 [min=-0.593, max=0.417], ay=0.418 +- 0.274 [min=-0.121, max=0.904], az=0.151 +- 0.068 [min=0.009, max=0.301] m/s^2
[2026-07-10 16:02:47.942] [odom] [warning] gyro_stat wx=-0.018 +- 0.001 [min=-0.019, max=-0.015], wy=0.001 +- 0.000 [min=-0.000, max=0.002], wz=0.001 +- 0.000 [min=0.001, max=0.002] rad/s
[2026-07-10 16:02:48.681] [glim] [info] playback speed: 3.960x
[2026-07-10 16:02:48.950] [odom] [warning] IMU prediction is not good.
[2026-07-10 16:02:48.950] [odom] [warning] Possibly T_lidar_imu is not accurate or IMU bias is not well estimated.
[2026-07-10 16:02:48.950] [odom] [warning] IMU validation results:
[2026-07-10 16:02:48.950] [odom] [warning] num_validations=11968
[2026-07-10 16:02:48.950] [odom] [warning] No-IMU errors rot=0.185 +- 0.226 deg, trans=0.032 +- 0.020 m, vel=0.026 +- 0.017 m/s
[2026-07-10 16:02:48.950] [odom] [warning] IMU errors rot=0.058 +- 0.050 deg, trans=0.037 +- 0.023 m, vel=0.107 +- 0.062 m/s
[2026-07-10 16:02:48.950] [odom] [warning] IMU better ratios rot=0.84, trans=0.03, vel=0.06
[2026-07-10 16:02:49.610] [odom] [warning] IMU bias estimation seems inaccurate.
[2026-07-10 16:02:49.610] [odom] [warning] Possibly T_lidar_imu is not accurate or LiDAR-IMU synchronization is not correct.
[2026-07-10 16:02:49.610] [odom] [warning] IMU bias validation results:
[2026-07-10 16:02:49.610] [odom] [warning] num_bias_validations=12416
[2026-07-10 16:02:49.610] [odom] [warning] bias_acc=[0.009, 0.505, 0.124] m/s^2, bias_gyro=[-0.018, 0.001, 0.002] rad/s
[2026-07-10 16:02:49.610] [odom] [warning] acc_stat ax=-0.086 +- 0.309 [min=-0.593, max=0.417], ay=0.419 +- 0.274 [min=-0.121, max=0.904], az=0.151 +- 0.068 [min=0.009, max=0.301] m/s^2
[2026-07-10 16:02:49.610] [odom] [warning] gyro_stat wx=-0.018 +- 0.001 [min=-0.019, max=-0.015], wy=0.001 +- 0.000 [min=-0.000, max=0.002], wz=0.001 +- 0.000 [min=0.001, max=0.002] rad/s
[2026-07-10 16:02:51.000] [odom] [warning] IMU bias estimation seems inaccurate.
[2026-07-10 16:02:51.001] [odom] [warning] Possibly T_lidar_imu is not accurate or LiDAR-IMU synchronization is not correct.
[2026-07-10 16:02:51.001] [odom] [warning] IMU bias validation results:
[2026-07-10 16:02:51.001] [odom] [warning] num_bias_validations=12480
[2026-07-10 16:02:51.001] [odom] [warning] bias_acc=[0.012, 0.504, 0.122] m/s^2, bias_gyro=[-0.018, 0.001, 0.002] rad/s
[2026-07-10 16:02:51.001] [odom] [warning] acc_stat ax=-0.086 +- 0.309 [min=-0.593, max=0.417], ay=0.419 +- 0.273 [min=-0.121, max=0.904], az=0.150 +- 0.067 [min=0.009, max=0.301] m/s^2
[2026-07-10 16:02:51.001] [odom] [warning] gyro_stat wx=-0.018 +- 0.001 [min=-0.019, max=-0.015], wy=0.001 +- 0.000 [min=-0.000, max=0.002], wz=0.001 +- 0.000 [min=0.001, max=0.002] rad/s
[2026-07-10 16:02:52.506] [odom] [warning] IMU prediction is not good.
[2026-07-10 16:02:52.506] [odom] [warning] Possibly T_lidar_imu is not accurate or IMU bias is not well estimated.
[2026-07-10 16:02:52.506] [odom] [warning] IMU validation results:
[2026-07-10 16:02:52.506] [odom] [warning] num_validations=12032
[2026-07-10 16:02:52.506] [odom] [warning] No-IMU errors rot=0.185 +- 0.225 deg, trans=0.032 +- 0.020 m, vel=0.026 +- 0.017 m/s
[2026-07-10 16:02:52.506] [odom] [warning] IMU errors rot=0.058 +- 0.050 deg, trans=0.037 +- 0.023 m, vel=0.107 +- 0.062 m/s
[2026-07-10 16:02:52.506] [odom] [warning] IMU better ratios rot=0.84, trans=0.03, vel=0.06
[2026-07-10 16:02:53.060] [odom] [warning] IMU bias estimation seems inaccurate.
[2026-07-10 16:02:53.060] [odom] [warning] Possibly T_lidar_imu is not accurate or LiDAR-IMU synchronization is not correct.
[2026-07-10 16:02:53.060] [odom] [warning] IMU bias validation results:
[2026-07-10 16:02:53.060] [odom] [warning] num_bias_validations=12544
[2026-07-10 16:02:53.060] [odom] [warning] bias_acc=[0.014, 0.502, 0.121] m/s^2, bias_gyro=[-0.018, 0.001, 0.002] rad/s
[2026-07-10 16:02:53.060] [odom] [warning] acc_stat ax=-0.085 +- 0.308 [min=-0.593, max=0.417], ay=0.420 +- 0.272 [min=-0.121, max=0.904], az=0.150 +- 0.067 [min=0.009, max=0.301] m/s^2
[2026-07-10 16:02:53.060] [odom] [warning] gyro_stat wx=-0.018 +- 0.001 [min=-0.019, max=-0.015], wy=0.001 +- 0.000 [min=-0.000, max=0.002], wz=0.001 +- 0.000 [min=0.001, max=0.002] rad/s
[2026-07-10 16:02:53.703] [glim] [info] playback speed: 3.535x
[2026-07-10 16:02:54.113] [odom] [warning] IMU prediction is not good.
[2026-07-10 16:02:54.113] [odom] [warning] Possibly T_lidar_imu is not accurate or IMU bias is not well estimated.
[2026-07-10 16:02:54.113] [odom] [warning] IMU validation results:
[2026-07-10 16:02:54.113] [odom] [warning] num_validations=12096
[2026-07-10 16:02:54.113] [odom] [warning] No-IMU errors rot=0.185 +- 0.225 deg, trans=0.032 +- 0.020 m, vel=0.026 +- 0.017 m/s
[2026-07-10 16:02:54.113] [odom] [warning] IMU errors rot=0.058 +- 0.050 deg, trans=0.037 +- 0.023 m, vel=0.106 +- 0.062 m/s
[2026-07-10 16:02:54.113] [odom] [warning] IMU better ratios rot=0.84, trans=0.03, vel=0.06
[2026-07-10 16:02:54.251] [odom] [warning] IMU bias estimation seems inaccurate.
[2026-07-10 16:02:54.251] [odom] [warning] Possibly T_lidar_imu is not accurate or LiDAR-IMU synchronization is not correct.
[2026-07-10 16:02:54.251] [odom] [warning] IMU bias validation results:
[2026-07-10 16:02:54.251] [odom] [warning] num_bias_validations=12608
[2026-07-10 16:02:54.251] [odom] [warning] bias_acc=[0.016, 0.500, 0.120] m/s^2, bias_gyro=[-0.018, 0.001, 0.002] rad/s
[2026-07-10 16:02:54.251] [odom] [warning] acc_stat ax=-0.085 +- 0.307 [min=-0.593, max=0.417], ay=0.420 +- 0.272 [min=-0.121, max=0.904], az=0.150 +- 0.067 [min=0.009, max=0.301] m/s^2
[2026-07-10 16:02:54.251] [odom] [warning] gyro_stat wx=-0.018 +- 0.001 [min=-0.019, max=-0.015], wy=0.001 +- 0.000 [min=-0.000, max=0.002], wz=0.001 +- 0.000 [min=0.001, max=0.002] rad/s
[2026-07-10 16:02:55.574] [odom] [warning] IMU prediction is not good.
[2026-07-10 16:02:55.575] [odom] [warning] Possibly T_lidar_imu is not accurate or IMU bias is not well estimated.
[2026-07-10 16:02:55.575] [odom] [warning] IMU validation results:
[2026-07-10 16:02:55.575] [odom] [warning] num_validations=12160
[2026-07-10 16:02:55.575] [odom] [warning] No-IMU errors rot=0.185 +- 0.224 deg, trans=0.032 +- 0.020 m, vel=0.026 +- 0.017 m/s
[2026-07-10 16:02:55.575] [odom] [warning] IMU errors rot=0.058 +- 0.050 deg, trans=0.037 +- 0.023 m, vel=0.106 +- 0.062 m/s
[2026-07-10 16:02:55.575] [odom] [warning] IMU better ratios rot=0.84, trans=0.03, vel=0.07
[2026-07-10 16:02:57.121] [odom] [warning] IMU prediction is not good.
[2026-07-10 16:02:57.121] [odom] [warning] Possibly T_lidar_imu is not accurate or IMU bias is not well estimated.
[2026-07-10 16:02:57.121] [odom] [warning] IMU validation results:
[2026-07-10 16:02:57.121] [odom] [warning] num_validations=12224
[2026-07-10 16:02:57.121] [odom] [warning] No-IMU errors rot=0.184 +- 0.224 deg, trans=0.032 +- 0.020 m, vel=0.026 +- 0.017 m/s
[2026-07-10 16:02:57.121] [odom] [warning] IMU errors rot=0.058 +- 0.050 deg, trans=0.037 +- 0.023 m, vel=0.105 +- 0.062 m/s
[2026-07-10 16:02:57.121] [odom] [warning] IMU better ratios rot=0.84, trans=0.03, vel=0.07
[2026-07-10 16:02:58.732] [glim] [info] playback speed: 4.438x
[2026-07-10 16:02:58.755] [odom] [warning] IMU prediction is not good.
[2026-07-10 16:02:58.755] [odom] [warning] Possibly T_lidar_imu is not accurate or IMU bias is not well estimated.
[2026-07-10 16:02:58.755] [odom] [warning] IMU validation results:
[2026-07-10 16:02:58.755] [odom] [warning] num_validations=12288
[2026-07-10 16:02:58.755] [odom] [warning] No-IMU errors rot=0.184 +- 0.223 deg, trans=0.032 +- 0.020 m, vel=0.026 +- 0.017 m/s
[2026-07-10 16:02:58.755] [odom] [warning] IMU errors rot=0.058 +- 0.050 deg, trans=0.037 +- 0.023 m, vel=0.105 +- 0.062 m/s
[2026-07-10 16:02:58.755] [odom] [warning] IMU better ratios rot=0.84, trans=0.03, vel=0.07
[2026-07-10 16:03:00.438] [odom] [warning] IMU prediction is not good.
[2026-07-10 16:03:00.438] [odom] [warning] Possibly T_lidar_imu is not accurate or IMU bias is not well estimated.
[2026-07-10 16:03:00.438] [odom] [warning] IMU validation results:
[2026-07-10 16:03:00.438] [odom] [warning] num_validations=12352
[2026-07-10 16:03:00.438] [odom] [warning] No-IMU errors rot=0.186 +- 0.227 deg, trans=0.032 +- 0.020 m, vel=0.026 +- 0.017 m/s
[2026-07-10 16:03:00.438] [odom] [warning] IMU errors rot=0.058 +- 0.050 deg, trans=0.037 +- 0.023 m, vel=0.105 +- 0.062 m/s
[2026-07-10 16:03:00.438] [odom] [warning] IMU better ratios rot=0.84, trans=0.03, vel=0.07
[2026-07-10 16:03:02.608] [odom] [warning] IMU prediction is not good.
[2026-07-10 16:03:02.608] [odom] [warning] Possibly T_lidar_imu is not accurate or IMU bias is not well estimated.
[2026-07-10 16:03:02.608] [odom] [warning] IMU validation results:
[2026-07-10 16:03:02.608] [odom] [warning] num_validations=12416
[2026-07-10 16:03:02.608] [odom] [warning] No-IMU errors rot=0.187 +- 0.228 deg, trans=0.031 +- 0.020 m, vel=0.026 +- 0.017 m/s
[2026-07-10 16:03:02.608] [odom] [warning] IMU errors rot=0.058 +- 0.050 deg, trans=0.036 +- 0.023 m, vel=0.104 +- 0.062 m/s
[2026-07-10 16:03:02.608] [odom] [warning] IMU better ratios rot=0.84, trans=0.03, vel=0.07
[2026-07-10 16:03:03.744] [glim] [info] playback speed: 3.785x
[2026-07-10 16:03:03.807] [odom] [warning] IMU prediction is not good.
[2026-07-10 16:03:03.807] [odom] [warning] Possibly T_lidar_imu is not accurate or IMU bias is not well estimated.
[2026-07-10 16:03:03.807] [odom] [warning] IMU validation results:
[2026-07-10 16:03:03.807] [odom] [warning] num_validations=12480
[2026-07-10 16:03:03.807] [odom] [warning] No-IMU errors rot=0.188 +- 0.227 deg, trans=0.031 +- 0.020 m, vel=0.026 +- 0.017 m/s
[2026-07-10 16:03:03.807] [odom] [warning] IMU errors rot=0.058 +- 0.050 deg, trans=0.036 +- 0.023 m, vel=0.104 +- 0.062 m/s
[2026-07-10 16:03:03.807] [odom] [warning] IMU better ratios rot=0.84, trans=0.03, vel=0.07
[2026-07-10 16:03:07.063] [odom] [warning] IMU prediction is not good.
[2026-07-10 16:03:07.063] [odom] [warning] Possibly T_lidar_imu is not accurate or IMU bias is not well estimated.
[2026-07-10 16:03:07.063] [odom] [warning] IMU validation results:
[2026-07-10 16:03:07.063] [odom] [warning] num_validations=12544
[2026-07-10 16:03:07.063] [odom] [warning] No-IMU errors rot=0.187 +- 0.227 deg, trans=0.031 +- 0.020 m, vel=0.026 +- 0.017 m/s
[2026-07-10 16:03:07.063] [odom] [warning] IMU errors rot=0.058 +- 0.050 deg, trans=0.036 +- 0.023 m, vel=0.104 +- 0.062 m/s
[2026-07-10 16:03:07.063] [odom] [warning] IMU better ratios rot=0.84, trans=0.03, vel=0.07
[2026-07-10 16:03:08.709] [odom] [warning] IMU prediction is not good.
[2026-07-10 16:03:08.709] [odom] [warning] Possibly T_lidar_imu is not accurate or IMU bias is not well estimated.
[2026-07-10 16:03:08.709] [odom] [warning] IMU validation results:
[2026-07-10 16:03:08.709] [odom] [warning] num_validations=12608
[2026-07-10 16:03:08.709] [odom] [warning] No-IMU errors rot=0.187 +- 0.227 deg, trans=0.031 +- 0.020 m, vel=0.026 +- 0.017 m/s
[2026-07-10 16:03:08.709] [odom] [warning] IMU errors rot=0.058 +- 0.050 deg, trans=0.036 +- 0.023 m, vel=0.104 +- 0.062 m/s
[2026-07-10 16:03:08.709] [odom] [warning] IMU better ratios rot=0.84, trans=0.03, vel=0.07
[2026-07-10 16:03:08.744] [glim] [info] playback speed: 2.699x
[2026-07-10 16:03:10.537] [odom] [warning] IMU prediction is not good.
[2026-07-10 16:03:10.537] [odom] [warning] Possibly T_lidar_imu is not accurate or IMU bias is not well estimated.
[2026-07-10 16:03:10.537] [odom] [warning] IMU validation results:
[2026-07-10 16:03:10.537] [odom] [warning] num_validations=12672
[2026-07-10 16:03:10.537] [odom] [warning] No-IMU errors rot=0.187 +- 0.226 deg, trans=0.031 +- 0.020 m, vel=0.026 +- 0.017 m/s
[2026-07-10 16:03:10.537] [odom] [warning] IMU errors rot=0.058 +- 0.050 deg, trans=0.036 +- 0.023 m, vel=0.103 +- 0.062 m/s
[2026-07-10 16:03:10.537] [odom] [warning] IMU better ratios rot=0.84, trans=0.03, vel=0.07
[2026-07-10 16:03:12.210] [odom] [warning] IMU prediction is not good.
[2026-07-10 16:03:12.210] [odom] [warning] Possibly T_lidar_imu is not accurate or IMU bias is not well estimated.
[2026-07-10 16:03:12.210] [odom] [warning] IMU validation results:
[2026-07-10 16:03:12.210] [odom] [warning] num_validations=12736
[2026-07-10 16:03:12.210] [odom] [warning] No-IMU errors rot=0.188 +- 0.227 deg, trans=0.031 +- 0.020 m, vel=0.026 +- 0.017 m/s
[2026-07-10 16:03:12.210] [odom] [warning] IMU errors rot=0.059 +- 0.051 deg, trans=0.036 +- 0.023 m, vel=0.103 +- 0.062 m/s
[2026-07-10 16:03:12.210] [odom] [warning] IMU better ratios rot=0.84, trans=0.03, vel=0.07
[2026-07-10 16:03:13.748] [glim] [info] playback speed: 3.628x
[2026-07-10 16:03:13.841] [odom] [warning] IMU prediction is not good.
[2026-07-10 16:03:13.841] [odom] [warning] Possibly T_lidar_imu is not accurate or IMU bias is not well estimated.
[2026-07-10 16:03:13.841] [odom] [warning] IMU validation results:
[2026-07-10 16:03:13.841] [odom] [warning] num_validations=12800
[2026-07-10 16:03:13.841] [odom] [warning] No-IMU errors rot=0.189 +- 0.227 deg, trans=0.031 +- 0.020 m, vel=0.026 +- 0.017 m/s
[2026-07-10 16:03:13.841] [odom] [warning] IMU errors rot=0.059 +- 0.051 deg, trans=0.036 +- 0.023 m, vel=0.103 +- 0.062 m/s
[2026-07-10 16:03:13.841] [odom] [warning] IMU better ratios rot=0.84, trans=0.03, vel=0.07
[2026-07-10 16:03:16.505] [odom] [warning] IMU prediction is not good.
[2026-07-10 16:03:16.505] [odom] [warning] Possibly T_lidar_imu is not accurate or IMU bias is not well estimated.
[2026-07-10 16:03:16.505] [odom] [warning] IMU validation results:
[2026-07-10 16:03:16.505] [odom] [warning] num_validations=12864
[2026-07-10 16:03:16.505] [odom] [warning] No-IMU errors rot=0.189 +- 0.226 deg, trans=0.031 +- 0.020 m, vel=0.026 +- 0.017 m/s
[2026-07-10 16:03:16.505] [odom] [warning] IMU errors rot=0.059 +- 0.051 deg, trans=0.036 +- 0.023 m, vel=0.103 +- 0.062 m/s
[2026-07-10 16:03:16.505] [odom] [warning] IMU better ratios rot=0.84, trans=0.03, vel=0.07
[2026-07-10 16:03:17.792] [odom] [warning] IMU prediction is not good.
[2026-07-10 16:03:17.792] [odom] [warning] Possibly T_lidar_imu is not accurate or IMU bias is not well estimated.
[2026-07-10 16:03:17.792] [odom] [warning] IMU validation results:
[2026-07-10 16:03:17.792] [odom] [warning] num_validations=12928
[2026-07-10 16:03:17.792] [odom] [warning] No-IMU errors rot=0.190 +- 0.228 deg, trans=0.031 +- 0.020 m, vel=0.026 +- 0.017 m/s
[2026-07-10 16:03:17.792] [odom] [warning] IMU errors rot=0.059 +- 0.051 deg, trans=0.036 +- 0.023 m, vel=0.103 +- 0.062 m/s
[2026-07-10 16:03:17.792] [odom] [warning] IMU better ratios rot=0.84, trans=0.03, vel=0.07
[2026-07-10 16:03:18.766] [glim] [info] playback speed: 3.316x
[2026-07-10 16:03:19.667] [odom] [warning] IMU prediction is not good.
[2026-07-10 16:03:19.667] [odom] [warning] Possibly T_lidar_imu is not accurate or IMU bias is not well estimated.
[2026-07-10 16:03:19.667] [odom] [warning] IMU validation results:
[2026-07-10 16:03:19.667] [odom] [warning] num_validations=12992
[2026-07-10 16:03:19.667] [odom] [warning] No-IMU errors rot=0.189 +- 0.227 deg, trans=0.031 +- 0.020 m, vel=0.026 +- 0.017 m/s
[2026-07-10 16:03:19.667] [odom] [warning] IMU errors rot=0.059 +- 0.051 deg, trans=0.036 +- 0.023 m, vel=0.103 +- 0.062 m/s
[2026-07-10 16:03:19.667] [odom] [warning] IMU better ratios rot=0.84, trans=0.03, vel=0.07
[2026-07-10 16:03:22.084] [odom] [warning] IMU prediction is not good.
[2026-07-10 16:03:22.084] [odom] [warning] Possibly T_lidar_imu is not accurate or IMU bias is not well estimated.
[2026-07-10 16:03:22.084] [odom] [warning] IMU validation results:
[2026-07-10 16:03:22.084] [odom] [warning] num_validations=13056
[2026-07-10 16:03:22.084] [odom] [warning] No-IMU errors rot=0.189 +- 0.227 deg, trans=0.031 +- 0.020 m, vel=0.026 +- 0.017 m/s
[2026-07-10 16:03:22.084] [odom] [warning] IMU errors rot=0.059 +- 0.051 deg, trans=0.036 +- 0.023 m, vel=0.102 +- 0.061 m/s
[2026-07-10 16:03:22.084] [odom] [warning] IMU better ratios rot=0.84, trans=0.03, vel=0.07
[2026-07-10 16:03:23.354] [odom] [warning] IMU prediction is not good.
[2026-07-10 16:03:23.354] [odom] [warning] Possibly T_lidar_imu is not accurate or IMU bias is not well estimated.
[2026-07-10 16:03:23.354] [odom] [warning] IMU validation results:
[2026-07-10 16:03:23.354] [odom] [warning] num_validations=13120
[2026-07-10 16:03:23.354] [odom] [warning] No-IMU errors rot=0.190 +- 0.226 deg, trans=0.031 +- 0.020 m, vel=0.026 +- 0.017 m/s
[2026-07-10 16:03:23.354] [odom] [warning] IMU errors rot=0.059 +- 0.051 deg, trans=0.036 +- 0.022 m, vel=0.102 +- 0.061 m/s
[2026-07-10 16:03:23.354] [odom] [warning] IMU better ratios rot=0.84, trans=0.03, vel=0.07
[2026-07-10 16:03:23.803] [glim] [info] playback speed: 3.646x
[2026-07-10 16:03:25.494] [odom] [warning] IMU prediction is not good.
[2026-07-10 16:03:25.494] [odom] [warning] Possibly T_lidar_imu is not accurate or IMU bias is not well estimated.
[2026-07-10 16:03:25.494] [odom] [warning] IMU validation results:
[2026-07-10 16:03:25.494] [odom] [warning] num_validations=13184
[2026-07-10 16:03:25.494] [odom] [warning] No-IMU errors rot=0.189 +- 0.226 deg, trans=0.031 +- 0.019 m, vel=0.026 +- 0.017 m/s
[2026-07-10 16:03:25.494] [odom] [warning] IMU errors rot=0.059 +- 0.051 deg, trans=0.036 +- 0.022 m, vel=0.102 +- 0.061 m/s
[2026-07-10 16:03:25.494] [odom] [warning] IMU better ratios rot=0.85, trans=0.03, vel=0.07
[2026-07-10 16:03:27.821] [odom] [warning] IMU prediction is not good.
[2026-07-10 16:03:27.821] [odom] [warning] Possibly T_lidar_imu is not accurate or IMU bias is not well estimated.
[2026-07-10 16:03:27.821] [odom] [warning] IMU validation results:
[2026-07-10 16:03:27.821] [odom] [warning] num_validations=13248
[2026-07-10 16:03:27.821] [odom] [warning] No-IMU errors rot=0.189 +- 0.226 deg, trans=0.031 +- 0.019 m, vel=0.026 +- 0.017 m/s
[2026-07-10 16:03:27.821] [odom] [warning] IMU errors rot=0.059 +- 0.051 deg, trans=0.036 +- 0.022 m, vel=0.102 +- 0.061 m/s
[2026-07-10 16:03:27.821] [odom] [warning] IMU better ratios rot=0.85, trans=0.03, vel=0.07
[2026-07-10 16:03:28.808] [glim] [info] playback speed: 3.446x
[2026-07-10 16:03:29.269] [odom] [warning] IMU prediction is not good.
[2026-07-10 16:03:29.269] [odom] [warning] Possibly T_lidar_imu is not accurate or IMU bias is not well estimated.
[2026-07-10 16:03:29.269] [odom] [warning] IMU validation results:
[2026-07-10 16:03:29.269] [odom] [warning] num_validations=13312
[2026-07-10 16:03:29.269] [odom] [warning] No-IMU errors rot=0.191 +- 0.227 deg, trans=0.031 +- 0.019 m, vel=0.026 +- 0.017 m/s
[2026-07-10 16:03:29.269] [odom] [warning] IMU errors rot=0.060 +- 0.051 deg, trans=0.036 +- 0.022 m, vel=0.102 +- 0.061 m/s
[2026-07-10 16:03:29.269] [odom] [warning] IMU better ratios rot=0.85, trans=0.03, vel=0.07
[2026-07-10 16:03:32.038] [odom] [warning] IMU prediction is not good.
[2026-07-10 16:03:32.038] [odom] [warning] Possibly T_lidar_imu is not accurate or IMU bias is not well estimated.
[2026-07-10 16:03:32.038] [odom] [warning] IMU validation results:
[2026-07-10 16:03:32.038] [odom] [warning] num_validations=13376
[2026-07-10 16:03:32.038] [odom] [warning] No-IMU errors rot=0.192 +- 0.229 deg, trans=0.031 +- 0.019 m, vel=0.027 +- 0.017 m/s
[2026-07-10 16:03:32.038] [odom] [warning] IMU errors rot=0.060 +- 0.052 deg, trans=0.036 +- 0.022 m, vel=0.102 +- 0.061 m/s
[2026-07-10 16:03:32.038] [odom] [warning] IMU better ratios rot=0.85, trans=0.03, vel=0.07
[2026-07-10 16:03:33.810] [glim] [info] playback speed: 2.616x
[2026-07-10 16:03:34.076] [odom] [warning] IMU prediction is not good.
[2026-07-10 16:03:34.076] [odom] [warning] Possibly T_lidar_imu is not accurate or IMU bias is not well estimated.
[2026-07-10 16:03:34.076] [odom] [warning] IMU validation results:
[2026-07-10 16:03:34.076] [odom] [warning] num_validations=13440
[2026-07-10 16:03:34.076] [odom] [warning] No-IMU errors rot=0.192 +- 0.228 deg, trans=0.031 +- 0.020 m, vel=0.027 +- 0.018 m/s
[2026-07-10 16:03:34.076] [odom] [warning] IMU errors rot=0.061 +- 0.052 deg, trans=0.036 +- 0.022 m, vel=0.102 +- 0.061 m/s
[2026-07-10 16:03:34.076] [odom] [warning] IMU better ratios rot=0.85, trans=0.03, vel=0.07
[2026-07-10 16:03:35.775] [odom] [warning] IMU prediction is not good.
[2026-07-10 16:03:35.775] [odom] [warning] Possibly T_lidar_imu is not accurate or IMU bias is not well estimated.
[2026-07-10 16:03:35.775] [odom] [warning] IMU validation results:
[2026-07-10 16:03:35.775] [odom] [warning] num_validations=13504
[2026-07-10 16:03:35.775] [odom] [warning] No-IMU errors rot=0.194 +- 0.231 deg, trans=0.031 +- 0.020 m, vel=0.027 +- 0.018 m/s
[2026-07-10 16:03:35.775] [odom] [warning] IMU errors rot=0.061 +- 0.053 deg, trans=0.036 +- 0.022 m, vel=0.102 +- 0.060 m/s
[2026-07-10 16:03:35.775] [odom] [warning] IMU better ratios rot=0.85, trans=0.03, vel=0.07
[2026-07-10 16:03:36.236] [odom] [warning] IMU bias estimation seems inaccurate.
[2026-07-10 16:03:36.236] [odom] [warning] Possibly T_lidar_imu is not accurate or LiDAR-IMU synchronization is not correct.
[2026-07-10 16:03:36.236] [odom] [warning] IMU bias validation results:
[2026-07-10 16:03:36.236] [odom] [warning] num_bias_validations=14016
[2026-07-10 16:03:36.236] [odom] [warning] bias_acc=[-0.174, 0.500, 0.143] m/s^2, bias_gyro=[-0.017, 0.001, 0.001] rad/s
[2026-07-10 16:03:36.236] [odom] [warning] acc_stat ax=-0.083 +- 0.292 [min=-0.593, max=0.417], ay=0.426 +- 0.258 [min=-0.121, max=0.904], az=0.148 +- 0.064 [min=0.009, max=0.301] m/s^2
[2026-07-10 16:03:36.236] [odom] [warning] gyro_stat wx=-0.018 +- 0.001 [min=-0.019, max=-0.015], wy=0.001 +- 0.000 [min=-0.000, max=0.002], wz=0.001 +- 0.000 [min=0.001, max=0.002] rad/s
[2026-07-10 16:03:38.285] [odom] [warning] IMU prediction is not good.
[2026-07-10 16:03:38.285] [odom] [warning] Possibly T_lidar_imu is not accurate or IMU bias is not well estimated.
[2026-07-10 16:03:38.285] [odom] [warning] IMU validation results:
[2026-07-10 16:03:38.285] [odom] [warning] num_validations=13568
[2026-07-10 16:03:38.285] [odom] [warning] No-IMU errors rot=0.200 +- 0.255 deg, trans=0.031 +- 0.020 m, vel=0.027 +- 0.018 m/s
[2026-07-10 16:03:38.285] [odom] [warning] IMU errors rot=0.061 +- 0.053 deg, trans=0.036 +- 0.022 m, vel=0.103 +- 0.060 m/s
[2026-07-10 16:03:38.285] [odom] [warning] IMU better ratios rot=0.85, trans=0.03, vel=0.07
[2026-07-10 16:03:38.829] [glim] [info] playback speed: 3.052x
[2026-07-10 16:03:39.205] [odom] [warning] IMU bias estimation seems inaccurate.
[2026-07-10 16:03:39.205] [odom] [warning] Possibly T_lidar_imu is not accurate or LiDAR-IMU synchronization is not correct.
[2026-07-10 16:03:39.205] [odom] [warning] IMU bias validation results:
[2026-07-10 16:03:39.205] [odom] [warning] num_bias_validations=14080
[2026-07-10 16:03:39.205] [odom] [warning] bias_acc=[-0.164, 0.508, 0.143] m/s^2, bias_gyro=[-0.018, 0.000, 0.001] rad/s
[2026-07-10 16:03:39.205] [odom] [warning] acc_stat ax=-0.083 +- 0.292 [min=-0.593, max=0.417], ay=0.426 +- 0.258 [min=-0.121, max=0.904], az=0.147 +- 0.064 [min=0.009, max=0.301] m/s^2
[2026-07-10 16:03:39.205] [odom] [warning] gyro_stat wx=-0.018 +- 0.001 [min=-0.019, max=-0.015], wy=0.001 +- 0.000 [min=-0.000, max=0.002], wz=0.001 +- 0.000 [min=0.001, max=0.002] rad/s
[2026-07-10 16:03:41.986] [odom] [warning] IMU prediction is not good.
[2026-07-10 16:03:41.986] [odom] [warning] Possibly T_lidar_imu is not accurate or IMU bias is not well estimated.
[2026-07-10 16:03:41.986] [odom] [warning] IMU validation results:
[2026-07-10 16:03:41.986] [odom] [warning] num_validations=13632
[2026-07-10 16:03:41.986] [odom] [warning] No-IMU errors rot=0.199 +- 0.255 deg, trans=0.031 +- 0.020 m, vel=0.027 +- 0.018 m/s
[2026-07-10 16:03:41.986] [odom] [warning] IMU errors rot=0.061 +- 0.053 deg, trans=0.036 +- 0.022 m, vel=0.103 +- 0.060 m/s
[2026-07-10 16:03:41.986] [odom] [warning] IMU better ratios rot=0.84, trans=0.03, vel=0.07
[2026-07-10 16:03:42.897] [odom] [warning] IMU bias estimation seems inaccurate.
[2026-07-10 16:03:42.897] [odom] [warning] Possibly T_lidar_imu is not accurate or LiDAR-IMU synchronization is not correct.
[2026-07-10 16:03:42.897] [odom] [warning] IMU bias validation results:
[2026-07-10 16:03:42.897] [odom] [warning] num_bias_validations=14144
[2026-07-10 16:03:42.897] [odom] [warning] bias_acc=[-0.142, 0.511, 0.139] m/s^2, bias_gyro=[-0.018, 0.000, 0.001] rad/s
[2026-07-10 16:03:42.897] [odom] [warning] acc_stat ax=-0.083 +- 0.291 [min=-0.593, max=0.417], ay=0.426 +- 0.257 [min=-0.121, max=0.904], az=0.147 +- 0.064 [min=0.009, max=0.301] m/s^2
[2026-07-10 16:03:42.897] [odom] [warning] gyro_stat wx=-0.018 +- 0.001 [min=-0.019, max=-0.015], wy=0.001 +- 0.000 [min=-0.000, max=0.002], wz=0.001 +- 0.000 [min=0.001, max=0.002] rad/s
[2026-07-10 16:03:43.863] [glim] [info] playback speed: 1.773x
[2026-07-10 16:03:45.636] [odom] [warning] IMU prediction is not good.
[2026-07-10 16:03:45.636] [odom] [warning] Possibly T_lidar_imu is not accurate or IMU bias is not well estimated.
[2026-07-10 16:03:45.636] [odom] [warning] IMU validation results:
[2026-07-10 16:03:45.636] [odom] [warning] num_validations=13696
[2026-07-10 16:03:45.636] [odom] [warning] No-IMU errors rot=0.198 +- 0.254 deg, trans=0.031 +- 0.019 m, vel=0.027 +- 0.018 m/s
[2026-07-10 16:03:45.636] [odom] [warning] IMU errors rot=0.061 +- 0.053 deg, trans=0.036 +- 0.022 m, vel=0.103 +- 0.060 m/s
[2026-07-10 16:03:45.636] [odom] [warning] IMU better ratios rot=0.84, trans=0.03, vel=0.07
[2026-07-10 16:03:45.972] [odom] [warning] IMU bias estimation seems inaccurate.
[2026-07-10 16:03:45.972] [odom] [warning] Possibly T_lidar_imu is not accurate or LiDAR-IMU synchronization is not correct.
[2026-07-10 16:03:45.972] [odom] [warning] IMU bias validation results:
[2026-07-10 16:03:45.972] [odom] [warning] num_bias_validations=14208
[2026-07-10 16:03:45.972] [odom] [warning] bias_acc=[-0.122, 0.515, 0.136] m/s^2, bias_gyro=[-0.018, 0.001, 0.001] rad/s
[2026-07-10 16:03:45.972] [odom] [warning] acc_stat ax=-0.084 +- 0.290 [min=-0.593, max=0.417], ay=0.427 +- 0.257 [min=-0.121, max=0.904], az=0.147 +- 0.064 [min=0.009, max=0.301] m/s^2
[2026-07-10 16:03:45.972] [odom] [warning] gyro_stat wx=-0.018 +- 0.001 [min=-0.019, max=-0.015], wy=0.001 +- 0.000 [min=-0.000, max=0.002], wz=0.001 +- 0.000 [min=0.001, max=0.002] rad/s
[2026-07-10 16:03:46.829] [odom] [warning] IMU prediction is not good.
[2026-07-10 16:03:46.830] [odom] [warning] Possibly T_lidar_imu is not accurate or IMU bias is not well estimated.
[2026-07-10 16:03:46.830] [odom] [warning] IMU validation results:
[2026-07-10 16:03:46.830] [odom] [warning] num_validations=13760
[2026-07-10 16:03:46.830] [odom] [warning] No-IMU errors rot=0.199 +- 0.255 deg, trans=0.031 +- 0.019 m, vel=0.027 +- 0.018 m/s
[2026-07-10 16:03:46.830] [odom] [warning] IMU errors rot=0.061 +- 0.053 deg, trans=0.036 +- 0.022 m, vel=0.103 +- 0.060 m/s
[2026-07-10 16:03:46.830] [odom] [warning] IMU better ratios rot=0.84, trans=0.03, vel=0.07
[2026-07-10 16:03:47.689] [odom] [warning] IMU bias estimation seems inaccurate.
[2026-07-10 16:03:47.689] [odom] [warning] Possibly T_lidar_imu is not accurate or LiDAR-IMU synchronization is not correct.
[2026-07-10 16:03:47.689] [odom] [warning] IMU bias validation results:
[2026-07-10 16:03:47.689] [odom] [warning] num_bias_validations=14272
[2026-07-10 16:03:47.689] [odom] [warning] bias_acc=[-0.106, 0.518, 0.134] m/s^2, bias_gyro=[-0.018, 0.001, 0.001] rad/s
[2026-07-10 16:03:47.689] [odom] [warning] acc_stat ax=-0.084 +- 0.290 [min=-0.593, max=0.417], ay=0.427 +- 0.256 [min=-0.121, max=0.904], az=0.147 +- 0.064 [min=0.009, max=0.301] m/s^2
[2026-07-10 16:03:47.689] [odom] [warning] gyro_stat wx=-0.018 +- 0.001 [min=-0.019, max=-0.015], wy=0.001 +- 0.000 [min=-0.000, max=0.002], wz=0.001 +- 0.000 [min=0.001, max=0.002] rad/s
[2026-07-10 16:03:48.897] [glim] [info] playback speed: 2.660x
[2026-07-10 16:03:49.462] [odom] [warning] IMU prediction is not good.
[2026-07-10 16:03:49.462] [odom] [warning] Possibly T_lidar_imu is not accurate or IMU bias is not well estimated.
[2026-07-10 16:03:49.462] [odom] [warning] IMU validation results:
[2026-07-10 16:03:49.463] [odom] [warning] num_validations=13824
[2026-07-10 16:03:49.463] [odom] [warning] No-IMU errors rot=0.199 +- 0.254 deg, trans=0.031 +- 0.019 m, vel=0.027 +- 0.018 m/s
[2026-07-10 16:03:49.463] [odom] [warning] IMU errors rot=0.061 +- 0.053 deg, trans=0.036 +- 0.022 m, vel=0.103 +- 0.060 m/s
[2026-07-10 16:03:49.463] [odom] [warning] IMU better ratios rot=0.84, trans=0.03, vel=0.07
[2026-07-10 16:03:49.727] [odom] [warning] IMU bias estimation seems inaccurate.
[2026-07-10 16:03:49.727] [odom] [warning] Possibly T_lidar_imu is not accurate or LiDAR-IMU synchronization is not correct.
[2026-07-10 16:03:49.727] [odom] [warning] IMU bias validation results:
[2026-07-10 16:03:49.727] [odom] [warning] num_bias_validations=14336
[2026-07-10 16:03:49.727] [odom] [warning] bias_acc=[-0.089, 0.519, 0.131] m/s^2, bias_gyro=[-0.018, 0.001, 0.001] rad/s
[2026-07-10 16:03:49.728] [odom] [warning] acc_stat ax=-0.084 +- 0.289 [min=-0.593, max=0.417], ay=0.428 +- 0.256 [min=-0.121, max=0.904], az=0.147 +- 0.063 [min=0.009, max=0.301] m/s^2
[2026-07-10 16:03:49.728] [odom] [warning] gyro_stat wx=-0.018 +- 0.001 [min=-0.019, max=-0.015], wy=0.001 +- 0.000 [min=-0.000, max=0.002], wz=0.001 +- 0.000 [min=0.001, max=0.002] rad/s
[2026-07-10 16:03:51.497] [odom] [warning] IMU prediction is not good.
[2026-07-10 16:03:51.497] [odom] [warning] Possibly T_lidar_imu is not accurate or IMU bias is not well estimated.
[2026-07-10 16:03:51.497] [odom] [warning] IMU validation results:
[2026-07-10 16:03:51.497] [odom] [warning] num_validations=13888
[2026-07-10 16:03:51.497] [odom] [warning] No-IMU errors rot=0.199 +- 0.254 deg, trans=0.031 +- 0.019 m, vel=0.027 +- 0.018 m/s
[2026-07-10 16:03:51.498] [odom] [warning] IMU errors rot=0.061 +- 0.053 deg, trans=0.036 +- 0.022 m, vel=0.103 +- 0.060 m/s
[2026-07-10 16:03:51.498] [odom] [warning] IMU better ratios rot=0.84, trans=0.03, vel=0.07
[2026-07-10 16:03:52.382] [odom] [warning] IMU bias estimation seems inaccurate.
[2026-07-10 16:03:52.382] [odom] [warning] Possibly T_lidar_imu is not accurate or LiDAR-IMU synchronization is not correct.
[2026-07-10 16:03:52.382] [odom] [warning] IMU bias validation results:
[2026-07-10 16:03:52.382] [odom] [warning] num_bias_validations=14400
[2026-07-10 16:03:52.382] [odom] [warning] bias_acc=[-0.072, 0.519, 0.129] m/s^2, bias_gyro=[-0.018, 0.001, 0.001] rad/s
[2026-07-10 16:03:52.382] [odom] [warning] acc_stat ax=-0.084 +- 0.288 [min=-0.593, max=0.417], ay=0.428 +- 0.255 [min=-0.121, max=0.904], az=0.147 +- 0.063 [min=0.009, max=0.301] m/s^2
[2026-07-10 16:03:52.382] [odom] [warning] gyro_stat wx=-0.018 +- 0.001 [min=-0.019, max=-0.015], wy=0.001 +- 0.000 [min=-0.000, max=0.002], wz=0.001 +- 0.000 [min=0.001, max=0.002] rad/s
[2026-07-10 16:03:53.916] [glim] [info] playback speed: 2.709x
[2026-07-10 16:03:54.573] [odom] [warning] IMU prediction is not good.
[2026-07-10 16:03:54.573] [odom] [warning] Possibly T_lidar_imu is not accurate or IMU bias is not well estimated.
[2026-07-10 16:03:54.573] [odom] [warning] IMU validation results:
[2026-07-10 16:03:54.573] [odom] [warning] num_validations=13952
[2026-07-10 16:03:54.573] [odom] [warning] No-IMU errors rot=0.198 +- 0.253 deg, trans=0.031 +- 0.019 m, vel=0.027 +- 0.018 m/s
[2026-07-10 16:03:54.573] [odom] [warning] IMU errors rot=0.061 +- 0.053 deg, trans=0.036 +- 0.022 m, vel=0.102 +- 0.060 m/s
[2026-07-10 16:03:54.573] [odom] [warning] IMU better ratios rot=0.84, trans=0.03, vel=0.07
[2026-07-10 16:03:54.733] [odom] [warning] IMU bias estimation seems inaccurate.
[2026-07-10 16:03:54.733] [odom] [warning] Possibly T_lidar_imu is not accurate or LiDAR-IMU synchronization is not correct.
[2026-07-10 16:03:54.733] [odom] [warning] IMU bias validation results:
[2026-07-10 16:03:54.733] [odom] [warning] num_bias_validations=14464
[2026-07-10 16:03:54.733] [odom] [warning] bias_acc=[-0.056, 0.519, 0.126] m/s^2, bias_gyro=[-0.018, 0.000, 0.002] rad/s
[2026-07-10 16:03:54.733] [odom] [warning] acc_stat ax=-0.084 +- 0.288 [min=-0.593, max=0.417], ay=0.428 +- 0.255 [min=-0.121, max=0.904], az=0.147 +- 0.063 [min=0.009, max=0.301] m/s^2
[2026-07-10 16:03:54.733] [odom] [warning] gyro_stat wx=-0.018 +- 0.001 [min=-0.019, max=-0.015], wy=0.001 +- 0.000 [min=-0.000, max=0.002], wz=0.001 +- 0.000 [min=0.001, max=0.002] rad/s
[2026-07-10 16:03:56.116] [odom] [warning] IMU prediction is not good.
[2026-07-10 16:03:56.116] [odom] [warning] Possibly T_lidar_imu is not accurate or IMU bias is not well estimated.
[2026-07-10 16:03:56.116] [odom] [warning] IMU validation results:
[2026-07-10 16:03:56.116] [odom] [warning] num_validations=14016
[2026-07-10 16:03:56.116] [odom] [warning] No-IMU errors rot=0.199 +- 0.253 deg, trans=0.031 +- 0.019 m, vel=0.027 +- 0.018 m/s
[2026-07-10 16:03:56.116] [odom] [warning] IMU errors rot=0.061 +- 0.053 deg, trans=0.036 +- 0.022 m, vel=0.102 +- 0.059 m/s
[2026-07-10 16:03:56.116] [odom] [warning] IMU better ratios rot=0.84, trans=0.03, vel=0.07
[2026-07-10 16:03:56.990] [odom] [warning] IMU bias estimation seems inaccurate.
[2026-07-10 16:03:56.990] [odom] [warning] Possibly T_lidar_imu is not accurate or LiDAR-IMU synchronization is not correct.
[2026-07-10 16:03:56.990] [odom] [warning] IMU bias validation results:
[2026-07-10 16:03:56.990] [odom] [warning] num_bias_validations=14528
[2026-07-10 16:03:56.990] [odom] [warning] bias_acc=[-0.041, 0.520, 0.123] m/s^2, bias_gyro=[-0.018, 0.001, 0.002] rad/s
[2026-07-10 16:03:56.990] [odom] [warning] acc_stat ax=-0.083 +- 0.287 [min=-0.593, max=0.417], ay=0.429 +- 0.254 [min=-0.121, max=0.904], az=0.147 +- 0.063 [min=0.009, max=0.301] m/s^2
[2026-07-10 16:03:56.990] [odom] [warning] gyro_stat wx=-0.018 +- 0.001 [min=-0.019, max=-0.015], wy=0.001 +- 0.000 [min=-0.000, max=0.002], wz=0.001 +- 0.000 [min=0.001, max=0.002] rad/s
[2026-07-10 16:03:57.518] [odom] [warning] IMU prediction is not good.
[2026-07-10 16:03:57.518] [odom] [warning] Possibly T_lidar_imu is not accurate or IMU bias is not well estimated.
[2026-07-10 16:03:57.518] [odom] [warning] IMU validation results:
[2026-07-10 16:03:57.518] [odom] [warning] num_validations=14080
[2026-07-10 16:03:57.518] [odom] [warning] No-IMU errors rot=0.199 +- 0.253 deg, trans=0.031 +- 0.019 m, vel=0.027 +- 0.018 m/s
[2026-07-10 16:03:57.518] [odom] [warning] IMU errors rot=0.062 +- 0.053 deg, trans=0.036 +- 0.022 m, vel=0.102 +- 0.059 m/s
[2026-07-10 16:03:57.518] [odom] [warning] IMU better ratios rot=0.84, trans=0.03, vel=0.07
[2026-07-10 16:03:58.139] [odom] [warning] IMU bias estimation seems inaccurate.
[2026-07-10 16:03:58.139] [odom] [warning] Possibly T_lidar_imu is not accurate or LiDAR-IMU synchronization is not correct.
[2026-07-10 16:03:58.139] [odom] [warning] IMU bias validation results:
[2026-07-10 16:03:58.139] [odom] [warning] num_bias_validations=14592
[2026-07-10 16:03:58.139] [odom] [warning] bias_acc=[-0.028, 0.514, 0.121] m/s^2, bias_gyro=[-0.018, 0.001, 0.002] rad/s
[2026-07-10 16:03:58.139] [odom] [warning] acc_stat ax=-0.083 +- 0.286 [min=-0.593, max=0.417], ay=0.429 +- 0.254 [min=-0.121, max=0.904], az=0.147 +- 0.063 [min=0.009, max=0.301] m/s^2
[2026-07-10 16:03:58.139] [odom] [warning] gyro_stat wx=-0.018 +- 0.001 [min=-0.019, max=-0.015], wy=0.001 +- 0.000 [min=-0.000, max=0.002], wz=0.001 +- 0.000 [min=0.001, max=0.002] rad/s
[2026-07-10 16:03:58.928] [glim] [info] playback speed: 3.643x
[2026-07-10 16:04:00.470] [odom] [warning] IMU prediction is not good.
[2026-07-10 16:04:00.470] [odom] [warning] Possibly T_lidar_imu is not accurate or IMU bias is not well estimated.
[2026-07-10 16:04:00.470] [odom] [warning] IMU validation results:
[2026-07-10 16:04:00.470] [odom] [warning] num_validations=14144
[2026-07-10 16:04:00.470] [odom] [warning] No-IMU errors rot=0.198 +- 0.252 deg, trans=0.031 +- 0.019 m, vel=0.027 +- 0.018 m/s
[2026-07-10 16:04:00.470] [odom] [warning] IMU errors rot=0.061 +- 0.053 deg, trans=0.036 +- 0.022 m, vel=0.102 +- 0.059 m/s
[2026-07-10 16:04:00.470] [odom] [warning] IMU better ratios rot=0.84, trans=0.03, vel=0.07
[2026-07-10 16:04:01.270] [odom] [warning] IMU bias estimation seems inaccurate.
[2026-07-10 16:04:01.270] [odom] [warning] Possibly T_lidar_imu is not accurate or LiDAR-IMU synchronization is not correct.
[2026-07-10 16:04:01.270] [odom] [warning] IMU bias validation results:
[2026-07-10 16:04:01.270] [odom] [warning] num_bias_validations=14656
[2026-07-10 16:04:01.270] [odom] [warning] bias_acc=[-0.015, 0.508, 0.118] m/s^2, bias_gyro=[-0.018, 0.001, 0.002] rad/s
[2026-07-10 16:04:01.270] [odom] [warning] acc_stat ax=-0.083 +- 0.286 [min=-0.593, max=0.417], ay=0.430 +- 0.253 [min=-0.121, max=0.904], az=0.147 +- 0.063 [min=0.009, max=0.301] m/s^2
[2026-07-10 16:04:01.270] [odom] [warning] gyro_stat wx=-0.018 +- 0.001 [min=-0.019, max=-0.015], wy=0.001 +- 0.000 [min=-0.000, max=0.002], wz=0.001 +- 0.000 [min=0.001, max=0.002] rad/s
[2026-07-10 16:04:03.683] [odom] [warning] IMU prediction is not good.
[2026-07-10 16:04:03.683] [odom] [warning] Possibly T_lidar_imu is not accurate or IMU bias is not well estimated.
[2026-07-10 16:04:03.683] [odom] [warning] IMU validation results:
[2026-07-10 16:04:03.683] [odom] [warning] num_validations=14208
[2026-07-10 16:04:03.683] [odom] [warning] No-IMU errors rot=0.198 +- 0.252 deg, trans=0.031 +- 0.019 m, vel=0.027 +- 0.018 m/s
[2026-07-10 16:04:03.683] [odom] [warning] IMU errors rot=0.061 +- 0.053 deg, trans=0.036 +- 0.022 m, vel=0.102 +- 0.059 m/s
[2026-07-10 16:04:03.683] [odom] [warning] IMU better ratios rot=0.84, trans=0.03, vel=0.07
[2026-07-10 16:04:03.928] [glim] [info] playback speed: 2.047x
[2026-07-10 16:04:04.496] [odom] [warning] IMU bias estimation seems inaccurate.
[2026-07-10 16:04:04.496] [odom] [warning] Possibly T_lidar_imu is not accurate or LiDAR-IMU synchronization is not correct.
[2026-07-10 16:04:04.496] [odom] [warning] IMU bias validation results:
[2026-07-10 16:04:04.496] [odom] [warning] num_bias_validations=14720
[2026-07-10 16:04:04.496] [odom] [warning] bias_acc=[-0.002, 0.503, 0.116] m/s^2, bias_gyro=[-0.018, 0.001, 0.002] rad/s
[2026-07-10 16:04:04.496] [odom] [warning] acc_stat ax=-0.083 +- 0.285 [min=-0.593, max=0.417], ay=0.430 +- 0.253 [min=-0.121, max=0.904], az=0.147 +- 0.063 [min=0.009, max=0.301] m/s^2
[2026-07-10 16:04:04.496] [odom] [warning] gyro_stat wx=-0.018 +- 0.001 [min=-0.019, max=-0.015], wy=0.001 +- 0.000 [min=-0.000, max=0.002], wz=0.001 +- 0.000 [min=0.001, max=0.002] rad/s
[2026-07-10 16:04:06.035] [odom] [warning] IMU prediction is not good.
[2026-07-10 16:04:06.035] [odom] [warning] Possibly T_lidar_imu is not accurate or IMU bias is not well estimated.
[2026-07-10 16:04:06.035] [odom] [warning] IMU validation results:
[2026-07-10 16:04:06.035] [odom] [warning] num_validations=14272
[2026-07-10 16:04:06.035] [odom] [warning] No-IMU errors rot=0.198 +- 0.252 deg, trans=0.031 +- 0.019 m, vel=0.027 +- 0.018 m/s
[2026-07-10 16:04:06.035] [odom] [warning] IMU errors rot=0.061 +- 0.053 deg, trans=0.036 +- 0.022 m, vel=0.102 +- 0.059 m/s
[2026-07-10 16:04:06.035] [odom] [warning] IMU better ratios rot=0.84, trans=0.03, vel=0.07
[2026-07-10 16:04:07.448] [odom] [warning] IMU prediction is not good.
[2026-07-10 16:04:07.448] [odom] [warning] Possibly T_lidar_imu is not accurate or IMU bias is not well estimated.
[2026-07-10 16:04:07.448] [odom] [warning] IMU validation results:
[2026-07-10 16:04:07.448] [odom] [warning] num_validations=14336
[2026-07-10 16:04:07.448] [odom] [warning] No-IMU errors rot=0.197 +- 0.251 deg, trans=0.031 +- 0.019 m, vel=0.027 +- 0.018 m/s
[2026-07-10 16:04:07.448] [odom] [warning] IMU errors rot=0.061 +- 0.053 deg, trans=0.036 +- 0.022 m, vel=0.102 +- 0.059 m/s
[2026-07-10 16:04:07.448] [odom] [warning] IMU better ratios rot=0.84, trans=0.03, vel=0.07
[2026-07-10 16:04:08.938] [glim] [info] playback speed: 3.687x
[2026-07-10 16:04:09.005] [odom] [warning] IMU prediction is not good.
[2026-07-10 16:04:09.005] [odom] [warning] Possibly T_lidar_imu is not accurate or IMU bias is not well estimated.
[2026-07-10 16:04:09.005] [odom] [warning] IMU validation results:
[2026-07-10 16:04:09.005] [odom] [warning] num_validations=14400
[2026-07-10 16:04:09.005] [odom] [warning] No-IMU errors rot=0.198 +- 0.251 deg, trans=0.031 +- 0.019 m, vel=0.027 +- 0.018 m/s
[2026-07-10 16:04:09.005] [odom] [warning] IMU errors rot=0.061 +- 0.053 deg, trans=0.036 +- 0.022 m, vel=0.101 +- 0.059 m/s
[2026-07-10 16:04:09.005] [odom] [warning] IMU better ratios rot=0.84, trans=0.03, vel=0.07
[2026-07-10 16:04:12.248] [odom] [warning] IMU prediction is not good.
[2026-07-10 16:04:12.248] [odom] [warning] Possibly T_lidar_imu is not accurate or IMU bias is not well estimated.
[2026-07-10 16:04:12.248] [odom] [warning] IMU validation results:
[2026-07-10 16:04:12.248] [odom] [warning] num_validations=14464
[2026-07-10 16:04:12.248] [odom] [warning] No-IMU errors rot=0.201 +- 0.259 deg, trans=0.031 +- 0.019 m, vel=0.027 +- 0.018 m/s
[2026-07-10 16:04:12.248] [odom] [warning] IMU errors rot=0.062 +- 0.054 deg, trans=0.036 +- 0.022 m, vel=0.101 +- 0.059 m/s
[2026-07-10 16:04:12.248] [odom] [warning] IMU better ratios rot=0.84, trans=0.03, vel=0.07
[2026-07-10 16:04:13.946] [glim] [info] playback speed: 2.310x
[2026-07-10 16:04:14.642] [odom] [warning] IMU prediction is not good.
[2026-07-10 16:04:14.642] [odom] [warning] Possibly T_lidar_imu is not accurate or IMU bias is not well estimated.
[2026-07-10 16:04:14.642] [odom] [warning] IMU validation results:
[2026-07-10 16:04:14.642] [odom] [warning] num_validations=14528
[2026-07-10 16:04:14.642] [odom] [warning] No-IMU errors rot=0.201 +- 0.258 deg, trans=0.031 +- 0.019 m, vel=0.027 +- 0.018 m/s
[2026-07-10 16:04:14.642] [odom] [warning] IMU errors rot=0.062 +- 0.054 deg, trans=0.036 +- 0.022 m, vel=0.101 +- 0.059 m/s
[2026-07-10 16:04:14.642] [odom] [warning] IMU better ratios rot=0.85, trans=0.03, vel=0.07
[2026-07-10 16:04:16.386] [odom] [warning] IMU prediction is not good.
[2026-07-10 16:04:16.386] [odom] [warning] Possibly T_lidar_imu is not accurate or IMU bias is not well estimated.
[2026-07-10 16:04:16.386] [odom] [warning] IMU validation results:
[2026-07-10 16:04:16.386] [odom] [warning] num_validations=14592
[2026-07-10 16:04:16.386] [odom] [warning] No-IMU errors rot=0.202 +- 0.260 deg, trans=0.031 +- 0.019 m, vel=0.027 +- 0.018 m/s
[2026-07-10 16:04:16.386] [odom] [warning] IMU errors rot=0.062 +- 0.054 deg, trans=0.036 +- 0.022 m, vel=0.101 +- 0.059 m/s
[2026-07-10 16:04:16.386] [odom] [warning] IMU better ratios rot=0.85, trans=0.03, vel=0.07
[2026-07-10 16:04:18.392] [odom] [warning] IMU prediction is not good.
[2026-07-10 16:04:18.392] [odom] [warning] Possibly T_lidar_imu is not accurate or IMU bias is not well estimated.
[2026-07-10 16:04:18.392] [odom] [warning] IMU validation results:
[2026-07-10 16:04:18.392] [odom] [warning] num_validations=14656
[2026-07-10 16:04:18.392] [odom] [warning] No-IMU errors rot=0.203 +- 0.261 deg, trans=0.031 +- 0.019 m, vel=0.027 +- 0.018 m/s
[2026-07-10 16:04:18.392] [odom] [warning] IMU errors rot=0.062 +- 0.054 deg, trans=0.036 +- 0.022 m, vel=0.101 +- 0.059 m/s
[2026-07-10 16:04:18.392] [odom] [warning] IMU better ratios rot=0.85, trans=0.03, vel=0.07
[2026-07-10 16:04:18.949] [glim] [info] playback speed: 4.035x
[2026-07-10 16:04:19.441] [odom] [warning] IMU prediction is not good.
[2026-07-10 16:04:19.441] [odom] [warning] Possibly T_lidar_imu is not accurate or IMU bias is not well estimated.
[2026-07-10 16:04:19.441] [odom] [warning] IMU validation results:
[2026-07-10 16:04:19.441] [odom] [warning] num_validations=14720
[2026-07-10 16:04:19.441] [odom] [warning] No-IMU errors rot=0.203 +- 0.260 deg, trans=0.031 +- 0.019 m, vel=0.027 +- 0.018 m/s
[2026-07-10 16:04:19.441] [odom] [warning] IMU errors rot=0.062 +- 0.054 deg, trans=0.035 +- 0.022 m, vel=0.100 +- 0.059 m/s
[2026-07-10 16:04:19.441] [odom] [warning] IMU better ratios rot=0.85, trans=0.03, vel=0.07
[2026-07-10 16:04:22.129] [odom] [warning] IMU prediction is not good.
[2026-07-10 16:04:22.129] [odom] [warning] Possibly T_lidar_imu is not accurate or IMU bias is not well estimated.
[2026-07-10 16:04:22.129] [odom] [warning] IMU validation results:
[2026-07-10 16:04:22.129] [odom] [warning] num_validations=14784
[2026-07-10 16:04:22.129] [odom] [warning] No-IMU errors rot=0.203 +- 0.260 deg, trans=0.031 +- 0.019 m, vel=0.027 +- 0.018 m/s
[2026-07-10 16:04:22.129] [odom] [warning] IMU errors rot=0.062 +- 0.054 deg, trans=0.035 +- 0.022 m, vel=0.100 +- 0.059 m/s
[2026-07-10 16:04:22.129] [odom] [warning] IMU better ratios rot=0.85, trans=0.03, vel=0.07
[2026-07-10 16:04:23.978] [glim] [info] playback speed: 2.643x
[2026-07-10 16:04:24.968] [odom] [warning] IMU prediction is not good.
[2026-07-10 16:04:24.968] [odom] [warning] Possibly T_lidar_imu is not accurate or IMU bias is not well estimated.
[2026-07-10 16:04:24.968] [odom] [warning] IMU validation results:
[2026-07-10 16:04:24.968] [odom] [warning] num_validations=14848
[2026-07-10 16:04:24.968] [odom] [warning] No-IMU errors rot=0.204 +- 0.261 deg, trans=0.031 +- 0.019 m, vel=0.027 +- 0.018 m/s
[2026-07-10 16:04:24.968] [odom] [warning] IMU errors rot=0.062 +- 0.054 deg, trans=0.035 +- 0.022 m, vel=0.100 +- 0.059 m/s
[2026-07-10 16:04:24.968] [odom] [warning] IMU better ratios rot=0.85, trans=0.03, vel=0.07
[2026-07-10 16:04:26.049] [odom] [warning] IMU prediction is not good.
[2026-07-10 16:04:26.049] [odom] [warning] Possibly T_lidar_imu is not accurate or IMU bias is not well estimated.
[2026-07-10 16:04:26.049] [odom] [warning] IMU validation results:
[2026-07-10 16:04:26.049] [odom] [warning] num_validations=14912
[2026-07-10 16:04:26.049] [odom] [warning] No-IMU errors rot=0.204 +- 0.262 deg, trans=0.031 +- 0.019 m, vel=0.027 +- 0.018 m/s
[2026-07-10 16:04:26.049] [odom] [warning] IMU errors rot=0.062 +- 0.054 deg, trans=0.035 +- 0.022 m, vel=0.100 +- 0.059 m/s
[2026-07-10 16:04:26.049] [odom] [warning] IMU better ratios rot=0.85, trans=0.03, vel=0.07
[2026-07-10 16:04:28.785] [odom] [warning] IMU prediction is not good.
[2026-07-10 16:04:28.785] [odom] [warning] Possibly T_lidar_imu is not accurate or IMU bias is not well estimated.
[2026-07-10 16:04:28.785] [odom] [warning] IMU validation results:
[2026-07-10 16:04:28.785] [odom] [warning] num_validations=14976
[2026-07-10 16:04:28.785] [odom] [warning] No-IMU errors rot=0.208 +- 0.271 deg, trans=0.031 +- 0.019 m, vel=0.027 +- 0.019 m/s
[2026-07-10 16:04:28.785] [odom] [warning] IMU errors rot=0.063 +- 0.054 deg, trans=0.035 +- 0.022 m, vel=0.100 +- 0.059 m/s
[2026-07-10 16:04:28.785] [odom] [warning] IMU better ratios rot=0.85, trans=0.03, vel=0.07
[2026-07-10 16:04:28.838] [odom] [warning] IMU bias estimation seems inaccurate.
[2026-07-10 16:04:28.838] [odom] [warning] Possibly T_lidar_imu is not accurate or LiDAR-IMU synchronization is not correct.
[2026-07-10 16:04:28.838] [odom] [warning] IMU bias validation results:
[2026-07-10 16:04:28.838] [odom] [warning] num_bias_validations=15488
[2026-07-10 16:04:28.838] [odom] [warning] bias_acc=[0.071, 0.500, 0.101] m/s^2, bias_gyro=[-0.017, 0.001, 0.001] rad/s
[2026-07-10 16:04:28.838] [odom] [warning] acc_stat ax=-0.076 +- 0.279 [min=-0.593, max=0.417], ay=0.433 +- 0.247 [min=-0.121, max=0.904], az=0.145 +- 0.062 [min=0.009, max=0.301] m/s^2
[2026-07-10 16:04:28.838] [odom] [warning] gyro_stat wx=-0.018 +- 0.000 [min=-0.019, max=-0.015], wy=0.001 +- 0.000 [min=-0.000, max=0.002], wz=0.001 +- 0.000 [min=0.001, max=0.002] rad/s
[2026-07-10 16:04:29.024] [glim] [info] playback speed: 3.137x
[2026-07-10 16:04:32.091] [odom] [warning] IMU prediction is not good.
[2026-07-10 16:04:32.091] [odom] [warning] Possibly T_lidar_imu is not accurate or IMU bias is not well estimated.
[2026-07-10 16:04:32.091] [odom] [warning] IMU validation results:
[2026-07-10 16:04:32.091] [odom] [warning] num_validations=15040
[2026-07-10 16:04:32.091] [odom] [warning] No-IMU errors rot=0.210 +- 0.274 deg, trans=0.030 +- 0.019 m, vel=0.028 +- 0.019 m/s
[2026-07-10 16:04:32.091] [odom] [warning] IMU errors rot=0.063 +- 0.054 deg, trans=0.035 +- 0.022 m, vel=0.100 +- 0.058 m/s
[2026-07-10 16:04:32.091] [odom] [warning] IMU better ratios rot=0.85, trans=0.03, vel=0.07
[2026-07-10 16:04:32.139] [odom] [warning] IMU bias estimation seems inaccurate.
[2026-07-10 16:04:32.139] [odom] [warning] Possibly T_lidar_imu is not accurate or LiDAR-IMU synchronization is not correct.
[2026-07-10 16:04:32.139] [odom] [warning] IMU bias validation results:
[2026-07-10 16:04:32.139] [odom] [warning] num_bias_validations=15552
[2026-07-10 16:04:32.139] [odom] [warning] bias_acc=[0.068, 0.504, 0.103] m/s^2, bias_gyro=[-0.018, 0.001, 0.001] rad/s
[2026-07-10 16:04:32.139] [odom] [warning] acc_stat ax=-0.076 +- 0.279 [min=-0.593, max=0.417], ay=0.433 +- 0.246 [min=-0.121, max=0.904], az=0.144 +- 0.062 [min=0.009, max=0.301] m/s^2
[2026-07-10 16:04:32.139] [odom] [warning] gyro_stat wx=-0.018 +- 0.000 [min=-0.019, max=-0.015], wy=0.001 +- 0.000 [min=-0.000, max=0.002], wz=0.001 +- 0.000 [min=0.001, max=0.002] rad/s
[2026-07-10 16:04:33.310] [odom] [warning] IMU prediction is not good.
[2026-07-10 16:04:33.310] [odom] [warning] Possibly T_lidar_imu is not accurate or IMU bias is not well estimated.
[2026-07-10 16:04:33.310] [odom] [warning] IMU validation results:
[2026-07-10 16:04:33.310] [odom] [warning] num_validations=15104
[2026-07-10 16:04:33.310] [odom] [warning] No-IMU errors rot=0.211 +- 0.274 deg, trans=0.030 +- 0.019 m, vel=0.028 +- 0.019 m/s
[2026-07-10 16:04:33.310] [odom] [warning] IMU errors rot=0.063 +- 0.054 deg, trans=0.035 +- 0.022 m, vel=0.099 +- 0.058 m/s
[2026-07-10 16:04:33.310] [odom] [warning] IMU better ratios rot=0.85, trans=0.03, vel=0.07
[2026-07-10 16:04:33.329] [odom] [warning] IMU bias estimation seems inaccurate.
[2026-07-10 16:04:33.329] [odom] [warning] Possibly T_lidar_imu is not accurate or LiDAR-IMU synchronization is not correct.
[2026-07-10 16:04:33.329] [odom] [warning] IMU bias validation results:
[2026-07-10 16:04:33.329] [odom] [warning] num_bias_validations=15616
[2026-07-10 16:04:33.329] [odom] [warning] bias_acc=[0.073, 0.506, 0.103] m/s^2, bias_gyro=[-0.017, 0.001, 0.002] rad/s
[2026-07-10 16:04:33.329] [odom] [warning] acc_stat ax=-0.075 +- 0.279 [min=-0.593, max=0.417], ay=0.434 +- 0.246 [min=-0.121, max=0.904], az=0.144 +- 0.062 [min=0.009, max=0.301] m/s^2
[2026-07-10 16:04:33.329] [odom] [warning] gyro_stat wx=-0.018 +- 0.000 [min=-0.019, max=-0.015], wy=0.001 +- 0.000 [min=-0.000, max=0.002], wz=0.001 +- 0.000 [min=0.001, max=0.002] rad/s
[2026-07-10 16:04:34.039] [glim] [info] playback speed: 2.892x
[2026-07-10 16:04:35.958] [odom] [warning] IMU prediction is not good.
[2026-07-10 16:04:35.958] [odom] [warning] Possibly T_lidar_imu is not accurate or IMU bias is not well estimated.
[2026-07-10 16:04:35.958] [odom] [warning] IMU validation results:
[2026-07-10 16:04:35.958] [odom] [warning] num_validations=15168
[2026-07-10 16:04:35.958] [odom] [warning] No-IMU errors rot=0.211 +- 0.274 deg, trans=0.030 +- 0.019 m, vel=0.028 +- 0.019 m/s
[2026-07-10 16:04:35.958] [odom] [warning] IMU errors rot=0.063 +- 0.054 deg, trans=0.035 +- 0.022 m, vel=0.099 +- 0.058 m/s
[2026-07-10 16:04:35.958] [odom] [warning] IMU better ratios rot=0.85, trans=0.03, vel=0.07
[2026-07-10 16:04:36.010] [odom] [warning] IMU bias estimation seems inaccurate.
[2026-07-10 16:04:36.010] [odom] [warning] Possibly T_lidar_imu is not accurate or LiDAR-IMU synchronization is not correct.
[2026-07-10 16:04:36.010] [odom] [warning] IMU bias validation results:
[2026-07-10 16:04:36.010] [odom] [warning] num_bias_validations=15680
[2026-07-10 16:04:36.010] [odom] [warning] bias_acc=[0.073, 0.510, 0.104] m/s^2, bias_gyro=[-0.017, 0.001, 0.002] rad/s
[2026-07-10 16:04:36.010] [odom] [warning] acc_stat ax=-0.074 +- 0.278 [min=-0.593, max=0.417], ay=0.434 +- 0.245 [min=-0.121, max=0.904], az=0.144 +- 0.062 [min=0.009, max=0.301] m/s^2
[2026-07-10 16:04:36.010] [odom] [warning] gyro_stat wx=-0.018 +- 0.000 [min=-0.019, max=-0.015], wy=0.001 +- 0.000 [min=-0.000, max=0.002], wz=0.001 +- 0.000 [min=0.001, max=0.002] rad/s
[2026-07-10 16:04:36.970] [odom] [warning] IMU prediction is not good.
[2026-07-10 16:04:36.970] [odom] [warning] Possibly T_lidar_imu is not accurate or IMU bias is not well estimated.
[2026-07-10 16:04:36.970] [odom] [warning] IMU validation results:
[2026-07-10 16:04:36.970] [odom] [warning] num_validations=15232
[2026-07-10 16:04:36.970] [odom] [warning] No-IMU errors rot=0.211 +- 0.274 deg, trans=0.030 +- 0.019 m, vel=0.028 +- 0.019 m/s
[2026-07-10 16:04:36.970] [odom] [warning] IMU errors rot=0.063 +- 0.055 deg, trans=0.035 +- 0.022 m, vel=0.099 +- 0.058 m/s
[2026-07-10 16:04:36.970] [odom] [warning] IMU better ratios rot=0.85, trans=0.03, vel=0.08
[2026-07-10 16:04:37.030] [odom] [warning] IMU bias estimation seems inaccurate.
[2026-07-10 16:04:37.030] [odom] [warning] Possibly T_lidar_imu is not accurate or LiDAR-IMU synchronization is not correct.
[2026-07-10 16:04:37.030] [odom] [warning] IMU bias validation results:
[2026-07-10 16:04:37.030] [odom] [warning] num_bias_validations=15744
[2026-07-10 16:04:37.030] [odom] [warning] bias_acc=[0.071, 0.513, 0.104] m/s^2, bias_gyro=[-0.017, 0.001, 0.002] rad/s
[2026-07-10 16:04:37.030] [odom] [warning] acc_stat ax=-0.074 +- 0.278 [min=-0.593, max=0.417], ay=0.434 +- 0.245 [min=-0.121, max=0.904], az=0.144 +- 0.062 [min=0.009, max=0.301] m/s^2
[2026-07-10 16:04:37.030] [odom] [warning] gyro_stat wx=-0.018 +- 0.000 [min=-0.019, max=-0.015], wy=0.001 +- 0.000 [min=-0.000, max=0.002], wz=0.001 +- 0.000 [min=0.001, max=0.002] rad/s
[2026-07-10 16:04:39.073] [glim] [info] playback speed: 3.164x
[2026-07-10 16:04:40.001] [odom] [warning] IMU prediction is not good.
[2026-07-10 16:04:40.001] [odom] [warning] Possibly T_lidar_imu is not accurate or IMU bias is not well estimated.
[2026-07-10 16:04:40.001] [odom] [warning] IMU validation results:
[2026-07-10 16:04:40.001] [odom] [warning] num_validations=15296
[2026-07-10 16:04:40.001] [odom] [warning] No-IMU errors rot=0.212 +- 0.274 deg, trans=0.030 +- 0.019 m, vel=0.028 +- 0.019 m/s
[2026-07-10 16:04:40.001] [odom] [warning] IMU errors rot=0.064 +- 0.055 deg, trans=0.035 +- 0.022 m, vel=0.099 +- 0.058 m/s
[2026-07-10 16:04:40.001] [odom] [warning] IMU better ratios rot=0.85, trans=0.03, vel=0.08
[2026-07-10 16:04:40.060] [odom] [warning] IMU bias estimation seems inaccurate.
[2026-07-10 16:04:40.060] [odom] [warning] Possibly T_lidar_imu is not accurate or LiDAR-IMU synchronization is not correct.
[2026-07-10 16:04:40.060] [odom] [warning] IMU bias validation results:
[2026-07-10 16:04:40.060] [odom] [warning] num_bias_validations=15808
[2026-07-10 16:04:40.060] [odom] [warning] bias_acc=[0.070, 0.517, 0.104] m/s^2, bias_gyro=[-0.017, 0.001, 0.001] rad/s
[2026-07-10 16:04:40.060] [odom] [warning] acc_stat ax=-0.073 +- 0.277 [min=-0.593, max=0.417], ay=0.435 +- 0.245 [min=-0.121, max=0.904], az=0.144 +- 0.061 [min=0.009, max=0.301] m/s^2
[2026-07-10 16:04:40.060] [odom] [warning] gyro_stat wx=-0.018 +- 0.000 [min=-0.019, max=-0.015], wy=0.001 +- 0.000 [min=-0.000, max=0.002], wz=0.001 +- 0.000 [min=0.001, max=0.002] rad/s
[2026-07-10 16:04:42.986] [odom] [warning] IMU prediction is not good.
[2026-07-10 16:04:42.986] [odom] [warning] Possibly T_lidar_imu is not accurate or IMU bias is not well estimated.
[2026-07-10 16:04:42.986] [odom] [warning] IMU validation results:
[2026-07-10 16:04:42.986] [odom] [warning] num_validations=15360
[2026-07-10 16:04:42.986] [odom] [warning] No-IMU errors rot=0.212 +- 0.273 deg, trans=0.030 +- 0.019 m, vel=0.028 +- 0.019 m/s
[2026-07-10 16:04:42.986] [odom] [warning] IMU errors rot=0.064 +- 0.055 deg, trans=0.035 +- 0.022 m, vel=0.099 +- 0.058 m/s
[2026-07-10 16:04:42.986] [odom] [warning] IMU better ratios rot=0.85, trans=0.03, vel=0.08
[2026-07-10 16:04:42.994] [odom] [warning] IMU bias estimation seems inaccurate.
[2026-07-10 16:04:42.994] [odom] [warning] Possibly T_lidar_imu is not accurate or LiDAR-IMU synchronization is not correct.
[2026-07-10 16:04:42.994] [odom] [warning] IMU bias validation results:
[2026-07-10 16:04:42.994] [odom] [warning] num_bias_validations=15872
[2026-07-10 16:04:42.994] [odom] [warning] bias_acc=[0.068, 0.521, 0.105] m/s^2, bias_gyro=[-0.018, 0.001, 0.002] rad/s
[2026-07-10 16:04:42.994] [odom] [warning] acc_stat ax=-0.073 +- 0.277 [min=-0.593, max=0.417], ay=0.435 +- 0.244 [min=-0.121, max=0.904], az=0.144 +- 0.061 [min=0.009, max=0.301] m/s^2
[2026-07-10 16:04:42.994] [odom] [warning] gyro_stat wx=-0.018 +- 0.000 [min=-0.019, max=-0.015], wy=0.001 +- 0.000 [min=-0.000, max=0.002], wz=0.001 +- 0.000 [min=0.001, max=0.002] rad/s
[2026-07-10 16:04:44.057] [odom] [warning] IMU prediction is not good.
[2026-07-10 16:04:44.057] [odom] [warning] Possibly T_lidar_imu is not accurate or IMU bias is not well estimated.
[2026-07-10 16:04:44.057] [odom] [warning] IMU validation results:
[2026-07-10 16:04:44.057] [odom] [warning] num_validations=15424
[2026-07-10 16:04:44.057] [odom] [warning] No-IMU errors rot=0.212 +- 0.273 deg, trans=0.030 +- 0.019 m, vel=0.028 +- 0.019 m/s
[2026-07-10 16:04:44.057] [odom] [warning] IMU errors rot=0.064 +- 0.055 deg, trans=0.035 +- 0.022 m, vel=0.099 +- 0.058 m/s
[2026-07-10 16:04:44.057] [odom] [warning] IMU better ratios rot=0.85, trans=0.03, vel=0.08
[2026-07-10 16:04:44.101] [odom] [warning] IMU bias estimation seems inaccurate.
[2026-07-10 16:04:44.101] [odom] [warning] Possibly T_lidar_imu is not accurate or LiDAR-IMU synchronization is not correct.
[2026-07-10 16:04:44.101] [odom] [warning] IMU bias validation results:
[2026-07-10 16:04:44.101] [odom] [warning] num_bias_validations=15936
[2026-07-10 16:04:44.101] [odom] [warning] bias_acc=[0.063, 0.520, 0.105] m/s^2, bias_gyro=[-0.018, 0.001, 0.002] rad/s
[2026-07-10 16:04:44.101] [odom] [warning] acc_stat ax=-0.072 +- 0.277 [min=-0.593, max=0.417], ay=0.435 +- 0.244 [min=-0.121, max=0.904], az=0.143 +- 0.061 [min=0.009, max=0.301] m/s^2
[2026-07-10 16:04:44.101] [odom] [warning] gyro_stat wx=-0.018 +- 0.000 [min=-0.019, max=-0.015], wy=0.001 +- 0.000 [min=-0.000, max=0.002], wz=0.001 +- 0.000 [min=0.001, max=0.002] rad/s
[2026-07-10 16:04:44.103] [glim] [info] playback speed: 2.864x
[2026-07-10 16:04:45.465] [odom] [warning] IMU prediction is not good.
[2026-07-10 16:04:45.465] [odom] [warning] Possibly T_lidar_imu is not accurate or IMU bias is not well estimated.
[2026-07-10 16:04:45.465] [odom] [warning] IMU validation results:
[2026-07-10 16:04:45.465] [odom] [warning] num_validations=15488
[2026-07-10 16:04:45.465] [odom] [warning] No-IMU errors rot=0.213 +- 0.274 deg, trans=0.030 +- 0.019 m, vel=0.028 +- 0.020 m/s
[2026-07-10 16:04:45.465] [odom] [warning] IMU errors rot=0.065 +- 0.056 deg, trans=0.035 +- 0.022 m, vel=0.099 +- 0.058 m/s
[2026-07-10 16:04:45.465] [odom] [warning] IMU better ratios rot=0.85, trans=0.03, vel=0.08
[2026-07-10 16:04:45.499] [odom] [warning] IMU bias estimation seems inaccurate.
[2026-07-10 16:04:45.499] [odom] [warning] Possibly T_lidar_imu is not accurate or LiDAR-IMU synchronization is not correct.
[2026-07-10 16:04:45.499] [odom] [warning] IMU bias validation results:
[2026-07-10 16:04:45.500] [odom] [warning] num_bias_validations=16000
[2026-07-10 16:04:45.500] [odom] [warning] bias_acc=[0.058, 0.522, 0.106] m/s^2, bias_gyro=[-0.018, 0.001, 0.001] rad/s
[2026-07-10 16:04:45.500] [odom] [warning] acc_stat ax=-0.072 +- 0.276 [min=-0.593, max=0.417], ay=0.436 +- 0.243 [min=-0.121, max=0.904], az=0.143 +- 0.061 [min=0.009, max=0.301] m/s^2
[2026-07-10 16:04:45.500] [odom] [warning] gyro_stat wx=-0.018 +- 0.000 [min=-0.019, max=-0.015], wy=0.001 +- 0.000 [min=-0.000, max=0.002], wz=0.001 +- 0.000 [min=0.001, max=0.002] rad/s
[2026-07-10 16:04:47.608] [odom] [warning] IMU prediction is not good.
[2026-07-10 16:04:47.608] [odom] [warning] Possibly T_lidar_imu is not accurate or IMU bias is not well estimated.
[2026-07-10 16:04:47.608] [odom] [warning] IMU validation results:
[2026-07-10 16:04:47.608] [odom] [warning] num_validations=15552
[2026-07-10 16:04:47.608] [odom] [warning] No-IMU errors rot=0.213 +- 0.274 deg, trans=0.030 +- 0.019 m, vel=0.028 +- 0.020 m/s
[2026-07-10 16:04:47.608] [odom] [warning] IMU errors rot=0.065 +- 0.056 deg, trans=0.035 +- 0.022 m, vel=0.098 +- 0.058 m/s
[2026-07-10 16:04:47.608] [odom] [warning] IMU better ratios rot=0.85, trans=0.03, vel=0.08
[2026-07-10 16:04:47.614] [odom] [warning] IMU bias estimation seems inaccurate.
[2026-07-10 16:04:47.614] [odom] [warning] Possibly T_lidar_imu is not accurate or LiDAR-IMU synchronization is not correct.
[2026-07-10 16:04:47.614] [odom] [warning] IMU bias validation results:
[2026-07-10 16:04:47.614] [odom] [warning] num_bias_validations=16064
[2026-07-10 16:04:47.614] [odom] [warning] bias_acc=[0.052, 0.522, 0.106] m/s^2, bias_gyro=[-0.018, 0.001, 0.002] rad/s
[2026-07-10 16:04:47.614] [odom] [warning] acc_stat ax=-0.071 +- 0.276 [min=-0.593, max=0.417], ay=0.436 +- 0.243 [min=-0.121, max=0.904], az=0.143 +- 0.061 [min=0.009, max=0.301] m/s^2
[2026-07-10 16:04:47.614] [odom] [warning] gyro_stat wx=-0.018 +- 0.000 [min=-0.019, max=-0.015], wy=0.001 +- 0.000 [min=-0.000, max=0.002], wz=0.001 +- 0.000 [min=0.001, max=0.002] rad/s
[2026-07-10 16:04:49.123] [glim] [info] playback speed: 3.739x
[2026-07-10 16:04:49.453] [odom] [warning] IMU prediction is not good.
[2026-07-10 16:04:49.453] [odom] [warning] Possibly T_lidar_imu is not accurate or IMU bias is not well estimated.
[2026-07-10 16:04:49.453] [odom] [warning] IMU validation results:
[2026-07-10 16:04:49.453] [odom] [warning] num_validations=15616
[2026-07-10 16:04:49.453] [odom] [warning] No-IMU errors rot=0.213 +- 0.273 deg, trans=0.030 +- 0.019 m, vel=0.028 +- 0.020 m/s
[2026-07-10 16:04:49.453] [odom] [warning] IMU errors rot=0.065 +- 0.056 deg, trans=0.035 +- 0.022 m, vel=0.098 +- 0.058 m/s
[2026-07-10 16:04:49.453] [odom] [warning] IMU better ratios rot=0.85, trans=0.03, vel=0.08
[2026-07-10 16:04:49.502] [odom] [warning] IMU bias estimation seems inaccurate.
[2026-07-10 16:04:49.502] [odom] [warning] Possibly T_lidar_imu is not accurate or LiDAR-IMU synchronization is not correct.
[2026-07-10 16:04:49.502] [odom] [warning] IMU bias validation results:
[2026-07-10 16:04:49.502] [odom] [warning] num_bias_validations=16128
[2026-07-10 16:04:49.502] [odom] [warning] bias_acc=[0.045, 0.522, 0.107] m/s^2, bias_gyro=[-0.018, 0.001, 0.002] rad/s
[2026-07-10 16:04:49.502] [odom] [warning] acc_stat ax=-0.071 +- 0.275 [min=-0.593, max=0.417], ay=0.436 +- 0.242 [min=-0.121, max=0.904], az=0.143 +- 0.061 [min=0.009, max=0.301] m/s^2
[2026-07-10 16:04:49.502] [odom] [warning] gyro_stat wx=-0.018 +- 0.000 [min=-0.019, max=-0.015], wy=0.001 +- 0.000 [min=-0.000, max=0.002], wz=0.001 +- 0.000 [min=0.001, max=0.002] rad/s
[2026-07-10 16:04:52.578] [odom] [warning] IMU prediction is not good.
[2026-07-10 16:04:52.578] [odom] [warning] Possibly T_lidar_imu is not accurate or IMU bias is not well estimated.
[2026-07-10 16:04:52.578] [odom] [warning] IMU validation results:
[2026-07-10 16:04:52.578] [odom] [warning] num_validations=15680
[2026-07-10 16:04:52.578] [odom] [warning] No-IMU errors rot=0.213 +- 0.273 deg, trans=0.030 +- 0.019 m, vel=0.028 +- 0.020 m/s
[2026-07-10 16:04:52.578] [odom] [warning] IMU errors rot=0.065 +- 0.056 deg, trans=0.035 +- 0.022 m, vel=0.098 +- 0.058 m/s
[2026-07-10 16:04:52.578] [odom] [warning] IMU better ratios rot=0.85, trans=0.03, vel=0.08
[2026-07-10 16:04:52.627] [odom] [warning] IMU bias estimation seems inaccurate.
[2026-07-10 16:04:52.627] [odom] [warning] Possibly T_lidar_imu is not accurate or LiDAR-IMU synchronization is not correct.
[2026-07-10 16:04:52.627] [odom] [warning] IMU bias validation results:
[2026-07-10 16:04:52.627] [odom] [warning] num_bias_validations=16192
[2026-07-10 16:04:52.627] [odom] [warning] bias_acc=[0.037, 0.520, 0.108] m/s^2, bias_gyro=[-0.018, 0.001, 0.002] rad/s
[2026-07-10 16:04:52.627] [odom] [warning] acc_stat ax=-0.070 +- 0.275 [min=-0.593, max=0.417], ay=0.437 +- 0.242 [min=-0.121, max=0.904], az=0.143 +- 0.061 [min=0.009, max=0.301] m/s^2
[2026-07-10 16:04:52.627] [odom] [warning] gyro_stat wx=-0.018 +- 0.000 [min=-0.019, max=-0.015], wy=0.001 +- 0.000 [min=-0.000, max=0.002], wz=0.001 +- 0.000 [min=0.001, max=0.002] rad/s
[2026-07-10 16:04:54.124] [glim] [info] playback speed: 2.292x
[2026-07-10 16:04:54.282] [odom] [warning] IMU prediction is not good.
[2026-07-10 16:04:54.282] [odom] [warning] Possibly T_lidar_imu is not accurate or IMU bias is not well estimated.
[2026-07-10 16:04:54.282] [odom] [warning] IMU validation results:
[2026-07-10 16:04:54.282] [odom] [warning] num_validations=15744
[2026-07-10 16:04:54.282] [odom] [warning] No-IMU errors rot=0.213 +- 0.272 deg, trans=0.030 +- 0.019 m, vel=0.028 +- 0.020 m/s
[2026-07-10 16:04:54.282] [odom] [warning] IMU errors rot=0.065 +- 0.056 deg, trans=0.034 +- 0.022 m, vel=0.098 +- 0.058 m/s
[2026-07-10 16:04:54.282] [odom] [warning] IMU better ratios rot=0.85, trans=0.03, vel=0.08
[2026-07-10 16:04:54.291] [odom] [warning] IMU bias estimation seems inaccurate.
[2026-07-10 16:04:54.291] [odom] [warning] Possibly T_lidar_imu is not accurate or LiDAR-IMU synchronization is not correct.
[2026-07-10 16:04:54.291] [odom] [warning] IMU bias validation results:
[2026-07-10 16:04:54.291] [odom] [warning] num_bias_validations=16256
[2026-07-10 16:04:54.291] [odom] [warning] bias_acc=[0.028, 0.516, 0.108] m/s^2, bias_gyro=[-0.019, 0.001, 0.002] rad/s
[2026-07-10 16:04:54.291] [odom] [warning] acc_stat ax=-0.070 +- 0.274 [min=-0.593, max=0.417], ay=0.437 +- 0.242 [min=-0.121, max=0.904], az=0.143 +- 0.061 [min=0.009, max=0.301] m/s^2
[2026-07-10 16:04:54.291] [odom] [warning] gyro_stat wx=-0.018 +- 0.000 [min=-0.019, max=-0.015], wy=0.001 +- 0.000 [min=-0.000, max=0.002], wz=0.001 +- 0.000 [min=0.001, max=0.002] rad/s
[2026-07-10 16:04:56.082] [odom] [warning] IMU prediction is not good.
[2026-07-10 16:04:56.082] [odom] [warning] Possibly T_lidar_imu is not accurate or IMU bias is not well estimated.
[2026-07-10 16:04:56.082] [odom] [warning] IMU validation results:
[2026-07-10 16:04:56.082] [odom] [warning] num_validations=15808
[2026-07-10 16:04:56.082] [odom] [warning] No-IMU errors rot=0.214 +- 0.274 deg, trans=0.030 +- 0.019 m, vel=0.028 +- 0.020 m/s
[2026-07-10 16:04:56.082] [odom] [warning] IMU errors rot=0.065 +- 0.056 deg, trans=0.034 +- 0.021 m, vel=0.098 +- 0.058 m/s
[2026-07-10 16:04:56.082] [odom] [warning] IMU better ratios rot=0.85, trans=0.03, vel=0.08
[2026-07-10 16:04:56.088] [odom] [warning] IMU bias estimation seems inaccurate.
[2026-07-10 16:04:56.088] [odom] [warning] Possibly T_lidar_imu is not accurate or LiDAR-IMU synchronization is not correct.
[2026-07-10 16:04:56.088] [odom] [warning] IMU bias validation results:
[2026-07-10 16:04:56.088] [odom] [warning] num_bias_validations=16320
[2026-07-10 16:04:56.088] [odom] [warning] bias_acc=[0.019, 0.511, 0.108] m/s^2, bias_gyro=[-0.019, 0.001, 0.002] rad/s
[2026-07-10 16:04:56.088] [odom] [warning] acc_stat ax=-0.070 +- 0.274 [min=-0.593, max=0.417], ay=0.437 +- 0.241 [min=-0.121, max=0.904], az=0.143 +- 0.061 [min=0.009, max=0.301] m/s^2
[2026-07-10 16:04:56.088] [odom] [warning] gyro_stat wx=-0.018 +- 0.000 [min=-0.019, max=-0.015], wy=0.001 +- 0.000 [min=-0.000, max=0.002], wz=0.001 +- 0.000 [min=0.001, max=0.002] rad/s
[2026-07-10 16:04:57.679] [odom] [warning] IMU prediction is not good.
[2026-07-10 16:04:57.679] [odom] [warning] Possibly T_lidar_imu is not accurate or IMU bias is not well estimated.
[2026-07-10 16:04:57.679] [odom] [warning] IMU validation results:
[2026-07-10 16:04:57.679] [odom] [warning] num_validations=15872
[2026-07-10 16:04:57.679] [odom] [warning] No-IMU errors rot=0.214 +- 0.274 deg, trans=0.030 +- 0.019 m, vel=0.028 +- 0.020 m/s
[2026-07-10 16:04:57.679] [odom] [warning] IMU errors rot=0.066 +- 0.056 deg, trans=0.034 +- 0.021 m, vel=0.097 +- 0.058 m/s
[2026-07-10 16:04:57.679] [odom] [warning] IMU better ratios rot=0.85, trans=0.03, vel=0.08
[2026-07-10 16:04:57.731] [odom] [warning] IMU bias estimation seems inaccurate.
[2026-07-10 16:04:57.731] [odom] [warning] Possibly T_lidar_imu is not accurate or LiDAR-IMU synchronization is not correct.
[2026-07-10 16:04:57.731] [odom] [warning] IMU bias validation results:
[2026-07-10 16:04:57.731] [odom] [warning] num_bias_validations=16384
[2026-07-10 16:04:57.731] [odom] [warning] bias_acc=[0.008, 0.507, 0.110] m/s^2, bias_gyro=[-0.018, 0.001, 0.001] rad/s
[2026-07-10 16:04:57.731] [odom] [warning] acc_stat ax=-0.069 +- 0.273 [min=-0.593, max=0.417], ay=0.438 +- 0.241 [min=-0.121, max=0.904], az=0.142 +- 0.061 [min=0.009, max=0.301] m/s^2
[2026-07-10 16:04:57.731] [odom] [warning] gyro_stat wx=-0.018 +- 0.000 [min=-0.019, max=-0.015], wy=0.001 +- 0.000 [min=-0.000, max=0.002], wz=0.001 +- 0.000 [min=0.001, max=0.002] rad/s
[2026-07-10 16:04:59.126] [glim] [info] playback speed: 4.259x
[2026-07-10 16:04:59.169] [odom] [warning] IMU prediction is not good.
[2026-07-10 16:04:59.169] [odom] [warning] Possibly T_lidar_imu is not accurate or IMU bias is not well estimated.
[2026-07-10 16:04:59.169] [odom] [warning] IMU validation results:
[2026-07-10 16:04:59.169] [odom] [warning] num_validations=15936
[2026-07-10 16:04:59.169] [odom] [warning] No-IMU errors rot=0.214 +- 0.273 deg, trans=0.030 +- 0.019 m, vel=0.028 +- 0.020 m/s
[2026-07-10 16:04:59.169] [odom] [warning] IMU errors rot=0.066 +- 0.056 deg, trans=0.034 +- 0.021 m, vel=0.097 +- 0.058 m/s
[2026-07-10 16:04:59.169] [odom] [warning] IMU better ratios rot=0.85, trans=0.03, vel=0.08
[2026-07-10 16:04:59.220] [odom] [warning] IMU bias estimation seems inaccurate.
[2026-07-10 16:04:59.220] [odom] [warning] Possibly T_lidar_imu is not accurate or LiDAR-IMU synchronization is not correct.
[2026-07-10 16:04:59.220] [odom] [warning] IMU bias validation results:
[2026-07-10 16:04:59.220] [odom] [warning] num_bias_validations=16448
[2026-07-10 16:04:59.220] [odom] [warning] bias_acc=[-0.005, 0.506, 0.113] m/s^2, bias_gyro=[-0.018, 0.001, 0.001] rad/s
[2026-07-10 16:04:59.220] [odom] [warning] acc_stat ax=-0.069 +- 0.273 [min=-0.593, max=0.417], ay=0.438 +- 0.240 [min=-0.121, max=0.904], az=0.142 +- 0.061 [min=0.009, max=0.301] m/s^2
[2026-07-10 16:04:59.220] [odom] [warning] gyro_stat wx=-0.018 +- 0.000 [min=-0.019, max=-0.015], wy=0.001 +- 0.000 [min=-0.000, max=0.002], wz=0.001 +- 0.000 [min=0.001, max=0.002] rad/s
[2026-07-10 16:05:01.377] [odom] [warning] IMU prediction is not good.
[2026-07-10 16:05:01.377] [odom] [warning] Possibly T_lidar_imu is not accurate or IMU bias is not well estimated.
[2026-07-10 16:05:01.377] [odom] [warning] IMU validation results:
[2026-07-10 16:05:01.377] [odom] [warning] num_validations=16000
[2026-07-10 16:05:01.377] [odom] [warning] No-IMU errors rot=0.215 +- 0.274 deg, trans=0.030 +- 0.019 m, vel=0.028 +- 0.020 m/s
[2026-07-10 16:05:01.377] [odom] [warning] IMU errors rot=0.066 +- 0.056 deg, trans=0.034 +- 0.021 m, vel=0.097 +- 0.058 m/s
[2026-07-10 16:05:01.377] [odom] [warning] IMU better ratios rot=0.85, trans=0.03, vel=0.08
[2026-07-10 16:05:01.412] [odom] [warning] IMU bias estimation seems inaccurate.
[2026-07-10 16:05:01.412] [odom] [warning] Possibly T_lidar_imu is not accurate or LiDAR-IMU synchronization is not correct.
[2026-07-10 16:05:01.412] [odom] [warning] IMU bias validation results:
[2026-07-10 16:05:01.412] [odom] [warning] num_bias_validations=16512
[2026-07-10 16:05:01.413] [odom] [warning] bias_acc=[-0.022, 0.504, 0.115] m/s^2, bias_gyro=[-0.017, 0.001, 0.001] rad/s
[2026-07-10 16:05:01.413] [odom] [warning] acc_stat ax=-0.069 +- 0.272 [min=-0.593, max=0.417], ay=0.438 +- 0.240 [min=-0.121, max=0.904], az=0.142 +- 0.061 [min=0.009, max=0.301] m/s^2
[2026-07-10 16:05:01.413] [odom] [warning] gyro_stat wx=-0.018 +- 0.000 [min=-0.019, max=-0.015], wy=0.001 +- 0.000 [min=-0.000, max=0.002], wz=0.001 +- 0.000 [min=0.001, max=0.002] rad/s
[2026-07-10 16:05:04.167] [glim] [info] playback speed: 2.676x
[2026-07-10 16:05:04.195] [odom] [warning] IMU prediction is not good.
[2026-07-10 16:05:04.195] [odom] [warning] Possibly T_lidar_imu is not accurate or IMU bias is not well estimated.
[2026-07-10 16:05:04.195] [odom] [warning] IMU validation results:
[2026-07-10 16:05:04.195] [odom] [warning] num_validations=16064
[2026-07-10 16:05:04.195] [odom] [warning] No-IMU errors rot=0.218 +- 0.281 deg, trans=0.030 +- 0.019 m, vel=0.029 +- 0.020 m/s
[2026-07-10 16:05:04.195] [odom] [warning] IMU errors rot=0.066 +- 0.057 deg, trans=0.034 +- 0.021 m, vel=0.097 +- 0.057 m/s
[2026-07-10 16:05:04.195] [odom] [warning] IMU better ratios rot=0.85, trans=0.03, vel=0.08
[2026-07-10 16:05:04.224] [odom] [warning] IMU bias estimation seems inaccurate.
[2026-07-10 16:05:04.224] [odom] [warning] Possibly T_lidar_imu is not accurate or LiDAR-IMU synchronization is not correct.
[2026-07-10 16:05:04.224] [odom] [warning] IMU bias validation results:
[2026-07-10 16:05:04.224] [odom] [warning] num_bias_validations=16576
[2026-07-10 16:05:04.224] [odom] [warning] bias_acc=[-0.035, 0.505, 0.118] m/s^2, bias_gyro=[-0.018, 0.001, 0.001] rad/s
[2026-07-10 16:05:04.224] [odom] [warning] acc_stat ax=-0.069 +- 0.272 [min=-0.593, max=0.417], ay=0.438 +- 0.239 [min=-0.121, max=0.904], az=0.142 +- 0.060 [min=0.009, max=0.301] m/s^2
[2026-07-10 16:05:04.224] [odom] [warning] gyro_stat wx=-0.018 +- 0.000 [min=-0.019, max=-0.015], wy=0.001 +- 0.000 [min=-0.000, max=0.002], wz=0.001 +- 0.000 [min=0.001, max=0.002] rad/s
[2026-07-10 16:05:05.900] [odom] [warning] IMU prediction is not good.
[2026-07-10 16:05:05.900] [odom] [warning] Possibly T_lidar_imu is not accurate or IMU bias is not well estimated.
[2026-07-10 16:05:05.900] [odom] [warning] IMU validation results:
[2026-07-10 16:05:05.900] [odom] [warning] num_validations=16128
[2026-07-10 16:05:05.900] [odom] [warning] No-IMU errors rot=0.222 +- 0.295 deg, trans=0.030 +- 0.019 m, vel=0.029 +- 0.020 m/s
[2026-07-10 16:05:05.900] [odom] [warning] IMU errors rot=0.066 +- 0.057 deg, trans=0.034 +- 0.021 m, vel=0.097 +- 0.057 m/s
[2026-07-10 16:05:05.900] [odom] [warning] IMU better ratios rot=0.85, trans=0.03, vel=0.08
[2026-07-10 16:05:05.953] [odom] [warning] IMU bias estimation seems inaccurate.
[2026-07-10 16:05:05.953] [odom] [warning] Possibly T_lidar_imu is not accurate or LiDAR-IMU synchronization is not correct.
[2026-07-10 16:05:05.953] [odom] [warning] IMU bias validation results:
[2026-07-10 16:05:05.953] [odom] [warning] num_bias_validations=16640
[2026-07-10 16:05:05.953] [odom] [warning] bias_acc=[-0.028, 0.507, 0.116] m/s^2, bias_gyro=[-0.018, 0.001, 0.001] rad/s
[2026-07-10 16:05:05.953] [odom] [warning] acc_stat ax=-0.069 +- 0.271 [min=-0.593, max=0.417], ay=0.439 +- 0.239 [min=-0.121, max=0.904], az=0.142 +- 0.060 [min=0.009, max=0.301] m/s^2
[2026-07-10 16:05:05.953] [odom] [warning] gyro_stat wx=-0.018 +- 0.000 [min=-0.019, max=-0.015], wy=0.001 +- 0.000 [min=-0.000, max=0.002], wz=0.001 +- 0.000 [min=0.001, max=0.002] rad/s
[2026-07-10 16:05:09.175] [glim] [info] playback speed: 2.593x
[2026-07-10 16:05:09.205] [odom] [warning] IMU prediction is not good.
[2026-07-10 16:05:09.205] [odom] [warning] Possibly T_lidar_imu is not accurate or IMU bias is not well estimated.
[2026-07-10 16:05:09.205] [odom] [warning] IMU validation results:
[2026-07-10 16:05:09.205] [odom] [warning] num_validations=16192
[2026-07-10 16:05:09.205] [odom] [warning] No-IMU errors rot=0.221 +- 0.294 deg, trans=0.030 +- 0.019 m, vel=0.029 +- 0.020 m/s
[2026-07-10 16:05:09.205] [odom] [warning] IMU errors rot=0.066 +- 0.057 deg, trans=0.034 +- 0.021 m, vel=0.097 +- 0.057 m/s
[2026-07-10 16:05:09.205] [odom] [warning] IMU better ratios rot=0.84, trans=0.03, vel=0.08
[2026-07-10 16:05:09.256] [odom] [warning] IMU bias estimation seems inaccurate.
[2026-07-10 16:05:09.256] [odom] [warning] Possibly T_lidar_imu is not accurate or LiDAR-IMU synchronization is not correct.
[2026-07-10 16:05:09.256] [odom] [warning] IMU bias validation results:
[2026-07-10 16:05:09.256] [odom] [warning] num_bias_validations=16704
[2026-07-10 16:05:09.256] [odom] [warning] bias_acc=[-0.018, 0.508, 0.115] m/s^2, bias_gyro=[-0.018, 0.001, 0.001] rad/s
[2026-07-10 16:05:09.256] [odom] [warning] acc_stat ax=-0.068 +- 0.271 [min=-0.593, max=0.417], ay=0.439 +- 0.239 [min=-0.121, max=0.904], az=0.142 +- 0.060 [min=0.009, max=0.301] m/s^2
[2026-07-10 16:05:09.256] [odom] [warning] gyro_stat wx=-0.018 +- 0.000 [min=-0.019, max=-0.015], wy=0.001 +- 0.000 [min=-0.000, max=0.002], wz=0.001 +- 0.000 [min=0.001, max=0.002] rad/s
[2026-07-10 16:05:12.162] [odom] [warning] IMU prediction is not good.
[2026-07-10 16:05:12.162] [odom] [warning] Possibly T_lidar_imu is not accurate or IMU bias is not well estimated.
[2026-07-10 16:05:12.162] [odom] [warning] IMU validation results:
[2026-07-10 16:05:12.162] [odom] [warning] num_validations=16256
[2026-07-10 16:05:12.162] [odom] [warning] No-IMU errors rot=0.221 +- 0.294 deg, trans=0.030 +- 0.019 m, vel=0.029 +- 0.020 m/s
[2026-07-10 16:05:12.162] [odom] [warning] IMU errors rot=0.066 +- 0.056 deg, trans=0.034 +- 0.021 m, vel=0.097 +- 0.057 m/s
[2026-07-10 16:05:12.162] [odom] [warning] IMU better ratios rot=0.84, trans=0.03, vel=0.08
[2026-07-10 16:05:12.167] [odom] [warning] IMU bias estimation seems inaccurate.
[2026-07-10 16:05:12.167] [odom] [warning] Possibly T_lidar_imu is not accurate or LiDAR-IMU synchronization is not correct.
[2026-07-10 16:05:12.167] [odom] [warning] IMU bias validation results:
[2026-07-10 16:05:12.167] [odom] [warning] num_bias_validations=16768
[2026-07-10 16:05:12.167] [odom] [warning] bias_acc=[-0.009, 0.509, 0.114] m/s^2, bias_gyro=[-0.018, 0.002, 0.001] rad/s
[2026-07-10 16:05:12.167] [odom] [warning] acc_stat ax=-0.068 +- 0.270 [min=-0.593, max=0.417], ay=0.439 +- 0.238 [min=-0.121, max=0.904], az=0.142 +- 0.060 [min=0.009, max=0.301] m/s^2
[2026-07-10 16:05:12.167] [odom] [warning] gyro_stat wx=-0.018 +- 0.000 [min=-0.019, max=-0.015], wy=0.001 +- 0.000 [min=-0.000, max=0.002], wz=0.001 +- 0.000 [min=0.001, max=0.002] rad/s
[2026-07-10 16:05:12.977] [odom] [warning] IMU prediction is not good.
[2026-07-10 16:05:12.977] [odom] [warning] Possibly T_lidar_imu is not accurate or IMU bias is not well estimated.
[2026-07-10 16:05:12.977] [odom] [warning] IMU validation results:
[2026-07-10 16:05:12.977] [odom] [warning] num_validations=16320
[2026-07-10 16:05:12.977] [odom] [warning] No-IMU errors rot=0.221 +- 0.294 deg, trans=0.030 +- 0.019 m, vel=0.029 +- 0.020 m/s
[2026-07-10 16:05:12.977] [odom] [warning] IMU errors rot=0.066 +- 0.057 deg, trans=0.034 +- 0.021 m, vel=0.097 +- 0.057 m/s
[2026-07-10 16:05:12.977] [odom] [warning] IMU better ratios rot=0.84, trans=0.03, vel=0.08
[2026-07-10 16:05:12.985] [odom] [warning] IMU bias estimation seems inaccurate.
[2026-07-10 16:05:12.985] [odom] [warning] Possibly T_lidar_imu is not accurate or LiDAR-IMU synchronization is not correct.
[2026-07-10 16:05:12.985] [odom] [warning] IMU bias validation results:
[2026-07-10 16:05:12.985] [odom] [warning] num_bias_validations=16832
[2026-07-10 16:05:12.985] [odom] [warning] bias_acc=[-0.002, 0.506, 0.112] m/s^2, bias_gyro=[-0.018, 0.001, 0.001] rad/s
[2026-07-10 16:05:12.985] [odom] [warning] acc_stat ax=-0.068 +- 0.270 [min=-0.593, max=0.417], ay=0.439 +- 0.238 [min=-0.121, max=0.904], az=0.142 +- 0.060 [min=0.009, max=0.301] m/s^2
[2026-07-10 16:05:12.985] [odom] [warning] gyro_stat wx=-0.018 +- 0.000 [min=-0.019, max=-0.015], wy=0.001 +- 0.000 [min=-0.000, max=0.002], wz=0.001 +- 0.000 [min=0.001, max=0.002] rad/s
[2026-07-10 16:05:14.192] [glim] [info] playback speed: 3.680x
[2026-07-10 16:05:14.392] [odom] [warning] IMU prediction is not good.
[2026-07-10 16:05:14.392] [odom] [warning] Possibly T_lidar_imu is not accurate or IMU bias is not well estimated.
[2026-07-10 16:05:14.392] [odom] [warning] IMU validation results:
[2026-07-10 16:05:14.392] [odom] [warning] num_validations=16384
[2026-07-10 16:05:14.392] [odom] [warning] No-IMU errors rot=0.221 +- 0.294 deg, trans=0.029 +- 0.019 m, vel=0.029 +- 0.020 m/s
[2026-07-10 16:05:14.392] [odom] [warning] IMU errors rot=0.066 +- 0.057 deg, trans=0.034 +- 0.021 m, vel=0.097 +- 0.057 m/s
[2026-07-10 16:05:14.392] [odom] [warning] IMU better ratios rot=0.84, trans=0.03, vel=0.08
[2026-07-10 16:05:14.425] [odom] [warning] IMU bias estimation seems inaccurate.
[2026-07-10 16:05:14.425] [odom] [warning] Possibly T_lidar_imu is not accurate or LiDAR-IMU synchronization is not correct.
[2026-07-10 16:05:14.425] [odom] [warning] IMU bias validation results:
[2026-07-10 16:05:14.425] [odom] [warning] num_bias_validations=16896
[2026-07-10 16:05:14.425] [odom] [warning] bias_acc=[0.002, 0.503, 0.111] m/s^2, bias_gyro=[-0.018, 0.001, 0.001] rad/s
[2026-07-10 16:05:14.425] [odom] [warning] acc_stat ax=-0.068 +- 0.269 [min=-0.593, max=0.417], ay=0.440 +- 0.237 [min=-0.121, max=0.904], az=0.142 +- 0.060 [min=0.009, max=0.301] m/s^2
[2026-07-10 16:05:14.425] [odom] [warning] gyro_stat wx=-0.018 +- 0.000 [min=-0.019, max=-0.015], wy=0.001 +- 0.000 [min=-0.000, max=0.002], wz=0.001 +- 0.000 [min=0.001, max=0.002] rad/s
[2026-07-10 16:05:16.556] [odom] [warning] IMU prediction is not good.
[2026-07-10 16:05:16.556] [odom] [warning] Possibly T_lidar_imu is not accurate or IMU bias is not well estimated.
[2026-07-10 16:05:16.556] [odom] [warning] IMU validation results:
[2026-07-10 16:05:16.556] [odom] [warning] num_validations=16448
[2026-07-10 16:05:16.556] [odom] [warning] No-IMU errors rot=0.221 +- 0.293 deg, trans=0.029 +- 0.019 m, vel=0.029 +- 0.020 m/s
[2026-07-10 16:05:16.556] [odom] [warning] IMU errors rot=0.066 +- 0.057 deg, trans=0.034 +- 0.021 m, vel=0.096 +- 0.057 m/s
[2026-07-10 16:05:16.556] [odom] [warning] IMU better ratios rot=0.84, trans=0.03, vel=0.08
[2026-07-10 16:05:16.587] [odom] [warning] IMU bias estimation seems inaccurate.
[2026-07-10 16:05:16.587] [odom] [warning] Possibly T_lidar_imu is not accurate or LiDAR-IMU synchronization is not correct.
[2026-07-10 16:05:16.587] [odom] [warning] IMU bias validation results:
[2026-07-10 16:05:16.587] [odom] [warning] num_bias_validations=16960
[2026-07-10 16:05:16.587] [odom] [warning] bias_acc=[0.006, 0.506, 0.111] m/s^2, bias_gyro=[-0.017, 0.001, 0.001] rad/s
[2026-07-10 16:05:16.587] [odom] [warning] acc_stat ax=-0.067 +- 0.269 [min=-0.593, max=0.417], ay=0.440 +- 0.237 [min=-0.121, max=0.904], az=0.141 +- 0.060 [min=0.009, max=0.301] m/s^2
[2026-07-10 16:05:16.587] [odom] [warning] gyro_stat wx=-0.018 +- 0.000 [min=-0.019, max=-0.015], wy=0.001 +- 0.000 [min=-0.000, max=0.002], wz=0.001 +- 0.000 [min=0.001, max=0.002] rad/s
[2026-07-10 16:05:18.522] [odom] [warning] IMU prediction is not good.
[2026-07-10 16:05:18.523] [odom] [warning] Possibly T_lidar_imu is not accurate or IMU bias is not well estimated.
[2026-07-10 16:05:18.523] [odom] [warning] IMU validation results:
[2026-07-10 16:05:18.523] [odom] [warning] num_validations=16512
[2026-07-10 16:05:18.523] [odom] [warning] No-IMU errors rot=0.221 +- 0.293 deg, trans=0.029 +- 0.019 m, vel=0.029 +- 0.020 m/s
[2026-07-10 16:05:18.523] [odom] [warning] IMU errors rot=0.067 +- 0.057 deg, trans=0.034 +- 0.021 m, vel=0.096 +- 0.057 m/s
[2026-07-10 16:05:18.523] [odom] [warning] IMU better ratios rot=0.84, trans=0.03, vel=0.08
[2026-07-10 16:05:18.529] [odom] [warning] IMU bias estimation seems inaccurate.
[2026-07-10 16:05:18.529] [odom] [warning] Possibly T_lidar_imu is not accurate or LiDAR-IMU synchronization is not correct.
[2026-07-10 16:05:18.529] [odom] [warning] IMU bias validation results:
[2026-07-10 16:05:18.529] [odom] [warning] num_bias_validations=17024
[2026-07-10 16:05:18.529] [odom] [warning] bias_acc=[0.010, 0.504, 0.110] m/s^2, bias_gyro=[-0.018, 0.001, 0.001] rad/s
[2026-07-10 16:05:18.529] [odom] [warning] acc_stat ax=-0.067 +- 0.268 [min=-0.593, max=0.417], ay=0.440 +- 0.236 [min=-0.121, max=0.904], az=0.141 +- 0.060 [min=0.009, max=0.301] m/s^2
[2026-07-10 16:05:18.529] [odom] [warning] gyro_stat wx=-0.018 +- 0.000 [min=-0.019, max=-0.015], wy=0.001 +- 0.000 [min=-0.000, max=0.002], wz=0.001 +- 0.000 [min=0.001, max=0.002] rad/s
[2026-07-10 16:05:19.217] [glim] [info] playback speed: 3.190x
[2026-07-10 16:05:20.332] [odom] [warning] IMU prediction is not good.
[2026-07-10 16:05:20.332] [odom] [warning] Possibly T_lidar_imu is not accurate or IMU bias is not well estimated.
[2026-07-10 16:05:20.332] [odom] [warning] IMU validation results:
[2026-07-10 16:05:20.332] [odom] [warning] num_validations=16576
[2026-07-10 16:05:20.332] [odom] [warning] No-IMU errors rot=0.221 +- 0.293 deg, trans=0.029 +- 0.019 m, vel=0.029 +- 0.020 m/s
[2026-07-10 16:05:20.332] [odom] [warning] IMU errors rot=0.066 +- 0.057 deg, trans=0.034 +- 0.021 m, vel=0.096 +- 0.057 m/s
[2026-07-10 16:05:20.332] [odom] [warning] IMU better ratios rot=0.84, trans=0.03, vel=0.08
[2026-07-10 16:05:20.338] [odom] [warning] IMU bias estimation seems inaccurate.
[2026-07-10 16:05:20.338] [odom] [warning] Possibly T_lidar_imu is not accurate or LiDAR-IMU synchronization is not correct.
[2026-07-10 16:05:20.338] [odom] [warning] IMU bias validation results:
[2026-07-10 16:05:20.338] [odom] [warning] num_bias_validations=17088
[2026-07-10 16:05:20.338] [odom] [warning] bias_acc=[0.009, 0.503, 0.109] m/s^2, bias_gyro=[-0.018, 0.001, 0.001] rad/s
[2026-07-10 16:05:20.338] [odom] [warning] acc_stat ax=-0.067 +- 0.268 [min=-0.593, max=0.417], ay=0.440 +- 0.236 [min=-0.121, max=0.904], az=0.141 +- 0.060 [min=0.009, max=0.301] m/s^2
[2026-07-10 16:05:20.338] [odom] [warning] gyro_stat wx=-0.018 +- 0.000 [min=-0.019, max=-0.015], wy=0.001 +- 0.000 [min=-0.000, max=0.002], wz=0.001 +- 0.000 [min=0.001, max=0.002] rad/s
[2026-07-10 16:05:22.156] [odom] [warning] IMU prediction is not good.
[2026-07-10 16:05:22.156] [odom] [warning] Possibly T_lidar_imu is not accurate or IMU bias is not well estimated.
[2026-07-10 16:05:22.156] [odom] [warning] IMU validation results:
[2026-07-10 16:05:22.156] [odom] [warning] num_validations=16640
[2026-07-10 16:05:22.156] [odom] [warning] No-IMU errors rot=0.221 +- 0.292 deg, trans=0.029 +- 0.019 m, vel=0.029 +- 0.020 m/s
[2026-07-10 16:05:22.156] [odom] [warning] IMU errors rot=0.066 +- 0.056 deg, trans=0.034 +- 0.021 m, vel=0.096 +- 0.057 m/s
[2026-07-10 16:05:22.156] [odom] [warning] IMU better ratios rot=0.84, trans=0.03, vel=0.08
[2026-07-10 16:05:22.174] [odom] [warning] IMU bias estimation seems inaccurate.
[2026-07-10 16:05:22.174] [odom] [warning] Possibly T_lidar_imu is not accurate or LiDAR-IMU synchronization is not correct.
[2026-07-10 16:05:22.174] [odom] [warning] IMU bias validation results:
[2026-07-10 16:05:22.174] [odom] [warning] num_bias_validations=17152
[2026-07-10 16:05:22.174] [odom] [warning] bias_acc=[0.007, 0.503, 0.110] m/s^2, bias_gyro=[-0.018, 0.001, 0.001] rad/s
[2026-07-10 16:05:22.174] [odom] [warning] acc_stat ax=-0.066 +- 0.267 [min=-0.593, max=0.417], ay=0.441 +- 0.236 [min=-0.121, max=0.904], az=0.141 +- 0.060 [min=0.009, max=0.301] m/s^2
[2026-07-10 16:05:22.174] [odom] [warning] gyro_stat wx=-0.018 +- 0.000 [min=-0.019, max=-0.015], wy=0.001 +- 0.000 [min=-0.000, max=0.002], wz=0.001 +- 0.000 [min=0.001, max=0.002] rad/s
[2026-07-10 16:05:23.590] [odom] [warning] IMU prediction is not good.
[2026-07-10 16:05:23.590] [odom] [warning] Possibly T_lidar_imu is not accurate or IMU bias is not well estimated.
[2026-07-10 16:05:23.590] [odom] [warning] IMU validation results:
[2026-07-10 16:05:23.590] [odom] [warning] num_validations=16704
[2026-07-10 16:05:23.590] [odom] [warning] No-IMU errors rot=0.221 +- 0.292 deg, trans=0.029 +- 0.019 m, vel=0.029 +- 0.020 m/s
[2026-07-10 16:05:23.590] [odom] [warning] IMU errors rot=0.066 +- 0.056 deg, trans=0.034 +- 0.021 m, vel=0.096 +- 0.057 m/s
[2026-07-10 16:05:23.590] [odom] [warning] IMU better ratios rot=0.84, trans=0.03, vel=0.08
[2026-07-10 16:05:23.620] [odom] [warning] IMU bias estimation seems inaccurate.
[2026-07-10 16:05:23.620] [odom] [warning] Possibly T_lidar_imu is not accurate or LiDAR-IMU synchronization is not correct.
[2026-07-10 16:05:23.620] [odom] [warning] IMU bias validation results:
[2026-07-10 16:05:23.620] [odom] [warning] num_bias_validations=17216
[2026-07-10 16:05:23.620] [odom] [warning] bias_acc=[0.001, 0.504, 0.110] m/s^2, bias_gyro=[-0.018, 0.002, 0.001] rad/s
[2026-07-10 16:05:23.620] [odom] [warning] acc_stat ax=-0.066 +- 0.267 [min=-0.593, max=0.417], ay=0.441 +- 0.235 [min=-0.121, max=0.904], az=0.141 +- 0.060 [min=0.009, max=0.301] m/s^2
[2026-07-10 16:05:23.620] [odom] [warning] gyro_stat wx=-0.018 +- 0.000 [min=-0.019, max=-0.015], wy=0.001 +- 0.000 [min=-0.000, max=0.002], wz=0.001 +- 0.000 [min=0.001, max=0.002] rad/s
[2026-07-10 16:05:24.229] [glim] [info] playback speed: 3.846x
[2026-07-10 16:05:25.246] [odom] [warning] IMU prediction is not good.
[2026-07-10 16:05:25.246] [odom] [warning] Possibly T_lidar_imu is not accurate or IMU bias is not well estimated.
[2026-07-10 16:05:25.246] [odom] [warning] IMU validation results:
[2026-07-10 16:05:25.246] [odom] [warning] num_validations=16768
[2026-07-10 16:05:25.246] [odom] [warning] No-IMU errors rot=0.221 +- 0.292 deg, trans=0.029 +- 0.019 m, vel=0.029 +- 0.020 m/s
[2026-07-10 16:05:25.246] [odom] [warning] IMU errors rot=0.066 +- 0.057 deg, trans=0.034 +- 0.021 m, vel=0.095 +- 0.057 m/s
[2026-07-10 16:05:25.246] [odom] [warning] IMU better ratios rot=0.84, trans=0.03, vel=0.08
[2026-07-10 16:05:25.369] [odom] [warning] IMU bias estimation seems inaccurate.
[2026-07-10 16:05:25.369] [odom] [warning] Possibly T_lidar_imu is not accurate or LiDAR-IMU synchronization is not correct.
[2026-07-10 16:05:25.369] [odom] [warning] IMU bias validation results:
[2026-07-10 16:05:25.369] [odom] [warning] num_bias_validations=17280
[2026-07-10 16:05:25.369] [odom] [warning] bias_acc=[-0.002, 0.505, 0.111] m/s^2, bias_gyro=[-0.018, 0.002, 0.002] rad/s
[2026-07-10 16:05:25.369] [odom] [warning] acc_stat ax=-0.066 +- 0.267 [min=-0.593, max=0.417], ay=0.441 +- 0.235 [min=-0.121, max=0.904], az=0.141 +- 0.060 [min=0.009, max=0.301] m/s^2
[2026-07-10 16:05:25.369] [odom] [warning] gyro_stat wx=-0.018 +- 0.000 [min=-0.019, max=-0.015], wy=0.001 +- 0.000 [min=-0.000, max=0.002], wz=0.001 +- 0.000 [min=0.001, max=0.002] rad/s
[2026-07-10 16:05:27.251] [odom] [warning] IMU prediction is not good.
[2026-07-10 16:05:27.251] [odom] [warning] Possibly T_lidar_imu is not accurate or IMU bias is not well estimated.
[2026-07-10 16:05:27.251] [odom] [warning] IMU validation results:
[2026-07-10 16:05:27.251] [odom] [warning] num_validations=16832
[2026-07-10 16:05:27.251] [odom] [warning] No-IMU errors rot=0.221 +- 0.292 deg, trans=0.029 +- 0.019 m, vel=0.029 +- 0.020 m/s
[2026-07-10 16:05:27.251] [odom] [warning] IMU errors rot=0.066 +- 0.056 deg, trans=0.033 +- 0.021 m, vel=0.095 +- 0.057 m/s
[2026-07-10 16:05:27.251] [odom] [warning] IMU better ratios rot=0.85, trans=0.03, vel=0.08
[2026-07-10 16:05:27.260] [odom] [warning] IMU bias estimation seems inaccurate.
[2026-07-10 16:05:27.260] [odom] [warning] Possibly T_lidar_imu is not accurate or LiDAR-IMU synchronization is not correct.
[2026-07-10 16:05:27.260] [odom] [warning] IMU bias validation results:
[2026-07-10 16:05:27.260] [odom] [warning] num_bias_validations=17344
[2026-07-10 16:05:27.260] [odom] [warning] bias_acc=[-0.009, 0.502, 0.111] m/s^2, bias_gyro=[-0.018, 0.002, 0.002] rad/s
[2026-07-10 16:05:27.260] [odom] [warning] acc_stat ax=-0.066 +- 0.266 [min=-0.593, max=0.417], ay=0.441 +- 0.234 [min=-0.121, max=0.904], az=0.141 +- 0.059 [min=0.009, max=0.301] m/s^2
[2026-07-10 16:05:27.260] [odom] [warning] gyro_stat wx=-0.018 +- 0.000 [min=-0.019, max=-0.015], wy=0.001 +- 0.000 [min=-0.000, max=0.002], wz=0.001 +- 0.000 [min=0.001, max=0.002] rad/s
[2026-07-10 16:05:29.089] [odom] [warning] IMU prediction is not good.
[2026-07-10 16:05:29.089] [odom] [warning] Possibly T_lidar_imu is not accurate or IMU bias is not well estimated.
[2026-07-10 16:05:29.089] [odom] [warning] IMU validation results:
[2026-07-10 16:05:29.089] [odom] [warning] num_validations=16896
[2026-07-10 16:05:29.089] [odom] [warning] No-IMU errors rot=0.221 +- 0.291 deg, trans=0.029 +- 0.019 m, vel=0.029 +- 0.020 m/s
[2026-07-10 16:05:29.089] [odom] [warning] IMU errors rot=0.066 +- 0.056 deg, trans=0.033 +- 0.021 m, vel=0.095 +- 0.057 m/s
[2026-07-10 16:05:29.089] [odom] [warning] IMU better ratios rot=0.85, trans=0.03, vel=0.08
[2026-07-10 16:05:29.229] [glim] [info] playback speed: 3.768x
[2026-07-10 16:05:31.099] [odom] [warning] IMU prediction is not good.
[2026-07-10 16:05:31.099] [odom] [warning] Possibly T_lidar_imu is not accurate or IMU bias is not well estimated.
[2026-07-10 16:05:31.099] [odom] [warning] IMU validation results:
[2026-07-10 16:05:31.099] [odom] [warning] num_validations=16960
[2026-07-10 16:05:31.099] [odom] [warning] No-IMU errors rot=0.220 +- 0.291 deg, trans=0.029 +- 0.019 m, vel=0.029 +- 0.020 m/s
[2026-07-10 16:05:31.099] [odom] [warning] IMU errors rot=0.066 +- 0.056 deg, trans=0.033 +- 0.021 m, vel=0.095 +- 0.057 m/s
[2026-07-10 16:05:31.099] [odom] [warning] IMU better ratios rot=0.85, trans=0.03, vel=0.08
[2026-07-10 16:05:32.891] [odom] [warning] IMU prediction is not good.
[2026-07-10 16:05:32.891] [odom] [warning] Possibly T_lidar_imu is not accurate or IMU bias is not well estimated.
[2026-07-10 16:05:32.891] [odom] [warning] IMU validation results:
[2026-07-10 16:05:32.891] [odom] [warning] num_validations=17024
[2026-07-10 16:05:32.891] [odom] [warning] No-IMU errors rot=0.220 +- 0.290 deg, trans=0.029 +- 0.018 m, vel=0.028 +- 0.020 m/s
[2026-07-10 16:05:32.891] [odom] [warning] IMU errors rot=0.066 +- 0.056 deg, trans=0.033 +- 0.021 m, vel=0.095 +- 0.057 m/s
[2026-07-10 16:05:32.891] [odom] [warning] IMU better ratios rot=0.85, trans=0.03, vel=0.08
[2026-07-10 16:05:34.230] [glim] [info] playback speed: 2.906x
[2026-07-10 16:05:35.235] [odom] [warning] IMU prediction is not good.
[2026-07-10 16:05:35.235] [odom] [warning] Possibly T_lidar_imu is not accurate or IMU bias is not well estimated.
[2026-07-10 16:05:35.235] [odom] [warning] IMU validation results:
[2026-07-10 16:05:35.235] [odom] [warning] num_validations=17088
[2026-07-10 16:05:35.235] [odom] [warning] No-IMU errors rot=0.219 +- 0.290 deg, trans=0.029 +- 0.018 m, vel=0.028 +- 0.020 m/s
[2026-07-10 16:05:35.235] [odom] [warning] IMU errors rot=0.066 +- 0.056 deg, trans=0.033 +- 0.021 m, vel=0.095 +- 0.057 m/s
[2026-07-10 16:05:35.235] [odom] [warning] IMU better ratios rot=0.85, trans=0.03, vel=0.08
[2026-07-10 16:05:37.927] [odom] [warning] IMU prediction is not good.
[2026-07-10 16:05:37.927] [odom] [warning] Possibly T_lidar_imu is not accurate or IMU bias is not well estimated.
[2026-07-10 16:05:37.927] [odom] [warning] IMU validation results:
[2026-07-10 16:05:37.927] [odom] [warning] num_validations=17152
[2026-07-10 16:05:37.927] [odom] [warning] No-IMU errors rot=0.219 +- 0.289 deg, trans=0.029 +- 0.018 m, vel=0.028 +- 0.020 m/s
[2026-07-10 16:05:37.927] [odom] [warning] IMU errors rot=0.066 +- 0.056 deg, trans=0.033 +- 0.021 m, vel=0.095 +- 0.057 m/s
[2026-07-10 16:05:37.927] [odom] [warning] IMU better ratios rot=0.85, trans=0.03, vel=0.08
[2026-07-10 16:05:39.232] [glim] [info] playback speed: 2.799x
[2026-07-10 16:05:39.451] [odom] [warning] IMU prediction is not good.
[2026-07-10 16:05:39.451] [odom] [warning] Possibly T_lidar_imu is not accurate or IMU bias is not well estimated.
[2026-07-10 16:05:39.451] [odom] [warning] IMU validation results:
[2026-07-10 16:05:39.451] [odom] [warning] num_validations=17216
[2026-07-10 16:05:39.451] [odom] [warning] No-IMU errors rot=0.219 +- 0.289 deg, trans=0.029 +- 0.018 m, vel=0.028 +- 0.020 m/s
[2026-07-10 16:05:39.451] [odom] [warning] IMU errors rot=0.066 +- 0.056 deg, trans=0.033 +- 0.021 m, vel=0.095 +- 0.057 m/s
[2026-07-10 16:05:39.451] [odom] [warning] IMU better ratios rot=0.85, trans=0.03, vel=0.08
[2026-07-10 16:05:41.585] [odom] [warning] IMU prediction is not good.
[2026-07-10 16:05:41.585] [odom] [warning] Possibly T_lidar_imu is not accurate or IMU bias is not well estimated.
[2026-07-10 16:05:41.585] [odom] [warning] IMU validation results:
[2026-07-10 16:05:41.585] [odom] [warning] num_validations=17280
[2026-07-10 16:05:41.585] [odom] [warning] No-IMU errors rot=0.219 +- 0.288 deg, trans=0.029 +- 0.018 m, vel=0.028 +- 0.020 m/s
[2026-07-10 16:05:41.585] [odom] [warning] IMU errors rot=0.066 +- 0.056 deg, trans=0.033 +- 0.021 m, vel=0.095 +- 0.057 m/s
[2026-07-10 16:05:41.585] [odom] [warning] IMU better ratios rot=0.85, trans=0.03, vel=0.08
[2026-07-10 16:05:43.864] [odom] [warning] IMU prediction is not good.
[2026-07-10 16:05:43.864] [odom] [warning] Possibly T_lidar_imu is not accurate or IMU bias is not well estimated.
[2026-07-10 16:05:43.864] [odom] [warning] IMU validation results:
[2026-07-10 16:05:43.864] [odom] [warning] num_validations=17344
[2026-07-10 16:05:43.864] [odom] [warning] No-IMU errors rot=0.220 +- 0.291 deg, trans=0.029 +- 0.018 m, vel=0.028 +- 0.020 m/s
[2026-07-10 16:05:43.864] [odom] [warning] IMU errors rot=0.066 +- 0.056 deg, trans=0.033 +- 0.021 m, vel=0.095 +- 0.056 m/s
[2026-07-10 16:05:43.864] [odom] [warning] IMU better ratios rot=0.85, trans=0.03, vel=0.08
[2026-07-10 16:05:44.232] [glim] [info] playback speed: 3.717x
[2026-07-10 16:05:45.363] [odom] [warning] IMU prediction is not good.
[2026-07-10 16:05:45.363] [odom] [warning] Possibly T_lidar_imu is not accurate or IMU bias is not well estimated.
[2026-07-10 16:05:45.363] [odom] [warning] IMU validation results:
[2026-07-10 16:05:45.363] [odom] [warning] num_validations=17408
[2026-07-10 16:05:45.363] [odom] [warning] No-IMU errors rot=0.221 +- 0.291 deg, trans=0.029 +- 0.018 m, vel=0.029 +- 0.020 m/s
[2026-07-10 16:05:45.363] [odom] [warning] IMU errors rot=0.066 +- 0.056 deg, trans=0.033 +- 0.021 m, vel=0.095 +- 0.056 m/s
[2026-07-10 16:05:45.363] [odom] [warning] IMU better ratios rot=0.85, trans=0.03, vel=0.08
[2026-07-10 16:05:47.080] [odom] [warning] IMU prediction is not good.
[2026-07-10 16:05:47.080] [odom] [warning] Possibly T_lidar_imu is not accurate or IMU bias is not well estimated.
[2026-07-10 16:05:47.080] [odom] [warning] IMU validation results:
[2026-07-10 16:05:47.080] [odom] [warning] num_validations=17472
[2026-07-10 16:05:47.080] [odom] [warning] No-IMU errors rot=0.221 +- 0.291 deg, trans=0.029 +- 0.018 m, vel=0.029 +- 0.020 m/s
[2026-07-10 16:05:47.080] [odom] [warning] IMU errors rot=0.066 +- 0.056 deg, trans=0.033 +- 0.021 m, vel=0.095 +- 0.056 m/s
[2026-07-10 16:05:47.080] [odom] [warning] IMU better ratios rot=0.85, trans=0.03, vel=0.08
[2026-07-10 16:05:49.247] [glim] [info] playback speed: 3.151x
[2026-07-10 16:05:49.294] [odom] [warning] IMU prediction is not good.
[2026-07-10 16:05:49.294] [odom] [warning] Possibly T_lidar_imu is not accurate or IMU bias is not well estimated.
[2026-07-10 16:05:49.294] [odom] [warning] IMU validation results:
[2026-07-10 16:05:49.294] [odom] [warning] num_validations=17536
[2026-07-10 16:05:49.294] [odom] [warning] No-IMU errors rot=0.221 +- 0.290 deg, trans=0.029 +- 0.018 m, vel=0.029 +- 0.020 m/s
[2026-07-10 16:05:49.294] [odom] [warning] IMU errors rot=0.066 +- 0.056 deg, trans=0.033 +- 0.021 m, vel=0.095 +- 0.056 m/s
[2026-07-10 16:05:49.294] [odom] [warning] IMU better ratios rot=0.85, trans=0.03, vel=0.08
[2026-07-10 16:05:51.757] [odom] [warning] IMU prediction is not good.
[2026-07-10 16:05:51.757] [odom] [warning] Possibly T_lidar_imu is not accurate or IMU bias is not well estimated.
[2026-07-10 16:05:51.757] [odom] [warning] IMU validation results:
[2026-07-10 16:05:51.757] [odom] [warning] num_validations=17600
[2026-07-10 16:05:51.757] [odom] [warning] No-IMU errors rot=0.221 +- 0.290 deg, trans=0.029 +- 0.018 m, vel=0.029 +- 0.020 m/s
[2026-07-10 16:05:51.757] [odom] [warning] IMU errors rot=0.066 +- 0.056 deg, trans=0.033 +- 0.021 m, vel=0.096 +- 0.056 m/s
[2026-07-10 16:05:51.757] [odom] [warning] IMU better ratios rot=0.85, trans=0.03, vel=0.08
[2026-07-10 16:05:54.034] [odom] [warning] IMU prediction is not good.
[2026-07-10 16:05:54.034] [odom] [warning] Possibly T_lidar_imu is not accurate or IMU bias is not well estimated.
[2026-07-10 16:05:54.034] [odom] [warning] IMU validation results:
[2026-07-10 16:05:54.034] [odom] [warning] num_validations=17664
[2026-07-10 16:05:54.034] [odom] [warning] No-IMU errors rot=0.220 +- 0.290 deg, trans=0.029 +- 0.018 m, vel=0.029 +- 0.020 m/s
[2026-07-10 16:05:54.034] [odom] [warning] IMU errors rot=0.066 +- 0.056 deg, trans=0.033 +- 0.021 m, vel=0.096 +- 0.056 m/s
[2026-07-10 16:05:54.034] [odom] [warning] IMU better ratios rot=0.85, trans=0.03, vel=0.08
[2026-07-10 16:05:54.249] [glim] [info] playback speed: 2.900x
[2026-07-10 16:05:56.596] [odom] [warning] IMU prediction is not good.
[2026-07-10 16:05:56.596] [odom] [warning] Possibly T_lidar_imu is not accurate or IMU bias is not well estimated.
[2026-07-10 16:05:56.596] [odom] [warning] IMU validation results:
[2026-07-10 16:05:56.596] [odom] [warning] num_validations=17728
[2026-07-10 16:05:56.596] [odom] [warning] No-IMU errors rot=0.220 +- 0.289 deg, trans=0.029 +- 0.018 m, vel=0.029 +- 0.020 m/s
[2026-07-10 16:05:56.596] [odom] [warning] IMU errors rot=0.066 +- 0.056 deg, trans=0.033 +- 0.021 m, vel=0.096 +- 0.056 m/s
[2026-07-10 16:05:56.596] [odom] [warning] IMU better ratios rot=0.85, trans=0.03, vel=0.08
[2026-07-10 16:05:58.978] [odom] [warning] IMU prediction is not good.
[2026-07-10 16:05:58.978] [odom] [warning] Possibly T_lidar_imu is not accurate or IMU bias is not well estimated.
[2026-07-10 16:05:58.978] [odom] [warning] IMU validation results:
[2026-07-10 16:05:58.978] [odom] [warning] num_validations=17792
[2026-07-10 16:05:58.978] [odom] [warning] No-IMU errors rot=0.221 +- 0.289 deg, trans=0.029 +- 0.018 m, vel=0.029 +- 0.020 m/s
[2026-07-10 16:05:58.978] [odom] [warning] IMU errors rot=0.066 +- 0.056 deg, trans=0.033 +- 0.021 m, vel=0.096 +- 0.056 m/s
[2026-07-10 16:05:58.978] [odom] [warning] IMU better ratios rot=0.85, trans=0.03, vel=0.08
[2026-07-10 16:05:59.280] [glim] [info] playback speed: 2.561x
[2026-07-10 16:06:02.459] [odom] [warning] IMU prediction is not good.
[2026-07-10 16:06:02.459] [odom] [warning] Possibly T_lidar_imu is not accurate or IMU bias is not well estimated.
[2026-07-10 16:06:02.459] [odom] [warning] IMU validation results:
[2026-07-10 16:06:02.459] [odom] [warning] num_validations=17856
[2026-07-10 16:06:02.459] [odom] [warning] No-IMU errors rot=0.222 +- 0.290 deg, trans=0.029 +- 0.018 m, vel=0.029 +- 0.020 m/s
[2026-07-10 16:06:02.459] [odom] [warning] IMU errors rot=0.066 +- 0.056 deg, trans=0.033 +- 0.021 m, vel=0.096 +- 0.056 m/s
[2026-07-10 16:06:02.459] [odom] [warning] IMU better ratios rot=0.85, trans=0.03, vel=0.08
[2026-07-10 16:06:03.821] [odom] [warning] IMU prediction is not good.
[2026-07-10 16:06:03.821] [odom] [warning] Possibly T_lidar_imu is not accurate or IMU bias is not well estimated.
[2026-07-10 16:06:03.821] [odom] [warning] IMU validation results:
[2026-07-10 16:06:03.821] [odom] [warning] num_validations=17920
[2026-07-10 16:06:03.821] [odom] [warning] No-IMU errors rot=0.223 +- 0.292 deg, trans=0.029 +- 0.018 m, vel=0.029 +- 0.020 m/s
[2026-07-10 16:06:03.821] [odom] [warning] IMU errors rot=0.067 +- 0.056 deg, trans=0.034 +- 0.021 m, vel=0.096 +- 0.056 m/s
[2026-07-10 16:06:03.821] [odom] [warning] IMU better ratios rot=0.85, trans=0.03, vel=0.08
[2026-07-10 16:06:04.331] [glim] [info] playback speed: 2.651x
[2026-07-10 16:06:06.340] [odom] [warning] IMU prediction is not good.
[2026-07-10 16:06:06.340] [odom] [warning] Possibly T_lidar_imu is not accurate or IMU bias is not well estimated.
[2026-07-10 16:06:06.340] [odom] [warning] IMU validation results:
[2026-07-10 16:06:06.340] [odom] [warning] num_validations=17984
[2026-07-10 16:06:06.340] [odom] [warning] No-IMU errors rot=0.225 +- 0.294 deg, trans=0.029 +- 0.018 m, vel=0.029 +- 0.020 m/s
[2026-07-10 16:06:06.340] [odom] [warning] IMU errors rot=0.067 +- 0.056 deg, trans=0.034 +- 0.021 m, vel=0.096 +- 0.056 m/s
[2026-07-10 16:06:06.340] [odom] [warning] IMU better ratios rot=0.85, trans=0.03, vel=0.08
[2026-07-10 16:06:08.653] [odom] [warning] IMU prediction is not good.
[2026-07-10 16:06:08.653] [odom] [warning] Possibly T_lidar_imu is not accurate or IMU bias is not well estimated.
[2026-07-10 16:06:08.653] [odom] [warning] IMU validation results:
[2026-07-10 16:06:08.653] [odom] [warning] num_validations=18048
[2026-07-10 16:06:08.653] [odom] [warning] No-IMU errors rot=0.225 +- 0.294 deg, trans=0.029 +- 0.018 m, vel=0.029 +- 0.020 m/s
[2026-07-10 16:06:08.653] [odom] [warning] IMU errors rot=0.067 +- 0.056 deg, trans=0.034 +- 0.021 m, vel=0.097 +- 0.056 m/s
[2026-07-10 16:06:08.653] [odom] [warning] IMU better ratios rot=0.85, trans=0.03, vel=0.08
[2026-07-10 16:06:09.346] [glim] [info] playback speed: 3.196x
[2026-07-10 16:06:10.177] [odom] [warning] IMU prediction is not good.
[2026-07-10 16:06:10.177] [odom] [warning] Possibly T_lidar_imu is not accurate or IMU bias is not well estimated.
[2026-07-10 16:06:10.177] [odom] [warning] IMU validation results:
[2026-07-10 16:06:10.177] [odom] [warning] num_validations=18112
[2026-07-10 16:06:10.177] [odom] [warning] No-IMU errors rot=0.224 +- 0.293 deg, trans=0.029 +- 0.018 m, vel=0.029 +- 0.020 m/s
[2026-07-10 16:06:10.177] [odom] [warning] IMU errors rot=0.067 +- 0.056 deg, trans=0.034 +- 0.021 m, vel=0.097 +- 0.056 m/s
[2026-07-10 16:06:10.177] [odom] [warning] IMU better ratios rot=0.85, trans=0.03, vel=0.08
[2026-07-10 16:06:13.006] [odom] [warning] IMU prediction is not good.
[2026-07-10 16:06:13.006] [odom] [warning] Possibly T_lidar_imu is not accurate or IMU bias is not well estimated.
[2026-07-10 16:06:13.007] [odom] [warning] IMU validation results:
[2026-07-10 16:06:13.007] [odom] [warning] num_validations=18176
[2026-07-10 16:06:13.007] [odom] [warning] No-IMU errors rot=0.224 +- 0.293 deg, trans=0.029 +- 0.018 m, vel=0.029 +- 0.020 m/s
[2026-07-10 16:06:13.007] [odom] [warning] IMU errors rot=0.066 +- 0.056 deg, trans=0.034 +- 0.021 m, vel=0.097 +- 0.056 m/s
[2026-07-10 16:06:13.007] [odom] [warning] IMU better ratios rot=0.85, trans=0.03, vel=0.08
[2026-07-10 16:06:14.350] [glim] [info] playback speed: 2.696x
[2026-07-10 16:06:14.595] [odom] [warning] IMU prediction is not good.
[2026-07-10 16:06:14.595] [odom] [warning] Possibly T_lidar_imu is not accurate or IMU bias is not well estimated.
[2026-07-10 16:06:14.595] [odom] [warning] IMU validation results:
[2026-07-10 16:06:14.595] [odom] [warning] num_validations=18240
[2026-07-10 16:06:14.595] [odom] [warning] No-IMU errors rot=0.224 +- 0.292 deg, trans=0.029 +- 0.018 m, vel=0.029 +- 0.020 m/s
[2026-07-10 16:06:14.595] [odom] [warning] IMU errors rot=0.066 +- 0.056 deg, trans=0.034 +- 0.021 m, vel=0.097 +- 0.056 m/s
[2026-07-10 16:06:14.595] [odom] [warning] IMU better ratios rot=0.85, trans=0.03, vel=0.08
[2026-07-10 16:06:17.078] [odom] [warning] IMU prediction is not good.
[2026-07-10 16:06:17.078] [odom] [warning] Possibly T_lidar_imu is not accurate or IMU bias is not well estimated.
[2026-07-10 16:06:17.078] [odom] [warning] IMU validation results:
[2026-07-10 16:06:17.078] [odom] [warning] num_validations=18304
[2026-07-10 16:06:17.078] [odom] [warning] No-IMU errors rot=0.224 +- 0.292 deg, trans=0.029 +- 0.018 m, vel=0.029 +- 0.020 m/s
[2026-07-10 16:06:17.078] [odom] [warning] IMU errors rot=0.066 +- 0.056 deg, trans=0.034 +- 0.021 m, vel=0.097 +- 0.056 m/s
[2026-07-10 16:06:17.078] [odom] [warning] IMU better ratios rot=0.85, trans=0.03, vel=0.08
[2026-07-10 16:06:18.672] [odom] [warning] IMU prediction is not good.
[2026-07-10 16:06:18.672] [odom] [warning] Possibly T_lidar_imu is not accurate or IMU bias is not well estimated.
[2026-07-10 16:06:18.672] [odom] [warning] IMU validation results:
[2026-07-10 16:06:18.672] [odom] [warning] num_validations=18368
[2026-07-10 16:06:18.672] [odom] [warning] No-IMU errors rot=0.224 +- 0.292 deg, trans=0.029 +- 0.018 m, vel=0.029 +- 0.020 m/s
[2026-07-10 16:06:18.672] [odom] [warning] IMU errors rot=0.066 +- 0.056 deg, trans=0.034 +- 0.021 m, vel=0.097 +- 0.056 m/s
[2026-07-10 16:06:18.672] [odom] [warning] IMU better ratios rot=0.85, trans=0.03, vel=0.08
[2026-07-10 16:06:18.728] [odom] [warning] IMU bias estimation seems inaccurate.
[2026-07-10 16:06:18.728] [odom] [warning] Possibly T_lidar_imu is not accurate or LiDAR-IMU synchronization is not correct.
[2026-07-10 16:06:18.728] [odom] [warning] IMU bias validation results:
[2026-07-10 16:06:18.728] [odom] [warning] num_bias_validations=18880
[2026-07-10 16:06:18.728] [odom] [warning] bias_acc=[-0.287, 0.517, 0.181] m/s^2, bias_gyro=[-0.018, 0.001, 0.002] rad/s
[2026-07-10 16:06:18.728] [odom] [warning] acc_stat ax=-0.076 +- 0.259 [min=-0.593, max=0.417], ay=0.441 +- 0.225 [min=-0.121, max=0.904], az=0.141 +- 0.057 [min=0.009, max=0.301] m/s^2
[2026-07-10 16:06:18.728] [odom] [warning] gyro_stat wx=-0.018 +- 0.000 [min=-0.019, max=-0.015], wy=0.001 +- 0.000 [min=-0.000, max=0.002], wz=0.002 +- 0.000 [min=0.001, max=0.002] rad/s
[2026-07-10 16:06:19.393] [glim] [info] playback speed: 3.239x
[2026-07-10 16:06:20.294] [odom] [warning] IMU prediction is not good.
[2026-07-10 16:06:20.294] [odom] [warning] Possibly T_lidar_imu is not accurate or IMU bias is not well estimated.
[2026-07-10 16:06:20.294] [odom] [warning] IMU validation results:
[2026-07-10 16:06:20.294] [odom] [warning] num_validations=18432
[2026-07-10 16:06:20.294] [odom] [warning] No-IMU errors rot=0.224 +- 0.291 deg, trans=0.029 +- 0.018 m, vel=0.029 +- 0.020 m/s
[2026-07-10 16:06:20.294] [odom] [warning] IMU errors rot=0.066 +- 0.056 deg, trans=0.034 +- 0.021 m, vel=0.097 +- 0.056 m/s
[2026-07-10 16:06:20.294] [odom] [warning] IMU better ratios rot=0.85, trans=0.03, vel=0.08
[2026-07-10 16:06:20.304] [odom] [warning] IMU bias estimation seems inaccurate.
[2026-07-10 16:06:20.304] [odom] [warning] Possibly T_lidar_imu is not accurate or LiDAR-IMU synchronization is not correct.
[2026-07-10 16:06:20.304] [odom] [warning] IMU bias validation results:
[2026-07-10 16:06:20.304] [odom] [warning] num_bias_validations=18944
[2026-07-10 16:06:20.304] [odom] [warning] bias_acc=[-0.286, 0.537, 0.185] m/s^2, bias_gyro=[-0.018, 0.001, 0.002] rad/s
[2026-07-10 16:06:20.304] [odom] [warning] acc_stat ax=-0.077 +- 0.259 [min=-0.593, max=0.417], ay=0.442 +- 0.225 [min=-0.121, max=0.904], az=0.141 +- 0.057 [min=0.009, max=0.301] m/s^2
[2026-07-10 16:06:20.304] [odom] [warning] gyro_stat wx=-0.018 +- 0.000 [min=-0.019, max=-0.015], wy=0.001 +- 0.000 [min=-0.000, max=0.002], wz=0.002 +- 0.000 [min=0.001, max=0.002] rad/s
[2026-07-10 16:06:23.178] [odom] [warning] IMU prediction is not good.
[2026-07-10 16:06:23.178] [odom] [warning] Possibly T_lidar_imu is not accurate or IMU bias is not well estimated.
[2026-07-10 16:06:23.178] [odom] [warning] IMU validation results:
[2026-07-10 16:06:23.178] [odom] [warning] num_validations=18496
[2026-07-10 16:06:23.178] [odom] [warning] No-IMU errors rot=0.223 +- 0.291 deg, trans=0.029 +- 0.018 m, vel=0.029 +- 0.020 m/s
[2026-07-10 16:06:23.178] [odom] [warning] IMU errors rot=0.066 +- 0.056 deg, trans=0.034 +- 0.020 m, vel=0.097 +- 0.056 m/s
[2026-07-10 16:06:23.178] [odom] [warning] IMU better ratios rot=0.85, trans=0.03, vel=0.08
[2026-07-10 16:06:23.185] [odom] [warning] IMU bias estimation seems inaccurate.
[2026-07-10 16:06:23.185] [odom] [warning] Possibly T_lidar_imu is not accurate or LiDAR-IMU synchronization is not correct.
[2026-07-10 16:06:23.185] [odom] [warning] IMU bias validation results:
[2026-07-10 16:06:23.185] [odom] [warning] num_bias_validations=19008
[2026-07-10 16:06:23.185] [odom] [warning] bias_acc=[-0.284, 0.556, 0.189] m/s^2, bias_gyro=[-0.018, 0.001, 0.002] rad/s
[2026-07-10 16:06:23.185] [odom] [warning] acc_stat ax=-0.078 +- 0.259 [min=-0.593, max=0.417], ay=0.442 +- 0.224 [min=-0.121, max=0.904], az=0.141 +- 0.057 [min=0.009, max=0.301] m/s^2
[2026-07-10 16:06:23.185] [odom] [warning] gyro_stat wx=-0.018 +- 0.000 [min=-0.019, max=-0.015], wy=0.001 +- 0.000 [min=-0.000, max=0.002], wz=0.002 +- 0.000 [min=0.001, max=0.002] rad/s
[2026-07-10 16:06:24.393] [glim] [info] playback speed: 3.489x
[2026-07-10 16:06:24.615] [odom] [warning] IMU prediction is not good.
[2026-07-10 16:06:24.615] [odom] [warning] Possibly T_lidar_imu is not accurate or IMU bias is not well estimated.
[2026-07-10 16:06:24.615] [odom] [warning] IMU validation results:
[2026-07-10 16:06:24.615] [odom] [warning] num_validations=18560
[2026-07-10 16:06:24.615] [odom] [warning] No-IMU errors rot=0.223 +- 0.291 deg, trans=0.029 +- 0.018 m, vel=0.029 +- 0.020 m/s
[2026-07-10 16:06:24.615] [odom] [warning] IMU errors rot=0.066 +- 0.056 deg, trans=0.034 +- 0.020 m, vel=0.097 +- 0.056 m/s
[2026-07-10 16:06:24.615] [odom] [warning] IMU better ratios rot=0.85, trans=0.03, vel=0.08
[2026-07-10 16:06:24.681] [odom] [warning] IMU bias estimation seems inaccurate.
[2026-07-10 16:06:24.681] [odom] [warning] Possibly T_lidar_imu is not accurate or LiDAR-IMU synchronization is not correct.
[2026-07-10 16:06:24.681] [odom] [warning] IMU bias validation results:
[2026-07-10 16:06:24.681] [odom] [warning] num_bias_validations=19072
[2026-07-10 16:06:24.681] [odom] [warning] bias_acc=[-0.284, 0.575, 0.193] m/s^2, bias_gyro=[-0.018, 0.001, 0.002] rad/s
[2026-07-10 16:06:24.681] [odom] [warning] acc_stat ax=-0.079 +- 0.259 [min=-0.593, max=0.417], ay=0.443 +- 0.224 [min=-0.121, max=0.904], az=0.142 +- 0.057 [min=0.009, max=0.301] m/s^2
[2026-07-10 16:06:24.681] [odom] [warning] gyro_stat wx=-0.018 +- 0.000 [min=-0.019, max=-0.015], wy=0.001 +- 0.000 [min=-0.000, max=0.002], wz=0.002 +- 0.000 [min=0.001, max=0.002] rad/s
[2026-07-10 16:06:26.402] [odom] [warning] IMU prediction is not good.
[2026-07-10 16:06:26.402] [odom] [warning] Possibly T_lidar_imu is not accurate or IMU bias is not well estimated.
[2026-07-10 16:06:26.402] [odom] [warning] IMU validation results:
[2026-07-10 16:06:26.402] [odom] [warning] num_validations=18624
[2026-07-10 16:06:26.402] [odom] [warning] No-IMU errors rot=0.222 +- 0.290 deg, trans=0.029 +- 0.018 m, vel=0.029 +- 0.020 m/s
[2026-07-10 16:06:26.402] [odom] [warning] IMU errors rot=0.066 +- 0.056 deg, trans=0.034 +- 0.020 m, vel=0.098 +- 0.056 m/s
[2026-07-10 16:06:26.402] [odom] [warning] IMU better ratios rot=0.85, trans=0.03, vel=0.08
[2026-07-10 16:06:26.439] [odom] [warning] IMU bias estimation seems inaccurate.
[2026-07-10 16:06:26.439] [odom] [warning] Possibly T_lidar_imu is not accurate or LiDAR-IMU synchronization is not correct.
[2026-07-10 16:06:26.439] [odom] [warning] IMU bias validation results:
[2026-07-10 16:06:26.439] [odom] [warning] num_bias_validations=19136
[2026-07-10 16:06:26.439] [odom] [warning] bias_acc=[-0.286, 0.594, 0.197] m/s^2, bias_gyro=[-0.018, 0.001, 0.002] rad/s
[2026-07-10 16:06:26.439] [odom] [warning] acc_stat ax=-0.079 +- 0.259 [min=-0.593, max=0.417], ay=0.443 +- 0.224 [min=-0.121, max=0.904], az=0.142 +- 0.057 [min=0.009, max=0.301] m/s^2
[2026-07-10 16:06:26.439] [odom] [warning] gyro_stat wx=-0.018 +- 0.000 [min=-0.019, max=-0.015], wy=0.001 +- 0.000 [min=-0.000, max=0.002], wz=0.002 +- 0.000 [min=0.001, max=0.002] rad/s
[2026-07-10 16:06:29.433] [glim] [info] playback speed: 2.597x
[2026-07-10 16:06:29.717] [odom] [warning] IMU prediction is not good.
[2026-07-10 16:06:29.717] [odom] [warning] Possibly T_lidar_imu is not accurate or IMU bias is not well estimated.
[2026-07-10 16:06:29.717] [odom] [warning] IMU validation results:
[2026-07-10 16:06:29.717] [odom] [warning] num_validations=18688
[2026-07-10 16:06:29.717] [odom] [warning] No-IMU errors rot=0.222 +- 0.290 deg, trans=0.029 +- 0.018 m, vel=0.029 +- 0.020 m/s
[2026-07-10 16:06:29.717] [odom] [warning] IMU errors rot=0.066 +- 0.056 deg, trans=0.034 +- 0.020 m, vel=0.098 +- 0.056 m/s
[2026-07-10 16:06:29.717] [odom] [warning] IMU better ratios rot=0.85, trans=0.03, vel=0.08
[2026-07-10 16:06:29.724] [odom] [warning] IMU bias estimation seems inaccurate.
[2026-07-10 16:06:29.724] [odom] [warning] Possibly T_lidar_imu is not accurate or LiDAR-IMU synchronization is not correct.
[2026-07-10 16:06:29.724] [odom] [warning] IMU bias validation results:
[2026-07-10 16:06:29.724] [odom] [warning] num_bias_validations=19200
[2026-07-10 16:06:29.724] [odom] [warning] bias_acc=[-0.290, 0.610, 0.201] m/s^2, bias_gyro=[-0.018, 0.001, 0.002] rad/s
[2026-07-10 16:06:29.724] [odom] [warning] acc_stat ax=-0.080 +- 0.258 [min=-0.593, max=0.417], ay=0.444 +- 0.224 [min=-0.121, max=0.904], az=0.142 +- 0.057 [min=0.009, max=0.301] m/s^2
[2026-07-10 16:06:29.724] [odom] [warning] gyro_stat wx=-0.018 +- 0.000 [min=-0.019, max=-0.015], wy=0.001 +- 0.000 [min=-0.000, max=0.002], wz=0.002 +- 0.000 [min=0.001, max=0.002] rad/s
[2026-07-10 16:06:30.889] [odom] [warning] IMU prediction is not good.
[2026-07-10 16:06:30.889] [odom] [warning] Possibly T_lidar_imu is not accurate or IMU bias is not well estimated.
[2026-07-10 16:06:30.889] [odom] [warning] IMU validation results:
[2026-07-10 16:06:30.889] [odom] [warning] num_validations=18752
[2026-07-10 16:06:30.889] [odom] [warning] No-IMU errors rot=0.222 +- 0.290 deg, trans=0.029 +- 0.018 m, vel=0.029 +- 0.020 m/s
[2026-07-10 16:06:30.889] [odom] [warning] IMU errors rot=0.066 +- 0.056 deg, trans=0.034 +- 0.020 m, vel=0.098 +- 0.056 m/s
[2026-07-10 16:06:30.889] [odom] [warning] IMU better ratios rot=0.85, trans=0.03, vel=0.07
[2026-07-10 16:06:30.920] [odom] [warning] IMU bias estimation seems inaccurate.
[2026-07-10 16:06:30.920] [odom] [warning] Possibly T_lidar_imu is not accurate or LiDAR-IMU synchronization is not correct.
[2026-07-10 16:06:30.920] [odom] [warning] IMU bias validation results:
[2026-07-10 16:06:30.920] [odom] [warning] num_bias_validations=19264
[2026-07-10 16:06:30.920] [odom] [warning] bias_acc=[-0.294, 0.627, 0.206] m/s^2, bias_gyro=[-0.018, 0.001, 0.002] rad/s
[2026-07-10 16:06:30.920] [odom] [warning] acc_stat ax=-0.081 +- 0.258 [min=-0.593, max=0.417], ay=0.444 +- 0.224 [min=-0.121, max=0.904], az=0.142 +- 0.057 [min=0.009, max=0.301] m/s^2
[2026-07-10 16:06:30.920] [odom] [warning] gyro_stat wx=-0.018 +- 0.000 [min=-0.019, max=-0.015], wy=0.001 +- 0.000 [min=-0.000, max=0.002], wz=0.002 +- 0.000 [min=0.001, max=0.002] rad/s
[2026-07-10 16:06:32.641] [odom] [warning] IMU prediction is not good.
[2026-07-10 16:06:32.641] [odom] [warning] Possibly T_lidar_imu is not accurate or IMU bias is not well estimated.
[2026-07-10 16:06:32.641] [odom] [warning] IMU validation results:
[2026-07-10 16:06:32.641] [odom] [warning] num_validations=18816
[2026-07-10 16:06:32.641] [odom] [warning] No-IMU errors rot=0.222 +- 0.289 deg, trans=0.029 +- 0.018 m, vel=0.029 +- 0.020 m/s
[2026-07-10 16:06:32.641] [odom] [warning] IMU errors rot=0.066 +- 0.056 deg, trans=0.034 +- 0.020 m, vel=0.098 +- 0.056 m/s
[2026-07-10 16:06:32.641] [odom] [warning] IMU better ratios rot=0.85, trans=0.03, vel=0.07
[2026-07-10 16:06:32.649] [odom] [warning] IMU bias estimation seems inaccurate.
[2026-07-10 16:06:32.649] [odom] [warning] Possibly T_lidar_imu is not accurate or LiDAR-IMU synchronization is not correct.
[2026-07-10 16:06:32.649] [odom] [warning] IMU bias validation results:
[2026-07-10 16:06:32.649] [odom] [warning] num_bias_validations=19328
[2026-07-10 16:06:32.649] [odom] [warning] bias_acc=[-0.299, 0.643, 0.210] m/s^2, bias_gyro=[-0.018, 0.001, 0.002] rad/s
[2026-07-10 16:06:32.649] [odom] [warning] acc_stat ax=-0.081 +- 0.258 [min=-0.593, max=0.417], ay=0.445 +- 0.224 [min=-0.121, max=0.904], az=0.142 +- 0.057 [min=0.009, max=0.301] m/s^2
[2026-07-10 16:06:32.649] [odom] [warning] gyro_stat wx=-0.018 +- 0.000 [min=-0.019, max=-0.015], wy=0.001 +- 0.000 [min=-0.000, max=0.002], wz=0.002 +- 0.000 [min=0.001, max=0.002] rad/s
[2026-07-10 16:06:34.472] [glim] [info] playback speed: 3.604x
[2026-07-10 16:06:35.565] [odom] [warning] IMU prediction is not good.
[2026-07-10 16:06:35.565] [odom] [warning] Possibly T_lidar_imu is not accurate or IMU bias is not well estimated.
[2026-07-10 16:06:35.565] [odom] [warning] IMU validation results:
[2026-07-10 16:06:35.565] [odom] [warning] num_validations=18880
[2026-07-10 16:06:35.565] [odom] [warning] No-IMU errors rot=0.222 +- 0.289 deg, trans=0.029 +- 0.018 m, vel=0.029 +- 0.020 m/s
[2026-07-10 16:06:35.565] [odom] [warning] IMU errors rot=0.066 +- 0.055 deg, trans=0.034 +- 0.020 m, vel=0.098 +- 0.055 m/s
[2026-07-10 16:06:35.565] [odom] [warning] IMU better ratios rot=0.85, trans=0.03, vel=0.07
[2026-07-10 16:06:35.621] [odom] [warning] IMU bias estimation seems inaccurate.
[2026-07-10 16:06:35.621] [odom] [warning] Possibly T_lidar_imu is not accurate or LiDAR-IMU synchronization is not correct.
[2026-07-10 16:06:35.621] [odom] [warning] IMU bias validation results:
[2026-07-10 16:06:35.621] [odom] [warning] num_bias_validations=19392
[2026-07-10 16:06:35.621] [odom] [warning] bias_acc=[-0.305, 0.656, 0.214] m/s^2, bias_gyro=[-0.018, 0.001, 0.002] rad/s
[2026-07-10 16:06:35.621] [odom] [warning] acc_stat ax=-0.082 +- 0.258 [min=-0.593, max=0.417], ay=0.446 +- 0.224 [min=-0.121, max=0.904], az=0.143 +- 0.057 [min=0.009, max=0.301] m/s^2
[2026-07-10 16:06:35.621] [odom] [warning] gyro_stat wx=-0.018 +- 0.000 [min=-0.019, max=-0.015], wy=0.001 +- 0.000 [min=-0.000, max=0.002], wz=0.002 +- 0.000 [min=0.001, max=0.002] rad/s
[2026-07-10 16:06:36.905] [odom] [warning] IMU prediction is not good.
[2026-07-10 16:06:36.905] [odom] [warning] Possibly T_lidar_imu is not accurate or IMU bias is not well estimated.
[2026-07-10 16:06:36.905] [odom] [warning] IMU validation results:
[2026-07-10 16:06:36.905] [odom] [warning] num_validations=18944
[2026-07-10 16:06:36.905] [odom] [warning] No-IMU errors rot=0.221 +- 0.288 deg, trans=0.029 +- 0.018 m, vel=0.029 +- 0.020 m/s
[2026-07-10 16:06:36.905] [odom] [warning] IMU errors rot=0.066 +- 0.055 deg, trans=0.034 +- 0.020 m, vel=0.098 +- 0.055 m/s
[2026-07-10 16:06:36.905] [odom] [warning] IMU better ratios rot=0.85, trans=0.03, vel=0.07
[2026-07-10 16:06:36.943] [odom] [warning] IMU bias estimation seems inaccurate.
[2026-07-10 16:06:36.943] [odom] [warning] Possibly T_lidar_imu is not accurate or LiDAR-IMU synchronization is not correct.
[2026-07-10 16:06:36.943] [odom] [warning] IMU bias validation results:
[2026-07-10 16:06:36.943] [odom] [warning] num_bias_validations=19456
[2026-07-10 16:06:36.943] [odom] [warning] bias_acc=[-0.309, 0.668, 0.217] m/s^2, bias_gyro=[-0.018, 0.001, 0.002] rad/s
[2026-07-10 16:06:36.943] [odom] [warning] acc_stat ax=-0.083 +- 0.258 [min=-0.593, max=0.417], ay=0.446 +- 0.224 [min=-0.121, max=0.904], az=0.143 +- 0.057 [min=0.009, max=0.301] m/s^2
[2026-07-10 16:06:36.943] [odom] [warning] gyro_stat wx=-0.018 +- 0.000 [min=-0.019, max=-0.015], wy=0.001 +- 0.000 [min=-0.000, max=0.002], wz=0.002 +- 0.000 [min=0.001, max=0.002] rad/s
[2026-07-10 16:06:39.512] [glim] [info] playback speed: 2.697x
[2026-07-10 16:06:40.105] [odom] [warning] IMU prediction is not good.
[2026-07-10 16:06:40.105] [odom] [warning] Possibly T_lidar_imu is not accurate or IMU bias is not well estimated.
[2026-07-10 16:06:40.105] [odom] [warning] IMU validation results:
[2026-07-10 16:06:40.105] [odom] [warning] num_validations=19008
[2026-07-10 16:06:40.105] [odom] [warning] No-IMU errors rot=0.221 +- 0.288 deg, trans=0.029 +- 0.018 m, vel=0.029 +- 0.020 m/s
[2026-07-10 16:06:40.105] [odom] [warning] IMU errors rot=0.066 +- 0.055 deg, trans=0.034 +- 0.020 m, vel=0.098 +- 0.055 m/s
[2026-07-10 16:06:40.105] [odom] [warning] IMU better ratios rot=0.85, trans=0.03, vel=0.07
[2026-07-10 16:06:40.112] [odom] [warning] IMU bias estimation seems inaccurate.
[2026-07-10 16:06:40.112] [odom] [warning] Possibly T_lidar_imu is not accurate or LiDAR-IMU synchronization is not correct.
[2026-07-10 16:06:40.112] [odom] [warning] IMU bias validation results:
[2026-07-10 16:06:40.112] [odom] [warning] num_bias_validations=19520
[2026-07-10 16:06:40.112] [odom] [warning] bias_acc=[-0.316, 0.680, 0.221] m/s^2, bias_gyro=[-0.018, 0.001, 0.002] rad/s
[2026-07-10 16:06:40.112] [odom] [warning] acc_stat ax=-0.084 +- 0.258 [min=-0.593, max=0.417], ay=0.447 +- 0.224 [min=-0.121, max=0.904], az=0.143 +- 0.058 [min=0.009, max=0.301] m/s^2
[2026-07-10 16:06:40.112] [odom] [warning] gyro_stat wx=-0.018 +- 0.000 [min=-0.019, max=-0.015], wy=0.001 +- 0.000 [min=-0.000, max=0.002], wz=0.002 +- 0.000 [min=0.001, max=0.002] rad/s
[2026-07-10 16:06:41.316] [odom] [warning] IMU prediction is not good.
[2026-07-10 16:06:41.316] [odom] [warning] Possibly T_lidar_imu is not accurate or IMU bias is not well estimated.
[2026-07-10 16:06:41.316] [odom] [warning] IMU validation results:
[2026-07-10 16:06:41.316] [odom] [warning] num_validations=19072
[2026-07-10 16:06:41.316] [odom] [warning] No-IMU errors rot=0.221 +- 0.288 deg, trans=0.029 +- 0.018 m, vel=0.029 +- 0.020 m/s
[2026-07-10 16:06:41.316] [odom] [warning] IMU errors rot=0.066 +- 0.055 deg, trans=0.034 +- 0.020 m, vel=0.098 +- 0.055 m/s
[2026-07-10 16:06:41.316] [odom] [warning] IMU better ratios rot=0.85, trans=0.03, vel=0.07
[2026-07-10 16:06:41.383] [odom] [warning] IMU bias estimation seems inaccurate.
[2026-07-10 16:06:41.383] [odom] [warning] Possibly T_lidar_imu is not accurate or LiDAR-IMU synchronization is not correct.
[2026-07-10 16:06:41.383] [odom] [warning] IMU bias validation results:
[2026-07-10 16:06:41.383] [odom] [warning] num_bias_validations=19584
[2026-07-10 16:06:41.383] [odom] [warning] bias_acc=[-0.323, 0.691, 0.225] m/s^2, bias_gyro=[-0.018, 0.001, 0.002] rad/s
[2026-07-10 16:06:41.383] [odom] [warning] acc_stat ax=-0.084 +- 0.258 [min=-0.593, max=0.417], ay=0.448 +- 0.224 [min=-0.121, max=0.904], az=0.143 +- 0.058 [min=0.009, max=0.301] m/s^2
[2026-07-10 16:06:41.383] [odom] [warning] gyro_stat wx=-0.018 +- 0.000 [min=-0.019, max=-0.015], wy=0.001 +- 0.000 [min=-0.000, max=0.002], wz=0.002 +- 0.000 [min=0.001, max=0.002] rad/s
[2026-07-10 16:06:43.383] [odom] [warning] IMU prediction is not good.
[2026-07-10 16:06:43.383] [odom] [warning] Possibly T_lidar_imu is not accurate or IMU bias is not well estimated.
[2026-07-10 16:06:43.383] [odom] [warning] IMU validation results:
[2026-07-10 16:06:43.383] [odom] [warning] num_validations=19136
[2026-07-10 16:06:43.383] [odom] [warning] No-IMU errors rot=0.221 +- 0.287 deg, trans=0.029 +- 0.018 m, vel=0.029 +- 0.020 m/s
[2026-07-10 16:06:43.383] [odom] [warning] IMU errors rot=0.065 +- 0.055 deg, trans=0.034 +- 0.020 m, vel=0.098 +- 0.055 m/s
[2026-07-10 16:06:43.383] [odom] [warning] IMU better ratios rot=0.85, trans=0.03, vel=0.07
[2026-07-10 16:06:43.439] [odom] [warning] IMU bias estimation seems inaccurate.
[2026-07-10 16:06:43.439] [odom] [warning] Possibly T_lidar_imu is not accurate or LiDAR-IMU synchronization is not correct.
[2026-07-10 16:06:43.439] [odom] [warning] IMU bias validation results:
[2026-07-10 16:06:43.439] [odom] [warning] num_bias_validations=19648
[2026-07-10 16:06:43.439] [odom] [warning] bias_acc=[-0.332, 0.700, 0.228] m/s^2, bias_gyro=[-0.018, 0.001, 0.002] rad/s
[2026-07-10 16:06:43.439] [odom] [warning] acc_stat ax=-0.085 +- 0.258 [min=-0.593, max=0.417], ay=0.449 +- 0.224 [min=-0.121, max=0.904], az=0.144 +- 0.058 [min=0.009, max=0.301] m/s^2
[2026-07-10 16:06:43.439] [odom] [warning] gyro_stat wx=-0.018 +- 0.000 [min=-0.019, max=-0.015], wy=0.001 +- 0.000 [min=-0.000, max=0.002], wz=0.002 +- 0.000 [min=0.001, max=0.002] rad/s
[2026-07-10 16:06:44.520] [glim] [info] playback speed: 3.363x
[2026-07-10 16:06:45.905] [odom] [warning] IMU prediction is not good.
[2026-07-10 16:06:45.905] [odom] [warning] Possibly T_lidar_imu is not accurate or IMU bias is not well estimated.
[2026-07-10 16:06:45.906] [odom] [warning] IMU validation results:
[2026-07-10 16:06:45.906] [odom] [warning] num_validations=19200
[2026-07-10 16:06:45.906] [odom] [warning] No-IMU errors rot=0.220 +- 0.287 deg, trans=0.029 +- 0.018 m, vel=0.029 +- 0.020 m/s
[2026-07-10 16:06:45.906] [odom] [warning] IMU errors rot=0.065 +- 0.055 deg, trans=0.034 +- 0.020 m, vel=0.099 +- 0.055 m/s
[2026-07-10 16:06:45.906] [odom] [warning] IMU better ratios rot=0.85, trans=0.03, vel=0.07
[2026-07-10 16:06:45.912] [odom] [warning] IMU bias estimation seems inaccurate.
[2026-07-10 16:06:45.912] [odom] [warning] Possibly T_lidar_imu is not accurate or LiDAR-IMU synchronization is not correct.
[2026-07-10 16:06:45.912] [odom] [warning] IMU bias validation results:
[2026-07-10 16:06:45.912] [odom] [warning] num_bias_validations=19712
[2026-07-10 16:06:45.912] [odom] [warning] bias_acc=[-0.342, 0.709, 0.232] m/s^2, bias_gyro=[-0.018, 0.001, 0.002] rad/s
[2026-07-10 16:06:45.912] [odom] [warning] acc_stat ax=-0.086 +- 0.258 [min=-0.593, max=0.417], ay=0.450 +- 0.224 [min=-0.121, max=0.904], az=0.144 +- 0.058 [min=0.009, max=0.301] m/s^2
[2026-07-10 16:06:45.912] [odom] [warning] gyro_stat wx=-0.018 +- 0.000 [min=-0.019, max=-0.015], wy=0.001 +- 0.000 [min=-0.000, max=0.002], wz=0.002 +- 0.000 [min=0.001, max=0.002] rad/s
[2026-07-10 16:06:47.509] [odom] [warning] IMU prediction is not good.
[2026-07-10 16:06:47.509] [odom] [warning] Possibly T_lidar_imu is not accurate or IMU bias is not well estimated.
[2026-07-10 16:06:47.509] [odom] [warning] IMU validation results:
[2026-07-10 16:06:47.509] [odom] [warning] num_validations=19264
[2026-07-10 16:06:47.509] [odom] [warning] No-IMU errors rot=0.220 +- 0.287 deg, trans=0.029 +- 0.018 m, vel=0.029 +- 0.020 m/s
[2026-07-10 16:06:47.509] [odom] [warning] IMU errors rot=0.065 +- 0.055 deg, trans=0.034 +- 0.020 m, vel=0.099 +- 0.055 m/s
[2026-07-10 16:06:47.509] [odom] [warning] IMU better ratios rot=0.85, trans=0.03, vel=0.07
[2026-07-10 16:06:47.558] [odom] [warning] IMU bias estimation seems inaccurate.
[2026-07-10 16:06:47.558] [odom] [warning] Possibly T_lidar_imu is not accurate or LiDAR-IMU synchronization is not correct.
[2026-07-10 16:06:47.558] [odom] [warning] IMU bias validation results:
[2026-07-10 16:06:47.558] [odom] [warning] num_bias_validations=19776
[2026-07-10 16:06:47.558] [odom] [warning] bias_acc=[-0.347, 0.719, 0.235] m/s^2, bias_gyro=[-0.018, 0.001, 0.002] rad/s
[2026-07-10 16:06:47.558] [odom] [warning] acc_stat ax=-0.087 +- 0.258 [min=-0.593, max=0.417], ay=0.451 +- 0.224 [min=-0.121, max=0.904], az=0.144 +- 0.058 [min=0.009, max=0.301] m/s^2
[2026-07-10 16:06:47.558] [odom] [warning] gyro_stat wx=-0.018 +- 0.000 [min=-0.019, max=-0.015], wy=0.001 +- 0.000 [min=-0.000, max=0.002], wz=0.002 +- 0.000 [min=0.001, max=0.002] rad/s
[2026-07-10 16:06:49.573] [glim] [info] playback speed: 2.851x
[2026-07-10 16:06:49.978] [odom] [warning] IMU prediction is not good.
[2026-07-10 16:06:49.978] [odom] [warning] Possibly T_lidar_imu is not accurate or IMU bias is not well estimated.
[2026-07-10 16:06:49.978] [odom] [warning] IMU validation results:
[2026-07-10 16:06:49.978] [odom] [warning] num_validations=19328
[2026-07-10 16:06:49.978] [odom] [warning] No-IMU errors rot=0.220 +- 0.286 deg, trans=0.029 +- 0.018 m, vel=0.029 +- 0.020 m/s
[2026-07-10 16:06:49.978] [odom] [warning] IMU errors rot=0.065 +- 0.055 deg, trans=0.034 +- 0.020 m, vel=0.099 +- 0.055 m/s
[2026-07-10 16:06:49.978] [odom] [warning] IMU better ratios rot=0.85, trans=0.03, vel=0.07
[2026-07-10 16:06:49.986] [odom] [warning] IMU bias estimation seems inaccurate.
[2026-07-10 16:06:49.986] [odom] [warning] Possibly T_lidar_imu is not accurate or LiDAR-IMU synchronization is not correct.
[2026-07-10 16:06:49.986] [odom] [warning] IMU bias validation results:
[2026-07-10 16:06:49.986] [odom] [warning] num_bias_validations=19840
[2026-07-10 16:06:49.986] [odom] [warning] bias_acc=[-0.351, 0.728, 0.238] m/s^2, bias_gyro=[-0.018, 0.001, 0.002] rad/s
[2026-07-10 16:06:49.986] [odom] [warning] acc_stat ax=-0.088 +- 0.258 [min=-0.593, max=0.417], ay=0.451 +- 0.224 [min=-0.121, max=0.904], az=0.145 +- 0.058 [min=0.009, max=0.301] m/s^2
[2026-07-10 16:06:49.986] [odom] [warning] gyro_stat wx=-0.018 +- 0.000 [min=-0.019, max=-0.015], wy=0.001 +- 0.000 [min=-0.000, max=0.002], wz=0.002 +- 0.000 [min=0.001, max=0.002] rad/s
[2026-07-10 16:06:51.710] [odom] [warning] IMU prediction is not good.
[2026-07-10 16:06:51.710] [odom] [warning] Possibly T_lidar_imu is not accurate or IMU bias is not well estimated.
[2026-07-10 16:06:51.710] [odom] [warning] IMU validation results:
[2026-07-10 16:06:51.710] [odom] [warning] num_validations=19392
[2026-07-10 16:06:51.710] [odom] [warning] No-IMU errors rot=0.220 +- 0.286 deg, trans=0.029 +- 0.017 m, vel=0.029 +- 0.020 m/s
[2026-07-10 16:06:51.710] [odom] [warning] IMU errors rot=0.065 +- 0.055 deg, trans=0.034 +- 0.020 m, vel=0.099 +- 0.055 m/s
[2026-07-10 16:06:51.710] [odom] [warning] IMU better ratios rot=0.85, trans=0.03, vel=0.07
[2026-07-10 16:06:51.741] [odom] [warning] IMU bias estimation seems inaccurate.
[2026-07-10 16:06:51.741] [odom] [warning] Possibly T_lidar_imu is not accurate or LiDAR-IMU synchronization is not correct.
[2026-07-10 16:06:51.741] [odom] [warning] IMU bias validation results:
[2026-07-10 16:06:51.741] [odom] [warning] num_bias_validations=19904
[2026-07-10 16:06:51.741] [odom] [warning] bias_acc=[-0.359, 0.737, 0.241] m/s^2, bias_gyro=[-0.018, 0.001, 0.002] rad/s
[2026-07-10 16:06:51.741] [odom] [warning] acc_stat ax=-0.089 +- 0.258 [min=-0.593, max=0.417], ay=0.452 +- 0.224 [min=-0.121, max=0.904], az=0.145 +- 0.058 [min=0.009, max=0.301] m/s^2
[2026-07-10 16:06:51.741] [odom] [warning] gyro_stat wx=-0.018 +- 0.000 [min=-0.019, max=-0.015], wy=0.001 +- 0.000 [min=-0.000, max=0.002], wz=0.002 +- 0.000 [min=0.001, max=0.002] rad/s
[2026-07-10 16:06:53.795] [odom] [warning] IMU prediction is not good.
[2026-07-10 16:06:53.795] [odom] [warning] Possibly T_lidar_imu is not accurate or IMU bias is not well estimated.
[2026-07-10 16:06:53.795] [odom] [warning] IMU validation results:
[2026-07-10 16:06:53.795] [odom] [warning] num_validations=19456
[2026-07-10 16:06:53.795] [odom] [warning] No-IMU errors rot=0.219 +- 0.286 deg, trans=0.029 +- 0.017 m, vel=0.029 +- 0.020 m/s
[2026-07-10 16:06:53.795] [odom] [warning] IMU errors rot=0.065 +- 0.055 deg, trans=0.034 +- 0.020 m, vel=0.099 +- 0.055 m/s
[2026-07-10 16:06:53.795] [odom] [warning] IMU better ratios rot=0.85, trans=0.03, vel=0.07
[2026-07-10 16:06:53.811] [odom] [warning] IMU bias estimation seems inaccurate.
[2026-07-10 16:06:53.811] [odom] [warning] Possibly T_lidar_imu is not accurate or LiDAR-IMU synchronization is not correct.
[2026-07-10 16:06:53.811] [odom] [warning] IMU bias validation results:
[2026-07-10 16:06:53.811] [odom] [warning] num_bias_validations=19968
[2026-07-10 16:06:53.811] [odom] [warning] bias_acc=[-0.368, 0.746, 0.244] m/s^2, bias_gyro=[-0.018, 0.000, 0.002] rad/s
[2026-07-10 16:06:53.811] [odom] [warning] acc_stat ax=-0.090 +- 0.258 [min=-0.593, max=0.417], ay=0.453 +- 0.225 [min=-0.121, max=0.904], az=0.145 +- 0.058 [min=0.009, max=0.301] m/s^2
[2026-07-10 16:06:53.811] [odom] [warning] gyro_stat wx=-0.018 +- 0.000 [min=-0.019, max=-0.015], wy=0.001 +- 0.000 [min=-0.000, max=0.002], wz=0.002 +- 0.000 [min=0.001, max=0.002] rad/s
[2026-07-10 16:06:54.587] [glim] [info] playback speed: 3.480x
[2026-07-10 16:06:56.247] [odom] [warning] IMU prediction is not good.
[2026-07-10 16:06:56.247] [odom] [warning] Possibly T_lidar_imu is not accurate or IMU bias is not well estimated.
[2026-07-10 16:06:56.247] [odom] [warning] IMU validation results:
[2026-07-10 16:06:56.247] [odom] [warning] num_validations=19520
[2026-07-10 16:06:56.247] [odom] [warning] No-IMU errors rot=0.220 +- 0.285 deg, trans=0.029 +- 0.017 m, vel=0.029 +- 0.020 m/s
[2026-07-10 16:06:56.247] [odom] [warning] IMU errors rot=0.065 +- 0.055 deg, trans=0.034 +- 0.020 m, vel=0.099 +- 0.055 m/s
[2026-07-10 16:06:56.247] [odom] [warning] IMU better ratios rot=0.85, trans=0.03, vel=0.07
[2026-07-10 16:06:56.280] [odom] [warning] IMU bias estimation seems inaccurate.
[2026-07-10 16:06:56.280] [odom] [warning] Possibly T_lidar_imu is not accurate or LiDAR-IMU synchronization is not correct.
[2026-07-10 16:06:56.280] [odom] [warning] IMU bias validation results:
[2026-07-10 16:06:56.280] [odom] [warning] num_bias_validations=20032
[2026-07-10 16:06:56.280] [odom] [warning] bias_acc=[-0.380, 0.751, 0.248] m/s^2, bias_gyro=[-0.018, 0.001, 0.002] rad/s
[2026-07-10 16:06:56.280] [odom] [warning] acc_stat ax=-0.090 +- 0.258 [min=-0.593, max=0.417], ay=0.454 +- 0.225 [min=-0.121, max=0.904], az=0.146 +- 0.059 [min=0.009, max=0.301] m/s^2
[2026-07-10 16:06:56.280] [odom] [warning] gyro_stat wx=-0.018 +- 0.000 [min=-0.019, max=-0.015], wy=0.001 +- 0.000 [min=-0.000, max=0.002], wz=0.002 +- 0.000 [min=0.001, max=0.002] rad/s
[2026-07-10 16:06:58.900] [odom] [warning] IMU prediction is not good.
[2026-07-10 16:06:58.901] [odom] [warning] Possibly T_lidar_imu is not accurate or IMU bias is not well estimated.
[2026-07-10 16:06:58.901] [odom] [warning] IMU validation results:
[2026-07-10 16:06:58.901] [odom] [warning] num_validations=19584
[2026-07-10 16:06:58.901] [odom] [warning] No-IMU errors rot=0.219 +- 0.285 deg, trans=0.029 +- 0.017 m, vel=0.029 +- 0.020 m/s
[2026-07-10 16:06:58.901] [odom] [warning] IMU errors rot=0.065 +- 0.055 deg, trans=0.034 +- 0.020 m, vel=0.099 +- 0.055 m/s
[2026-07-10 16:06:58.901] [odom] [warning] IMU better ratios rot=0.85, trans=0.03, vel=0.07
[2026-07-10 16:06:58.957] [odom] [warning] IMU bias estimation seems inaccurate.
[2026-07-10 16:06:58.957] [odom] [warning] Possibly T_lidar_imu is not accurate or LiDAR-IMU synchronization is not correct.
[2026-07-10 16:06:58.957] [odom] [warning] IMU bias validation results:
[2026-07-10 16:06:58.957] [odom] [warning] num_bias_validations=20096
[2026-07-10 16:06:58.957] [odom] [warning] bias_acc=[-0.394, 0.754, 0.252] m/s^2, bias_gyro=[-0.018, 0.001, 0.002] rad/s
[2026-07-10 16:06:58.957] [odom] [warning] acc_stat ax=-0.091 +- 0.258 [min=-0.593, max=0.417], ay=0.455 +- 0.225 [min=-0.121, max=0.904], az=0.146 +- 0.059 [min=0.009, max=0.301] m/s^2
[2026-07-10 16:06:58.957] [odom] [warning] gyro_stat wx=-0.018 +- 0.000 [min=-0.019, max=-0.015], wy=0.001 +- 0.000 [min=-0.000, max=0.002], wz=0.002 +- 0.000 [min=0.001, max=0.002] rad/s
[2026-07-10 16:06:59.631] [glim] [info] playback speed: 2.414x
[2026-07-10 16:07:01.150] [odom] [warning] IMU prediction is not good.
[2026-07-10 16:07:01.150] [odom] [warning] Possibly T_lidar_imu is not accurate or IMU bias is not well estimated.
[2026-07-10 16:07:01.150] [odom] [warning] IMU validation results:
[2026-07-10 16:07:01.150] [odom] [warning] num_validations=19648
[2026-07-10 16:07:01.150] [odom] [warning] No-IMU errors rot=0.219 +- 0.285 deg, trans=0.029 +- 0.017 m, vel=0.029 +- 0.020 m/s
[2026-07-10 16:07:01.150] [odom] [warning] IMU errors rot=0.065 +- 0.055 deg, trans=0.034 +- 0.020 m, vel=0.099 +- 0.055 m/s
[2026-07-10 16:07:01.150] [odom] [warning] IMU better ratios rot=0.85, trans=0.03, vel=0.07
[2026-07-10 16:07:01.181] [odom] [warning] IMU bias estimation seems inaccurate.
[2026-07-10 16:07:01.181] [odom] [warning] Possibly T_lidar_imu is not accurate or LiDAR-IMU synchronization is not correct.
[2026-07-10 16:07:01.181] [odom] [warning] IMU bias validation results:
[2026-07-10 16:07:01.181] [odom] [warning] num_bias_validations=20160
[2026-07-10 16:07:01.181] [odom] [warning] bias_acc=[-0.404, 0.761, 0.256] m/s^2, bias_gyro=[-0.018, 0.000, 0.002] rad/s
[2026-07-10 16:07:01.181] [odom] [warning] acc_stat ax=-0.092 +- 0.258 [min=-0.593, max=0.417], ay=0.456 +- 0.226 [min=-0.121, max=0.904], az=0.146 +- 0.059 [min=0.009, max=0.301] m/s^2
[2026-07-10 16:07:01.181] [odom] [warning] gyro_stat wx=-0.018 +- 0.000 [min=-0.019, max=-0.015], wy=0.001 +- 0.000 [min=-0.000, max=0.002], wz=0.002 +- 0.000 [min=0.001, max=0.002] rad/s
[2026-07-10 16:07:02.835] [odom] [warning] IMU prediction is not good.
[2026-07-10 16:07:02.835] [odom] [warning] Possibly T_lidar_imu is not accurate or IMU bias is not well estimated.
[2026-07-10 16:07:02.835] [odom] [warning] IMU validation results:
[2026-07-10 16:07:02.835] [odom] [warning] num_validations=19712
[2026-07-10 16:07:02.835] [odom] [warning] No-IMU errors rot=0.219 +- 0.285 deg, trans=0.029 +- 0.017 m, vel=0.029 +- 0.020 m/s
[2026-07-10 16:07:02.835] [odom] [warning] IMU errors rot=0.065 +- 0.055 deg, trans=0.034 +- 0.020 m, vel=0.099 +- 0.055 m/s
[2026-07-10 16:07:02.835] [odom] [warning] IMU better ratios rot=0.85, trans=0.03, vel=0.07
[2026-07-10 16:07:02.844] [odom] [warning] IMU bias estimation seems inaccurate.
[2026-07-10 16:07:02.844] [odom] [warning] Possibly T_lidar_imu is not accurate or LiDAR-IMU synchronization is not correct.
[2026-07-10 16:07:02.844] [odom] [warning] IMU bias validation results:
[2026-07-10 16:07:02.844] [odom] [warning] num_bias_validations=20224
[2026-07-10 16:07:02.844] [odom] [warning] bias_acc=[-0.411, 0.770, 0.259] m/s^2, bias_gyro=[-0.018, 0.001, 0.002] rad/s
[2026-07-10 16:07:02.844] [odom] [warning] acc_stat ax=-0.093 +- 0.259 [min=-0.593, max=0.417], ay=0.457 +- 0.226 [min=-0.121, max=0.904], az=0.147 +- 0.059 [min=0.009, max=0.301] m/s^2
[2026-07-10 16:07:02.844] [odom] [warning] gyro_stat wx=-0.018 +- 0.000 [min=-0.019, max=-0.015], wy=0.001 +- 0.000 [min=-0.000, max=0.002], wz=0.002 +- 0.000 [min=0.001, max=0.002] rad/s
[2026-07-10 16:07:04.631] [glim] [info] playback speed: 3.425x
[2026-07-10 16:07:05.179] [odom] [warning] IMU prediction is not good.
[2026-07-10 16:07:05.179] [odom] [warning] Possibly T_lidar_imu is not accurate or IMU bias is not well estimated.
[2026-07-10 16:07:05.179] [odom] [warning] IMU validation results:
[2026-07-10 16:07:05.179] [odom] [warning] num_validations=19776
[2026-07-10 16:07:05.179] [odom] [warning] No-IMU errors rot=0.219 +- 0.285 deg, trans=0.029 +- 0.017 m, vel=0.029 +- 0.020 m/s
[2026-07-10 16:07:05.179] [odom] [warning] IMU errors rot=0.065 +- 0.055 deg, trans=0.034 +- 0.020 m, vel=0.099 +- 0.054 m/s
[2026-07-10 16:07:05.179] [odom] [warning] IMU better ratios rot=0.85, trans=0.03, vel=0.07
[2026-07-10 16:07:05.186] [odom] [warning] IMU bias estimation seems inaccurate.
[2026-07-10 16:07:05.186] [odom] [warning] Possibly T_lidar_imu is not accurate or LiDAR-IMU synchronization is not correct.
[2026-07-10 16:07:05.186] [odom] [warning] IMU bias validation results:
[2026-07-10 16:07:05.186] [odom] [warning] num_bias_validations=20288
[2026-07-10 16:07:05.186] [odom] [warning] bias_acc=[-0.417, 0.779, 0.262] m/s^2, bias_gyro=[-0.018, 0.001, 0.002] rad/s
[2026-07-10 16:07:05.186] [odom] [warning] acc_stat ax=-0.094 +- 0.259 [min=-0.593, max=0.417], ay=0.458 +- 0.226 [min=-0.121, max=0.904], az=0.147 +- 0.060 [min=0.009, max=0.301] m/s^2
[2026-07-10 16:07:05.186] [odom] [warning] gyro_stat wx=-0.018 +- 0.000 [min=-0.019, max=-0.015], wy=0.001 +- 0.000 [min=-0.000, max=0.002], wz=0.002 +- 0.000 [min=0.001, max=0.002] rad/s
[2026-07-10 16:07:07.453] [odom] [warning] IMU prediction is not good.
[2026-07-10 16:07:07.453] [odom] [warning] Possibly T_lidar_imu is not accurate or IMU bias is not well estimated.
[2026-07-10 16:07:07.453] [odom] [warning] IMU validation results:
[2026-07-10 16:07:07.453] [odom] [warning] num_validations=19840
[2026-07-10 16:07:07.453] [odom] [warning] No-IMU errors rot=0.219 +- 0.285 deg, trans=0.029 +- 0.017 m, vel=0.029 +- 0.020 m/s
[2026-07-10 16:07:07.453] [odom] [warning] IMU errors rot=0.065 +- 0.055 deg, trans=0.034 +- 0.020 m, vel=0.099 +- 0.054 m/s
[2026-07-10 16:07:07.453] [odom] [warning] IMU better ratios rot=0.85, trans=0.03, vel=0.07
[2026-07-10 16:07:07.462] [odom] [warning] IMU bias estimation seems inaccurate.
[2026-07-10 16:07:07.462] [odom] [warning] Possibly T_lidar_imu is not accurate or LiDAR-IMU synchronization is not correct.
[2026-07-10 16:07:07.462] [odom] [warning] IMU bias validation results:
[2026-07-10 16:07:07.462] [odom] [warning] num_bias_validations=20352
[2026-07-10 16:07:07.462] [odom] [warning] bias_acc=[-0.429, 0.781, 0.265] m/s^2, bias_gyro=[-0.018, 0.001, 0.002] rad/s
[2026-07-10 16:07:07.462] [odom] [warning] acc_stat ax=-0.095 +- 0.259 [min=-0.593, max=0.417], ay=0.459 +- 0.227 [min=-0.121, max=0.904], az=0.147 +- 0.060 [min=0.009, max=0.301] m/s^2
[2026-07-10 16:07:07.462] [odom] [warning] gyro_stat wx=-0.018 +- 0.000 [min=-0.019, max=-0.015], wy=0.001 +- 0.000 [min=-0.000, max=0.002], wz=0.002 +- 0.000 [min=0.001, max=0.002] rad/s
[2026-07-10 16:07:09.142] [odom] [warning] IMU prediction is not good.
[2026-07-10 16:07:09.142] [odom] [warning] Possibly T_lidar_imu is not accurate or IMU bias is not well estimated.
[2026-07-10 16:07:09.142] [odom] [warning] IMU validation results:
[2026-07-10 16:07:09.142] [odom] [warning] num_validations=19904
[2026-07-10 16:07:09.142] [odom] [warning] No-IMU errors rot=0.219 +- 0.285 deg, trans=0.029 +- 0.017 m, vel=0.029 +- 0.020 m/s
[2026-07-10 16:07:09.142] [odom] [warning] IMU errors rot=0.065 +- 0.055 deg, trans=0.034 +- 0.020 m, vel=0.099 +- 0.054 m/s
[2026-07-10 16:07:09.142] [odom] [warning] IMU better ratios rot=0.85, trans=0.03, vel=0.07
[2026-07-10 16:07:09.199] [odom] [warning] IMU bias estimation seems inaccurate.
[2026-07-10 16:07:09.199] [odom] [warning] Possibly T_lidar_imu is not accurate or LiDAR-IMU synchronization is not correct.
[2026-07-10 16:07:09.199] [odom] [warning] IMU bias validation results:
[2026-07-10 16:07:09.199] [odom] [warning] num_bias_validations=20416
[2026-07-10 16:07:09.199] [odom] [warning] bias_acc=[-0.440, 0.784, 0.268] m/s^2, bias_gyro=[-0.018, 0.001, 0.002] rad/s
[2026-07-10 16:07:09.199] [odom] [warning] acc_stat ax=-0.097 +- 0.259 [min=-0.593, max=0.417], ay=0.460 +- 0.227 [min=-0.121, max=0.904], az=0.148 +- 0.060 [min=0.009, max=0.301] m/s^2
[2026-07-10 16:07:09.199] [odom] [warning] gyro_stat wx=-0.018 +- 0.000 [min=-0.019, max=-0.015], wy=0.001 +- 0.000 [min=-0.000, max=0.002], wz=0.002 +- 0.000 [min=0.001, max=0.002] rad/s
[2026-07-10 16:07:09.653] [glim] [info] playback speed: 3.013x
[2026-07-10 16:07:10.843] [odom] [warning] IMU prediction is not good.
[2026-07-10 16:07:10.843] [odom] [warning] Possibly T_lidar_imu is not accurate or IMU bias is not well estimated.
[2026-07-10 16:07:10.843] [odom] [warning] IMU validation results:
[2026-07-10 16:07:10.843] [odom] [warning] num_validations=19968
[2026-07-10 16:07:10.843] [odom] [warning] No-IMU errors rot=0.219 +- 0.284 deg, trans=0.029 +- 0.017 m, vel=0.029 +- 0.020 m/s
[2026-07-10 16:07:10.843] [odom] [warning] IMU errors rot=0.065 +- 0.055 deg, trans=0.034 +- 0.020 m, vel=0.099 +- 0.054 m/s
[2026-07-10 16:07:10.843] [odom] [warning] IMU better ratios rot=0.85, trans=0.03, vel=0.07
[2026-07-10 16:07:10.878] [odom] [warning] IMU bias estimation seems inaccurate.
[2026-07-10 16:07:10.878] [odom] [warning] Possibly T_lidar_imu is not accurate or LiDAR-IMU synchronization is not correct.
[2026-07-10 16:07:10.878] [odom] [warning] IMU bias validation results:
[2026-07-10 16:07:10.878] [odom] [warning] num_bias_validations=20480
[2026-07-10 16:07:10.878] [odom] [warning] bias_acc=[-0.451, 0.786, 0.270] m/s^2, bias_gyro=[-0.018, 0.001, 0.002] rad/s
[2026-07-10 16:07:10.878] [odom] [warning] acc_stat ax=-0.098 +- 0.260 [min=-0.593, max=0.417], ay=0.461 +- 0.227 [min=-0.121, max=0.904], az=0.148 +- 0.060 [min=0.009, max=0.301] m/s^2
[2026-07-10 16:07:10.878] [odom] [warning] gyro_stat wx=-0.018 +- 0.000 [min=-0.019, max=-0.015], wy=0.001 +- 0.000 [min=-0.000, max=0.002], wz=0.002 +- 0.000 [min=0.001, max=0.002] rad/s
[2026-07-10 16:07:13.808] [odom] [warning] IMU prediction is not good.
[2026-07-10 16:07:13.808] [odom] [warning] Possibly T_lidar_imu is not accurate or IMU bias is not well estimated.
[2026-07-10 16:07:13.808] [odom] [warning] IMU validation results:
[2026-07-10 16:07:13.808] [odom] [warning] num_validations=20032
[2026-07-10 16:07:13.808] [odom] [warning] No-IMU errors rot=0.218 +- 0.284 deg, trans=0.029 +- 0.017 m, vel=0.029 +- 0.020 m/s
[2026-07-10 16:07:13.808] [odom] [warning] IMU errors rot=0.065 +- 0.054 deg, trans=0.034 +- 0.020 m, vel=0.099 +- 0.054 m/s
[2026-07-10 16:07:13.808] [odom] [warning] IMU better ratios rot=0.85, trans=0.03, vel=0.07
[2026-07-10 16:07:13.862] [odom] [warning] IMU bias estimation seems inaccurate.
[2026-07-10 16:07:13.862] [odom] [warning] Possibly T_lidar_imu is not accurate or LiDAR-IMU synchronization is not correct.
[2026-07-10 16:07:13.862] [odom] [warning] IMU bias validation results:
[2026-07-10 16:07:13.862] [odom] [warning] num_bias_validations=20544
[2026-07-10 16:07:13.862] [odom] [warning] bias_acc=[-0.467, 0.785, 0.274] m/s^2, bias_gyro=[-0.018, 0.001, 0.002] rad/s
[2026-07-10 16:07:13.862] [odom] [warning] acc_stat ax=-0.099 +- 0.260 [min=-0.593, max=0.417], ay=0.462 +- 0.228 [min=-0.121, max=0.904], az=0.148 +- 0.061 [min=0.009, max=0.301] m/s^2
[2026-07-10 16:07:13.862] [odom] [warning] gyro_stat wx=-0.018 +- 0.000 [min=-0.019, max=-0.015], wy=0.001 +- 0.000 [min=-0.000, max=0.002], wz=0.002 +- 0.000 [min=0.001, max=0.002] rad/s
[2026-07-10 16:07:14.701] [glim] [info] playback speed: 2.713x
[2026-07-10 16:07:16.671] [odom] [warning] IMU prediction is not good.
[2026-07-10 16:07:16.671] [odom] [warning] Possibly T_lidar_imu is not accurate or IMU bias is not well estimated.
[2026-07-10 16:07:16.671] [odom] [warning] IMU validation results:
[2026-07-10 16:07:16.671] [odom] [warning] num_validations=20096
[2026-07-10 16:07:16.671] [odom] [warning] No-IMU errors rot=0.218 +- 0.284 deg, trans=0.029 +- 0.017 m, vel=0.029 +- 0.020 m/s
[2026-07-10 16:07:16.671] [odom] [warning] IMU errors rot=0.065 +- 0.054 deg, trans=0.034 +- 0.020 m, vel=0.099 +- 0.054 m/s
[2026-07-10 16:07:16.671] [odom] [warning] IMU better ratios rot=0.85, trans=0.03, vel=0.07
[2026-07-10 16:07:16.726] [odom] [warning] IMU bias estimation seems inaccurate.
[2026-07-10 16:07:16.726] [odom] [warning] Possibly T_lidar_imu is not accurate or LiDAR-IMU synchronization is not correct.
[2026-07-10 16:07:16.726] [odom] [warning] IMU bias validation results:
[2026-07-10 16:07:16.726] [odom] [warning] num_bias_validations=20608
[2026-07-10 16:07:16.726] [odom] [warning] bias_acc=[-0.483, 0.786, 0.277] m/s^2, bias_gyro=[-0.018, 0.001, 0.002] rad/s
[2026-07-10 16:07:16.726] [odom] [warning] acc_stat ax=-0.100 +- 0.261 [min=-0.593, max=0.417], ay=0.463 +- 0.228 [min=-0.121, max=0.904], az=0.149 +- 0.061 [min=0.009, max=0.301] m/s^2
[2026-07-10 16:07:16.726] [odom] [warning] gyro_stat wx=-0.018 +- 0.000 [min=-0.019, max=-0.015], wy=0.001 +- 0.000 [min=-0.000, max=0.002], wz=0.002 +- 0.000 [min=0.001, max=0.002] rad/s
[2026-07-10 16:07:19.544] [odom] [warning] IMU prediction is not good.
[2026-07-10 16:07:19.544] [odom] [warning] Possibly T_lidar_imu is not accurate or IMU bias is not well estimated.
[2026-07-10 16:07:19.544] [odom] [warning] IMU validation results:
[2026-07-10 16:07:19.544] [odom] [warning] num_validations=20160
[2026-07-10 16:07:19.544] [odom] [warning] No-IMU errors rot=0.219 +- 0.283 deg, trans=0.029 +- 0.017 m, vel=0.029 +- 0.020 m/s
[2026-07-10 16:07:19.544] [odom] [warning] IMU errors rot=0.065 +- 0.054 deg, trans=0.034 +- 0.020 m, vel=0.099 +- 0.054 m/s
[2026-07-10 16:07:19.544] [odom] [warning] IMU better ratios rot=0.85, trans=0.03, vel=0.07
[2026-07-10 16:07:19.602] [odom] [warning] IMU bias estimation seems inaccurate.
[2026-07-10 16:07:19.602] [odom] [warning] Possibly T_lidar_imu is not accurate or LiDAR-IMU synchronization is not correct.
[2026-07-10 16:07:19.602] [odom] [warning] IMU bias validation results:
[2026-07-10 16:07:19.602] [odom] [warning] num_bias_validations=20672
[2026-07-10 16:07:19.602] [odom] [warning] bias_acc=[-0.490, 0.794, 0.280] m/s^2, bias_gyro=[-0.019, 0.001, 0.002] rad/s
[2026-07-10 16:07:19.602] [odom] [warning] acc_stat ax=-0.101 +- 0.261 [min=-0.593, max=0.417], ay=0.464 +- 0.228 [min=-0.121, max=0.904], az=0.149 +- 0.061 [min=0.009, max=0.301] m/s^2
[2026-07-10 16:07:19.602] [odom] [warning] gyro_stat wx=-0.018 +- 0.000 [min=-0.019, max=-0.015], wy=0.001 +- 0.000 [min=-0.000, max=0.002], wz=0.002 +- 0.000 [min=0.001, max=0.002] rad/s
[2026-07-10 16:07:19.753] [glim] [info] playback speed: 2.329x
[2026-07-10 16:07:23.421] [odom] [warning] IMU prediction is not good.
[2026-07-10 16:07:23.421] [odom] [warning] Possibly T_lidar_imu is not accurate or IMU bias is not well estimated.
[2026-07-10 16:07:23.421] [odom] [warning] IMU validation results:
[2026-07-10 16:07:23.421] [odom] [warning] num_validations=20224
[2026-07-10 16:07:23.421] [odom] [warning] No-IMU errors rot=0.220 +- 0.285 deg, trans=0.029 +- 0.017 m, vel=0.029 +- 0.020 m/s
[2026-07-10 16:07:23.421] [odom] [warning] IMU errors rot=0.065 +- 0.054 deg, trans=0.034 +- 0.020 m, vel=0.100 +- 0.054 m/s
[2026-07-10 16:07:23.421] [odom] [warning] IMU better ratios rot=0.85, trans=0.03, vel=0.07
[2026-07-10 16:07:23.585] [odom] [warning] IMU bias estimation seems inaccurate.
[2026-07-10 16:07:23.585] [odom] [warning] Possibly T_lidar_imu is not accurate or LiDAR-IMU synchronization is not correct.
[2026-07-10 16:07:23.585] [odom] [warning] IMU bias validation results:
[2026-07-10 16:07:23.585] [odom] [warning] num_bias_validations=20736
[2026-07-10 16:07:23.585] [odom] [warning] bias_acc=[-0.479, 0.807, 0.280] m/s^2, bias_gyro=[-0.019, 0.000, 0.002] rad/s
[2026-07-10 16:07:23.585] [odom] [warning] acc_stat ax=-0.102 +- 0.262 [min=-0.593, max=0.417], ay=0.465 +- 0.229 [min=-0.121, max=0.904], az=0.150 +- 0.062 [min=0.009, max=0.301] m/s^2
[2026-07-10 16:07:23.585] [odom] [warning] gyro_stat wx=-0.018 +- 0.000 [min=-0.019, max=-0.015], wy=0.001 +- 0.000 [min=-0.000, max=0.002], wz=0.002 +- 0.000 [min=0.001, max=0.002] rad/s
[2026-07-10 16:07:24.783] [glim] [info] playback speed: 1.674x
[2026-07-10 16:07:25.865] [odom] [warning] IMU prediction is not good.
[2026-07-10 16:07:25.865] [odom] [warning] Possibly T_lidar_imu is not accurate or IMU bias is not well estimated.
[2026-07-10 16:07:25.865] [odom] [warning] IMU validation results:
[2026-07-10 16:07:25.865] [odom] [warning] num_validations=20288
[2026-07-10 16:07:25.865] [odom] [warning] No-IMU errors rot=0.221 +- 0.285 deg, trans=0.029 +- 0.017 m, vel=0.029 +- 0.020 m/s
[2026-07-10 16:07:25.865] [odom] [warning] IMU errors rot=0.065 +- 0.054 deg, trans=0.034 +- 0.020 m, vel=0.100 +- 0.054 m/s
[2026-07-10 16:07:25.865] [odom] [warning] IMU better ratios rot=0.85, trans=0.03, vel=0.07
[2026-07-10 16:07:25.875] [odom] [warning] IMU bias estimation seems inaccurate.
[2026-07-10 16:07:25.875] [odom] [warning] Possibly T_lidar_imu is not accurate or LiDAR-IMU synchronization is not correct.
[2026-07-10 16:07:25.875] [odom] [warning] IMU bias validation results:
[2026-07-10 16:07:25.875] [odom] [warning] num_bias_validations=20800
[2026-07-10 16:07:25.875] [odom] [warning] bias_acc=[-0.442, 0.812, 0.276] m/s^2, bias_gyro=[-0.019, 0.000, 0.002] rad/s
[2026-07-10 16:07:25.875] [odom] [warning] acc_stat ax=-0.103 +- 0.262 [min=-0.593, max=0.417], ay=0.466 +- 0.229 [min=-0.121, max=0.904], az=0.150 +- 0.062 [min=0.009, max=0.301] m/s^2
[2026-07-10 16:07:25.875] [odom] [warning] gyro_stat wx=-0.018 +- 0.000 [min=-0.019, max=-0.015], wy=0.001 +- 0.000 [min=-0.000, max=0.002], wz=0.002 +- 0.000 [min=0.001, max=0.002] rad/s
[2026-07-10 16:07:28.860] [odom] [warning] IMU prediction is not good.
[2026-07-10 16:07:28.860] [odom] [warning] Possibly T_lidar_imu is not accurate or IMU bias is not well estimated.
[2026-07-10 16:07:28.860] [odom] [warning] IMU validation results:
[2026-07-10 16:07:28.860] [odom] [warning] num_validations=20352
[2026-07-10 16:07:28.860] [odom] [warning] No-IMU errors rot=0.222 +- 0.286 deg, trans=0.030 +- 0.017 m, vel=0.029 +- 0.020 m/s
[2026-07-10 16:07:28.860] [odom] [warning] IMU errors rot=0.065 +- 0.054 deg, trans=0.034 +- 0.020 m, vel=0.100 +- 0.054 m/s
[2026-07-10 16:07:28.860] [odom] [warning] IMU better ratios rot=0.85, trans=0.03, vel=0.07
[2026-07-10 16:07:28.918] [odom] [warning] IMU bias estimation seems inaccurate.
[2026-07-10 16:07:28.918] [odom] [warning] Possibly T_lidar_imu is not accurate or LiDAR-IMU synchronization is not correct.
[2026-07-10 16:07:28.918] [odom] [warning] IMU bias validation results:
[2026-07-10 16:07:28.918] [odom] [warning] num_bias_validations=20864
[2026-07-10 16:07:28.918] [odom] [warning] bias_acc=[-0.414, 0.819, 0.274] m/s^2, bias_gyro=[-0.018, 0.001, 0.002] rad/s
[2026-07-10 16:07:28.918] [odom] [warning] acc_stat ax=-0.104 +- 0.262 [min=-0.593, max=0.417], ay=0.467 +- 0.230 [min=-0.121, max=0.904], az=0.150 +- 0.062 [min=0.009, max=0.301] m/s^2
[2026-07-10 16:07:28.918] [odom] [warning] gyro_stat wx=-0.018 +- 0.000 [min=-0.019, max=-0.015], wy=0.001 +- 0.000 [min=-0.000, max=0.002], wz=0.002 +- 0.000 [min=0.001, max=0.002] rad/s
[2026-07-10 16:07:29.835] [glim] [info] playback speed: 2.470x
[2026-07-10 16:07:31.978] [odom] [warning] IMU prediction is not good.
[2026-07-10 16:07:31.978] [odom] [warning] Possibly T_lidar_imu is not accurate or IMU bias is not well estimated.
[2026-07-10 16:07:31.978] [odom] [warning] IMU validation results:
[2026-07-10 16:07:31.978] [odom] [warning] num_validations=20416
[2026-07-10 16:07:31.978] [odom] [warning] No-IMU errors rot=0.223 +- 0.288 deg, trans=0.030 +- 0.017 m, vel=0.029 +- 0.020 m/s
[2026-07-10 16:07:31.978] [odom] [warning] IMU errors rot=0.065 +- 0.054 deg, trans=0.034 +- 0.020 m, vel=0.100 +- 0.054 m/s
[2026-07-10 16:07:31.978] [odom] [warning] IMU better ratios rot=0.85, trans=0.03, vel=0.07
[2026-07-10 16:07:32.006] [odom] [warning] IMU bias estimation seems inaccurate.
[2026-07-10 16:07:32.006] [odom] [warning] Possibly T_lidar_imu is not accurate or LiDAR-IMU synchronization is not correct.
[2026-07-10 16:07:32.006] [odom] [warning] IMU bias validation results:
[2026-07-10 16:07:32.006] [odom] [warning] num_bias_validations=20928
[2026-07-10 16:07:32.006] [odom] [warning] bias_acc=[-0.385, 0.827, 0.270] m/s^2, bias_gyro=[-0.018, 0.000, 0.002] rad/s
[2026-07-10 16:07:32.006] [odom] [warning] acc_stat ax=-0.105 +- 0.262 [min=-0.593, max=0.417], ay=0.469 +- 0.230 [min=-0.121, max=0.904], az=0.151 +- 0.063 [min=0.009, max=0.301] m/s^2
[2026-07-10 16:07:32.006] [odom] [warning] gyro_stat wx=-0.018 +- 0.000 [min=-0.019, max=-0.015], wy=0.001 +- 0.000 [min=-0.000, max=0.002], wz=0.002 +- 0.000 [min=0.001, max=0.002] rad/s
[2026-07-10 16:07:34.082] [odom] [warning] IMU prediction is not good.
[2026-07-10 16:07:34.082] [odom] [warning] Possibly T_lidar_imu is not accurate or IMU bias is not well estimated.
[2026-07-10 16:07:34.082] [odom] [warning] IMU validation results:
[2026-07-10 16:07:34.082] [odom] [warning] num_validations=20480
[2026-07-10 16:07:34.082] [odom] [warning] No-IMU errors rot=0.222 +- 0.288 deg, trans=0.030 +- 0.017 m, vel=0.029 +- 0.020 m/s
[2026-07-10 16:07:34.082] [odom] [warning] IMU errors rot=0.064 +- 0.054 deg, trans=0.034 +- 0.020 m, vel=0.100 +- 0.054 m/s
[2026-07-10 16:07:34.082] [odom] [warning] IMU better ratios rot=0.85, trans=0.03, vel=0.07
[2026-07-10 16:07:34.139] [odom] [warning] IMU bias estimation seems inaccurate.
[2026-07-10 16:07:34.139] [odom] [warning] Possibly T_lidar_imu is not accurate or LiDAR-IMU synchronization is not correct.
[2026-07-10 16:07:34.139] [odom] [warning] IMU bias validation results:
[2026-07-10 16:07:34.139] [odom] [warning] num_bias_validations=20992
[2026-07-10 16:07:34.139] [odom] [warning] bias_acc=[-0.349, 0.828, 0.265] m/s^2, bias_gyro=[-0.018, 0.000, 0.002] rad/s
[2026-07-10 16:07:34.139] [odom] [warning] acc_stat ax=-0.106 +- 0.262 [min=-0.593, max=0.417], ay=0.470 +- 0.231 [min=-0.121, max=0.904], az=0.151 +- 0.063 [min=0.009, max=0.301] m/s^2
[2026-07-10 16:07:34.139] [odom] [warning] gyro_stat wx=-0.018 +- 0.000 [min=-0.019, max=-0.015], wy=0.001 +- 0.000 [min=-0.000, max=0.002], wz=0.002 +- 0.000 [min=0.001, max=0.002] rad/s
[2026-07-10 16:07:34.864] [glim] [info] playback speed: 2.502x
[2026-07-10 16:07:37.892] [odom] [warning] IMU prediction is not good.
[2026-07-10 16:07:37.892] [odom] [warning] Possibly T_lidar_imu is not accurate or IMU bias is not well estimated.
[2026-07-10 16:07:37.892] [odom] [warning] IMU validation results:
[2026-07-10 16:07:37.892] [odom] [warning] num_validations=20544
[2026-07-10 16:07:37.892] [odom] [warning] No-IMU errors rot=0.221 +- 0.288 deg, trans=0.030 +- 0.017 m, vel=0.029 +- 0.020 m/s
[2026-07-10 16:07:37.892] [odom] [warning] IMU errors rot=0.064 +- 0.054 deg, trans=0.034 +- 0.020 m, vel=0.101 +- 0.054 m/s
[2026-07-10 16:07:37.892] [odom] [warning] IMU better ratios rot=0.85, trans=0.03, vel=0.07
[2026-07-10 16:07:37.951] [odom] [warning] IMU bias estimation seems inaccurate.
[2026-07-10 16:07:37.951] [odom] [warning] Possibly T_lidar_imu is not accurate or LiDAR-IMU synchronization is not correct.
[2026-07-10 16:07:37.951] [odom] [warning] IMU bias validation results:
[2026-07-10 16:07:37.951] [odom] [warning] num_bias_validations=21056
[2026-07-10 16:07:37.951] [odom] [warning] bias_acc=[-0.313, 0.829, 0.259] m/s^2, bias_gyro=[-0.018, 0.000, 0.002] rad/s
[2026-07-10 16:07:37.951] [odom] [warning] acc_stat ax=-0.107 +- 0.262 [min=-0.593, max=0.417], ay=0.471 +- 0.231 [min=-0.121, max=0.904], az=0.151 +- 0.063 [min=0.009, max=0.301] m/s^2
[2026-07-10 16:07:37.951] [odom] [warning] gyro_stat wx=-0.018 +- 0.000 [min=-0.019, max=-0.015], wy=0.001 +- 0.000 [min=-0.000, max=0.002], wz=0.002 +- 0.000 [min=0.001, max=0.002] rad/s
[2026-07-10 16:07:39.904] [glim] [info] playback speed: 1.711x
[2026-07-10 16:07:41.684] [odom] [warning] IMU prediction is not good.
[2026-07-10 16:07:41.684] [odom] [warning] Possibly T_lidar_imu is not accurate or IMU bias is not well estimated.
[2026-07-10 16:07:41.684] [odom] [warning] IMU validation results:
[2026-07-10 16:07:41.684] [odom] [warning] num_validations=20608
[2026-07-10 16:07:41.684] [odom] [warning] No-IMU errors rot=0.221 +- 0.287 deg, trans=0.030 +- 0.017 m, vel=0.029 +- 0.020 m/s
[2026-07-10 16:07:41.684] [odom] [warning] IMU errors rot=0.064 +- 0.054 deg, trans=0.034 +- 0.020 m, vel=0.101 +- 0.054 m/s
[2026-07-10 16:07:41.684] [odom] [warning] IMU better ratios rot=0.85, trans=0.03, vel=0.07
[2026-07-10 16:07:41.745] [odom] [warning] IMU bias estimation seems inaccurate.
[2026-07-10 16:07:41.745] [odom] [warning] Possibly T_lidar_imu is not accurate or LiDAR-IMU synchronization is not correct.
[2026-07-10 16:07:41.745] [odom] [warning] IMU bias validation results:
[2026-07-10 16:07:41.745] [odom] [warning] num_bias_validations=21120
[2026-07-10 16:07:41.745] [odom] [warning] bias_acc=[-0.279, 0.831, 0.254] m/s^2, bias_gyro=[-0.018, 0.000, 0.002] rad/s
[2026-07-10 16:07:41.745] [odom] [warning] acc_stat ax=-0.107 +- 0.262 [min=-0.593, max=0.417], ay=0.472 +- 0.232 [min=-0.121, max=0.904], az=0.152 +- 0.063 [min=0.009, max=0.301] m/s^2
[2026-07-10 16:07:41.745] [odom] [warning] gyro_stat wx=-0.018 +- 0.000 [min=-0.019, max=-0.015], wy=0.001 +- 0.000 [min=-0.000, max=0.002], wz=0.002 +- 0.000 [min=0.001, max=0.002] rad/s
[2026-07-10 16:07:44.942] [glim] [info] playback speed: 1.711x
[2026-07-10 16:07:45.477] [odom] [warning] IMU prediction is not good.
[2026-07-10 16:07:45.477] [odom] [warning] Possibly T_lidar_imu is not accurate or IMU bias is not well estimated.
[2026-07-10 16:07:45.477] [odom] [warning] IMU validation results:
[2026-07-10 16:07:45.477] [odom] [warning] num_validations=20672
[2026-07-10 16:07:45.477] [odom] [warning] No-IMU errors rot=0.220 +- 0.287 deg, trans=0.030 +- 0.017 m, vel=0.029 +- 0.020 m/s
[2026-07-10 16:07:45.477] [odom] [warning] IMU errors rot=0.064 +- 0.054 deg, trans=0.034 +- 0.020 m, vel=0.101 +- 0.054 m/s
[2026-07-10 16:07:45.477] [odom] [warning] IMU better ratios rot=0.85, trans=0.03, vel=0.07
[2026-07-10 16:07:45.535] [odom] [warning] IMU bias estimation seems inaccurate.
[2026-07-10 16:07:45.536] [odom] [warning] Possibly T_lidar_imu is not accurate or LiDAR-IMU synchronization is not correct.
[2026-07-10 16:07:45.536] [odom] [warning] IMU bias validation results:
[2026-07-10 16:07:45.536] [odom] [warning] num_bias_validations=21184
[2026-07-10 16:07:45.536] [odom] [warning] bias_acc=[-0.246, 0.832, 0.250] m/s^2, bias_gyro=[-0.018, 0.000, 0.002] rad/s
[2026-07-10 16:07:45.536] [odom] [warning] acc_stat ax=-0.108 +- 0.261 [min=-0.593, max=0.417], ay=0.473 +- 0.232 [min=-0.121, max=0.904], az=0.152 +- 0.063 [min=0.009, max=0.301] m/s^2
[2026-07-10 16:07:45.536] [odom] [warning] gyro_stat wx=-0.018 +- 0.000 [min=-0.019, max=-0.015], wy=0.001 +- 0.000 [min=-0.000, max=0.002], wz=0.002 +- 0.000 [min=0.001, max=0.002] rad/s
[2026-07-10 16:07:49.218] [odom] [warning] IMU prediction is not good.
[2026-07-10 16:07:49.218] [odom] [warning] Possibly T_lidar_imu is not accurate or IMU bias is not well estimated.
[2026-07-10 16:07:49.218] [odom] [warning] IMU validation results:
[2026-07-10 16:07:49.218] [odom] [warning] num_validations=20736
[2026-07-10 16:07:49.218] [odom] [warning] No-IMU errors rot=0.219 +- 0.287 deg, trans=0.030 +- 0.017 m, vel=0.028 +- 0.020 m/s
[2026-07-10 16:07:49.218] [odom] [warning] IMU errors rot=0.064 +- 0.054 deg, trans=0.035 +- 0.020 m, vel=0.101 +- 0.054 m/s
[2026-07-10 16:07:49.218] [odom] [warning] IMU better ratios rot=0.85, trans=0.03, vel=0.07
[2026-07-10 16:07:49.276] [odom] [warning] IMU bias estimation seems inaccurate.
[2026-07-10 16:07:49.276] [odom] [warning] Possibly T_lidar_imu is not accurate or LiDAR-IMU synchronization is not correct.
[2026-07-10 16:07:49.276] [odom] [warning] IMU bias validation results:
[2026-07-10 16:07:49.276] [odom] [warning] num_bias_validations=21248
[2026-07-10 16:07:49.276] [odom] [warning] bias_acc=[-0.214, 0.833, 0.245] m/s^2, bias_gyro=[-0.018, 0.000, 0.002] rad/s
[2026-07-10 16:07:49.276] [odom] [warning] acc_stat ax=-0.108 +- 0.261 [min=-0.593, max=0.417], ay=0.474 +- 0.233 [min=-0.121, max=0.904], az=0.152 +- 0.063 [min=0.009, max=0.301] m/s^2
[2026-07-10 16:07:49.276] [odom] [warning] gyro_stat wx=-0.018 +- 0.000 [min=-0.019, max=-0.015], wy=0.001 +- 0.000 [min=-0.000, max=0.002], wz=0.002 +- 0.000 [min=0.001, max=0.002] rad/s
[2026-07-10 16:07:49.967] [glim] [info] playback speed: 1.736x
[2026-07-10 16:07:51.537] [glim] [info] waiting for odometry estimation
[2026-07-10 16:07:52.297] [glim] [info] waiting for local mapping
[2026-07-10 16:07:52.334] [glim] [info] waiting for global mapping
[2026-07-10 16:07:52.825] [global] [info] saving to /home/systemlab/whill_lab0_ros2/docs/m5r-bench-data/2026-07-10-campus-outer-final/glim-out-audit-tli/...
[2026-07-10 16:07:53.209] [global] [info] serializing factor graph to /home/systemlab/whill_lab0_ros2/docs/m5r-bench-data/2026-07-10-campus-outer-final/glim-out-audit-tli//graph.bin
[2026-07-10 16:07:55.599] [global] [info] saving config
[2026-07-10 16:07:55.600] [global] [info] saved
real 691.79
user 1447.15
sys 29.39
==> GLIM end 2026-07-10T07:07:56Z
